id,GLOBAL_SCORE
EK202310003556,123.6600382734972
EK202310170625,156.52559653627512
EK202310167359,149.96778583356206
EK202310118370,132.6791493672474
EK202320006361,160.2494949145871
EK202310003542,137.487747241264
EK202310125266,145.38005176051476
EK202310144740,137.46354472212965
EK202310137443,143.34109812406672
EK202310159067,154.81586700840657
EK202310245067,132.53965638870886
EK202310240556,129.6620829092243
EK202310166743,146.19545558778074
EK202310247454,123.12008690999406
EK202310215702,149.49910638116685
EK202310142190,153.8999780742819
EK202310205417,131.0082693355523
EK202310119601,137.5215924269756
EK202310190356,127.18484989709442
EK202310158758,136.91087599649882
EK202310145496,124.12835286503481
EK202310164763,142.25442801249488
EK202310200188,132.85187268653
EK202310238803,153.24732489328838
EK202320005607,166.11411133624472
EK202310225681,142.37866031163
EK202310127174,131.2671641391849
EK202310204317,146.08996408908092
EK202310179355,134.4728956473249
EK202310176524,156.09506411645103
EK202310237228,136.73829066584625
EK202310172549,160.4902662476828
EK202310168863,138.5515168597358
EK202310185904,154.1085071897895
EK202310133615,159.39099937865967
EK202310122063,130.6280594138292
EK202310121770,138.87568591023273
EK202310125590,131.84636780817414
EK202310172269,133.3069991795375
EK202310147894,132.65826574926726
EK202310137986,139.84295314834682
EK202310150838,135.9395485631211
EK202310104915,135.8818368299584
EK202310170090,130.50754283902302
EK202310165637,135.42607129137153
EK202310134467,131.99336755158552
EK202310182637,154.0812408186568
EK202310112116,146.0331044993941
EK202310241220,147.21257981831403
EK202310103801,145.03826077884455
EK202310177448,123.78354086181636
EK202310157860,173.85417455598957
EK202310211985,140.38735124493178
EK202310232907,138.73018633491606
EK202310162917,134.41779172153062
EK202310211786,127.94631937741178
EK202310132171,152.97496659857416
EK202310153694,148.7489672828721
EK202310174960,163.86183580868894
EK202310121096,129.27880424011192
EK202310222475,122.758162180319
EK202310146254,154.01319750952734
EK202310111466,136.842388264607
EK202310004385,169.1218532899363
EK202310108961,143.37640362639831
EK202310203170,134.7698614624783
EK202310161424,177.79361888659759
EK202310206583,137.82580245196056
EK202310138840,134.31121276786212
EK202310221976,143.53494431154414
EK202310143972,137.58436648595156
EK202310175420,135.94649522443055
EK202310227655,132.8779786043863
EK202310163389,139.16419248724029
EK202310239480,140.41851120713582
EK202310146467,140.87513669170423
EK202310162597,139.06775859527718
EK202310194862,142.5456394267802
EK202310152448,138.28906344230384
EK202310245431,146.63464002315126
EK202310206822,162.34789191239477
EK202310166559,163.77395448213116
EK202310221701,170.48247535083243
EK202310231403,122.74536168095574
EK202310156027,143.97529602532936
EK202310135956,145.64960697767015
EK202310183176,131.48285811599655
EK202310206055,163.80455137187204
EK202310167360,138.77678337611604
EK202310142701,142.79830585870494
EK202310156629,168.00644102317295
EK202310241352,145.0293517907826
EK202310123587,155.13470197720082
EK202310003639,146.729098755046
EK202310158269,158.03925620875296
EK202320007090,158.3010828889288
EK202310111707,135.43793342521877
EK202310104096,151.11562857247202
EK202310235404,118.81782395564034
EK202310108783,144.4230119806647
EK202310116298,137.04001784066517
EK202310156281,157.40567825199798
EK202310164483,132.7794150224674
EK202310108212,113.494384671478
EK202310233950,136.04436862985133
EK202310157041,136.33876512672913
EK202310104522,139.660156327033
EK202310175972,156.83768765817518
EK202310225965,142.39351372304463
EK202310138403,141.50949078540717
EK202310234452,137.55309718878215
EK202310104614,157.41462675993716
EK202310117970,132.7044924493326
EK202310128727,140.70316867400408
EK202310190230,138.7184371524245
EK202310201465,149.95838128305138
EK202310197534,160.35863401753298
EK202310171846,128.6130389467611
EK202310193751,149.8406300379993
EK202310242967,137.99100167114148
EK202310112852,163.299523129782
EK202310132804,153.37458007415626
EK202310127612,141.40617795984565
EK202310136082,179.33016652635862
EK202310186665,160.18747034645546
EK202310156519,141.58086728361573
EK202310108430,146.58122438216768
EK202310164930,139.32691984892026
EK202310153971,158.45318504845667
EK202310129412,128.8519457725848
EK202310124383,133.09834940183828
EK202310215858,151.26888356345242
EK202310104131,146.58029684478194
EK202310185040,136.46674993455576
EK202310119251,150.60859962627438
EK202310191724,153.95598817274734
EK202310149922,131.65735079071834
EK202310176193,152.7940126246305
EK202310204311,150.4268479117036
EK202310248324,155.4116552164679
EK202310120496,140.87708125153787
EK202310233548,135.82236019194053
EK202310219178,140.49708820007206
EK202310114723,136.29732102436682
EK202310185832,156.0484646255159
EK202310106587,150.21879690990943
EK202310239252,137.6562775094656
EK202310208710,148.03622753866762
EK202310244056,125.32229071844438
EK202310223702,120.61102044408196
EK202310236969,135.33858180689182
EK202310196070,146.2186660824746
EK202310227710,136.94163941546475
EK202310119702,139.53407073500034
EK202310143351,138.71891188703276
EK202310144967,138.24918096185073
EK202310207097,143.2312896660969
EK202310193281,135.61408357655353
EK202310223068,146.41681494535442
EK202310158743,144.39267646168787
EK202310142353,145.77478538330863
EK202310154024,148.67779368113122
EK202310136326,138.5797942083374
EK202320006526,155.1650982388726
EK202310240160,144.4942110987906
EK202310230270,134.761053948303
EK202310209591,145.1995058353974
EK202310201937,148.16419636733002
EK202310138686,158.5543516563127
EK202310125946,144.38356063612832
EK202310112949,147.87517918325025
EK202310128660,162.1691569073867
EK202310223565,144.42156255569358
EK202310155372,158.03321196482818
EK202310229467,141.0772146534941
EK202310232289,146.12469233817652
EK202310142439,160.39532243458052
EK202310128595,139.0141224048567
EK202310228661,128.77694893950022
EK202310220811,136.13279914441736
EK202310104677,147.13674820264794
EK202310108708,150.5573420325027
EK202310235044,122.71683878553675
EK202310141363,144.69412531663542
EK202310174855,148.22364450097865
EK202310154755,136.29130160056215
EK202310157326,146.39579741790843
EK202310228659,139.53765191001267
EK202310215026,151.94043207275863
EK202310177129,138.79151271529363
EK202310178830,166.33477759703328
EK202310222959,125.74806673636321
EK202320007347,133.13063963224528
EK202310153807,162.8816518957851
EK202310165563,160.7834749589197
EK202310240070,145.32917172724473
EK202310171642,142.82803607813517
EK202310221419,143.9577085171022
EK202310210258,145.29083032891032
EK202310108225,152.3633056778355
EK202310156515,139.4928906934285
EK202320006021,161.82903954111868
EK202310214746,143.13063776281217
EK202310166648,156.18722398221817
EK202310243041,139.71943597767424
EK202310227731,114.16583682446924
EK202310118513,135.40197566941498
EK202310240129,149.64690374809345
EK202310140813,144.73313182046658
EK202310181628,144.0191768312384
EK202310126085,129.4323402854837
EK202310246101,137.8178491707526
EK202310113312,126.84909231693962
EK202310217968,134.9043963741427
EK202310213114,131.38565112629502
EK202310219800,153.7580040964234
EK202310184495,150.49205629864818
EK202310119316,129.91129008479146
EK202310180007,136.03879183999805
EK202310199156,133.27278703678502
EK202310177234,152.2355888502944
EK202310226743,136.52514985193943
EK202310189141,143.98838537263165
EK202320006005,142.7773473519377
EK202310227823,139.57889588650042
EK202310174022,145.89920213453928
EK202310134374,134.07982405341915
EK202310200180,122.04469424006581
EK202310161433,146.25848936049937
EK202310121700,141.01441360708844
EK202310237451,136.50662724937462
EK202310192827,156.30613687158404
EK202310160428,153.84814714381375
EK202310205223,137.16244446664354
EK202310111659,150.36939729344238
EK202310218773,139.86223942806794
EK202310161247,140.61963845150157
EK202310109618,141.98123643004143
EK202310155619,137.30428543556854
EK202310135096,158.46303200970232
EK202310188704,140.04059330498654
EK202310198311,153.4996131645245
EK202310138345,124.72616011576554
EK202310187653,135.93428568143997
EK202310223676,153.24377908283893
EK202310165688,136.07062900274266
EK202310104779,143.30772296009556
EK202320007241,172.31650100713577
EK202310247012,141.2706311184546
EK202310115649,124.97925738118042
EK202310158687,145.28087591783176
EK202310139898,138.24389424493646
EK202310183012,142.93411528651228
EK202310189323,169.979148043454
EK202310236084,150.33856667018588
EK202310187745,140.42313151578753
EK202310213754,155.89697723370406
EK202310207691,125.97457492302352
EK202310213360,138.32462263841447
EK202310134511,135.89870698729328
EK202310162421,141.43572555090415
EK202310137854,141.93460077435927
EK202310150901,144.0314811787257
EK202310114810,136.3739841947288
EK202310110564,137.33343038963284
EK202310188498,117.19034636010127
EK202310122137,130.24849585580827
EK202310234827,133.6604239239882
EK202310123845,159.37863085525
EK202310117679,159.06016194252987
EK202310226733,134.97651350244934
EK202310146806,137.7067296856206
EK202310186532,138.63250454394375
EK202310198523,138.32252134990887
EK202310169242,146.43966170259995
EK202310189605,149.9892125134922
EK202310177460,144.609892097777
EK202310156053,137.3627124336094
EK202310138997,140.29965481081004
EK202310231114,131.09237135482633
EK202310147763,130.90485880867726
EK202310119709,141.1201649555385
EK202310121129,141.44915061703938
EK202310137901,146.79353234059235
EK202310144077,155.80736288107462
EK202310110337,127.47826730274107
EK202310184408,140.12026442754694
EK202310215841,115.59620619946307
EK202310157214,155.9057669168056
EK202310193140,133.46490482747896
EK202310216105,140.17112118691793
EK202310246420,141.7449795967453
EK202310118424,130.3778327721858
EK202310144290,142.04247413119165
EK202310236171,138.81487398372752
EK202310161913,143.3658558238024
EK202310116195,138.48148670708292
EK202310140252,137.05615506566838
EK202310238025,148.43441101833503
EK202310146861,128.16344840980764
EK202310125756,134.2323324499098
EK202310211082,136.05958775036336
EK202310202590,138.7041991011551
EK202310212292,139.90424462353954
EK202310151188,143.76997376558955
EK202310186431,160.56422949068113
EK202310197054,144.7155056712704
EK202310229535,130.40316640118357
EK202310237693,131.98562661368484
EK202310127899,144.20775256068956
EK202310125513,131.03752544891134
EK202310143417,145.395657571717
EK202310114922,140.57142176700202
EK202310185011,148.40733173961584
EK202310157380,142.27059211661495
EK202310242841,142.89724689160346
EK202310128764,133.10727848918725
EK202310160302,143.04544745097218
EK202310132265,135.68825160433724
EK202310142152,139.93661907644557
EK202310184138,152.37422250318292
EK202310218922,146.37183759238175
EK202310105732,131.72746932680366
EK202310202421,140.34024769780646
EK202310204745,134.91789797409646
EK202310231651,134.40989918089173
EK202310206373,150.26721969751947
EK202310231327,135.73454089339242
EK202310129440,146.52669157329592
EK202310229405,151.909649942725
EK202310233561,134.3163202045928
EK202310141433,157.217498242606
EK202310164651,151.75437262921523
EK202310201935,151.91851822583592
EK202310184574,125.66785874067202
EK202310223915,152.798210916621
EK202310200908,166.16935151346667
EK202310128941,148.3388991577669
EK202310186952,151.18411603287396
EK202310193974,152.4261517712093
EK202310169879,159.83370114045667
EK202310172093,124.16608782662635
EK202310184529,125.09687877338592
EK202310230089,137.973940061701
EK202310181118,150.64698105887587
EK202310204225,149.0340160144482
EK202310112100,143.09835034486375
EK202310222373,154.0671569585966
EK202310182126,153.3585298059654
EK202310169072,138.45745508475102
EK202310203100,150.06419579730147
EK202310228065,154.21979439676898
EK202310003374,120.05208210214786
EK202310231993,135.73780665222966
EK202310166999,136.76149125617354
EK202310113561,149.15331145175554
EK202310150384,160.03524749280177
EK202310204151,150.65902291283177
EK202310243179,160.71475379099638
EK202310229664,140.53911379408177
EK202310214850,140.03674469478293
EK202310203348,150.4468084276772
EK202310146725,128.10013071970573
EK202310134763,125.74068080096214
EK202310145729,158.42966480424332
EK202310246535,148.71487418653064
EK202310141577,141.94347355583582
EK202310216160,127.98585160633016
EK202310116782,127.47950391074568
EK202310211327,145.80080631093506
EK202310204090,145.30008773982914
EK202310175898,156.68418626045138
EK202310226259,148.0313240620976
EK202310151274,145.31776976984074
EK202310154215,137.59617538010028
EK202310174277,150.4760183399279
EK202320006496,156.73954780911788
EK202310141969,144.25104098280636
EK202320005622,145.21009846100338
EK202310157093,144.48250301997385
EK202310139909,141.07689648734774
EK202310209908,140.23175052488486
EK202310218730,127.96747658108936
EK202310229718,118.84571332226895
EK202310111615,144.1360928447201
EK202310138168,138.47718666930695
EK202310162118,167.8411829754364
EK202310164185,137.43654225359387
EK202310123341,133.65486035438337
EK202310154152,129.74581880645226
EK202310169662,135.27440423576755
EK202310195289,146.84487698663347
EK202310247758,165.8999135638958
EK202310223580,132.1809952550336
EK202310104690,132.51578937944728
EK202310234439,137.64195229924195
EK202310225052,167.0908002275981
EK202310139674,151.23453855071347
EK202310186662,129.82856963959375
EK202310198339,143.6566782254373
EK202310219978,140.105156072326
EK202310205279,151.27719127640708
EK202310241147,154.43697812927564
EK202310225981,167.54569957991816
EK202310168112,145.64988981496936
EK202310226106,143.25246979866057
EK202310116095,136.21084752427282
EK202310114593,135.44136459545902
EK202310175636,126.70883358594553
EK202310117905,157.60548759259314
EK202310200614,152.01391132624744
EK202310137390,143.92129224117744
EK202310196458,149.98957598811157
EK202310212839,149.7144286101305
EK202310149449,156.8078986053974
EK202310172721,143.78460161437616
EK202310133382,133.4471843870462
EK202310171991,152.60540858563397
EK202310178147,148.00339909501957
EK202310210822,119.5721935960621
EK202310169958,136.27585075261212
EK202310216612,136.87977339802347
EK202310190351,145.82012255459227
EK202310128333,143.04298814368127
EK202310156052,141.66280139495223
EK202310207300,151.9463660921146
EK202310148098,141.68058584984567
EK202310236834,149.9945963301687
EK202310206502,143.04417817701275
EK202310232490,148.01532247630826
EK202310115920,135.4021918693589
EK202310155557,136.69906593614556
EK202310118792,152.7193422442122
EK202310213449,136.31623145170835
EK202310157956,143.82143196227804
EK202310202461,154.0959488374825
EK202310210080,162.65170901669802
EK202310123713,147.51927460706324
EK202310138636,154.54723553728994
EK202310197194,138.98512689875076
EK202310136131,170.4249179146367
EK202310194280,130.34974351260098
EK202310144073,172.7583007968044
EK202310196767,160.41682682307288
EK202310152659,131.03456226707573
EK202310119318,130.8550267827924
EK202310175079,153.21599583291464
EK202310246973,146.80119820140214
EK202310177069,139.11054182520897
EK202310228915,134.3479503072301
EK202310237967,139.6045678761418
EK202310004766,138.5173121101078
EK202310197580,165.59457802545964
EK202310163370,155.94120028781964
EK202310126258,127.11993773944818
EK202320006245,165.64436934742528
EK202310214455,139.673510591157
EK202310225077,161.72127020943117
EK202310121345,127.80025116811078
EK202310118753,116.78826509481723
EK202310209148,139.62913096732126
EK202310235651,137.91461681643221
EK202310195584,154.32083968126764
EK202310131541,140.68103823660155
EK202310167958,150.5891068299692
EK202310232848,129.9437128908258
EK202310112373,132.79913093982708
EK202310247588,169.05457768420234
EK202310124781,145.04735435491287
EK202310187345,160.92967469287422
EK202310117200,147.96324755762532
EK202310103838,127.22039994696799
EK202310123310,138.45558124022043
EK202310193567,150.19001555313196
EK202310176987,141.8043330043823
EK202310217483,125.86349981152665
EK202310219653,119.74137571691949
EK202310189258,139.5629879726218
EK202310213235,133.8963308565732
EK202310148485,136.2606088823623
EK202310243846,130.6297714357641
EK202310157685,135.63353403577293
EK202310228217,180.2372816149367
EK202310167414,152.0204647313464
EK202310116553,139.72939032725034
EK202310154306,150.46164173643132
EK202310218246,146.00862127023743
EK202310214924,156.230159868223
EK202310124301,141.1619900482693
EK202310132969,130.07391774057928
EK202310116665,147.39135574273095
EK202310126109,145.61050778484505
EK202310246626,142.36697029121495
EK202310165655,132.8008616274804
EK202310222900,141.28540012487267
EK202310183920,144.1992169467054
EK202310188655,134.2199869637577
EK202310140837,149.59102199514032
EK202310110105,126.55119316433958
EK202310166926,161.26748394555204
EK202310222571,158.83054141410062
EK202310130862,162.41801421448042
EK202310159918,147.39385179417977
EK202310191732,171.55651517261887
EK202310154430,162.72376372389664
EK202310209379,136.77942126007886
EK202310242826,159.29123453408573
EK202310127621,141.85839129882714
EK202310144269,149.0616271162649
EK202310168554,169.9039562874775
EK202310225096,120.53960439266702
EK202310004191,141.09696675709097
EK202310198832,133.16540636185104
EK202310166122,160.06355373307753
EK202310197812,170.932810602535
EK202310173577,123.06337139980187
EK202310107780,144.62646338234924
EK202310200080,132.29452992582358
EK202310244832,158.40323812289654
EK202310153701,153.62093130465297
EK202310248897,147.53437867456134
EK202310238758,141.69524895395642
EK202310180956,162.92709741407495
EK202310133597,167.9499788465352
EK202310165926,139.50304767665597
EK202310113563,138.83835385778576
EK202310219177,145.01765001583732
EK202310215546,144.04466677835407
EK202310239803,127.63635869632778
EK202310170081,124.23509435456653
EK202310206625,147.02856655254217
EK202310104069,137.8572032809113
EK202310186393,155.1555871617881
EK202310173267,134.82056828315734
EK202310110426,146.4655172216316
EK202310164765,143.10433611780445
EK202310158220,130.2949518981237
EK202310168816,141.64635646362927
EK202310204071,137.69698886036042
EK202310157259,145.66041001593575
EK202310156843,140.148109245992
EK202310223529,137.65489765475618
EK202310149961,141.61366884037787
EK202310108241,136.2115666190599
EK202310168245,134.5249476085366
EK202310191021,136.1748351320334
EK202310165776,137.81138060110771
EK202310172874,129.4006420092623
EK202310163779,143.35101317831257
EK202310188731,166.41841189564093
EK202310105850,159.96731292788695
EK202310129025,158.20221280339433
EK202310122251,147.93061655829223
EK202310233739,131.68196204633958
EK202310145467,146.27513878959712
EK202310125541,138.48976648593123
EK202310128736,150.99676668249032
EK202310157339,150.23269249182235
EK202310204674,153.2775190595027
EK202310199931,134.48460201982758
EK202310159776,155.10703682865565
EK202310233618,146.49218616157486
EK202310209554,157.19724818822112
EK202310147590,148.0748729302171
EK202310233558,132.51667478585628
EK202310141475,147.68664193562034
EK202310192184,149.21133509519674
EK202310121465,127.8741650474698
EK202310144674,161.46953412627477
EK202310225145,153.76405681716233
EK202310211862,126.70232443557246
EK202310218476,144.07712738607404
EK202310227106,156.12291817734177
EK202310184475,140.08347949895082
EK202310132027,152.98830108964765
EK202310134826,138.09947201282912
EK202310182784,157.07458643961542
EK202310236142,123.31987301896014
EK202310215997,170.09291660761517
EK202310218885,151.51740936487533
EK202310189497,133.90920085852912
EK202310242392,140.3559755378485
EK202310139831,136.03273740949544
EK202310159899,135.01619574539617
EK202320007536,150.42493046631878
EK202310205864,163.34808374893618
EK202310205412,154.14975041009774
EK202310178623,146.45529830943698
EK202310144137,145.0718599571955
EK202310156851,145.24440926216008
EK202310200692,124.27270623842281
EK202310221442,138.11251363255965
EK202310225402,136.52331514261522
EK202310128314,142.38446909643181
EK202310135585,154.51434415796456
EK202310230304,167.67776085224034
EK202310106564,139.31544998272292
EK202310195276,119.81160616233629
EK202310168561,143.57968777587706
EK202310238035,149.8001644618025
EK202310210412,137.54621263524496
EK202310193015,144.02866739363148
EK202310160429,155.83862021220958
EK202310203227,129.8241542435465
EK202310144260,134.90809396774847
EK202310231994,138.00894711665057
EK202310169556,140.23765749648774
EK202310112231,148.16818528023666
EK202310179305,142.63549474734035
EK202310111693,154.06699866089926
EK202310163778,148.2245284694325
EK202310197562,155.74769961194772
EK202310147780,139.74712803101522
EK202310165497,180.38029578917534
EK202310191527,132.72018868301564
EK202310106149,135.63823453584277
EK202310179787,134.79262526824297
EK202310247018,170.45087608046765
EK202310177578,155.50912290103207
EK202310138872,168.49884429533518
EK202310204378,127.19956441616156
EK202310146296,152.85305718173436
EK202310110160,139.85244505491835
EK202310179095,147.24465471857565
EK202310220481,113.89914351501159
EK202310227227,148.23008510064227
EK202310234336,152.6025066177042
EK202310145809,144.0553709435149
EK202310209306,152.59334637819305
EK202310225649,127.71503519316137
EK202310226704,145.76072553055823
EK202310157072,156.1352502322544
EK202310121530,130.02021430257793
EK202310165600,140.02761217534476
EK202310197233,137.88096402689274
EK202310184332,134.66561234939695
EK202310143743,138.74968443208732
EK202310154640,137.01195289533274
EK202310158286,149.36736531828927
EK202310123880,134.95909522223442
EK202310182423,159.19855071199007
EK202310124053,135.37718519341126
EK202310206144,140.62135336903555
EK202310140890,152.3495886041101
EK202310127015,126.60417684395068
EK202310134941,146.5534391833537
EK202310119304,129.35148271037255
EK202310212796,140.21725905579083
EK202310108377,129.5266576658348
EK202310174180,138.6204840120807
EK202310239157,143.95336882015818
EK202310216632,141.25387630824284
EK202310172285,142.5301248495644
EK202310150279,153.84480797517912
EK202310186491,117.63785746815408
EK202310197932,136.2378312489876
EK202310120172,141.89313819862636
EK202310216664,148.2703935785131
EK202320006884,168.0212694046694
EK202310178918,146.69072635575327
EK202310144935,131.4644406312238
EK202310141510,129.338844227105
EK202310216762,144.5903762394988
EK202310106406,124.97017687012479
EK202310111996,153.39283019332294
EK202310208681,134.13340802048208
EK202310226247,126.87527676138231
EK202310113253,163.39600863146953
EK202310122999,142.8353970912232
EK202310155079,145.12914285415917
EK202310160222,141.85653799824703
EK202310210742,135.2020431582044
EK202310156801,148.67222680694638
EK202310159360,145.02424516736062
EK202310180024,138.80609927091447
EK202310213928,129.2141389387015
EK202310152334,146.25526223083716
EK202310245937,133.77002455258167
EK202310164808,172.87168681456947
EK202310146870,135.00913679163293
EK202310163950,157.48970668662608
EK202310195716,149.67599280885244
EK202310150305,157.74123848855956
EK202310229713,128.49470983905636
EK202310188916,146.9508454548606
EK202310121395,146.13191561369675
EK202310160376,149.39076925532703
EK202310244651,148.48602402459278
EK202310150169,136.9092215462546
EK202310110958,143.80551251769535
EK202310143966,127.02221788566902
EK202310221741,160.37532300522275
EK202310187012,157.00616360535173
EK202310193822,162.5570673920298
EK202310172094,141.3296904334864
EK202310178633,138.59469294297247
EK202310117674,142.98660410855607
EK202310133805,132.82418643076454
EK202310180948,168.09902539089802
EK202310203849,143.92237480681362
EK202310149491,167.32549946981706
EK202310216830,157.12182493873078
EK202310229432,131.7747770429393
EK202310109652,147.04599770927922
EK202310181925,154.96517446926364
EK202310196245,136.5034184511433
EK202310248098,137.82634192433287
EK202310183221,160.45449470636612
EK202310196195,162.62679296389678
EK202310197137,139.37799436052418
EK202310110247,158.32050291022986
EK202310144126,151.58270418829633
EK202310156911,156.74660270087747
EK202310224215,138.0136947657469
EK202310236337,138.36527706001087
EK202310188431,149.73721558937663
EK202310137114,166.58280186822094
EK202310115030,145.3468950851156
EK202310117460,122.54767662155876
EK202310162361,139.29484173815015
EK202310130281,171.99905721408305
EK202310148428,142.01536849807403
EK202310163311,132.7452365487278
EK202310145526,133.95641675458683
EK202310235374,132.2756803735067
EK202310156223,150.5974324004399
EK202310151269,141.4623188253886
EK202310150741,154.530016547141
EK202310225372,151.23841111877815
EK202310133344,149.34184255388115
EK202310127071,122.21179401277784
EK202310152237,141.35226727118112
EK202310244229,118.36265578706376
EK202310167190,141.937533270006
EK202310154488,157.05172002740437
EK202310211108,126.5811116616291
EK202310114416,149.23311881264115
EK202310222978,163.37850264754968
EK202310187337,173.42451147641208
EK202310195712,172.23746695437495
EK202310176238,150.48536904403772
EK202310204719,158.49749772942823
EK202310184298,134.96332737545188
EK202310215525,140.72894667049673
EK202310154861,132.3900666963446
EK202310200739,118.45445221139052
EK202310242424,133.26436421844357
EK202310247300,135.39736453227763
EK202310116475,143.76622399065715
EK202310225458,124.7375656129141
EK202310126918,143.79742814947434
EK202310185579,116.63861222878995
EK202310241455,136.75462325760438
EK202310209465,138.73215898396847
EK202310142842,141.98472925329582
EK202310185122,142.9249785777803
EK202310223530,133.0039341815174
EK202310188514,142.84859242066324
EK202310171731,138.36175504664945
EK202310130376,150.40796290012443
EK202310222189,135.0340808957712
EK202310106430,144.55478607298238
EK202310127369,142.44957945498803
EK202310236443,128.16175022064039
EK202310182405,149.62938615937153
EK202310210187,118.99166176258245
EK202310116888,129.53729755396384
EK202310173132,153.75253318334273
EK202310108743,141.5312245184002
EK202310125006,117.97782461747525
EK202310213574,133.0012591705626
EK202310165356,144.27157646994107
EK202310149418,158.6866671561856
EK202310198882,125.13600067884705
EK202310231320,134.28721119742892
EK202310205653,147.35414757750263
EK202310198599,138.55597654022412
EK202310199963,129.23243711094878
EK202310173699,146.68867538642164
EK202310245726,133.0180210247991
EK202320006040,165.06651074587634
EK202310154743,141.73956847253424
EK202310188160,136.2754674671273
EK202310214367,167.68902834444174
EK202310103702,143.45881170614584
EK202310127965,145.40828999552704
EK202310203245,159.98853218654745
EK202310139888,142.66409324082323
EK202310108972,140.2095299883672
EK202310004612,123.01892062221444
EK202310143552,147.24557512405505
EK202310120024,153.54418605020834
EK202310221518,151.30753154853218
EK202310180966,169.41301961838127
EK202310193489,141.34702124148595
EK202310117005,130.59151603371504
EK202310213271,143.16248490189025
EK202310120394,148.27784939866572
EK202310183259,153.49546696805024
EK202310125697,146.78438322271597
EK202310110553,146.47817211745735
EK202310150138,148.27790676826052
EK202310169349,139.42438684328326
EK202310224959,130.68092079117724
EK202310003872,140.45906371512564
EK202310189922,161.17401022579764
EK202310196746,162.50382343626646
EK202310189397,137.45995233568445
EK202310154076,155.50064196134718
EK202310003409,128.09825886607356
EK202310132461,144.3163426388697
EK202310114430,142.39523894232408
EK202310207939,135.38884109418362
EK202310219274,128.15970212451793
EK202310226342,146.5862973176981
EK202310127397,138.35641909651034
EK202310237125,129.65172259036174
EK202310214068,161.01809870472465
EK202310184942,143.30034919800084
EK202310113334,130.98114500561297
EK202310121808,127.12528803873195
EK202310134472,134.92723220136705
EK202310213189,130.6528800448763
EK202310200986,135.72129817674622
EK202310183319,137.9428937391065
EK202310138451,125.21508839975274
EK202310134480,137.24353892322733
EK202310248001,153.37013205177476
EK202310215511,137.60832182909897
EK202310148692,162.11614774121585
EK202310003356,142.42987858503875
EK202310186363,143.36690390900904
EK202310117649,143.3619074183558
EK202310107222,143.87127341890942
EK202310140103,129.4655424712431
EK202310162055,152.12630385221902
EK202310160543,150.7742516904661
EK202310104526,136.51060573339387
EK202310111072,141.00183053101156
EK202310144115,145.1245481675624
EK202310227753,160.64594715429132
EK202310168401,156.20011257054412
EK202310225278,142.0596136375575
EK202310121727,130.1151557183897
EK202310209068,145.17543559639557
EK202310117324,142.69991889969882
EK202310119649,139.46390824154204
EK202310154151,142.52201950335956
EK202310235668,139.46156149565618
EK202310197052,139.0479428649118
EK202310133218,142.38265169064266
EK202310228623,138.22560830876586
EK202310236771,127.00140594232448
EK202320007756,153.22875037911118
EK202310123680,143.1718686527047
EK202310153796,149.87639223001023
EK202310184256,156.73903521886066
EK202310189360,143.98530116507618
EK202310169170,150.60364397222529
EK202310238568,158.34616858409473
EK202310147463,138.0480125665919
EK202310246348,133.31079211389758
EK202310146645,131.4981430527463
EK202310112043,153.05697916813386
EK202310126693,140.7052678552461
EK202310105633,132.61950834501337
EK202310108187,151.28521579770157
EK202310142659,143.44226521806044
EK202310154109,136.9575793038597
EK202310187961,159.9086565808116
EK202310138151,132.10671377803428
EK202310145768,132.83342546569696
EK202310204437,128.80362707692697
EK202310234444,136.3357225385777
EK202310146920,140.23794699027198
EK202310191972,136.72822089827034
EK202310135664,147.75438434360143
EK202310136647,171.3223784414763
EK202310149136,143.1930701420127
EK202310004755,129.4909094052872
EK202310003806,145.37216385478217
EK202320005862,155.3620696044243
EK202310238222,130.04110089789248
EK202310165638,141.52158449424374
EK202310195278,137.9936709366561
EK202310191050,147.1152596199257
EK202310165081,174.6560148303676
EK202310141108,141.06063173367383
EK202310225501,135.3255300909019
EK202310190006,157.03477661785504
EK202310232901,154.15200582063267
EK202310183145,147.1825562769056
EK202310133834,165.7750100720256
EK202310111865,138.19767850743747
EK202310233162,140.7936412696259
EK202310144096,140.8707515279669
EK202310241460,143.73278067795619
EK202310148061,145.73652528237105
EK202310123096,139.8636637478615
EK202310168745,129.1678348295649
EK202310232533,132.3776189924297
EK202310238139,142.56091645596018
EK202310107671,145.96251061052695
EK202310003635,139.04674306685607
EK202310160939,147.68927463161833
EK202310165138,154.2228971292339
EK202310177363,147.1565163568435
EK202310140380,146.6814032711747
EK202310127640,133.93752746007365
EK202310145483,144.1348163793677
EK202310144142,137.38260618422817
EK202310182466,151.18844076392827
EK202310134774,136.85362183352277
EK202310239504,148.64696752547783
EK202310179694,123.92127285328314
EK202310105818,143.0852752072381
EK202310206801,150.9731510930522
EK202310133427,128.8602351643456
EK202310172349,129.9835628039011
EK202310144166,149.43848241121253
EK202310118960,121.66583401219515
EK202310199115,144.89477045985814
EK202310213777,152.3076042595513
EK202310232118,132.42444423143624
EK202310204757,146.20041861638788
EK202310241858,150.33921171413687
EK202310204589,150.00167165356245
EK202310224131,139.79543860511507
EK202310160384,150.4531644170568
EK202310158733,152.33482635156668
EK202310139320,134.16699381965796
EK202310186373,150.45158856037418
EK202310207408,141.2056755615975
EK202310202032,130.00777262493887
EK202310191726,136.16784968980545
EK202310237659,147.94891453941705
EK202310202929,158.19613337526295
EK202310138221,133.1668646367153
EK202310213944,146.4775302040214
EK202310217592,138.94452131398
EK202310156873,144.3534060358653
EK202310154026,128.6366634412158
EK202310227896,134.04030427788842
EK202310165724,163.3927911279603
EK202310160534,141.15368606510967
EK202310238733,147.63613750387134
EK202310187242,163.2719452684579
EK202310160829,138.26091985508288
EK202310160276,148.48482462161553
EK202310137939,127.98258913813771
EK202310200291,130.1213375637445
EK202310238138,139.47392630253356
EK202310217144,146.68511411227078
EK202310196491,136.93430183041346
EK202320006298,148.27781776413684
EK202310228178,138.14237674798994
EK202310138802,145.10390479022078
EK202310240713,137.7334388649697
EK202310175243,145.47478845352887
EK202310207967,118.95992940228709
EK202310107352,145.04069366165731
EK202310211309,142.39940109209212
EK202310131783,146.10674462346387
EK202310166826,154.42361098600273
EK202310112512,118.10614987825514
EK202310153955,150.31613582924646
EK202310223762,142.16676030278953
EK202310220803,139.9190591219458
EK202310191806,144.63303044654242
EK202310139794,141.45494322129414
EK202310004495,134.89561256348972
EK202310165321,144.86879019211537
EK202310152644,154.49999212695707
EK202310107844,149.52801039321375
EK202310224636,145.93843623925696
EK202310182912,148.50280576029462
EK202310227725,135.72341427271618
EK202310129401,134.59907212854674
EK202310132710,133.37758343608837
EK202310167591,145.08298644512954
EK202310209362,144.65546328096772
EK202310191553,159.03248525012395
EK202310191129,135.96370883964408
EK202310229273,133.55394424342552
EK202310177141,147.90339675784236
EK202310210987,122.8586856285533
EK202310246808,127.83606173878621
EK202310186424,141.41651299472227
EK202310243671,144.37130161092765
EK202310157978,129.10058917849292
EK202310141176,139.63481889241615
EK202310166632,166.97399340962218
EK202310188518,144.0809692520945
EK202310176726,154.49512821180454
EK202310232858,168.4582878209558
EK202310203103,147.0729370744085
EK202310172581,136.80850380066298
EK202310129669,139.07465269186886
EK202310149026,149.26344357372253
EK202310151271,134.50982473566998
EK202310164311,136.8347782125381
EK202310193156,153.60545660910097
EK202310183315,155.2457890987914
EK202310129742,166.91565797576962
EK202310244163,147.82265694953594
EK202310162820,139.04808283345895
EK202310158627,142.09704424390705
EK202310195793,142.2441132919406
EK202310243898,165.09831506116606
EK202310211036,129.12534196759947
EK202310231066,127.0888196262082
EK202310188792,151.7471557375833
EK202310181166,139.8827622456523
EK202310240476,137.81497758703333
EK202310197771,165.1426931032426
EK202310141037,155.17314291588278
EK202310204780,140.2317352608685
EK202310191058,151.93988929454812
EK202310173228,144.48695205918818
EK202310197491,148.67814514095522
EK202310156720,151.5379332543771
EK202310244219,137.6089895062173
EK202310119128,131.74247549660538
EK202310241327,150.99209155069974
EK202310152238,142.68187167410156
EK202310179839,132.04531015423998
EK202310238196,135.54004920654194
EK202310153091,166.6713047396963
EK202320006753,170.9404620317554
EK202310123570,147.42682255339244
EK202310163341,132.6089836010947
EK202310162440,163.26722211675718
EK202310151053,128.5826682205687
EK202310188188,157.8028989991339
EK202310127289,152.85989628803256
EK202310248374,131.65822706906266
EK202310167393,153.48409338688572
EK202310192930,141.96911106632786
EK202310113187,145.45009539109526
EK202310174516,158.06911167804168
EK202310187588,135.00295830957862
EK202320007750,158.43717140612418
EK202310189741,177.52706619845478
EK202310174859,147.4895158485516
EK202310195086,149.82601084948513
EK202310183873,171.37102140067452
EK202310171631,141.54325086010635
EK202310123283,123.32444141478229
EK202320006306,170.68149247747846
EK202310139834,132.83013886483036
EK202310239785,145.19735275384002
EK202310153276,147.29078082225462
EK202310180328,162.8640176536844
EK202310207645,162.52244620055686
EK202310130192,160.58728138038686
EK202310154977,143.5203049158675
EK202310139793,136.8006212699282
EK202310243107,142.42851891144215
EK202310209482,150.58474926976567
EK202310241115,135.08528345590918
EK202310214880,129.8901601324784
EK202310240253,141.3038245107177
EK202310226088,145.90567413309324
EK202320006633,171.7142345095881
EK202310245104,156.72775076111967
EK202310112870,149.68473575099654
EK202310161734,148.6694933834063
EK202310225927,134.47042072323075
EK202310145336,154.87879653814792
EK202310137212,148.40631269228518
EK202310190306,126.86107950162405
EK202310172851,155.6868930048111
EK202310231101,128.5428452856651
EK202310212990,125.10598948946492
EK202310122658,139.4574714453637
EK202310176278,152.3070008497432
EK202310200882,148.4999244768372
EK202310152325,137.43786155640203
EK202310151272,151.16624404398212
EK202310194215,168.71737282250052
EK202310185678,147.5154532184634
EK202310243281,147.9876959865741
EK202310120514,126.16749677239989
EK202310126433,134.92230748685205
EK202310122944,142.1631747065271
EK202310236394,129.28303101671443
EK202310218087,147.7534883984707
EK202310151593,168.50562688377357
EK202310110201,141.28285102155323
EK202310131708,139.34496790273184
EK202310111333,133.85105366000263
EK202310183969,141.77776575175756
EK202310161113,158.72608974847677
EK202310184302,146.4907398369099
EK202310152148,145.23623099150564
EK202310236146,121.19263076346202
EK202310229823,134.61726564691492
EK202310133950,167.8254698167045
EK202310176959,150.95350883956647
EK202310003859,161.60207116981593
EK202310185070,159.91593391599767
EK202310004826,149.95170547530455
EK202310192593,135.89360769263638
EK202310212457,138.8549097098957
EK202310133750,126.25733900736749
EK202320007484,164.2105878571739
EK202310190675,158.1530771140431
EK202310129882,155.27246110221876
EK202310216142,126.2436602132477
EK202310197446,154.10135913414962
EK202310243332,141.74955162641018
EK202310139113,153.35599450856074
EK202320007314,152.9362467055985
EK202310192244,153.45458434098532
EK202310209792,131.93410141186513
EK202310218921,138.70297744669583
EK202310128700,136.54457111174966
EK202310219548,137.75667562766932
EK202310230864,141.0223842789038
EK202310141941,151.87920337821436
EK202310206423,150.44665901718872
EK202310188250,137.3101389354324
EK202310180278,133.0470969321986
EK202310123620,145.20634275804596
EK202310180928,141.08363582594697
EK202310148298,135.45813101155875
EK202310124265,153.41893620486
EK202310125883,147.22179592862898
EK202310128123,138.90773763149377
EK202310234185,127.84046971452389
EK202310141809,153.25775166365952
EK202310125724,137.95311153548718
EK202320006085,161.90078484313753
EK202310232099,142.33793600946197
EK202310193331,145.7747653493712
EK202310205400,152.8594076930199
EK202310160975,134.71035121710102
EK202310203863,144.85262890166058
EK202310126413,129.0388333521035
EK202310118450,148.44546170292122
EK202310133563,134.84570489702097
EK202310239448,113.78620803313135
EK202310114694,132.40017638833018
EK202310158288,158.9146182065236
EK202310122422,131.07518790699635
EK202310235320,137.41245780907363
EK202310201960,121.1407049295858
EK202310194645,147.0753158004363
EK202310214962,165.82926861350353
EK202310247868,149.87558138373115
EK202310126826,140.7680716954174
EK202310120690,148.17478697065275
EK202320006557,163.4196104544623
EK202310224482,137.32056742308262
EK202310188666,136.6330512197224
EK202310167967,162.9814149008161
EK202310240200,138.76319473238775
EK202310183867,146.98931114527093
EK202310195682,133.19131574174963
EK202310108034,158.05589547886257
EK202310143324,137.01702703655877
EK202310139977,141.6386746304126
EK202310134578,130.94950467072923
EK202310003485,133.95985956085235
EK202310127332,154.5056195906746
EK202310195959,137.36274439667764
EK202310173389,133.43523967737835
EK202310120326,118.77488168927545
EK202310228101,130.1653140604959
EK202310194577,140.3641842041324
EK202310230845,144.31439588539322
EK202310144430,130.06967348960202
EK202310155784,141.45675260997623
EK202310160254,154.58529235941486
EK202310118458,139.34392238918906
EK202310134107,154.75258401853628
EK202310247672,156.68139449139647
EK202310233715,125.58774330902625
EK202310192802,165.0478996187761
EK202310226073,124.99154633960556
EK202310112128,155.44748581505425
EK202310214142,165.16034077006753
EK202310205070,147.02224395028372
EK202310191656,137.71423306450345
EK202310108700,144.32302402345738
EK202310121333,164.31191858941614
EK202310153942,139.39724181342802
EK202310228151,137.74310882752349
EK202310185062,150.71444702696465
EK202310133213,160.46118068550263
EK202310242233,150.6941560479838
EK202310143796,132.35457123559246
EK202310202444,150.50811695004447
EK202310166800,142.89560491610405
EK202310191020,137.12265203777417
EK202310122069,122.21425031082607
EK202310221793,150.2943418456564
EK202310235848,135.08191337783583
EK202310205016,141.37547218832464
EK202310119021,159.46219049390407
EK202310222995,156.98904992212755
EK202310114479,128.2181327823322
EK202310182453,141.38612588448152
EK202310143133,147.11784112204884
EK202310175194,133.30444775540707
EK202310144671,126.81909034909341
EK202310245023,147.02850095806346
EK202310144979,137.38018049417363
EK202310235216,145.11973465054893
EK202310247586,127.74614851063949
EK202310105223,144.91191816502464
EK202310163741,184.83237260354713
EK202310141732,150.7578164609891
EK202310142505,144.00512452556708
EK202310131799,156.30563582829814
EK202310209090,146.94756217354762
EK202310159139,149.02389092144986
EK202310214093,147.52005342796414
EK202310199515,142.51900145137432
EK202310228095,132.25409496176763
EK202310173578,140.9113998757943
EK202310170010,151.6026315838499
EK202310164861,134.03892234684193
EK202310167580,147.14088408151642
EK202310225936,114.70850500228062
EK202310147008,149.02973364652902
EK202310187537,151.5076165502395
EK202310170479,153.226222205685
EK202310238268,135.2219737859675
EK202310231268,130.9549000211279
EK202310167280,153.81490901500263
EK202310203266,141.65829649907673
EK202310179810,119.94437237519173
EK202310107445,152.18669957861877
EK202310107969,147.48519254488426
EK202310127481,137.10149851739644
EK202310180706,125.17571121181967
EK202310125230,141.69559848501262
EK202310127751,137.5917392319114
EK202310172588,154.60432754994517
EK202310202984,158.0566619492253
EK202310104212,128.51412750211688
EK202310106923,140.48544622433354
EK202310147971,150.8058601843475
EK202310243146,139.99061828095748
EK202310171023,150.7977335094502
EK202310109775,150.9452015215778
EK202310205700,143.72463408705357
EK202310143997,133.5953036044
EK202310132126,128.01885617671874
EK202310127316,164.7135514589105
EK202310107147,129.44171136188803
EK202310151185,155.41922945126285
EK202310228200,133.60013038959565
EK202310117856,151.46595524704662
EK202320005717,150.89609247729948
EK202310129616,150.225771275076
EK202310232791,147.08968232362656
EK202310243834,146.8825778231268
EK202310246208,146.18733341165367
EK202310160233,154.36419431020948
EK202310149219,142.74109414109012
EK202310108589,147.95969980413463
EK202310204725,146.40028640081772
EK202310243502,142.90533057399165
EK202310114320,126.2775261456342
EK202310202291,135.2796067697555
EK202310237771,147.43346172771942
EK202310216760,147.8975851809334
EK202310244222,146.59343259983177
EK202310113733,143.32153268891824
EK202310138119,149.39437834950044
EK202310219085,134.66787851688295
EK202310153944,128.86835049582183
EK202310161644,157.09885187976926
EK202310204382,139.16661209965676
EK202310229663,119.61412851634775
EK202310156198,141.41632148393018
EK202310148211,131.86665737827698
EK202310152274,132.01360567029025
EK202310197042,129.56005813342176
EK202310163556,133.10804492438496
EK202310197960,176.30257818172586
EK202310232731,132.10074884474875
EK202310147947,144.39894264806318
EK202310144176,131.07303910638487
EK202310237272,141.3922794345433
EK202310195596,137.1562215287883
EK202310231682,136.7404574102656
EK202310114178,142.47693970801126
EK202310165798,126.95231458699439
EK202310177163,142.49128315850928
EK202310161995,174.9071534620672
EK202310130803,129.37398253671947
EK202310225601,126.21321653525646
EK202310139718,152.51752527696755
EK202310146622,135.7299719702319
EK202310113181,112.33998610944025
EK202310179401,170.61589567535034
EK202310202908,156.37388747554445
EK202310171925,127.27577349260626
EK202310136543,138.1639906927565
EK202310119266,131.63202323885227
EK202310144770,142.8992273825086
EK202310217594,145.86448917479677
EK202310224918,157.9603122370127
EK202310116728,145.89699662859908
EK202310136368,143.97709271791106
EK202310242872,161.6612565827111
EK202310226098,138.46636122676927
EK202310243029,143.3969954685277
EK202310234838,137.34807023471092
EK202310103797,153.3447960065413
EK202310159666,129.99211953564236
EK202310234494,128.9127008587887
EK202310134806,137.23415699430805
EK202310191437,142.49765463939227
EK202310125110,137.8173541617059
EK202310217366,152.57828466361994
EK202310191101,131.259331232416
EK202310179382,145.64767910585093
EK202310137469,132.07305100522152
EK202310137658,141.87731338997932
EK202310134629,125.55441623921135
EK202310104525,130.22254396908028
EK202310151444,169.42253837972666
EK202310237636,149.41419756488835
EK202310143439,124.0405750241817
EK202310149845,128.0666900427555
EK202310128851,150.9949238548871
EK202310237330,133.76541353815207
EK202310117295,144.1843511943786
EK202310243270,137.1470824588326
EK202310187106,144.2300898192596
EK202310137652,140.43794418365067
EK202310217947,144.13691271415217
EK202310215368,156.50734454666272
EK202310113202,146.33175898814017
EK202310122109,139.23190573059298
EK202310121040,148.8067057001296
EK202310226711,136.3246044094204
EK202310132709,136.32821178586497
EK202310169984,148.38887640894686
EK202310198212,144.54617727973954
EK202310158003,147.0701104332482
EK202310214974,161.67312951420095
EK202310134360,146.3851975646572
EK202310178688,160.32080143757932
EK202310171682,167.481039637489
EK202310103768,138.3648152801103
EK202310209555,141.53071772229055
EK202310151086,121.02292195491137
EK202310201836,157.7031036652049
EK202310174895,138.3606102082403
EK202310138537,151.83145722858097
EK202310111581,139.85625294020377
EK202310219638,142.1716278254727
EK202310154214,153.8284424195799
EK202310200463,139.81910986797524
EK202310172356,123.12080673066296
EK202310164996,148.0116093554142
EK202310140375,145.45119123685214
EK202310216009,122.486456382429
EK202310113207,125.24352056457565
EK202310132100,153.0122403391726
EK202310126863,152.84391361568854
EK202310146868,128.35309526695943
EK202310108177,164.4471427745685
EK202310166280,165.54970400936762
EK202310182008,164.15036065629627
EK202310162197,129.20607776377358
EK202310147752,152.46354567473807
EK202310003947,127.59853007524256
EK202310176472,127.24596549477747
EK202310234387,136.9252927962822
EK202310170022,131.9273087037879
EK202310171056,134.91413338503847
EK202310180973,165.2702322909146
EK202310166464,140.12868862328054
EK202310123184,131.27690402395876
EK202310192128,152.73012423064594
EK202310207232,130.18625354548436
EK202310133397,124.25322588752684
EK202310113037,147.02802666900917
EK202320007617,167.75910213279826
EK202310128691,125.5833734253897
EK202310234443,120.41129168309638
EK202310163599,143.3198156524383
EK202310124529,141.9392517548972
EK202310195861,149.90884694620254
EK202310004652,144.70491822771933
EK202310128598,144.25371404551623
EK202310219754,152.3193373541824
EK202310153907,143.47278878043522
EK202310210564,148.5276884040439
EK202310119285,148.43793885647406
EK202310236273,126.66346197393418
EK202310205597,156.6173387575505
EK202310232930,127.31485801515389
EK202310191886,147.2718903374511
EK202310236382,126.66722174893641
EK202310174764,153.0520037528824
EK202310105490,147.64705591322164
EK202310177012,168.1555337737134
EK202310128378,132.0528087420372
EK202310165398,137.66900042024773
EK202310142395,156.35915052733122
EK202310220861,138.33792109487302
EK202310209523,145.90936116381187
EK202310122997,139.82788403844086
EK202310205282,148.47467373647896
EK202310131435,158.63963611041072
EK202310203906,143.1406723987882
EK202310236413,140.05722535782706
EK202310156951,153.67360552460968
EK202310106622,124.13535374517777
EK202310189975,159.2982318924383
EK202310225784,128.6345968370002
EK202310219294,122.28746457542633
EK202310105442,132.67828490679602
EK202310132208,123.16211717221647
EK202310105616,143.16155168753735
EK202310174736,119.0312686011593
EK202310196913,150.29721967886252
EK202310137961,138.66065921405922
EK202310176163,153.0258521595451
EK202310110032,114.50948781654958
EK202310157504,123.72353284029508
EK202310233635,125.92994598751858
EK202310248436,150.95923787465216
EK202310202168,129.75136357438106
EK202310155766,134.77184616428997
EK202310139190,132.9692995391456
EK202310178893,147.55715303888397
EK202310194060,163.37937638823996
EK202310118567,145.0674054953911
EK202310127903,135.13103166462054
EK202310236053,127.38344237304771
EK202310156969,160.23790976281168
EK202310113094,140.68233724282385
EK202310117682,147.63317096072154
EK202310175150,127.56524890870345
EK202310190181,147.7636448334711
EK202310144477,143.91610321387623
EK202310167953,157.88826783709314
EK202310123207,149.5911558634345
EK202310211120,134.63989648546362
EK202310158476,147.03170447094698
EK202310245986,127.23839432643123
EK202310141979,145.19310114395378
EK202310210627,143.54568039892922
EK202310131358,135.46985646016103
EK202310108863,141.51786335903464
EK202310106507,153.20820044995767
EK202310219636,135.49306734213735
EK202310206075,145.46013664443794
EK202310164374,149.75160432483787
EK202310247640,140.38421442033024
EK202310128033,166.12647330975201
EK202310202213,152.99029731387319
EK202320007199,158.32810559161933
EK202310148351,144.46370686003598
EK202310167191,146.39898263810414
EK202310191728,146.23569402878582
EK202310200275,122.59443300341965
EK202310240207,144.34276332787033
EK202310169132,140.63748933569406
EK202310144609,146.95654648147763
EK202310198534,148.8696017955598
EK202310117322,136.26347960124156
EK202310111311,138.65847016141038
EK202310132198,129.07550612602046
EK202310123213,141.0284104554045
EK202310175579,141.90187433984266
EK202310179611,148.40060941845167
EK202310162505,153.36092032633667
EK202310192578,143.8249883271427
EK202310106746,148.98151710814895
EK202310131965,134.33861560017075
EK202310193615,140.48778469527693
EK202310196394,151.294377191599
EK202310219201,134.50769078348145
EK202310223123,141.10275072725457
EK202310193426,156.8479086977708
EK202310118739,163.593600227839
EK202310106117,143.78260590986258
EK202310104981,154.35787638197883
EK202310210450,137.83563786719907
EK202310174407,146.63961017854143
EK202310104567,144.4740166987043
EK202310127432,128.94992321257217
EK202320005737,148.69490516942724
EK202310191941,143.42013453825447
EK202310153855,144.44921881044348
EK202310207694,153.49706141523438
EK202310227244,135.25622280416286
EK202310153520,116.67238447644289
EK202310160923,152.30273737384232
EK202310105321,141.2922332003979
EK202310134289,144.32118298247076
EK202310221860,143.7741233169016
EK202310127051,113.4470004260716
EK202310004011,133.9989054406067
EK202310106438,128.90680438196992
EK202310223885,126.60394312157973
EK202310147175,145.8160770884634
EK202310172305,131.54562423242282
EK202310233355,131.26097681476273
EK202310175639,149.66124145007794
EK202310119187,130.93279584865516
EK202310208266,138.2849522026713
EK202310218780,139.36276891384986
EK202310208314,142.3830416837473
EK202310231800,127.6316820691649
EK202310128055,157.6985233038569
EK202310239898,130.0293977516663
EK202310216957,144.8119538960068
EK202310209441,121.93506491323373
EK202310123208,146.02190588183996
EK202310209923,142.94454995264144
EK202310133751,143.18659592676855
EK202310245312,132.31735721441603
EK202310115764,140.20416666120317
EK202310207764,126.65589448895662
EK202310240599,171.15164764425245
EK202310147315,145.05636770376475
EK202310131500,124.63033461425823
EK202310176669,145.20523183756532
EK202310123945,150.25565980892736
EK202310209731,133.5775575090308
EK202310144605,148.16391033805078
EK202310122549,131.05187533621518
EK202310145497,141.54812580068324
EK202310140293,141.66508582772101
EK202310139650,145.25023244644373
EK202310157829,130.43796090249552
EK202310106995,154.01744683197177
EK202310124413,162.12036531250064
EK202310214088,151.15451346677023
EK202310164191,150.69099153286265
EK202310226197,127.53840190400975
EK202310004226,142.19567521272324
EK202310108441,122.91359366547347
EK202310135386,150.3994267616827
EK202310129306,160.210327234682
EK202310235944,139.91137253073856
EK202310247944,138.53934758520307
EK202310165677,133.47635648048745
EK202310199534,144.17397656872927
EK202310126380,132.52826049842446
EK202310154011,137.69761796762833
EK202310132506,170.70409568788426
EK202310108076,145.29863807020433
EK202310160457,148.56711677002028
EK202310208714,151.33215622902804
EK202310154569,147.82479330329696
EK202310144642,132.67526012944398
EK202310190051,158.01790918296746
EK202310117172,146.08262247173218
EK202310177405,156.59396148167446
EK202310213301,132.5614590448488
EK202310137198,154.57277563444595
EK202310151042,135.93037691851222
EK202310168461,140.77482416311582
EK202310243164,147.40520882754487
EK202310179023,130.5119169705667
EK202310160904,155.88495264051062
EK202310171189,146.81525187078594
EK202310239158,136.22249887712377
EK202310167988,144.21592540180583
EK202310226837,146.68974115090055
EK202310135580,140.4817452182765
EK202310246488,151.85839535815276
EK202310003762,137.66727077425134
EK202310134904,135.9882296792523
EK202310136330,156.07195811048595
EK202310217816,128.93379934505472
EK202310122041,143.74767107371085
EK202310246474,155.09167245244475
EK202310157040,138.47609451742568
EK202310198401,161.19506613566327
EK202310117127,134.67518173704593
EK202310105754,144.01728614133808
EK202310166261,146.73959035595652
EK202310168044,143.2942347214261
EK202310220538,124.31145612280582
EK202310139280,138.5087019639778
EK202310135523,159.35165949238558
EK202310236682,147.99787326388844
EK202310244877,136.23080100903528
EK202310107483,136.07039268750756
EK202310175451,130.3248417234575
EK202310180461,168.36099190159234
EK202310144697,133.84532496799872
EK202310123532,132.33837492805637
EK202310123754,162.2910768366472
EK202310206309,143.8024201163711
EK202310239121,143.96120222989057
EK202310104310,144.36726527806647
EK202310211761,154.9667227653721
EK202310191013,154.27469776877874
EK202310240312,144.15519412004696
EK202310217200,145.19552654496255
EK202310114563,144.43130482451122
EK202310161367,132.70278775679716
EK202310144122,147.12319302282881
EK202310212504,132.70987910687887
EK202310177497,143.58131542247062
EK202310236237,132.73961956500992
EK202310198587,151.53048944293585
EK202310163062,150.91493461819925
EK202310164746,148.5233830984127
EK202310201875,133.06079037051015
EK202310172081,159.73840743686395
EK202310239571,152.87416944862645
EK202310135582,141.87301943296055
EK202310168412,160.330875315034
EK202310207958,136.9771151617748
EK202310192851,143.45878926276805
EK202310192868,135.05752001891017
EK202310240745,143.80171489867521
EK202320007142,154.98039856908676
EK202310242152,154.04584345106574
EK202310158334,152.74113147331227
EK202310202840,152.03212566048694
EK202310135210,164.000295191372
EK202310140844,155.57885136623892
EK202310231684,121.53821749090127
EK202310220876,132.4861910675625
EK202310135369,150.16466841093975
EK202310163963,137.054076506177
EK202310126679,127.7850870244592
EK202310162655,151.02059757309146
EK202310154642,136.1858192760684
EK202310178024,133.1222826216764
EK202310168498,149.21798450807552
EK202310220365,133.8425885144385
EK202310111380,137.42594114340054
EK202310152697,162.5711858627396
EK202310246759,135.69358028490785
EK202310111419,137.49692746616142
EK202310218578,132.637786543741
EK202310110262,135.6729300831916
EK202310112025,160.85156869400535
EK202310219733,136.0625308998876
EK202310188715,157.87093952177642
EK202310120824,161.34039329252403
EK202310115460,145.73185765562593
EK202310243920,143.73072509634676
EK202310177399,143.97193518588952
EK202310187981,151.5380083307374
EK202310245247,133.0067004361966
EK202310121751,133.64431828351556
EK202310157398,134.17369943887013
EK202310146316,146.4061899357793
EK202310147009,147.50035976871104
EK202310186969,141.457020356612
EK202310137065,161.46737801630297
EK202310121746,136.5332711163341
EK202310156291,142.42986826280804
EK202310214011,156.69922201004934
EK202310214233,144.40930317098423
EK202310119619,137.5930961756153
EK202310179742,134.98680440426793
EK202310182000,149.9185092098131
EK202310200585,155.32761228010017
EK202310152222,146.83467789842612
EK202310149190,160.24714340672335
EK202310187819,157.37600893422214
EK202310124003,172.6400041296919
EK202310201545,139.3992134457241
EK202310171385,136.30266104001205
EK202310238751,135.00818793303029
EK202310140367,118.00728647251353
EK202310237130,144.1950575905114
EK202310198345,148.68864611411237
EK202310247133,145.84293157692227
EK202310137734,110.6239440903125
EK202310148474,133.0787628343899
EK202310150325,146.26428824157608
EK202310208250,139.79065981485707
EK202310232333,133.31805547886694
EK202310226045,132.3812901796495
EK202310158994,143.4174722022489
EK202310198109,152.90782898588623
EK202310193685,142.7742186710516
EK202310178796,165.7367028795404
EK202310168028,150.96316352444595
EK202310106830,135.9304596240545
EK202310181540,138.09033978783708
EK202310182066,158.5451513023459
EK202310206663,135.36520524934585
EK202310219839,161.96413886154892
EK202310201710,150.079226764857
EK202310187487,134.57465313641148
EK202310202274,148.49693883319364
EK202310137558,130.67847798618598
EK202310190906,137.51489684172583
EK202310223424,158.0120456107982
EK202310178941,140.80287605087702
EK202310184440,139.09490592853552
EK202310155782,129.70124190462408
EK202310122432,153.15249938504235
EK202310182848,132.8357838550254
EK202310164226,159.40834162945757
EK202310173490,133.94265295807193
EK202310213090,123.90546580477468
EK202310153722,158.20013809711014
EK202310173472,151.85511935429543
EK202310167875,140.4912917133177
EK202310133234,120.71036558493185
EK202310223308,133.85015771167727
EK202310205100,144.17248933430585
EK202310198402,126.77849596920697
EK202310110225,148.76312703985639
EK202310171586,153.7927450911413
EK202310122356,145.6859708734308
EK202310163392,134.2799892880547
EK202310183719,157.06365292285045
EK202310003951,150.46772845655457
EK202310138515,158.99297246453034
EK202310170831,144.8403713143271
EK202310133182,132.0307287869819
EK202310111516,128.7073082811255
EK202310125263,133.88663520392188
EK202310240055,135.86717788583223
EK202310180483,142.6790910111088
EK202310204716,134.24288838900597
EK202310187018,150.75647237249524
EK202310158527,158.2619665401154
EK202310122260,151.95518320991093
EK202310234650,138.63100358381902
EK202310144474,139.4091991470911
EK202310237894,133.27178681089106
EK202310106091,158.75320333101155
EK202310188317,138.5788768952105
EK202310158850,136.13775400543926
EK202310186426,162.2618423787403
EK202310169750,141.18905515384074
EK202310206676,151.11825627857428
EK202310155928,159.68038194649364
EK202310230978,114.24790767723425
EK202310233369,105.40966426258302
EK202310129476,153.66828140013862
EK202310133048,142.3265994358092
EK202310165488,143.33083339144687
EK202310143637,163.65468263402772
EK202310214266,144.99655424122224
EK202310126225,141.27703908027448
EK202310152458,169.00657499947636
EK202310223231,145.24344136238568
EK202310120167,137.65226858618965
EK202310143015,153.54085918389538
EK202310158308,158.13960536004805
EK202310173081,138.46316097956512
EK202310189028,143.28422578201932
EK202310132273,163.544631994848
EK202310128353,142.25730266950993
EK202310174810,140.53033419872042
EK202310239062,151.38602977256312
EK202310120641,136.9045227411372
EK202310244227,147.3550009924271
EK202310118757,134.50157150617957
EK202310129075,147.81114164480877
EK202310224814,137.70068513324208
EK202310004731,123.26122414779772
EK202310156915,167.19291088153392
EK202310115641,138.8212909672104
EK202310118147,171.8260630284148
EK202310248390,161.73298699706436
EK202310218403,131.28415016774395
EK202310155441,149.20788554369614
EK202310230283,144.47124624108602
EK202310162794,151.58135228660487
EK202310182211,155.00013943587425
EK202310143073,150.45220612223977
EK202310177848,151.21268335161292
EK202310003966,151.8149289512923
EK202310194839,153.29118126866908
EK202310233597,143.2537400967735
EK202310160959,139.77636383158955
EK202310225528,128.96212157509015
EK202310108255,152.11873618294868
EK202310166709,137.9583052030685
EK202310203616,147.2663441763526
EK202310189898,154.07797004302262
EK202310135324,157.1723552808075
EK202310183856,156.24221776840596
EK202310178334,152.3367479142889
EK202310112277,150.00223808704737
EK202310116332,134.6818599943297
EK202310174408,138.1217745173856
EK202310225395,133.03405692546076
EK202310179921,146.01389178618746
EK202310136896,133.810203103783
EK202310246946,154.91718875277212
EK202310132878,138.74718351814715
EK202310132936,137.39465779796456
EK202310117215,136.79924632493118
EK202310194744,141.33531069484295
EK202310239667,144.66895292799043
EK202310137081,138.16928791706493
EK202310195120,149.26365568202462
EK202310244943,144.66933952733265
EK202310216463,144.9988362644152
EK202310175023,149.32158361995172
EK202310123452,135.48515921878584
EK202310120759,143.80638802650924
EK202310200555,155.10182801182225
EK202310183159,148.06417351286615
EK202310237119,156.14680832465743
EK202310241465,129.86539582202943
EK202310185913,144.1988860264891
EK202310207534,154.65477697392606
EK202310158605,150.30533685690253
EK202310193608,143.01055368957392
EK202310238219,151.1366270694475
EK202310142209,155.76383577274478
EK202310158659,138.9790150123015
EK202310196102,152.6607753047033
EK202310244335,140.55153695285753
EK202310151300,143.1068099851663
EK202310135647,128.64612598368575
EK202310208600,139.46200341268306
EK202320006689,166.92755113580932
EK202310208813,152.2595843216637
EK202310154438,140.09232337614364
EK202310165804,127.87500857377262
EK202310124724,129.33680578128258
EK202320005923,172.74319869581376
EK202310193868,145.66091889693698
EK202310243558,140.4888086279173
EK202310213393,124.07847863449888
EK202310142913,155.33409407012675
EK202310168870,157.12553185443832
EK202310246882,145.88109579040542
EK202310123829,138.58944638037048
EK202310125993,143.90567987278646
EK202310148678,124.90254641138631
EK202310214338,129.11097060547064
EK202310118609,143.47058486097836
EK202310223350,151.8287238249593
EK202310161314,138.73927066232906
EK202310172634,175.67766441907253
EK202310218585,142.30152166096033
EK202310004027,140.59034724593647
EK202310177913,146.3056040653004
EK202310195749,142.24316507172486
EK202310176453,131.15146078344966
EK202310213885,155.3731035746867
EK202310137118,157.5972502275812
EK202310219450,124.85180354841945
EK202310228378,154.2952039253148
EK202310157141,157.95919505299364
EK202310131718,152.83795323913634
EK202310165083,137.01555672835846
EK202310004821,138.25789600142545
EK202310115195,138.218850016365
EK202310179460,129.80764157330358
EK202310204918,150.3497029021465
EK202310126066,120.85614150605471
EK202310147822,148.35621525792246
EK202310233974,127.93223564276856
EK202310152337,152.36514327424328
EK202310121597,146.42085019396683
EK202310113315,142.45209374859192
EK202310172487,164.62322900836313
EK202310208865,143.3631130742945
EK202310178856,119.06430010093133
EK202310163216,145.99264996754587
EK202310192275,132.60998957263092
EK202310123629,148.47978039985333
EK202310118365,161.86361990014976
EK202310205626,142.26147221193511
EK202310197305,134.97373504767987
EK202310168104,136.60575121163689
EK202310147731,161.34213967637686
EK202310202905,144.75229108109716
EK202310240860,138.72110832484918
EK202310003646,160.01591789079265
EK202310241992,135.44144366869088
EK202310139823,151.7642511524078
EK202310229599,125.71744384750642
EK202310183516,150.8852014653054
EK202310224914,120.93733005683642
EK202310191077,141.5073241182818
EK202320006964,166.00112574634505
EK202310237895,135.9456831240347
EK202310176057,159.85536326565588
EK202310165954,136.93715577476289
EK202310122162,137.16052419101354
EK202310126238,118.01015404155439
EK202310121795,140.5065417205555
EK202310161976,154.43374353892767
EK202310191508,139.90555046194223
EK202310176644,135.35124017722285
EK202310152467,156.87388080906223
EK202310219240,141.0778097481313
EK202310208125,146.07230535208544
EK202310159439,156.09963135383578
EK202310112020,148.44190247167103
EK202310131152,150.9700358116736
EK202310231176,134.33064529035207
EK202310119600,152.6615047964462
EK202310142740,176.82119453289326
EK202310190305,142.74666281058202
EK202310181410,150.51554017249373
EK202310195269,136.5224914408445
EK202310154821,125.24481346304214
EK202310247409,144.96342130872418
EK202310146034,140.59484392048734
EK202310193073,151.22488451666746
EK202310184666,177.63551222946242
EK202310107982,154.28798374927268
EK202310118565,124.33519772668248
EK202310189557,146.61161441319678
EK202310176523,161.20189326192914
EK202310199098,159.5801639700035
EK202310192444,155.8166246165875
EK202310201510,157.0668458829141
EK202310152404,153.9866656894995
EK202310159084,171.54968269274025
EK202310241360,139.8559575954975
EK202310216628,142.16209644955308
EK202310228907,131.45707171157667
EK202310129890,166.8745022725228
EK202310151590,125.55570075579068
EK202310145359,122.79025759111644
EK202310157050,129.91329870747637
EK202310176488,122.16275897623599
EK202310130834,140.11981041172962
EK202310209574,148.12477074018383
EK202310111176,138.6593806860824
EK202310147278,141.39189902657222
EK202310208597,162.73776983399154
EK202310196533,138.49176495932926
EK202310195547,159.93373715271255
EK202310176613,139.38413940443257
EK202310164726,147.29101344562454
EK202310243633,134.16160406420158
EK202310196133,146.08521228704134
EK202310147029,141.85854511322682
EK202310218892,144.57433061854923
EK202310140920,143.91738468465724
EK202310155482,142.91990662428216
EK202310135200,134.14403395622833
EK202310172820,141.52644074229033
EK202310105543,116.62053370283249
EK202310172387,145.0061157533527
EK202310176697,139.67351394629233
EK202310218951,162.19184431744225
EK202310103784,145.7620921332833
EK202310230023,134.21268037984223
EK202310164692,147.51684576055905
EK202310104542,131.5060725599265
EK202310176068,143.2297947506238
EK202310244683,153.18310980600546
EK202310119149,135.16762105991748
EK202310191861,127.3790425438495
EK202310199949,125.13610973097573
EK202310161393,154.66838001066535
EK202310125111,156.88417208890684
EK202310199054,152.77008621363143
EK202310004487,141.05240892685785
EK202310183184,121.53083453182091
EK202310201897,160.20234546878712
EK202310210681,128.68281364111854
EK202310171699,125.55505291500494
EK202310136344,136.23187629200046
EK202310142799,136.5908045346884
EK202310003358,146.18655913695412
EK202310177915,149.98406061263336
EK202310233198,150.15733994247225
EK202310180154,118.66277716639787
EK202310174450,130.13150284954597
EK202310136841,136.15613301273396
EK202310121016,153.59337676824208
EK202310165032,125.93998203087196
EK202310228963,138.62083532285232
EK202310121559,146.37446593811617
EK202310181916,142.02350608117433
EK202310145575,171.9576740707065
EK202310239181,146.35881614058806
EK202310188158,145.29325729133683
EK202310128251,130.24414310922745
EK202310132218,162.20980251296118
EK202310171818,148.64735544138173
EK202310104717,150.49815111882046
EK202310166536,154.8680022787322
EK202310165544,164.95174491470368
EK202310106140,134.31260908444506
EK202310120542,126.38929819348479
EK202310200432,141.6897877507862
EK202310137688,144.02644149851784
EK202310199770,131.30740279982007
EK202310151234,134.22209472946767
EK202310239824,144.9650908858128
EK202310109979,138.67564863994033
EK202310222377,125.55748002061608
EK202310129765,146.81338193694998
EK202310004768,117.3080703855961
EK202310161683,159.36112387738544
EK202310111657,159.0338082787614
EK202310233223,138.06480317140458
EK202310191113,169.86294267786076
EK202310133283,146.8422245167813
EK202310196259,140.7067872061903
EK202310180866,141.1221248079869
EK202310219289,133.50848638602184
EK202310195465,169.14627165146942
EK202310163110,146.6698171715097
EK202310236924,138.0177452462379
EK202310175544,142.83387452096315
EK202310106368,142.11462315644044
EK202310187622,149.39687960026495
EK202310204563,151.348636895495
EK202310169494,149.16379546326073
EK202310151846,155.36747753554656
EK202310239299,135.3965080354308
EK202310145012,126.56286913018099
EK202310110945,143.69227796355315
EK202310198659,138.46389251351698
EK202310130369,131.48848628184788
EK202310191235,134.00502150980194
EK202310171717,139.4782218204527
EK202310235589,148.31293341501552
EK202310114348,150.11236365947929
EK202310232893,151.38243088493826
EK202310164789,158.07715637639504
EK202310236042,155.1609154865895
EK202310004445,132.53035186938473
EK202310172245,133.16286639486523
EK202310224823,135.27067520040092
EK202310136877,150.44373527170072
EK202310123423,147.052767391204
EK202310153225,152.4953178058763
EK202310145756,130.11731044149334
EK202310146568,140.84611740394465
EK202310163087,141.96222124782682
EK202310245297,164.39408238905708
EK202310209644,144.54528441568633
EK202310140290,131.98914809006843
EK202310221072,142.48496306083922
EK202310135414,142.14531975916196
EK202310187378,158.8271624048105
EK202310133530,150.49071104741128
EK202310224364,147.48719796609396
EK202310195517,153.44482173692538
EK202310204169,134.60681973931167
EK202310210323,113.33745835345164
EK202310200422,126.91892999984064
EK202310151056,129.36550775834525
EK202310227277,136.818832320943
EK202310247028,143.15600507013212
EK202310180050,146.26632972913671
EK202310127868,155.84338583414672
EK202310234685,139.63356311361466
EK202310223304,129.0804185867128
EK202310222628,123.85706802511432
EK202310132162,150.89535133584798
EK202310107313,157.1694283907157
EK202310193034,125.22410810659368
EK202320006263,160.43687190785568
EK202310180508,144.58695676915946
EK202310126699,133.75480971553074
EK202310161588,157.24636770843873
EK202310230044,143.57045543645944
EK202310131679,160.33225086324796
EK202310130402,150.08020911241772
EK202310186216,142.8962736998168
EK202310104460,141.67457459206932
EK202310138193,128.77038294157074
EK202310190994,150.5347781252781
EK202310235895,133.5154559372892
EK202310129828,161.52032470395625
EK202310188700,159.87621540624224
EK202310162187,130.84683600783507
EK202310137095,140.78529404320486
EK202310142210,145.11263268153985
EK202310197331,150.70642639746364
EK202310224439,151.72197564630613
EK202310202545,160.48743850153534
EK202310172841,142.90388840472866
EK202310185316,153.50374337820782
EK202310193096,123.71458663095045
EK202310239366,133.7965959229877
EK202310157680,140.2976958735055
EK202310216245,124.72851720231657
EK202310122188,132.61924712108487
EK202310229644,143.50221674062402
EK202310205871,137.24834154682813
EK202310215556,146.88616774888052
EK202310158679,167.82177988635863
EK202310147755,138.67096194580932
EK202310186194,151.91477276054158
EK202310117620,131.66495860595145
EK202310194359,144.08939969421633
EK202310198922,129.2558521705709
EK202310116214,145.3152106981656
EK202310162259,144.30305966370955
EK202310157059,176.0961820048733
EK202310128924,145.89568317369086
EK202310141619,158.83552599766588
EK202310221578,144.41648220082544
EK202310138618,144.02799836315168
EK202310183482,146.20684536604531
EK202310152447,131.62011420624074
EK202310237940,109.33647368908498
EK202310150193,125.45428934991162
EK202310183803,174.45971059043995
EK202310111372,136.28467290011747
EK202310201263,155.96821103222
EK202310124638,140.80515013039343
EK202310178960,147.4331676863551
EK202310210327,139.7318675740657
EK202310201273,150.0850721015872
EK202310222624,135.44186205171053
EK202310180840,131.20335319348598
EK202310185078,148.83145267864364
EK202310168572,156.10430259858072
EK202310170490,116.96731273289872
EK202310232989,134.06033077331927
EK202310162228,147.3452434059971
EK202310175459,143.0974148180067
EK202310165474,136.67257370171237
EK202310243395,145.3276504551027
EK202310127631,146.09854883851173
EK202310186924,135.19912492147247
EK202310163431,118.89147209187757
EK202310189463,163.35148668082755
EK202310190842,162.22740541978882
EK202310185696,155.38455394857684
EK202310111713,135.0690121851859
EK202310193617,148.5659304815354
EK202310125805,137.09241640927945
EK202310151745,151.36211554496447
EK202310175297,133.59489587622505
EK202310196724,131.20534171927545
EK202310233146,167.16462372479754
EK202310143125,136.46371051298456
EK202310162683,155.03686775020657
EK202310105844,146.3028709076368
EK202310137395,145.23196556683783
EK202310234360,150.82447530362393
EK202310169711,152.7711383415426
EK202310229840,128.85662215384073
EK202310108815,141.3263815049657
EK202310173350,141.15614845319155
EK202310221654,130.6880013004268
EK202310117503,132.1275793860834
EK202310118377,129.40835486517886
EK202310193948,155.74402714155337
EK202310157293,143.83273974918532
EK202310229924,143.2287034946916
EK202310207252,145.28995402059405
EK202310112063,153.60152632396256
EK202310211575,129.44601567243518
EK202310121865,139.62378528575644
EK202310229242,130.86064539133082
EK202310217753,131.27560334373766
EK202310154203,151.84089166810932
EK202310119526,142.9479439402622
EK202310233019,131.17821474266356
EK202310110136,135.72994034756357
EK202310136917,152.13493572704687
EK202310232125,140.23600219975404
EK202310195652,145.8655539843307
EK202310003341,155.03770273958662
EK202310172729,140.90227912888435
EK202310106011,148.38910257527252
EK202310226908,133.03922774514461
EK202310160952,166.46114597308042
EK202310123901,139.64473147622817
EK202310219883,121.7635799575651
EK202310239294,136.0389987585441
EK202310191292,144.236873831548
EK202310242675,132.43183383985277
EK202310159365,140.66370091004276
EK202310207357,133.7338529634636
EK202310134219,154.1467470367388
EK202310204692,166.88518357565692
EK202310145833,143.14879739941065
EK202310232367,132.18544216511364
EK202310133942,175.20254210074148
EK202310116957,146.80175098010338
EK202310113990,144.96327476164248
EK202310110317,131.95759547356576
EK202310183678,127.61092449745786
EK202310210475,132.70666506099178
EK202310215753,135.41758284021813
EK202310172041,148.5232881262322
EK202310127368,158.2200301331227
EK202310133141,165.96962335092624
EK202310166184,160.1543749019506
EK202310123460,136.29552647858574
EK202310159288,168.7408598963322
EK202310224966,146.5616101185196
EK202310169548,138.57880810199637
EK202310157945,171.61564415504412
EK202310208906,139.83042210771399
EK202320005732,143.79284988451084
EK202310140120,147.6616979081462
EK202310153086,157.6745016717859
EK202310230330,128.7918894217413
EK202310213318,137.65123184565857
EK202310178418,154.2607929652219
EK202310155143,138.77752945457115
EK202310183350,159.46995698269066
EK202310171243,150.00694557947517
EK202310241995,146.8893222361371
EK202310166956,138.13399271178352
EK202310239455,150.8041223750529
EK202310230110,136.22059168793572
EK202310232654,139.61553132579178
EK202310230579,122.30240055892912
EK202310230165,139.7431518093162
EK202310150438,141.91914212136504
EK202310114432,127.46412045356276
EK202310178701,166.259862899025
EK202310193862,153.99932860360417
EK202310133458,126.34050879416363
EK202310126585,126.83523679791881
EK202310114949,140.69304602594022
EK202310239835,130.37908284199085
EK202310198418,163.08663658481484
EK202310164005,128.8255058019346
EK202310108538,157.52855390963785
EK202310248296,133.63913420908838
EK202310164825,124.67393812304365
EK202310202468,130.18331855333068
EK202310179750,147.17717075328193
EK202310178078,142.14149999157146
EK202310224170,167.0050476461257
EK202310108711,125.0628495205919
EK202310107024,149.95617211157293
EK202310229155,138.40791697160205
EK202310109556,137.7479816702225
EK202310202152,145.28360930564912
EK202310237189,149.93824551477786
EK202310147644,149.048098535781
EK202310161108,170.21918167553935
EK202310122907,170.97440121810908
EK202310108647,140.8737862093718
EK202310116234,152.19079855441038
EK202310180820,142.63230068199556
EK202310185427,127.92568406908244
EK202310156227,160.9112328690345
EK202310121246,137.3815321833388
EK202310135704,137.43095166894878
EK202310225359,129.96951757482785
EK202310205195,151.90530523423467
EK202310201515,158.23338501492515
EK202310195070,149.16503398590558
EK202310185184,154.6845552236865
EK202310233163,130.4026692003061
EK202310169236,151.4018125901077
EK202310113651,141.30138649434
EK202310105373,123.25971651055856
EK202310106115,114.40644185879546
EK202310245413,143.12043420949885
EK202310219987,140.11897756214904
EK202310142576,150.0793840137256
EK202310158268,139.77748401801125
EK202310156894,146.09456283147819
EK202310004886,155.70606593993705
EK202310154420,125.29988240430683
EK202310210832,132.04841038735333
EK202310220049,141.3987498888225
EK202310181921,168.55094488032222
EK202310201324,148.33006253133237
EK202310191459,132.3954826671166
EK202310128368,146.1556323251764
EK202310175128,121.19890252839821
EK202310172288,146.13555177281725
EK202310216634,140.75654332154085
EK202320007004,173.28613201460115
EK202310244935,122.19424155974022
EK202310176831,128.95893750459393
EK202310119255,144.43018104298642
EK202310225916,140.30568760522286
EK202310159227,168.7383891600479
EK202310208285,160.10101261888238
EK202310139560,165.94313739266914
EK202310122710,130.0920376803061
EK202310121289,133.74237420157124
EK202310124642,143.84003587254654
EK202310232850,123.51615808836212
EK202310162749,161.93766350219414
EK202310114861,145.79688879182928
EK202310147672,149.34296853221971
EK202310146693,142.21339904638648
EK202310229560,153.1051438367246
EK202310153109,151.80609433212555
EK202310159133,138.26802813771064
EK202310147681,114.90967751336129
EK202310154454,152.63116869728455
EK202310215971,147.5351923404356
EK202310176116,159.28622299729835
EK202310108965,127.80139102335316
EK202310117311,129.52840283193754
EK202310205689,145.94686993280303
EK202310196959,159.33273402840734
EK202310208747,170.33420497116387
EK202310220306,149.50084709094352
EK202310229825,143.38219641356886
EK202310156765,167.89291798829976
EK202310123916,148.1800373027769
EK202310208563,152.96905500886217
EK202310176612,140.025748240017
EK202310150270,169.74176441460833
EK202310167920,134.21057961657542
EK202310004780,132.0629851574387
EK202310228392,146.75595527140504
EK202310162764,150.15598511406384
EK202310178248,155.50607599314026
EK202310161854,119.25412352227235
EK202310184896,148.6798351686439
EK202310196454,147.0318764713668
EK202310166252,154.04423105366658
EK202310224266,133.10881681375898
EK202310228300,141.0690524660975
EK202310228517,121.97602996621328
EK202310119762,133.2616118803964
EK202310197634,137.79252190776424
EK202310163433,118.82616503971673
EK202310205791,140.95772740729956
EK202310198433,137.97932245875347
EK202310205023,139.66294392447298
EK202310139454,130.20154548236394
EK202310201839,141.09722095252027
EK202310197547,164.72805083427198
EK202310233724,134.7747040584344
EK202310153252,156.75817033956255
EK202310190922,137.75171095506357
EK202310142523,150.95557417043136
EK202310219846,143.0142035443887
EK202310198901,129.72050541410528
EK202310167227,146.18008139899382
EK202310111384,141.7554596081416
EK202310136046,167.1507457872504
EK202310214121,152.5741270078222
EK202310118169,139.42035979832272
EK202310183250,141.84412542512425
EK202310188579,126.93194446528318
EK202310131031,138.10818528105486
EK202310104480,146.66313625989494
EK202310239710,162.09895378522782
EK202310234691,121.13083950556953
EK202310168972,141.55965377167294
EK202310120008,136.59307785924977
EK202310212233,131.73745353759045
EK202310215929,142.0743972543466
EK202310211484,115.81829915527138
EK202310222506,132.33863049417204
EK202310202763,156.74282385082068
EK202310220490,148.30540052583245
EK202310116375,143.560352971948
EK202310175337,163.37009564367835
EK202310240580,137.10467466684287
EK202310109905,155.5633084311946
EK202310192597,152.7650895212292
EK202310114800,118.65466704528602
EK202310132205,135.39749590130938
EK202310110193,121.36034646096627
EK202310165102,154.40764410480608
EK202310116663,141.95148113659738
EK202310218315,153.19687400660183
EK202310113156,158.91969762216695
EK202310231146,125.09611121476149
EK202310180373,140.5899011584376
EK202310232424,127.71035334654687
EK202310224878,128.3554764981483
EK202310103830,140.857607009156
EK202310240706,136.52132295571838
EK202310120776,157.28837367724597
EK202310160117,142.08577800877782
EK202310132998,135.79957571146886
EK202310003968,161.09425928959422
EK202310209613,147.65658805632555
EK202310241092,133.98372477633666
EK202310123771,154.54259668352506
EK202310245280,135.07456217957372
EK202310244377,139.46989968465698
EK202310109713,168.0961867877535
EK202310228232,144.6062735235245
EK202310148652,135.37680441614518
EK202310243472,127.89689439281429
EK202310170765,141.09410607077288
EK202310170088,126.24068595693454
EK202310004315,130.50865123464084
EK202310217178,149.18578225504592
EK202310108775,158.4731003918099
EK202310180920,147.95976826231944
EK202310246305,142.9337855208945
EK202310206922,165.37779912843416
EK202310167783,148.99870691870066
EK202310129574,141.2957326789321
EK202310174308,135.23919281645743
EK202310161413,161.44503992105604
EK202310148150,157.09938636304545
EK202310141044,156.64912796361233
EK202310231588,149.09737709392863
EK202310118970,125.62413445468398
EK202310181033,154.7560034510419
EK202310194383,143.94437841627982
EK202310183986,166.0042213591218
EK202310150419,139.50783938952947
EK202310194684,148.14819315520512
EK202310123982,170.31406555801675
EK202310167254,135.510299087101
EK202310170710,119.65506629974286
EK202310112450,145.67924795609258
EK202310220586,139.8294116970226
EK202310189665,152.14295122091886
EK202310117974,134.52495291447946
EK202310131602,137.7980069785981
EK202310162096,153.54257434600777
EK202310243659,144.73104384173934
EK202310187107,120.27442583092596
EK202310188591,124.49789087181495
EK202310130729,141.47060730141953
EK202310207612,145.7618488709753
EK202310190165,142.1498468588998
EK202310240918,137.7294567456966
EK202310138933,132.76719047208752
EK202310124424,123.50958116979275
EK202310207452,136.91620297071663
EK202310149692,156.17231527015912
EK202310122269,157.0351340282749
EK202310178206,156.1010026125384
EK202310236928,131.71852574982398
EK202310108129,151.08364016397982
EK202310242986,135.90781907340664
EK202310153555,143.07445083798535
EK202310135472,148.15517680268977
EK202310135151,148.39760113871753
EK202310121132,145.7021238851353
EK202310159808,136.1555627968124
EK202310111940,140.2752685506614
EK202310211823,123.37335478258521
EK202310208954,167.11883474238095
EK202310174925,159.8910786303502
EK202310139934,133.2081769363195
EK202310128204,131.24168700591102
EK202310207948,130.39978539162635
EK202310194132,150.6975589245673
EK202310213757,141.75629949749242
EK202310210438,139.55419869667043
EK202310144525,160.51498075166526
EK202310125105,146.67076049530522
EK202310120299,135.07264298879738
EK202310246727,147.61957732356655
EK202310200847,146.7008500077792
EK202310181091,135.28648841033092
EK202310130669,139.40084706966223
EK202310164111,147.28164688694113
EK202310141945,147.7178844081956
EK202310238865,170.19299989913367
EK202310107320,133.57722056497795
EK202310220000,151.51793726035265
EK202310180826,150.58135361371458
EK202310117534,145.811207812587
EK202310148403,166.15299283618577
EK202310235756,137.01724822599004
EK202310215153,122.9672273704827
EK202310215909,150.01034014129937
EK202310232668,131.19489775101104
EK202310169331,159.87015059731112
EK202310168151,135.15392401257543
EK202310218890,136.85041950414674
EK202310186779,151.219591976218
EK202310114858,135.20735534860805
EK202310152341,149.612092235415
EK202310128217,124.71371124213525
EK202310193271,126.09131069782607
EK202310180464,155.02348783266393
EK202310205276,149.9316235404893
EK202310125640,128.50063137379675
EK202310141600,150.50189079471266
EK202310141981,162.73077635863177
EK202310167795,153.28090208525276
EK202310192334,134.12333502317406
EK202310241694,137.93073472345114
EK202310196935,133.641444722551
EK202310180151,131.21184347832678
EK202310106774,145.2309490255929
EK202310215027,152.2716738356661
EK202310216078,151.96354823677873
EK202310163711,143.56700172757184
EK202310109770,149.59960659854758
EK202310215501,133.20302455653885
EK202310163977,132.64260269157126
EK202320007174,168.42775223122877
EK202310205844,143.47379336751376
EK202310139223,130.3178479461467
EK202310244458,129.39977884601086
EK202310131387,151.6033420093541
EK202310143831,144.6831598955893
EK202310147793,144.92735239055418
EK202310219748,140.7703787477799
EK202310155389,139.27615543351345
EK202310134466,168.23954534814786
EK202310151903,144.39981908537328
EK202310234772,139.69666674148962
EK202310131775,167.41141947775836
EK202310134952,159.7674416385922
EK202310118242,133.56796914520507
EK202310107035,132.56899505817412
EK202310131515,143.47325100029465
EK202310244132,135.8108166360136
EK202310201654,165.45022458872137
EK202310237041,148.7761978348615
EK202310171334,153.57349247032377
EK202310104916,134.7445007599714
EK202310182983,147.91096706589423
EK202310164359,155.06806625462835
EK202310112552,137.30701200549288
EK202310201546,131.15712004885407
EK202310202954,134.5988253481851
EK202310134253,144.37838072069297
EK202310004718,145.068271632529
EK202310242169,151.76029092466987
EK202310188966,128.66473836321006
EK202310179423,126.53189187257465
EK202310218744,155.25745591916188
EK202310193025,154.3220899376347
EK202310232272,140.30580902077594
EK202310217104,136.7225900495434
EK202310245973,135.5840906808018
EK202310108124,155.75827796204013
EK202310195074,164.8327142869724
EK202310177534,159.0209021747557
EK202310220572,126.82830848677347
EK202310176418,150.7733678514365
EK202310159967,154.08694816152624
EK202310163800,157.02947117843559
EK202310154402,168.64168087853233
EK202310212424,137.80933642391912
EK202310115194,138.66745571030705
EK202310157002,147.853929304999
EK202310236493,136.64870220990625
EK202310209384,147.83381746017196
EK202310153699,144.37586459569226
EK202310140162,133.28352100531123
EK202310191690,147.51689531104043
EK202310164321,143.66500283574783
EK202310167679,134.27538102041532
EK202310118401,130.8397054892021
EK202320006231,170.5595150718763
EK202310158105,143.774236300791
EK202310179352,144.10414907879473
EK202310112735,139.89164488880857
EK202310144319,137.42710349872283
EK202310173893,166.71331560779805
EK202310160526,132.29385714615978
EK202310147338,129.19922436509393
EK202310164737,150.9126915547204
EK202310226429,123.92951793936508
EK202310119510,140.07432285323145
EK202310111353,147.0198527727393
EK202310121601,137.80561578860252
EK202310138216,125.93235960157409
EK202310222532,154.8899164184441
EK202310138949,134.34790138605482
EK202310214912,144.45917572337578
EK202310121057,137.7079050709274
EK202310231318,135.04304511266025
EK202310137231,131.3365502120498
EK202310136824,135.83221904213374
EK202310115476,146.61160005405196
EK202310195522,163.0624749163177
EK202310130890,124.52451253266769
EK202310161838,172.22906565723747
EK202310158188,132.98310732048844
EK202310184190,137.6382509358296
EK202310106659,142.20056259074548
EK202310134400,132.55247558463458
EK202310209267,141.29692058403742
EK202310241209,139.9763470503335
EK202310214760,150.85744820695
EK202310151809,169.48801797120512
EK202310198002,147.2557631112279
EK202310228621,135.56592621795147
EK202310162885,128.24097238540844
EK202310133298,157.73128972005955
EK202310126484,140.99131324897616
EK202310196380,129.73559825864183
EK202310143373,131.431037786929
EK202310202385,143.34743437057173
EK202310131648,135.24397099256402
EK202310116966,141.38844944373812
EK202310134410,160.27312827694092
EK202310191544,140.97954179751426
EK202310196047,152.30791505120715
EK202310119440,135.91239863656966
EK202310132919,138.85310810872608
EK202310156448,158.204245149976
EK202310198177,135.55944686456687
EK202310148838,155.8147869833668
EK202310171364,153.92690276061086
EK202310120500,126.58771095979097
EK202310247151,134.94851841062638
EK202310144904,119.43750280497794
EK202310174989,138.60015451532897
EK202310133355,138.69108341956354
EK202310226353,152.63285742657467
EK202310176858,131.76445433082833
EK202310227114,145.47636754768192
EK202310187693,136.76066927681404
EK202310109711,157.34631396448492
EK202310181780,151.65306848304783
EK202310163147,151.2487405135489
EK202310190696,142.54056270012921
EK202310165868,144.03555933897184
EK202310110400,133.03400255373776
EK202310135537,152.29474891357503
EK202310169217,160.81207136711978
EK202310195878,162.20403479344318
EK202310189489,134.01457143333906
EK202310205257,117.93187460458546
EK202310239304,160.18347258565257
EK202310132417,124.47794221916493
EK202310221095,125.73756514863226
EK202310110398,125.18721243800631
EK202310240389,154.3277308742853
EK202310185614,148.48095769643592
EK202310213110,126.47665172151761
EK202310154463,149.06475336272774
EK202310177140,170.00459490920858
EK202310175268,146.19809423203282
EK202310199152,124.2291700833759
EK202310128676,146.504574581225
EK202310168399,146.70438916460765
EK202310201459,140.07188837577544
EK202310235106,153.08930464634963
EK202310232368,139.6029786116289
EK202310127908,134.71674011333243
EK202310182464,152.72549820643113
EK202310184852,133.5724516998324
EK202310170955,136.0165190112544
EK202310185265,146.90247492215605
EK202310114431,159.3747357558409
EK202310124741,155.70226737651618
EK202310193561,145.74811291428534
EK202310113830,140.9284406341008
EK202310229300,142.6087554181355
EK202310176918,143.08770694040274
EK202310222543,137.3549934315719
EK202310240095,151.99368672284788
EK202310208448,137.32928074982823
EK202310201172,169.65474564126677
EK202310125525,142.44018190373598
EK202310221529,132.99967126522677
EK202310120352,147.3779623179093
EK202310140711,149.04594634329706
EK202310211389,138.0091241244136
EK202310124018,166.64737514603422
EK202310143340,122.83890619739734
EK202310180385,154.80201449647817
EK202320006974,166.6617147255235
EK202310159693,147.22508919662718
EK202310181459,127.13248521060706
EK202310182182,143.7345040258086
EK202310141048,151.75603088358258
EK202310211604,130.04526816540314
EK202310141173,143.8594353938417
EK202310151648,145.18429818164097
EK202310243583,147.96216078285886
EK202310133700,137.26913415968176
EK202310152960,147.1038954509405
EK202310192543,138.6309294554011
EK202310131141,133.3510002583877
EK202310134377,133.0816727353184
EK202310174653,143.1957801221411
EK202310218574,145.7142694938129
EK202310191005,152.52672006600423
EK202310104855,129.84989431300443
EK202310178218,150.97931140064566
EK202310166318,166.0951253060021
EK202310202248,144.17277123991389
EK202310234490,158.7318895071041
EK202310225442,151.89031727497843
EK202310123331,134.7974871500529
EK202310238951,132.33461297668595
EK202310114122,136.09019755316152
EK202310202645,151.8747475196068
EK202310221624,143.24653840619226
EK202310147534,157.01215167906415
EK202310197356,167.95531116184264
EK202310222430,138.5441709712702
EK202310225523,115.1505756827228
EK202310177178,152.21075234486443
EK202310153665,123.4705959930263
EK202310196238,136.03046792554088
EK202310244577,150.40327063731712
EK202310172448,160.66767972032144
EK202310225799,126.21555637021945
EK202310183968,145.45589092929688
EK202310203019,145.45883392545136
EK202310109776,150.00167397080227
EK202310111537,149.78444134198668
EK202310124731,163.17324177283982
EK202310213643,138.68369708750438
EK202310146267,140.7099259368763
EK202310245701,134.1376531585226
EK202310177157,121.81900288219451
EK202310153114,162.7592800354293
EK202310004024,157.2666713902516
EK202310240323,138.5179621808588
EK202310116344,140.17548439428438
EK202310174344,145.1403404391887
EK202310166165,148.43396174424987
EK202310122743,150.30818601188201
EK202310226015,139.37591678770224
EK202310152541,148.8888318079035
EK202310189773,142.96852913536833
EK202310232097,146.17024217709582
EK202310155304,132.3034937722454
EK202310200289,136.66105862430112
EK202310208997,137.73446830870782
EK202310176430,142.52486080447198
EK202310205504,129.95946927367757
EK202310241123,147.65580359257225
EK202310160664,143.56209613438483
EK202310235837,136.19042398824726
EK202310190225,135.39437689191772
EK202310218794,114.37962725634827
EK202310244811,130.1509119503725
EK202310144333,143.31369395119006
EK202310134916,146.72481336768794
EK202310133279,161.47061271489025
EK202310230299,138.87316754563923
EK202310181539,151.4877482348257
EK202310137837,145.94110267666977
EK202310142434,161.2488485580852
EK202310108559,141.0374903593903
EK202310172173,132.42585222922503
EK202310170541,152.22502632149326
EK202310106066,125.44334519902705
EK202310242004,140.5621848209659
EK202310114374,150.019963824925
EK202310147018,144.71496909395182
EK202310193730,142.32159726231808
EK202310155054,129.81505204674016
EK202310211249,138.48751527836345
EK202310203058,146.9089225389272
EK202310224924,161.55850244784193
EK202310153934,135.96689118594352
EK202310192789,138.470384595701
EK202310176566,148.60693772938387
EK202310215186,135.4881121214211
EK202310159944,140.6877799426643
EK202310209677,140.30497816730872
EK202310137062,150.10629964560403
EK202310209003,156.24340866947676
EK202310236143,141.85665791576955
EK202310159540,161.48647044735014
EK202310141923,138.39555949764485
EK202310214900,151.89763739025736
EK202310150311,145.4771391951907
EK202310145121,154.04863963907164
EK202310138102,142.3471739996598
EK202310195227,147.14989627948552
EK202310215003,139.50283624831545
EK202310133345,146.9691533636999
EK202310241621,138.84057760231258
EK202310232734,128.00908101773632
EK202310192752,157.1734129100936
EK202310155287,126.65783734945397
EK202310230367,134.21739336982267
EK202310204826,146.24571474703254
EK202310217569,172.7381824917141
EK202310239151,143.9160594052972
EK202310225087,173.4432390737575
EK202310142211,157.45429930802695
EK202310143872,146.13068926274264
EK202320006692,148.6613356026347
EK202310243470,138.24977647048667
EK202310202312,166.11089352561694
EK202310172400,144.43699460429664
EK202310175257,157.99542967955614
EK202310156574,152.72890864903633
EK202310195996,157.15709225632853
EK202310207174,159.08737629926895
EK202310221440,155.5134007355894
EK202310229365,140.60300249019792
EK202310184849,144.35488519059413
EK202310186317,144.96035817111988
EK202310122351,123.12731409440667
EK202310147942,154.97980268058888
EK202310204767,128.6050877233792
EK202310151776,151.38788348347174
EK202310162542,154.20678833094433
EK202310149376,160.12796825496878
EK202310188687,142.78536166499174
EK202310126040,131.59285375739685
EK202310132787,120.43173876841888
EK202320007196,158.96944438504232
EK202310194184,146.281447827328
EK202310148035,149.31766251960897
EK202310242086,149.07940590568097
EK202310158984,150.98373834151877
EK202310123998,172.6826573872617
EK202310143322,161.92387036883235
EK202310169220,175.1435146447039
EK202310163343,121.28148089402626
EK202310195035,162.04043916754938
EK202310244095,145.65387160735722
EK202310004865,160.27855481289149
EK202310202516,140.62436824539304
EK202310170156,139.34532321112545
EK202310217210,148.51879536813377
EK202310139116,159.05749247174526
EK202310181676,167.53715594071403
EK202310117650,132.68833426674553
EK202310126117,132.4300337479792
EK202310145631,129.61985445885358
EK202310194552,154.05718109782208
EK202310231065,130.58418662265277
EK202310243723,145.30095748836393
EK202310150462,145.39822051266276
EK202310175160,140.19883357400684
EK202310145549,145.42682472996754
EK202310218100,127.62083793718301
EK202310172122,133.93085688216885
EK202310195049,137.02810084964096
EK202310179443,150.47195866639547
EK202310149733,140.45942153323196
EK202310115695,137.3845671196585
EK202310149488,140.8932018205008
EK202310154087,148.34104731582346
EK202320006192,151.2181260063438
EK202310125278,134.99778464893956
EK202310241332,147.09390624347068
EK202310143810,140.58337188417667
EK202310105018,135.76627013372809
EK202310237785,157.79130217150768
EK202310223864,162.68318536533536
EK202310226433,158.00044036763012
EK202310157972,160.64966114185427
EK202310174015,144.94401172134624
EK202310183160,136.3282463842158
EK202310191076,150.71572300072725
EK202310172756,136.71253929246595
EK202310104599,134.21292458834296
EK202310238264,153.61507888874027
EK202310127187,147.0190367531009
EK202310165833,153.49753278002942
EK202310195179,151.95524509383415
EK202310153898,159.92985305532497
EK202310170585,129.2809147580788
EK202310245910,142.0584853395562
EK202310170174,138.7643133728085
EK202310115207,144.27965292831777
EK202310120317,126.76198578301995
EK202310236898,136.49154163344983
EK202310146305,153.6508197016725
EK202310112140,146.8904297808542
EK202310143217,130.61914536536702
EK202310150540,150.53880630286824
EK202310223717,130.5609487557933
EK202310219843,148.48096252942094
EK202310198855,142.55478670976964
EK202310191446,148.45373405671856
EK202310190334,159.3247717075669
EK202310184752,143.53330987732286
EK202310160416,152.6005307564164
EK202310173011,133.10841964551514
EK202310128863,138.11541204710002
EK202310190262,146.09578032200415
EK202310110902,157.79775164485335
EK202310193520,160.5622520025803
EK202320006543,157.11699324275554
EK202310187711,140.7563924370061
EK202310200254,144.29288120378465
EK202310155513,135.79133008014264
EK202310180642,146.3419663297768
EK202310196569,143.65348476184687
EK202320007271,162.92050555722773
EK202310179403,137.66697368667243
EK202310241241,150.59869428523209
EK202310192182,143.59779433326852
EK202310203673,144.99616552968948
EK202310163605,129.80057758551987
EK202310108085,149.92216213396057
EK202310195692,154.17205304030415
EK202310190401,134.7766341596383
EK202310192575,131.6226183751844
EK202310227513,162.96633716132084
EK202310130882,155.76988950823974
EK202310104224,149.5914118656163
EK202310144297,140.4802171902478
EK202310210525,142.46902980429633
EK202320006267,171.49012824216592
EK202310150061,145.96210099380363
EK202310189465,155.5235133997636
EK202310239884,140.85019101593244
EK202310137344,139.48318205438875
EK202310212273,130.23592023075858
EK202310205202,171.14372314674355
EK202310147736,146.48058716620233
EK202310138489,157.8878589282113
EK202310169998,160.6637249041305
EK202310123563,122.0044983184852
EK202310162573,158.61327284103842
EK202310122865,155.36242425073658
EK202310189811,141.8830890652279
EK202310160895,155.71730844609786
EK202310153256,124.38398145889066
EK202310216969,137.33791589850676
EK202310152260,151.86796976453746
EK202310141709,137.02156246260932
EK202320007373,148.23785944645726
EK202310193336,151.50969299266183
EK202310164703,146.58516767796453
EK202310103814,139.04725584766842
EK202310200017,136.66367388065015
EK202310218767,128.12187641117347
EK202310188858,143.20951271954854
EK202310192187,150.04737501558014
EK202310194207,148.2146916481529
EK202310130206,166.9263311490113
EK202310110494,136.74057699065108
EK202320006130,170.98932329534415
EK202310211320,142.66948440035654
EK202310224161,140.37295408835737
EK202310240472,150.6299097536364
EK202310209032,161.4205506581889
EK202310167634,135.37169678228855
EK202310180571,145.05032972721307
EK202310229017,130.63725206398573
EK202310131345,135.25941225578484
EK202310138019,128.09881166111694
EK202310004554,142.272265283078
EK202310132971,134.83665050403812
EK202310141635,148.75506373085238
EK202310194247,156.4816126762764
EK202310148311,178.65590464653198
EK202310121972,141.63030848627199
EK202310142685,141.4678092524895
EK202310106949,151.89556163224543
EK202310163326,149.86549230669343
EK202310220547,130.20544772830303
EK202310104514,141.70381475113385
EK202310145431,141.84030550432993
EK202310117273,141.01312570008687
EK202310166607,137.16764928494362
EK202310189589,122.76602147520262
EK202310196074,133.07615167963996
EK202310153363,134.58656587288007
EK202310162392,139.08105249836524
EK202310229624,136.1876265532152
EK202310195898,146.7160366380415
EK202310219784,130.90666318186805
EK202310184116,146.87660264625882
EK202310223449,139.46696370418925
EK202310163821,157.31053308730048
EK202310183192,141.7006929422097
EK202310226918,144.73108021461033
EK202310154785,149.12503692404076
EK202310179367,146.9241617967385
EK202310195531,156.26990762852873
EK202310130452,145.05067572476176
EK202310121734,124.45270503514848
EK202310133991,143.79984224817335
EK202310210591,146.3168985018325
EK202310139555,171.31960462000407
EK202310228357,146.93518065988502
EK202310125608,120.50517996246805
EK202310107185,130.50104938564846
EK202310235572,132.75513488354642
EK202310230158,133.32033278585533
EK202310145383,119.76216804984267
EK202310143147,134.19242292968516
EK202310164771,153.73860634605614
EK202310144247,146.76016864830234
EK202310220979,137.74372298374018
EK202310149131,123.08514761009599
EK202310196632,150.93850354412493
EK202310131051,159.1463240177831
EK202310134659,144.98618316848666
EK202310200213,126.2137732273413
EK202310146862,129.87411304473156
EK202310188949,146.81633756000036
EK202310137016,161.00364141409116
EK202310239591,143.01695994137017
EK202310160714,163.84403205474922
EK202310120187,140.5519518055436
EK202310171815,134.84276201366438
EK202310197107,157.7574325097383
EK202310135357,134.98303047589116
EK202310139656,111.37878725869083
EK202310210779,168.65421953941328
EK202310238374,135.39523921837812
EK202310232468,115.89672096761922
EK202310170608,127.29458736908227
EK202310161875,148.77216852336966
EK202310154794,143.19965931818987
EK202310178981,150.57303923523722
EK202310115024,131.78514945883063
EK202310198317,164.9362107712189
EK202310176549,145.00514775860475
EK202310125448,131.59640655241756
EK202310223899,136.49026232689417
EK202310240237,147.08460952711914
EK202310194815,164.70338209018766
EK202310245437,137.90289977830597
EK202310109463,131.9052898907528
EK202310126220,137.9552744682433
EK202310162672,141.51841237956677
EK202310106706,137.7667721777143
EK202310230813,135.87293391201234
EK202310229853,146.3951023638725
EK202310183987,149.78766515390404
EK202310130317,160.2159429352171
EK202310104984,148.65195818565374
EK202310174152,140.19899963591908
EK202310228308,136.6529631846431
EK202310111938,152.0478430852954
EK202310191965,173.57021417688574
EK202310125325,120.81344502402355
EK202310235246,137.73258161127328
EK202310108851,151.70792166939916
EK202310139648,151.3829663757459
EK202310116135,140.59072808367586
EK202310195391,138.49195463193234
EK202310139056,150.80661813423154
EK202310201109,144.72475431782593
EK202310247192,160.63952305666754
EK202310119623,157.95821111037597
EK202310174223,134.92349881970225
EK202310150628,160.23363969146715
EK202310166077,150.9908264471561
EK202310178835,133.95485219366822
EK202310184672,171.360695797336
EK202310245587,126.00221954492562
EK202310211153,137.7144393476654
EK202310148852,148.73175661998783
EK202310237982,140.43466440437098
EK202310212607,145.22100127415845
EK202310188439,133.58909762783506
EK202310244428,144.1878596044661
EK202310187031,131.72203875652474
EK202310114894,150.80133034320323
EK202310140044,152.78074541506766
EK202310223861,138.2679872591115
EK202310184954,143.83635852705467
EK202310229341,147.46129644158646
EK202310193100,158.59972064755368
EK202310154175,135.863871492497
EK202310103979,137.47732187002688
EK202310210100,151.1579285714561
EK202310112422,115.33551897583997
EK202310147941,142.98786872486323
EK202310109450,139.8787266441395
EK202310227736,142.7227998272365
EK202310147053,157.6647499788832
EK202310219645,137.21307311154808
EK202310213369,133.60553063363835
EK202310154826,160.1330328785402
EK202310119234,141.67218546504049
EK202310210678,134.4714655350899
EK202310106182,147.18481813857753
EK202310132534,128.2575263491763
EK202310220157,135.7584033051637
EK202310108493,152.84420821520357
EK202310192669,162.52305167624746
EK202310172385,149.2767784476257
EK202310133787,119.65658929110472
EK202310172222,138.39418221651738
EK202310183649,151.64785679600882
EK202310135892,121.4883079118862
EK202310129170,162.8903494079471
EK202310209741,123.53975202120199
EK202310129427,144.11243042177156
EK202310192393,149.49836254484174
EK202310245714,131.89580441741117
EK202310130517,145.79860197588772
EK202310178411,171.41918212404357
EK202310189618,156.69123093565787
EK202310143288,165.79405820813776
EK202310199193,129.52939257013583
EK202310227313,165.87318242396742
EK202310213919,161.71104321835563
EK202310244481,125.11867678698475
EK202310120478,137.03052665843887
EK202310107634,142.94717744791325
EK202310157691,125.9900853479796
EK202310215874,130.17941736499526
EK202310246981,136.75344558719172
EK202310153195,155.57612490936674
EK202310242256,154.72999365750957
EK202310123017,117.33207220854788
EK202310205136,155.79619492142993
EK202310170231,159.63160369434172
EK202310168120,129.73108852461272
EK202310003727,157.71314733800395
EK202310217369,152.36224362180482
EK202320006688,156.1723857087755
EK202310230112,129.14474756762465
EK202310177152,127.454754171899
EK202310106847,148.5162993775093
EK202310228061,144.28133757756152
EK202310233311,145.6219328126124
EK202310226138,141.19355907687233
EK202310200931,150.81261195632584
EK202310219804,150.11345617032833
EK202310141658,156.59253230174832
EK202310207757,125.4389712330608
EK202310147486,157.03055351012327
EK202310239005,148.2145920024814
EK202310129712,158.3790215512605
EK202310148369,146.502358015937
EK202310155404,127.96318057429275
EK202310218716,153.24813038371317
EK202310188882,142.4528348140453
EK202310221316,129.11053459092116
EK202310137120,140.36924687728748
EK202310217405,145.15394772101644
EK202310149231,134.0486676768614
EK202310174189,128.1948768273283
EK202310138929,132.3026993778337
EK202310123610,145.77417055696608
EK202310200717,130.42842300085158
EK202310190751,150.3444972715044
EK202310146784,141.40625954341127
EK202310132879,162.16167589717182
EK202310133709,159.1196426967395
EK202310128722,136.71250541227363
EK202310103790,148.79792012325257
EK202310218931,125.64208816699254
EK202310218663,143.3060617685368
EK202310247844,158.92223826728406
EK202310190812,155.43878199793375
EK202310208756,157.181387565355
EK202310156744,138.78211769301896
EK202310228838,152.0053848463046
EK202310136171,130.5377978809975
EK202310126151,150.94439145202762
EK202310173890,110.00109976641713
EK202310235680,125.91121979186278
EK202310156616,167.34728794427133
EK202310134563,158.11292692755492
EK202310211003,140.97286015665432
EK202310185632,160.22476990919665
EK202310241758,124.34286668482267
EK202310148534,141.34712154039585
EK202310182316,151.56120934426605
EK202310191280,151.04434846122047
EK202310129812,150.1093942214698
EK202310004693,133.90648085460577
EK202310172541,173.2841841283365
EK202310201639,136.88808530836323
EK202310204202,149.15019901399486
EK202310129486,146.32738762031468
EK202310203423,158.73318003549844
EK202310169919,138.93287461930285
EK202310174297,154.573077527268
EK202310172937,142.75608449506046
EK202310109427,142.78705315457736
EK202310131119,154.08848299866918
EK202310151810,162.17337622138285
EK202310137213,140.95546202000412
EK202310136572,144.84995776877042
EK202310132184,157.30554858430273
EK202310238825,136.16197754498197
EK202310160725,170.14945530560465
EK202310127240,166.6457634336435
EK202310115224,136.64012172502146
EK202310127515,127.76471753303498
EK202310130232,163.75500219936418
EK202310176152,119.07628522734501
EK202310189265,140.80225072542336
EK202310121845,145.472888029316
EK202310248808,133.60694075474663
EK202310216603,132.37032813354696
EK202310106462,138.5197526006772
EK202310186070,143.39103288351157
EK202310200271,126.37361935205053
EK202310222232,143.49935394727387
EK202310224303,135.98474697069912
EK202310108205,147.98182732835755
EK202310213223,150.20013662913448
EK202320007747,155.56413124372133
EK202310195798,153.984657865864
EK202310172690,134.03841668010253
EK202310139602,148.63071498142375
EK202310124892,132.43062782395538
EK202310136630,133.35667524505484
EK202310133236,129.75348323121963
EK202310109780,152.66473114170978
EK202310139773,130.65744576369727
EK202310138601,141.05942140689217
EK202310192309,141.21410386084023
EK202310201720,136.7128316217559
EK202310246040,162.1499584060694
EK202320005733,172.7122879929247
EK202310119837,133.38329668826387
EK202310235139,141.46596219534865
EK202310129171,140.39153863364862
EK202310204107,143.63670788348216
EK202310206346,162.63905889714084
EK202310126908,142.45809946919925
EK202310201951,131.52778216917093
EK202310185504,155.3392087307098
EK202310139015,148.30679898414496
EK202310164756,149.26502259830045
EK202310207001,147.47972432759525
EK202310217541,136.73088028685
EK202310149840,128.290580695763
EK202310218711,130.6758015629956
EK202310133519,133.2738380415372
EK202310168888,154.8501412966666
EK202310209126,143.87918007020681
EK202310189031,144.23416196823524
EK202310217455,147.319687949655
EK202310155271,138.93939570014342
EK202310215067,155.28127429715173
EK202310161595,129.60736140988055
EK202310120502,128.71072258264053
EK202310241869,157.8667510899796
EK202310103712,152.67578373635078
EK202310150266,176.11633749943485
EK202310119972,139.2830549442321
EK202310179290,136.27265495418612
EK202310192440,152.82407155987255
EK202310131793,151.36791789934534
EK202310109571,169.9820712755987
EK202310230188,161.37478403400857
EK202310119855,145.67757191047778
EK202310138704,166.23345155938645
EK202310118159,118.94075019226966
EK202310166249,145.17115174719362
EK202310187053,150.43802496059004
EK202310165742,159.3038063090682
EK202310183750,148.95658195431758
EK202310205405,148.22543096808604
EK202310131038,160.85254075880582
EK202310207627,149.1050988850999
EK202310220460,144.86550309403066
EK202310239483,148.00792139595538
EK202310141073,155.72624516120305
EK202310217239,115.75117084430899
EK202310146989,162.06389489369232
EK202310160800,121.89292829510674
EK202310190813,162.39505455338988
EK202320006164,158.95036169916648
EK202310143973,168.24983140650096
EK202310111799,144.809090466943
EK202310208269,141.63420405004314
EK202310159828,164.07741838245946
EK202310113945,129.1456374623166
EK202310168361,144.84010038921397
EK202310176103,153.01161690673774
EK202310136310,138.07217205175402
EK202310200326,144.9643773856591
EK202310179044,143.499317552408
EK202310197944,150.4960246519633
EK202310183295,175.70129964501774
EK202310240215,154.37157594373153
EK202310225695,123.53824974341386
EK202310138029,122.41574538961895
EK202310208987,146.31885820877488
EK202310156602,174.16427385215047
EK202310239059,146.75784124804338
EK202310185901,147.17259539165485
EK202310200662,139.94300568410628
EK202310109920,132.29765541169795
EK202310188247,153.80213374219966
EK202310183201,142.9115333979109
EK202310104073,151.4985272697477
EK202310183040,142.47878180088503
EK202310200329,140.29413894349233
EK202310108982,148.7458304047404
EK202310214848,150.84647035552652
EK202310194212,132.05308245424553
EK202310155460,166.46375352935195
EK202310179825,146.9774328263828
EK202310183614,152.19979673189425
EK202310233580,129.73017590723077
EK202310223060,131.92102561848432
EK202310110018,138.82189298914147
EK202310219086,152.98515865487755
EK202310210708,124.12475515384408
EK202310206894,147.79984517838903
EK202310176692,138.73911872598015
EK202310211237,133.10162247648995
EK202310216145,139.22433929734288
EK202310174790,151.1294482497459
EK202310130432,134.6225793444368
EK202310176912,140.2889412009648
EK202310239861,134.0004226440944
EK202310201821,143.94393783901086
EK202310194140,146.1518966600678
EK202310201014,135.90244539578904
EK202310211210,146.66614911502057
EK202310210215,141.14656970463383
EK202310109048,128.58729430377878
EK202310115364,155.5529498624977
EK202310125998,136.85049399109198
EK202310113308,123.68098041902513
EK202310166014,154.3375761409614
EK202310240961,130.1217184138538
EK202310192526,144.08408496194517
EK202310118614,136.2339543839522
EK202310208485,140.94416396727723
EK202310113185,127.6696610603287
EK202310123009,135.58994173154622
EK202310131866,155.81905375011837
EK202310246596,140.74382443961036
EK202310144786,129.91797927473192
EK202310188069,162.31751355440923
EK202310161238,156.16373787488422
EK202310108065,140.27122737129375
EK202310176554,150.1755920545012
EK202310172801,158.55152647277745
EK202310231997,145.02380677559663
EK202310150544,137.4432018719972
EK202310242116,140.85369064846384
EK202310228121,122.98647695379495
EK202310163938,149.8386098080372
EK202310208770,157.8960099938917
EK202310162906,132.42532272173494
EK202310171122,118.04521361193434
EK202310136574,132.55217902170352
EK202310168247,146.0012026130048
EK202310116653,140.72058168243916
EK202310225365,151.38805921886265
EK202310154568,140.13022180479527
EK202310144616,141.45416453548046
EK202310123329,140.89737577586703
EK202310184908,155.3081375385861
EK202310176975,146.78081342079105
EK202310244230,151.61007253790825
EK202310139801,162.65722940527166
EK202310140231,135.47178382186837
EK202310163109,134.48646005011497
EK202310133245,124.38544975876212
EK202310003719,136.50117577750206
EK202310128658,122.48639458828254
EK202310196514,149.94001861095856
EK202310136745,142.2550996130969
EK202310135739,131.8131869670084
EK202310167219,161.73706433098124
EK202310188340,153.96127698015337
EK202310233341,149.13317605663642
EK202310207484,141.52566748205876
EK202310145893,151.83896411756905
EK202310137850,137.30504878117682
EK202310228098,145.71278264037636
EK202310123631,155.444955627966
EK202310233006,131.32849843815367
EK202310236781,140.92924183950672
EK202310184351,140.2810815114512
EK202310197215,149.8025611170082
EK202310134606,135.69254185437444
EK202310124613,151.64395029553975
EK202310176760,130.2285714483168
EK202310181242,142.894470889135
EK202310146018,130.10581291218048
EK202310118057,135.0269492454453
EK202310241929,135.13436129179723
EK202310134625,173.7628064289492
EK202310226675,148.78052940378507
EK202310200650,156.98752597464343
EK202310202459,135.14244537673397
EK202310165871,137.09618394026845
EK202310190177,137.3967477298853
EK202310221650,135.57494384086112
EK202310195755,145.34170514206505
EK202310128800,136.1162305849938
EK202310103775,153.12877036817986
EK202310117228,147.83309707082233
EK202310151800,141.58488942879367
EK202310210424,134.27950591269186
EK202310208507,143.77648159729458
EK202310003803,127.9801720732404
EK202310171322,153.00634710742966
EK202310168526,158.10639244260102
EK202310197721,143.9422835634462
EK202310238027,139.85276335856292
EK202310172276,137.26614436009834
EK202310124247,138.4482754817938
EK202310158194,155.29362372221334
EK202310167282,152.3176742564621
EK202310173439,151.5184320617124
EK202310125677,144.79350276637246
EK202310210177,138.3011725532064
EK202310238899,138.81365940598832
EK202310113985,145.4590852584228
EK202310209990,152.77303952177397
EK202310228124,141.52019494054696
EK202310104190,135.73028704060923
EK202310201389,118.16838023331165
EK202310123163,141.39080556260745
EK202310191131,164.65654559012484
EK202310203502,147.94405927407706
EK202310123878,143.37807053601065
EK202310247275,138.37397064855978
EK202310227023,132.05109249334765
EK202310175135,125.13703446204558
EK202310226835,142.38005260764092
EK202310109034,160.32317935403978
EK202310186583,157.88361346499488
EK202310107744,144.59865280474978
EK202310220042,126.9547694087536
EK202310202298,146.86346608306172
EK202310189344,157.85600050691045
EK202310148801,143.71317110112952
EK202310172716,139.2401547302988
EK202310179116,149.9458733892333
EK202310174016,130.76421775267914
EK202310108847,134.84706792627992
EK202310232003,139.15971891634535
EK202310126703,142.92608386352498
EK202310106477,141.57478502344674
EK202310123106,130.53615426223382
EK202310169334,175.6180234898274
EK202310231339,130.34796687166082
EK202310175772,141.7673476101338
EK202310196241,159.96470001814447
EK202310143871,149.62276410522617
EK202310142265,147.79057304105677
EK202310163563,130.2203999663289
EK202310244604,130.79555809199584
EK202310247610,141.9220954092154
EK202310116133,126.3489675588137
EK202310144893,119.471651028754
EK202310138511,160.81636450017973
EK202310178199,155.7333575666175
EK202310238970,173.30201197760294
EK202310137277,153.0196036067588
EK202310195419,153.7741175934402
EK202310234603,136.94793668992224
EK202310137485,137.93711147648565
EK202310221268,118.94174710641505
EK202310166447,143.9803454852187
EK202310163342,128.08759893106475
EK202310160258,139.54691057529976
EK202320007173,153.86694690318183
EK202310166608,146.16426355956088
EK202310190777,138.21609560654144
EK202310228415,131.33946113685064
EK202310160470,129.54533584182022
EK202310199928,142.79092048469658
EK202310139397,136.65801556065628
EK202310103828,142.28950848118149
EK202310198546,160.003146026364
EK202310168601,153.20308309531902
EK202310199500,149.01610142984
EK202310130735,113.54977242727081
EK202310203344,149.59941359121083
EK202310149177,134.48274958866935
EK202320006908,167.10842049779504
EK202310182119,141.71159014789765
EK202310108526,150.43021756683913
EK202310123316,131.02930020501037
EK202310175509,143.01418229343486
EK202310115166,141.20150271822678
EK202310169504,148.65136613946493
EK202310191512,137.59454196930676
EK202310111425,144.80522683968692
EK202310192823,151.48489835558874
EK202310159703,145.70864974607662
EK202310110465,128.08702506083907
EK202310217003,133.79031066632663
EK202310187166,146.94598424267613
EK202310225739,145.40026242324493
EK202310125501,132.03556101274998
EK202310118486,134.66677790824775
EK202310221279,132.07725744417962
EK202310194956,145.42165941040682
EK202310178722,132.66634590876416
EK202310182533,147.49312411364053
EK202310138053,144.96264459865017
EK202310231131,126.81694766099758
EK202310212157,134.5080975630761
EK202310125603,130.007309881588
EK202310136248,151.76010714831583
EK202310115244,135.50386408774452
EK202310132254,138.94701397774517
EK202310178792,172.39810634696633
EK202310191023,153.69718838205915
EK202310162415,139.9042275710686
EK202310125102,136.8139693857962
EK202310208134,149.88603010427104
EK202310105586,138.4056439666748
EK202310213166,132.59206936162948
EK202310247801,141.5869461144396
EK202310247262,132.7556196071881
EK202310126467,134.97753346237835
EK202310176266,140.18259956792573
EK202310109933,150.59419222735295
EK202310161495,156.79492760902517
EK202310205248,140.81126998494562
EK202310224138,134.3066789965561
EK202310212586,140.28140663226006
EK202310131904,132.65287454397628
EK202310120534,139.1548890562536
EK202310109184,159.03831976972245
EK202310198723,180.24427502878672
EK202310190770,153.66349595262898
EK202310114461,145.36630049684143
EK202310223578,128.65500673509615
EK202310133222,147.2109773545322
EK202310136866,145.05161387523455
EK202310176700,147.5936577464292
EK202310126084,133.85103780143413
EK202310196727,153.31019787272982
EK202310225009,135.9283551199896
EK202310207005,164.33627506168304
EK202310222794,139.5390901999543
EK202310171893,145.25941043500185
EK202310172296,123.76718132004791
EK202310139698,170.74080250870776
EK202310128914,132.58801494274792
EK202310235545,145.7012165105529
EK202310109242,136.476456786816
EK202310177486,137.08389212638917
EK202310199539,142.15139279434783
EK202310188301,155.85301504952628
EK202310201859,153.38391246612346
EK202310170159,146.45321025132543
EK202310148167,143.34157772700598
EK202310155933,159.59896369004124
EK202310149269,138.8407431819002
EK202310188885,131.37725044896365
EK202310109274,136.2184292662677
EK202310162745,153.0341382905901
EK202310146260,148.48704258897277
EK202310168090,121.60017262644283
EK202310219761,129.08395103428714
EK202310230205,122.45205312043113
EK202310114523,131.57004641178344
EK202310201162,160.4549066939315
EK202310188350,156.07471855864048
EK202310178664,138.34091725069305
EK202310125253,145.2884655151249
EK202310194315,147.17469601996805
EK202310178855,148.0352778784828
EK202310114913,147.18525557695534
EK202310209479,154.7940941249901
EK202310207800,167.7611585129091
EK202310205487,130.0688880291631
EK202310168431,147.1763736116513
EK202310235593,149.15786902472826
EK202310235602,136.85967493754038
EK202320007124,169.8664552813309
EK202310207771,128.51532594991522
EK202310228788,135.5615559339098
EK202310227982,140.68013665551618
EK202310194813,158.20997650759983
EK202310241087,137.70532947075787
EK202310148405,141.78644278367244
EK202310140778,144.8488038651316
EK202310198551,140.63724827919074
EK202310120216,139.57667978514093
EK202310154323,146.38505186279252
EK202310158123,169.8029338381217
EK202310215528,146.37514458186766
EK202310237307,156.43787835759204
EK202310144499,165.9916003904613
EK202310200349,157.96265691801764
EK202310199428,155.99857100901463
EK202310205917,156.1820910644078
EK202310123848,131.6565744984026
EK202310171335,153.55199329234364
EK202310113026,143.68624553077774
EK202310227460,138.0876671254236
EK202310218273,157.42293152677473
EK202310211553,138.12660624039657
EK202310196786,147.68158632660646
EK202310237300,141.51760224930007
EK202310125146,137.46460229764358
EK202310118100,130.91702371947832
EK202310186326,138.0432161943637
EK202310128919,126.40660613740594
EK202310198759,132.73034864463713
EK202310236246,145.1786985716371
EK202310149187,170.49063600040535
EK202310182726,157.88138653313842
EK202310152601,141.04356899463565
EK202310220436,132.70717487485643
EK202310193514,155.73879836344122
EK202310246478,127.42941518496042
EK202310243128,153.7005994810163
EK202310127415,140.3241484709632
EK202310213162,141.43066141442822
EK202310137235,131.46694400794092
EK202310178654,146.03714286940672
EK202310118153,141.93727437051433
EK202310004571,134.80234434656188
EK202310151403,176.46684719306296
EK202310245278,149.91304112854084
EK202310143897,137.49110828830524
EK202310218277,137.29036443503654
EK202310162879,152.13691675580992
EK202310136599,142.09549954038624
EK202320006442,168.3093401237061
EK202320007344,148.22202825559896
EK202310189969,166.43176066641246
EK202310166949,180.89771998828098
EK202310114939,130.07885218849867
EK202310226036,150.50299831797085
EK202310166986,134.34172392673224
EK202310217723,126.2327169615035
EK202310137499,160.0988669692473
EK202310132371,136.94880603949915
EK202310197508,146.27042005020382
EK202320006448,163.24722835552672
EK202310217287,131.618953348864
EK202310210663,126.22837434464572
EK202310104277,141.18434384864915
EK202310200683,152.8369297960418
EK202310225623,149.39367698884752
EK202310207191,160.26537661936504
EK202310129539,116.93718391367558
EK202310128514,164.0157769810025
EK202310140966,134.41137665305993
EK202310129386,145.5411267345237
EK202310179691,129.8292395096362
EK202310188920,138.8611834952071
EK202310247484,140.92465877250325
EK202310193673,137.05544953619903
EK202310170091,128.05946973876786
EK202310172920,161.41975406024164
EK202310223477,145.73167404011184
EK202310171073,157.71363188768294
EK202310194158,138.3292589026282
EK202310207919,158.9008761805111
EK202310120306,139.98406641634654
EK202310207223,138.25427357094114
EK202310244280,140.50837896239685
EK202310106527,134.36164377413797
EK202310142859,161.5223792118066
EK202310168389,145.46499050575338
EK202310143594,128.78404911469045
EK202310167480,156.1491544190785
EK202310156995,137.56620453873364
EK202310119214,139.4048009213526
EK202310148853,138.69148116677275
EK202310217497,137.27794388403214
EK202310120366,137.86266328728078
EK202310217526,167.09146927098317
EK202310195002,142.1599246149214
EK202310169241,162.4032553426366
EK202310159114,151.48018551849808
EK202310192176,137.9556081370612
EK202310159110,148.79430924005146
EK202310158664,140.45325392297588
EK202310192338,123.56859655867724
EK202310230524,127.0530629722973
EK202310210362,149.41377895814193
EK202310212895,152.55612609892515
EK202310193440,136.59635326043934
EK202320007869,150.86992786081123
EK202310167916,141.68111602427152
EK202310206630,149.2902827768324
EK202310157459,145.3217349946028
EK202310216902,153.2276017926238
EK202310198965,150.71897974510867
EK202310201874,140.65730785387032
EK202310117999,139.6493743885155
EK202310204212,152.95486450065218
EK202310183852,145.00338813327565
EK202310219321,142.62291656132678
EK202310235218,139.63353817278175
EK202310106655,134.54725251765947
EK202310109169,165.6302676425441
EK202310229525,129.64245211047498
EK202310234441,134.7569896365453
EK202310119016,150.76776747372872
EK202310003723,149.38809609829977
EK202310177973,137.5036103009015
EK202310143560,157.909461871049
EK202310245405,151.90623237084628
EK202310123670,128.9604081782059
EK202310125143,151.9232546232242
EK202310162721,130.6476234777127
EK202310121368,145.52386765157954
EK202310207810,166.1457082442631
EK202310110877,139.45514326858543
EK202310207642,146.39221544290115
EK202310236676,126.62324714156253
EK202310178731,156.35537357883408
EK202310166361,154.5679550648518
EK202310221798,157.21860558029968
EK202310177403,159.17260226228143
EK202310134022,142.44355754213183
EK202310167333,145.934387919091
EK202310166210,150.84022873580784
EK202310110220,134.5449220075054
EK202310145795,150.12944808515067
EK202310164123,165.45446678605555
EK202310196621,161.2805780559364
EK202310120415,147.63008972733397
EK202310148912,149.64339898903447
EK202310179102,126.9848550143232
EK202310196322,132.32240217564583
EK202310157568,151.40646283196085
EK202310146998,136.88931116091658
EK202310223698,148.29171182909454
EK202310234532,138.03097105816536
EK202310138792,161.6833669387041
EK202310246869,118.0131939874172
EK202310126504,143.4219121373732
EK202310113606,150.81017644332266
EK202310131578,138.12032832962637
EK202310156389,141.59402668940103
EK202310138943,132.51272798788224
EK202310105288,158.12447667595205
EK202310188558,165.12666555023515
EK202310234995,133.25456822908623
EK202310181950,173.57572691454317
EK202310157098,154.74348446796563
EK202310132543,130.06763904615713
EK202310174319,143.71856937344253
EK202310225811,136.27414838424792
EK202310157066,152.45425885871455
EK202310205138,143.09474294068633
EK202320007203,156.74292899638763
EK202310227039,146.3519785230949
EK202310106033,122.17028117691997
EK202310146183,152.0407609803151
EK202310226180,133.32988550136682
EK202310162385,140.95550949694427
EK202310235946,121.84625743183369
EK202310182408,145.93954050788994
EK202310155735,154.85019763893519
EK202310190520,151.76182646614527
EK202310146058,141.46109788920194
EK202310202633,152.78978002667546
EK202310196099,159.84597858832316
EK202310129632,145.33629250312183
EK202310138166,127.28991964034907
EK202310148720,146.58167105112648
EK202310145781,148.00417123946116
EK202310140364,140.21057914554214
EK202310152526,120.98538425770121
EK202310109041,130.75944312271162
EK202310239518,151.27963242140564
EK202310187894,129.21595715147518
EK202310140674,152.474066792714
EK202310133919,134.3963944315836
EK202310183378,149.43197348717513
EK202310232538,135.97666244835744
EK202310203159,142.63136698448258
EK202310114364,138.3283991682395
EK202310165382,152.70409385095618
EK202310212412,133.42049154800617
EK202310106291,128.55492785931835
EK202310136964,149.669515339184
EK202310114872,145.0364777730469
EK202310211044,138.37179147480356
EK202310196962,152.11313801097523
EK202310229743,146.36901785773435
EK202310180091,123.83565104447561
EK202310113899,151.94393951682846
EK202310238528,153.71934832915767
EK202310167500,147.20282454398267
EK202310184018,149.68277141507673
EK202310194972,146.02655105560183
EK202310120304,140.51293492944916
EK202310142049,125.02540540301125
EK202310178765,173.73422733674875
EK202310182864,128.21591795185995
EK202310192331,148.04046077666214
EK202310164774,144.46033898358075
EK202310156817,166.41990786679023
EK202310237151,150.49203347297689
EK202310234802,135.1442279073635
EK202310210106,155.3408304724159
EK202310195014,140.79336004220133
EK202310147893,156.88542444882412
EK202310113010,134.73099190463518
EK202310183485,146.8330982870169
EK202310123549,141.86483563085494
EK202310215820,130.59983846703335
EK202310174861,140.1737114057254
EK202310170243,125.60630923383836
EK202310139779,128.29907880096152
EK202310226387,141.0631096178374
EK202310126951,128.8324183651486
EK202310122461,120.307135280865
EK202310137617,148.8353071677475
EK202310232607,150.6732290635864
EK202310188917,149.3707210870345
EK202310230010,122.63766609835291
EK202320007620,148.27051598065165
EK202310179514,127.50028946408568
EK202310200726,130.10554710883324
EK202310145542,132.42206149471
EK202310140934,160.31327450451005
EK202310141993,134.9809214800912
EK202310202052,133.1333449127043
EK202310206128,145.46408613669703
EK202310129191,162.43883599484138
EK202310132531,137.05129192590198
EK202310145895,146.65525583054338
EK202310150717,156.8504302988909
EK202310238478,136.88600105255864
EK202310215961,147.23084166862387
EK202310140355,153.43534157909187
EK202310107109,135.75320753086237
EK202310245704,128.25238599967366
EK202310140078,141.67616009543417
EK202310201205,159.53908149858123
EK202310105811,129.12896620484867
EK202310213056,147.92793425149634
EK202310218710,143.0725234458025
EK202310212505,144.27954932315686
EK202310222413,129.42751431553742
EK202310172293,135.87750482974303
EK202310109647,128.55485232847127
EK202310188891,145.10031734307
EK202310137965,143.07479208846308
EK202310107117,136.29223943466914
EK202310207869,140.165608963174
EK202310169495,156.4599154063147
EK202310114538,153.48795498901086
EK202310165920,120.3050868479684
EK202310130807,140.93428553312503
EK202310170628,144.007609360181
EK202310117370,133.21775943341078
EK202310239420,143.14236332304802
EK202310108908,139.5513404604066
EK202310124380,130.3595767105877
EK202310114384,146.83027443905553
EK202310176015,168.03450769841572
EK202310213032,134.773206405214
EK202310191795,138.86501397085885
EK202310203571,147.39829231456324
EK202310138185,127.1555558463682
EK202310182667,145.38551021926665
EK202310178540,161.3756047781372
EK202310173419,147.3325334771579
EK202310171759,140.0193653980477
EK202310230057,146.69465334238262
EK202310239289,136.7626367499735
EK202310203690,159.41438599372793
EK202310109021,139.11234605537547
EK202310126805,154.9014014263331
EK202310213809,128.71152175970713
EK202310174863,166.82867660043075
EK202310221636,134.6232228725377
EK202310171548,125.73052876867386
EK202310194319,153.26962540939195
EK202310233853,165.98142904737884
EK202310158671,158.56378504733982
EK202310230596,128.76957132942283
EK202310221893,123.54101564523883
EK202310227172,143.9399130612291
EK202310231306,133.47338505577412
EK202310158074,138.04011087762407
EK202310104860,155.28727959346014
EK202310216640,144.38714317117925
EK202310200103,143.19441539261948
EK202310141785,134.74830738576088
EK202310145978,120.14392540512193
EK202310004077,168.02755633289598
EK202310133888,147.7836777617255
EK202310125723,142.15266397015415
EK202310136090,173.66515000115186
EK202310246571,134.33584557173552
EK202310243027,131.9701025765883
EK202310109649,147.2564492373921
EK202310176461,130.04684344457007
EK202310122952,147.48770412001628
EK202310243326,142.9000966231495
EK202310135058,170.89463718113694
EK202310200094,135.90156322488122
EK202310146558,127.12050558920767
EK202310121295,142.65730995930355
EK202310214783,159.71809822852495
EK202310172681,126.52622823906721
EK202310241971,126.67605587548731
EK202310188843,149.26817167806382
EK202310136447,143.06308669918303
EK202310231662,136.63651631485496
EK202310157790,145.28964436872644
EK202310120107,162.07171933034454
EK202310225152,155.91231895356742
EK202310200264,162.91450925462848
EK202310134521,139.1907192849285
EK202310173584,143.24006420671068
EK202310196666,143.13065758105938
EK202310164106,119.521857827001
EK202310138379,156.67495242714048
EK202310228204,127.07022963331775
EK202310125152,159.16271380809897
EK202310216720,142.93192318980303
EK202310228063,146.18205832795005
EK202310169786,146.8178629157254
EK202310176342,149.96620319537732
EK202310163187,153.79366295348575
EK202310124025,155.2702714964465
EK202310171872,152.0684973262677
EK202310137265,136.35583844803847
EK202310209292,149.68594096600452
EK202310137925,128.55758763087988
EK202310199295,137.8522782965903
EK202310152826,168.73017879626923
EK202310104368,114.99050200293713
EK202310187730,138.89768178488055
EK202310181862,148.21561547396007
EK202310165938,137.98520242041945
EK202310183431,152.17677052540293
EK202310236615,136.2444907519444
EK202310189593,127.4453444784712
EK202310221069,141.7865438708288
EK202310205373,148.49867436395874
EK202310142031,151.77983177579807
EK202310128716,142.89583226639496
EK202310202961,160.42353266818927
EK202310205295,136.33959238679242
EK202310116568,131.05004110154383
EK202310209928,141.8785094086517
EK202320005639,151.4580239062268
EK202310133603,169.55044559573787
EK202310196192,176.9698302174916
EK202310133688,161.6709953982055
EK202310107855,150.95800280951647
EK202310138935,150.28234028773358
EK202310204089,148.03562510037384
EK202310219313,144.82004190135586
EK202310189726,131.6834420598952
EK202310152282,150.46795826372895
EK202310180251,141.3997473829181
EK202310165981,154.80997723076192
EK202310137451,129.76311906735535
EK202310126122,145.99762878616474
EK202310243998,127.64173175439892
EK202310184231,153.97154354917754
EK202310228417,138.16455277036337
EK202310241091,133.7693254287889
EK202310190393,155.32897794425713
EK202310211537,134.95110519000863
EK202310147678,136.19342808421672
EK202310242270,140.93056397045572
EK202310149069,159.3394640625553
EK202310163921,151.33408842956254
EK202310133083,125.85192212717672
EK202310224140,148.45415751343532
EK202310152867,142.13134177077825
EK202310203736,121.1708047115312
EK202310165596,135.80964990042543
EK202310214453,138.48106165841654
EK202310164740,144.2808781416849
EK202310214137,176.12503746246688
EK202310146679,145.804850335883
EK202310104097,134.3545597752014
EK202310200834,156.15606768774256
EK202310163017,147.8880039390306
EK202310165977,150.6482616411104
EK202310243475,135.32628810966256
EK202310241365,159.98731323097022
EK202310244319,155.58137648393998
EK202310120396,139.07804871415965
EK202310241624,141.15105153778325
EK202310198761,179.02549151361126
EK202310150943,138.3154066300199
EK202310248679,145.9104221719135
EK202310215685,151.5797877841433
EK202310104356,137.4601268125745
EK202310206239,127.74271507913326
EK202310157180,121.74385819675777
EK202310131514,142.08600398647877
EK202310244801,158.04139986308988
EK202310116569,136.33917797703066
EK202310123027,132.12361290200442
EK202310223311,142.23324439871422
EK202310174904,140.77581079916737
EK202310133194,154.01220956075036
EK202310184130,134.1376662487771
EK202310194455,155.3716293849293
EK202310106381,143.4966299662438
EK202310227001,144.07361346975958
EK202310153912,141.9342251034913
EK202310193865,131.3071264306893
EK202310232459,126.97360284381445
EK202310198400,130.9867087252605
EK202310182607,146.66718165596959
EK202310225129,134.09063001213087
EK202310197516,141.21734587698944
EK202310131801,167.2260668438132
EK202310212554,154.62582566797272
EK202310227543,143.12547343781335
EK202310130530,138.4314597290738
EK202310193825,152.97298054091257
EK202310211045,150.552472164747
EK202310129373,154.05399370429464
EK202310147392,142.20731387035693
EK202310187904,159.5138983145747
EK202310208503,135.50384136218693
EK202310110837,145.2720040845204
EK202310229225,130.68044343474838
EK202310164336,136.84707156455778
EK202310195313,152.7351010815693
EK202320006926,155.00184966494973
EK202310174594,131.72475126994266
EK202310187599,156.99718973018034
EK202310198391,135.41546651617762
EK202310224871,137.78645618298617
EK202310128469,136.37389694282106
EK202310108118,144.95889450947226
EK202310164855,132.3485837973653
EK202310157619,155.3567928861971
EK202310212148,130.92687918551545
EK202310241888,150.32815301670308
EK202310200720,158.2167303996053
EK202310178703,166.68759644267286
EK202310208199,142.6125449438019
EK202310200707,148.9537960239979
EK202310222186,154.10549345274686
EK202310235687,146.730421354471
EK202310169723,153.84198373529767
EK202310242395,150.87757169520472
EK202310202866,156.0404737075713
EK202310137258,132.0648993959
EK202310209819,150.67520104081467
EK202310111291,141.03620774099934
EK202310210190,137.50770483722815
EK202310181968,150.8776881163547
EK202310173847,141.56358955127936
EK202310170341,131.3622874885252
EK202310112839,146.9471234816745
EK202310207240,143.0910426233725
EK202310122514,132.0298676353455
EK202310190722,134.47693088364105
EK202310186422,139.4673591844305
EK202310154379,168.03761367954877
EK202310245323,149.70004778074926
EK202310122299,135.65832250286854
EK202310125100,135.74770858850658
EK202310118253,130.10137631949215
EK202310238969,147.556729910273
EK202310168188,163.29552658659637
EK202310160206,157.13280302178043
EK202310222871,149.8214179405812
EK202310209611,143.17339046458684
EK202310212974,141.59179314931367
EK202310128407,130.98038102170557
EK202310222412,130.1468096683446
EK202310200939,131.6256923443806
EK202310003959,121.96563547182514
EK202310190302,156.0937792233029
EK202310186405,172.71464201642203
EK202310138957,132.09723835375513
EK202310105023,122.97497352042886
EK202310236632,122.81171625020573
EK202310162662,152.4652058604414
EK202310198218,154.7946156998719
EK202310186500,139.38622153966637
EK202310138863,144.63063253759483
EK202310241224,152.730071128742
EK202310171644,148.22057741822613
EK202310239875,134.48645818286076
EK202310187156,155.04561459575675
EK202310174507,146.58820660426696
EK202310139245,157.52287712620293
EK202310161355,151.6345796164317
EK202310131302,132.38365932993315
EK202310106366,139.96379517233638
EK202310180236,160.8042606031738
EK202310146739,137.734153078466
EK202310122526,135.601430847322
EK202310171449,122.04931495567965
EK202310158382,148.45650544864162
EK202310003648,139.2566504918475
EK202310203626,124.28296597267388
EK202310105539,120.22006687363837
EK202310172856,150.4252712827858
EK202310247114,163.2341270264648
EK202310169299,163.2928918083417
EK202310216048,158.4352501973879
EK202320007664,149.02773639247258
EK202310106821,134.12882982233367
EK202310201424,130.7547422819088
EK202310177794,146.5430575421471
EK202310225174,137.82336171542414
EK202310236955,124.09366467530256
EK202310216158,125.48646764615061
EK202310176370,135.26482516545494
EK202310139805,123.2783297034327
EK202310129688,133.2878962336572
EK202310114179,141.99195179869812
EK202310004734,142.89858946499422
EK202310153706,169.91355834643255
EK202310159985,137.52276874508436
EK202310207436,162.20286911666534
EK202310172357,146.7535726431603
EK202310137540,143.77750942814941
EK202310246082,135.1992638001386
EK202310231504,122.86057320033399
EK202310180342,167.31356597291668
EK202310149538,147.3721956011055
EK202310236300,139.5805362222581
EK202310184866,147.96936267380084
EK202310236107,147.66974438466747
EK202310177453,132.83720453396413
EK202310171178,147.7832351015257
EK202310146756,135.71261423529498
EK202310147896,152.34330745487844
EK202310167599,150.55938801809828
EK202310165277,127.93055416428817
EK202310213182,154.51050340360501
EK202310231983,135.84212806176336
EK202310119961,135.0692502118785
EK202310168921,145.89856997614538
EK202310152986,141.00285944175033
EK202310222123,137.6846155928925
EK202310165121,135.10550629177635
EK202320006143,159.99993975264428
EK202310136406,140.59415990998056
EK202310113171,148.38136949977547
EK202310178750,167.38618599784553
EK202310184720,139.65430684538322
EK202310135947,133.59191080962418
EK202310106555,146.18396346343454
EK202310147773,143.04128118320446
EK202310166654,133.29579341666408
EK202310231220,132.68920865686633
EK202310179554,149.01636393775573
EK202310121805,128.42526469163775
EK202310221539,136.01947023138925
EK202310109095,136.05781622259502
EK202310228094,155.1248584624142
EK202310128632,132.84277769674225
EK202310168239,157.8186056938601
EK202310229923,144.79077741446608
EK202310182545,152.73074791003768
EK202310111819,144.84867345547775
EK202320007299,161.761939901536
EK202310113423,125.19925715054356
EK202310141017,151.49204639621857
EK202310236316,139.34157273211505
EK202310108216,141.46296533040325
EK202310192703,154.73449540592034
EK202310123050,127.34169139724203
EK202310221659,131.88399666694465
EK202310195354,159.65267546557567
EK202310218205,150.69848043116613
EK202310142204,143.99962854656866
EK202310169069,147.4410543209177
EK202310110164,127.75723457235331
EK202310242272,133.75903006230268
EK202310171541,167.78579800082386
EK202310164252,166.18375645908776
EK202310230378,122.7086805194232
EK202310162807,147.76867633657437
EK202310125970,150.30417800145221
EK202310232037,134.77424228881694
EK202310179302,144.04654870983057
EK202310113416,135.32372200475555
EK202310120907,135.3188565322426
EK202310131914,126.99205716527295
EK202310246477,157.79501636127506
EK202310210578,132.03628225740957
EK202310224656,157.73450150526048
EK202310134643,132.77032060017038
EK202310165344,145.4350311419634
EK202310128094,142.94187913583656
EK202310212344,145.06840055354502
EK202310163429,122.97598121643628
EK202310142109,135.0154305707023
EK202310148011,154.63171852732668
EK202310177720,131.32375273359435
EK202310130679,153.33067564676045
EK202310128185,169.74929097570848
EK202310157906,144.39955008461692
EK202310219715,140.38544326408766
EK202310107586,119.61207311165444
EK202310236962,134.69197938048626
EK202310133594,168.24578552105424
EK202310124136,140.03068969884197
EK202310147276,150.60293984362255
EK202310209860,160.435998601986
EK202310170014,137.44972228299628
EK202310125838,131.89544016534066
EK202310176810,138.39392328868396
EK202310104451,151.22078383307704
EK202310181648,157.16662839382457
EK202310148857,139.6972819982329
EK202310161540,176.06859500605634
EK202310109347,144.56236388031772
EK202310143168,147.29863750102476
EK202310182799,145.39087303623128
EK202310183847,143.8870388282264
EK202310231882,143.91118563205387
EK202310236483,111.41423437999686
EK202320007850,148.0756062438361
EK202310171115,117.59084409619943
EK202310138799,147.23321398565562
EK202310229790,146.43653885905982
EK202310120135,138.04431221192826
EK202310165362,153.62047063968214
EK202310160759,141.041714276866
EK202310128908,153.23407961422367
EK202310126950,139.2690764261815
EK202310210878,138.19200745391456
EK202310144127,130.28149526792956
EK202310103769,146.70769701820805
EK202310224658,150.205955088579
EK202310158660,148.71039403381027
EK202310115044,143.40241416494013
EK202310225928,135.38330595567786
EK202310131183,149.64308335293737
EK202310191329,126.84455989723952
EK202310247806,149.13596405665015
EK202310128359,132.40488305219608
EK202310158015,135.5823742497763
EK202310216742,143.0392938801317
EK202310180156,114.75983077597624
EK202310156742,165.38210673701602
EK202310206889,144.92457356372296
EK202310141595,147.8016983080896
EK202310213331,143.63614191866165
EK202310110177,129.38795690002792
EK202310177752,160.66403947989625
EK202310143528,139.0652459211451
EK202310121245,130.66742286545843
EK202310121730,141.92168906859706
EK202310166696,163.59927742778953
EK202310139416,128.29534253515752
EK202310137350,152.19833926265605
EK202310173056,135.69615669187516
EK202310183242,148.02074642989203
EK202310181856,131.54430940001174
EK202310187043,149.6390562090167
EK202310146563,127.64426410052677
EK202310210145,146.70514544592476
EK202310149292,149.89297616823077
EK202310219306,140.50567818463625
EK202310180670,142.5241958421749
EK202310154730,140.09118663717413
EK202310220947,134.26186451509642
EK202310202735,143.8889141902651
EK202310123527,127.79787218152123
EK202310120644,136.72105215426333
EK202310129017,160.8384432534404
EK202310162431,163.92092129641793
EK202310150024,145.3707418801343
EK202310237610,136.53012541519877
EK202310228863,141.46254492197096
EK202310114239,145.54499600120184
EK202310111704,144.68643402264775
EK202310175377,129.51467356727784
EK202310128857,136.34080136393825
EK202310141561,142.25995741453303
EK202310133921,133.16270455233172
EK202310143422,132.7666524342996
EK202310222897,130.00517303318063
EK202310127138,146.791106073476
EK202310185976,142.87888410247857
EK202310118702,151.2410094342027
EK202310112998,153.10441458065665
EK202310134460,161.85057288372758
EK202310198419,145.29785688115493
EK202310116533,135.27230904800572
EK202310152035,149.8450889367714
EK202310186167,144.38762158777485
EK202310174777,139.44940006497774
EK202310241957,145.37196952526241
EK202310194759,146.3821250853335
EK202310209627,142.82961511707654
EK202310110386,143.7229849359199
EK202310183168,127.57923856692997
EK202310230042,147.9223459627743
EK202310173070,142.31191570307718
EK202310118014,144.14764629650077
EK202310201071,124.33104916773594
EK202310151104,112.39666750945383
EK202310150451,147.7247834829087
EK202310185662,167.0858329353487
EK202310152420,147.82474179415877
EK202310004807,138.72634457055398
EK202310123731,140.10869393496705
EK202320007290,157.21237251783646
EK202310159273,157.13887001280304
EK202310241776,145.93301905106034
EK202310240911,132.50565825749044
EK202310128834,139.92207238343946
EK202310128400,142.76064991501445
EK202310233118,156.8805249772545
EK202310234404,133.63635513213714
EK202310158169,163.07194977730884
EK202310168826,132.85557746724425
EK202310223636,160.83124598267636
EK202310228740,166.6687073376885
EK202310115835,137.43550723810236
EK202310131407,124.62054863858367
EK202310150935,142.2726251487173
EK202310225345,161.66192277693023
EK202310146990,155.73503577486613
EK202310227539,145.5645941522251
EK202310145038,123.94152503331004
EK202310134905,146.10028612635736
EK202310176247,150.03578237106325
EK202310238587,151.13893792569442
EK202310208338,140.0302730919096
EK202310202600,151.42965162186866
EK202310244941,143.26661352277304
EK202310121341,156.80352754349207
EK202310142598,173.58255377313856
EK202310198678,142.36496017409726
EK202310243034,140.83170105186855
EK202310188200,148.4454909631487
EK202310248513,119.52273369586305
EK202310247587,138.79216331805122
EK202310175167,136.3670342258075
EK202310248135,143.04577654392844
EK202310116341,148.30552323748347
EK202310187249,159.6881901220508
EK202310117946,148.15117382366736
EK202310120013,134.90568981094822
EK202310168464,137.34764722662658
EK202310188127,135.77233511623334
EK202310234954,140.14840423333368
EK202310240694,154.7969720178012
EK202310156774,145.8853620336046
EK202310242931,142.29983887597558
EK202310120909,138.8012231769073
EK202310213600,133.25900659944776
EK202310185790,145.96977275502195
EK202310189010,138.06553117830134
EK202310198849,127.40471043905224
EK202310110578,145.89357435691957
EK202310197754,152.67354695414807
EK202310224146,129.54360376366415
EK202310174258,134.18948316742433
EK202310190295,137.45250118075964
EK202310215366,140.8156837772235
EK202310236141,142.45197539794123
EK202310235081,145.7153261800144
EK202310113404,136.03737697841413
EK202310147836,170.6257014789216
EK202310119847,148.29393947642433
EK202320006154,163.6937660550966
EK202310181606,144.36105942682343
EK202310108458,152.1729435764119
EK202310191692,158.78109373121944
EK202310137028,137.80878534146416
EK202310186568,156.01195004402427
EK202310193659,147.03206826476364
EK202310201443,141.60298526526037
EK202310171284,153.51608197931432
EK202310162022,144.28284313570472
EK202310124310,139.15077804656093
EK202310150577,137.09863873218873
EK202310180293,166.1338700292987
EK202310233601,152.513552834066
EK202310218244,141.41864817463943
EK202310147274,146.47109151141095
EK202310144827,145.2263231655606
EK202310188705,129.1840701992727
EK202310171879,141.96963213461783
EK202310004380,154.1547650375914
EK202310124117,140.37113886588074
EK202310139515,157.34179096688428
EK202310223076,144.42921089640575
EK202310189237,140.21345771234152
EK202310158900,155.48708698408146
EK202310172965,136.36489734153074
EK202310133331,149.61211161038733
EK202310139550,133.08620452233004
EK202310182260,137.87322008393278
EK202310240459,133.38690358427374
EK202310129723,167.43161891762128
EK202310140428,131.43177374573412
EK202310116169,130.62061055949218
EK202310121335,129.83560463458628
EK202310154424,134.24969457040118
EK202310171495,154.7509987971299
EK202310230777,132.34559918229766
EK202310207460,144.4931169865578
EK202310194955,132.39154848381773
EK202310233382,134.58072733496175
EK202310126476,147.13367958471605
EK202310112541,130.67223812637096
EK202310211941,156.52607227854543
EK202310160649,144.4794248479679
EK202310147152,144.3576857506316
EK202310226978,146.03287490061544
EK202310156779,138.11925947170124
EK202310160400,160.63538743857214
EK202310113592,127.05187567294445
EK202310173652,150.71073690832958
EK202310159519,137.8107398934074
EK202310124262,133.87551625365458
EK202310205506,134.99840398810093
EK202310219097,155.23819056096016
EK202310226057,132.05387856952692
EK202310153736,127.57068006064094
EK202310180775,127.93951089637103
EK202310169348,164.15886906540922
EK202310131502,147.09116277476932
EK202310121729,113.09443881066782
EK202310159565,147.7023724002834
EK202310204448,136.53780247267247
EK202310153462,146.07265875958322
EK202310144316,137.85545196149246
EK202310135075,171.38238098226574
EK202310221375,145.3701233652222
EK202310163745,159.92915697369654
EK202310128307,154.53445106550492
EK202310117545,169.7566692722805
EK202310135049,173.56780554348398
EK202310168241,154.02494518826035
EK202310212910,139.8055917862244
EK202310201819,155.63677964023339
EK202310159317,156.35886437376786
EK202310205644,136.5693612357262
EK202310154083,134.98359112965323
EK202310229522,137.95345723571114
EK202310110884,157.0956404752602
EK202310157913,134.54405479669288
EK202310178487,171.87350991403216
EK202310159316,156.29781475805993
EK202310109379,150.6096861820211
EK202310188031,122.78390620131934
EK202310198040,155.7441533453911
EK202310175083,155.80069214851568
EK202310155364,138.66082329482796
EK202310204163,148.73292285500847
EK202310199502,139.91847746099413
EK202310204489,156.49247042913774
EK202310179081,138.71921855396505
EK202310233796,123.70776797139527
EK202310166659,152.29484967826463
EK202310160108,145.37698016484788
EK202310189609,152.88832271728523
EK202310104591,146.47903840310175
EK202310241388,127.38108190529783
EK202310141772,143.15634436663314
EK202310193970,140.00762443114857
EK202310115247,129.69533036681358
EK202310205518,147.80344803430998
EK202310169284,137.52847548580436
EK202310148744,147.7948771970999
EK202310190361,135.72792809066928
EK202310174521,169.18982387429224
EK202320005722,168.25257086281718
EK202310223637,144.48940857650405
EK202310206779,144.23276836637905
EK202310205588,148.2542111763955
EK202310173304,145.31150414474132
EK202310168176,149.83390190944897
EK202310213786,146.32835122174197
EK202310193979,154.29221788737357
EK202310126924,123.99798465116605
EK202310130529,143.509968095622
EK202310119471,137.0528318402703
EK202310196749,139.8233124737676
EK202310113250,156.41645222155552
EK202310155906,139.1552876354751
EK202310105766,124.17724045274481
EK202310201584,159.33139674730396
EK202310106175,134.16478363428516
EK202310178826,159.6167139808806
EK202310184322,132.02504204737775
EK202310106188,129.87616250086322
EK202310124482,134.65292386190558
EK202310186934,135.41974313893692
EK202310190559,146.98059907143096
EK202310247940,128.53192071466606
EK202310161261,150.26104383002445
EK202310167492,131.55763200369094
EK202310117822,132.11606162203603
EK202310185255,146.80815756864956
EK202310209656,127.11769663405096
EK202310161945,148.5943505328845
EK202310214665,153.9153525027246
EK202310146073,143.71539362424753
EK202310160721,165.42081493835238
EK202310245095,148.49757486807727
EK202310239697,145.19811067649482
EK202310196401,152.56961842568523
EK202310245200,149.40103609298475
EK202310151874,165.68433151354498
EK202310127590,155.65866308943876
EK202310172784,121.30959189751273
EK202310217741,143.32228722334173
EK202310118696,148.5666425299186
EK202310175680,155.50268300997652
EK202310248407,131.34992355195834
EK202310116779,134.62389673655466
EK202310230914,134.47210400447617
EK202310121682,141.70059784594713
EK202310124137,135.7742555961016
EK202310138758,134.62875097329774
EK202310115217,162.00284203871237
EK202310165227,136.85533454780585
EK202310198606,147.85270685202258
EK202310139887,141.0894057353312
EK202310235696,135.5371306138906
EK202310140862,140.5787292886412
EK202310245296,146.03849094398987
EK202310178643,150.40934687222384
EK202310109769,134.1315747262483
EK202310168383,134.21389348830652
EK202310173293,145.00755706353996
EK202310199278,157.4618684429399
EK202310188364,174.16740818049138
EK202310226539,127.32744337714306
EK202310104626,149.13203646033037
EK202310113611,147.30945855702285
EK202310155381,123.88042995467319
EK202310207381,160.79057775711667
EK202310232919,152.94340469099666
EK202310239683,141.16688934808718
EK202310131225,129.00241048279952
EK202310173001,138.80664516241023
EK202310194749,132.8133119783097
EK202310103766,135.24052390501765
EK202310173848,144.2752249054896
EK202310134143,129.5082765048408
EK202310233093,146.12226416416243
EK202310184337,149.18898605564854
EK202310129410,141.5731734845864
EK202310118391,124.83527374532946
EK202310222008,135.5599734872959
EK202310172498,126.94549940008154
EK202310187928,141.81856751978543
EK202310159483,122.52828731725813
EK202310110871,151.17188324177812
EK202310146779,140.55794246713697
EK202310155616,132.0791707524542
EK202310137460,145.2354191299426
EK202310209877,132.58044734662428
EK202310140666,145.74649740122328
EK202310122918,146.37875259979558
EK202310170046,145.6994997070872
EK202310143434,150.95914215328742
EK202310140495,142.78439943699635
EK202310174705,165.46138188058478
EK202310228168,143.8599364816358
EK202310127824,142.19594237328403
EK202310235975,129.44911649651354
EK202310190602,142.49683975605276
EK202310106408,131.6472935831419
EK202310233717,145.26099260804423
EK202310203927,143.45931836767213
EK202310106512,131.6374370341546
EK202310208972,146.03710483762322
EK202310156588,160.72072873409752
EK202310242168,140.5842400284511
EK202310123091,141.70459033578985
EK202310199389,148.73540223982585
EK202310154978,139.88758609262786
EK202310158716,132.57738669876304
EK202310159396,150.18385476835388
EK202320005678,167.60522370757946
EK202310110183,119.61315665083693
EK202310225959,135.28595598400585
EK202310225303,132.30141813208309
EK202310108877,145.74554470581856
EK202310237629,146.22006194928773
EK202310211593,118.96388337928818
EK202310151540,161.48053119939715
EK202310149041,147.33810842621602
EK202310147417,155.89547598131773
EK202310229267,129.30149665099592
EK202310194169,128.03217469342218
EK202310130855,141.17475769729097
EK202310218381,142.5440966590271
EK202310131759,151.2392178844847
EK202310159130,168.22747308547844
EK202310181380,145.73415705092185
EK202310154840,155.05973929409086
EK202310155113,147.51330684248214
EK202310190213,125.54819305923962
EK202310125761,157.16065217994975
EK202310228436,149.36610800760442
EK202310245583,146.4515142473847
EK202310138440,154.0173737760663
EK202310153292,133.13533415619355
EK202310114994,124.76905614888503
EK202310172366,145.09071922625515
EK202310124479,142.53311661175184
EK202310184003,169.97786696920727
EK202310179734,132.46610718813528
EK202310185315,142.57872963074368
EK202310247954,153.26444324133334
EK202310146620,145.20837126919196
EK202310171244,162.0138499326446
EK202310134666,148.8829422947857
EK202310220005,146.23798646145883
EK202310156110,140.65062391613222
EK202310207825,170.49363785626582
EK202310168883,144.23314847532245
EK202310136483,129.34156371186378
EK202310196952,167.8876105097519
EK202310196373,131.60220543202553
EK202310118816,133.16167542048873
EK202310165110,142.11841207199504
EK202310142607,160.2876118987787
EK202310168946,136.03786725991367
EK202310105295,150.2059549451976
EK202310106334,128.99641029174455
EK202310105612,138.9999906999532
EK202310119938,144.75630365760898
EK202310192361,160.6999508154628
EK202310195020,147.7252316416275
EK202310129686,137.21305310451217
EK202320005926,172.056589228362
EK202310210500,135.22709431906037
EK202310139090,147.40722612366307
EK202310138528,152.496741670044
EK202310201466,134.04899001602445
EK202310230750,133.2777585140252
EK202310148719,136.97404170658558
EK202310150803,137.54427538638456
EK202310216988,146.37988013456854
EK202310111431,127.85444995290254
EK202310185972,146.0307206901391
EK202310195667,162.41312888940854
EK202310140854,155.12883276024868
EK202310210882,145.89557216647435
EK202310233837,130.69185708029056
EK202320006073,171.54282569866305
EK202310196309,157.19495376109438
EK202310206916,154.26497866574573
EK202310226122,138.42458111818843
EK202320006289,165.0928583507617
EK202310226436,143.62591238717891
EK202310169442,153.2595629339678
EK202310241543,136.70358685782816
EK202310217591,131.84247579445673
EK202310140276,128.33747453322695
EK202320007784,143.1784854575321
EK202310149529,143.2499878514805
EK202320007633,144.4269685841347
EK202310119859,141.81564198955994
EK202310230599,120.31507798494319
EK202310140256,127.87070952138558
EK202310155491,132.55409089688038
EK202310132167,158.97275389441333
EK202310224240,164.20432448110805
EK202310110704,132.7163845292775
EK202310140659,115.05682212937124
EK202310209654,144.6845318337305
EK202310210751,136.17891484954868
EK202310114252,136.90460789946673
EK202310131050,135.61398161228286
EK202310176400,134.28626976842278
EK202310225146,136.88937880463638
EK202310218218,140.86694322833554
EK202310199879,147.45333860955222
EK202310233661,135.78085127408022
EK202310225646,115.0339760511533
EK202310141379,140.3951398211422
EK202320006182,147.30325943790754
EK202310173692,123.33987547847971
EK202310177607,139.38461248936784
EK202310233946,134.15211088140873
EK202310126324,126.5852689887474
EK202310191584,146.36628385031625
EK202310162051,151.481980136793
EK202310217086,141.21769869081297
EK202310175283,128.32079989324296
EK202310161464,164.94509292908566
EK202310175429,151.53433239286312
EK202310162548,159.15549641274984
EK202310124184,129.55241082171935
EK202310175929,154.97273464444976
EK202310162414,141.2507289977285
EK202310243129,118.6920723583874
EK202310157428,169.57260268055632
EK202310155573,138.53230851210589
EK202310163052,140.7936248205939
EK202310206064,146.8590995185795
EK202310248323,136.91595423654059
EK202310168056,172.01261229137006
EK202310128927,160.15368995076344
EK202310139485,154.899025040902
EK202310242735,132.46880614764402
EK202310134082,124.86999071620079
EK202310104455,124.92837216331418
EK202310159631,152.02100223253638
EK202310212803,145.56696489896052
EK202310104486,146.3057152570744
EK202310194508,131.45823636684506
EK202310147608,154.57420055324806
EK202310150343,137.3630915114044
EK202310231361,134.12782001741178
EK202310170149,156.31467682929326
EK202320005932,167.62348718510813
EK202310211081,137.5149174017465
EK202310164819,153.3507592609623
EK202310182415,145.0350219434222
EK202310129406,147.43817986993315
EK202310186466,125.66212039710216
EK202310116340,140.04760557161802
EK202310177218,148.50844963021854
EK202310207532,146.61429562797164
EK202310222391,134.80685595753616
EK202310176449,163.11056579823483
EK202310245955,144.10757855856744
EK202310193130,139.92346852116316
EK202310158757,126.35672924512278
EK202310227627,126.41884969965147
EK202310136426,140.52497104294903
EK202310130279,168.47045612597302
EK202310140320,143.317677649379
EK202310208976,134.26931390119333
EK202310140233,146.9503069743629
EK202310111236,145.69248642599862
EK202310106947,156.12788693562217
EK202310225392,136.1927510660879
EK202310156828,150.35339546224245
EK202310169518,122.79494290772307
EK202310112332,143.55454805180318
EK202310157079,168.5509690101917
EK202310113908,133.63681898535557
EK202310228518,126.14166694583669
EK202310162931,124.84182364048758
EK202310209191,131.6505050805858
EK202310170787,149.95820873279595
EK202310123235,129.53098790018774
EK202310155678,131.91470476962886
EK202310164712,129.1810242740754
EK202310124306,139.03775090673795
EK202310209118,145.69937034209343
EK202310198258,133.44932168164593
EK202310234831,137.7971623856138
EK202310226914,143.52688177341363
EK202310202181,139.28728758747482
EK202310181074,122.21608716476332
EK202310231524,130.1554236530332
EK202310159999,149.58867432315017
EK202310214159,160.43996500123478
EK202310104655,133.20663341068123
EK202310191665,154.76094591336812
EK202310226912,138.39417429519932
EK202310229568,130.853418253891
EK202320006366,161.52908815563904
EK202310158803,133.35857637323238
EK202310218310,127.72595926645997
EK202310204232,142.33789153274205
EK202310186641,155.3371406517013
EK202310145275,137.43248507045035
EK202310215048,150.87149015377832
EK202310155714,132.28100423165935
EK202310154842,145.92996343226744
EK202310131202,139.7501004769311
EK202310166844,150.88278667985062
EK202310209974,142.01172209555142
EK202310111411,134.76505516286105
EK202310208383,132.10773922534491
EK202310228239,145.0208968161291
EK202310220185,123.66162832741192
EK202310177863,134.08632082790297
EK202310191386,159.52426882681604
EK202310176540,147.48617399567766
EK202310128361,139.12095369517468
EK202310127737,149.68373879233917
EK202310205567,159.18409799665503
EK202310110038,117.17463694391509
EK202310135018,175.64911471590057
EK202310152829,165.10311200266153
EK202310106061,141.8896563006827
EK202310234328,150.14494610667163
EK202310179105,158.23341293111895
EK202310106635,139.48427950422135
EK202310133437,130.24997204792467
EK202310163497,142.1223288716735
EK202310170389,122.72474665505072
EK202310176900,142.452449585386
EK202310218778,145.52038469864905
EK202310188856,157.55264025821043
EK202310195987,171.74063357006
EK202310139386,146.79593095429033
EK202310220080,145.27326809230632
EK202310132718,140.08241098582022
EK202310184630,168.43792323860606
EK202310175811,119.94893391591184
EK202310109074,128.7797480205026
EK202310237543,134.42190236003353
EK202310229949,135.23210636834008
EK202310174243,126.78203888745192
EK202310185313,144.26266507331732
EK202310150933,153.64186057767446
EK202310114721,140.11536354914196
EK202310168635,136.12769271666482
EK202310188341,146.12742519539373
EK202310213705,149.90691508827118
EK202310239073,121.51851669692178
EK202310163500,122.94489888343388
EK202310208351,135.1073476381109
EK202310106450,142.33940779021566
EK202310115408,131.08133261427508
EK202310223788,139.2755869288817
EK202310243905,139.09891522585175
EK202310173232,129.54296448068413
EK202310147240,163.66249429800075
EK202310170514,149.12727339623223
EK202310150951,115.32784449574955
EK202310116493,140.17381357351297
EK202310195983,157.61825442498792
EK202310152131,128.42236481371532
EK202310104754,144.90950224447153
EK202310205406,144.50937559662452
EK202310160153,153.22996913269384
EK202310221221,131.8255016155285
EK202310160257,163.10165519803527
EK202310137708,145.59903043023604
EK202310115489,144.74709696945433
EK202310137151,142.68954138669946
EK202310227780,125.55259567897077
EK202310214472,150.782502504928
EK202310133088,166.2927696281938
EK202310239663,146.70349964898682
EK202310215474,138.51457568828235
EK202310183236,138.99352885273214
EK202310214837,138.50434962386484
EK202310187923,144.49713006720341
EK202310197935,154.02142380384373
EK202310140273,147.14177353912496
EK202310117788,125.91199478372835
EK202310170592,141.48960490360403
EK202310156315,143.40333342504132
EK202310166296,145.7385648820821
EK202310156678,147.08914612064947
EK202310197364,148.67438585919066
EK202310004739,136.2264164633717
EK202310133626,143.5842556772703
EK202310199623,146.1440204736807
EK202310159296,171.58649359408565
EK202310192767,148.86697853184384
EK202310148778,144.87553510578954
EK202310156041,132.44386642315624
EK202310186950,146.75425928635312
EK202310236558,137.96672671160536
EK202310213585,137.05925893700208
EK202310184418,138.0084687192855
EK202310140115,149.68765423111432
EK202310163224,129.2590249097548
EK202310228835,137.44269747399133
EK202310162030,140.82734356692362
EK202310168987,131.69647083779472
EK202310221729,153.3985413346215
EK202310181909,142.41022761038005
EK202310149566,152.04435444844424
EK202310149852,137.52072537277425
EK202310246189,141.19187413992648
EK202310173822,146.80023751779086
EK202320006684,166.66673315570984
EK202310151342,148.89177579748787
EK202310004964,148.02921358921455
EK202310167966,132.60857964927598
EK202310184397,122.52173459227568
EK202310200638,137.05568430601997
EK202310181195,145.8045407101001
EK202310149384,137.59588382371925
EK202310192111,149.96329945664615
EK202310119248,142.86393189998182
EK202310150757,141.05173244628307
EK202310105899,110.7174661393935
EK202310109147,140.97857706687765
EK202310003890,142.06019705672742
EK202310136861,142.039521510275
EK202310209403,135.13041211259116
EK202310143496,132.0083278898551
EK202310171668,138.0174186949325
EK202310168536,128.95221202237747
EK202310216195,148.2377868636878
EK202310117347,143.66682873599117
EK202310208923,141.81537799777027
EK202310239643,145.9565138477428
EK202310206445,140.65279371221897
EK202310104049,141.03839307921598
EK202310228180,142.4316675360443
EK202310116347,136.35708511471694
EK202310205059,135.06375640169125
EK202310248120,133.85999119564784
EK202310171398,153.7883352569463
EK202310161887,140.88136326100636
EK202310208795,144.51299657762394
EK202310211198,141.94243374824563
EK202310175547,150.65563835142459
EK202310168520,153.26046740094984
EK202310212595,135.6772234502951
EK202310116251,138.93769312858294
EK202320007851,155.43308869990688
EK202310106764,140.04247848887712
EK202310187318,123.43770145748077
EK202310158705,152.82663682449896
EK202310185110,148.107620440144
EK202310170152,141.34629833258077
EK202310195607,157.064542105951
EK202310111449,123.44465251403292
EK202310153841,164.27624551022987
EK202310167617,166.71172562572383
EK202310114265,140.08360607631522
EK202310133143,156.77893118183536
EK202310158293,156.08452592292969
EK202310181702,145.25147926471075
EK202310212416,139.8697665830435
EK202310231600,132.36511826141694
EK202310230507,126.10876359976932
EK202310223031,130.468499004622
EK202310180391,126.85356745794732
EK202310177543,152.68373078582422
EK202310218831,146.01253816830476
EK202310223265,142.96745365782417
EK202310109405,138.8627200876829
EK202310138084,140.2059695785246
EK202310144834,133.30492196724046
EK202310119130,141.95483121983892
EK202310241445,140.74241731030858
EK202310187813,123.3388400463026
EK202310233825,149.4688590282813
EK202310163582,137.18263703126414
EK202310152391,131.26473857282298
EK202310236241,145.2358609611097
EK202310179557,147.85318276732062
EK202310004239,158.33222336239027
EK202310218905,121.47399648386646
EK202310132305,124.48704888775976
EK202310230005,133.6967558201001
EK202310210560,142.60835802466028
EK202310216882,153.5323771219811
EK202310176911,149.8246026817764
EK202310136229,137.87778152934652
EK202310106054,139.1535748091824
EK202310195370,146.9388276735398
EK202310173198,138.51496783185252
EK202310173224,148.10425303527273
EK202310192049,152.55329243199782
EK202310119480,134.1201415811354
EK202310173031,141.6133095981201
EK202310141972,168.74425913506505
EK202310146369,150.11105914631435
EK202310242801,133.86824373867526
EK202310206809,151.64853429030705
EK202310185734,113.49049583582627
EK202310139207,166.9605793249778
EK202310210887,131.65802399014188
EK202310105956,149.02080812579845
EK202310163503,141.76772819709547
EK202310123765,132.46700025452157
EK202310232619,149.06754298909172
EK202310205867,136.03118709700684
EK202310158665,154.46801341763253
EK202310236631,140.34026917101704
EK202310190792,146.43584578718787
EK202310210386,141.089043379891
EK202310200450,138.73682826446282
EK202310174140,133.6791976470018
EK202310138770,147.46398332007416
EK202310237110,129.7754591565949
EK202310164459,147.94651033689496
EK202310132579,119.97935262933672
EK202310196378,126.98790643986217
EK202310193320,148.4093453384962
EK202310232595,163.36728888596144
EK202310130509,139.98602855684894
EK202310109357,161.4434899235984
EK202310231395,141.50611708263762
EK202310193035,170.46729653958573
EK202310213027,148.52167509799597
EK202310138622,135.11101252768785
EK202310193234,149.9153220616671
EK202310185497,138.95252893417
EK202310228201,139.2711759346908
EK202310230916,137.7559690932282
EK202310219136,133.26175161967788
EK202310229694,140.49787471959223
EK202310242998,143.5147480672869
EK202310118461,151.8861981474905
EK202310147273,133.1673415794556
EK202310112383,152.2117668554317
EK202310161078,166.08411012398645
EK202310164392,149.53166068965615
EK202310111127,129.67445723341913
EK202310169688,114.37617745769779
EK202310111033,146.1477903941388
EK202310118526,133.94049472459997
EK202310190143,151.51027103123215
EK202310232739,143.30067995167815
EK202310199403,146.47918925679605
EK202310168879,161.93878983711403
EK202310140593,130.7107368724975
EK202310003734,145.2491444797325
EK202310234646,129.35745745227126
EK202310133170,138.21212174725514
EK202310181389,129.66423072356605
EK202310173177,151.8480744597494
EK202310164882,123.64162018771779
EK202310191760,156.6965219226662
EK202310234933,154.71648710197363
EK202310164012,131.82007516813545
EK202310207434,147.69983238816425
EK202310198243,128.27853336963304
EK202310162062,149.72748865233714
EK202310124086,149.31105167546556
EK202310159310,146.63481625823104
EK202310241058,147.55433503067832
EK202310179083,137.73856716968606
EK202310175051,132.04713789036552
EK202310149452,150.02511425981916
EK202310230416,130.63481456085054
EK202310187500,157.23184538806018
EK202310183313,152.71354833997094
EK202310237296,149.09005881805518
EK202310214789,151.9920703519936
EK202310180222,144.97130709556274
EK202310122939,158.95876901601247
EK202310181965,147.6627362574072
EK202310228380,151.79579960187678
EK202310159058,122.59739303146303
EK202310188976,140.6911961732435
EK202310172452,138.33033016788042
EK202310215052,150.88309305615658
EK202310247517,154.68044745093667
EK202310156349,144.7299498835725
EK202310242723,143.92710192434924
EK202310107972,144.86552251378723
EK202310153284,117.6053973775847
EK202310142419,147.76686225453136
EK202310202260,141.03012667087802
EK202310169840,162.62105020968366
EK202310229959,141.33021562953758
EK202310112101,149.22367638949518
EK202310170405,136.79010101846595
EK202310187604,138.76078559719042
EK202310226938,149.58559135990313
EK202310170407,132.88254471846182
EK202310188787,139.43760671244823
EK202310157751,140.5510707202792
EK202310110049,136.5152529348845
EK202310171605,139.87999103374852
EK202310225647,144.81029707644223
EK202310160034,141.2235401591297
EK202310104086,139.96578830587694
EK202310133846,132.23817935760692
EK202310149687,146.5976765211762
EK202310237643,145.70175171279112
EK202310240693,142.73963914652268
EK202310209107,153.4563800323961
EK202310152954,140.9008565261941
EK202310107042,138.38324969718778
EK202310147766,135.62357011688783
EK202310157864,131.698692732737
EK202310132609,147.5146268993056
EK202310198224,141.21045817628806
EK202310181372,148.97704493198003
EK202310107536,144.97857318454427
EK202310107339,117.93707775871033
EK202310231880,158.90192450031523
EK202310121562,138.04077141589482
EK202310219911,117.04073388492691
EK202310111456,146.81423249619397
EK202310230174,139.1800602901812
EK202310123273,139.94476737294178
EK202310130394,133.8439469011363
EK202310125858,142.91668913604025
EK202310148270,148.89483194932416
EK202310158632,129.7427160610574
EK202310131026,129.32501302728537
EK202310204177,147.20268547050225
EK202310116255,148.31219994835104
EK202310149497,147.93331970296822
EK202310105304,154.91036686768362
EK202310188432,130.54427442666042
EK202310153241,159.6233028477049
EK202310143739,153.51145158760545
EK202310157045,145.3169388760069
EK202310221281,137.86661514450577
EK202310183812,151.30767743058504
EK202310237731,118.26509950176322
EK202310157369,140.86691199895594
EK202310162985,156.20964998262434
EK202310120645,144.54564190983652
EK202310222168,130.7683276343106
EK202310185855,148.5661373428058
EK202310208538,152.4809915581094
EK202310176660,152.0410472258037
EK202310004357,144.19298404533987
EK202310131180,148.55882327288853
EK202310239429,150.55712548753348
EK202310143219,139.1150620464802
EK202310117261,135.49169669878867
EK202310185385,150.82657183260028
EK202320006967,161.2375914578675
EK202310133649,153.6247187199075
EK202310124686,142.4617025981944
EK202310158040,137.42446112650623
EK202310196688,140.51791589029673
EK202310191616,139.39340911899083
EK202310115678,128.0327112098394
EK202310147246,149.37816175013336
EK202310143506,138.8127402634276
EK202310151678,128.14637398116597
EK202310154413,152.9436477546704
EK202310140205,134.95579269261188
EK202310220100,145.33818590551903
EK202310125163,141.5347085225931
EK202310220961,128.51008143299197
EK202310230382,126.31039125193618
EK202310235095,130.0242594312105
EK202310161057,150.9197179142185
EK202310118114,149.83439258932967
EK202310170808,132.12607522354935
EK202310134456,151.45796084290401
EK202310200301,148.33800896986295
EK202310159200,162.47625125372818
EK202310238472,124.63466715642438
EK202310128987,136.7390831763184
EK202310108858,143.21283672927254
EK202310226102,136.21473711252048
EK202310113124,124.13762530305016
EK202310225235,140.25095057424716
EK202310179343,139.15467683210738
EK202310178389,148.07551074418072
EK202310119599,119.11700515328464
EK202310244023,134.53904371419137
EK202310156102,134.44670976340728
EK202310130216,165.1612792148207
EK202310234897,141.2208842279686
EK202310187102,132.53495259820053
EK202310239290,117.25763098500006
EK202310136586,137.90523134550233
EK202310108466,145.442123571579
EK202310230613,136.74780303948276
EK202310152593,150.7513868850683
EK202310196010,159.6717442721779
EK202310226253,128.1581145441542
EK202310203216,139.2412831427215
EK202310166883,138.33370379833877
EK202310129487,146.98591042429584
EK202310105043,145.20691533575382
EK202310138902,130.5949117845385
EK202310202724,146.43695773590315
EK202310201811,164.7027438980652
EK202310175242,137.1784058955915
EK202310114269,127.69784605067507
EK202310231260,130.3955322575233
EK202310104135,152.49960213284746
EK202310157818,133.3750216245151
EK202310182339,151.01990384730013
EK202310147937,137.53624488660154
EK202310200292,137.31181164661865
EK202310230177,132.34666061614394
EK202310162469,134.40363681463265
EK202310204330,139.11127157940132
EK202310139204,150.8209912046297
EK202310130100,143.89778171913886
EK202310155710,148.1101044357032
EK202310233995,137.13666605870472
EK202310184497,149.3241050421313
EK202310164378,138.11512145380763
EK202310219862,150.10506768168068
EK202310125493,138.78697102077027
EK202310154947,151.42903690330718
EK202310177743,142.91328493525265
EK202310183365,117.28090041477384
EK202310195017,145.19553020099133
EK202310111369,148.71158476517363
EK202310225082,171.3188673677468
EK202310155429,137.0214975433797
EK202310226852,137.60807550434916
EK202310180504,155.7181860623915
EK202310181743,169.1414683613819
EK202310003997,154.0113403755436
EK202310205645,147.86019590817185
EK202310115820,142.50280654974324
EK202310162941,143.72518913351405
EK202310180586,132.1122110253406
EK202310220916,129.33061662106707
EK202310202555,158.08175636538775
EK202310149995,137.87008030105102
EK202310119295,160.3529459906871
EK202310187858,148.34753201964494
EK202310237992,156.20151680761353
EK202310213952,152.8584878527744
EK202310123029,137.12039032205323
EK202310147096,152.79152681591535
EK202310223097,131.27571313923406
EK202310166215,135.06710425869187
EK202310004720,153.9627014955131
EK202310163572,126.48418805334929
EK202310162607,138.58353261707356
EK202310126965,155.09056487919125
EK202310140141,140.5222230877293
EK202310177046,143.72768137333867
EK202310197851,158.13822043373304
EK202310117189,131.62983439052726
EK202310210540,137.94480586915807
EK202310177596,136.3476532370576
EK202310155696,149.23072332362688
EK202310175690,154.14888453094702
EK202310219739,134.30670207650581
EK202310003649,134.38931057828248
EK202310175576,150.9705805275692
EK202310178878,150.0935046316919
EK202310211266,125.61957333123402
EK202310141670,143.62169956001097
EK202310159615,156.39365345495563
EK202310234233,143.04013592383833
EK202310229461,140.35048978807728
EK202310205036,144.06927828682373
EK202310225181,139.75246406002185
EK202310191452,150.19420597771642
EK202310146939,136.18664570574143
EK202310182164,154.9467212304287
EK202310170225,161.17858970911576
EK202310194220,147.73019594257528
EK202310197061,157.29906877525138
EK202310173373,136.36650049869993
EK202310209119,147.5409534993378
EK202320006628,167.191098471348
EK202310136886,123.18755441707182
EK202310159668,130.91023132556415
EK202310204891,139.51308188695197
EK202310246209,154.50102848884367
EK202310198151,142.50938394565446
EK202310111528,136.67289264317873
EK202310181657,139.54161357060838
EK202310110692,131.8341198501789
EK202310187777,166.4969954382796
EK202310180038,120.5013044097429
EK202310107931,126.08823648088477
EK202310186808,145.738827703773
EK202310229289,144.60125073435503
EK202310223469,141.53111205327176
EK202310124329,132.91109259162158
EK202310181534,143.01093622205292
EK202310132729,143.46824461930194
EK202310121382,138.78884232002662
EK202320006815,171.7195574998755
EK202310199820,158.49671419778332
EK202310148775,149.34794240324857
EK202310160487,127.99036582431484
EK202310225148,170.80757183332284
EK202310144291,151.52559076914403
EK202310177549,149.75694362936412
EK202310195485,134.23160192769683
EK202310183864,165.74903439029035
EK202310120532,123.35102643931594
EK202310170076,133.20747211241434
EK202310195740,142.038743787189
EK202310179595,137.1794788164875
EK202320007837,141.00792561434346
EK202310184046,143.8106646281135
EK202310171869,138.09465095658115
EK202310223256,136.00554406991333
EK202310233904,137.39025886145652
EK202310247327,169.3657157892265
EK202310127761,150.31813547104906
EK202310131174,137.5862763166006
EK202310112799,135.95811342675535
EK202310121242,142.40526912373159
EK202310220124,140.75394551166147
EK202310118386,144.5171165710239
EK202310111074,150.63174315205
EK202310182197,144.1705001225303
EK202310138009,131.03188233042488
EK202310205273,161.18082154199217
EK202310118039,150.26273665358124
EK202310126134,157.021845516012
EK202310130337,135.21182762133867
EK202310106788,134.53681815292705
EK202310167682,148.55673728805417
EK202310146264,137.65515586134885
EK202310138461,111.81539944984404
EK202310218689,132.69989985327473
EK202310176319,165.1135240618887
EK202310118958,131.62484348407634
EK202310167604,151.6897441460796
EK202310205793,125.59973657968402
EK202310104740,138.93614817155006
EK202310166561,136.36111570480443
EK202310110675,123.26709542477836
EK202310201775,144.74113982706513
EK202310188302,174.25922828178088
EK202310167994,142.307271618351
EK202310135487,152.6667022855317
EK202310168143,135.95490589236917
EK202310204808,144.35347141932746
EK202310151944,160.5801181383861
EK202310224341,143.65162589464796
EK202310111538,168.10521649658818
EK202310122316,134.3984255610684
EK202310178272,151.52980935264964
EK202310174655,143.64405509184914
EK202320006786,168.41849133913945
EK202310170761,152.8391884141858
EK202310117836,146.7473436833318
EK202310197808,155.5936751035358
EK202310236038,169.30361613622006
EK202310147177,150.9531914802698
EK202310226210,141.27915094334438
EK202310128001,139.48798594544013
EK202310150524,158.87557359155645
EK202310128526,144.43378198174753
EK202310126204,136.15861559983787
EK202310117271,137.68109816038435
EK202310176809,133.3381075972563
EK202310169896,157.35023303294196
EK202310241503,127.33540007671314
EK202310159411,158.5615418510471
EK202310168543,160.20036205616196
EK202310196558,149.68658099405928
EK202310163150,157.2613769561006
EK202310235581,138.35737145972533
EK202310233161,140.31379605012134
EK202310190473,153.54147454763634
EK202310196173,130.09124708298853
EK202310208613,135.00294940660078
EK202310177724,124.66571633080754
EK202310175056,143.73465081617937
EK202310111228,139.28216173955406
EK202310234828,130.30958279701397
EK202310121915,146.11295933641532
EK202310220373,147.53249231404436
EK202310145989,149.13006948630212
EK202310246664,152.53981411606807
EK202310239676,148.7706500503364
EK202310223963,143.17077416725581
EK202310210083,150.52937911969343
EK202310165601,128.937157324707
EK202310211271,146.25510466565916
EK202310179038,135.87678783437227
EK202310112961,149.2645021031948
EK202310141004,146.58192346190685
EK202310150784,162.4185138996716
EK202310174865,147.26636096369705
EK202310123688,124.68976148430775
EK202310190962,151.59516746010885
EK202310192255,130.40848969481945
EK202310192265,149.99336038245943
EK202310193019,152.20489400733996
EK202310114602,131.88844194513453
EK202310110286,129.53236157967794
EK202310163569,130.4408028606826
EK202310174927,171.57182443666346
EK202310204027,156.54354224717957
EK202310197637,135.87073352901533
EK202310190376,130.86741699973732
EK202310146945,127.44171395124611
EK202310149841,124.6424814782733
EK202310170965,160.0308497954734
EK202310107183,143.69489443076887
EK202310163517,139.43294785059143
EK202310203286,157.74447928587816
EK202310146022,142.73020586035497
EK202310111432,129.20908986113292
EK202310202147,163.1573167061019
EK202310139521,162.91987434165952
EK202310214439,158.1959518962591
EK202310178903,145.6118159019701
EK202310123729,131.70925923138716
EK202310199058,150.63699651811316
EK202310136770,151.3419875578085
EK202310226727,147.79428703861612
EK202310223073,123.29254214015234
EK202310200813,146.98353809725808
EK202310123891,136.86156550304264
EK202310122410,142.44881282819847
EK202310213591,137.09463814301958
EK202310247671,165.818934323044
EK202310168753,136.93951621914954
EK202310227492,142.6882025374562
EK202310121230,135.10725339938313
EK202310162300,158.93724710570058
EK202310138673,146.11240730251106
EK202310177419,142.62620795352504
EK202310221047,133.24460557181146
EK202310199069,136.93840796485395
EK202310124433,151.61703201126028
EK202310152193,167.62783423687569
EK202310221750,135.86057121196836
EK202310111508,140.05133052612962
EK202310225858,134.41328588453325
EK202310244419,167.9034506128711
EK202310139413,154.67103202544695
EK202310156930,134.52327082927627
EK202310160323,163.9876075223425
EK202310140167,140.45327057937698
EK202310106834,139.77001026392838
EK202310116024,138.26128319686944
EK202310221867,134.88024522331045
EK202310158833,155.75645414991666
EK202310123702,138.4182801175894
EK202310192686,131.46556821932217
EK202310210956,154.7008310524519
EK202310142282,163.5995055164617
EK202310138282,146.8235052327179
EK202310224531,132.36358326129334
EK202310165971,132.5622784091341
EK202310161662,145.97232214194156
EK202310109830,139.58063120929933
EK202310149086,157.8979568998947
EK202310128457,151.6445326887557
EK202310146894,145.99447521864806
EK202310153536,128.79510358845624
EK202310137317,139.64420460628835
EK202310109096,141.88755249410585
EK202310188535,139.6139498730124
EK202310193279,136.7611625839064
EK202310229951,146.73310438410925
EK202310110507,122.62298793388472
EK202310158912,145.78572022708468
EK202310121939,153.76144804831424
EK202310133006,156.9086242316773
EK202310123534,137.24053719191608
EK202310116590,135.38318753511544
EK202310225727,139.22113554125144
EK202310121585,132.5124643261894
EK202310204778,146.54426726015618
EK202310185473,155.3195416219853
EK202310210130,145.65509474386067
EK202310148836,149.69432011846325
EK202310119653,142.83712765732096
EK202310198898,125.54056036403693
EK202310248089,155.56711775615983
EK202310139296,144.84909774490453
EK202310179982,173.61856399311822
EK202310237915,132.3871613864614
EK202310158701,143.6861127103392
EK202310200383,142.32842653745712
EK202310123263,133.94182508241877
EK202310120640,136.84250628494163
EK202310164686,156.68135188185488
EK202310172560,145.39840995194933
EK202310112120,146.99554417154042
EK202310111450,128.78106599251802
EK202310127176,173.59024027384248
EK202310155228,137.2315790198333
EK202310122785,165.88068087090588
EK202310129726,164.91923954811156
EK202310202138,146.27070804934894
EK202310174059,130.20155981486693
EK202310241322,149.33455918704556
EK202310240201,149.45452208245166
EK202310152861,159.7707198638803
EK202310190128,159.79725445873964
EK202310142222,148.02039766332328
EK202310239282,140.376824588258
EK202310123815,128.66606623801752
EK202310135342,144.0664159484777
EK202310165056,139.82016442265422
EK202310197918,130.33665732996445
EK202310152287,145.2962802211213
EK202310118776,157.18354721149086
EK202310204594,143.29911251305762
EK202310207755,124.08915306394931
EK202310202942,133.90753100292292
EK202310115468,132.53237581953374
EK202310196078,164.4474299673955
EK202310208592,151.09349475324962
EK202310138579,135.1346385104272
EK202310221870,127.33236156653244
EK202310104365,150.42339249345383
EK202310240461,153.15156329369748
EK202310189760,135.73000470775762
EK202310190187,144.5110286899031
EK202310221590,159.70267283729402
EK202310195095,126.53295654064692
EK202310209962,139.91101697145672
EK202310236666,129.1756714097158
EK202310163532,138.52911031853472
EK202310200231,130.0618487926232
EK202310166801,128.674887813621
EK202310137829,123.89628913502554
EK202310178645,140.5004087494016
EK202310132257,130.56731172806948
EK202310116109,135.652307054318
EK202310170340,145.57524575898648
EK202320005685,156.04335445009022
EK202310110254,131.92778763832794
EK202310142286,155.12782801949893
EK202310113972,140.19397382891924
EK202310173627,176.0074226343785
EK202310161526,162.41977062446975
EK202310199255,144.4384718407672
EK202310127635,135.60140177536664
EK202310230652,136.881947355384
EK202310162047,152.24734040883004
EK202310187427,144.0787973476294
EK202310183777,163.66546369534123
EK202310209587,150.11824295854314
EK202310206498,143.84152842337704
EK202310212354,128.49932336336425
EK202310124840,141.11086215005963
EK202310120474,132.36281484173193
EK202310145470,129.9889806976489
EK202310193235,144.42353144095648
EK202310173946,135.55977902088077
EK202310139407,133.3925824773439
EK202310172298,128.65280719756794
EK202310172477,159.40094719313964
EK202310136836,128.57651837916586
EK202310153000,151.99827945967942
EK202310227011,135.27808456032415
EK202310116524,131.39280014103284
EK202310182080,147.98836398450808
EK202310172447,153.6417893638967
EK202310202778,132.9380271899679
EK202310173634,138.49469171861958
EK202310233498,154.77376179649798
EK202310147033,144.63211666520914
EK202310229276,137.70494023858564
EK202310149539,151.33038142706084
EK202310169898,150.7487262512273
EK202310140444,143.45129462167353
EK202310148794,141.96486474703198
EK202310168225,151.9770588899317
EK202310122509,135.03457509360527
EK202310200433,155.27724716291473
EK202310147275,148.2503756425884
EK202310173524,147.75848904462083
EK202310172383,137.29874163259188
EK202310162443,151.48951897959952
EK202310136680,156.45306291421392
EK202310145392,126.43684571235947
EK202310128822,146.96554367577912
EK202310178947,125.58871155487886
EK202310161017,126.60900885741327
EK202310117154,129.55838138286626
EK202310191847,145.86460466406518
EK202310235861,157.8772386114652
EK202310144219,138.0137969176818
EK202310163279,154.53408652775812
EK202310123158,125.48900092662817
EK202310130523,153.59937534740132
EK202310149646,149.64610004827836
EK202310135587,134.64293191601263
EK202310206712,162.4547691788826
EK202310114144,140.1569094011459
EK202310143984,137.52190466016629
EK202310247715,145.18859336267894
EK202310166729,149.16874535121818
EK202310166588,148.50713306942674
EK202310104103,142.96226290153876
EK202310180245,166.1059208860936
EK202310147372,157.42758017925678
EK202310153045,137.1264231896534
EK202310218342,139.11940267567255
EK202310178452,136.992312862483
EK202310215610,154.8222913263353
EK202310125820,143.35637663393845
EK202310145000,151.67179282635098
EK202310123565,135.47629643192087
EK202310119232,129.97750813024265
EK202310121655,130.9588198580817
EK202310220009,148.5708888029201
EK202310108478,162.37625496172723
EK202320006810,161.84896220180303
EK202310164302,132.06072964722065
EK202310127527,139.64627065093396
EK202310158421,145.1587347955939
EK202310130473,131.69238651887636
EK202310191209,142.89448427591418
EK202310151031,134.48845382892628
EK202310242418,136.33313830094102
EK202310117038,148.26802757085642
EK202310169468,159.36609200293387
EK202310155518,132.50348110517942
EK202310160439,144.79381947432861
EK202310137675,144.92546849128536
EK202310129243,140.2220350750062
EK202310161476,155.85733256416918
EK202310117393,129.751090690483
EK202310183468,150.78145945084873
EK202310136137,134.9889473936567
EK202310186954,158.59572977001957
EK202310149506,157.35878504028116
EK202310138751,151.32299719548908
EK202310210563,150.95156005200707
EK202310153823,164.4911541864341
EK202310109991,152.9896602800726
EK202310163957,168.80615403471978
EK202310213655,141.75275648055447
EK202310200962,160.79004014766195
EK202310161409,167.22867237937086
EK202310153656,152.26561521125032
EK202310135461,116.46643510114554
EK202310192428,147.9147961054475
EK202310125512,146.27147034462672
EK202310217273,153.18409441002905
EK202310154096,153.97422794889474
EK202310230788,124.21938068026958
EK202310178884,118.79487838412068
EK202310172461,160.6195334025637
EK202320007592,143.38315554769696
EK202310199895,140.48374272612992
EK202310239443,133.78871234699298
EK202310123294,127.86204991428642
EK202310177951,146.67155984625407
EK202310203901,167.8761271952441
EK202310133270,149.93625427742668
EK202310150003,148.01877376975358
EK202310173535,144.5524557043255
EK202310177996,136.92661825927527
EK202310177998,142.54152462026357
EK202310105111,136.5590179412954
EK202310132782,146.5305827275956
EK202310147465,154.69774398009164
EK202310189373,146.3292150526431
EK202310212915,143.2143280672043
EK202310192950,139.27658653701593
EK202310116860,129.98582827117684
EK202310219235,130.02177264297572
EK202310159602,167.13107196243823
EK202310004247,138.17391755925425
EK202310108971,137.43357226259386
EK202310188852,147.58352772408105
EK202310139403,140.43083038327578
EK202310234630,140.24870723357262
EK202310003419,134.85424097232797
EK202310240718,139.28623328451476
EK202310139149,154.7335785374855
EK202310191432,161.4552764171538
EK202310150654,184.2276652604074
EK202310106818,148.0475178294264
EK202310238168,127.37144253050606
EK202310164496,131.84057655401784
EK202310187495,159.0747239209607
EK202310103974,146.0106037502963
EK202310109251,137.34234678229308
EK202310120857,111.50489466143657
EK202310170330,149.23254900409583
EK202310173297,147.85034847350477
EK202310140255,135.19466927713623
EK202310139229,140.77381604385047
EK202310174339,151.05595951556708
EK202310241642,157.3693909235277
EK202310124888,146.30856620590805
EK202310182131,136.4777817606498
EK202310204239,138.0103260936936
EK202310168111,134.40210260900875
EK202310121789,133.2409362271104
EK202310140719,146.66357598570556
EK202310192995,143.94500446572545
EK202310117846,129.00713589926528
EK202310116879,136.76693942567584
EK202310146348,130.01780993626312
EK202310161368,164.49667528215886
EK202310176187,158.19219576753005
EK202310003798,137.66663552759934
EK202310147169,152.08756574137917
EK202310130622,138.51800487864895
EK202310246544,161.705662031983
EK202310153051,153.77335467078098
EK202310185995,149.8006448529822
EK202310110814,140.71646647286968
EK202310151121,134.10105800128275
EK202310219095,126.2171843064517
EK202310110404,143.8978163696027
EK202310144409,143.21760123009597
EK202310187391,137.29783233976323
EK202310149764,142.7837902439209
EK202310201310,153.26732938406187
EK202310236862,127.78759903839072
EK202310137394,149.04676487582105
EK202310141967,148.8317933785862
EK202310116050,126.1893270674257
EK202310207103,131.00446001464067
EK202310004907,147.19845079088108
EK202310151090,144.43826771792337
EK202310172058,156.55902238622443
EK202310115937,133.85316313721881
EK202310200500,139.3051652409025
EK202310197265,162.4766621175381
EK202310156808,147.05293583887553
EK202310210778,147.96424759046982
EK202310178848,136.61982310173465
EK202310189222,148.75593620471417
EK202310245286,148.53977160752865
EK202310201625,134.60946177912737
EK202310245649,140.48968767634418
EK202310149643,142.88984458829196
EK202310136510,140.3697134343366
EK202310122753,144.99992681066004
EK202310246817,151.8563788267024
EK202310210226,136.38330370377864
EK202310172695,142.66876818919496
EK202310170665,167.11446687082528
EK202310142911,141.10094818625882
EK202310169874,141.6898384416114
EK202310198233,159.2676861014275
EK202310207245,145.10981987505394
EK202310123010,162.21884929106227
EK202310237178,133.6874884347893
EK202310199794,136.08640198197537
EK202310150744,144.71025605832168
EK202310230791,128.09442589867055
EK202310219009,137.47473671668192
EK202310156827,152.99911861342474
EK202310128134,156.7724674763083
EK202310106985,132.42994309309702
EK202310169339,164.13724772945184
EK202310235910,149.18744341974536
EK202310234586,143.20169173083391
EK202310225660,129.43638603955733
EK202310004833,138.5843047891595
EK202310197506,143.41498654513387
EK202310165175,152.90328113798552
EK202310133623,164.29675977157675
EK202310188944,140.16156987950706
EK202310195388,159.4348893601443
EK202310136775,152.4944884971748
EK202310123115,125.24609761200827
EK202310236860,144.14785314585208
EK202310144494,138.79248451747375
EK202310229026,140.34768904860508
EK202310135882,145.27294697045664
EK202310212362,137.00441564252006
EK202310159458,131.22935087722232
EK202310208432,133.90870456502952
EK202310157240,118.62438176834458
EK202310209343,154.58931332326432
EK202310214206,142.94179650422797
EK202310178372,153.14620638141255
EK202310243735,143.00862529180802
EK202310148264,137.0914778733098
EK202310137796,148.17129524040422
EK202310124924,143.4673016087592
EK202310236432,133.58708230874674
EK202310175676,138.13376855818225
EK202310235955,145.7974292835692
EK202310198947,144.859986499991
EK202310134055,145.52535028631124
EK202310174001,138.12054512358336
EK202310115167,146.08512849360315
EK202310127593,144.90093954325044
EK202310158302,163.14067062637852
EK202310212755,150.4612485133488
EK202310240947,130.83941393243492
EK202310149996,131.59907630329673
EK202310150238,118.96650318462771
EK202310235315,153.99733523341467
EK202310112303,138.88378041468985
EK202310162832,145.92923391529618
EK202310168734,139.6595033846804
EK202310144612,133.531631402818
EK202310141463,136.7272018909372
EK202310186157,136.980898004776
EK202310196629,175.3891554257359
EK202310177781,126.76407957573012
EK202310214576,155.807930402228
EK202310213457,130.43037033179263
EK202310109319,128.07475340958715
EK202310140409,151.57358168174696
EK202310159595,139.82569304802476
EK202310221635,136.0703260085701
EK202310156425,146.09455611160985
EK202310151139,110.88050981131548
EK202310122849,133.89225583505433
EK202310149074,151.79221269546355
EK202310242259,150.67560603159086
EK202310164229,167.63686760353391
EK202310193843,154.46774370723955
EK202310206163,129.06324259745895
EK202310226035,138.513406390136
EK202310152221,152.4499736616675
EK202310105803,132.32010433081572
EK202310226363,128.89902321618052
EK202310154688,148.7296356166134
EK202310176650,126.88925630729145
EK202310145747,123.97555433855764
EK202310211584,133.5254875832709
EK202310220442,138.02900970857337
EK202310205364,140.9493688403573
EK202310247943,150.45797171666447
EK202310211494,132.4792552548486
EK202310223193,138.21945351427902
EK202310192188,162.719833917378
EK202310182827,142.9518695865225
EK202310232562,153.9331426937665
EK202310133290,124.94959786723413
EK202310158696,133.27934436731886
EK202310217289,138.99036598994059
EK202310160255,155.895190326876
EK202310153931,134.00763206063434
EK202310152474,123.89718042976595
EK202310202098,157.44359707985137
EK202310222372,155.39114121186785
EK202310122551,131.96463088064652
EK202310189977,162.33572851741894
EK202310235124,150.08092996934008
EK202310230811,146.0369559379615
EK202310139101,153.11894013747366
EK202310172491,139.35388111246056
EK202310217910,128.28194063158872
EK202310111343,136.29873721943534
EK202310003655,138.58986653813227
EK202310143114,138.48044360615893
EK202310199189,128.60250691823555
EK202310216615,137.49167266098846
EK202310191841,141.63832573372866
EK202310125751,142.01886759373988
EK202310138803,154.63814420831926
EK202310164581,142.36450516280124
EK202310208664,157.95794668240836
EK202310110520,128.1907994162098
EK202310121702,150.2099445993823
EK202310217544,136.2532938994639
EK202310230128,138.94333465848777
EK202310143116,144.54692591115807
EK202310240904,120.11002366764858
EK202310119417,156.75182957591744
EK202310140166,139.7127781129214
EK202310173685,141.2704251955232
EK202310183555,144.019852447064
EK202310184119,144.90125236404913
EK202310107937,150.17216232543817
EK202310212966,140.48246203727675
EK202310161552,156.87705503211484
EK202310176844,139.65136417069758
EK202310106215,127.5243975463788
EK202310114075,136.31264285469365
EK202310130063,152.86604441698444
EK202310205703,133.6581436228061
EK202310197515,131.50769899749125
EK202310211815,125.41073661885761
EK202310201003,145.58231519123507
EK202310230991,126.89988507414063
EK202310117518,148.90500217016637
EK202310197246,155.2221471664806
EK202310172663,130.89930009430512
EK202310139483,148.51090317464713
EK202310129316,160.5800083133185
EK202310152009,153.36954159339214
EK202310202611,141.93549989647119
EK202310226354,137.67677886951705
EK202310117193,136.2639159446007
EK202310118713,145.2284283625727
EK202310172411,166.4979232771085
EK202310219644,125.05260824831589
EK202310213531,143.5658065092836
EK202310242803,132.11196122161275
EK202310152661,151.55630903083528
EK202310152241,139.58619710316532
EK202310229787,148.75615937857143
EK202310242437,141.62250717069895
EK202310108706,152.40636700699298
EK202310185541,145.32547096160468
EK202310164254,154.62722265709266
EK202310169434,137.05843893802103
EK202310140161,130.38083206964663
EK202310140926,166.33107194273398
EK202310144378,137.80681066531582
EK202310207675,122.73468837019828
EK202310176041,127.57325290573445
EK202310179507,154.6992456722406
EK202310217262,136.32802653162827
EK202310212384,135.96563981783797
EK202310236809,136.58131574550112
EK202310210937,134.32082549353774
EK202310146509,140.80626200606218
EK202310208359,145.29347147032036
EK202310196964,159.62883152779196
EK202310121297,137.98415339333403
EK202310125054,147.34603073621173
EK202310150801,140.72479063243813
EK202310124068,140.91353206254902
EK202310217152,147.72188148614924
EK202310213127,140.27161312543242
EK202310138002,141.71516215654674
EK202310137999,137.22592421964472
EK202310120368,147.29498181730116
EK202310139442,143.38570096359743
EK202310130726,132.484611507584
EK202310227013,139.92474278409006
EK202310120427,144.9206195088204
EK202310178312,148.01947330395296
EK202310174421,134.9602529437094
EK202310152720,167.14021901937227
EK202310244641,144.4759256716339
EK202310207759,133.63163686681742
EK202310150664,144.65624333429997
EK202310130175,166.4190369236845
EK202310218396,131.88137765454718
EK202310200848,141.53348752224406
EK202310169858,135.45177039301916
EK202310167529,156.58932527841625
EK202310105681,137.4719819314499
EK202310120146,142.67101016913435
EK202310119589,153.23270891334286
EK202310116721,137.46192008009535
EK202310167292,144.99940342371156
EK202310184949,160.20440677590432
EK202310114495,141.2623661638307
EK202310196817,145.11098291071713
EK202310247795,127.2804798698352
EK202310182295,154.4063430253623
EK202310104403,148.23441051728543
EK202310145319,152.45241951907263
EK202310180791,156.95819976939083
EK202320006323,150.19346403585496
EK202310240533,153.3034003871164
EK202310127909,157.66131055145888
EK202310127901,149.838584874196
EK202310152050,132.0556098199732
EK202310129455,139.9963648180795
EK202310109106,157.68268125066777
EK202310131756,148.44549159992675
EK202310237136,143.03761794225642
EK202310120314,149.40038309457006
EK202310148251,143.36043003962956
EK202310138226,141.75073678822642
EK202310109018,144.72759913591176
EK202310208749,137.4413752424974
EK202310003722,141.59188535189074
EK202310231839,140.56527883074207
EK202310221232,129.8521407996239
EK202310216059,117.42756653248667
EK202310225575,154.0548124754942
EK202310106813,150.23604155023747
EK202310165461,142.04460651904395
EK202310233667,142.76420315042503
EK202310155049,142.00650586135845
EK202310114377,149.07210830357832
EK202310231905,129.04714147395555
EK202310205554,133.61677898450114
EK202310158652,130.20417084810046
EK202310178116,125.46346770457767
EK202310206509,153.56619573757314
EK202310203355,163.56053038297324
EK202310242205,149.71763579676752
EK202310133154,121.86719067344993
EK202310227076,140.55343323044002
EK202310138977,146.41064575046718
EK202310227762,134.18832573316337
EK202310176853,133.77315198316853
EK202310162306,132.05367316350427
EK202310210652,138.8258566920165
EK202310231471,123.31553448156718
EK202310198811,152.22726292929082
EK202310194755,138.50618222242412
EK202310213637,134.32041853277428
EK202310216935,162.15336948949522
EK202310148553,170.82856665136816
EK202310118079,127.79804701073628
EK202320006148,174.91821656826912
EK202310169315,148.45092280179756
EK202310215478,128.446820466552
EK202310193163,157.33209767629182
EK202310166480,159.24097270862623
EK202310121860,140.8643041982585
EK202310229325,135.9510927368509
EK202310178140,140.31183064592724
EK202310217881,147.80634588481934
EK202310172603,145.8994322046715
EK202310172232,134.02033772606237
EK202310215413,144.58308892726203
EK202310200194,152.63317599533977
EK202310212870,139.9412297377823
EK202310152587,155.1673102807409
EK202310138105,144.3586481359338
EK202310184620,147.9342977399041
EK202310120222,132.2463586517085
EK202310181510,149.14989344730924
EK202310209297,137.93994910046868
EK202310114316,128.33092470836812
EK202310122992,145.79334152351137
EK202310169594,130.15604466137714
EK202310130080,129.17389083587884
EK202310133522,144.2011261142733
EK202310248335,144.07867274812085
EK202310146609,140.59375776067318
EK202310125379,135.66908768879185
EK202310138254,144.32441494060677
EK202310148644,138.6135961298562
EK202310142229,148.93529886090414
EK202310179390,162.72612866666762
EK202310122502,129.21619899219678
EK202310132067,139.58538922752416
EK202310139033,148.1898773274937
EK202310174868,159.2154433284428
EK202310135426,143.42222864549558
EK202310159611,129.05924172787638
EK202310201750,148.65827259143842
EK202310182771,146.97020854257286
EK202310168375,136.09278293914173
EK202310238925,153.1133360158271
EK202310220283,135.78291316733822
EK202310141586,146.19468938758868
EK202310121160,134.30753314709506
EK202310231913,143.8966196310162
EK202310180283,129.9070150005328
EK202310131842,167.71407907560257
EK202310188406,141.16920524823738
EK202310154032,157.4999389557137
EK202310108823,162.93767505882073
EK202310120117,150.31073090424664
EK202310247965,158.96348943214116
EK202310229128,163.0716104306431
EK202310150441,137.99474389167028
EK202310211128,144.57601838858184
EK202310185601,142.65500683585242
EK202310160008,144.4197213729656
EK202310229066,135.24851425620164
EK202310180392,119.62741850138745
EK202310119754,143.8295043809294
EK202310156284,139.0457377932482
EK202310202853,146.14455120667748
EK202310122376,159.24559859534673
EK202310233034,155.15792478606528
EK202310201718,134.691903131625
EK202310195404,132.32859363572828
EK202320006623,174.7006445499249
EK202310172346,123.85191115398167
EK202310220369,158.99519292449006
EK202310133576,156.79449731194626
EK202310203386,169.7251840718357
EK202310125524,139.38097916866485
EK202310183338,127.81498851453381
EK202310199400,160.62165932542536
EK202310232929,117.20081714443722
EK202310144777,153.39050320200826
EK202310206148,142.69598216445968
EK202310163892,135.43642224953058
EK202310226194,134.190424611273
EK202310229083,138.58224640692984
EK202310242355,137.58479175682623
EK202310153019,129.1663165917904
EK202310133725,168.3370202672157
EK202310237397,135.10153032837633
EK202310108761,139.34367786461658
EK202310202125,131.92378342367104
EK202310223149,153.22401268460607
EK202310211064,143.6645312724158
EK202310206726,169.08522906805115
EK202310239457,131.40666631390408
EK202310131359,133.88859392128273
EK202310225966,173.90366804210922
EK202310162670,143.30943190556192
EK202310112377,156.24560935799786
EK202310161138,123.62130008138186
EK202310143575,123.6833176213456
EK202310140582,137.12284758595635
EK202310106691,158.4664086021211
EK202310106388,121.09570807458678
EK202310132651,137.86374514096218
EK202310235986,153.53924544461464
EK202310116284,147.22575106888445
EK202310243775,170.26775586037846
EK202310129332,153.95265129628532
EK202310004513,120.14892928271772
EK202310148366,127.57813054587268
EK202310127277,148.72109782644716
EK202310197024,149.56495301090433
EK202310132043,127.61682530672412
EK202310109603,125.94706050775795
EK202310119816,143.93898129293464
EK202310183299,145.76994918701297
EK202310157782,143.37643838681714
EK202310240073,144.3955299312545
EK202310124263,144.6307789337815
EK202310118878,132.82533834258038
EK202310159933,134.19396698740374
EK202310235851,139.42297507900128
EK202310199705,165.6786566210312
EK202310121857,143.8231176486168
EK202310135337,160.5686394785337
EK202310116218,139.77561574539726
EK202310247152,139.49433223640253
EK202310213364,161.02469099772554
EK202310117331,140.87791255863237
EK202310220060,156.4830347350781
EK202310113433,157.1264601411369
EK202310200316,142.13616053794527
EK202310204117,151.06674608917785
EK202310142962,140.83411579983107
EK202310149474,154.25318271377506
EK202310156319,146.12991631946704
EK202310111297,136.0358002811514
EK202310149401,160.3607389862372
EK202310141738,136.59852324302756
EK202310219293,139.33118058933226
EK202310228805,136.91247943205263
EK202310232975,133.56975754574867
EK202310238431,142.5533756786783
EK202310191477,146.49448367724494
EK202310107521,153.53362067026043
EK202310126862,156.3115554272198
EK202310116842,141.50164113036826
EK202310220332,143.43961813227878
EK202310191222,147.70597091845036
EK202310142584,139.67148488892983
EK202310181821,138.14949812076998
EK202310193376,133.66898108718817
EK202310220744,141.5939567557191
EK202310146397,130.47254644395554
EK202310168910,140.9654362634785
EK202310230593,140.3482518650218
EK202310228617,136.7510009674537
EK202310155826,151.48112009907152
EK202310211936,139.8792991553831
EK202310210374,144.45988250767448
EK202310143369,146.7048572921437
EK202310226681,147.06933062278708
EK202310222110,147.56837351211294
EK202310237461,151.73119520181115
EK202310004906,129.1194434914208
EK202310242700,135.30210608273467
EK202310205947,130.28806068968316
EK202310178378,152.15014558352178
EK202310165711,158.29603556398803
EK202310169499,138.68411023381285
EK202310146580,150.25654326779397
EK202310213522,122.88348527465726
EK202310236119,157.6703591499929
EK202310223991,135.30982664663054
EK202310121767,145.34127167046486
EK202310188210,145.598762656827
EK202310160523,137.71604175130489
EK202310109762,147.6545305867054
EK202310171055,139.838468326173
EK202320006726,155.22016177600034
EK202310210705,131.78746617599327
EK202310152215,146.3378619596762
EK202310125726,141.43974624347175
EK202310172100,139.62246821729826
EK202310003880,138.35585880401825
EK202310128330,148.24784720447985
EK202310112999,142.18215862550935
EK202310201791,156.41685470697112
EK202310124897,136.00255253272786
EK202310218886,151.4603192457864
EK202310166286,148.171662662305
EK202310214269,138.38322125635898
EK202310131160,150.94628248508704
EK202310189137,125.71419152632643
EK202310118145,137.95974405396248
EK202310182255,138.9583857410439
EK202310177007,154.3607761492159
EK202310205755,141.64182249994522
EK202310135629,133.79721425518792
EK202310232047,129.398443949934
EK202310171967,148.62377859865774
EK202310184827,166.07771253456943
EK202310131897,165.75506169642426
EK202310152600,164.41331240934323
EK202310184315,154.76547313865447
EK202310106757,142.31835768157077
EK202310145774,135.7988360247028
EK202310134477,140.63269236277122
EK202310221434,135.57015554514655
EK202310183603,144.08283782442408
EK202310191157,147.1538671107101
EK202310182657,123.21977409947954
EK202310174889,165.4323018802128
EK202310118138,141.20078814995227
EK202310157349,138.053306851103
EK202310143539,135.52765159142427
EK202310106752,138.86080777793916
EK202310163158,159.82742894067775
EK202310132302,137.25745582787619
EK202310198764,172.3626266670234
EK202310237390,129.7096274838651
EK202320006875,160.8267197768828
EK202310144420,125.19357656673537
EK202310238324,135.0483797139437
EK202310199756,154.8745060842271
EK202310226741,123.71339419333003
EK202310207205,163.96371654004548
EK202310180418,135.7289228684525
EK202310110312,132.2758493791868
EK202310119768,146.34963245153165
EK202310225430,150.7717459717594
EK202310217204,152.0482909739311
EK202320005824,162.888980175056
EK202310199269,150.20426854624193
EK202310199501,139.29823774080373
EK202310158676,148.97831484100288
EK202310224293,141.35535477119706
EK202310232892,141.30034478753538
EK202310225252,155.8212642578228
EK202310113567,135.01200573310365
EK202310224840,139.4027302624576
EK202310109292,133.80970774720507
EK202310226200,142.39190410257015
EK202310239680,126.5862519005172
EK202310173548,149.52688169074383
EK202310235032,138.32537328309652
EK202310153501,131.31043823519977
EK202310124943,150.10067634487737
EK202310164539,135.56579313168305
EK202310230792,117.88870586413438
EK202310218099,144.80254006258735
EK202310229998,138.5474114856246
EK202310157394,142.3840785658336
EK202310226677,134.68708211002468
EK202310165785,135.27068356176613
EK202310148800,159.89184433657314
EK202310140528,150.03909922331155
EK202310110007,130.15985260805886
EK202310218212,127.72584469220658
EK202310237319,139.1206361993569
EK202310113425,123.74499931693707
EK202310193343,149.10754485547437
EK202310111647,143.87819453820984
EK202310219959,143.64029361626226
EK202310171010,165.4690040127428
EK202310113418,127.81738045952856
EK202310220109,131.55092444804814
EK202310231986,139.94771113850933
EK202310163423,139.3275659559516
EK202310155174,126.4780201315298
EK202310184525,148.7565833834916
EK202310229347,151.46026087165117
EK202310142923,149.06043671103592
EK202310210269,125.45272075741775
EK202310196636,131.3879106486517
EK202310158355,134.68096338482587
EK202310150025,161.64719610195633
EK202310208520,161.3999793083483
EK202310144006,144.96425191419112
EK202310142308,144.33887427571642
EK202310205760,144.68552147089474
EK202310237299,129.19027757290462
EK202310163552,141.77329486680765
EK202310221189,140.71092388691534
EK202310129583,153.38670753757523
EK202320007854,157.05868963883697
EK202310177946,143.8473511696541
EK202310184968,150.57132630124718
EK202310146300,140.72678781499877
EK202310104019,124.78984317226038
EK202310197813,146.3275561458245
EK202310175869,136.36395144584498
EK202310179266,141.50871619619312
EK202310167362,133.77923219553696
EK202310104210,127.87685732639373
EK202310202549,153.7552066032856
EK202310191743,148.8742168269933
EK202310166413,137.14520256138997
EK202310203749,135.4262509303747
EK202310165306,145.98376531265828
EK202310216846,147.5009142722617
EK202310198888,132.3659440160173
EK202310229697,131.2259591134216
EK202310105578,145.74049006041733
EK202310214588,159.80436292126467
EK202310201136,163.6960941674379
EK202310228123,140.30996183381242
EK202310110127,137.52699403807645
EK202310247206,156.2928787153859
EK202310121901,143.48554333937304
EK202310166880,155.62199919645826
EK202310118097,133.12599993622496
EK202310142606,152.459548505657
EK202310181131,138.79527751023022
EK202310211240,129.35030197427747
EK202310240803,149.59923614996808
EK202310188331,142.77276218569952
EK202310190398,149.45063191129645
EK202310192965,142.92627785595332
EK202310238010,153.45965834842013
EK202310184509,158.71569499635652
EK202310156014,135.6990154416231
EK202310175583,163.0302949724614
EK202310155000,140.17542741972915
EK202310243443,150.86136169219583
EK202310218044,128.48476592978312
EK202310170653,152.33067070935564
EK202310182360,152.4051372037722
EK202310170068,128.9033947823574
EK202310217301,135.77689614175455
EK202310227388,138.26333712352917
EK202310168221,152.56309821755886
EK202310182297,134.32178096097172
EK202310222399,130.3820697614803
EK202310231989,134.08010741678837
EK202310170400,130.32981527438204
EK202310192873,153.3077440489235
EK202310227069,125.67879013177435
EK202310167053,134.64774535477912
EK202310127994,140.40686787253725
EK202310158796,157.8841513671664
EK202310185789,135.4173303973966
EK202310111478,148.3393564550002
EK202310175233,161.82387962946456
EK202310129973,134.6621625528834
EK202310172495,142.50094271185114
EK202310107866,150.42672606486298
EK202310124298,131.19497547597942
EK202310225001,120.89458449651848
EK202310124145,125.40672437300502
EK202310127463,129.8106634125431
EK202310136106,177.78171976125623
EK202310105453,138.879110492377
EK202310175015,141.23313101072014
EK202310230922,142.0032093737421
EK202310238898,169.851895237316
EK202310208522,160.0466504760282
EK202310178681,167.75779256115567
EK202310141116,149.6968254480786
EK202310004001,154.39926219282088
EK202310191798,138.2974308690593
EK202310201918,134.682471756028
EK202310108606,151.21883626324134
EK202310220064,142.2740955095958
EK202310120614,109.35749043891238
EK202310131340,133.8653536015438
EK202310151419,166.95120916200256
EK202310221165,137.41543621952593
EK202310192641,148.67814372576737
EK202310191435,144.62592908885156
EK202310232224,133.1392654768605
EK202310224387,126.61378833721987
EK202310145906,145.10425374034085
EK202310230764,132.13306477294665
EK202310236583,132.4689753272948
EK202310157601,123.93456498768346
EK202310166668,145.7285801402279
EK202310244790,145.93644534969243
EK202310127133,149.38652138141185
EK202310004413,161.43311366965145
EK202310238475,141.99714275444998
EK202310136559,129.31217895116373
EK202310152026,145.18801990775899
EK202310180741,141.06152017208268
EK202310221752,148.18931085646025
EK202310228294,117.99169743455366
EK202310231601,143.4102903125663
EK202310238106,136.8449137683687
EK202310175909,142.02352597533198
EK202310165153,117.48671088748176
EK202310105565,133.42016106292093
EK202310185347,158.12497576110394
EK202310184004,161.47248333135542
EK202310183138,135.53816994553372
EK202310113152,138.93090619057293
EK202310199569,161.18981547035887
EK202310151037,155.3047667655863
EK202310106219,127.5694558665578
EK202310106185,142.1720773004017
EK202310164530,147.2626774940567
EK202310166239,149.82470703308454
EK202310108760,158.95033974830397
EK202310108861,139.27653756418823
EK202310177413,158.19715736069693
EK202310211129,118.92468544802976
EK202310229184,148.25028622861356
EK202310209428,160.99976633730887
EK202310228583,145.82409815834163
EK202310120692,161.32792531806925
EK202310137642,134.56867067893094
EK202310245435,141.80859369639174
EK202310159599,142.03341172476712
EK202310148010,152.42164554603966
EK202310129728,157.40655720005392
EK202310114201,140.99068825683872
EK202310207474,162.89369006232445
EK202310158602,160.57476189789608
EK202310197691,161.52072124517434
EK202310235040,145.60588051509157
EK202310129119,152.66781875863413
EK202310142174,154.73042810946677
EK202310191253,134.30974209430318
EK202310241141,141.48482800732663
EK202310144017,143.8832286242705
EK202310182852,142.32164840425418
EK202310243301,140.17607898394186
EK202310176307,155.81682255944577
EK202310209283,146.11877884985796
EK202310216003,142.73493894128362
EK202310246200,137.2534107950348
EK202310173196,125.75966177542662
EK202310122833,126.56277912848743
EK202310118540,142.69161084724928
EK202310168622,152.19346060114586
EK202310174271,137.47243046603586
EK202310201560,160.60430379768275
EK202310113325,125.15416712281876
EK202310172664,133.60094775485052
EK202310192162,156.74126255720006
EK202310134544,128.76177097172285
EK202310222337,162.6153446935864
EK202310199226,145.98922245636408
EK202310214101,166.6496351518013
EK202310188611,148.80081851300503
EK202310220799,137.84113376482537
EK202310184861,147.0654008176193
EK202310106782,132.49385190366345
EK202310232084,134.04388883402225
EK202310178435,151.0287822240032
EK202310165952,147.72754538118468
EK202310141382,151.08444196368106
EK202310163439,148.68439094999917
EK202310205428,122.98189452101417
EK202310178086,135.6381763490883
EK202310004022,162.57199982627665
EK202310114303,153.94822882551748
EK202310104436,140.86947108765978
EK202310240015,150.59650456690068
EK202310202741,151.28557503856172
EK202310226747,140.68144777956888
EK202310148639,133.84411831506492
EK202310117683,131.1797752941974
EK202310232945,127.4847996451035
EK202310220108,163.18059098915455
EK202310172683,137.78537862438498
EK202310104609,127.41589951493455
EK202310182165,137.82593410442564
EK202310112029,144.70529556789992
EK202310157969,150.66210385876124
EK202310120703,132.32476623405387
EK202310191410,135.14557753221766
EK202310156166,136.01189264333163
EK202310248074,156.4422825411083
EK202310175176,127.63822429110748
EK202310194239,147.5323717616704
EK202310162582,137.55408332705449
EK202310218787,136.26691510426423
EK202310228638,124.171649901021
EK202310139489,167.0588635881792
EK202310210571,137.10751175799555
EK202310143902,130.43498187966267
EK202310198163,145.07923301841328
EK202310166041,165.3465842197619
EK202310242789,162.36586130669477
EK202310202040,159.6729852551826
EK202310194102,137.55465378096187
EK202310210845,131.58697830306875
EK202310193409,163.34193866250024
EK202310241561,144.29502888394813
EK202310129327,149.60819772740365
EK202310145599,169.68756755827138
EK202310155246,153.44286277033316
EK202310204706,128.63286603860675
EK202310218784,153.2362154312038
EK202310243990,148.40190555260753
EK202310137899,126.94384060167255
EK202310175650,130.23915948316034
EK202310234991,144.40912795176638
EK202310221501,137.3035906459856
EK202310117760,125.88030392928508
EK202310209924,125.93971751149218
EK202310158508,138.67166149867515
EK202310188607,147.69275280240004
EK202310176707,152.0895614321666
EK202310241804,146.6241683581578
EK202310130229,149.6921747624949
EK202310196748,142.15999451862285
EK202310226961,135.0912908237421
EK202310126275,128.42448720660354
EK202310182346,162.39701875748307
EK202310215287,148.43398367263964
EK202310186469,171.4815978074318
EK202310147351,136.1289866308184
EK202310227063,144.28740488734132
EK202310239630,136.5203311975603
EK202310202315,148.11580068308004
EK202310151573,133.20131146024798
EK202310229182,137.05038453769276
EK202310197801,134.74408006372914
EK202310247336,178.2534804509391
EK202310183064,125.88814705392153
EK202310200957,162.24849680407124
EK202310112953,141.248358187258
EK202310185221,139.39726412125975
EK202310176129,164.85445803569914
EK202310171777,118.7956114326802
EK202310186071,129.60018987819052
EK202310206123,138.4558355544359
EK202310217431,160.4811404548455
EK202310171470,111.73839394973656
EK202310246028,149.61176049309964
EK202310145970,138.0367426211221
EK202310234938,127.310938330989
EK202310156116,127.18362813957455
EK202310116714,133.08741137913432
EK202310212797,139.03412836877675
EK202310138938,151.26323679869353
EK202310148128,140.26284009964144
EK202310175673,133.78436412489336
EK202310238664,132.76004637065253
EK202310190836,142.6273994765992
EK202310196156,141.642189144439
EK202310132459,136.54564310249606
EK202310159062,130.72651695993707
EK202310147832,163.1274483059467
EK202310116029,152.27159671831822
EK202310203822,146.45975665293656
EK202310223388,150.26248800168113
EK202310208656,151.57255490756353
EK202310003650,123.54441818762548
EK202310163159,131.54729642268066
EK202310188703,142.6388214557284
EK202310144864,128.87673906701096
EK202310156884,146.03960920162038
EK202310216506,144.9892183748457
EK202310220197,141.72195487817095
EK202310234667,140.09423707582073
EK202310203255,147.48303233229117
EK202310105960,137.3034007280603
EK202310115804,141.78824015843338
EK202310246112,139.12843627522741
EK202310168025,155.06237847019915
EK202310178472,137.4746523952432
EK202310181975,145.94194268134973
EK202310132905,138.63961083637167
EK202310113841,129.38888313595115
EK202320007828,161.00460657898572
EK202310192867,149.25071530830397
EK202310109054,131.57119590376593
EK202310236216,135.21658801445375
EK202310170777,141.5988091718666
EK202310166144,130.1599100268725
EK202310201844,145.53021137924117
EK202310123470,128.90727086740705
EK202310224526,121.94132292366562
EK202310151158,130.29227054156053
EK202310184295,141.48834224606838
EK202310124272,143.1791687624954
EK202310162944,148.74161049065648
EK202310224817,127.59709498950073
EK202310172859,152.90470730933893
EK202310137191,126.22458055397846
EK202310140281,134.69217549737039
EK202310114907,136.586266107608
EK202310122165,130.6540301080528
EK202310215454,135.14813526860777
EK202310243142,128.36728293793402
EK202310164187,147.68600239264757
EK202310225253,133.69403759359292
EK202310174458,173.88209151233326
EK202310176969,151.26572925401297
EK202310219479,118.12006168390431
EK202310119494,150.6182967873936
EK202310123405,139.75761441994862
EK202310231534,116.83661463240654
EK202310222489,141.7229305671871
EK202310111149,149.69946807140755
EK202310184714,130.2291566102412
EK202310196844,141.4973229836409
EK202310232521,135.25915138475685
EK202310184622,172.7156980675533
EK202310118852,145.08684729384413
EK202310168516,160.6898556248646
EK202310178071,130.80598132944957
EK202310149839,139.36637341804956
EK202310184305,166.01937201796815
EK202310222961,134.77957117948623
EK202310197108,148.87176805093168
EK202310244680,135.43635713575765
EK202310164685,153.53250215744933
EK202310153568,152.24034562428204
EK202310204533,143.24916588470802
EK202310243304,140.88137435855973
EK202310122606,145.61344073992478
EK202310107843,147.83679457615366
EK202310195481,141.16543349588395
EK202310195622,136.89809124835077
EK202310185200,136.87106250847205
EK202310127597,142.81054389158666
EK202310145627,123.43074795433851
EK202310157400,121.6065000117255
EK202310226857,145.63712844836306
EK202310127964,144.73060422486515
EK202310179573,152.74014696794808
EK202310212013,149.3680004944478
EK202310226545,136.98052819625758
EK202310166825,131.96103746103952
EK202310163867,159.76039505235073
EK202310196745,143.9364114669666
EK202310109208,147.76618897786102
EK202310205143,147.66752246658103
EK202310136525,145.80567374165338
EK202310159137,138.12447206835517
EK202310238980,142.27158093194512
EK202310121185,149.0588982177286
EK202310142061,147.1184467428361
EK202310198507,145.12103994003292
EK202310184870,150.3483454451623
EK202310155208,144.88809254222957
EK202310124725,121.40263149819457
EK202310103880,146.6116818203675
EK202310246880,138.84739414203347
EK202310190191,128.1355791140807
EK202310241383,136.12094214455
EK202310109761,151.6634061191321
EK202310218045,152.79927151494812
EK202310208985,135.616528153913
EK202310126092,137.78439565463384
EK202310247678,152.0672119077614
EK202310137747,139.68831656852618
EK202310201825,153.02727311393085
EK202310130845,133.9034573300968
EK202310239295,136.10976609913132
EK202310166294,148.28914999240985
EK202310211671,141.05073869987862
EK202310248376,128.53111880838128
EK202310188903,156.56397733311172
EK202320006661,171.71599850403535
EK202310157204,148.54252647884772
EK202310222542,128.5180448841535
EK202310182598,143.05417127460524
EK202310128634,160.38249773057328
EK202310137926,135.38656175586618
EK202310197018,137.14239805884753
EK202310184643,168.93244574146627
EK202310217014,144.26482295094934
EK202310200280,139.4877456512755
EK202310183028,131.9541451838726
EK202310106142,122.21085380225179
EK202310103822,148.86652273696777
EK202310157052,140.75942200112306
EK202310122614,139.5013159174246
EK202310155664,144.17656512251529
EK202310165913,126.52436621578248
EK202310191203,145.69442354397032
EK202310119226,132.3014962429609
EK202310234080,150.67483203770075
EK202310196735,135.41928515745408
EK202310149314,140.79530789189883
EK202310155188,138.20048719620888
EK202310114860,145.8851414733348
EK202310118865,151.40836295753616
EK202310160832,129.80965595570473
EK202320006619,162.81375674529198
EK202310127739,128.7035358035891
EK202310115501,133.97544741012692
EK202310166491,167.75555482370186
EK202310197828,163.78787558514728
EK202310242137,138.2545029614625
EK202310235787,147.61657061465166
EK202310220464,153.68140941722808
EK202310112649,140.34562705289042
EK202310110214,124.25474624121044
EK202310164835,142.12354713267294
EK202310204462,127.06416780050735
EK202310187862,162.84825591954922
EK202310131273,139.04577743169523
EK202310128020,146.21968550741752
EK202310204211,163.4337318490736
EK202310208246,130.40774059645702
EK202310166450,145.30204384808346
EK202310171141,146.02354373710793
EK202310159355,147.37702222341449
EK202310194303,159.60002579922258
EK202310214928,141.89555330623656
EK202310122215,144.99056397916922
EK202310175732,154.81977631312958
EK202310195150,144.6679631169044
EK202310160826,131.21913568404844
EK202310159966,152.7805068569196
EK202310158608,134.13558979763286
EK202310243112,142.35437665455325
EK202310109607,154.64037334044718
EK202310149652,145.61295677774598
EK202310110860,140.2582518974253
EK202310232156,145.89695935642953
EK202310178087,136.57892175944352
EK202310196125,146.17450480867112
EK202310178589,145.19189637715763
EK202310146655,139.57156922819556
EK202310176638,146.55528703212443
EK202310183451,146.92489331273669
EK202310238783,127.04065056145559
EK202310180591,139.96175858884772
EK202310180161,160.02927212951124
EK202310160060,154.249062267758
EK202310234699,130.384658779819
EK202310113916,142.60282430441882
EK202310227268,138.52454127862973
EK202310237635,149.72331493141752
EK202310182258,141.193775017033
EK202310193859,145.2865479105401
EK202310153659,154.218185412066
EK202310203955,142.07655416229144
EK202310236094,149.31333770006236
EK202310187734,165.89306707046697
EK202310216149,146.71709166130978
EK202310168413,147.35584161227936
EK202310116401,135.4149274546539
EK202310201191,167.71416552889707
EK202310190480,133.02956555446306
EK202310161074,166.15465294729796
EK202310140353,148.61901099372267
EK202310173633,147.20686163936696
EK202310158068,141.20783766792613
EK202310154103,136.0710338960051
EK202310113546,135.6349155144888
EK202310204238,124.06628942685265
EK202310104944,135.18909371223535
EK202310234535,130.15516949125964
EK202310126859,173.28138481054518
EK202310117542,140.66464686032006
EK202310210903,130.42089845444607
EK202310157130,143.59708494132298
EK202310145116,139.72329601442502
EK202310208124,139.7920597197205
EK202310245982,154.39410997994952
EK202310133043,155.54828721182383
EK202310149054,145.65962251045204
EK202310190190,143.22355622069315
EK202320006047,155.1277117291601
EK202310134850,120.62129274872652
EK202310202384,131.06070920332212
EK202310154117,143.37606795751446
EK202310133365,141.66708474192262
EK202310108193,149.53460376140492
EK202310203056,160.51625125894785
EK202310149046,143.73459093154173
EK202310165578,162.65208762834658
EK202310186659,162.01475231861244
EK202310196955,159.2115680256568
EK202310197552,166.88484778941043
EK202310212202,137.68116197825313
EK202310224513,128.87196974841373
EK202310004468,163.12910106639436
EK202310216094,136.9009596753206
EK202310230966,115.40135235322686
EK202310118412,145.98125716191043
EK202310247101,131.46750582583206
EK202310178117,152.74318873507573
EK202310219876,138.56246636260207
EK202310215307,147.77927215221862
EK202310218134,152.09390605009668
EK202310221530,135.31213053454118
EK202310154982,141.81597633130949
EK202310182970,126.19397810627197
EK202310214235,163.12681444575884
EK202310220158,125.18221822469266
EK202310104394,141.8668356371869
EK202310111159,112.5419616778571
EK202310158577,136.10552333820868
EK202310110382,130.56339008681562
EK202310133639,122.94177128110893
EK202310246509,158.95034541710737
EK202310149660,147.48520550731595
EK202310168884,131.3372121851226
EK202310243940,146.65844892033235
EK202310191906,140.03565983623372
EK202310127477,131.42572157713187
EK202310225432,135.71042981523144
EK202310233319,145.0990990341518
EK202310162668,156.0888998624828
EK202310148695,171.66731585302438
EK202310178807,167.4928155975457
EK202310106771,136.21220594355162
EK202310155396,150.46580394047515
EK202310189899,158.83735913388946
EK202310106717,154.54096202757464
EK202310232588,138.05533657355983
EK202310226348,145.89322954699776
EK202310109931,146.14986104735766
EK202310226884,159.36288739724645
EK202310213466,138.49928188842776
EK202310121691,131.3555095862744
EK202310198701,176.3219675920953
EK202310131737,142.3575039170669
EK202310166136,153.12933332737992
EK202310116855,147.96769528736024
EK202310138351,146.25769785576904
EK202310191381,160.50077849117014
EK202310003663,140.93140952230644
EK202310172884,173.3757371497063
EK202310185550,144.52974753594526
EK202310148380,137.75156752300026
EK202310149387,174.6788456703304
EK202310236333,130.92309939295484
EK202310199352,156.7966777370136
EK202310137894,148.08561992344931
EK202310133727,165.08018317563776
EK202310178526,158.679414523908
EK202310189610,153.5599270546576
EK202310109350,143.66409299851512
EK202310218617,128.96745360951533
EK202310109125,171.28317350877515
EK202310163826,144.4045029675639
EK202310130248,178.2908426035575
EK202310221541,149.5376462946505
EK202320006518,150.32285680650008
EK202310229391,136.14287228809638
EK202310211450,140.08702695091603
EK202310193482,148.51968637682685
EK202310198828,150.5275553639268
EK202310183006,123.42719117141598
EK202310003501,131.00316129252192
EK202310121041,135.50445085044547
EK202310211350,123.68269887633255
EK202310246075,154.7596872509488
EK202310127204,141.58406042547165
EK202310234563,134.6975767099247
EK202310139042,137.91688347200926
EK202310171256,155.70489855786667
EK202310139647,134.5298473061475
EK202310122462,132.42314414504054
EK202310144293,132.98787438629154
EK202310168436,126.23784193780004
EK202310120536,131.26689214805924
EK202310166379,153.16251786222182
EK202310180256,136.80413678576883
EK202310246761,153.43061957740466
EK202310219864,152.95675207835032
EK202310190068,170.66520678396978
EK202310181556,140.8572246124789
EK202310230597,123.07022909637286
EK202310130866,153.2592157359783
EK202310205037,153.64618363314787
EK202310209585,143.62891121077735
EK202310185564,151.36133132087707
EK202310176944,145.34008241824606
EK202310176381,131.00086661476954
EK202310141448,147.95893247260784
EK202310148056,149.98496813211437
EK202310182965,132.01298556722148
EK202310135422,148.32915443010776
EK202310122191,135.28815274610446
EK202310145667,163.47867212599965
EK202310202035,131.67869135673686
EK202310136887,128.1668353307674
EK202310200020,129.34980237354435
EK202310184127,162.1225005955451
EK202310107122,127.19133785713717
EK202310134379,139.3879576536869
EK202310211319,136.61308321057882
EK202310212855,148.43557437689904
EK202310242461,151.85300426847473
EK202310200853,141.42005567481812
EK202310200401,165.8979680191149
EK202310189295,165.8065243030233
EK202310105500,143.32668891477886
EK202310128584,150.10459161874476
EK202310209825,147.7681592952017
EK202310204586,143.00661500298634
EK202310179426,168.18097987453757
EK202310180912,146.93019773398368
EK202310173571,149.13588203356713
EK202310112070,143.76498464782014
EK202310199038,147.04313797733172
EK202310126021,146.56668994434915
EK202310155509,137.00512727416665
EK202310197401,128.60413314055103
EK202310107626,151.12262078431803
EK202310105142,151.59211163353712
EK202310243059,130.82671733233977
EK202310174039,132.00932908648852
EK202310201047,150.95775464558895
EK202310204579,149.35715077121125
EK202310187739,144.9716187767941
EK202310181773,144.77921956342848
EK202310128097,148.39268207157403
EK202310222975,151.72337846867813
EK202310132503,151.43483656128066
EK202310188182,165.55371966513644
EK202310133046,150.01329673129982
EK202310176947,153.6741250973187
EK202310167628,128.02189224330922
EK202310134899,128.04211616383338
EK202310115714,131.96956131357172
EK202310225258,120.91279000317667
EK202310181522,143.54370792958906
EK202310190839,156.44046083322118
EK202310217264,144.98877030132107
EK202310123146,157.6318098265496
EK202310142906,141.5602017294971
EK202310165063,136.45674806198232
EK202310004149,154.92017454104135
EK202310222025,119.34863136434907
EK202310201396,151.45000525716756
EK202310140521,161.95439594442405
EK202310190410,149.44953675663214
EK202310237623,126.40322644730486
EK202310207648,138.00061403245073
EK202310150068,152.7654460753733
EK202310199516,147.4118131093485
EK202310214499,157.69499152806068
EK202310193968,148.61319508100812
EK202310199178,126.50588137865637
EK202310226312,142.50890631012666
EK202310171202,143.48971932607677
EK202310136385,155.5823156239039
EK202310240675,160.05966245458092
EK202310131075,146.958646403044
EK202310213481,120.6034527939494
EK202310212831,155.35518231338617
EK202310163142,140.43052043430342
EK202310107446,131.21378758664005
EK202310157890,143.78861264279868
EK202310214663,139.43018505275307
EK202310163666,133.02551727736824
EK202310117353,137.34972902307285
EK202310209794,122.6814763410153
EK202310123734,145.2781138499412
EK202310224602,140.01778368864143
EK202310218073,155.98206601159683
EK202310247816,152.2661805448768
EK202310234711,128.70280785894272
EK202310145443,148.899333481742
EK202310246298,163.6800919216093
EK202310110010,141.79291664750386
EK202310159895,163.94869354592234
EK202310111143,145.04297276379845
EK202310209834,140.56313272793014
EK202310209444,145.94745575953647
EK202310192938,141.64538754528425
EK202310132559,120.04324288650957
EK202310152101,157.73279794423118
EK202310180196,127.84125637807135
EK202310194423,122.14481169357838
EK202310200390,152.84879664941846
EK202310180474,142.81987026282397
EK202310116603,146.06769472843186
EK202310171924,132.22161583027267
EK202310212746,149.85308072501311
EK202310146529,146.87748588430244
EK202310215859,153.54156865314
EK202310141533,140.90176087605803
EK202310233067,141.26620474763428
EK202310214675,156.51648527636365
EK202310148386,152.09392019710003
EK202310168758,149.85778760127744
EK202310222971,137.70278559000454
EK202310109333,150.57512815214398
EK202310243241,149.77702286816196
EK202310146985,147.23404903350269
EK202310232878,178.99442532732735
EK202310234120,133.43097339903443
EK202310162882,166.73645308464307
EK202310190206,131.5850750056054
EK202310159348,165.4480736999617
EK202310201231,154.34993581129854
EK202310178530,159.0390446235159
EK202310189794,147.29299403280544
EK202310236784,136.69160439679132
EK202310175553,135.22966463768097
EK202310241797,139.9813135602878
EK202310114344,153.90449376103268
EK202310239590,146.93316684446003
EK202310227224,163.8899776462222
EK202310121744,141.52982133324664
EK202310003715,149.87656880475802
EK202310116073,140.16870491857424
EK202310197067,137.42776200074505
EK202310115532,144.53108640169538
EK202310217365,152.82356331710906
EK202310148754,155.70388884289454
EK202310109024,144.05546320559583
EK202310004073,133.72100071835303
EK202310198767,141.86509846465816
EK202310125904,136.50136843387637
EK202310189747,135.95434764625256
EK202310121824,155.5245706862228
EK202310183939,144.60605853142684
EK202310207963,139.84434066321296
EK202310004477,118.26878901909538
EK202310184855,140.87217437658228
EK202310121710,136.41764177926055
EK202310155103,134.04487252138568
EK202310127606,154.67640932457422
EK202310237460,116.59344664430101
EK202310189005,129.43973992617447
EK202310163144,171.77430000175684
EK202310195358,167.52004889470675
EK202310114203,115.02142226610087
EK202310200907,152.37671608897423
EK202310149290,152.55249637169024
EK202310186674,147.31182887115497
EK202310219434,135.03114712135084
EK202310113939,131.5520362986854
EK202310144604,143.5645204923836
EK202310202520,151.21013447750627
EK202310199251,144.96953982642594
EK202310171909,144.21983464975006
EK202310197493,150.83653631812058
EK202310200738,165.97153762044312
EK202310242193,153.73675184450582
EK202310166469,146.5779039342146
EK202310179577,154.18119807872546
EK202310199333,140.78421243118623
EK202310208438,129.7834704906698
EK202310243666,145.56011134027833
EK202310113305,133.18722945848393
EK202310189666,174.68649538793034
EK202310233041,132.7833293094222
EK202310127498,151.37437369110938
EK202310208207,134.580723850909
EK202310161596,135.075998090809
EK202310175979,153.4254298288431
EK202310222437,137.27713482561305
EK202310139352,159.01661913309366
EK202310120360,139.99292986348482
EK202310183484,148.7183971473411
EK202310206451,132.85935597973392
EK202310163448,158.41771789900554
EK202310113067,145.29030496123158
EK202310217739,114.88743646628733
EK202310120891,128.71431408584428
EK202310144456,142.9908788258705
EK202310243976,150.91257861634057
EK202310126697,136.95721616703807
EK202310221562,128.19452916767395
EK202310245501,128.0579487971947
EK202310227085,141.61926469653866
EK202310124539,137.090932447001
EK202310113359,147.9208937773297
EK202310127238,148.10281446607604
EK202310186281,169.73907272825136
EK202310231780,127.781828729937
EK202310218693,133.24110245861283
EK202310166062,125.97349393828625
EK202310194807,150.95049457286376
EK202310145164,151.08112851480954
EK202310139520,141.24258311618073
EK202310202232,154.52776348070932
EK202310106234,135.89441231341456
EK202310150099,132.6676231227005
EK202310148854,134.05492603052906
EK202310207751,149.27180355080512
EK202310119385,159.0486061920874
EK202310247407,127.58003516456462
EK202310187815,150.046144456121
EK202310180649,143.75440969035978
EK202310169614,126.41557339946178
EK202320007494,157.81613583171037
EK202310123604,129.94058227981583
EK202310115115,138.06051741405707
EK202310247203,144.4946988363559
EK202310128939,133.76501221298395
EK202310151766,162.8509622812701
EK202310154684,144.9741231280465
EK202310147564,150.38844350193963
EK202310217040,143.3988954542544
EK202310219269,122.48792134139711
EK202310177587,132.24912621590462
EK202310172628,135.8753693719126
EK202310193264,165.29600331561542
EK202310204129,141.17157160955887
EK202310227714,134.39454578703845
EK202310174368,157.8512655215838
EK202310115514,134.42959034828772
EK202310114314,144.08686435848463
EK202320007053,154.8410701377712
EK202310196358,150.93382504684007
EK202310223590,131.0214288249827
EK202310186191,142.4996910661698
EK202310169460,160.70137672140885
EK202310206652,166.24426144118854
EK202310176776,154.2690599738118
EK202310112945,129.36463688582361
EK202310243798,145.42329640649785
EK202310173522,126.57532469336796
EK202310147691,138.4401875055627
EK202310221131,134.2824137078298
EK202310193542,131.37467875076405
EK202310110806,140.42321864750812
EK202310140872,139.89537100932912
EK202310115723,128.0577663553555
EK202310227673,139.33511763681594
EK202310104188,146.27692627345687
EK202310176128,140.4135280039968
EK202310179757,157.10640743604932
EK202310217690,130.07684916828848
EK202310114918,142.26819681629254
EK202310160022,157.47361762055536
EK202310117222,136.07885434805038
EK202310181651,145.5103871920649
EK202310202302,144.40228509047915
EK202310141935,137.44154707889982
EK202310166006,143.86292804911199
EK202310141835,162.59516941736973
EK202310113039,151.1640770773682
EK202310171526,137.34055467730042
EK202310231390,145.79498956640288
EK202310111326,129.37948823733186
EK202310104950,134.26480446057784
EK202310234139,140.15670345857006
EK202310207302,149.86714756741333
EK202310202018,118.90453533323844
EK202310205260,155.55614856143384
EK202310221441,168.34499206498265
EK202310174816,139.55174194952187
EK202310138649,155.4207530500413
EK202310208013,160.42892029783997
EK202310181493,152.04466221457892
EK202310243648,139.0845683986518
EK202310113262,144.58095985294034
EK202310171352,146.8480920684531
EK202310189555,128.91672542794518
EK202310154506,145.51368142581128
EK202310227922,141.36663676570473
EK202310243180,158.51253069396833
EK202310145403,128.63158020154353
EK202310229261,132.49783676019797
EK202310125086,139.44184781765986
EK202310188059,126.49382369640155
EK202310175935,161.831001187667
EK202310104930,129.27914595766853
EK202310207696,142.7477911156922
EK202310176769,143.87922279956962
EK202310241580,135.9381957100766
EK202310128189,139.19350651636046
EK202310116358,131.66452861259975
EK202310203206,142.35345861016498
EK202310224617,124.11226535157942
EK202310216139,125.57820480044926
EK202310175157,132.11978647291923
EK202310148792,143.1643090024106
EK202310127748,129.8252461706614
EK202310183427,144.85091492548767
EK202310151784,136.6628487320619
EK202310202141,153.85228345645163
EK202310211204,156.12904067255266
EK202310230323,126.04469845238474
EK202310109892,139.95759369089103
EK202310187574,142.98588601658886
EK202310174395,140.62437943103177
EK202310205384,149.43718087022137
EK202310139355,133.3126417528631
EK202310161479,158.45560093554786
EK202310135561,132.9007723784639
EK202310165218,145.36660225967464
EK202310183022,153.1153486650865
EK202310125772,120.3224082513357
EK202310105325,149.35523391249882
EK202310205291,146.95042031029936
EK202310183115,134.97153005692832
EK202310142673,139.83868813655192
EK202310144959,122.44677011161322
EK202310156704,130.97387253431455
EK202310132122,132.60946169379403
EK202310174428,160.6914301017119
EK202310238510,137.46163917787567
EK202310004299,143.47056301549927
EK202310225687,152.86532578966842
EK202310152553,151.32725573462417
EK202310180231,151.63279919906404
EK202310189895,160.1108782911855
EK202310115789,132.59779182194433
EK202310107016,148.05880686065328
EK202310174702,133.82788562144896
EK202310184083,136.02292167540747
EK202310193580,163.06553217647993
EK202310217608,151.38802367763952
EK202310143791,138.31999653041302
EK202310171379,151.18456835118528
EK202310151018,137.6265031526198
EK202310167547,133.21658059911584
EK202310113875,156.53409761519868
EK202310242027,144.24140174228057
EK202310236948,139.59695259706717
EK202310241638,116.7202262089173
EK202320006399,134.94147205406784
EK202310155475,138.13172424429266
EK202310183498,148.214145732856
EK202310175183,138.21242265738107
EK202310212112,139.92669854526767
EK202310219895,144.03105320462132
EK202310136160,168.8204973080303
EK202310237484,132.1448418392789
EK202310165481,128.38695197607893
EK202310240928,118.82297897923283
EK202310103807,136.61724800223317
EK202310138400,147.0388955794174
EK202310206371,120.79353831511868
EK202310194193,158.73732818290057
EK202310148048,148.9658016683444
EK202310215728,139.1643333698667
EK202310131760,146.2197570599105
EK202310123574,144.49755559704758
EK202310141515,142.04506559649246
EK202310237561,157.8512124504021
EK202310217955,124.69068862292062
EK202310208062,140.58558773153771
EK202310163578,133.3699895530985
EK202310116460,147.64289354396576
EK202310181932,170.08061153704236
EK202310190411,158.72908837275511
EK202310229861,147.0605538086208
EK202310246656,136.39614992465167
EK202310118260,139.55970045309596
EK202310115843,139.22684736721632
EK202310170542,148.60370544763532
EK202310189836,171.35378659680512
EK202310176951,142.97644828276432
EK202310116213,163.44814988015344
EK202310128876,129.83333504459804
EK202310210854,135.01453172555338
EK202310217897,141.85847884411416
EK202310213279,146.5661894184628
EK202310203346,139.38107002130093
EK202310111168,147.54127610982988
EK202310205607,140.89023510851655
EK202310181632,176.0925300354526
EK202310163875,143.23803674726554
EK202310106796,148.843785168937
EK202310172056,173.29582172999693
EK202310195599,148.63730098137236
EK202310140727,135.71689320954783
EK202310208341,141.55412932144077
EK202310129380,136.120595851202
EK202310140408,159.04515978910354
EK202310196671,159.9110122694264
EK202310164630,138.9870273767359
EK202310147505,147.7127312268287
EK202310110408,147.7165181625406
EK202310189343,154.73551997542006
EK202310232277,150.17712490583952
EK202310113134,133.56655271965667
EK202310154457,150.11772893474722
EK202310192875,142.31887684719814
EK202310116376,132.49028672395258
EK202310198131,131.3948550901237
EK202310200171,146.21948991082755
EK202310200642,148.11561918074366
EK202310123172,162.90656635972687
EK202310182386,151.7080041853692
EK202310148751,159.95925414059363
EK202310109301,132.55072477070266
EK202320007005,149.11463345304463
EK202310118442,136.6371896167844
EK202310132586,138.02893324632052
EK202310137853,136.43509590763514
EK202310175957,139.99597194672333
EK202310137878,149.00372497839095
EK202310141392,151.06719233628257
EK202310150895,139.1932248136293
EK202310234943,119.02871945043472
EK202310180019,157.3034179102388
EK202310118936,150.6353227601046
EK202310140493,140.89893026491035
EK202310175748,141.01031865090783
EK202310139140,140.72401682482803
EK202310194407,132.8540283320869
EK202310174235,139.43856972877427
EK202310171740,138.1620176489283
EK202310135496,165.2848223689227
EK202310219315,132.8457166557894
EK202310209481,152.69821451899287
EK202310142378,166.0083234756018
EK202310213131,138.84655317242382
EK202310126847,147.7774063591427
EK202310139757,137.10093057260906
EK202310166582,165.23275154374937
EK202310177776,147.56674674356472
EK202310179499,155.39339106499403
EK202310243445,128.91000373799943
EK202310176421,143.50942823873768
EK202310219058,140.04104461100127
EK202310108023,127.74459717073248
EK202310140417,163.5574322945122
EK202310130436,166.54537104076587
EK202320006321,166.71451223871702
EK202310220044,142.19967582487007
EK202310131037,141.80406862953294
EK202310248111,136.11475081795032
EK202310106861,135.01981191891943
EK202310110253,137.68616765097283
EK202310201245,153.20260445776
EK202310138402,122.88672165536931
EK202310233866,176.0054870164995
EK202310003560,129.68755007693352
EK202310120345,127.55885915154988
EK202310201242,132.23805997504437
EK202310190427,150.81646357432368
EK202310148725,123.78797939804139
EK202320006763,156.27556857932728
EK202310196906,155.10892567258554
EK202310241763,145.97710387757874
EK202310204305,153.8484206001336
EK202310190705,161.31826178485545
EK202310107647,126.75841042469638
EK202310178205,154.68127483500118
EK202310226329,129.77559852372363
EK202310155075,155.8573922708061
EK202310161375,157.86722722059142
EK202310184194,159.03171589029796
EK202310146287,145.1672321627086
EK202310151428,166.5499517745905
EK202310169581,119.00747136417274
EK202310159986,137.93599381073804
EK202310235054,140.93526525336648
EK202310232794,151.6507054510151
EK202310237245,132.42973292556673
EK202310159951,168.5606389997402
EK202310137689,137.5468309018555
EK202310104122,124.90946861405047
EK202310237215,135.3828676496756
EK202310224167,153.15624706451322
EK202310165353,147.38200578305847
EK202310003464,139.41503228745864
EK202310146423,149.7770676909601
EK202310175125,129.2179865829093
EK202310229556,150.4619835214649
EK202310227408,138.57789241303666
EK202310243062,145.032976476004
EK202310213464,135.4299900680653
EK202310111472,151.08853603942225
EK202310108233,141.88885295652395
EK202310223065,130.08365168612227
EK202310230558,142.4330496806725
EK202320006897,159.20715553796543
EK202310200032,138.28471948677486
EK202310187191,158.96064446026054
EK202310161900,146.6887015123843
EK202310121241,139.46806375643754
EK202310225448,138.91361146804513
EK202310227739,142.9675663141474
EK202310216508,146.7531735389356
EK202310233619,140.73062202389994
EK202310233918,142.1800361804085
EK202310202411,128.42900881204505
EK202310186765,162.97585481671854
EK202310241519,138.49838780777475
EK202310203547,150.66424003811153
EK202310186570,166.66259372769565
EK202310146153,119.53701663660665
EK202310226412,141.0324417694732
EK202310214773,163.6081813791376
EK202310141684,150.62999791218343
EK202310149333,139.32349511978254
EK202310144706,139.23345358783013
EK202310104027,140.46316238015635
EK202310109413,155.37113354048117
EK202310193755,141.3077192918883
EK202310166019,152.54656699393408
EK202310203410,150.00475031965635
EK202310211531,135.91395892764555
EK202310196157,149.54972577043128
EK202310244349,147.3823542397952
EK202310145494,132.84165947687697
EK202310212588,147.9992627747056
EK202310139780,136.1659410831191
EK202310240088,147.63863757096087
EK202310111166,151.94034334948233
EK202310188435,127.69699005192666
EK202310177633,145.22990437150307
EK202310112926,145.58420702150747
EK202310234867,125.7242484015062
EK202310185802,133.86725887295796
EK202310162594,169.36842017799992
EK202310180089,153.228888701307
EK202310217336,128.43920551687702
EK202310192546,155.69134181897894
EK202310214169,135.8168134735835
EK202310140770,160.97926474669845
EK202310133498,158.4460661487831
EK202310118801,155.74241744164829
EK202310142404,158.89188857016958
EK202310147891,148.11820814018753
EK202310210538,132.68633884901192
EK202320007456,146.78757025872466
EK202310144587,137.15905344201315
EK202310124235,125.00422050107846
EK202310158438,144.8369300783992
EK202310215490,124.46474717716836
EK202310174451,151.87992854279753
EK202310212066,135.0976825431676
EK202310222526,135.427532522488
EK202310188934,117.42690715006809
EK202310227893,129.96494406632516
EK202310181260,142.55318396298188
EK202310202577,136.25961305798333
EK202310120212,148.48738729442485
EK202310149119,158.23372983364968
EK202310154393,177.89858029786853
EK202310152225,120.8500795106073
EK202310105646,136.3170870482355
EK202310119351,128.21884505195658
EK202310148657,140.91919824309693
EK202310196509,136.96816392337624
EK202310194902,151.42841278271592
EK202310148288,128.73277957989652
EK202310215542,150.6139035407869
EK202310167939,149.1316313560958
EK202310167455,158.41856305990993
EK202310117792,128.49470867463603
EK202310173362,148.75843218977337
EK202310124739,176.72049505598056
EK202310175587,152.51542749147083
EK202310213185,139.16486760036878
EK202310152468,149.1579481489297
EK202310131120,155.2866839764585
EK202310124976,145.58530193959155
EK202310112499,158.3706801176777
EK202310195528,134.9475681147162
EK202310239210,143.016047448219
EK202310142674,152.51340034507933
EK202310243104,145.29936176526675
EK202310237267,145.9087305425454
EK202310169374,138.16116719000564
EK202310234090,127.69208239107328
EK202310233816,149.5086086385324
EK202310196376,156.5766676543243
EK202310148225,143.6534065229059
EK202310228837,120.03314491581651
EK202310181830,142.51811941138976
EK202310191899,144.10353588012467
EK202310229263,140.2354314344085
EK202310141990,141.30085103902718
EK202310169654,149.798140754483
EK202310123584,140.5914817654517
EK202310109674,140.33364134700102
EK202310106658,142.60123944422398
EK202310237324,126.65302871251039
EK202310133847,161.13095467292752
EK202310177544,127.85251076594729
EK202310123823,143.08095233619858
EK202310240866,127.42273724455265
EK202310200799,151.83081128310428
EK202310004956,130.24911384653134
EK202310109116,158.9814019645927
EK202310181159,148.79015609738045
EK202310128546,151.072905819474
EK202310206764,136.11207314775658
EK202310203787,131.73290286610114
EK202310193227,134.3128696427335
EK202310157337,171.95191770533708
EK202310190691,163.345973770299
EK202310126193,138.93279227351144
EK202310223219,133.73470494466133
EK202310161546,156.52649781584856
EK202310220676,144.9552585966326
EK202310142344,135.18783432631716
EK202310182666,120.14899977921026
EK202310217828,135.11931526374514
EK202310240257,135.3851053542073
EK202310125068,132.77643129527297
EK202310166358,154.24568955672225
EK202310177216,167.4258136091057
EK202310146952,133.7865698207579
EK202310199886,164.76084380346737
EK202310147741,158.6127609811708
EK202310143091,146.67539752246685
EK202310199575,141.22988941615947
EK202310187305,159.4313939797652
EK202310222496,152.3560799161202
EK202310216424,142.23443921758883
EK202310104377,151.81785889059358
EK202310227219,126.55269047886244
EK202310140922,147.6899935706406
EK202310165008,162.43139501571898
EK202310135583,148.08650486381916
EK202310171535,130.5830955806315
EK202310219272,147.38059679557605
EK202310120647,146.77076753501763
EK202310140490,146.0900590588806
EK202310173840,139.57708866514253
EK202310208109,130.96242825360392
EK202310175605,144.41908046918684
EK202310194297,142.68573431333218
EK202310116012,124.39802627416228
EK202310133738,124.89847496082633
EK202310003422,142.7490842656382
EK202310186980,161.25173737379825
EK202310157421,139.0664589928359
EK202310145922,129.16759572683532
EK202310203349,146.31389100005035
EK202310230457,172.37907303975368
EK202310230009,127.07576919741712
EK202310144393,158.85785697918695
EK202310155684,137.48878767713313
EK202310243499,137.28431055492004
EK202310148155,132.4753765220993
EK202310162141,139.71188884533183
EK202310202043,145.37615797157704
EK202310165608,140.47505765049024
EK202310193544,120.63356003990376
EK202310164222,131.05113741342404
EK202310154530,146.9794226746939
EK202310185022,140.29084445155902
EK202310167516,155.58332589599743
EK202310165006,129.1926764178642
EK202310138314,167.03311857861124
EK202310213702,132.86079833327528
EK202310223111,159.75128960026427
EK202310183009,126.93149302591463
EK202310175427,137.00619721737334
EK202310198303,131.42547772189005
EK202310142355,163.09466304686953
EK202310190847,154.6944978560412
EK202310165750,162.61405492700953
EK202310163376,133.6814383400966
EK202310146237,157.8746959223572
EK202310228171,142.7680913325175
EK202310222340,149.37775750359305
EK202310119317,137.13275099787688
EK202310209759,150.45335929471733
EK202310188992,143.2041810383916
EK202310236787,134.50587221068432
EK202310235111,144.64314220684645
EK202310192259,143.6387091844088
EK202320005738,159.78248914316524
EK202310143173,165.22997315415708
EK202310188740,147.81295350096948
EK202310106354,140.02720232923826
EK202310235348,148.74226849891733
EK202310234038,161.83690341859733
EK202310172622,177.24675285511762
EK202310172486,150.15308228791224
EK202310121194,124.74555129363516
EK202310221290,148.51754202648792
EK202310207879,144.95675650415043
EK202310114510,136.76031722620215
EK202310179068,148.3109524949758
EK202310163368,143.8733443394645
EK202310232807,137.6854715642035
EK202310120523,121.3712545570697
EK202310103969,146.23044158054373
EK202310004188,142.25725238470457
EK202310170648,162.27207141092555
EK202310139767,140.00430102276238
EK202310138473,167.43662589085818
EK202310235505,137.34353103799262
EK202310178729,129.10936575087572
EK202310246801,138.8011312613275
EK202310120603,139.43508464860463
EK202310114895,146.59682437162337
EK202310223798,140.0240121417264
EK202310128963,133.04607447545177
EK202310133013,135.24189792207846
EK202310180731,167.42704774919616
EK202310113860,127.76518307216934
EK202310201583,116.05454699452827
EK202310137449,136.33916313278527
EK202310149678,160.45460195366886
EK202310199061,144.82247458917598
EK202310206139,133.40462090126894
EK202310178048,157.25210961835427
EK202310206902,148.7194150398432
EK202310135879,141.85974076060813
EK202310118974,129.6261451172599
EK202310240661,155.50575057002453
EK202310247702,120.16556241016309
EK202310108959,152.80387336545363
EK202310139148,140.52234637387053
EK202310213608,133.84388285033532
EK202310200833,150.78879416104323
EK202310205491,147.1199725476967
EK202310151833,160.95732921330597
EK202310170507,124.89743193800757
EK202310204695,150.18250036395477
EK202310190993,148.77529921883095
EK202310181846,141.14941762136118
EK202310191614,153.86649531261855
EK202310146281,151.58987545182902
EK202310239715,144.16110216696663
EK202310224583,122.76775928972278
EK202310225752,139.0076978005366
EK202310004050,149.5461152657702
EK202310112334,116.63472531382357
EK202310178782,125.33327814830493
EK202310162090,148.19974526897224
EK202310221447,150.4519313573917
EK202310219812,151.99785594902707
EK202310161855,154.7330546543936
EK202310127861,141.06324669169388
EK202310114282,145.96065775429273
EK202310105617,133.60542298784463
EK202310209302,144.47921059028732
EK202310115118,162.9834136641979
EK202310003916,139.292820737441
EK202310153698,151.75013231691318
EK202310229027,135.67031470352651
EK202310125705,145.18153365865896
EK202310123526,143.37278443521532
EK202310226530,145.73005423611843
EK202310136267,133.21464648570637
EK202310126875,150.27734710541017
EK202310219223,121.15608582497671
EK202310169669,137.852794076495
EK202310136907,129.4739579627622
EK202310167168,133.45166922050475
EK202310225793,134.7043939448005
EK202310178640,163.9023023652924
EK202310130165,135.29094604611785
EK202310154261,141.8430372080179
EK202310220444,150.13543134346594
EK202310237028,146.79130135157564
EK202310165818,135.11071149946739
EK202310122598,142.08870200193795
EK202310220372,151.47466736868935
EK202310137417,138.45395871219364
EK202310143378,157.88636327482772
EK202310175009,153.28142169444047
EK202310211432,140.6086348357047
EK202310207842,143.35493931519264
EK202310180149,133.98950988213002
EK202310190554,150.55945639563555
EK202310223988,132.7736729203673
EK202310130954,138.6119616495534
EK202310116904,139.81012315919213
EK202310161528,161.13163802055723
EK202310148911,133.12088362585519
EK202310153873,148.43286834311405
EK202310144622,142.26294276220878
EK202320007179,167.0136185297224
EK202310213291,136.73467360314305
EK202310248459,140.88655822540434
EK202310129665,131.90196316328888
EK202310105584,122.65477382464452
EK202310223037,123.33803953247966
EK202310173189,133.86379990757368
EK202310174998,164.25136555357574
EK202310128550,131.86142964963244
EK202310192354,123.20845658150974
EK202310118760,123.90797510621695
EK202310131373,139.96176377758155
EK202310168865,134.77453526787096
EK202310105103,155.74034621605037
EK202310242757,141.34120025776753
EK202310164146,171.9866932578507
EK202310165707,154.94413118668137
EK202310157341,160.98178903831638
EK202310161673,163.48575446590596
EK202310203730,129.53222432222415
EK202310165334,146.31151299907896
EK202310149964,144.83070226053823
EK202310109435,139.69951689758017
EK202310105784,142.72507985783713
EK202310004512,128.02977626837483
EK202310129345,158.25421280695986
EK202310168741,130.87071074129915
EK202310225441,143.04274124551262
EK202310189863,132.6825867034431
EK202310181790,146.65783277462842
EK202310223107,141.7931837913257
EK202310117337,127.77808677978139
EK202310247125,151.42344832071444
EK202310146172,143.48523623910893
EK202310229871,140.5557752740822
EK202310167352,158.6066577265849
EK202310197659,169.48630436696743
EK202310237148,147.50762211353998
EK202310204685,159.0103871558104
EK202310241003,144.70282262667573
EK202310148969,136.35846893083686
EK202310217817,150.39402816783965
EK202310154285,145.78173140950776
EK202310241422,150.26384455862433
EK202310238083,152.73773327620464
EK202310177368,159.13758311996236
EK202310161506,150.69794992444375
EK202310159694,134.81695010576018
EK202310233873,138.8787892099883
EK202310159627,133.2750121829013
EK202310204809,142.7431772656479
EK202310221148,151.1121188070314
EK202310203840,137.94976320826393
EK202310175485,149.1850166074476
EK202310157943,156.06867635955797
EK202310166246,148.03592825187144
EK202310104784,141.55345607654286
EK202310123376,137.839216477489
EK202310204029,163.8820589631913
EK202310185358,162.08883167930966
EK202310108669,148.67424253848336
EK202310236018,154.04080543378282
EK202310238742,144.99717221621412
EK202310111453,136.4179135426338
EK202310113005,138.9210859094182
EK202310234668,143.3988128089564
EK202310231883,138.8947839832864
EK202310170221,156.65708542459436
EK202310004896,133.7117790617558
EK202310161173,150.5577929015521
EK202310145172,129.24900967301454
EK202310173181,131.2139792441529
EK202310188825,145.76977043680918
EK202310179888,152.72896485587876
EK202310232212,128.088766470325
EK202310162487,145.58030131522418
EK202310136794,146.55064355951066
EK202310169969,138.90025911088384
EK202310165477,135.9963390737528
EK202310177712,148.08666270941725
EK202310129186,134.56899053965836
EK202310127134,154.67957305585122
EK202310228641,132.9949812750656
EK202310195004,132.90589338208972
EK202310196656,143.52670365573877
EK202310129468,151.10706205308213
EK202320007200,155.21071878001877
EK202310153589,148.13176613075
EK202310212764,169.13486918368022
EK202310205885,164.24471162279977
EK202310198505,127.02122211281333
EK202310222811,138.28180300114985
EK202310168127,152.46442111506707
EK202310143599,142.63914500951438
EK202310227359,137.82815335923422
EK202310135358,140.08860746888882
EK202310171217,164.94553197547384
EK202310191424,149.53435609365752
EK202310149689,174.2148786924689
EK202310195376,158.2636220009555
EK202310178299,151.96149313324173
EK202310210228,144.4830261057513
EK202310107326,129.7497793230608
EK202310152535,145.35098169352503
EK202310154473,136.8192640022381
EK202310174554,140.35356624457577
EK202310163286,137.0074136070487
EK202310111638,154.61488570307247
EK202310196108,163.12579962925187
EK202310212686,137.83795327998823
EK202310231718,143.00822324405004
EK202310137776,148.03269930325794
EK202310178405,157.04607205648298
EK202310117455,133.53605050313874
EK202310118568,149.3312681691101
EK202310222315,146.6236049095951
EK202310160822,143.61316805611534
EK202310118020,128.1029163953506
EK202310194677,180.5331748947505
EK202320006977,156.1621942709698
EK202310214502,166.55575351420018
EK202310146297,137.060928014337
EK202320005953,171.52242846336526
EK202310200023,139.53599485929018
EK202310147399,149.968145185839
EK202310110181,126.44085753870844
EK202310225409,179.20167960352438
EK202310107374,147.60330488024627
EK202310235775,134.25478667965155
EK202310154935,150.93764306041876
EK202310160129,150.38281515602134
EK202310136819,154.09058937498796
EK202310212339,130.2047679752515
EK202310186377,160.44398187999175
EK202310149686,166.0970971568629
EK202310137146,152.18136557592808
EK202310219413,121.41599019023542
EK202310224119,135.0223463061663
EK202310124397,135.0765329289311
EK202310118844,154.37121103386207
EK202310178888,130.64860658950522
EK202310203695,139.56145100845757
EK202310215102,132.12684539770694
EK202310116309,136.83364773224542
EK202310177340,156.83158275043323
EK202310155692,137.87000353999983
EK202310209761,118.80996405359781
EK202310192459,146.29311934968825
EK202310166094,136.13398985458727
EK202310106639,137.6207062560045
EK202310122597,133.11003989245913
EK202310176641,150.39939169155085
EK202310128106,130.33412767920635
EK202310164373,141.73822326287083
EK202310172650,140.29346722072592
EK202310161760,144.67816677984712
EK202310175173,135.63395711930667
EK202310220355,136.03413799662553
EK202310134340,127.75876452957529
EK202310200856,171.01307935587636
EK202310198775,174.88287143862902
EK202310237814,161.75646424229146
EK202310144745,146.50761467363753
EK202310116937,143.72632934805316
EK202310180183,150.3423516941018
EK202310123116,143.39418490293406
EK202310111360,141.8783678255931
EK202310218124,149.68476972031223
EK202310146929,157.2074873024712
EK202310144079,177.44450702817323
EK202310212540,162.8007993386378
EK202310206504,166.10695736049192
EK202310126991,133.7067766256305
EK202310159652,139.95754392828147
EK202310132965,139.17145098430984
EK202310203675,150.67124867986143
EK202310003467,135.84164774129746
EK202310178560,124.72568195359811
EK202310115094,141.2928321354078
EK202310127215,139.90444913633877
EK202310116379,138.8852574631032
EK202310121118,139.36510151526713
EK202310196670,134.25901246697893
EK202310159655,120.71619076892623
EK202310201991,138.52592137285026
EK202310173068,148.091219913646
EK202310117260,139.78356727614155
EK202310130209,145.34150416555468
EK202310183122,126.61197295195451
EK202310216257,124.1945607149297
EK202310176511,154.57965361573
EK202310187962,157.2036145181079
EK202310245277,144.8383433304259
EK202310181710,130.59446871453594
EK202310227487,129.68598073867705
EK202310210107,164.22220645247128
EK202310175757,140.9683455489109
EK202310229135,147.3466450755787
EK202310150766,136.63533684566585
EK202310164086,143.18017994252713
EK202310121488,147.49575904965883
EK202310122656,131.5228846084195
EK202310176310,145.34547040154646
EK202310207786,127.16910828726317
EK202310116196,137.78338592395562
EK202310166658,146.9485788007158
EK202320007269,174.06157750835737
EK202310240222,159.99763832960872
EK202310233074,130.4095984271647
EK202310003785,141.82138454261275
EK202310218333,136.8952885604035
EK202310199829,152.8079863274026
EK202310141201,128.4950055948794
EK202310152509,152.1082742473119
EK202310213008,137.40970670271466
EK202310234244,146.4507963460821
EK202310185496,143.9095192709073
EK202310123939,144.134930374466
EK202310245118,143.3199486223483
EK202310126945,138.58437222323116
EK202310192940,145.22300681825828
EK202310154479,142.79552901673603
EK202310238968,138.77901770144442
EK202310220804,150.55092137035717
EK202310121547,131.06667237892765
EK202310156977,142.54510818789785
EK202310220913,130.47027106977058
EK202310153791,162.4018503388799
EK202310231371,131.11558974380887
EK202310155012,151.13212942881012
EK202310106729,144.76980404551557
EK202310121458,116.2548669767159
EK202310129298,142.13748754950643
EK202310185168,162.77170957235015
EK202310171342,161.71591527787515
EK202310182043,136.3351821805006
EK202310159692,163.43051493059852
EK202310198219,131.39542163165012
EK202310186486,158.78775956324046
EK202310194185,139.12833771287777
EK202310135060,170.5297553838826
EK202310151875,148.5065118034602
EK202310148212,128.14501655792347
EK202310158337,147.56063028828675
EK202310160093,145.9890975723083
EK202310176986,149.1735736196854
EK202310142751,172.8270332660561
EK202310186987,138.49902104873365
EK202310213398,129.76770329077095
EK202310227507,162.10646078538886
EK202310230539,134.49981478037057
EK202310233022,135.993284509549
EK202310112067,141.71857160302892
EK202310191571,160.06259772748345
EK202310128575,152.42828488560755
EK202310116429,161.69285365527693
EK202310222260,134.08900203020218
EK202310167112,144.3653013188439
EK202310197671,133.13112043752324
EK202310133983,143.8532327063724
EK202310125081,147.83134106893854
EK202310165303,142.38971054248083
EK202310245022,140.75300134203275
EK202310168737,142.9218627385127
EK202310224066,144.1506182471671
EK202310112653,133.52784079071893
EK202310163794,137.2271569979344
EK202310177672,149.14003060667423
EK202310113138,128.12342867716532
EK202310198082,141.30774155618974
EK202310186324,149.8109708005053
EK202310245063,118.57657788930703
EK202310162008,146.880696846319
EK202310187033,146.36916090614872
EK202310165002,142.13848887645852
EK202310179112,138.90542773087387
EK202310136261,139.95089568455538
EK202310107886,142.94536776599998
EK202310178081,160.5107223153849
EK202310107978,148.0828504643648
EK202310186291,173.79174824043747
EK202320006194,162.4286876744781
EK202310162147,134.30466848271786
EK202310145820,136.19836542329764
EK202310208270,136.38783677006126
EK202310244610,139.65654834426127
EK202310115965,127.94922405019312
EK202310173325,136.51242036237164
EK202310200487,137.7195795601831
EK202310151600,170.7555832028549
EK202310174873,136.67024935633734
EK202310154656,146.88776961659326
EK202310186158,164.69891750544534
EK202310159695,155.1235379392371
EK202310153171,163.18045043151716
EK202310116138,151.67991749215494
EK202310241920,110.83201717723946
EK202310172803,133.65287845711052
EK202310003408,130.11505139852085
EK202310113293,133.86770892910423
EK202310199063,142.32941044214903
EK202310151401,158.23191964869346
EK202310154601,126.10707561662358
EK202310111616,148.62509370869122
EK202310135809,137.84843044431858
EK202310123689,134.38165225751982
EK202310125344,128.5369678646525
EK202310204834,129.8698726927338
EK202310154600,134.6137149031413
EK202310171105,131.06514128519
EK202310192374,144.96158916949582
EK202310137424,141.83907895267095
EK202310004414,133.4175868141976
EK202310157406,140.32713964954024
EK202310194870,159.36046876333586
EK202310184853,151.58592403544094
EK202310176587,139.19002139721945
EK202310211243,125.67052191178973
EK202310116843,141.0400820592574
EK202310167978,136.94950639000592
EK202310199028,157.66227003440514
EK202310178842,136.8536637416619
EK202310003563,157.53263880157667
EK202310113491,134.69456053753743
EK202310202425,139.43247706571358
EK202310156026,153.84387127063516
EK202310235868,125.21230858319346
EK202310129923,136.30335484069818
EK202310115347,135.89647789776134
EK202310136092,166.48070454786085
EK202310212411,125.58953628206984
EK202310198783,173.7333446544417
EK202310154295,137.12226437615075
EK202310132080,142.59356892378983
EK202310115510,135.28229529384816
EK202310186713,118.65593082047879
EK202310246486,126.73043275200244
EK202310220909,137.9161570606835
EK202310133930,146.25667790720883
EK202310230327,174.11494206862193
EK202310227578,149.48361558126015
EK202310147328,169.7336995868255
EK202310174500,123.7204580291959
EK202310121141,136.70815058541137
EK202310218136,152.75315891118407
EK202310187497,153.2811865523644
EK202310219497,138.10397966482148
EK202310158430,155.50554105088295
EK202310232072,144.53003201356725
EK202310161910,156.05958246301157
EK202310232257,143.8467719784933
EK202310109324,140.54755167053167
EK202310117586,137.4785792377073
EK202310145201,146.48373332919425
EK202310191458,141.29781122649723
EK202310163905,148.27207708460034
EK202310200681,139.85824419671138
EK202310190561,134.5847265619045
EK202310144363,140.07357986893197
EK202310196397,145.43933039224265
EK202310168831,143.07775345668077
EK202320007357,168.50184952243816
EK202310125955,142.71336221946922
EK202310210692,140.55137261729482
EK202310202677,149.10541733315398
EK202310212296,148.52236470069735
EK202310228282,127.36745243772964
EK202310198392,142.5625370199004
EK202310189017,144.45041618953653
EK202310184070,153.44910655929598
EK202320006398,158.41429094008134
EK202310221409,158.47761827385025
EK202310229971,134.8951778722427
EK202310202941,141.65122545336123
EK202310131905,136.89385611609902
EK202310112775,146.93753527010867
EK202310209245,129.48892751952206
EK202310185710,151.60238798449683
EK202310155827,127.00175771020716
EK202310158156,165.04751219645357
EK202310143080,153.228590416377
EK202310217821,125.1014804574474
EK202310205060,140.90745014247267
EK202310152230,152.50382585954267
EK202310215647,133.65377558284627
EK202310216568,146.7580604130528
EK202310173496,134.99621216476902
EK202310132220,136.14403728250164
EK202310229606,134.2572079187678
EK202310197847,135.5449572610142
EK202310114444,142.50605914559603
EK202310212587,143.9068852118575
EK202310128678,130.63805535843392
EK202310129009,160.04610261443065
EK202310135868,143.5728291101838
EK202310004655,139.69876024017637
EK202310004666,119.546729941781
EK202310172312,129.60835034888757
EK202310212324,138.74995606228666
EK202310234071,149.46550623124156
EK202310237714,140.56466209729524
EK202310227143,126.13577596491282
EK202310106080,153.41200181607135
EK202310115972,148.41547444804223
EK202310223416,148.00331694003847
EK202310185745,146.9331804536812
EK202310108584,155.30324565533095
EK202310244398,140.73330623151372
EK202310104476,150.97308606287928
EK202310243111,143.13027072615884
EK202310182118,141.18794647687673
EK202310231776,130.91749694718897
EK202310114793,131.04707138939372
EK202310107506,131.8401290044666
EK202310203271,148.62224301456075
EK202310206441,154.1011618861377
EK202310197006,128.03865902762786
EK202310213977,136.13924497157677
EK202310174608,149.6653173455207
EK202310126126,134.01577891777575
EK202310230545,142.36722665393629
EK202310103903,124.22638873426808
EK202310234105,156.76219355142788
EK202310165010,148.90261876057687
EK202310181940,146.72097999878852
EK202310118673,137.67771113702474
EK202310188868,149.61665082049655
EK202310170989,156.27518974211355
EK202310213961,145.81989468917865
EK202310236748,135.2184883244654
EK202310128144,146.11547945204023
EK202310131032,128.6339167306221
EK202310199927,140.03990650700268
EK202310228569,138.736828377606
EK202310137099,148.239326224292
EK202310216503,153.54453034712466
EK202310225348,135.98046616607897
EK202310188082,143.620475660369
EK202310107466,153.41113382729256
EK202310119468,164.0763793951873
EK202310177435,125.23974335478846
EK202310226065,173.20170341442838
EK202310238474,135.61230640204153
EK202310178935,140.83556771542163
EK202310111288,150.15035670406053
EK202310231278,141.6779843343512
EK202310195743,150.06531973943402
EK202310177642,148.05543435166396
EK202310159731,155.80796274020662
EK202310233199,150.4311667444991
EK202310164963,141.5298316458654
EK202310108728,127.2187422725165
EK202310241516,137.82527373908835
EK202310114502,140.0129557323372
EK202310163597,138.49834168524742
EK202310194099,148.5638543747616
EK202310191390,153.25806311915818
EK202310136653,147.58953793497147
EK202310132780,159.64311734706354
EK202310192296,130.97935495531146
EK202310210820,127.483663891687
EK202310157545,158.96696217253327
EK202310117978,135.99222581877933
EK202310128805,133.32572391823484
EK202310239206,138.0787572372351
EK202310184728,148.6507056012193
EK202310188346,138.09819181583353
EK202310115220,122.83896851822962
EK202310136091,176.60230601324113
EK202310187000,152.14212975296635
EK202310004481,141.37880872661788
EK202310142481,129.7134055434907
EK202310241665,141.92721127965964
EK202310172530,120.4307312622449
EK202310242247,153.14151103088278
EK202310201108,144.06051140662572
EK202310157151,146.8430679254637
EK202310248777,136.1626294123024
EK202310234150,136.92096022876134
EK202310245991,133.66763854689862
EK202310196183,142.88938277899996
EK202310112151,145.92387980145406
EK202310240040,149.72111400850196
EK202310122111,133.88282457225006
EK202310237646,141.0172297221616
EK202310236751,143.77440500897356
EK202310110678,114.89788154603583
EK202310175472,142.019913811826
EK202310104032,147.43625724987496
EK202310130367,135.20634564329566
EK202310218178,166.4744794296258
EK202310190059,173.08146014898344
EK202310154040,131.6799166180089
EK202310104704,137.41821725784862
EK202310234675,137.81204201746348
EK202320007076,153.41708171449528
EK202310117416,143.00464392202008
EK202310106592,153.63077388548615
EK202310218855,136.65939111251518
EK202310112951,149.13023840605277
EK202310198510,144.90898170557472
EK202310170591,124.11516181567188
EK202310171607,138.75078000110196
EK202310188047,167.75232544037948
EK202310106176,133.70625252447732
EK202310139729,142.2755993422939
EK202310188177,152.01355377636114
EK202310216551,126.97999887775666
EK202310190746,155.83735420150404
EK202310198445,164.55959295194702
EK202310167557,139.06044550953735
EK202310232345,134.661893191124
EK202310205089,158.54994711805827
EK202310200704,140.51947644581702
EK202310168328,178.98760749299757
EK202310117660,128.55566403613577
EK202310241204,151.9396290907618
EK202310219555,130.90560359970632
EK202310108822,152.31156961112694
EK202310178261,150.54871123211404
EK202310170803,148.57758913044933
EK202310180578,143.75871674619432
EK202310183233,157.50929560898803
EK202310214067,170.3874999034934
EK202310177910,152.1564703249387
EK202310184628,168.24804858733057
EK202310236640,127.84080190382419
EK202310189443,156.1817819624653
EK202310219770,134.4460489494606
EK202310188035,152.92223673531925
EK202310110194,149.52598412899505
EK202310244334,143.12171194216668
EK202310196346,163.1052397684362
EK202310239240,137.3995113881592
EK202310190697,158.91556994282922
EK202310183845,147.73612374080156
EK202310173568,147.79278668493882
EK202310122648,135.92334991497663
EK202310138573,139.64793295502028
EK202310107238,153.0728653002031
EK202310123716,146.05355413327132
EK202310222719,136.31256764182731
EK202310119574,143.8024777580147
EK202310106379,148.07983230547882
EK202310179487,161.97383683581705
EK202310204316,138.95152685941682
EK202310112072,145.43009104473683
EK202310103891,151.58396066210238
EK202310121527,149.86734205905546
EK202310147901,153.65758178874748
EK202310129747,164.96979863872866
EK202310216313,140.1972386553527
EK202310138904,152.0220404500716
EK202310148441,142.98166383506478
EK202310153870,129.94510961296135
EK202310108732,132.90671895015615
EK202310180949,145.2812223503345
EK202310108710,137.4141617024777
EK202310198670,138.93748719346036
EK202310150197,167.9713880049732
EK202310213492,133.86833310209443
EK202310136448,145.52872899270582
EK202310131230,152.21072733753525
EK202310231399,137.26962995332727
EK202310121599,148.90963478713195
EK202310179738,159.48595008742075
EK202310167476,162.94664450541916
EK202310131623,154.53998224573058
EK202310140730,148.73843902836163
EK202310144389,154.6497044207873
EK202310245102,142.66162685793105
EK202310132691,134.95707951936384
EK202310106449,135.95248232439974
EK202310167353,128.58903889130303
EK202310236989,126.76183444499598
EK202310111119,127.06999184689313
EK202310186689,161.2973959253809
EK202310209031,154.83467996710542
EK202310139037,146.5729143625534
EK202310158574,139.59408073814686
EK202310235776,135.36328309811847
EK202310149594,147.3659368540425
EK202310106989,149.9837381204736
EK202310207828,159.2374692555509
EK202310129283,141.65573959614713
EK202310103761,148.81623414717998
EK202310117820,120.88460963313146
EK202310170386,142.50155841407792
EK202310200918,153.76562459409743
EK202310104618,134.57835024829797
EK202310211311,134.06699692474285
EK202310217151,154.9186434266918
EK202310197688,161.0968718009054
EK202310141161,125.36827180792481
EK202310200723,130.10889379225168
EK202310192613,148.0210677194439
EK202310231385,139.66864336676022
EK202310161421,132.95057314747922
EK202310185090,145.46795279884097
EK202310118323,145.06124700902083
EK202310179435,147.44483732333885
EK202310246748,154.2804953517852
EK202310203308,132.433884312638
EK202310166549,155.33014474181036
EK202310231043,145.3579034574018
EK202310144171,135.3702731218183
EK202310171076,153.48197166849977
EK202310234671,141.98030121895036
EK202310178258,149.85478284146762
EK202310123111,130.96649912161442
EK202310105273,148.76273081214933
EK202310232779,109.67202505769046
EK202310245923,129.51361974144973
EK202310232934,138.1686671564226
EK202310206444,149.27384032151213
EK202310199292,147.71352928918705
EK202310172407,140.7640686665548
EK202310110982,125.5675886845306
EK202310136670,154.0625123697366
EK202310196416,163.29138517433904
EK202310147370,155.0548674870948
EK202310203187,136.18946509825378
EK202310127574,147.44480599426686
EK202310223109,140.708714129004
EK202310210815,133.71377847475122
EK202310132728,168.4233351207666
EK202310195728,135.24433249791178
EK202310162562,166.09811766419756
EK202310122166,141.697473583071
EK202310133502,159.67097278203218
EK202310176748,129.37897731300308
EK202310149681,138.72825060424233
EK202310133367,158.3688125311997
EK202310233308,143.29329588387117
EK202310111956,148.17353183386135
EK202310213087,117.23390224452305
EK202310163861,140.0712571718714
EK202310183017,126.13874219810174
EK202310148049,141.9485719659491
EK202310159587,143.83033444757913
EK202310120104,159.95133482700223
EK202310173791,139.6039496474077
EK202310120609,125.34244405201159
EK202310120220,140.5085511428219
EK202310164643,139.98808840142397
EK202310242480,135.05935681335916
EK202310237393,121.90875441185209
EK202310110258,134.47317520251502
EK202310203310,153.8057897118175
EK202310244388,128.51407077365684
EK202310142420,157.79747772498743
EK202310127247,157.92300283024062
EK202310245410,133.9977806350468
EK202310198231,149.3120313273143
EK202310224714,136.45121992860544
EK202310112152,139.34044799233877
EK202310219634,144.16299848136498
EK202310120507,138.8130543067061
EK202310121024,154.81938747725417
EK202310162609,148.2471859898337
EK202310198139,142.15576744917973
EK202310115733,137.8159978134009
EK202310197648,172.545447445423
EK202310152061,157.10370443112254
EK202310246184,140.27484547791306
EK202310175646,141.42516318418618
EK202310195357,152.00228349892149
EK202310180995,155.60026419915962
EK202320007602,161.2280287520219
EK202310125780,148.0727629869003
EK202310141209,135.3335231751482
EK202310241145,152.95083593854514
EK202310214473,168.0522707628576
EK202310104412,133.86439513928855
EK202310145300,140.5053367969161
EK202310178546,130.0754061905369
EK202310222192,132.51238701370636
EK202310003791,127.75672965557158
EK202310164084,139.26783327928615
EK202310247625,126.28855318363266
EK202310179777,137.73228282148267
EK202310204086,119.7324143107945
EK202310199051,149.49442437493292
EK202310199503,137.44127953626574
EK202310124201,140.0859382519803
EK202310111462,142.97303318528898
EK202310149507,154.7081487362583
EK202310149626,147.64845661414435
EK202310196221,140.65755045598917
EK202310241259,150.78987478457398
EK202310110599,137.13223943191556
EK202310234816,142.5775913960584
EK202310179926,146.22148444186743
EK202310158821,144.44121148398983
EK202310203000,144.72457209108384
EK202310162317,132.8811845312968
EK202310125499,141.45656791136284
EK202310171521,146.62796698258506
EK202310155121,130.88874975992633
EK202310246662,145.59006038994102
EK202310222404,121.48453203253251
EK202310119271,150.08438337112946
EK202310179293,138.92391198358573
EK202310162370,139.38538147949376
EK202310185317,159.73962140859356
EK202310192836,168.17762473587362
EK202310197187,159.1302814457284
EK202310119438,136.7947905299681
EK202310154800,140.00615379722245
EK202310162887,136.30813868068677
EK202310114407,145.711598056259
EK202310107541,163.4939886581854
EK202310165391,141.51220019754783
EK202310114222,149.1533539591641
EK202310108463,150.8857644740232
EK202310160505,143.52083657132883
EK202310175819,122.81340621063248
EK202310224211,143.79450932258243
EK202310181094,158.7748099345926
EK202310209683,144.11824770652422
EK202310144068,167.59523619075205
EK202310185016,154.24171940541808
EK202310242866,127.19262704137692
EK202310136700,136.5390342498622
EK202310129667,140.08289010180854
EK202310185490,152.07086969888832
EK202310180615,134.58461092331837
EK202310106120,128.57137819148056
EK202310139529,124.05212721462055
EK202310208712,153.49634432197945
EK202310202493,148.07211609397507
EK202310127493,152.5731225302988
EK202310185646,143.7140933772842
EK202310236048,122.26440633070933
EK202310215422,138.80352301710556
EK202310154768,152.56562683339752
EK202310156660,139.6875762385595
EK202310215522,132.99304698855173
EK202310191431,156.03111727732963
EK202310219661,146.26698086378073
EK202310111217,108.29473162136411
EK202310142283,155.63102581668983
EK202310152451,159.4108129499473
EK202310131900,149.47332883348466
EK202310118813,144.02124122442592
EK202310158474,151.49180251772208
EK202310206038,177.9374500646509
EK202310140824,138.44254877240266
EK202310193053,133.32956742336518
EK202310239738,136.8359110514498
EK202310183514,165.98159449924066
EK202310228473,142.26313054653326
EK202310187727,142.11246171985815
EK202310208678,141.5172700376014
EK202310151445,144.81247625831892
EK202310129744,139.58026372274472
EK202310242221,139.16488100974112
EK202310140908,138.36856557730226
EK202310213034,146.21221079441074
EK202310162066,143.12985213123662
EK202310166091,133.80081511556352
EK202310168349,112.77451574947457
EK202310204830,135.0385511213045
EK202310119237,127.39347454586064
EK202310177687,140.20382233137542
EK202310194046,140.52922907595405
EK202310120099,125.97058566619674
EK202310139982,165.91650799971598
EK202310172126,129.78214817569375
EK202310225892,126.84253118499653
EK202310204605,146.38125396037012
EK202310166382,146.49759716268088
EK202310164816,148.28916965593532
EK202310118373,126.44507855943799
EK202310141696,146.3931587773981
EK202310229964,149.02403664641886
EK202310127949,146.29991600977684
EK202310239375,165.76647397168418
EK202310173625,143.833198642449
EK202310141849,162.5058277774252
EK202310115485,133.49048663771777
EK202310129234,160.7238102008543
EK202310105793,134.33849864745153
EK202310158046,135.83988063843535
EK202310192078,142.7315678569156
EK202310211785,139.83747238622826
EK202310194018,159.0450531492558
EK202310223067,132.5240952078309
EK202310131851,162.09717143567428
EK202310146819,129.67448912790323
EK202310240643,153.71730560189087
EK202310156305,141.8196320449379
EK202310207011,128.6322610162786
EK202310225288,144.7451625455667
EK202310246090,148.9244785950239
EK202310159743,140.41960980902323
EK202310160951,159.1036735635583
EK202310164394,151.1685776560626
EK202310172687,131.75027586934027
EK202310157664,136.36088905767107
EK202310186799,150.10818369477076
EK202310177813,152.13459514352772
EK202310135564,153.73838594639622
EK202310109869,137.08922019252677
EK202310232529,138.00564004534252
EK202310190796,139.10987012575558
EK202310157371,145.78093140027053
EK202310248440,144.28965352128162
EK202310236433,137.25306951536956
EK202310155362,148.27696315708388
EK202310178291,149.07391015741823
EK202310236912,149.53090850040306
EK202310104076,124.31845605303045
EK202310192380,130.4453959609804
EK202310138804,148.94745363137633
EK202310151241,145.67133883217747
EK202310199540,130.6761348725135
EK202310173988,123.67686330975852
EK202310173002,134.09157605943645
EK202310243625,144.40242717540568
EK202310193531,134.2643849948351
EK202310114242,139.9405756481951
EK202310138736,138.0286581726929
EK202310190347,135.39615458245996
EK202310236408,138.94816791095195
EK202310120734,175.07241402112913
EK202310199091,150.85305813274584
EK202310163422,137.49981257136045
EK202310204728,140.5796369635752
EK202310130979,142.2781502743364
EK202310183928,139.68242723125275
EK202310149172,154.47316571245184
EK202310112222,149.5602490170572
EK202310135593,168.99996205648463
EK202310116248,131.0281845271903
EK202310139060,162.90696900489115
EK202310119677,169.080794779295
EK202310158107,128.86258039207178
EK202310132346,149.7772733584072
EK202310134894,140.8530076774942
EK202310136486,141.770020827633
EK202310129929,173.66120599473487
EK202310105561,145.95443740742598
EK202310154663,132.7131463675027
EK202310170691,151.91002661807462
EK202310129385,147.3758554490227
EK202310201900,156.79786113649607
EK202310167771,147.83573232372055
EK202310157806,149.91441447158223
EK202310149813,178.09814529076755
EK202310176321,142.25583150529397
EK202310114996,136.70243128040164
EK202310190897,151.17948417099424
EK202310166461,133.57283730957988
EK202310137821,135.61190540408447
EK202310112150,149.94359105649102
EK202310192173,127.40733303466229
EK202310173654,155.67079360724142
EK202310220329,148.52190966983326
EK202310202774,159.49094763345602
EK202310150939,139.47814367300856
EK202310155941,141.57887801746344
EK202310185382,158.5018253111297
EK202310237219,135.7262735688764
EK202310244185,141.27696202663142
EK202310221987,123.07293516780295
EK202310193216,145.62294507141027
EK202310145019,142.87871093708975
EK202310193312,148.51732890553768
EK202310121038,147.21638803492363
EK202310210609,151.9709319548491
EK202310198874,149.01857741664497
EK202310144516,151.82674639927893
EK202310110453,125.94531626944857
EK202310135805,141.64347268834211
EK202310128896,131.10916918525896
EK202310183544,145.043468286187
EK202310181264,148.64095637342731
EK202310204958,154.62762859781236
EK202310168271,137.8802910160901
EK202310219179,123.07016860903113
EK202310224962,145.5676154470735
EK202310210604,141.87932657635963
EK202310159739,170.32560058916712
EK202310132707,135.37267773964786
EK202310105567,147.69113547400025
EK202310226814,147.08069010854834
EK202310217907,136.47545072936725
EK202310199396,145.85671928484484
EK202310105066,149.5030153839055
EK202310200675,136.13396257364667
EK202310237294,146.2406153376248
EK202310157377,132.58842479975593
EK202310229136,142.0875189639716
EK202310186430,134.54855880524704
EK202310163802,125.15589889324323
EK202310142202,163.46740833177324
EK202310195256,145.99928495139525
EK202310004248,146.44196464709788
EK202310195944,134.00169615320365
EK202310152129,149.37507460316073
EK202310235567,150.46822380859032
EK202310239108,161.92394402084514
EK202320007089,151.50024145235614
EK202310188372,158.6947076650241
EK202310177026,146.31573157896
EK202310130893,140.97227058722495
EK202310145973,141.21199698210867
EK202310168876,127.18743681384332
EK202320005981,166.1036602628221
EK202310158643,147.84337577400635
EK202310186188,153.1613220736146
EK202310134495,128.76613934523172
EK202310247686,143.1087331762521
EK202310150624,135.54460305823667
EK202310205684,135.8101023372672
EK202310130971,144.1997272082894
EK202310109938,154.75099665247294
EK202310157726,138.35176380168764
EK202310217250,136.42769714655606
EK202310232228,136.21375419494478
EK202310212931,145.59520976643296
EK202310224251,142.55666254507193
EK202310177088,134.72847720505217
EK202310178114,122.59826845538382
EK202310133902,151.43351780641282
EK202310243447,136.41021121483973
EK202310203833,139.07053748315025
EK202310205106,165.5093821626321
EK202310244839,156.7007327843978
EK202310153612,173.31872115285043
EK202310168129,120.21008679535804
EK202310210315,121.09201761446886
EK202310221450,133.3199181971162
EK202310229011,132.74587829739437
EK202310109445,128.80216223222115
EK202310172449,132.86061682969472
EK202310173624,123.9763828819426
EK202320007778,153.3447146325472
EK202310191821,133.20740253635353
EK202310163402,142.7557640459118
EK202310198726,177.81602467220813
EK202310235035,135.6018467478746
EK202310190400,128.36987626539553
EK202310223143,135.11052966957698
EK202310134393,167.6909592825424
EK202310190107,152.82511751075097
EK202310199104,137.71641558577446
EK202310198171,135.50143958377367
EK202310126236,144.26942977439623
EK202310110975,124.7503658770656
EK202310163529,126.68039698345848
EK202310208517,133.32164138531502
EK202310229161,110.04672413290558
EK202310224145,139.33594427044818
EK202310245526,140.58204665174483
EK202310105925,134.5316400987053
EK202310241775,124.2151485385152
EK202310131256,136.37575739311507
EK202310167720,141.37673668707876
EK202310128585,150.40950092761608
EK202310171250,142.86021301225495
EK202310136309,148.99930671786848
EK202310159794,148.41966752415306
EK202310147802,176.30494427488466
EK202310217371,147.78471763566333
EK202310142272,140.7552069097775
EK202310192020,142.9817785773753
EK202310121935,145.3608872816972
EK202320007881,167.74825056592982
EK202310144741,147.34134596296647
EK202310237080,149.31473096870045
EK202310121787,122.81366525309822
EK202310157606,129.50086746704673
EK202310171437,155.99565965454212
EK202310108122,137.1958359519341
EK202310151362,127.26062880293053
EK202310115777,142.57237380598795
EK202310239193,150.973135639457
EK202310233042,136.6565531071758
EK202310202833,168.35419592541896
EK202310113174,139.79040177164595
EK202310167499,143.99981118425893
EK202310126289,144.25791336471832
EK202310129491,131.9400240763253
EK202320005784,158.74812826180806
EK202310170372,134.52092172178865
EK202310213906,137.01316579712258
EK202310199476,150.74535434300435
EK202310247011,152.81990604554832
EK202310195117,147.60684245397823
EK202310120294,153.66312770457478
EK202320007259,156.32951155435188
EK202310188597,146.35196925779988
EK202310165978,147.18247381362715
EK202310115867,128.1381432560371
EK202310193317,169.45677558383207
EK202310203873,127.99014061021586
EK202310205284,129.8840299608683
EK202310111575,121.51662391710349
EK202310225817,135.99368418507282
EK202310231254,123.59138816690627
EK202310183664,158.9431686140589
EK202310104179,131.6191969970145
EK202310230497,127.45557940899795
EK202310193284,137.90050547805106
EK202310147738,155.37010874392362
EK202310241264,152.92796084578075
EK202310199094,152.1929001610962
EK202310128153,154.5300713363976
EK202310177426,154.5736182307105
EK202310106407,147.09581466847922
EK202310224168,151.42122747265108
EK202310182894,144.59944167791383
EK202310196624,163.7808416457188
EK202310174799,144.23800937065343
EK202310244287,146.9519822132208
EK202310158225,139.5645135822272
EK202310158700,170.94570826681235
EK202310194647,129.9177388223177
EK202310176945,140.03608114722795
EK202310242585,132.54445260753872
EK202310168424,140.27157139106959
EK202310155163,152.96268474646752
EK202310124200,130.7612157886171
EK202310167074,156.86354804360084
EK202310227610,166.591379368404
EK202310172440,160.93382549882708
EK202310224828,128.4446151562757
EK202310125087,140.6089125071377
EK202310172624,141.86263566416585
EK202310212981,141.1690164255791
EK202310212038,129.0971833781894
EK202310181888,144.59123666934772
EK202310151373,150.24328382544363
EK202310151400,172.74173914781167
EK202310129480,146.24246604482977
EK202310105531,152.60335999614438
EK202310168802,148.7438680663551
EK202310143364,144.37279839565926
EK202310124872,123.24511076361043
EK202310204355,140.6375233731902
EK202310151111,170.46018025438744
EK202310208992,128.3647852941919
EK202310214546,154.16780182983595
EK202310149411,124.17611183182186
EK202310142260,141.19802213075656
EK202310164059,145.37751033937835
EK202310109215,150.82642965020275
EK202310199582,149.44437089220645
EK202310127468,127.95292135585527
EK202310142858,138.97677621854552
EK202310203332,149.0540396945873
EK202310158565,159.4764784906299
EK202310172619,139.95866911831865
EK202310107206,145.55236161754343
EK202310211213,130.6749963163124
EK202310172337,132.1059478729269
EK202310220668,136.46228193318427
EK202310153800,142.66185478270094
EK202310211090,113.56845392688172
EK202310189907,140.62594498338828
EK202310187277,129.98819315085916
EK202310196375,149.79238729659392
EK202310133091,150.17942505168367
EK202310126566,128.89768025505717
EK202310157696,129.41832010878312
EK202310170462,126.89729598484007
EK202310187255,156.7683154228275
EK202310123459,137.38686395520196
EK202310145959,141.37524947525608
EK202310220363,145.7569287806209
EK202310139815,119.4539787710099
EK202310181913,145.42769446030914
EK202310109098,130.4398957698671
EK202310132727,168.04052028038825
EK202310122252,150.69832026466133
EK202310167093,165.90232704801934
EK202310139661,138.98128113922473
EK202310174818,175.65451729534124
EK202310166691,134.57838298691283
EK202310003691,169.09427536648096
EK202310237525,130.4582410533705
EK202310117373,140.78268236321972
EK202310179546,146.1505147108011
EK202310126077,136.94248608170392
EK202310184499,170.0536808093987
EK202310186109,152.17494093052073
EK202310106103,153.8319350399733
EK202310112500,142.63768266053484
EK202310133741,137.0848662713878
EK202310109783,146.00167246151707
EK202310117249,134.91205557512743
EK202310203878,135.36886002755924
EK202310196452,136.91965120994703
EK202310181760,148.64918592814266
EK202310112276,145.2717823899806
EK202310190428,139.97280107143797
EK202310217583,152.72383917199207
EK202320005844,152.5108736795483
EK202310206265,147.300691872134
EK202310221855,136.79960781146033
EK202310152502,153.66105479308743
EK202310119997,133.8685409387065
EK202310234516,132.6498018729266
EK202310109706,170.53619474058814
EK202310148105,135.14882878127523
EK202310154560,124.5867880597772
EK202310236829,128.41638211432925
EK202310167010,142.25408399572882
EK202310240372,150.43401654354474
EK202310129679,145.73495074526252
EK202310213367,136.3546252309697
EK202310198361,148.2663995091366
EK202310154494,128.32362122461652
EK202310247393,162.80694806682396
EK202310233217,125.94488171053823
EK202310147827,170.95780629509412
EK202310115117,146.80079044983648
EK202310148420,136.65534158327796
EK202310190832,158.807374440708
EK202310134924,133.21714572702436
EK202310188986,154.05021587396197
EK202310129065,160.43100493231142
EK202310191867,127.26248545195287
EK202310134983,148.30485314894543
EK202310113731,142.39489309306944
EK202310201726,135.17675432281746
EK202310230201,159.82898399948215
EK202310168525,151.14536483281162
EK202310244486,129.60408280551252
EK202310189155,155.8483368075097
EK202310140440,145.84491365664883
EK202310106749,118.03470868949486
EK202310179762,143.53193406317482
EK202310129836,143.70367737070617
EK202310220701,129.7867433070852
EK202310186360,134.21369284141883
EK202310109349,164.35122400538307
EK202310201338,154.84675007206764
EK202310212253,122.14711416640124
EK202310155921,147.3895066570378
EK202310205532,169.30085742536372
EK202310128471,152.63682520447333
EK202310201094,133.57120622831306
EK202310190383,142.0945476088361
EK202310110189,133.06656010461796
EK202310147602,135.2469204492765
EK202310198097,130.9500885831065
EK202310216064,126.65463215110238
EK202310211013,147.52085072488595
EK202310160719,152.5410825581636
EK202310176494,138.09533769592085
EK202310145249,148.8275543203474
EK202310235596,128.42906855236862
EK202310110412,156.9361632617044
EK202310200832,155.56581999064502
EK202310204509,148.09485192102764
EK202310149049,156.0123343349871
EK202310183661,149.74691881784932
EK202310216447,137.93491753564552
EK202310200320,147.51276335382056
EK202310161067,120.13581528927287
EK202310207130,135.41234939442126
EK202310145591,165.17838800638208
EK202310127977,147.65390968126323
EK202310161518,164.7359823445673
EK202310138156,123.92174790025484
EK202310244709,139.94548265022803
EK202310142566,143.8503025516772
EK202310124071,124.3433938562655
EK202310152858,168.3974092846057
EK202310190782,133.69001350079662
EK202310167544,141.1597785590337
EK202310192845,132.1603145921177
EK202310160817,124.55668816942581
EK202310196420,159.69804122870468
EK202310004827,145.98366127424742
EK202310227825,145.8951131573439
EK202310194467,150.22820229392434
EK202310113608,149.81775633272204
EK202310103781,130.27414820097812
EK202310221275,149.47242317854764
EK202310169673,131.5378989862524
EK202310190005,141.41827079333112
EK202310188898,151.75605929783973
EK202310183079,165.06088723106927
EK202310166912,144.85852618061475
EK202310142437,150.0028256107
EK202310212298,145.40707561234416
EK202310109551,136.49255086803367
EK202310222094,132.36228901266273
EK202310202049,144.79224365584366
EK202310212471,147.35618820572066
EK202310187583,156.60023064888904
EK202310188837,136.83777025000293
EK202310220895,131.39259803817794
EK202310108270,144.9503917500406
EK202310186872,152.25811093914385
EK202310156937,150.8720423107866
EK202310242846,146.7120330815308
EK202310186481,126.33518526997224
EK202310221455,140.75215130127074
EK202310180574,137.81179678916772
EK202310168049,142.87401394584492
EK202310133898,160.22294366757714
EK202310168746,139.80092820577738
EK202310212474,139.58382993732437
EK202310161742,136.23157426653674
EK202310181202,156.28830274648277
EK202310200036,122.09209011842603
EK202310184172,143.50683510307945
EK202310239220,129.1681912704312
EK202310165958,128.78505505524333
EK202310212102,139.16690977563502
EK202310218823,161.29335384313208
EK202310151307,125.09434173964613
EK202310204250,159.23304458963975
EK202310183865,151.52944250313007
EK202310149510,150.26296328167064
EK202320006769,157.1850644084996
EK202310227796,137.74005974631538
EK202310248710,141.38084675214674
EK202310198205,137.2521299358391
EK202310135989,128.85574745868382
EK202310124456,132.5188393343162
EK202310221007,128.80380759591068
EK202310126207,154.9363965167156
EK202310181795,147.24583280184098
EK202310168767,144.30145717402516
EK202310119332,129.75733791699253
EK202310135427,144.52915083224823
EK202310206685,144.08709549519378
EK202310241653,134.37419853064563
EK202310196379,135.02166259402208
EK202310120248,147.23895571868243
EK202310172212,138.81759275052138
EK202310181585,160.95354688577578
EK202320006780,173.02989732073482
EK202310133161,120.73383207939537
EK202310109841,146.64737211242482
EK202310152371,171.941147390018
EK202310125316,129.48119755909661
EK202310127854,134.62259849673103
EK202310208551,148.54831235426778
EK202310172019,125.32209134246428
EK202320005655,161.0381989540387
EK202310117833,124.68860539108388
EK202310110950,130.17875477172666
EK202310244018,138.85200862486852
EK202310234592,136.81670957675246
EK202310136966,132.66485827728988
EK202310185914,151.00947641097443
EK202310236175,126.74148628759845
EK202310187917,143.56255792262067
EK202310004461,150.5252774630374
EK202310131974,148.4387130767073
EK202310184967,147.52995932149634
EK202310185067,149.89878227704713
EK202310236069,130.60623539058722
EK202310186869,140.65884783996788
EK202310149914,146.18167196987014
EK202310154439,133.80256073986672
EK202310117130,134.99321357359227
EK202310192819,150.85472054070738
EK202310158666,154.47622903993323
EK202310197005,122.02233687203358
EK202310203581,133.14768560405975
EK202310178102,130.5670949014108
EK202310224457,134.0896704551652
EK202310118618,139.79209227207926
EK202310185500,150.77412471862334
EK202310213431,129.65153955781665
EK202310201151,157.16087965761056
EK202310228224,137.24174423719035
EK202310148041,146.38078666734663
EK202310178742,164.12863103051262
EK202310227550,135.90891415247071
EK202310119869,144.76841354430076
EK202310146474,155.36826379950242
EK202310123299,123.33101588736142
EK202310187842,151.46880739451302
EK202310155425,133.2815337139667
EK202310210739,141.3940828998284
EK202310177302,151.6723308818149
EK202310202123,149.58969199276322
EK202310104749,148.09006493649204
EK202310185079,130.09697971414212
EK202310132781,123.82706990475758
EK202310193932,141.9082819133287
EK202310189612,119.63793190746338
EK202310201902,159.3864154572495
EK202310208534,141.59524492037843
EK202310189130,156.07896340683112
EK202310215684,129.70053909565328
EK202310160446,147.1352957807964
EK202310133958,163.1715881624402
EK202310176688,160.09653743638975
EK202310211793,122.16377467274776
EK202310210111,132.59694699561322
EK202310232666,121.25702508754443
EK202310128743,147.6712282691775
EK202310130719,113.74243378329206
EK202310004334,145.7194476679821
EK202310126855,144.36419311062224
EK202310152426,145.00484468488295
EK202310188746,131.9967755750654
EK202310236429,132.44998302590082
EK202310170500,139.08275386267852
EK202310124582,141.49299652219784
EK202310181729,167.48727613534365
EK202310224787,129.77751436960298
EK202310108930,147.27684447431432
EK202310104434,120.40318085431016
EK202310115530,136.72985855270403
EK202310184629,166.58508091631103
EK202310217615,133.71808556009637
EK202310228010,115.03554891502056
EK202310199351,157.81412423502059
EK202310231067,140.95084203830768
EK202310215633,129.55551220867395
EK202310142323,173.7963221086718
EK202310244740,138.51104623696793
EK202310173913,154.69452128994425
EK202310218786,120.0090389920586
EK202310215448,141.38082411222877
EK202310114357,141.0390596108209
EK202310197601,146.82475298902213
EK202310247322,152.08683652313084
EK202310231270,141.55108189868156
EK202310142374,126.99701234532368
EK202310117138,130.1802365715255
EK202310176849,133.11323894954927
EK202310109114,141.54151373174452
EK202310182696,156.34235128851358
EK202310135900,144.4503144863325
EK202310123905,157.0747634909426
EK202310130761,130.2821089196981
EK202310122276,143.11500432748716
EK202310121513,147.00275538854035
EK202310168032,159.2716996652575
EK202310213827,142.98037588578092
EK202310115189,129.4771384575465
EK202310138716,137.56787539950255
EK202310246376,146.0100255860751
EK202310227795,131.01631847802403
EK202310138696,146.3845560821797
EK202310194234,131.15376838754244
EK202310184761,166.28599401429875
EK202310162543,157.7733466696481
EK202310236480,126.02934412553785
EK202310209507,133.02789604061343
EK202310136499,148.77921793010208
EK202310204660,139.43627667148314
EK202310111522,147.8240325838238
EK202310105606,129.6137216158957
EK202320007453,151.47960885284664
EK202310232384,131.10758485522055
EK202310206748,129.18380294905654
EK202310241912,157.26261614329886
EK202310124064,138.90223185629634
EK202310122759,144.95479989830642
EK202310190369,156.51695838159634
EK202310186879,149.1771936915038
EK202310149694,123.55454880064272
EK202310223534,135.1179772633229
EK202310159550,139.0487983742761
EK202310221243,138.94158122507397
EK202310244635,138.55792161472374
EK202310198162,112.48741352189036
EK202310125552,131.526263032355
EK202310132850,120.18061389160313
EK202320005964,166.52431782899168
EK202310126781,171.6939063498964
EK202310147128,160.66195644663892
EK202310226818,133.61950101250181
EK202310124338,142.2554536169304
EK202310225790,127.1911152196739
EK202310144382,148.2200045455105
EK202310160141,157.61401381858934
EK202310177663,139.6017238161332
EK202310231419,127.81405258745644
EK202310141307,134.23835598860396
EK202310119017,154.05267743724815
EK202310219691,137.07756830302034
EK202310114034,134.5939704417829
EK202310207177,159.42223352043993
EK202310120353,139.61865911433287
EK202310003709,131.17077472435534
EK202310208102,152.52121313821758
EK202310117194,150.1971930117367
EK202310160414,147.59897032610468
EK202310128750,131.26649502146026
EK202310236926,148.208596304373
EK202310230067,144.50430452952313
EK202310209445,147.57335527220198
EK202310237314,155.4421836957846
EK202310232234,132.0687019223337
EK202310150354,150.58064983992378
EK202310196951,152.80543645876318
EK202310194465,157.32323616662046
EK202310193016,154.06696625457485
EK202310151083,127.37021424142992
EK202310184367,146.27472951927837
EK202310112469,157.64987735500037
EK202310192489,134.24932344842207
EK202310224546,133.69227588872204
EK202310247421,158.47607588481537
EK202310194417,148.6824276237073
EK202310121339,142.04046219426667
EK202310190360,137.7175115907112
EK202310226836,147.26392956703225
EK202310168945,136.45207813215902
EK202310227078,149.1405563669964
EK202310232895,135.3673536582843
EK202310230495,140.97913954417191
EK202310246097,142.58997581451342
EK202310202842,126.56017577816434
EK202310220262,126.90105985326998
EK202310134200,138.61695391193646
EK202310203601,154.75576851586627
EK202310190558,133.75781445394315
EK202310232949,126.96093288192223
EK202310195423,152.90346529807803
EK202310164136,135.32720361121505
EK202310111473,153.2492662368922
EK202310194752,142.32175287814331
EK202310139201,158.27552625929778
EK202310215712,129.30632398731626
EK202310126580,143.4031906459551
EK202310143206,154.64654692403678
EK202310222539,126.58418226496073
EK202310239797,127.98038960365136
EK202310157767,148.9973785917528
EK202310237925,138.11890536894998
EK202310227346,142.9341044298317
EK202310222227,133.9064740561321
EK202310231460,129.2556877078511
EK202310105762,139.52998245841198
EK202310149701,141.30041350410625
EK202310231185,126.64069627959337
EK202310187011,144.33548262164356
EK202310188048,146.4715418191386
EK202310147979,150.96179390123655
EK202310136963,159.98644495044732
EK202310223233,137.80732736502551
EK202310147717,136.49763526675173
EK202310235875,150.3101980526173
EK202310146872,135.5224024942389
EK202310114622,141.95379609088317
EK202310127235,144.18743080758043
EK202310170129,124.81420880072277
EK202310174462,149.44620106704753
EK202310239145,147.36479644890872
EK202310103947,148.7957373994609
EK202310118725,152.2394087738091
EK202310181241,152.50680062792293
EK202310215016,155.83013448525548
EK202310197863,149.3779131189264
EK202310162387,129.2625265912368
EK202310108126,143.81059688006954
EK202310207445,145.27687536638348
EK202310003781,142.6517689904473
EK202310153594,139.9443290696189
EK202310234731,140.80971731955566
EK202310112047,139.88482985216461
EK202310246932,142.78679053935085
EK202310218014,125.35852480382712
EK202310159032,135.44721531223993
EK202310108938,146.4980220767004
EK202310126068,144.14070838609373
EK202310146294,146.4362582787548
EK202310197490,148.05260613132901
EK202310235805,162.458033726722
EK202310244213,126.59408250869177
EK202310169974,140.51664664933497
EK202310180762,147.13884434066742
EK202310117588,136.8651064140718
EK202310146489,143.4643050141215
EK202310242008,136.72745089087098
EK202310175256,154.40559292977107
EK202310183438,149.95505935190045
EK202310216482,145.382523307238
EK202310150432,145.7183905170927
EK202310224664,143.1271506842707
EK202310182573,152.71514156936576
EK202310227828,140.41959898360437
EK202310183759,161.39817055197412
EK202310168521,152.70368315353468
EK202310183715,141.64570739954272
EK202310142868,135.4435572541475
EK202310202199,155.08622048151534
EK202310167759,140.33730485426057
EK202310229275,133.9752946319043
EK202310229628,131.74465001192456
EK202310190352,144.4799817866169
EK202310234142,142.10336572236136
EK202310141693,136.22076372122862
EK202310133997,124.63605856336747
EK202310180676,132.1785254928528
EK202310127990,150.683874410834
EK202310194053,164.71695788507694
EK202310240865,143.67364394196704
EK202310238191,137.48097964512385
EK202310218152,146.4286954373161
EK202310192642,138.30514288261867
EK202310113518,139.28537351534337
EK202310177048,155.74409927498303
EK202310003870,131.47907712151692
EK202310184101,135.28234514890272
EK202310123625,146.11053200879005
EK202310105534,140.32698487490495
EK202310130598,155.1159836687265
EK202310183150,155.36065894578624
EK202310223939,135.39205438277693
EK202310151237,144.97483514996958
EK202310150186,136.00313327239377
EK202310119286,157.19383421872928
EK202310147962,133.84887657032775
EK202310195618,141.16818296004885
EK202310146717,139.3529225245474
EK202310226225,133.37348942889224
EK202310108305,152.6781559706493
EK202310132381,126.00084605904846
EK202310130474,130.9684802238444
EK202310123530,129.66064215876173
EK202310207610,150.54101523963183
EK202310142942,149.55063213332375
EK202310181486,147.64921566154834
EK202310227391,136.55198604604456
EK202310219674,141.4085698852541
EK202310231118,137.58841745285102
EK202310156122,140.62389505594277
EK202310168356,150.44382534615457
EK202310152965,156.59417709277938
EK202310240478,152.96042063795224
EK202310220260,133.22558387513237
EK202310166323,145.65416122757782
EK202310130108,162.5977620801012
EK202310139786,142.5239476168862
EK202310163761,147.45774275107948
EK202310221197,145.2892800195484
EK202310194216,151.26160319841898
EK202310209659,133.97783091030615
EK202310214603,176.04509791117374
EK202310108794,157.90576820600538
EK202310152434,159.21756533824987
EK202310134754,141.8046021393871
EK202310236812,140.4862731983088
EK202310167567,146.1173085309243
EK202310203493,155.55559661849165
EK202310175040,137.53281400664088
EK202310205734,159.35678482073192
EK202310104881,154.3985795868158
EK202310188034,161.58249149800247
EK202320007581,154.57176312683998
EK202310004300,127.44153443186055
EK202310126491,130.4158561086754
EK202310236882,137.55044759216835
EK202310151164,127.60021052079718
EK202310106280,144.85614937015401
EK202310163693,138.48694412042394
EK202310168683,134.2020673116826
EK202310189719,169.46109685622082
EK202310233687,146.90456451289
EK202310201579,153.50978075163616
EK202310202351,139.27686824317084
EK202310180846,144.40440866505097
EK202310170131,131.44334929021917
EK202310113992,148.96074077709534
EK202310225909,144.62268588288939
EK202310118201,145.28560741532118
EK202310184100,153.35685197931326
EK202310169994,144.75092085991344
EK202310186322,138.41948221035156
EK202310187689,131.93445058155322
EK202310241609,131.78960163782182
EK202310112492,122.02828868467202
EK202310216335,138.17549704062802
EK202310207022,158.1689379443058
EK202310125948,145.34213749903054
EK202310127865,138.75627753078237
EK202310174681,144.7441155524836
EK202310233071,139.49502878552556
EK202310193133,149.18169276743822
EK202310132000,132.20920514168122
EK202310103983,159.65325641535537
EK202310191233,149.90255662131335
EK202310231154,129.63386363361818
EK202310116716,138.55175053338317
EK202310179545,137.74185400014576
EK202310206643,130.12016485381127
EK202310134367,176.3483905921461
EK202310176122,162.4604878535968
EK202310214013,147.19326212057325
EK202310134741,141.08011666823742
EK202310174213,136.761779533362
EK202310141096,169.04046831522916
EK202310206920,159.44728943093136
EK202310194809,163.76608424231
EK202310202514,139.75115913615338
EK202310110026,136.79092695965133
EK202310104374,143.82108297434507
EK202310120332,136.5496470314154
EK202310157554,133.83210047077503
EK202310204383,123.42351710754389
EK202310208398,130.63909960464116
EK202310118265,139.24456158726602
EK202310231010,118.96923556082984
EK202310213437,120.36026257892067
EK202310146583,132.87087250565727
EK202310195386,141.14102981561544
EK202310228443,141.9806264551529
EK202310123135,140.1219398689413
EK202310142556,149.92884456657674
EK202310245462,133.6336683744761
EK202310234824,134.34331569090878
EK202310197141,157.6118593225221
EK202310229145,135.98415856364412
EK202310209147,139.8873572335752
EK202310214152,166.9076982524582
EK202310164947,135.65810348959
EK202310222842,136.68172002402514
EK202310211770,122.36172163400387
EK202310004960,141.0026265951682
EK202310239260,135.5162739866964
EK202310115431,144.82680814338804
EK202310202893,124.92958298363413
EK202310205187,129.8126586711886
EK202310202065,147.57649297780114
EK202310127001,134.2035237616569
EK202310181721,184.15657739161048
EK202310161325,148.00843326164366
EK202310140540,162.57538917020648
EK202310167097,146.56230498002455
EK202310140718,153.38620224633945
EK202310149480,122.11311878460893
EK202310183531,141.55163666190057
EK202310148864,151.6507946328196
EK202310003701,149.8501621133075
EK202310144900,129.39931479468248
EK202310144750,156.06439568514384
EK202310162709,138.35712212082723
EK202310186895,136.23404638587814
EK202310226408,135.20916784552693
EK202320007110,170.65668072420024
EK202310162496,163.75813351122554
EK202310212196,139.96426534101502
EK202310239361,134.23497373106483
EK202310125997,131.94984075315188
EK202310246168,139.16246870296177
EK202310193381,163.75569219966187
EK202310190604,136.75051436601862
EK202310111954,142.14514078795037
EK202310176791,144.22775015006545
EK202310141476,146.1821559059931
EK202310221421,165.8779522307975
EK202310129409,146.71841643012513
EK202310122129,121.83243833227601
EK202310149924,174.06442875504302
EK202310179998,139.70325848609264
EK202310195558,163.8399934480952
EK202310112050,154.04235617891138
EK202310136298,150.7491292232904
EK202310146636,137.889170273492
EK202310239762,153.10566815850783
EK202310200996,142.35093267735925
EK202310223066,130.12947623911526
EK202310167187,136.59959271865182
EK202310124533,153.38908413034997
EK202310143956,168.60754047805545
EK202310178323,152.8219714510355
EK202310224950,144.5022259319499
EK202310179276,133.75246510982646
EK202310246017,143.24316952644276
EK202320006428,168.39556324249796
EK202310241114,133.52824886775863
EK202310217472,137.81737313900578
EK202310162260,146.21565309724613
EK202310240436,138.00233937712053
EK202310198123,137.2387064823867
EK202310156200,145.59232094878016
EK202310141977,163.1346735685171
EK202310223019,130.4331580844932
EK202310193508,149.884471727637
EK202310222293,146.20459109858672
EK202310156492,159.0905079027084
EK202310180531,130.65924352261138
EK202310225433,119.03452187659059
EK202310127891,131.505096382504
EK202310228056,130.96336903800434
EK202310106710,150.8388755014554
EK202310183113,129.48637753980955
EK202310180843,142.82413985521657
EK202310204705,141.28098205455177
EK202310140212,155.82361756113488
EK202310179669,142.37051373325528
EK202310212869,142.36450768311644
EK202310203115,163.3567055058283
EK202310131490,145.0389790352197
EK202310109872,148.5999975630813
EK202310150034,171.7680940095985
EK202310174047,141.5239339332428
EK202310247649,154.001945976589
EK202310217502,158.0176856811899
EK202310133755,132.41310748395915
EK202310169961,140.91002560107276
EK202310188670,146.70279418904735
EK202310238912,159.24272535565996
EK202310113770,144.14815339024557
EK202310146729,120.61240474017276
EK202310185503,153.2182097023669
EK202310245764,139.11086906642018
EK202310242449,148.52835456271717
EK202310206998,135.58357166313294
EK202310215872,127.92504360216563
EK202310130322,160.54982531724727
EK202310107786,162.72066472767747
EK202310201622,141.88643543569196
EK202310125291,144.9012271039507
EK202320007483,164.98153954022968
EK202310232956,134.41575795263034
EK202310134707,154.95192216299466
EK202320007480,156.93760286843462
EK202310203884,130.94685045605925
EK202310209390,145.36962504838104
EK202310105328,138.06431674709523
EK202310144128,134.94330864245745
EK202310115260,153.83371017268826
EK202310136404,136.47284950674626
EK202310200686,156.14538223823445
EK202310149205,127.36199012201153
EK202310224673,146.8684727734646
EK202310233927,138.79544941236682
EK202310231452,126.6051431919781
EK202310147484,141.61979793171628
EK202310227688,140.67094719135105
EK202310119870,144.35696493965315
EK202310230862,130.03379656656352
EK202310124325,141.58844641792203
EK202310174689,135.62854737263004
EK202310241097,124.87664044053187
EK202310201197,159.5400941096894
EK202310133296,152.1097251637
EK202310233451,151.73011238510477
EK202310135940,125.59967490220725
EK202310107985,148.0413311745906
EK202310157602,146.74358190195247
EK202310139763,133.4518282886053
EK202310238145,164.99495406595332
EK202310168639,164.90795517472262
EK202310219394,149.17702734631948
EK202310216358,118.74960584549781
EK202310127032,143.69057618018525
EK202310148206,148.0349658595934
EK202310227757,156.5169949040298
EK202310112688,146.67615395146788
EK202310214245,152.21074584288326
EK202310124215,133.95698950910446
EK202310132325,141.0073782152426
EK202310245630,131.03927707506483
EK202310159135,122.77491218908585
EK202310153895,141.0658759189816
EK202310211988,133.74394739306976
EK202310185598,144.16704861074726
EK202310192392,145.31801584273958
EK202310242881,159.35388088958274
EK202310153163,160.2638028078863
EK202310179601,145.4766559631644
EK202310241826,150.55478854620029
EK202310125720,132.5984515501855
EK202310106591,152.3424160833075
EK202310162420,147.36001542165982
EK202310133893,143.6242136417973
EK202310168619,165.5033551784884
EK202310142512,152.9202889768055
EK202310197943,136.52302247463757
EK202310176141,147.91125102797665
EK202310149618,146.91702746196626
EK202310226109,139.72544984411408
EK202310122228,147.5768261853929
EK202310176047,177.90487210770556
EK202310198997,152.8078960210727
EK202310232656,135.58526139717176
EK202310182446,128.13528383531946
EK202310139943,138.58640686461717
EK202310165615,133.1425077669291
EK202310142885,131.5040892244583
EK202310193296,152.86502808076912
EK202310121667,125.16855521097504
EK202310223883,143.94892900677132
EK202310143204,146.01862922642493
EK202310205226,146.26005032573707
EK202310119065,132.13628132439942
EK202310213461,144.51445843217542
EK202310120362,128.7559598049132
EK202310194154,149.0222231296797
EK202310107601,155.31940428067904
EK202310204833,141.38835185333474
EK202310176205,155.9439564552921
EK202310154960,144.1517728680296
EK202310130425,152.58784089213896
EK202310126003,144.41545879162098
EK202310192656,144.8984866139781
EK202310213037,147.38216529986343
EK202310243222,146.79375201466468
EK202310132202,112.81271940484767
EK202310235252,138.26561054167797
EK202310160890,141.14396628651923
EK202310198189,133.0677130798464
EK202310119695,136.0086659171345
EK202310172550,151.33111483587976
EK202310229494,144.20717775680356
EK202310004450,124.20601140461136
EK202310146462,145.08851780129518
EK202310113248,143.1036403544248
EK202310221078,122.62489275729286
EK202310124198,145.53613365084166
EK202310212260,117.13441501129067
EK202310134794,135.31113092561728
EK202310221523,133.1087951984927
EK202310219960,138.883113349828
EK202310121234,150.613123783828
EK202310233970,136.6352521683733
EK202310188001,143.7210692664055
EK202310163334,141.81818408595157
EK202310208205,141.83859416725917
EK202310130304,131.77059392050617
EK202310154503,148.81483439697885
EK202310170798,138.82820617918247
EK202310152846,166.1296994726396
EK202310130702,145.16394607889436
EK202310203151,151.1769932308951
EK202310217313,142.72044870812005
EK202310233757,126.49656963752042
EK202310138726,157.47359007615248
EK202310156939,153.52474101944568
EK202310129985,150.4396323963265
EK202310190426,136.6063455772816
EK202310171121,137.86355067644698
EK202310214542,144.00255461979793
EK202310168552,131.50865031387568
EK202310183003,141.72117145902763
EK202310123726,151.77024849062042
EK202310181506,154.2503528073171
EK202310237990,125.46011084284379
EK202310162825,152.312745303216
EK202310224013,115.20493145875889
EK202310158873,123.8132662162862
EK202310137354,142.5643448721058
EK202310123420,130.30773695163134
EK202310225576,138.4531845989918
EK202310229941,142.7233619251378
EK202310229623,133.966295686883
EK202310107612,148.82715170587227
EK202310246113,141.10126281455098
EK202310144693,132.0565630520573
EK202310116502,142.1037407397993
EK202310139421,123.77546937799762
EK202310112631,145.74350656867287
EK202310106168,132.02565905078754
EK202310207682,142.78181752183576
EK202310157085,167.3951194226024
EK202310245691,137.3125813498369
EK202310200879,126.61206838942161
EK202310131443,146.06636422203053
EK202310196154,145.44944357300096
EK202310231226,147.51902793313886
EK202310210056,126.14905852419753
EK202310114898,132.31404850819217
EK202310203643,152.20411726056182
EK202310160283,149.1036227921139
EK202320005966,156.4243356800818
EK202310167009,148.7790728261475
EK202310191878,138.91803068076553
EK202310152713,168.01668050624917
EK202310179861,155.4659308732355
EK202310153872,136.00775941463147
EK202310106053,154.64530279212872
EK202310189085,125.28630802734156
EK202310212320,133.31124544768605
EK202310147327,152.34896719360208
EK202320006343,149.49633842070503
EK202310178068,150.8181103750884
EK202310216051,135.55662528223417
EK202310120390,139.07239912648637
EK202310150611,150.6444260420431
EK202310170657,155.39086430943428
EK202310132614,139.83153993167718
EK202310130044,147.6652061526976
EK202310230130,125.17567601063338
EK202310142200,141.0683045476173
EK202310142024,169.517663402435
EK202310199015,134.55634580964372
EK202310129011,139.57918994636964
EK202310162645,160.61330601117382
EK202310165075,144.09278393734834
EK202310242200,142.90805968840078
EK202310216319,141.57733786925954
EK202310168191,138.46261892044922
EK202310173505,128.19779933601828
EK202310197116,153.84150527019858
EK202310196993,161.48469118343667
EK202310190097,147.66858615978
EK202310243824,144.11656542176627
EK202310185884,160.7255996299138
EK202310115378,129.1701005641537
EK202310203204,154.12790915606385
EK202310118547,138.7949502017988
EK202310228351,134.13141532401335
EK202310243844,144.72438458902496
EK202310169224,126.8739105499466
EK202310173833,170.84523028323719
EK202310182027,139.37162933794383
EK202310128404,132.5000381306087
EK202310221581,173.55755594254342
EK202310202028,126.19452867702914
EK202310140548,119.23095597236403
EK202310134135,135.63788539715526
EK202310192158,153.9434097766113
EK202310112502,136.41201894702309
EK202310113790,147.95237338337233
EK202310218316,118.3222707279649
EK202310188343,158.5006079151844
EK202310176251,140.3270204036364
EK202310201210,160.70024008387932
EK202310231157,140.90396689365926
EK202310195345,155.02052782687525
EK202310151257,135.315168366104
EK202310156988,129.6825446855619
EK202310225915,161.4335667170442
EK202310239080,145.8776431565484
EK202310210523,130.87831957174262
EK202310130378,138.2658191424068
EK202310152365,135.7089961633401
EK202320005984,158.91900292599414
EK202310228471,138.55364970461233
EK202310121673,123.5965328768123
EK202310239395,156.02338243937052
EK202310198842,151.3415925050731
EK202310241420,136.7293196293433
EK202310231742,137.7609150417477
EK202310131099,149.8413703770764
EK202310188446,131.00127244372717
EK202310190252,134.70812121545492
EK202310236866,137.9565476243107
EK202310207108,143.4747080414923
EK202310184757,166.20411348480906
EK202310104389,141.56761375005323
EK202310217076,126.78830008299802
EK202310106797,141.17722293162925
EK202310216511,147.78184248704818
EK202310209342,154.4844724413781
EK202310183200,148.92967652855762
EK202310145433,167.92235680380935
EK202310140014,142.38925410240805
EK202310125223,133.13120026638092
EK202310140119,140.7719459256881
EK202320005700,163.89291493199784
EK202310194061,145.63832710016783
EK202310195873,154.9243185287565
EK202310220232,133.62276577118962
EK202310216119,134.84953723797508
EK202310134968,155.27145514382508
EK202310174540,128.36626694566223
EK202310185424,132.08050027317103
EK202310125685,129.35946517479803
EK202310234710,134.77851637621959
EK202310214117,167.90554380549884
EK202320006910,151.47658676677858
EK202310231049,137.52892991097522
EK202310195331,165.7084376520101
EK202310194304,143.58694662338172
EK202310171159,144.91820999052132
EK202310138049,144.3945351948799
EK202310198003,140.3377238628168
EK202310159099,165.8019401635129
EK202310216629,138.67281618234662
EK202310191293,148.83720671580136
EK202310174065,147.1189915962808
EK202310191081,164.68597339901922
EK202310122728,124.52593114419484
EK202310244744,137.1262887368184
EK202310226033,126.01463194045195
EK202310232759,151.66395809117577
EK202310196945,149.74767230058958
EK202310223385,143.5921880066463
EK202310219176,145.26938626575136
EK202310131076,151.20044402545577
EK202310204889,126.85103297567296
EK202310125633,162.59137674737264
EK202310153304,157.91543827745548
EK202310138923,127.20090891807456
EK202310110215,155.20674578627023
EK202310212666,138.02274792673794
EK202310219342,126.62352011439697
EK202310161803,141.96221823111932
EK202310120553,137.40006269559933
EK202310230584,134.09939815457744
EK202310224579,138.39357561367814
EK202310171422,143.06146185739956
EK202310106867,139.829752512309
EK202310121769,137.77772084666972
EK202310215792,135.13986383843329
EK202310138205,126.19197965062962
EK202310189070,143.88570405907
EK202310151230,143.98023654469543
EK202310108779,144.03883472707957
EK202310167488,152.4164099969122
EK202310243336,124.19531535531999
EK202310124223,135.39952871112638
EK202310240547,142.8625607167151
EK202310191562,152.5960347537781
EK202310140508,135.8514991113829
EK202310119457,146.82672188495826
EK202310179610,113.66337581598981
EK202310146453,149.60359038784972
EK202310163261,182.0599969879317
EK202310214487,164.98195130526
EK202310195013,144.45335818790855
EK202310129643,133.69770408295486
EK202310106761,144.42287478335774
EK202310132636,141.6919679908135
EK202310205792,137.7225482178605
EK202310176096,154.80207723062185
EK202310132675,136.39745719368432
EK202310203792,121.90557024425786
EK202310188904,151.7465029750249
EK202310233751,139.523797864951
EK202310105923,134.31036320583055
EK202310176082,158.4313449611823
EK202310231901,147.17601461165063
EK202310117263,129.0576992846745
EK202310189853,159.44270547210166
EK202310161443,164.51069529335092
EK202310245106,155.44537715003312
EK202310203080,141.7767462195987
EK202310229771,142.56394802790277
EK202310178345,134.10069219026786
EK202310212555,147.687973853142
EK202310183797,150.35033918249422
EK202310247956,115.7669811789001
EK202310137158,139.07920822008393
EK202310121175,147.88499781452873
EK202310142530,128.64868188210312
EK202310145622,155.26445158897351
EK202310110044,130.33129748671874
EK202310141565,142.05184295869816
EK202310203553,150.12368244117977
EK202310186294,145.05383579272393
EK202310232455,138.3409654914054
EK202310234707,119.91509013928962
EK202310190127,150.88213945259133
EK202310116984,141.92022905978033
EK202310113225,145.09992063395742
EK202310153087,148.8164149590957
EK202310162145,136.58487567364642
EK202310241242,146.1328390288165
EK202310199480,136.33961047634605
EK202310133097,142.73950080086234
EK202310148951,151.11982872343265
EK202310164526,159.27989287380905
EK202310157028,139.4066495793495
EK202310174361,145.34992031998465
EK202310186033,141.91763280181462
EK202310218703,132.9346095019219
EK202310179140,127.49206931412701
EK202310185393,141.75006624121113
EK202310109267,122.94869103682052
EK202310188479,135.47373603427081
EK202310132207,159.44513509240204
EK202320007399,164.74047715884973
EK202310118229,134.00459173400566
EK202310125154,135.05921471930156
EK202310140377,148.1562955670626
EK202310198868,144.22726485647036
EK202310209658,126.6022121504794
EK202310241949,149.01177508198657
EK202310179752,164.61127973803193
EK202310117086,129.7004614038643
EK202310166263,149.69951215173725
EK202310203482,154.40450010284206
EK202310164665,148.49302027523058
EK202310168393,159.8304633119143
EK202310131582,136.29831473911298
EK202310150017,140.8706166523142
EK202310150912,127.70090804757805
EK202310117341,142.7045046011496
EK202310181073,128.94582235510654
EK202310172053,147.4593186676411
EK202310239963,157.52955726130725
EK202310132072,148.7082618782439
EK202310192876,140.7895502725116
EK202310152121,144.1324463419617
EK202310213403,137.254628851492
EK202310239334,129.6875641366562
EK202310148570,151.3321615487122
EK202310155053,132.65667573511467
EK202310132986,138.74107451327828
EK202310110729,155.45474689337817
EK202310174910,160.07888368230223
EK202310187690,137.2258331191125
EK202310127998,139.6243961948984
EK202310137683,131.01199629417155
EK202310108081,116.96434595375057
EK202310239262,154.03970365575165
EK202310182783,128.46066274250626
EK202310204488,136.98938738309997
EK202310199126,157.12481748578622
EK202310107243,138.66170134582157
EK202310105267,137.161551845297
EK202310152097,164.94664892948103
EK202310125739,134.65950859954083
EK202310170277,154.6896914578136
EK202310237606,142.73929372275427
EK202310234522,127.42233382357607
EK202310161698,139.05541842696212
EK202310165822,128.0599288619305
EK202310248288,143.05713008688295
EK202310136063,167.3731256756379
EK202310117203,145.45857484090263
EK202310154981,147.72152042526142
EK202310232175,141.77106939135942
EK202310144896,118.53705160891457
EK202310142768,129.640549750689
EK202310160960,120.90265528876076
EK202310163131,138.93070563120355
EK202310239813,133.99323012237934
EK202310144375,139.49931287324912
EK202310175307,171.02396953921044
EK202310227665,143.4972417929844
EK202310132201,154.257427447889
EK202310143654,155.1901052256286
EK202310197398,123.59070731892047
EK202310247650,130.46312218796538
EK202310218583,144.942700884863
EK202310185132,132.59079389745443
EK202310166220,144.92061634426938
EK202310183470,149.15888531102686
EK202310193070,146.9894021674565
EK202310127467,133.78855688467644
EK202310208200,144.66609339644702
EK202310230712,133.36867314310288
EK202310137427,130.18087251866822
EK202310140112,146.9950789950147
EK202310223686,128.5970024307383
EK202310176982,151.0301486911978
EK202310118244,127.3598858180116
EK202310151713,133.6024321555934
EK202310212261,137.6626120096454
EK202310134611,127.78760298698226
EK202310120945,147.36088454997477
EK202310151019,146.35945773685899
EK202310141095,155.08614120622968
EK202310137745,131.0779590673126
EK202310225567,156.59400503440347
EK202310216872,151.22654381008337
EK202310212300,142.22576913645625
EK202310225881,154.57360849286553
EK202310151821,128.50913382151532
EK202310129868,138.80490845441216
EK202310156170,148.11446218896822
EK202320006992,145.6420213595379
EK202310173073,146.5490320328604
EK202310240592,136.52231445050194
EK202310128981,125.89934600932702
EK202310225347,152.09950540700973
EK202310107505,145.31019297135566
EK202310004769,125.95653761391958
EK202310192529,146.6664574215382
EK202310205344,154.23932549817604
EK202310241518,138.51585230403333
EK202310188554,151.95700529839712
EK202310185562,164.37558761733942
EK202310154855,133.16480933445916
EK202310175481,164.38966146049688
EK202310157901,152.25017329025692
EK202310221152,156.35997977782765
EK202310200465,161.25189110948855
EK202310183211,123.74889735971554
EK202310194651,134.44895777747743
EK202310116691,141.1466766230868
EK202310219488,140.46418870214347
EK202310155631,151.82356702541756
EK202310168504,118.96053373793669
EK202310199253,130.7539751825011
EK202310221668,139.04126890028323
EK202310212285,126.82486696303283
EK202310172945,147.5530682706463
EK202310186658,134.84082031634406
EK202310222256,137.41968768179703
EK202310224152,131.5457167417395
EK202310128793,138.05629881272108
EK202310120896,133.72973983365873
EK202310120399,140.01778268595737
EK202310169743,145.72170740576294
EK202310248477,148.81417622585838
EK202310116273,135.14707020563677
EK202310247694,143.91467380063057
EK202310215708,127.1401035115385
EK202310236946,135.77281168957208
EK202310200762,157.22528922592477
EK202310178415,154.21048322418753
EK202310144132,161.57493466638513
EK202310225926,137.30928558285115
EK202310148881,154.62855304344518
EK202310177347,156.3117858833397
EK202310213539,136.62453279178317
EK202310208401,143.4164694114588
EK202310238371,140.52440185564876
EK202310234534,143.988804644148
EK202310136323,147.72636718811378
EK202310135243,147.58446018316488
EK202310202317,135.45688079747944
EK202310226279,140.68525941278705
EK202310203743,138.38680030425206
EK202310205749,155.41830021367818
EK202310004277,146.9185031539071
EK202310113847,131.1597848726252
EK202310194210,163.19224355834936
EK202310183278,142.19974869568762
EK202310145260,137.70875118532194
EK202310239730,137.02800228537055
EK202310228304,138.76653575919795
EK202310152088,143.35281054321956
EK202310154058,131.84481175800408
EK202310136681,148.7730828062052
EK202310117313,126.18479061990386
EK202310233274,138.9034572471213
EK202310179794,136.18793736096214
EK202310135084,174.40588689227081
EK202310206633,143.53890039674104
EK202310234183,126.34834923282098
EK202310143964,135.7289849155945
EK202310158947,150.2199811435414
EK202310137263,137.40693721881934
EK202310203360,154.6597788858988
EK202310004905,154.31765895446358
EK202310140955,148.78954681311768
EK202310214327,158.32001023830057
EK202310222556,127.68779117745171
EK202310128510,158.19021359663418
EK202310119821,143.5092094783605
EK202310120108,140.61207221128322
EK202310212000,133.98507598083387
EK202310105271,156.52884652837065
EK202310229500,123.03358985259395
EK202310110970,129.56732114754013
EK202310105364,154.7322533901319
EK202310108637,141.6233566345733
EK202310164376,160.62706853703534
EK202310230032,142.23593974823876
EK202310236376,134.72114703086186
EK202310181052,125.50006569096917
EK202310203281,148.2316461736253
EK202310181885,149.73780498043467
EK202310138885,130.3129120810712
EK202310121415,138.8874405134039
EK202310186231,142.14454975266196
EK202310212814,161.15254284115417
EK202310233197,135.83907418839593
EK202310184928,153.26076846950252
EK202310109218,143.8531368959383
EK202310189923,141.33138187528937
EK202310212951,135.92914155964326
EK202310166071,157.66295323190667
EK202310151335,123.27500662531136
EK202310106930,130.77033619735346
EK202310146184,158.37267875722713
EK202310178125,137.88336038873078
EK202310167170,142.32586220682882
EK202310144047,172.58517395004407
EK202310161545,174.05093169936325
EK202310110114,143.86680797696857
EK202310197034,137.1717610741391
EK202310125522,138.7611748433504
EK202310239777,144.31479640279008
EK202310183013,153.38592797475013
EK202310201498,163.26410124161225
EK202310233357,140.38634548567546
EK202310193361,136.14400781139432
EK202310160811,141.8515985351071
EK202310167037,162.46174141501726
EK202310209597,134.71323096759767
EK202310196969,156.30112414824066
EK202310123103,128.764748019408
EK202310122187,152.03110497163266
EK202310197780,162.35324834881544
EK202310217861,137.87902910167267
EK202310239177,160.46516268480596
EK202310184410,150.68885204958676
EK202310198476,139.54093972294888
EK202310145712,149.02737351837814
EK202310125391,144.68526400876263
EK202310162973,137.90745162580322
EK202320007481,154.943189131654
EK202310211032,157.77211328713673
EK202310184725,154.98247491558976
EK202310121942,144.32171392972435
EK202310146503,136.90088485112994
EK202310186497,143.48842111310805
EK202310141946,144.03071902070178
EK202310188222,152.7308171133146
EK202310237766,141.34062717423075
EK202310224087,137.06715265320102
EK202310245643,141.9499318229112
EK202310153868,140.20913740407607
EK202310117630,137.59212718867633
EK202310150168,133.71359858713586
EK202310104804,151.498892977018
EK202310227586,130.40371956742493
EK202310226962,157.14112500122891
EK202310204684,128.27392494730503
EK202310106991,132.81907882580938
EK202310219834,157.39748197608876
EK202310240450,144.6906510089058
EK202310214713,137.64573270621517
EK202310153479,137.15766210537456
EK202320006589,173.966396051444
EK202310151125,164.5403276480617
EK202310170205,143.38955832699668
EK202310174684,128.66780424287904
EK202310145286,147.70687976047105
EK202310174584,131.45718675111405
EK202310183058,149.9409898912263
EK202310233099,130.8460718790414
EK202310144550,155.07177072074307
EK202310207112,141.90891402547842
EK202310232978,139.7361798982592
EK202310115348,139.23215002151215
EK202310183741,162.67953396630875
EK202310144742,142.1685079131279
EK202310178484,161.3421135777752
EK202310151424,168.57110348677833
EK202310223346,146.4185076508419
EK202310138234,164.35171520493867
EK202310190044,162.28301891748885
EK202310210164,149.29426856163056
EK202310175594,152.69454848156067
EK202310139802,147.31148991894165
EK202310133593,168.79006561966582
EK202310236059,125.10315938612669
EK202310247892,133.78417106436203
EK202310228841,137.95622703063324
EK202310142116,157.15356839430228
EK202310139752,134.5094574307541
EK202310247535,167.20848353662893
EK202310204858,137.19488759898593
EK202310127198,159.36685673318627
EK202310212663,132.76249783429049
EK202310133054,122.90143433772454
EK202310116254,152.95289813947932
EK202310140288,143.37310224794604
EK202310242550,140.53203079150367
EK202310208841,137.61293390791167
EK202310167295,162.93944691313428
EK202310109419,148.2838564609458
EK202310233386,148.63080331040788
EK202310214181,160.66784635178297
EK202310180240,146.7234326485899
EK202310181535,140.69606830048946
EK202310191715,155.70818181596866
EK202310157953,168.40279563524098
EK202310234893,134.6905459241809
EK202310160253,161.255016583115
EK202310141553,130.50755060221073
EK202310207337,175.11412355037402
EK202310131278,136.5305029877574
EK202310178817,167.58528104158168
EK202310106002,138.9386443796605
EK202310166631,127.1148389718759
EK202310107493,135.97879403248257
EK202310194394,151.4733894599277
EK202310222252,143.2569055523502
EK202310247371,153.0190782788377
EK202310160792,126.89401642334339
EK202310225122,149.25412527628936
EK202310214184,155.25266893174236
EK202310191751,133.6105655473759
EK202310237163,135.56611138533387
EK202310225188,144.92999334943158
EK202310202616,153.96364136940173
EK202310143696,138.33631312871503
EK202310132352,149.52849123608502
EK202310214086,131.204533852377
EK202310137011,181.8993333643997
EK202310248717,139.39233049803138
EK202310200235,136.32976297979073
EK202310144103,143.19216801198482
EK202310111910,142.96700653883096
EK202310225339,149.94460439471595
EK202310246108,136.41278712886282
EK202310180876,135.86102797559525
EK202310237122,138.4912058934791
EK202310112441,131.54143547396757
EK202310179395,144.78600779277295
EK202310157137,149.96595581636467
EK202310136914,160.69841782890757
EK202310127925,124.90830818355045
EK202310210485,133.78724646400087
EK202310215065,141.70668374884596
EK202310113641,135.2490446386216
EK202310204283,136.14416280338392
EK202310150194,140.70878487441942
EK202310118749,127.7785076114116
EK202310186678,149.18983052742584
EK202310110316,131.5213499733414
EK202310190151,122.80461153183371
EK202310119041,137.99366323044777
EK202310140703,142.3265467326781
EK202310236754,136.05496402263174
EK202310200936,133.74144132998853
EK202310200923,150.3105281940956
EK202320005983,143.20373575832232
EK202310173120,155.13543280623662
EK202310131266,133.492391564781
EK202310182913,132.62612793907414
EK202310126468,140.50694244077542
EK202310240681,133.776980192874
EK202310163541,141.9912259800817
EK202310133063,140.29058648711234
EK202310187205,136.32930441362998
EK202310176435,142.22159861391665
EK202310113625,143.4091591713575
EK202310153932,131.01219769808458
EK202310216429,151.0060088812264
EK202310124022,146.65387618989257
EK202310187335,176.38601483442318
EK202310227041,153.1648151908184
EK202310173817,140.8859701487115
EK202310131798,171.53997314629095
EK202310225142,135.63086700744498
EK202310180166,131.9788519098967
EK202310119416,134.7995820340559
EK202310200200,127.63267121651825
EK202310150439,145.75308701712737
EK202310130027,144.58969687263837
EK202310179043,146.13148437122103
EK202310183695,136.2893891581819
EK202310175077,143.95512518662238
EK202310112086,150.8314859851078
EK202310225730,136.01397544417122
EK202310215244,147.41861897436254
EK202310191753,149.60624382747068
EK202310174965,151.40056148541163
EK202310157557,154.7148994255368
EK202310159970,155.09710744670426
EK202310129081,167.51131033069436
EK202310107248,134.51210892174177
EK202310180853,152.36412616275723
EK202310181698,164.85089724037311
EK202310222641,135.35058746545138
EK202310189633,160.5426099661422
EK202310105178,144.1500750385515
EK202310109844,125.76385011811014
EK202310239039,162.0852678339872
EK202310114472,132.30201067264522
EK202310179622,136.16953934262827
EK202310115407,147.73016494468055
EK202310106728,135.65915819934528
EK202310206467,132.5314410439038
EK202310169318,119.27853364368531
EK202310113553,144.03398134072532
EK202310148432,139.40247564928103
EK202310224899,146.94992138894685
EK202310218411,114.98239827945466
EK202310108919,142.76370083945193
EK202310175334,131.94978380460105
EK202310225062,135.69095438263525
EK202310158879,143.94614022375794
EK202310226440,133.28049096368605
EK202310224115,120.77029149678705
EK202310148638,141.28824568689276
EK202310233064,160.13992779888764
EK202310158419,146.31895218371315
EK202310241484,148.25088738652656
EK202310163712,132.48501865195206
EK202310186217,146.9649617263272
EK202310142453,162.22705607816985
EK202310137405,135.7676772059314
EK202310185670,141.76999360170336
EK202310150583,120.69755652747531
EK202310227556,131.48823147740825
EK202310234889,137.34338633068614
EK202310111783,137.14824201204823
EK202310127384,140.11188970001282
EK202310113072,149.76697780954154
EK202310160328,135.62902215546023
EK202310188693,166.74915528456336
EK202310104466,149.45559020073853
EK202310143296,164.55147380932098
EK202310212529,157.7851666759073
EK202310207081,162.50083305131963
EK202310239036,139.06105902406796
EK202310114317,129.8548697161871
EK202310004599,150.70847358713968
EK202310165205,126.8352010065232
EK202310162068,171.07362457432237
EK202310109742,144.72614905559513
EK202310151519,166.78393732644724
EK202310164727,109.0171599203226
EK202310193975,158.13003796736112
EK202310176843,133.4163446742331
EK202310238118,152.95631382433027
EK202310231683,136.94265337871542
EK202310170288,150.15106179577688
EK202310233487,127.87497306270409
EK202310144532,135.6007885223705
EK202310118690,138.15969107721926
EK202310236135,160.33441961088357
EK202310220057,151.0111142798159
EK202310136020,167.57726047701092
EK202310120718,143.70424471881358
EK202310205363,143.0705700158684
EK202310110765,135.01508999589058
EK202310130164,165.3478494968018
EK202310170195,133.0274350593733
EK202310131195,133.12144980904284
EK202310197794,160.8491643009315
EK202310189698,163.46815020455455
EK202310180559,128.49715472212975
EK202310193333,160.63228119596866
EK202310164974,133.25288505530787
EK202310126083,141.87507721622464
EK202310189770,146.6819711142885
EK202310123085,161.47810552787507
EK202310130001,134.5266463855386
EK202310141464,151.58940434226463
EK202310116699,137.99284008940526
EK202310126001,120.96388327314777
EK202310153591,134.18296983667454
EK202310110843,147.10360588864057
EK202310234696,131.68973863264503
EK202310218654,136.81452280143552
EK202310160361,135.7889251028477
EK202310232799,147.28972718089676
EK202310172223,136.2383966668068
EK202310107432,141.81857307495667
EK202310115124,144.08452112224504
EK202310240700,145.71411143444274
EK202310166544,127.76488483056474
EK202310116517,142.015565624467
EK202310209466,133.82578816351156
EK202310115034,152.22848363930706
EK202320007112,154.63893528113323
EK202310155572,146.48441832465886
EK202310184647,172.39170404292844
EK202310237715,133.75183520300556
EK202310140880,135.90320725363185
EK202310171935,148.61505918180055
EK202310110649,138.55706021588
EK202310235243,153.7183405510085
EK202310222984,150.39937878355764
EK202310103848,126.8223342523097
EK202310200981,141.51223243934163
EK202310138670,155.8754912947796
EK202310116342,139.47363530536808
EK202310148866,143.687382423496
EK202310136555,127.86004227776019
EK202310155446,167.1341793031067
EK202310147661,143.86756454337984
EK202310168674,141.77260483788243
EK202310142524,144.916817129219
EK202310248385,144.07816182462412
EK202310165956,133.72911403760688
EK202310120604,134.3230658612763
EK202310158534,150.73543458861465
EK202310138524,159.84650545113269
EK202310231297,141.79979554006448
EK202310231319,130.4724565672454
EK202310133278,134.33796731141487
EK202310142657,153.10349753372552
EK202310114071,138.88525644381764
EK202310116075,129.13252112770346
EK202310139321,138.11077082462248
EK202310232658,136.44848236263036
EK202310185531,136.83642860338787
EK202310231623,138.61212195088868
EK202310183491,150.42963864465904
EK202310171783,153.28822934823734
EK202310116076,131.70962450287064
EK202310200347,147.32891484506962
EK202310189649,153.1201650411585
EK202310135957,129.50408254034568
EK202310245361,150.7857172614149
EK202310138713,146.30273997960234
EK202310169366,171.58940756151316
EK202310246917,156.95681055935634
EK202310183943,153.80153759625907
EK202310110540,131.4167619585543
EK202310170711,121.70493837069046
EK202310246548,158.29911816494308
EK202310174376,141.49495238592468
EK202310180261,146.35868484611822
EK202310232346,113.87695105521378
EK202310237154,147.27923549848808
EK202310171359,145.68693720499985
EK202310136595,149.0058411338064
EK202310144015,142.07688309445297
EK202310209121,143.77995011409433
EK202310222216,124.07212578922741
EK202310107905,121.37653120741422
EK202310188461,122.41302847577803
EK202310222800,129.33462207391202
EK202310217737,127.46498489556039
EK202310218371,136.11705123172027
EK202310208739,117.00603343917649
EK202310219741,152.50595354656647
EK202310211457,147.5041063482967
EK202310182740,147.76518060907785
EK202310163470,140.55598096150396
EK202310245687,144.58021440037643
EK202310168480,138.4091986971449
EK202310185027,165.60771510586082
EK202310194951,140.02118773076793
EK202310190588,146.72070574255454
EK202310177991,143.9397296545231
EK202310162069,147.2968341754039
EK202310125865,153.59677655107922
EK202310220126,143.13721129672706
EK202310158441,149.9695769538601
EK202310145659,149.84669736600742
EK202310129542,121.37424570663927
EK202310151845,142.04840577186226
EK202310230263,127.7523430196199
EK202310111108,143.45310654245412
EK202310171363,157.30797599138577
EK202310127866,148.91185383575208
EK202310129063,136.1585190037695
EK202310144099,137.21274313958506
EK202310140594,149.1000540949547
EK202310154125,161.16485730018186
EK202310131342,134.2894502666786
EK202310203912,132.3421555413225
EK202310118762,139.13539603898138
EK202310131877,177.82179004089693
EK202310106187,151.29932872239993
EK202310120319,138.55909522313524
EK202310209664,126.85571409324044
EK202320007072,163.26075894933697
EK202310121959,139.94813663083602
EK202310153089,143.75706215194984
EK202310151971,143.9595549247018
EK202310151896,160.0962539576446
EK202310135751,133.58799292413568
EK202320005711,167.64460996956834
EK202310134604,159.6885595320966
EK202310130128,157.16215267394037
EK202310241667,157.5599600358819
EK202310140220,145.89115217468884
EK202310190478,146.85777561270027
EK202310162552,142.78355360615168
EK202310169398,137.29683626768434
EK202310110027,125.6183710389589
EK202310242977,139.45834040148497
EK202310182314,135.05764758859803
EK202310147967,154.87183224314987
EK202310107549,167.70429229486658
EK202310209315,158.01752312866574
EK202310216226,149.6123859570476
EK202310172171,172.15534535473634
EK202310198531,149.62892613277526
EK202310108550,135.33824282288197
EK202310201297,157.65764158170845
EK202310168808,146.09874561224646
EK202310212662,135.66634024719738
EK202310244470,137.61731061613995
EK202310111112,142.46567188836048
EK202310212061,150.2866613743277
EK202310131027,143.00980807023436
EK202310168347,137.10652064835443
EK202310138779,169.81244348245303
EK202310228854,134.05325979663112
EK202310156047,152.50912922303627
EK202310209290,137.6425278192156
EK202310121347,129.46142004472327
EK202310171158,146.37579213461538
EK202310233104,148.6576193255662
EK202310155615,131.58185038786846
EK202310179680,137.67732943337597
EK202310125362,142.76921936040412
EK202310107378,132.75707664242285
EK202310206995,156.7980140914386
EK202310205548,135.69248896060597
EK202310181487,160.1217285987619
EK202310165214,156.53849097044312
EK202310243818,141.19154733882044
EK202310139297,146.3341260739044
EK202310176765,147.35687352204639
EK202320006044,164.73306454062975
EK202310226154,129.66528606085288
EK202310246712,150.23136961282017
EK202310190930,142.91834923854844
EK202310216412,162.43098029368502
EK202310123615,141.85845013780127
EK202310155164,138.05156296420424
EK202310193422,158.43443179343808
EK202310183961,134.5869825023684
EK202310181902,149.96326938517865
EK202310123760,150.4396799378813
EK202310147302,145.20154102382426
EK202310210787,142.8256179211127
EK202310132847,124.99969170153886
EK202310126696,138.58144040418276
EK202310232230,130.95660442218127
EK202310223850,144.38832012619918
EK202310237551,138.64254777018255
EK202310188279,134.53571788683865
EK202310152561,142.17481422769922
EK202310197741,130.43442774183234
EK202310241557,149.43989101318257
EK202320005587,164.29155577962337
EK202310173993,125.47290141309117
EK202310139298,155.31273618003067
EK202310226418,134.64503411974863
EK202310120554,144.9276668840724
EK202310210326,129.46018644896543
EK202310124646,111.43700960912776
EK202310243187,133.24867539158708
EK202310111546,158.98839394576123
EK202310225889,138.74534059953712
EK202310239244,123.31344562514396
EK202310226952,128.69562058562602
EK202310154546,141.52558094434838
EK202310209747,130.61551027717584
EK202310208437,130.55330485696553
EK202310217996,153.3924992039718
EK202310154333,144.1052666640168
EK202310199044,151.57774120124824
EK202310193652,155.84982026267033
EK202310199108,140.51185723159654
EK202310138541,142.43469963567037
EK202310109275,154.24377747038415
EK202310241877,154.65405545467243
EK202310247060,140.30540497135814
EK202310233675,138.24779010390347
EK202310127980,147.37140652796424
EK202310216345,131.21149052718695
EK202310124692,139.0378644297453
EK202310214703,152.39070608104586
EK202310125176,142.52883320580244
EK202310230402,137.20964333223029
EK202310204376,128.20689814052207
EK202310003738,142.0755646824189
EK202310177361,157.59374929021445
EK202310142175,147.99291237593022
EK202310121737,119.13574006385463
EK202310231332,141.55154113238459
EK202310126428,137.39192929957005
EK202310208151,139.34742268459638
EK202310160932,156.40070199782198
EK202310201461,149.7093544407094
EK202310190429,138.2648072330958
EK202310180683,155.55077236385273
EK202310216976,155.2520386845162
EK202310125226,138.15668782968368
EK202310201559,142.63001798438398
EK202310201026,150.0938740252228
EK202310241612,113.16603605566978
EK202310159055,134.6522681986249
EK202310128633,150.43500478140146
EK202310241584,142.7448359676021
EK202310124066,140.33660932595146
EK202310143999,136.53983596395463
EK202310127055,124.9729994237814
EK202310109477,135.40859653811083
EK202310142422,128.1528556627166
EK202310170493,148.22134182912
EK202310245660,131.42294487478992
EK202310174604,139.7387124458821
EK202310145956,136.6619916607504
EK202310170744,143.08614961970466
EK202310137459,143.41049082870214
EK202310205343,135.102625900702
EK202310113624,146.49334757423296
EK202310230917,134.6570276387056
EK202310131938,140.12426617653148
EK202310192653,151.74879740228528
EK202310233709,143.367788908433
EK202310125722,149.53742941862603
EK202310167315,138.9139054590592
EK202310155548,144.17134897079592
EK202310143279,137.8592645427612
EK202310150075,146.81209235276444
EK202310122318,138.3836783398461
EK202310126189,140.98735526926546
EK202310226757,141.17901222608805
EK202310243030,144.9655754053166
EK202310130445,151.24668332505428
EK202310243191,149.41263892398825
EK202310203273,133.5488108341512
EK202310188485,143.89997866356163
EK202310230409,127.76538706975357
EK202310183553,131.75819350269597
EK202310220994,136.66469698820117
EK202310207037,130.7820768050431
EK202310165758,134.6421737572935
EK202310106826,142.6338118419859
EK202310120683,142.67731394851148
EK202310134934,140.8992799412744
EK202310165051,138.1017413301239
EK202310189221,120.33645589526213
EK202310157513,155.6138854960107
EK202310190280,155.8785446172142
EK202310123034,136.8811050309447
EK202310206344,158.82275136636616
EK202310135546,160.2031393248223
EK202310246417,122.09398953939048
EK202310220955,135.38677423847003
EK202310109848,131.60060215489423
EK202310154849,150.66206734851036
EK202310110348,145.71357774323187
EK202310167034,160.40419847814002
EK202310113223,127.76847717612085
EK202310165666,135.85219192915423
EK202310235856,151.37483682595794
EK202320005842,150.82904332757485
EK202310154000,144.879524872231
EK202310142071,151.68861502843018
EK202310209033,152.11095919224604
EK202310196340,140.40733438333754
EK202310216529,146.47257617609216
EK202310164553,147.76076560736342
EK202310104021,139.2072041540544
EK202310239632,135.5788120089553
EK202310225277,153.45270421028442
EK202310175861,140.71643387675317
EK202310129169,156.896041577337
EK202310122145,136.12328607455902
EK202310227448,123.15845289368811
EK202310177969,137.74920084171472
EK202310193062,146.9267796730556
EK202310182763,149.06543628431425
EK202310235087,138.13008319309245
EK202310121651,138.23232105577054
EK202310212604,129.24849315168726
EK202310226694,110.41301309182813
EK202310004579,154.82923138884112
EK202310159373,133.09133972645716
EK202310177799,141.86051932302928
EK202310119324,123.77233692196043
EK202310129405,147.29103673818625
EK202310237885,148.22872083332194
EK202310135421,143.2829762523108
EK202310175226,150.89958535212975
EK202310173605,170.46034990262694
EK202310111658,124.7485382559081
EK202310185671,157.8284713034943
EK202310196715,127.4592518792717
EK202310196589,139.09967427049287
EK202310199584,145.47650314322536
EK202310143146,141.3433709090036
EK202310121051,146.79877276617378
EK202310231042,124.93268033789175
EK202310194606,134.63020187304045
EK202310212236,128.03064252539312
EK202310153083,151.42367470261334
EK202310141649,137.81464653255372
EK202310192808,147.55872566963052
EK202310169365,146.74440568498568
EK202310189768,143.0299378809726
EK202310233720,131.96781409439137
EK202310247878,153.8725162948205
EK202310178488,139.17415786315573
EK202310151955,160.17589810672507
EK202310104506,140.9609641863011
EK202310205228,129.92461833730752
EK202310116841,129.93276663377648
EK202310105208,166.9177198620214
EK202310168242,148.29605744060476
EK202310172150,160.50709597351573
EK202310199656,170.76794580453543
EK202310202819,138.98035104670575
EK202310118069,120.76401474715497
EK202310226761,125.84962341030739
EK202310158901,156.53455915383333
EK202310221031,146.82287091412869
EK202310204076,140.0041171276016
EK202310146995,146.4637753984815
EK202310126768,140.0221050972134
EK202310167991,147.50328447608535
EK202310142215,132.05760135153923
EK202310128249,143.63951974768437
EK202310168392,156.1895635708875
EK202310241392,117.41775296796429
EK202310167654,137.74077963398207
EK202310124170,126.33506510220504
EK202310211894,137.60045874736326
EK202310213128,139.0004772973614
EK202310223813,140.03992498571247
EK202310106169,145.73534963058782
EK202310110167,147.70700655552542
EK202310237365,148.0637946848763
EK202310153054,152.9265591831322
EK202310138889,141.83997443896857
EK202310136676,127.42768743138333
EK202310177777,142.8642904377953
EK202310183311,173.6191181689303
EK202310192034,141.46738038652907
EK202310161294,150.252205283082
EK202310215386,144.25433628858124
EK202310237862,140.73509071433025
EK202310124110,142.89340925316588
EK202310105757,144.9171274280027
EK202310131681,136.23676966091213
EK202310122852,128.9997829341208
EK202310106485,124.86997701850167
EK202310182695,127.96489157351701
EK202310238540,129.3910979129732
EK202310104101,135.39910614295715
EK202310121381,144.9089250408313
EK202310200186,146.17579648349562
EK202310190609,136.44634058986873
EK202310230288,129.88450381711377
EK202310166620,163.15168801017813
EK202310147442,154.47923977324467
EK202310137943,130.5335932942402
EK202310208851,144.93317913969955
EK202310128623,118.32235367678666
EK202310179932,136.72037579875607
EK202310191123,143.4590029910255
EK202310222467,143.1296618791726
EK202310120128,130.54336489495253
EK202310143211,113.36323097636802
EK202310158431,155.9733237156073
EK202310200191,145.5646328780194
EK202310121797,129.2770572686271
EK202310246836,130.97024153897365
EK202310122588,136.596260400477
EK202310212376,131.8918979393679
EK202310202020,136.22455278322815
EK202310003990,151.7392620504792
EK202310195950,157.61018319379997
EK202310215709,147.77140561651754
EK202310140933,137.51627636911724
EK202310135948,133.20157720447304
EK202310156397,168.03123992222405
EK202310160468,117.69113769678012
EK202310181061,170.74480553428762
EK202310165217,148.75801423125765
EK202310221056,137.40881064017515
EK202310168493,134.89672320614835
EK202310136547,120.0970173970363
EK202310247972,137.75761802130316
EK202310167486,146.36306207092898
EK202310240744,148.7355323797945
EK202310148632,144.95074596313523
EK202310199792,149.92840867082916
EK202310200958,157.5866526113848
EK202310171502,158.29495671826908
EK202310164924,129.86505253805817
EK202310175724,121.23909465380746
EK202310139433,145.98157761911855
EK202310217068,155.8607335943239
EK202310110561,132.70716099966404
EK202310248008,154.6206697765547
EK202310157048,143.44052960591142
EK202310141117,132.9519257684254
EK202310195935,144.04255077508193
EK202310168643,132.75434713545258
EK202310004252,127.74815075082188
EK202310151231,149.77689316802412
EK202310221120,134.48719702410864
EK202310115802,143.00682931675587
EK202310217669,145.33624934404997
EK202310179308,140.45917296204553
EK202310190511,144.59892429060284
EK202310189661,130.66352597082636
EK202310218561,127.95665239244899
EK202310216544,146.31033135286387
EK202310130093,142.55547966458218
EK202310227470,145.14141001389106
EK202310149720,152.21495117130908
EK202310123936,147.97360224799058
EK202310185139,144.00301139881304
EK202310164969,115.25160251668541
EK202310159566,159.7536544444823
EK202310153493,129.52634208855014
EK202320007009,172.81328259306812
EK202310149916,150.8107218642359
EK202310195613,122.66648120926938
EK202310234039,142.04155260333664
EK202310109288,121.7904817535314
EK202310212808,124.46176515482497
EK202310234197,127.13241424594845
EK202310157802,146.46378925401706
EK202310207417,139.1706606408244
EK202310245686,136.87820506847333
EK202310159054,147.65135099938396
EK202310183850,138.85361595614899
EK202310118502,168.307613956953
EK202310128627,155.8178352416432
EK202310220287,150.76024707572824
EK202310199273,141.721261996534
EK202310142033,148.20681637358533
EK202310229082,135.22094632940795
EK202310143807,136.87764080848854
EK202310206645,126.05891047495146
EK202310211819,141.98919474121843
EK202310197690,153.34157899737042
EK202310197678,131.3569862188084
EK202310234454,121.05589290891862
EK202310120882,152.5279425166151
EK202310169899,149.96661419735003
EK202310202826,136.54644755635312
EK202310161402,169.00155863557512
EK202310121220,119.63771425298962
EK202310125862,128.03733175079049
EK202310197968,124.87530449356743
EK202310237174,126.04891727062363
EK202310134475,146.15823683511545
EK202310247308,160.7856617822814
EK202320007435,141.88866501778773
EK202310164160,126.98157328919129
EK202310122449,167.9147787589313
EK202310139591,146.12756362932907
EK202310141624,146.3813723044955
EK202310138255,150.01980637715906
EK202310193958,141.84940734101787
EK202310222645,129.68288631699247
EK202310105689,140.3760088491409
EK202310219882,141.68767521005657
EK202310178757,158.6676949290387
EK202310241650,127.68520799305719
EK202310246447,132.15845699206872
EK202310217078,162.73530490593956
EK202310139978,145.47785575992705
EK202310241716,144.35640819826205
EK202310133093,139.7953375388022
EK202310243929,146.87159418463204
EK202310140929,160.91571168149113
EK202310191115,143.847728573874
EK202310207003,138.9136175561813
EK202310145248,153.74156475773447
EK202310239401,158.2720314311415
EK202310155225,147.25285213807405
EK202310151560,129.92227526511022
EK202310177641,141.61950518044958
EK202310222696,130.97385067499172
EK202310150293,146.91980225233152
EK202310195144,145.42993607742207
EK202310243924,137.25692859736333
EK202310178439,142.06375149417104
EK202310195750,129.2458779757479
EK202310166551,139.4383009232112
EK202310217145,166.48946512325162
EK202310240066,150.17951883376554
EK202310199715,164.23010900093004
EK202310132904,137.45776110009797
EK202310154841,164.04402652632297
EK202310234469,122.64268321700337
EK202310114515,135.9176283610525
EK202310117966,149.677205736277
EK202310137867,129.32363476968078
EK202310205349,157.65833786298145
EK202310112816,143.62757175680883
EK202310168065,155.14452262056062
EK202310169737,161.32520293328494
EK202310148917,139.70332788644774
EK202310196463,143.30921561301088
EK202310231207,127.47327990435105
EK202310128533,140.77218247170134
EK202310197226,125.93926669622209
EK202310154933,151.27591297947436
EK202310117103,135.9673573126663
EK202310165309,151.4258689919755
EK202310104246,145.9829013755009
EK202310105130,139.8043284935243
EK202310216979,129.8024640621379
EK202310193989,127.45896215254336
EK202310147207,143.8641782255102
EK202310135301,166.85812492497598
EK202310180058,145.80958647726877
EK202310150495,151.43396190101248
EK202310184503,158.21056346678952
EK202310107823,146.08250221819068
EK202310241936,149.47495320667508
EK202310186182,145.77970126086734
EK202310003976,139.95399794551028
EK202310156046,141.69584864748444
EK202310129628,169.78504842197214
EK202310142854,138.5992339834145
EK202310241326,155.9501772274242
EK202310160722,147.93457698512512
EK202310143237,132.6599445596057
EK202310107245,152.5917110364811
EK202310114305,148.6266240947986
EK202310134035,141.5032041670093
EK202310199912,136.14669962826932
EK202310140410,149.0497300614502
EK202310183615,157.9285746530735
EK202310147371,145.73482083487067
EK202310111631,136.45720397942364
EK202310139777,137.7436611896121
EK202310176357,133.39004334069023
EK202310105349,147.34724137714858
EK202310238051,149.05828409946463
EK202310123087,123.13746634894451
EK202310199824,138.74992483964627
EK202310225713,130.2543880553428
EK202310156653,144.09367222112593
EK202310238527,148.1522109450578
EK202310148824,174.75629277647067
EK202310186203,151.53370664029634
EK202310105194,144.13598544372886
EK202310141266,144.717785500832
EK202310126789,169.37756644182738
EK202310135067,177.28017656734863
EK202310222780,123.62044575151336
EK202310191104,147.01585189893117
EK202310244171,173.4864335412805
EK202310166225,152.38284280392608
EK202310217237,136.30528394442584
EK202310225459,131.23971356907526
EK202310109489,143.24251720653774
EK202310167581,144.3121694235708
EK202310127053,124.67421881742041
EK202310158488,142.51984887248202
EK202310134328,139.2033502470225
EK202310155326,144.99581908288954
EK202310181981,153.04637640235447
EK202310237066,132.57486759449682
EK202310123955,150.5390723263719
EK202310228593,135.17854153626698
EK202310190125,161.01044066402758
EK202310115548,141.17794101844913
EK202310111782,146.21802444546026
EK202310243482,157.60526113204523
EK202310163452,134.9838266675864
EK202310123894,149.97730913830267
EK202310154308,129.03058995737499
EK202310125766,133.39587287371634
EK202310176942,145.54178140780633
EK202310127476,146.63529049133265
EK202310158246,153.4765457387228
EK202310194016,144.96129323752544
EK202310227342,141.27888203571072
EK202310134667,151.4521701685029
EK202310123740,137.99899305641475
EK202310105769,135.3441229985063
EK202310228947,137.7050049583313
EK202310169454,158.5810966331907
EK202310104666,133.0166741240344
EK202310151168,128.30507150175075
EK202310233283,144.73662797333697
EK202310172969,139.38846406950333
EK202310209511,146.76191388371052
EK202310185148,148.82554070418044
EK202310181055,151.68180174545466
EK202310153153,157.1060154555156
EK202310187550,163.7188557299238
EK202310107176,143.47410626466808
EK202310144598,124.64473239103845
EK202310139318,130.2177143290989
EK202310160272,166.70000766581273
EK202310195091,146.03421619249437
EK202310186267,132.61324036555573
EK202310204034,140.50144014519447
EK202310128110,138.38613853001124
EK202310119313,145.75198508952553
EK202310157152,131.9268205273641
EK202310189194,162.84480091111436
EK202310115332,153.45950974687804
EK202310213972,140.05349210012636
EK202310174634,158.788916025613
EK202310141976,143.08530718558325
EK202310217725,137.02556076480823
EK202310240779,144.33305451939995
EK202310133212,164.4545382339464
EK202310198208,142.21061167373458
EK202310185889,155.57164304355535
EK202310189206,148.26286388323268
EK202310177011,149.34789714401137
EK202310179732,142.9619785093785
EK202310224354,131.90914625085813
EK202310163111,134.08835513132723
EK202310194747,120.17231316649317
EK202310166854,135.64741350913582
EK202310242694,148.55624086138477
EK202310141362,135.96226968476682
EK202310183977,155.2486413191727
EK202310179207,133.26551575798206
EK202310247546,152.61539376434055
EK202310140989,140.42852266399052
EK202310196104,138.58090414229878
EK202310004793,146.3839590312995
EK202310185123,147.40827735182904
EK202310160604,150.18037169070928
EK202320005906,170.25189606907608
EK202310216868,137.45146435297787
EK202310164383,172.06532033700046
EK202310135531,150.83100937624715
EK202310225232,133.23445137887867
EK202310152968,142.88293023964968
EK202310193329,150.6477199294947
EK202310208494,135.75608711472904
EK202310120865,131.9158204620994
EK202310160731,129.0122485972471
EK202310143803,167.37307200557476
EK202310216607,145.60040849173507
EK202310183415,151.96852168196205
EK202310200013,124.51342354801717
EK202310104115,159.85626191761662
EK202310133379,139.04794967906267
EK202310131060,169.1171086128423
EK202310149753,142.7499655886268
EK202310148087,141.84420964072737
EK202310172156,171.74682441683873
EK202310118569,119.00632161612367
EK202310204670,130.3226211138841
EK202310234858,139.73918110092947
EK202310203722,144.10534006522738
EK202310232168,142.42958558113597
EK202310213536,137.53795313817386
EK202310113341,159.19482016467566
EK202310134517,146.67709919736848
EK202310175096,145.72610099317689
EK202310118503,131.6338198275081
EK202310206791,140.4298239096081
EK202310133225,132.66330772347365
EK202310139427,129.59594594608484
EK202310242973,140.59180342336055
EK202310230311,125.80009910462987
EK202310192098,141.31430443134502
EK202310139654,148.1110682976029
EK202310104039,149.56887363634337
EK202310218808,145.86893091959018
EK202310112932,145.3070281622123
EK202310139942,146.2683925460692
EK202310155659,142.04246975706445
EK202310225247,151.83298932390102
EK202310126309,146.53257675863358
EK202310132111,165.23251982137091
EK202310242286,153.94669397956633
EK202310123840,135.28021137535072
EK202310210407,133.0384062290947
EK202310144692,160.1720506794521
EK202310132665,163.039794877346
EK202310142951,171.0257598838622
EK202310239672,142.40605955467456
EK202310228540,125.78949563243656
EK202310134450,137.01618105137123
EK202310202201,154.5992277162369
EK202310237145,136.8447257110702
EK202310248506,139.67329355739295
EK202310181213,141.88685352200667
EK202310197495,147.52502610825525
EK202320006060,168.27097580948276
EK202310240535,146.22123007326294
EK202310238367,153.91904605145584
EK202310105848,119.42639313370003
EK202310153010,136.0831473714434
EK202310245093,135.39753243026257
EK202310133381,132.4017146537789
EK202310132940,139.57831516710166
EK202320007659,162.68449757323856
EK202310125644,155.05590825907032
EK202310141453,140.90614273053436
EK202310217985,113.28611572122801
EK202310105477,151.89362290847862
EK202320005870,167.09210003641965
EK202310148401,155.52834245023126
EK202310218056,128.85181393208592
EK202310104777,154.7104889395232
EK202310136506,125.44130516088187
EK202310243986,150.9348390586769
EK202310217742,154.02670504767892
EK202310149440,142.22905763455722
EK202310176195,118.61011571031138
EK202310147405,138.41997524729106
EK202310210916,138.8399760117526
EK202310136871,142.98314011846367
EK202310204028,135.650037916348
EK202310236173,141.9595956161987
EK202310144792,126.36899599849326
EK202310199783,142.2462306984042
EK202310115630,117.69159568622126
EK202310171734,152.36417395853374
EK202310219359,146.6263830410094
EK202310136081,174.5483730193788
EK202310238195,142.3137360354775
EK202310168013,156.84439989342235
EK202310171083,153.7805034109216
EK202310211010,133.26555582189133
EK202310212579,135.7546760099543
EK202310129157,152.21099152297958
EK202310123465,140.96031006195335
EK202310192944,147.34011366265324
EK202310104057,133.68609914118142
EK202310140551,163.34792756247003
EK202310243448,135.1178147826762
EK202310238701,133.58943932102417
EK202310243934,137.5776128939949
EK202310225403,148.86201256926873
EK202310194134,143.14392976609335
EK202310223407,132.68329017600752
EK202310164382,135.2167148556122
EK202310136103,181.53778733291847
EK202310208188,142.95828898519275
EK202310145816,135.9960270368056
EK202310214812,142.80867903190935
EK202310202835,156.37806549058243
EK202310125645,143.08776635526397
EK202310121206,139.00808095904048
EK202320006076,133.5297631176662
EK202310184640,163.37406447006552
EK202310141217,144.79236548740857
EK202310150527,130.77780230991735
EK202310125769,140.17133882266342
EK202310197697,144.10554269903776
EK202310206446,155.6996614994862
EK202310151327,130.9032539079743
EK202310175105,135.5487155812248
EK202310139134,156.41003090888793
EK202310119006,147.12569790509224
EK202310109789,132.03807999728258
EK202310205096,146.26337729243772
EK202310118587,149.24879231218222
EK202310171349,167.7191671341421
EK202310212106,132.27388153016693
EK202310191242,140.48065969943107
EK202310200352,147.42677926318672
EK202310128949,127.2887087796125
EK202310122161,138.58085631837244
EK202310201553,152.9999255866009
EK202310139788,149.7192472878778
EK202310244144,136.99048642514472
EK202310003717,172.36117703078827
EK202310130693,137.61578645467242
EK202310183999,172.02111878322125
EK202310172800,140.76293977705933
EK202310161242,153.09454235160703
EK202310146441,140.66490898550828
EK202310117631,124.89965459617966
EK202310212373,142.6952793805758
EK202310113819,138.201350307645
EK202310210848,134.33504939655788
EK202310158047,146.02590191219232
EK202310144950,140.42955348084288
EK202310229677,137.79295384413155
EK202310128529,142.25029817985632
EK202310224957,156.37537288640956
EK202310111880,148.2303160297726
EK202310104750,143.65806751924148
EK202310230949,123.0028559319064
EK202310123557,158.95085710024838
EK202310235606,130.79821158735032
EK202310198394,136.17350965088565
EK202310161777,152.35766749515483
EK202310134912,150.29470129900648
EK202310118238,129.39571310721755
EK202310154314,148.49640724496746
EK202310195062,133.89785902329058
EK202310144785,135.98022257404722
EK202310225938,129.49748995886867
EK202310145864,126.14239139391961
EK202310219409,139.0639495069105
EK202310140726,153.44376574651028
EK202310132055,151.28579094904774
EK202310176826,138.59492882754972
EK202310136603,145.0486421431214
EK202310131597,148.08326240105745
EK202310246396,154.9751159075316
EK202310238453,144.54549464606717
EK202310210356,149.14421135361508
EK202310238874,160.08436956572567
EK202310243980,166.53552266796055
EK202310130204,158.14055541483242
EK202310232972,149.0731771809104
EK202310132480,153.51185173859017
EK202310123064,169.12001349721115
EK202310116125,139.76875893694333
EK202310216605,145.23536294177995
EK202310135031,175.14526771454555
EK202310119678,143.6655494144093
EK202310156982,174.39579201862122
EK202310181434,159.32558849616302
EK202310160699,148.38010843520942
EK202310206737,144.75937003296443
EK202310179993,143.95033500649396
EK202310141387,150.73354981978986
EK202310210766,133.99268449771802
EK202310109069,158.23634975726284
EK202310183082,142.9156691838853
EK202310184893,151.34032697868824
EK202310246516,140.09149219991437
EK202310229143,148.34543208876582
EK202310131062,158.30008682631822
EK202310185681,159.88803469443198
EK202310185540,141.36864846736466
EK202310114449,155.2357454244675
EK202310165928,156.18921168820683
EK202310107191,152.95252314907484
EK202310228437,128.8980622609149
EK202310143843,154.33443887242763
EK202310180377,162.90703648513033
EK202310241530,143.87342126236695
EK202310162708,174.32111002514438
EK202310138305,150.58527294273333
EK202310103875,136.52476254887975
EK202310125471,130.8137116438382
EK202310152377,120.48712637256207
EK202310113683,151.2296767953842
EK202310181927,147.36568066642593
EK202310176699,155.59960488598557
EK202310179246,120.81485552805357
EK202310218837,139.19974774341443
EK202310156548,166.29321361186848
EK202310169871,136.67624800853827
EK202310183587,182.2247803397613
EK202310223255,141.07785291410465
EK202310174418,128.99046351677165
EK202320007116,162.18505804605073
EK202310224284,146.11392995048567
EK202310174549,140.10363806025586
EK202310161579,168.09416175262015
EK202310147194,152.96559983545748
EK202310112625,133.6665789671595
EK202310142795,136.56102638763974
EK202310187355,130.57808159205828
EK202310166085,158.39884621603537
EK202310173662,155.70659620804472
EK202310179128,142.76176424627357
EK202310178324,144.8741747819057
EK202310141982,126.38554448312807
EK202310200610,149.10362864696936
EK202310116989,149.77297297193985
EK202310148385,154.5133914924896
EK202310003411,128.90171521529177
EK202310247578,117.89444342824827
EK202310244685,159.88100156384166
EK202310129901,142.18621796594755
EK202310200914,136.93776630632732
EK202310129257,136.13131840547032
EK202310240699,147.29363820525148
EK202310216215,152.06298702277974
EK202310156174,137.93755973323462
EK202310221194,149.1551477590641
EK202310103999,153.53811681017612
EK202310192191,126.15240204798413
EK202310140596,145.00165105520855
EK202310143276,132.46150548421832
EK202310234844,146.26675342522938
EK202310187581,134.95701320126187
EK202310140028,157.83839508735755
EK202310246026,131.44524180247245
EK202310227430,150.86390112177577
EK202310132042,142.11142837797874
EK202310177593,144.81762249300925
EK202310141118,141.6840825939798
EK202310247138,156.17096406460723
EK202310130201,154.84777682308115
EK202310131399,145.6269045885048
EK202310175507,146.28236480588237
EK202310216063,159.0667515160215
EK202310247001,145.28404604511314
EK202310003515,140.1368511225585
EK202310174264,133.7477537278059
EK202310169815,143.23694764661565
EK202310110931,135.13240397413668
EK202310116115,142.02571110497865
EK202310124245,136.72027435297795
EK202310201777,147.23706005851542
EK202310166287,147.36005724297138
EK202310212681,155.46695725154527
EK202320006340,163.04860072315944
EK202310155270,139.97793476621953
EK202310115765,137.91098276532554
EK202310179416,129.7687250584737
EK202310115011,130.03923248398655
EK202310159851,157.51237134605856
EK202310185875,146.58017853479765
EK202310195751,153.48272339383982
EK202310212496,142.6479569272834
EK202310134077,132.07796374286931
EK202310125764,137.02839501266612
EK202310219281,132.12167119337965
EK202310138192,126.04599901333413
EK202310227717,132.07205790389565
EK202310178143,143.14080896583016
EK202310137761,145.11898597519786
EK202310239906,128.21468247883377
EK202310190459,155.8147840864831
EK202310115727,131.3168232264104
EK202310244833,159.24337602332426
EK202310107229,126.24994526280729
EK202310224274,149.76426108117334
EK202310194396,161.83165026455387
EK202310134831,131.2511775065095
EK202320007479,154.54724773000618
EK202310170018,147.85125873244723
EK202310177337,163.76778696692008
EK202310119476,144.03956689116387
EK202310213475,138.38639232453158
EK202310206650,146.62144617343736
EK202310231785,133.62596111981708
EK202310222833,135.05477573101567
EK202310187301,142.3104719447492
EK202310111784,132.80561266619554
EK202310227788,137.59822835503877
EK202310150141,148.31639116013037
EK202310161536,159.19155199775068
EK202310137661,136.5436743467469
EK202310226163,123.62407680887546
EK202310223040,123.6098713004546
EK202310111512,151.48302054435945
EK202310211220,142.7359587061848
EK202310122194,146.92775070134135
EK202310182104,139.83498355968757
EK202310179334,166.42638254694148
EK202310179331,160.8222896666804
EK202310145350,129.03354073357153
EK202310201986,127.32138856532373
EK202310196946,139.96415306025193
EK202310217855,117.83293482297145
EK202310236350,124.52604741168534
EK202310229165,129.23165863704205
EK202310171617,139.79407284262444
EK202310115459,149.7833371558281
EK202310196848,139.71480695137842
EK202310127398,136.35120850532303
EK202310205390,146.47579307706425
EK202310142325,154.9225006096229
EK202310196201,161.51703645740074
EK202310238646,143.47969447056946
EK202310230272,164.21711890453432
EK202310241132,140.14002613602543
EK202310212259,139.15791421018307
EK202310228514,140.01929889099947
EK202310238485,152.15144407617308
EK202310158861,149.01191814194323
EK202310227360,131.12142902663652
EK202310136436,144.91289122925176
EK202310231528,125.51649465471552
EK202310221158,153.56707236078117
EK202310211507,142.61557730803978
EK202310190845,147.51223118023108
EK202310157714,147.37995471721163
EK202310135990,133.08771142576535
EK202310164365,151.8491397228251
EK202310153926,160.10381806675267
EK202310150008,144.18155506630833
EK202310141032,144.0158352704709
EK202310193812,147.07422329610554
EK202310137931,139.40647336812523
EK202310156495,169.89918471460246
EK202310122480,150.4985536435068
EK202310216486,139.90110125836483
EK202310222820,146.7819545567897
EK202310111196,152.27597382162978
EK202310150248,135.71089178211926
EK202310136916,148.91807038215902
EK202310107139,132.55243365181403
EK202310181412,153.5056573494527
EK202310206211,133.4649916563199
EK202310109768,141.2564703942881
EK202310206447,151.70403018662222
EK202310211977,128.11035194518396
EK202310235013,130.6939971548585
EK202320007348,150.05661573348553
EK202310128131,143.63397088214785
EK202310107501,150.5606340635577
EK202310247682,140.12125855963058
EK202310227429,158.28571364526286
EK202310204611,143.0092770822871
EK202310133183,134.28625274413886
EK202310218119,124.86284179650858
EK202310183206,143.06048319692792
EK202310232942,128.44846710727793
EK202310205411,145.41776988958316
EK202310166033,161.78767218530257
EK202310134596,177.7145646643579
EK202310136873,168.78726141297946
EK202310203514,148.66560973227968
EK202310126038,133.43726606018575
EK202310191150,140.74027351142118
EK202310129389,147.87214632445426
EK202310222819,147.40874479008275
EK202310152891,166.37717325442574
EK202310157272,145.38228477704993
EK202310135873,153.52489974540453
EK202310197559,158.54738935175652
EK202310169845,163.60134482296817
EK202310165585,150.0690507209976
EK202310159036,148.5907342137547
EK202320007295,163.95344804467794
EK202310133662,135.9281855129813
EK202310189827,137.45800485891306
EK202310148841,156.64300234114015
EK202310146896,140.35386670739013
EK202310235090,136.04349654917968
EK202310119567,126.99115137317051
EK202310172433,164.16688903335879
EK202310247849,155.2670825120279
EK202310207306,130.59494540966364
EK202310183094,137.98509470159763
EK202310216955,160.47147030972866
EK202310192760,168.7324658561358
EK202310164280,134.78915857616693
EK202310203989,155.7515038571832
EK202310239786,129.47486965944438
EK202310105979,146.14486735322757
EK202310003640,142.48162501338092
EK202310240750,148.09236194424943
EK202310179109,139.38583956272882
EK202310150944,136.42339436284442
EK202310201413,148.3169495214953
EK202320007436,156.88221317593352
EK202310113726,142.1919379923543
EK202310122262,121.9389692148994
EK202310224480,131.532572690456
EK202310194020,137.43704806384997
EK202310183018,163.8595693815297
EK202310181414,161.33929132079533
EK202310113303,136.73549601107138
EK202310108976,145.72606025509282
EK202310160184,136.92153522075196
EK202310210774,125.29264199191331
EK202310161905,149.85579371988013
EK202310142271,155.3742599601125
EK202310172860,140.23150419418104
EK202310145464,129.24464225131032
EK202310004728,152.20741154773646
EK202310166310,154.15959775799243
EK202310105822,119.78451037365107
EK202310147953,140.43660353644438
EK202310108291,157.11235774727976
EK202310240186,148.7957051820116
EK202310136365,137.89104922721802
EK202310221390,151.42236614633512
EK202310229925,130.19635393092406
EK202310141278,130.75789953295927
EK202310246624,155.56554858720418
EK202310220360,127.91096818160707
EK202310224653,142.9000289025904
EK202310160368,139.48990578894126
EK202310126911,145.03285315676328
EK202310222925,140.89927488418522
EK202310200594,135.0886346763091
EK202310150819,134.8720597582966
EK202310129913,157.60395642441253
EK202310187155,161.90911973898193
EK202310221177,133.75810678580117
EK202310117855,148.61174700194724
EK202310114109,144.75509394656663
EK202310212056,144.95148758244832
EK202310235416,137.33091709445728
EK202310119909,152.63481120414934
EK202310234670,133.62097412823923
EK202310191663,171.1083932202879
EK202310157791,118.37804350524797
EK202310232045,134.10220716049838
EK202310177127,149.59308233412867
EK202310175989,131.2410740808554
EK202310127307,158.7478569790705
EK202310105741,149.15614502636424
EK202310174633,135.930787017339
EK202310114332,133.95685803418627
EK202310176623,139.88375305359406
EK202310157384,138.35742010098284
EK202310230266,137.57392454569518
EK202310178822,163.88008883106883
EK202310174964,148.16899057613867
EK202310149670,129.75606641502344
EK202310189731,151.75938886528485
EK202310134729,169.6527276139044
EK202310198042,136.53783548514886
EK202310231499,125.08437439889545
EK202310155095,143.5553636352404
EK202310180485,138.6771343875348
EK202310198871,112.28833297976509
EK202310004386,139.8880070776316
EK202310165308,130.8277559455035
EK202310131429,129.6839860456451
EK202310141545,149.00174712269296
EK202310184517,146.3859862433657
EK202310199293,124.87566019459976
EK202310152428,153.25998991321168
EK202310148889,178.31915237958245
EK202310187273,145.63121062653167
EK202310179239,165.3482895817098
EK202310235514,133.83077552666663
EK202310169287,149.44385377675002
EK202310240454,173.10278646385981
EK202310206328,148.580870175671
EK202310108495,138.9085883900921
EK202310213966,137.64500896509443
EK202310196327,139.34118288020645
EK202310167665,163.94451445109272
EK202310171391,153.374719545662
EK202310183683,123.52695349234116
EK202310157793,137.8363282388991
EK202310156197,137.58424967034776
EK202310198098,134.88311786284456
EK202310146704,127.60094745150877
EK202310218935,136.7748333524324
EK202320007401,159.45451538577964
EK202310137190,141.6041537614887
EK202310154815,145.22067670536188
EK202310126612,131.54670634542617
EK202310120357,152.84903020528085
EK202310165826,156.10409682992744
EK202310214388,154.5571814881874
EK202310204549,153.6523490376174
EK202310209491,144.06084506417545
EK202310208295,148.2011353522193
EK202310196248,132.13254249629367
EK202310242787,162.93724988416855
EK202310225423,151.25409264174044
EK202310110863,138.37608070254208
EK202310117182,137.65371734254163
EK202310217191,160.0273013225154
EK202310193055,140.68667810229007
EK202310212058,141.0798691707487
EK202310103911,151.50025976794598
EK202310213355,123.24312431120876
EK202310175342,155.6963556238685
EK202310237346,133.6879395052491
EK202310186492,144.07973657614474
EK202310147951,146.1416330657418
EK202310191447,143.63359145475175
EK202310215972,142.4650198260538
EK202310199031,146.84404410055618
EK202310152507,153.8636004082751
EK202310143892,126.33107832203774
EK202310129112,155.37596803303137
EK202310152184,128.93016631163684
EK202310227166,120.04855556837035
EK202310182576,143.98540606550606
EK202310004383,135.85500513669942
EK202320005865,171.75137294811023
EK202310199455,149.5454681786367
EK202310230815,121.1903720682239
EK202310209305,142.5895534964051
EK202310138624,154.44687172676396
EK202310126039,132.7481097343032
EK202310131814,144.66626780834528
EK202310184163,156.52073477937947
EK202310118608,123.41536017636687
EK202310227117,137.82623906632614
EK202310152007,145.93681005254686
EK202310229187,133.59605523023603
EK202310139035,146.81561046602135
EK202310175328,156.3930892123501
EK202310159155,139.51118963626107
EK202310239122,137.08222224117307
EK202310167140,149.19009156949335
EK202310186155,149.49675594824953
EK202310193982,145.54933167227378
EK202310138270,155.15542517177298
EK202310117049,132.7563521311431
EK202310142284,141.535636517971
EK202310164426,139.97369870518008
EK202310176396,148.9961934378936
EK202310201189,169.29661987876983
EK202310004591,133.40506424868826
EK202320005991,154.4598636583917
EK202310231608,128.51072149149834
EK202310136139,146.6754319791596
EK202310113238,155.47349269171997
EK202310158141,167.8122942589518
EK202310126316,132.81010168128967
EK202310123281,165.0199343309009
EK202310167569,153.55995720551041
EK202310174151,153.02764787002553
EK202310116527,132.32149878747742
EK202310193916,137.64250694861403
EK202310227923,143.9089405829449
EK202310240783,150.91571859717908
EK202310143752,127.2121656732843
EK202310106162,145.18179416924704
EK202310107199,140.5151827781187
EK202310213671,124.64401701741002
EK202310208384,136.65818710865528
EK202310196006,158.89270367305534
EK202310134465,168.69833207325848
EK202310151047,136.66024558994883
EK202310124565,140.4561441830742
EK202310183135,148.96968379706053
EK202310213685,146.50439349372346
EK202310143407,154.54092994947473
EK202310210115,156.81569392825327
EK202310110851,154.10369782746966
EK202310229392,146.64777284422425
EK202310204386,139.76927746970475
EK202310235968,149.44378175799517
EK202310199913,142.8265774203121
EK202310138545,128.48552314439436
EK202310116537,146.88216495191497
EK202310134658,162.43536446690592
EK202310224022,170.45518920212737
EK202310234186,122.59765059881859
EK202310163888,142.13768243764082
EK202310212249,138.86775138536754
EK202310140225,146.15749758434424
EK202310140896,156.68245258037732
EK202310186538,128.1843598266108
EK202310136216,153.05078899645181
EK202310108888,153.6674949755955
EK202310182062,147.26823101709883
EK202310163277,144.35589393276007
EK202310107567,136.26493680313905
EK202310120960,164.35711364755403
EK202310180719,142.27319381177603
EK202310131600,143.3554983891353
EK202310177372,152.50053172368717
EK202310126121,146.94695007103942
EK202310162878,149.58336569474056
EK202310201167,168.92200741564162
EK202310160968,150.65854663310535
EK202310197271,137.85135541068664
EK202310181868,154.71237315289855
EK202310151314,144.3572411719859
EK202310164572,159.62675494710558
EK202310205777,143.03119760871587
EK202310138104,139.2990791228132
EK202310167840,135.95377872224017
EK202310226831,138.82554965818565
EK202310147830,148.67725809208412
EK202310197709,128.03578225432724
EK202310213022,151.35132784400673
EK202310193283,146.0500260016792
EK202310205081,130.0179258745928
EK202310122178,144.04444802324744
EK202320006555,169.4463202420879
EK202310237774,129.02520426043458
EK202310124965,140.7658174813083
EK202310186156,137.03909459162847
EK202310117980,140.97227559156667
EK202310125951,150.98092047703233
EK202310151873,141.4181568155211
EK202310207092,137.62159565364405
EK202310117489,154.69461003780756
EK202310216348,171.77740520291556
EK202310220010,146.17884245856297
EK202310214618,160.40803540198453
EK202310206863,144.6825288128587
EK202310109000,155.61326717081246
EK202310188574,167.90359294343108
EK202310165717,165.7726346221818
EK202310128017,142.43171722167108
EK202310165060,141.7081565519507
EK202310200674,136.1789344852793
EK202310221350,134.22068856723266
EK202310235065,142.50227729140587
EK202310163335,170.88567218993302
EK202310120881,129.7614183463777
EK202310137678,135.45342468284875
EK202310128015,138.69171231654082
EK202310234830,123.12460523127599
EK202310167377,144.8501648598337
EK202310164502,154.08327455709338
EK202310127391,146.19132675325633
EK202310179523,150.48501325192848
EK202310223246,127.33902344496985
EK202310108837,153.83750593600342
EK202310200232,135.91026179689564
EK202310204659,161.90403135622
EK202310189046,158.4161463815107
EK202310137247,142.68022878109218
EK202310132734,142.106528886018
EK202310136878,122.5807787787312
EK202310236360,133.4666949121376
EK202310228358,131.00038399587027
EK202310134060,158.35128842905087
EK202310165565,136.09149903196587
EK202310226873,143.37494875474115
EK202310189864,134.21768214704957
EK202310119822,151.0233102202239
EK202310139438,156.0789451637601
EK202310190768,139.4876797785987
EK202310165094,155.29568042338087
EK202310138047,137.5394570473765
EK202310166258,151.22737437780623
EK202310229510,154.6339452445179
EK202310226767,145.16611970801205
EK202310141133,154.4350497667505
EK202310109811,136.1045986814602
EK202310150474,178.11199490146427
EK202310179190,122.77874384877047
EK202310196236,137.14854068854837
EK202310209246,143.91444418229676
EK202310197990,148.90450397651915
EK202310207124,129.8544866611564
EK202310212257,134.1348281266814
EK202310108488,149.0243180704086
EK202310103709,115.6802540650882
EK202310232504,137.50027216071214
EK202310134238,149.93904216723672
EK202310123117,127.54450226467503
EK202310121605,157.00221101278314
EK202310173315,161.00023076946783
EK202310121739,134.97250702163038
EK202310208354,143.45679781076834
EK202310161392,139.50279259417815
EK202310234724,122.17659940945744
EK202310111484,138.97700883725315
EK202310187014,140.6611481650292
EK202310104426,120.83101792268948
EK202310145898,136.89749097386226
EK202320006067,169.1955697726376
EK202310188463,165.45320689023077
EK202310140762,143.47719479009558
EK202310218714,163.2143960773021
EK202310243661,122.16239343103508
EK202310177326,148.51573498366517
EK202310234236,137.55356737802316
EK202310227958,136.83655293502812
EK202310118900,138.2480721037811
EK202310165267,151.3359731016484
EK202310230827,144.89554246263165
EK202310171222,153.15977246982987
EK202310162860,150.14994338229434
EK202310235544,158.93695344749906
EK202310161220,139.06955674425586
EK202310121708,165.46017293766494
EK202310179835,135.43019529576145
EK202310239604,133.24682625090526
EK202310219818,122.06395132843517
EK202310161568,154.5636003606317
EK202310160061,155.52241719960273
EK202310110380,139.03490983548653
EK202310246413,137.4469292168375
EK202310235850,148.01675017314827
EK202310165684,137.1968545649993
EK202310104090,134.82151926268202
EK202310243966,134.32740817108603
EK202310228270,132.3495713157547
EK202310110387,148.47750812177722
EK202310152984,143.62933662609333
EK202310223888,137.27228372299803
EK202310204934,148.73320335877722
EK202310162381,152.72434021399977
EK202310197868,145.9343750555509
EK202310107186,134.52609747832722
EK202310163263,125.17923010870467
EK202310198200,138.9513369558055
EK202310211345,145.7968301210191
EK202310226051,143.44412954846626
EK202310123297,159.2573396112525
EK202310140795,141.79600938875205
EK202310207289,132.1207803559654
EK202310225168,134.21869452379073
EK202310183349,116.17469711236254
EK202310105114,140.02625183192217
EK202310176080,162.4127725017089
EK202310179405,158.13869197816604
EK202310190274,151.86800905004662
EK202310132186,142.56221417558925
EK202310146444,149.02524947943292
EK202310225702,147.0426306486094
EK202310218239,133.48066177506968
EK202310147577,138.41536341104904
EK202310183811,172.5245328624742
EK202310162937,129.99903137373548
EK202310157881,158.55324109244893
EK202310207952,129.0239837284541
EK202310141225,141.29322345703932
EK202310193030,153.09937229720805
EK202310122847,127.012095823648
EK202310165669,136.95736821574638
EK202310114924,147.92366186564973
EK202310218309,158.62188619980336
EK202310208489,157.94201749955457
EK202310179997,138.8269264275782
EK202310147027,147.84435481879484
EK202310004319,137.47288190333174
EK202310175632,120.63441344329723
EK202310189340,168.25600955579472
EK202310177526,158.25234360958547
EK202310207611,164.9384160251453
EK202310194660,141.9927936970637
EK202310229979,148.59899040002023
EK202310240147,157.43740672329128
EK202310211637,133.55605340635344
EK202310149224,136.90545272313884
EK202310177662,145.7602203570822
EK202310179984,160.3716495952786
EK202310228864,158.04223775466636
EK202310180524,165.65120342135268
EK202310229356,168.45176697297762
EK202310149225,125.89207519081819
EK202310188850,148.79472301004557
EK202310237876,155.94278726222234
EK202310219004,136.0247327227343
EK202310125299,123.56279904800202
EK202310156188,134.25303962508082
EK202310238230,141.40940077334503
EK202310187694,138.54597191433297
EK202310158043,136.82403885798166
EK202310214647,151.54581538860813
EK202310221207,121.51151069622529
EK202310173575,166.0243948696529
EK202310113008,148.74773996486883
EK202310239053,137.4321673241817
EK202310104640,138.65624354848515
EK202310241514,128.74091026935756
EK202310004700,168.99413678083206
EK202310162482,131.43423434794542
EK202310119906,137.4060678607155
EK202310153205,146.87049909313532
EK202310114919,140.7485900814964
EK202310235152,133.292977266154
EK202310203791,132.5881455453509
EK202310123842,150.25223155222633
EK202310141447,165.41371132864387
EK202310192629,151.8925606754842
EK202310244491,153.7772516783502
EK202310216050,120.66496686926223
EK202320007061,149.51794886965084
EK202310217253,148.60931412245202
EK202310187351,162.28204447873225
EK202310247064,138.32736643616803
EK202310215396,147.08392443762202
EK202310109791,151.70003332242536
EK202310238972,146.13877582428913
EK202310210241,147.8286248749953
EK202310138585,164.39257098283917
EK202310215255,151.24240170231084
EK202310181801,156.18458154251397
EK202310124314,131.40827334488625
EK202310175289,158.4970813709455
EK202310198498,146.8544746836106
EK202310154216,155.15737517704468
EK202310226242,149.60340978788793
EK202310127354,154.00984990748097
EK202310179264,148.0762324942449
EK202310139507,159.87342656024188
EK202310129883,153.46301273167862
EK202310232951,153.50558679420894
EK202310233288,127.19377075545768
EK202310121403,143.57052314796852
EK202310158908,151.4149562961372
EK202310147431,138.51574410624795
EK202310138917,142.63791262371973
EK202310149611,134.89683904670068
EK202310221612,150.15777612036447
EK202310143554,142.50491842404097
EK202310172722,126.22223487140644
EK202310199773,132.07247194146714
EK202310127375,142.22428875645483
EK202310225978,141.1028667273832
EK202310227248,144.02040170521738
EK202310116384,154.34083890859372
EK202310180690,159.28946108043635
EK202310122858,121.17066143797533
EK202310226310,134.3264653853671
EK202310195569,154.39008320821364
EK202310198823,139.05852857308065
EK202310121439,155.71045815227092
EK202310161947,146.26525703773177
EK202310232604,133.06491734222624
EK202310149617,144.21393765392892
EK202310146783,127.28746331611097
EK202310176164,151.31786995313368
EK202310135912,135.92205822528254
EK202310229257,168.84311425757423
EK202310235094,129.53101890730315
EK202310118246,145.42360019089858
EK202310185828,148.41865600760238
EK202310106494,144.3756838324746
EK202310146544,143.83037659731838
EK202310227579,137.35111338074492
EK202310248311,140.7189424533309
EK202310204884,139.1933242681811
EK202310117059,140.52986465590647
EK202310231772,126.05238816456492
EK202310139447,130.39496050771925
EK202310189968,160.5902786316461
EK202310185749,140.11732567936676
EK202310110703,114.73956614322792
EK202310237233,135.50837837554909
EK202310240881,157.46058562749258
EK202310125013,160.275307759262
EK202310128536,128.54817367528915
EK202310153537,164.68958639096246
EK202310190471,152.1704800188602
EK202310151841,144.02600966651988
EK202310202685,122.06936715944119
EK202310105765,147.0413134102297
EK202310136470,129.54405024126962
EK202310202012,134.73962817158736
EK202310125711,158.98771533565343
EK202310157673,118.86186304529004
EK202310164027,148.6150415334033
EK202310151517,160.12900485466164
EK202310180147,133.7092735133608
EK202310198373,154.79201785146176
EK202310204349,157.41116188196548
EK202310219251,134.25252878563256
EK202310172594,134.2666419482315
EK202310179118,136.5403776446959
EK202310150133,140.85453639535535
EK202310165331,155.13381979454712
EK202310163772,142.72315674882813
EK202310126377,131.93949725307195
EK202310145984,147.57379003203545
EK202310246976,132.6470671291208
EK202310113703,143.74135553432637
EK202310232392,143.1316644244635
EK202310236403,120.86866362514198
EK202310139475,143.67625189208462
EK202310192609,147.9603729617535
EK202310224294,151.6497482753789
EK202310152213,140.6139360738339
EK202310108540,159.54736501500366
EK202310210085,164.1614204899446
EK202310226804,143.86949265249933
EK202310137397,146.24098786122468
EK202310117951,133.38165191292325
EK202310193300,160.82690110593734
EK202310106304,144.48934849270523
EK202310129954,151.5066977152198
EK202310215057,157.6425022231413
EK202310139115,143.61604029726143
EK202310212736,167.39893492822154
EK202310135023,152.03003089451119
EK202310139581,154.67954581645023
EK202310199274,136.64666745944146
EK202310211965,121.8587072860101
EK202310246061,132.09700493454756
EK202310203442,143.7516755805305
EK202310181526,152.37350150670926
EK202310193412,135.93796207387027
EK202310139031,134.58801665654244
EK202310221231,137.62518526562738
EK202310134998,176.56278548143698
EK202310141687,165.20369248196192
EK202310197304,156.42239300352574
EK202310201782,143.7677436061232
EK202310135431,169.91615426461746
EK202310208259,132.88246236449723
EK202310161380,119.78630691277384
EK202310186230,154.4009060489675
EK202310152403,143.28758537678993
EK202310116913,122.86474237703959
EK202310244061,120.54169809545066
EK202310135475,158.0352169075441
EK202310165270,145.07619141964835
EK202310138939,130.71711467624652
EK202310141892,136.61296239118565
EK202310124993,146.32716260705305
EK202310170388,136.47474042692164
EK202310157255,133.78326489465763
EK202310133503,164.98079498668793
EK202310175284,134.53253287423294
EK202310241462,136.88418607580834
EK202310154232,139.79859474695058
EK202310163615,167.31140492246533
EK202310197907,154.23304122750557
EK202310186389,136.855700193663
EK202310245749,125.70731010715943
EK202310219676,141.12283019994914
EK202310190121,151.34630008164896
EK202310209264,140.0665476660923
EK202310210983,135.70717325147658
EK202310187936,146.3583432511013
EK202310133895,131.40412686702717
EK202310186472,166.34186446454513
EK202310206380,153.5166704257357
EK202310193643,151.08863813587138
EK202310225084,150.06090219483107
EK202310220518,149.26949935569758
EK202310169406,134.74376939014
EK202310237549,135.69056454172107
EK202310109909,174.40573575124282
EK202310212592,129.10155655935623
EK202310179751,118.4158112715063
EK202310112820,141.47228897527472
EK202310195293,132.81899332326878
EK202310236702,125.35166141940404
EK202310145993,140.62316365901577
EK202310222902,138.31637078360018
EK202310189301,161.2832204132831
EK202310205807,152.08916187748935
EK202310163101,143.76597371758143
EK202310203688,147.40610019816444
EK202310174439,169.93727719878498
EK202310156353,156.43899595028722
EK202310162723,142.16815771374124
EK202310212065,131.0915743077617
EK202310004255,148.03689217103715
EK202310222006,114.97919268362199
EK202310194790,143.35102478414723
EK202310106043,139.66931438404282
EK202310242730,142.03806700212778
EK202310242586,154.53599349104107
EK202310176604,157.71585152060504
EK202310109635,142.77425167580975
EK202310216117,127.53523340398218
EK202310116981,158.69561242207274
EK202310221657,135.91249354745068
EK202310144341,135.43903605045386
EK202310228428,131.0128327065972
EK202310146265,133.13285412004728
EK202310209443,136.90943238243705
EK202310218588,139.39290859868086
EK202310108618,152.0271552780413
EK202310121760,127.57563822249118
EK202310107369,139.83052663642962
EK202310115437,147.04412023005165
EK202310187394,152.2506715882298
EK202310165757,135.29368226226742
EK202310195111,150.748197894686
EK202310188262,164.0588512938454
EK202310124663,135.57120937605077
EK202310143110,141.41845398832726
EK202310211384,146.02930228059705
EK202310118553,139.94071223754298
EK202310149358,171.73300991644808
EK202310164859,140.43460921171575
EK202310207799,143.8095457205623
EK202310172115,135.46710818689058
EK202310215359,145.39101024931023
EK202310161036,150.83553542859602
EK202310223447,139.2787160751321
EK202310181639,115.82900266892938
EK202310204435,145.08923006217796
EK202310104184,140.7774397314222
EK202310160295,153.37676748586952
EK202310192033,143.63287219770007
EK202310168110,151.63437172474585
EK202310189097,129.2692785382295
EK202310167385,133.16474057061026
EK202310109968,145.9434454649512
EK202310198949,151.3142971228502
EK202310197617,164.88537222553666
EK202310108360,144.38837831654476
EK202310159270,153.72287562472738
EK202310145269,136.9869141600075
EK202310188812,118.38544687943829
EK202310125988,140.46208765713146
EK202310112939,121.83251942797295
EK202310247895,127.39403900070359
EK202310131311,133.76434709739806
EK202310183854,144.83547395802202
EK202310219712,126.44438076613275
EK202310160911,149.8056425495415
EK202310231162,143.6871391883521
EK202310135041,175.39918964642013
EK202310212037,136.7299090438183
EK202310226698,143.69404134770045
EK202310134750,133.93064940150038
EK202310148234,158.2599750458794
EK202310174532,152.62427008060172
EK202310109167,124.01218434100477
EK202310197750,163.00505412696415
EK202310164476,127.96637565456665
EK202310233270,167.2049308983862
EK202310135322,161.37781086366573
EK202310209231,134.46739219855266
EK202310202820,142.20272560803556
EK202310174302,151.40116410694503
EK202310125602,134.57471608259462
EK202310158386,148.13968795492644
EK202310242062,141.17587117918674
EK202310141111,138.6273992163311
EK202310136233,144.07382710040488
EK202310236818,134.87839195410433
EK202310184555,133.1338740335161
EK202310198830,145.5203005077775
EK202310151478,167.1383037595394
EK202310231437,126.83893229680342
EK202310150468,151.02148146441877
EK202310241943,150.63862361878537
EK202310231053,131.73962277429297
EK202310154428,146.82227200361098
EK202310192603,161.80424913761163
EK202310161912,133.51805114631267
EK202310130902,126.6591979662376
EK202310183672,147.29800413354386
EK202310227046,167.86811165721494
EK202310166255,142.4704497072107
EK202310137864,124.52134154773867
EK202310116959,147.52857530126076
EK202310238412,140.85436189057754
EK202310171649,158.70842596534084
EK202310193766,147.3932099418158
EK202310123847,170.14952681319076
EK202310146498,132.68176626043692
EK202310239626,145.72454022068007
EK202310195302,134.74010396494901
EK202310212103,137.9157481197306
EK202310192877,125.41737445388371
EK202310111009,139.50633078175795
EK202310136743,133.72526163815573
EK202310195641,146.3831165699351
EK202310227516,152.50542450457064
EK202310115577,136.95925638194134
EK202310215165,139.4669341586871
EK202310138284,171.14330788265246
EK202310126665,130.2776837747985
EK202310239150,132.58895477850365
EK202310203149,148.525887525601
EK202310193960,123.8676699432637
EK202310171451,128.90668784978712
EK202310121337,120.03718625021747
EK202310117375,133.62876333131828
EK202310220920,138.47499546128887
EK202310115368,144.25304868985668
EK202310156865,161.29540524706144
EK202310185189,148.89058762660719
EK202310122055,138.11180072799598
EK202310215356,166.31767784987187
EK202310147958,140.7092931610408
EK202310121750,116.16291921894644
EK202310173060,133.2961480808809
EK202310163776,132.47991723998427
EK202310220192,139.0245521209324
EK202310218549,154.89018688186172
EK202310157001,171.85197352889278
EK202310225119,145.60952303560734
EK202310204051,148.85830669303925
EK202310122949,130.1863491416591
EK202310121503,121.71170711463147
EK202310131147,147.4923997045225
EK202310108909,148.47012981463217
EK202310151114,133.70711576398205
EK202310233392,139.81889023994077
EK202320007141,158.5915658742536
EK202310164522,145.93775000245645
EK202310177297,150.7113610706896
EK202310210546,145.67003225813684
EK202310184589,145.82895939614536
EK202310212117,143.02875029954427
EK202310133272,138.4484972182384
EK202310205158,145.87209156424763
EK202310174636,149.36242946569095
EK202310140946,153.54459860888284
EK202310117042,134.166755481239
EK202310134320,126.74301062840794
EK202310229429,141.56543301735533
EK202310106153,144.01439727382433
EK202310247761,164.99103901236612
EK202310227271,128.98332199416603
EK202310239428,121.7282014272457
EK202310215784,129.3081269630334
EK202310210318,126.68097135271324
EK202310141900,151.15757647805316
EK202310184802,176.04510916458034
EK202310165235,148.60669144831647
EK202310171404,119.84810989597779
EK202310210573,136.17708730696984
EK202310210122,150.8559739509611
EK202310150189,143.4882679489356
EK202310156048,145.18683739418236
EK202310172500,165.81655542948312
EK202310132244,131.78209411121276
EK202310245342,138.28776422051607
EK202310139313,137.4233089119179
EK202310207856,145.5994523368343
EK202310116311,130.3864326785154
EK202310208589,146.22587581077107
EK202310136325,137.21388213965753
EK202310248759,119.53181086815636
EK202310198653,144.06665686923628
EK202310195491,162.84802827981352
EK202310103816,128.16883755160288
EK202310207373,146.85773852803877
EK202310227064,139.52059526675544
EK202310138546,141.62300328810971
EK202310205952,133.47808004261293
EK202310212677,145.65163765623078
EK202310228148,131.25381552337544
EK202310107729,143.41738774262905
EK202310211277,149.91144567985
EK202310195545,138.00676308224539
EK202310116564,145.69394763100092
EK202310184823,149.40906003424388
EK202310170543,161.85140342374504
EK202310193619,133.3390415019456
EK202310239035,155.13991799478325
EK202310133171,141.0647251665194
EK202310227136,137.2930670947882
EK202310142625,123.29051324730848
EK202310244169,134.7172928526333
EK202310246581,142.50361083307445
EK202310165380,154.0541818388637
EK202310193395,128.04748092286846
EK202310109332,147.83505663415087
EK202310163291,169.95529521617294
EK202310124290,147.69290951409943
EK202310215739,138.9608776414576
EK202310241146,135.2392387734199
EK202310124580,141.90920647553517
EK202310211475,137.09369110655405
EK202310004503,149.9649943203308
EK202310143151,140.5407458967974
EK202310136531,150.96318793243074
EK202310119568,137.18549797815376
EK202310107515,132.97223422085264
EK202310189886,148.53395381041648
EK202310124398,140.79183678827488
EK202310125848,135.32727771579698
EK202310211088,127.39751246778148
EK202310156421,159.8474946364465
EK202310157177,150.55310576484703
EK202310211323,144.47844414862965
EK202310202592,134.03579537357928
EK202310194894,142.76088597481868
EK202310215071,152.69447597307936
EK202310202956,146.36134519922453
EK202310234488,140.81078810587294
EK202310187089,131.47537517624568
EK202310227517,156.04691354044616
EK202310170551,158.5691364015471
EK202310189993,141.1742285443961
EK202310149202,144.49556282789896
EK202310229780,127.95354188565422
EK202310245465,130.39885635216206
EK202310218891,146.57647728862833
EK202310124812,175.84741554264872
EK202310208935,137.26174114145041
EK202310140658,129.85693541521536
EK202310183874,152.24716147039865
EK202310107413,129.90878215215966
EK202310194042,139.71848186405302
EK202310157446,138.48106476955684
EK202310199004,130.45661184406507
EK202310135601,125.61199625209383
EK202310201970,147.91046340409645
EK202310139356,142.21888544382023
EK202310134175,143.25989144065355
EK202310108539,155.17608404235685
EK202310177643,139.20167562405373
EK202310103821,130.38297994742982
EK202310206740,154.18707600687642
EK202310131433,143.6700290311389
EK202310204350,139.9546102874504
EK202310225071,133.3868551911249
EK202310211718,136.83795210844028
EK202310131849,148.78996746672783
EK202310153172,156.64287880884572
EK202310132642,138.760354708919
EK202310112845,142.0552546798006
EK202310177008,147.42676403708091
EK202310130444,147.43876799948777
EK202310147078,148.62513554288282
EK202310208564,144.01035055061126
EK202310194298,138.9797833869753
EK202310228548,140.58518961778304
EK202310187217,141.45106643832605
EK202310171794,133.3582514250415
EK202310174423,133.44306787148975
EK202310186521,143.998705796504
EK202310189274,163.5014185457748
EK202310128594,125.80945218862601
EK202310213657,126.00114020545033
EK202310136140,125.0810402536915
EK202310144986,131.6043768991994
EK202310117312,140.45524676092487
EK202310165610,180.79644056145082
EK202310130595,144.12484601683403
EK202310004575,126.06085249438172
EK202310119145,143.74600233840917
EK202310179788,123.17088199957335
EK202310247106,144.9488104143678
EK202310118131,137.8563688675093
EK202310144354,130.23162636309792
EK202310192108,144.4173321060914
EK202310169582,138.35979849398845
EK202310227386,133.2865549066997
EK202310174182,141.12004548589886
EK202310222783,127.55050783148776
EK202310178639,146.66862695425488
EK202310245259,118.35170091112583
EK202310167257,146.7945189500283
EK202310162914,111.78299374171976
EK202310004463,144.0211600281477
EK202310207893,156.6649955271277
EK202310148230,145.43312000578717
EK202310116055,140.03477557532113
EK202310224157,148.06358007985514
EK202310114888,142.74070584866638
EK202310195337,162.5308628953895
EK202310216934,165.70659236438613
EK202310216677,159.22500951863606
EK202310188580,139.7863825019075
EK202310219727,143.3032636691403
EK202310166001,142.93265739419496
EK202310229705,132.52060863705165
EK202310209871,143.38975966502557
EK202310196361,145.450671715675
EK202310234245,138.23787292933687
EK202310138920,140.9604017051062
EK202310122618,131.70632085971283
EK202310175727,159.47752603697046
EK202310155478,140.06377209377874
EK202320005560,142.82355511033367
EK202310110719,152.41028619527196
EK202310136240,152.20759895334874
EK202310186251,168.44629107357744
EK202310216248,141.16078990876846
EK202310205301,148.45199045378413
EK202310211409,133.48823385098447
EK202310154889,138.75588419393566
EK202310133167,152.26777857114567
EK202310190742,143.19906302997498
EK202310181049,147.9608359659584
EK202310190345,155.23759671182404
EK202310223134,166.60744916098997
EK202310248510,143.90761956851952
EK202310177287,156.37457383543807
EK202310127550,129.9148865622056
EK202310118313,135.0325541924148
EK202310222760,139.12360885592847
EK202310112189,138.5815250001875
EK202310141089,136.79361028982188
EK202310132200,163.7800091249263
EK202310221040,140.84399618058762
EK202310111716,149.61751510072705
EK202310206062,106.58570767782487
EK202310209855,146.25757252722326
EK202310104428,144.2347882326894
EK202310177723,145.12510998654128
EK202310003367,122.01824977112787
EK202310182125,147.5015199940689
EK202310194084,150.30447471528223
EK202310211789,139.6277322318239
EK202310132488,151.23404292170244
EK202310142803,132.4265289068949
EK202310181723,165.1258920358145
EK202310103735,138.96116506819007
EK202310219083,141.5215865598819
EK202310215988,143.7310236683486
EK202310234414,110.71047497415083
EK202310203900,130.16916392773626
EK202310137717,138.5424515424821
EK202310112769,147.8435300183154
EK202310160354,129.08389676496563
EK202310105028,147.2323079732412
EK202310128626,147.32506160778013
EK202310206626,154.22312655968713
EK202310247911,126.24879418450608
EK202310156966,142.41980773033632
EK202310111774,138.74129232798265
EK202310141388,139.0243190720414
EK202310105367,137.34357830528046
EK202310138470,137.0031365433343
EK202310238177,142.35170880530333
EK202310169946,154.1693356128101
EK202310189158,144.3583087016617
EK202310231981,138.43255906696345
EK202310174508,138.23308268617018
EK202310110650,114.22328592112626
EK202310195172,162.0345208235383
EK202310188961,139.81760117020173
EK202310219185,141.87468019741573
EK202310208623,138.936522171935
EK202310128662,132.44022825759544
EK202310185661,147.4106016803542
EK202310157894,139.18587723259128
EK202310200928,154.44754828197935
EK202310004224,130.95014563120094
EK202310150214,133.30447054517842
EK202310111969,148.39680819002697
EK202310129506,142.23979517219306
EK202310127186,156.23796338886956
EK202310173377,124.5418936190539
EK202310163570,138.75386408315444
EK202310196742,130.29612123847303
EK202310167664,156.25334001131856
EK202310148814,148.52160967950547
EK202310200567,162.90036180338228
EK202310168414,155.64559371066193
EK202310203613,158.67227889860203
EK202310247919,155.17269951653088
EK202310200083,172.97360775437403
EK202310148844,129.21968470266737
EK202310159721,145.77101719752847
EK202310131910,144.80409361114135
EK202310153522,131.93718226407853
EK202310212250,144.12197119334405
EK202310111147,155.8732920401539
EK202310170237,131.57957485320065
EK202310166954,143.78145753933703
EK202310193804,144.71126404989212
EK202310180730,167.46984270369882
EK202310004363,168.35004219688307
EK202310123533,137.90515095605681
EK202310235018,130.37124443489833
EK202310176008,149.2273914842958
EK202310151334,124.07189318255823
EK202320007865,165.43376341753066
EK202310236423,137.53584275107005
EK202310130270,165.429358242421
EK202310220333,140.51459344436455
EK202310196344,139.98114008966107
EK202310218805,149.29137755838036
EK202310116838,134.55937834506216
EK202310185359,141.28578976473844
EK202310150318,149.30835302953636
EK202310121733,129.7091544737876
EK202310242000,146.7898596807976
EK202310193114,125.03596801724282
EK202310171559,132.7011717427736
EK202310122635,133.2663226544638
EK202310167040,155.29438778923466
EK202310166470,133.9420221541346
EK202310195612,147.56372090512383
EK202310233457,141.46130789619463
EK202310185055,136.7995060505701
EK202310177519,155.34217555820754
EK202310247329,159.4306663302428
EK202310195549,158.04886586869065
EK202310144213,128.00164436103668
EK202310135438,154.96536917584
EK202310226468,138.61118849740754
EK202310105289,139.5007584525773
EK202310120252,147.08891417981164
EK202310176662,137.46777376347114
EK202310114289,138.44876759304645
EK202310126976,137.24388478961916
EK202310207593,155.95606003399632
EK202310114272,110.01442696059408
EK202310199080,142.633552940267
EK202310122669,132.88776047458006
EK202310180804,154.22218230683046
EK202310204732,145.62931175187472
EK202310200464,141.76766775275848
EK202310203808,119.0028404538402
EK202310212010,136.59389953356418
EK202310245942,149.0247243279117
EK202310004694,132.14845498238134
EK202310155200,144.36704284874298
EK202310164369,134.91514858848407
EK202310126268,145.0404541926685
EK202310170105,159.6349261668187
EK202310225963,149.67649921686217
EK202310114547,139.6263880117998
EK202310236239,133.13553462678806
EK202310112862,145.84214042954494
EK202310109972,155.96839332250923
EK202310132643,132.4671980082014
EK202310132419,152.45399667768388
EK202310161002,135.26939780502306
EK202310189189,141.08435328904875
EK202310148790,146.21583464989052
EK202310169154,164.65807759128822
EK202310196747,150.78485190078442
EK202310122266,154.335920861064
EK202310115421,126.03384332895308
EK202310180521,146.4032719110062
EK202310167786,145.0281822196607
EK202310167076,164.3350958130856
EK202310168839,139.04302464247283
EK202310110674,126.9792837842421
EK202310236684,120.74371856825282
EK202310128770,133.38312046200124
EK202310244917,152.0383455467677
EK202310128367,162.59774631890738
EK202310129004,137.70973277789867
EK202310231478,129.30210208323922
EK202310178172,149.77407970770915
EK202310180564,151.74828413692728
EK202310112326,127.48123734959165
EK202310200330,130.4169261509897
EK202310138725,142.41368975525927
EK202310177009,155.99129034831392
EK202310220598,161.95590779749557
EK202310200436,148.9870399459979
EK202310242674,130.2789129245081
EK202310222668,169.51261479273057
EK202310118184,127.50670743303995
EK202310138203,140.8241086511972
EK202310118829,145.56377039559135
EK202310185969,145.35991377253217
EK202310216351,138.03053183884924
EK202310187284,143.49894744197846
EK202310218216,143.54922226424466
EK202310219259,136.63445692159988
EK202310120929,131.6451992328476
EK202310108093,154.05077056633633
EK202310142267,152.50959693997387
EK202310174980,151.9838782224375
EK202310114009,150.2006486121973
EK202310242966,140.5034929642809
EK202310147064,149.44338600280076
EK202310223815,144.35976869271457
EK202310185149,162.16040431183745
EK202310173756,129.70401519202778
EK202310212549,146.89323486515224
EK202310122123,138.30535682093097
EK202310148593,130.15275444490658
EK202310203858,135.90133441964926
EK202310194323,150.05099759792603
EK202310210067,148.26086288477168
EK202310247362,134.19599323757868
EK202310179728,171.5274916059371
EK202310135263,138.8807065920908
EK202310228041,156.39141316102751
EK202310198439,143.40597951144247
EK202310224121,136.18284320242753
EK202310176263,139.1979604829525
EK202310210520,135.9820569033565
EK202310153558,132.44507471196698
EK202310201528,144.03948762205542
EK202310204700,138.18381131079144
EK202310199855,157.6046935683948
EK202310133334,147.28674618814702
EK202310125891,140.9902779727788
EK202310149237,140.8496052170905
EK202310207352,133.70386379231107
EK202310143244,164.47298719487415
EK202310173902,161.6952153006449
EK202310204441,126.09568256516414
EK202310154510,161.7058645709099
EK202310197593,148.58923326666883
EK202310139918,142.91038205897402
EK202310143944,142.51534081871142
EK202310182605,132.49987873597465
EK202310113041,138.64574133414806
EK202310108339,141.70271384159554
EK202310177699,146.55972572579208
EK202310158001,155.0588803953046
EK202310243619,128.00627505204585
EK202310225367,143.32361280534542
EK202310148561,139.65876575580916
EK202310242689,131.5635553168271
EK202310146006,154.39393103457306
EK202310200037,142.4387346287088
EK202310186473,134.90452255834407
EK202310105390,122.34221941416041
EK202310150556,144.1968785779803
EK202310180347,167.31824417773268
EK202310203230,167.7807840395225
EK202310200016,145.51274500143552
EK202310154269,135.62948978045725
EK202310128087,157.16001243465632
EK202310122816,147.91331527218276
EK202310134877,139.900266601478
EK202310195490,142.88934013737253
EK202310209715,129.2994059979749
EK202310236837,143.31597025063394
EK202310196435,131.03000839202355
EK202310139068,154.35526956864368
EK202310171012,160.51134903739717
EK202310150360,152.495041612983
EK202310222353,157.70003354901988
EK202310197842,157.19831451695234
EK202310188412,159.19110306274945
EK202310153874,147.2368186668082
EK202310213199,148.41381360543554
EK202310127730,154.71705179207964
EK202310215194,144.37318283622642
EK202310126576,130.35959518468965
EK202310248182,137.8663106571869
EK202310198801,168.33133591315794
EK202310198160,126.72902491942064
EK202310198294,155.55534667734315
EK202310167705,127.83880436189693
EK202310217704,150.94826760958455
EK202310145831,133.43957772940772
EK202310105308,136.73442086939008
EK202310230902,131.18745224660816
EK202310202412,125.54424665794511
EK202310130126,159.96348966858685
EK202310193563,146.78985511249033
EK202310130811,144.42643526906707
EK202310169126,160.48526428450495
EK202310107052,163.1794125102947
EK202310134315,119.77024865138509
EK202310230590,127.2245186590724
EK202310212377,132.0466448426931
EK202310227080,146.1242709612538
EK202310124256,166.6305704659925
EK202310219252,148.02300678869884
EK202310230033,132.84524114917298
EK202310117668,141.3120152488972
EK202310228344,138.54581261438324
EK202310233855,147.11810279294755
EK202310147814,152.6465984441837
EK202310107881,145.78326012943586
EK202310230203,168.2460603108435
EK202310177383,158.11946560824668
EK202310122567,140.8579241983142
EK202310207619,156.4281465533021
EK202310202333,135.86507763377412
EK202310189380,139.05921620640328
EK202310180057,137.07321696724728
EK202310202234,140.54570608927128
EK202310233426,145.04168595029748
EK202310175207,135.76969899551628
EK202310204631,144.32343839917087
EK202310194398,131.7974180249274
EK202310139820,153.70778209863113
EK202310116562,153.80959463174744
EK202310229058,128.97678489456393
EK202310247161,132.95500291906313
EK202310189860,128.63872142682746
EK202310104099,140.29112816521973
EK202310244738,165.5858464995837
EK202310247933,124.4665872290916
EK202310149446,146.0575069806702
EK202310161930,142.8779820037879
EK202310116286,152.0622134936537
EK202310109850,138.23188777191018
EK202310204890,129.9865751778525
EK202310124176,120.52985582382996
EK202310231512,134.21596960638772
EK202310157031,150.73908554424833
EK202310219683,132.34376675066338
EK202310105922,132.69971013609015
EK202310003444,147.1619904102238
EK202310128205,116.71196029760338
EK202310136781,147.13423000468626
EK202310195373,147.90660493100978
EK202310140338,140.51543961439276
EK202310178676,146.6931561450934
EK202310234329,142.76621769370405
EK202310115125,162.20215606240154
EK202310219503,128.22635574376068
EK202310201769,140.02280289088597
EK202310139458,137.02969281331002
EK202310194338,135.46008626696022
EK202310223572,136.05485116668848
EK202310125065,160.31775692172707
EK202310227016,146.34796184199502
EK202310176702,145.7981350633309
EK202310155243,146.2147567341042
EK202310192723,152.06054793911488
EK202310198191,145.9953174608133
EK202310105422,129.39790903770268
EK202310105777,146.1890617805891
EK202310187970,140.95318205436035
EK202310236294,157.3350196746975
EK202310210632,136.4894122326899
EK202310122661,154.19371335008418
EK202310132816,172.0488981200923
EK202310221993,136.56262413296415
EK202310235308,149.68797840294386
EK202310232426,125.64949300173852
EK202310225207,124.73613489678962
EK202310120329,145.7155184771531
EK202310174955,138.3438408732159
EK202310233002,162.89387409670195
EK202310226820,138.16722072318234
EK202310231561,126.88945566895723
EK202310178128,131.16158822099206
EK202310231088,131.36120374653572
EK202310147614,157.87232752813196
EK202310192044,131.58365302606688
EK202310207423,129.54282797520824
EK202310144998,143.02798689840847
EK202310160433,142.12477721428195
EK202310182388,148.81013654004946
EK202310004163,141.20603348603504
EK202310178635,141.6237666124053
EK202310147316,164.12143829672723
EK202310137625,138.16270638945156
EK202310234674,131.13135724236744
EK202310206395,140.29810118348084
EK202310198108,163.4530064473639
EK202310230135,126.93416632762458
EK202310124667,116.90525937027377
EK202310197608,155.22027032952846
EK202310239140,150.9549191485783
EK202320006708,158.32584069129686
EK202310141682,131.03624878350357
EK202310173078,139.76937875410496
EK202310180684,160.85912552980466
EK202310168825,145.07874401192225
EK202310196603,151.41496118143436
EK202310143301,167.5252110610085
EK202310198024,158.8302795983898
EK202310238866,153.32781650058342
EK202310174309,112.98122321729062
EK202310169127,135.5956179135157
EK202310118888,147.86195750194753
EK202310219211,129.09797785793907
EK202310117888,128.17333932019503
EK202310203714,130.3561466414656
EK202310212227,130.63961922483466
EK202310224375,129.4037529593881
EK202310169753,145.64777369265678
EK202310218369,150.99589860732894
EK202310229422,152.35624993910739
EK202310114027,142.83130618621905
EK202310191499,130.2429781844423
EK202310123832,144.0489875730899
EK202310117550,146.3709146797281
EK202310153034,141.5860848145716
EK202310147526,142.75880148012462
EK202310240029,128.96251799696228
EK202310208321,138.07044729653134
EK202310110615,130.6396348442279
EK202310172001,148.50777781950043
EK202310245514,145.28527454207065
EK202310113405,143.38405169639674
EK202310133712,168.4698823086199
EK202310220573,137.7067679819584
EK202310127361,166.78362887737086
EK202310203296,119.10733431214106
EK202310205467,132.52187380810005
EK202310182859,148.04547493304537
EK202310116644,137.5442132115338
EK202310143055,144.80962124707136
EK202310137541,148.0935086014877
EK202310240346,146.81772592860534
EK202310231920,142.7139407202719
EK202310003793,137.3955933377266
EK202310179099,143.460731168451
EK202310182101,149.170303077722
EK202310180654,136.8798634377142
EK202310203568,155.08255552752985
EK202310201589,159.98623979101998
EK202310185227,146.05566666285284
EK202310204045,156.6030179426702
EK202310231962,138.13226573701687
EK202310206237,127.12480659304867
EK202310129023,160.1994917825723
EK202320005658,145.10742892998394
EK202310155013,143.50329979018923
EK202310207955,131.27771795854443
EK202310175039,124.65937838645075
EK202310189095,139.72630874304085
EK202310222588,142.16833500340357
EK202310194826,130.0949659278006
EK202310116127,136.7571753427741
EK202310186036,142.17022383113547
EK202310228425,116.5442301637531
EK202310142709,126.45518373668276
EK202310212132,124.7814459136184
EK202310106890,130.66941588582702
EK202310244866,146.5276964674707
EK202310185150,152.41849683478813
EK202310137324,132.71104422067606
EK202310171191,118.07062031129911
EK202310113505,123.50008529056004
EK202320007023,154.16225021037474
EK202310119257,160.81944623096965
EK202310149918,151.39855027141658
EK202310223014,129.8146794982426
EK202310201000,147.35405590890994
EK202310172203,145.78737515547616
EK202310203943,148.93359691788442
EK202310120010,128.7989477321255
EK202310108002,150.43009651517
EK202310241637,142.36734854219054
EK202310174800,152.3622480315807
EK202310127377,149.52229333648378
EK202310122799,161.0669895422106
EK202310229843,116.80001756603866
EK202310226129,142.7087599612023
EK202310140081,155.309395762568
EK202310229999,128.1633156866908
EK202310203546,156.53359453408825
EK202310209757,146.3104651672073
EK202310116016,127.71432722457283
EK202310165012,171.42195455994744
EK202310122837,138.75125724333435
EK202310146822,151.50689221356666
EK202310112044,134.48890105667058
EK202310166309,153.52230494894752
EK202310172353,146.21461826280213
EK202310111013,157.16561642898037
EK202310134532,131.68723763122512
EK202310201623,136.89476264520175
EK202310207833,126.75760785647414
EK202310153627,154.8274215480731
EK202310173741,155.12411340407493
EK202310233377,158.14445963316763
EK202310108336,139.53323502218927
EK202310144097,130.53584021410626
EK202310242026,143.13623159462563
EK202310123987,164.37990611127012
EK202310201556,161.89998787277457
EK202310141802,152.8944682129551
EK202310160116,156.751277702114
EK202310208420,144.04289184238516
EK202310201286,141.26496267057672
EK202310242784,143.16216815821113
EK202310207678,128.29852886419428
EK202310235367,135.2537420916938
EK202310138835,151.01426921104147
EK202310126496,150.3092575412626
EK202310210203,146.0716112090466
EK202310160698,155.71271615662022
EK202310131627,146.74605882716943
EK202310192509,139.45564511970787
EK202310237182,140.9069344073996
EK202310195225,151.18276322607713
EK202310209548,141.5502182824818
EK202310170414,129.38265162385696
EK202310178511,133.79356264243003
EK202310169436,160.70479437560252
EK202310163299,132.63588869387172
EK202310197411,130.44961205308024
EK202310208679,143.48351451940164
EK202310178121,131.07053855129564
EK202310126051,140.23516152733762
EK202310158375,144.75781481789906
EK202310190778,132.43977466615604
EK202310154851,131.3755230954821
EK202310179709,134.73875369842807
EK202310114702,147.348041269848
EK202310167850,127.62611910964885
EK202310004729,144.798556755714
EK202310183539,162.37675438509478
EK202310196615,147.04969429187858
EK202310162856,157.86418844446064
EK202310133076,146.79366142060854
EK202310230396,157.3299515298719
EK202310158633,150.8202710156813
EK202310161117,167.9665763401499
EK202310004351,143.24744560199107
EK202310174767,157.4966307682866
EK202310183707,142.24315226011512
EK202310201085,149.48255014015595
EK202310117365,128.28414078110887
EK202310211525,140.1350193579161
EK202310174033,147.4374296988697
EK202310133029,166.22293107265256
EK202310109257,131.5603604667851
EK202310208465,138.58423081194357
EK202310003437,134.53412730952357
EK202310147849,158.37822319492267
EK202310172875,138.12186180443473
EK202310195261,149.73495348166048
EK202310124700,135.97096302344588
EK202310209462,139.73362295702958
EK202310190370,168.76059764869672
EK202310166689,137.19102974502846
EK202310125440,136.12004322884115
EK202310242447,152.46198118790969
EK202310208224,134.89595267979436
EK202310164938,150.0434311257677
EK202310171017,144.51594859938803
EK202310221295,126.4362951927696
EK202310116789,117.81931502953006
EK202310245230,147.15611024087804
EK202310196239,144.6335286981224
EK202310217020,152.49936984175108
EK202310149091,148.58668011008265
EK202310188633,138.75583034021682
EK202310145175,137.41113080558804
EK202310184944,137.68355208567286
EK202310116881,142.49286935914185
EK202310133865,133.02427072505995
EK202310170575,149.80120513249963
EK202310217837,115.71497717413969
EK202310142127,138.82662041826904
EK202310220280,131.06534127994345
EK202310220011,152.92608200462888
EK202310136446,145.58176352798753
EK202310167400,148.11118044959957
EK202310136757,151.27269140661764
EK202310219947,132.19783718300903
EK202310215446,154.45574773623045
EK202310113390,169.31904047827817
EK202310231430,130.187677870141
EK202310190750,148.89583388272598
EK202310218203,130.66723603486287
EK202310232673,153.1135895002739
EK202310172719,123.11106567098236
EK202310238088,148.66697881948343
EK202310122490,123.55437840605907
EK202310141767,140.45855568894456
EK202310164189,153.3290913844561
EK202310131789,153.27483336315265
EK202310131787,133.38383406241144
EK202310111463,153.9630118200956
EK202310189888,131.38232340543414
EK202310123502,140.40140213536654
EK202310248489,137.54388621389654
EK202310104974,141.89709988392045
EK202310133434,133.0652806607977
EK202310122152,131.89217431563972
EK202310223645,148.34143140081034
EK202310218467,131.31585103168572
EK202310200984,143.35129064372293
EK202310246962,158.43080172479884
EK202310138658,153.56590735680064
EK202310135971,135.93026917768722
EK202310145071,140.930409991715
EK202310236227,154.282772734305
EK202310161820,139.23127684974236
EK202310116560,148.80246038709166
EK202310147855,157.8202772832931
EK202310198848,146.29782883366252
EK202310126318,142.9424497821967
EK202310168761,150.7929341789748
EK202310236060,142.45923808784636
EK202310194911,167.15848141697816
EK202310232213,126.32432985457007
EK202310123619,132.76159980115753
EK202310129238,159.17352103803742
EK202310239622,149.4287790309529
EK202310130274,166.029263657266
EK202310136862,124.88670645175131
EK202310144925,150.53307160024096
EK202310117994,131.13721600203897
EK202310145721,156.58002842723477
EK202310166110,129.27661315022328
EK202310153689,153.51494310238513
EK202310167524,121.6986135267396
EK202310171110,148.6820493369385
EK202310194242,132.42580928007368
EK202310128824,134.41052077994163
EK202310217802,157.4470616828255
EK202310174759,134.44463955442592
EK202310163258,147.60521905966402
EK202320007136,145.3805595250048
EK202310223074,131.12978940417713
EK202310127999,134.47283119994833
EK202310210697,136.32512572343853
EK202310187479,146.4015875195263
EK202310229648,156.24142408860496
EK202310223615,155.49983244173296
EK202310205259,153.50029613238135
EK202310207915,150.88877589550785
EK202310161035,158.8401402883378
EK202310211684,144.14212624368196
EK202310217627,135.69458571608905
EK202310188184,152.5970021666644
EK202310179703,150.27940271677102
EK202310191167,147.10228927725353
EK202310206412,123.39168683254674
EK202310138851,153.45956572250893
EK202320007328,154.6717950919035
EK202310211346,142.3722089577311
EK202310169209,149.5371144159698
EK202310145302,129.50655521094288
EK202310203140,144.77967525343908
EK202310209732,133.4800514069953
EK202310117958,132.26936851627894
EK202310155922,137.5110667515039
EK202310184930,135.88486558781673
EK202310150832,140.58755642439482
EK202310208806,151.47061425555643
EK202310172410,165.05328259989778
EK202310230235,139.27731769594595
EK202310203566,139.8592689621728
EK202310123801,148.15086676624873
EK202310141762,170.2346728745893
EK202310245120,123.78527733990742
EK202310183959,134.98882273133057
EK202310128037,160.40030155515683
EK202310004669,137.10881322451272
EK202310217022,128.91123522322314
EK202310110060,148.1976911552433
EK202310231754,124.13917220500994
EK202310132866,141.58222935676693
EK202310246978,144.49941010711515
EK202310111800,141.43854049090314
EK202310141316,143.77982840074185
EK202310225078,143.390592172847
EK202310224113,125.88003520979672
EK202310229156,136.85130497891285
EK202310158924,163.39518157750564
EK202310193952,159.5277303854278
EK202310134851,151.72354056230836
EK202310107778,139.20204547140588
EK202310201914,161.21186338261512
EK202310226477,130.79345994192929
EK202310200818,149.02617660012947
EK202310178725,129.4423449517161
EK202310136843,137.2070009141747
EK202310188878,163.00128677048502
EK202310192998,151.43366416572002
EK202310123605,149.9758383429001
EK202310109206,142.47119997838308
EK202310110309,145.2185483341406
EK202310201669,155.34570934635553
EK202310228267,150.156271224702
EK202310120920,132.5851227934314
EK202310239638,159.2955102907474
EK202310138789,156.82941387491888
EK202310187947,173.96852005394817
EK202310143793,136.84880960250072
EK202310231992,134.2579183965671
EK202310243082,133.87945363955683
EK202310174903,156.77452276984454
EK202310004153,153.27462112502198
EK202310211574,139.2169519710683
EK202310133648,141.3386254162592
EK202310145095,147.91090804920006
EK202310180354,170.76899400039437
EK202310111206,133.22757427814975
EK202310182140,144.45925831740078
EK202310202202,143.88799215642058
EK202310158892,133.96206978658907
EK202310193967,141.9875792072742
EK202310222297,121.42691165741971
EK202310121931,151.42407321957234
EK202310170526,154.46599172175638
EK202310119454,168.04400698930579
EK202310235204,143.50708767306006
EK202310123917,138.79089545561447
EK202310157703,144.12556843680676
EK202310149315,149.98384503796845
EK202310146815,146.05776435109718
EK202310126049,165.29652299508209
EK202310232396,147.40980661618718
EK202310199056,148.41222331275537
EK202310141228,133.80461708508417
EK202310196032,144.01558468265443
EK202310107291,145.50776249457468
EK202310122690,153.43200300867892
EK202310236528,143.40640791324716
EK202320007677,147.47381217151838
EK202310210488,145.10896830467084
EK202310207172,160.4089608898436
EK202310182902,128.82179173565274
EK202310139806,175.52988727570437
EK202310148583,154.99602516398045
EK202310220644,143.39454772393282
EK202310112733,141.04599362902772
EK202310204401,143.32591836053882
EK202310160356,127.49955972408114
EK202310225435,129.3360858077522
EK202310196076,145.77985950590698
EK202310203598,144.73255420171756
EK202310140544,154.12103026472843
EK202310212327,137.92731957825484
EK202310235705,147.78120403832241
EK202310202376,123.6277804895536
EK202310196089,151.0286223365994
EK202310139122,151.91415302835543
EK202310176023,146.72658304534906
EK202310117387,131.76829613348139
EK202310192216,143.6533044732661
EK202310122067,146.48332424124055
EK202310224886,140.06744995595588
EK202310234937,143.81425024496022
EK202310196488,143.69595130296716
EK202310140986,133.32837238614144
EK202310104819,143.52347979038282
EK202310192016,145.6020194260754
EK202310230705,125.78417024754506
EK202310191079,159.2622272827354
EK202310224030,144.47040963713323
EK202310116108,123.6113576878993
EK202310216944,156.7778967526162
EK202310239270,136.3718190514806
EK202310179674,155.42892864583152
EK202310135614,139.97847614651957
EK202310196625,128.14353796650158
EK202310244109,139.42665339012615
EK202310211711,144.6658239921001
EK202310175336,155.33401462697248
EK202310155402,137.3480652796272
EK202310110776,170.18004256845035
EK202310246416,149.42320758568823
EK202310180852,130.92842799292484
EK202310173163,150.08223101911568
EK202310146639,164.17523297506378
EK202320007618,155.9889646462255
EK202310245395,140.3382998155285
EK202310175505,154.02931958644487
EK202310196444,152.45000942250164
EK202310172044,132.1280204974279
EK202310140972,169.78606559513156
EK202310236512,139.94376386897764
EK202310141653,150.34262351948513
EK202310236235,141.0390782655581
EK202310111947,147.06391771453167
EK202310129970,135.6671170971266
EK202310156921,146.84877585178177
EK202310111882,138.3975661881982
EK202310142671,149.22508272435599
EK202310225816,133.07410167168993
EK202310129016,154.28501962148314
EK202310216107,143.79098410774853
EK202310192345,134.86308473967185
EK202310115608,135.96382794396888
EK202310218293,140.9595132694368
EK202310105946,137.82038992133337
EK202310194919,139.58549332695924
EK202310138207,136.3629666169581
EK202310199908,139.10489546809086
EK202320006707,157.0769199076634
EK202310162516,152.9625614958816
EK202310121312,122.35448509165255
EK202310240696,151.56672113220398
EK202310124904,150.1391498411321
EK202310238291,141.7136527108699
EK202310127974,134.36095341082304
EK202310136024,163.0259694397611
EK202310187265,143.5793430694711
EK202310108072,127.77469476853881
EK202310240013,140.83178628759035
EK202310212042,144.5380696905963
EK202310237376,135.98423016159072
EK202310220612,129.70511801739838
EK202310194509,146.5312077321566
EK202310209569,143.20013665537277
EK202310114438,150.51927809075775
EK202310132881,153.7821667783079
EK202310175705,138.3335457249789
EK202310004055,150.66942122833714
EK202310175229,154.8094601076718
EK202310174345,154.23546811113926
EK202310212490,133.4184239610322
EK202310136810,139.17705251420497
EK202310157304,139.39177098523058
EK202310169599,123.01214119866226
EK202310107717,152.22833102609687
EK202310105279,137.8697058896949
EK202310110848,135.96099020383542
EK202310178772,167.76959528055187
EK202310245828,125.60730377158318
EK202310219817,154.27716541813913
EK202310200575,144.03974039023453
EK202310105122,145.50572154702905
EK202310162052,144.60010920410843
EK202310150697,154.5401007505254
EK202310158553,151.67204171802092
EK202310210487,127.84767621518058
EK202310219594,127.86283819129085
EK202310234064,167.83987225655437
EK202310147076,156.20272767767108
EK202310168891,160.95238287905144
EK202310230477,173.52379280725668
EK202310151700,154.30283377646634
EK202310105830,166.40527298347348
EK202310150350,149.2093911529058
EK202310221753,137.67929946856796
EK202310117832,137.6175582221218
EK202310192005,125.16977879154945
EK202310236133,147.2358398964279
EK202310128003,128.3706194279911
EK202310192879,156.196610300683
EK202310127978,133.640501956819
EK202310145508,141.4008762845727
EK202310112586,150.07131947940866
EK202310241863,154.674628551343
EK202310221932,137.67416934703238
EK202310132949,134.9638829220268
EK202310223688,162.16914672016557
EK202310143982,132.13775665224736
EK202320006378,163.20463677327754
EK202310104123,159.18666433448814
EK202310185565,146.51915665767348
EK202310229086,132.17710235003827
EK202310133226,159.72527968600363
EK202310118081,143.31522874210702
EK202310150049,146.25611115474084
EK202310135400,128.88229156922478
EK202310116088,133.6809187993159
EK202310231696,136.4559980407019
EK202310146749,146.94920739144567
EK202310111238,146.99978844934137
EK202310191666,161.3510033118065
EK202310135953,144.41471191508566
EK202310161122,158.6977827350872
EK202310228253,145.49295741167765
EK202310153608,148.11949511639384
EK202310138495,168.8807641594976
EK202310145050,131.69273596811612
EK202310206747,142.63590315744844
EK202310203488,166.04585859409798
EK202310183419,170.1813914655637
EK202310129584,132.6275819651107
EK202310131950,130.72649236318358
EK202320006497,146.6935682496932
EK202310158313,151.43075855491844
EK202310156450,131.9019298458522
EK202310206931,165.21502724250817
EK202310224192,140.53460973795643
EK202310181248,141.7115815424962
EK202310139477,131.1174153021682
EK202310106863,140.28972267725106
EK202310113902,142.9120029211688
EK202310177431,144.3321550311393
EK202310189561,152.77160337488252
EK202310206223,120.20029014338263
EK202320005580,170.14922255117546
EK202310240584,140.7478811646893
EK202310193474,136.29156401637755
EK202310106515,145.38227302679957
EK202310134230,143.53963204636926
EK202310184191,142.18715613903194
EK202310120682,138.40611731729126
EK202310169684,140.30526693682467
EK202310119557,142.15411477702952
EK202310126983,140.38096866656673
EK202310167903,145.88407518359764
EK202310133442,131.70337161869375
EK202310210959,137.92882512234428
EK202310212306,142.01154831646843
EK202310230307,135.93682811002242
EK202310212565,139.6856448012527
EK202310192899,143.18576769343457
EK202310170190,131.103734245692
EK202310153027,165.37710301879548
EK202310114380,133.63477390003848
EK202310133567,164.75068685255678
EK202310214756,150.73829564066045
EK202310114168,145.86517058135826
EK202310217065,154.37018283851407
EK202310169361,138.28498488125393
EK202310165708,148.72334355941214
EK202310228615,130.78591351887565
EK202310209019,158.1249724679485
EK202310132985,120.15808949657807
EK202310110233,142.00141910019778
EK202310143464,128.24649209578268
EK202310136141,147.22405076634888
EK202310226017,150.55299855756516
EK202310155663,128.67678182104552
EK202310195009,160.88957338908452
EK202310126196,158.60499560244844
EK202310108026,149.44636531817758
EK202310172643,135.525086667187
EK202310153423,137.2220538002129
EK202310243003,136.29670298930213
EK202310153678,144.1771647236538
EK202310169206,148.9993023975068
EK202310196881,145.41489766574855
EK202310247696,133.90748230334177
EK202310160692,151.17190707028578
EK202310157186,164.65495562552445
EK202310156752,130.43942689368
EK202310114419,134.99918746274108
EK202310117232,128.97995767944002
EK202310221881,136.57033146984674
EK202310202289,135.49477555049242
EK202310221155,139.01767974981203
EK202310197000,145.22003554331127
EK202310183680,129.6227836447767
EK202310166065,125.20852623468613
EK202310224104,132.17837414591264
EK202310198490,135.34537947042116
EK202310185320,140.247671450944
EK202310112969,141.15743295045527
EK202310122531,129.7358181397513
EK202310223294,142.3462037910741
EK202310243257,155.4837594956042
EK202310227369,156.13199352462883
EK202310132379,130.8954086892375
EK202310207889,143.6288305108074
EK202310155220,128.68393778559843
EK202310149989,137.72747722400024
EK202310116304,137.81217331098233
EK202310207654,160.92773725455197
EK202310233148,140.60926940231744
EK202310133990,161.80969005833776
EK202310131881,143.05882948862714
EK202310147674,158.67096735951654
EK202310161848,152.62892800393348
EK202310113742,144.82459156474675
EK202310107292,134.54411025142747
EK202310157457,138.040132601928
EK202310159983,132.36148095430184
EK202310222436,127.48919219855814
EK202310116722,136.27094765627382
EK202310228029,136.05168381426856
EK202310226778,143.31269545407952
EK202310223904,135.20234691228913
EK202310205019,144.99198049151258
EK202310119364,138.85164685458307
EK202310003651,140.14685021025062
EK202310212861,141.39754079930213
EK202310110710,144.25507615620143
EK202310131651,145.39481291724303
EK202310144906,128.4959065568469
EK202310188544,149.45891017396536
EK202310133839,140.99402183153288
EK202310118694,153.1136430108651
EK202310110720,130.5998210104939
EK202310128544,138.37023496255713
EK202310193628,136.90931008390808
EK202310148648,155.3012362462712
EK202310153778,149.64938202857334
EK202310188918,127.33110113883885
EK202310126546,133.28051664892416
EK202310214084,165.40584835093148
EK202310191915,153.06107554335676
EK202310230973,139.15861176250525
EK202310220076,123.48125053653617
EK202310198281,121.89070851601485
EK202310210973,131.15890547327183
EK202310116202,141.2447469873292
EK202320007382,160.55992444973543
EK202310140017,136.72916496381575
EK202310235458,133.38368651881206
EK202310224553,136.94979888888338
EK202310131411,139.17346454767923
EK202310172944,149.09838513434732
EK202310187715,141.54233105170283
EK202310117160,135.65927203161968
EK202310223783,142.19660728056706
EK202310208505,133.21823320937366
EK202310177144,145.25782463552324
EK202310141554,125.73832121559573
EK202310153806,159.58359307038984
EK202310178651,135.95222806401705
EK202310207053,140.79152239868446
EK202310121285,135.0633695012786
EK202310129917,131.6629749949337
EK202310178974,133.9876547441036
EK202310139959,151.0542838659639
EK202310240930,142.92684709853236
EK202310184143,154.22830343990623
EK202310141627,144.4556218189106
EK202310248495,134.7017142031366
EK202310210251,136.81996441215102
EK202310181393,138.956896304446
EK202310203408,149.0674752918312
EK202310210221,139.2403167923347
EK202310153228,148.80482233666152
EK202310181161,145.3095186354126
EK202310122291,151.06247595410127
EK202310219649,138.9810117427682
EK202310108802,149.99425630625345
EK202310147915,151.62019875160536
EK202310219111,137.90558263937282
EK202310004516,127.34585546959335
EK202310187796,152.46050525115396
EK202310152632,156.96991863208447
EK202310234189,123.76582452497958
EK202310248401,135.32134146286234
EK202310198077,130.47812041546416
EK202310182281,157.90186951060852
EK202310173305,130.7594309634036
EK202310191194,144.82977735583904
EK202320006641,169.94356880981024
EK202310187839,166.8591895169966
EK202310166786,158.03037961381767
EK202310104248,154.9767945039111
EK202310140808,146.44071355348981
EK202310154881,141.63214106177236
EK202310158734,149.44821142188414
EK202310198034,146.774396958185
EK202310210288,137.35518504363242
EK202310115555,148.38410896660167
EK202310122253,142.19804303561153
EK202310208001,151.60869433939706
EK202310247301,168.8157352624845
EK202310158412,137.97238334465175
EK202310133516,133.44870030888077
EK202310199724,156.31204195769234
EK202310203434,140.77641756161472
EK202310149601,157.46536150831463
EK202310207662,127.98634215570391
EK202310155823,165.56406829637882
EK202310155070,147.14935176801504
EK202310003692,174.27863710043638
EK202310112220,138.0975579202511
EK202310210474,127.39937682201595
EK202310174563,155.3995793420927
EK202310178481,147.40665862272994
EK202310161746,156.91010544024937
EK202310184759,132.1709953467083
EK202310214382,160.9512189092768
EK202310220383,129.18672434006356
EK202310181896,152.08102518325572
EK202310109101,152.4837650748709
EK202310111874,141.9322850757253
EK202310239939,147.5445169827309
EK202310146648,120.19329290460799
EK202310147888,151.86169516513598
EK202310228585,121.20562017739223
EK202320006300,168.27371096598327
EK202310157823,131.29261165238296
EK202310175416,141.60081774759493
EK202310191246,141.24337873436733
EK202310241025,146.1772985678173
EK202310175713,122.15535504143392
EK202310165199,143.5013658132053
EK202310229611,135.97011310959266
EK202310167463,149.43201052935777
EK202310125411,137.20347928007345
EK202310247310,147.05096563841255
EK202310131556,149.23912015231724
EK202320007526,168.4883484762479
EK202310109396,168.7599803495225
EK202310243612,141.21171113370644
EK202320006821,160.42652058067893
EK202310191818,146.00745732181906
EK202310206573,116.61189412840545
EK202310176203,165.44452653209783
EK202310113063,145.33241633440505
EK202310152411,145.33258239566425
EK202310186297,155.10314297532395
EK202320006177,160.89175473338247
EK202310184504,158.62201116691247
EK202310118343,136.1375446153597
EK202310166342,160.01010262811553
EK202310238948,161.23902931516895
EK202310226471,132.65806500730025
EK202310153486,122.04439089733722
EK202310146780,136.18096145578178
EK202310129676,151.01946011548702
EK202310230251,126.02081111270842
EK202310227178,136.93272194993085
EK202310148962,151.85935328052534
EK202310235140,156.60479555157062
EK202310158736,157.5110772095591
EK202310208299,142.99852412249174
EK202310205311,135.8627399562722
EK202310140268,140.63515040402046
EK202310158411,140.18239838179232
EK202310120168,143.07252176157027
EK202310120164,141.35344646983305
EK202310191318,141.8713632509888
EK202310124551,144.6243159823572
EK202310133393,115.09879012502228
EK202310244048,137.8618919313795
EK202310209487,155.89663378698444
EK202310130550,140.02896459125617
EK202310134976,169.88505437037009
EK202310113614,132.21529745034715
EK202310237767,144.98458041177773
EK202310120386,143.27671403047327
EK202310190693,158.41237657944373
EK202310158340,135.3023965521617
EK202310185631,146.29826502880485
EK202310193894,135.66734830154996
EK202310232391,128.89337541708736
EK202310129047,143.33835239714213
EK202310187052,146.13236353055674
EK202310174623,152.10762580776802
EK202310149978,146.99738640981164
EK202310238712,136.57628144313213
EK202310172389,169.1044394764338
EK202310187833,126.58751102837027
EK202310238335,166.24129810062993
EK202310232031,137.0343860340776
EK202310224185,139.284039807838
EK202310166575,139.18766071103917
EK202310119974,131.2804510890146
EK202310195917,128.60199560634248
EK202310174762,153.26611334235906
EK202310237282,129.52069100503576
EK202310112142,155.92487735695482
EK202310107661,147.0160318222493
EK202310197179,167.30339896598863
EK202310154174,155.2560758350499
EK202310241892,129.09671947895083
EK202310178171,140.37155664632095
EK202310134220,150.3028468058111
EK202310200711,143.1740749209241
EK202310190031,159.71147977720005
EK202310215938,149.7087065335753
EK202310125861,142.2864419832565
EK202310143873,155.70363534692933
EK202310165035,147.31438123341235
EK202310157391,140.80785766712415
EK202310216624,136.633614807107
EK202310136516,126.52083250886521
EK202310175267,158.50470691315346
EK202310139527,134.3089808731404
EK202310145890,139.36089513781982
EK202310207934,141.86666747314496
EK202310216534,142.6310250174566
EK202310243402,142.6030655195961
EK202310125822,151.81756420266626
EK202310210671,144.78702648332103
EK202310118842,134.41231213082952
EK202310242780,134.34669109284786
EK202310183963,123.83063173839452
EK202310192132,145.9401344227183
EK202310158172,155.5794280647212
EK202310107920,158.70231568942694
EK202310116588,138.44066334063737
EK202310157004,153.28620022692607
EK202310203397,150.05871750381354
EK202310145727,163.28234692268828
EK202310134294,153.75228311561776
EK202310161573,169.47594209986514
EK202310163914,149.957887359732
EK202320005749,152.35743587827002
EK202310004457,140.12013915762682
EK202310198895,128.69658872122898
EK202310200079,145.147630086529
EK202310236220,145.1729667721956
EK202310167195,157.1521502750555
EK202310190621,151.8190688122976
EK202310126857,143.65466738967825
EK202310221597,136.57400546102545
EK202310139743,152.55413494399488
EK202310173860,151.69349731061632
EK202310212130,143.27762061354926
EK202310238113,151.44709793842543
EK202310232782,151.28918395111882
EK202310231990,150.11234050013874
EK202310154189,140.95355066287723
EK202310111012,145.16408993093694
EK202310208334,128.19639382165062
EK202310222126,138.31496741030696
EK202310206217,127.89500369343922
EK202310185801,145.51130660943343
EK202310207901,134.75323735058865
EK202310121054,144.49084410252942
EK202310188410,151.6922689585494
EK202310203904,148.30024727653554
EK202310230514,127.42715688543096
EK202320007184,167.76119677590611
EK202310196925,161.9963657841106
EK202310201983,133.42304191295213
EK202310242071,151.52198625586288
EK202310242487,146.9336760839835
EK202310174134,156.73930727136414
EK202310221304,139.72860026714042
EK202310146366,133.53770140022118
EK202310242718,138.9352572710696
EK202310158582,151.90534976229307
EK202310182050,133.71956382223394
EK202310110321,131.14069313631256
EK202310126720,133.15873468597368
EK202310145134,158.65676016199822
EK202310134228,145.04796970760844
EK202310151176,124.20675277611285
EK202310159471,110.77414752586195
EK202310197298,149.68504340578252
EK202310114442,152.50903388436578
EK202310216170,136.43565909512242
EK202310126914,132.43411419298445
EK202310160897,164.3043275895798
EK202310241296,144.66156391990748
EK202310145492,146.56974419039554
EK202310142012,155.27187557027935
EK202310141538,148.92824562889157
EK202310154638,163.74219577703565
EK202310238848,153.79508867660027
EK202310139821,144.44119926225162
EK202310108173,149.98127621320216
EK202310119610,143.68143716531645
EK202310242565,155.75919639179207
EK202310186446,144.39705916005894
EK202310144153,142.85839844055945
EK202310234883,129.50160433240296
EK202310124017,166.65937953031892
EK202310163758,151.072884940182
EK202310203597,143.74556366023467
EK202310104417,138.56813623525392
EK202310202155,153.00715417356173
EK202310245823,131.50448732146248
EK202310203079,137.63855610701663
EK202310161636,152.56995557907044
EK202310144165,141.37487958522468
EK202310204775,139.20125632024627
EK202310167770,164.3362893949171
EK202310215963,147.71730639573587
EK202310133633,132.08340758026438
EK202310214866,125.78910372640048
EK202310180646,149.5070858491719
EK202310167541,146.51260441873808
EK202310136641,163.67886735624927
EK202310148939,146.67970570053785
EK202310103722,153.0244217825629
EK202310179303,143.22615983354405
EK202310200620,153.7089769148044
EK202310125714,131.67501556688953
EK202310204522,146.3686125549736
EK202310150835,153.62191838413543
EK202310130780,139.70167920351946
EK202310105814,133.43843063359554
EK202310172033,139.71547010635544
EK202310201852,149.34393405106158
EK202310148715,149.23353065869955
EK202310221644,118.64975074637738
EK202310114274,142.80580991619536
EK202310178264,153.9513652009312
EK202310164025,148.2381338206292
EK202310204651,143.99392334625438
EK202310141344,148.67178539996016
EK202310185886,158.70591566155673
EK202310203443,142.40151110066438
EK202320007693,151.128810372246
EK202310236673,145.45125901213518
EK202310205537,155.79979652255378
EK202310215661,132.6913387766161
EK202310116840,131.01953549484227
EK202310179840,147.71847033706
EK202310178802,155.35722678707316
EK202310124043,140.40507854445352
EK202310160029,151.77725372209952
EK202310166756,151.3619516882141
EK202310234362,130.86643723484443
EK202310130046,132.09832128679594
EK202310175285,137.29473198805425
EK202310155324,153.1799726450715
EK202310110760,131.3215479308221
EK202310167871,132.4559116039699
EK202310111911,138.38479341906816
EK202310105964,144.64094173928083
EK202310187240,146.40898014279333
EK202310228002,138.36092876039947
EK202310202448,162.25745275998605
EK202310144304,140.79514363256519
EK202310132248,144.49507490369777
EK202310200767,126.65824891597424
EK202310246600,140.68891054187023
EK202310156024,153.30304076942926
EK202310124951,135.69045261607852
EK202310127803,141.4852252112017
EK202310212512,146.33152497611505
EK202310237901,128.69650630820834
EK202310123799,141.80028665754043
EK202310122255,150.8902168870016
EK202310140607,132.36075588178977
EK202310214168,147.28139200775263
EK202310205290,133.48098494220278
EK202310201590,137.24111449216431
EK202310246716,154.72977806980927
EK202310211043,130.23330212646022
EK202310245155,145.02925240254922
EK202310146684,138.80176531191628
EK202310224856,156.10351555965198
EK202310149244,131.3093845240632
EK202310130714,122.91980405903713
EK202310185702,147.86076899517397
EK202310105075,126.89733326441983
EK202310103937,159.1153190066363
EK202310219458,134.9218385491691
EK202310220878,135.4490258591962
EK202310114846,157.8393019455736
EK202310165810,131.52546378321404
EK202310188784,151.54916041143932
EK202310119305,130.09259028438694
EK202310142173,132.91177205019093
EK202310218752,151.87023353530662
EK202310191456,149.22966979951002
EK202310110108,129.17436677170318
EK202310159818,162.93006637658328
EK202310151468,171.09525635103302
EK202310107315,130.20919016573396
EK202310200556,161.72616999402933
EK202310217485,141.58433666420876
EK202310206013,136.0846040310959
EK202310004134,151.43076555388478
EK202310124207,140.96014987681212
EK202310216869,145.09888734232297
EK202310112622,157.3154742694212
EK202310239660,140.87231764253858
EK202310236964,124.54568117522018
EK202310182396,154.5656339207865
EK202310213788,156.5661667883065
EK202310193031,167.6713520946679
EK202310181134,133.30689918626297
EK202310232914,130.0028242365702
EK202310229534,150.2720260353914
EK202310187612,150.58064330094683
EK202310186706,150.89121936912565
EK202310146528,151.11079130243368
EK202310201671,130.32738593736866
EK202310155878,149.43618832016966
EK202310186935,131.23507199215715
EK202310165048,152.2064700542875
EK202310214244,148.0080270386986
EK202310003448,136.91042769850168
EK202310237813,142.05348925047437
EK202310229380,143.26290121355
EK202310136410,131.77332599983313
EK202310181792,143.97386952003959
EK202310174073,155.75547269424234
EK202310230921,136.0427301967091
EK202310131346,135.8727860204163
EK202310167144,163.25839683655033
EK202310198792,125.48753337489786
EK202310230863,136.4723698902765
EK202310116803,125.97262554432311
EK202310161651,166.6239919316362
EK202310140098,134.16791656269558
EK202310147311,170.74972121363461
EK202310228798,131.08208418335548
EK202310166857,154.61267303592936
EK202310204207,152.77024404829757
EK202310181214,145.85670044194572
EK202310163102,146.72158358171657
EK202310132529,151.87079177120881
EK202310194194,153.00959657428325
EK202310185194,142.0128773709804
EK202310139315,138.5486692839627
EK202310133963,168.04686726990468
EK202310107375,133.85300899265874
EK202310183190,139.97021245324794
EK202310150967,131.56738597430484
EK202310235477,134.30928469940622
EK202310231329,135.57717361442673
EK202310151218,137.36066186791678
EK202310117961,138.00318375716995
EK202310115637,146.28699592370467
EK202310148316,141.09820346133085
EK202310189439,164.87929830105955
EK202310183291,161.64095385097912
EK202310180341,165.51893004612913
EK202310195359,147.12448167909434
EK202310168437,157.8458987507603
EK202310239724,146.77729340486462
EK202310120281,152.055365449486
EK202310154084,140.4802092664403
EK202310202226,131.85719899821584
EK202310211847,128.75424127842632
EK202310225040,148.97646623657417
EK202310148021,146.66539969771958
EK202310219384,143.12033291205387
EK202310189651,159.67577314316478
EK202310172718,138.8165408854506
EK202310154499,138.05200969639034
EK202310199387,163.23323897917857
EK202310109346,142.56952325437402
EK202310151918,145.45683406974047
EK202310138435,133.37779710085476
EK202310208281,138.8886198095361
EK202310144236,137.93558595202393
EK202310169290,140.46817169678468
EK202310120393,135.76561198884795
EK202310183688,142.14150097082953
EK202310192046,127.98727581435371
EK202310141942,144.2484229871234
EK202310120519,132.78279381887958
EK202310226413,135.16978480325938
EK202310177117,151.7237687165475
EK202310217940,141.37994441761023
EK202310170501,143.287705860715
EK202310223357,149.82731850576874
EK202310245835,135.2613794445229
EK202310137793,141.12710776109262
EK202310174008,150.37142624117982
EK202310209155,132.22672560156803
EK202310177866,142.75693441413938
EK202310137396,132.3697321933953
EK202320006094,153.68897609419489
EK202310237036,141.5691329181296
EK202310177476,143.6045146656449
EK202310218927,126.7879059884839
EK202320007708,164.62361880286429
EK202310150749,159.59442462928837
EK202310226921,150.58528942580548
EK202310134168,150.78000020628625
EK202310198694,170.03721322647465
EK202310153758,140.12787001755936
EK202310164887,134.23710204730736
EK202310235542,170.15991348077765
EK202310175801,133.32882456741982
EK202310201383,145.31663412460375
EK202310003604,142.01626048975328
EK202310132259,173.6887833186553
EK202310223451,148.72000323680317
EK202310232766,157.74367340728784
EK202310162702,138.52122537558205
EK202310191785,136.48383918730096
EK202310222647,132.52475841881963
EK202310120606,128.7010203105541
EK202310196738,137.74223169123582
EK202310167031,160.8732155336764
EK202320006878,155.27847814476735
EK202310128617,175.35053203771196
EK202310156730,145.53781910731018
EK202310154328,128.5599884968835
EK202310199723,166.87994229092422
EK202310204015,150.84910883949425
EK202310165125,149.9447083270724
EK202310128837,145.8844907070536
EK202310109283,142.17017213115358
EK202310140754,152.9456013513963
EK202310133445,128.40478151168946
EK202310215163,142.2752513416597
EK202310152379,153.9366362762071
EK202310222153,125.77029664517286
EK202310168369,140.28315987748255
EK202310146927,127.8818720261452
EK202310233613,136.08222807247608
EK202310194475,138.35328812987564
EK202310176902,142.00451095818116
EK202310109845,131.51645813283034
EK202310143688,148.10139840086265
EK202310223718,141.9649689899636
EK202310114527,139.17780297647374
EK202310120556,138.7001426540249
EK202310228552,134.31397844076312
EK202310149970,143.4787325529599
EK202310199626,134.15632331492492
EK202310214977,141.88440353202904
EK202310184953,152.03135781798284
EK202310004437,132.57992610757728
EK202310213912,155.37607854999487
EK202310151119,137.19496550500898
EK202310171466,122.48366927134768
EK202310152063,158.45082208453593
EK202310137186,146.37213521641803
EK202320007104,151.5092491528267
EK202310202185,144.1906109937052
EK202310226204,138.70464332440076
EK202310189423,149.40177417847528
EK202310192491,132.41571413185437
EK202310187212,146.28182088989283
EK202310192179,150.67376670554603
EK202310126111,132.30509414115494
EK202310175586,162.87045598209653
EK202310194758,149.65406178045097
EK202310214384,161.13333396898764
EK202310179433,153.8716761207714
EK202310118937,128.3295746869447
EK202310230656,128.5413563546969
EK202310212922,152.5694901350879
EK202310223591,126.54614023666288
EK202310182731,147.6509626633668
EK202310197092,140.16749942550635
EK202310188601,145.46128089781237
EK202310185962,149.89981540109616
EK202310154873,133.67849849692053
EK202310140333,132.21667004395334
EK202310239540,143.0433722934432
EK202310207256,131.11601329112588
EK202310193996,139.0949251403677
EK202310196769,147.15501584443965
EK202310123958,148.0366370605314
EK202310240085,129.12400189459248
EK202310246484,131.6946022119945
EK202310147689,150.90808751967478
EK202310189701,138.3516112937445
EK202310237575,150.4229844030366
EK202310219357,140.2092345327311
EK202310120804,129.224994707075
EK202310125732,136.9828617159395
EK202310167873,133.04138570295342
EK202310247821,145.63853499403055
EK202310206331,153.28665943606916
EK202310131746,149.87208122451904
EK202310125465,132.38624658233593
EK202310137591,132.07270541542476
EK202310146755,134.8915616954646
EK202310145331,144.62938512732094
EK202310126909,147.9306694314409
EK202310176521,144.75564075075238
EK202310160650,153.10345108933964
EK202310114819,115.45427499030195
EK202310218236,144.55644518167648
EK202310204841,153.14051471353997
EK202310004910,142.04009940960938
EK202310146653,137.63405072850637
EK202310188782,132.58561814604295
EK202310125945,148.6483461828854
EK202310176437,146.26302070256725
EK202310193288,130.88604805958207
EK202310178658,162.34044278594212
EK202310150054,129.8812690597573
EK202310142919,158.51347394538004
EK202310222262,136.2788413443678
EK202310235742,165.5116802230922
EK202310113166,142.68035209147206
EK202310224000,152.43390763058542
EK202310198993,138.98557233144896
EK202310228553,141.40910954887684
EK202310190794,135.03542315382478
EK202310201535,158.80270408356105
EK202310165775,147.514252627996
EK202310173099,141.00018034802247
EK202310152431,149.36461891521097
EK202310232652,154.5097457668463
EK202310182578,137.03413094794388
EK202310176081,158.12888564851355
EK202310168495,138.9551512000424
EK202310243081,139.28959281196038
EK202310214666,143.9326341261211
EK202310173376,112.84289354092456
EK202310185049,130.94219731224942
EK202310151788,145.27133790349973
EK202310142398,145.77043120425648
EK202310191734,161.45276469840582
EK202310185366,140.84702740842195
EK202310110653,132.03891262803018
EK202310197984,138.96487628718677
EK202310212461,131.2772033624334
EK202310220987,123.14157908526124
EK202310114458,128.7371041528618
EK202310167289,137.85954156255642
EK202310178582,140.19719941980506
EK202310135726,136.44109962189268
EK202310208307,138.15482670586613
EK202310186529,148.79596956196963
EK202310163685,137.18715339340653
EK202310204304,143.158098086489
EK202310174269,139.28373851137823
EK202310169002,140.53932842623064
EK202310195183,151.47259103579196
EK202310172158,158.85020793178637
EK202310195251,155.47706280807373
EK202310217760,153.93580169590055
EK202310233545,145.4623689190392
EK202310146187,141.26115129050632
EK202310201834,137.6179394976124
EK202310172626,150.22103109644476
EK202310173313,151.14498057597453
EK202310151898,151.19115060403277
EK202310112427,127.51377505466343
EK202310202848,151.28217065345888
EK202310106441,152.49242034086822
EK202310200903,138.98884811377027
EK202310211769,135.9407694469859
EK202310210065,135.275879240988
EK202310243416,131.69088808558743
EK202310178697,167.4672281556138
EK202310161358,134.85553412437704
EK202320006190,167.62539725392497
EK202310180462,142.44352644302433
EK202310162539,153.3912695482314
EK202310148977,143.67605682663952
EK202310194237,133.09405179106594
EK202310223514,128.9238948010829
EK202310162269,142.89501518821638
EK202310121844,136.52213078143066
EK202310124866,128.26631904945725
EK202310107700,158.66610816528436
EK202310221161,139.21624886758107
EK202310245562,135.97033231693496
EK202310179235,142.16648721163332
EK202310124532,150.7830464959392
EK202310128389,161.6383304805255
EK202310129800,142.16929146883805
EK202310207578,147.41547124133834
EK202310193457,147.28355630476855
EK202310206549,139.2103586613296
EK202310192075,143.63699840115586
EK202310234817,137.21151234491919
EK202310152042,135.73593736251595
EK202310199732,146.9770700210552
EK202310106385,144.0207256191527
EK202310232034,138.41125836204517
EK202310225160,141.3334895027513
EK202310168514,173.35333654628204
EK202310196347,149.7108617447824
EK202310132598,142.56701775397966
EK202310193609,139.23253361909846
EK202310112508,147.02127891945398
EK202310155472,137.85023329526823
EK202310177321,129.35685083478378
EK202310128022,150.101347273817
EK202310206990,133.2301187107153
EK202310142239,142.5321136741252
EK202310129832,144.8769360476103
EK202310213810,144.72546402406263
EK202310198404,146.43938299156432
EK202310003754,127.43299098283521
EK202310133307,137.46598614745156
EK202310155718,154.22893308603926
EK202310124975,146.0793381312291
EK202310238569,140.99363439268447
EK202310155626,151.7072002103056
EK202310109451,133.5322285082529
EK202310156701,121.87470784029806
EK202310112702,133.17927044937002
EK202310219593,130.9968786754951
EK202310236091,134.2756953414014
EK202310109465,147.59252685676393
EK202310239232,142.26863028075755
EK202310153092,143.1862667663081
EK202310142926,166.87804657449297
EK202310195282,161.51564586238015
EK202310144631,150.44953855949294
EK202310158174,138.2647899310952
EK202310130498,151.7261786298071
EK202310152250,138.7126352052815
EK202310154816,151.44114745169156
EK202310187452,133.99279737002033
EK202310130712,133.0210544514692
EK202310225931,136.4155838185442
EK202310212154,142.44211974232547
EK202310180982,165.08382165925235
EK202310187065,135.41624377176967
EK202310231143,128.74889683074343
EK202310244459,125.41289689021448
EK202310117863,134.60606688416703
EK202310104458,144.56530594585436
EK202310228846,134.16775448734697
EK202310129898,151.215261309377
EK202310160315,150.77461549427764
EK202310146629,132.90260388636958
EK202310166930,172.93399310535855
EK202310242374,158.69165672691472
EK202310210376,156.01418414801054
EK202310197387,149.5598408019518
EK202310136364,133.0324597008323
EK202310204149,139.75360790517607
EK202310107806,146.50583470669397
EK202310233474,159.79381104245965
EK202310228559,145.506502164387
EK202310138215,135.900745663661
EK202310143063,140.62653017278575
EK202310157985,139.92310489285876
EK202310190599,127.97560585567959
EK202310114903,133.1557554464068
EK202310133276,130.67250180286436
EK202310132588,114.47568514519787
EK202310004157,154.56549349016063
EK202310152358,160.87757649339773
EK202310111141,155.7842483424555
EK202310200435,124.2471047067
EK202310204982,133.16859221086898
EK202310212495,128.0975933425599
EK202310183601,151.88355322927808
EK202310214375,158.5842012533939
EK202310210198,138.5239057761211
EK202310167063,160.9321357367938
EK202310149576,150.76329653542308
EK202310132215,149.20586036383418
EK202310163904,160.43158605884415
EK202310200956,141.69205180154185
EK202310180120,154.732554234865
EK202310121104,134.57611756951638
EK202310203655,149.67061461566766
EK202310194561,146.19700361615716
EK202310222799,146.38996375141312
EK202320007041,147.79090157189873
EK202310119052,131.87197922489605
EK202310137233,152.38929088333254
EK202310187775,145.49332054482542
EK202310232434,133.5217149009918
EK202310205717,144.97012854780786
EK202310221339,143.36744580448294
EK202310123835,144.93623885606198
EK202310232532,135.03851867057162
EK202310107165,146.69221216348586
EK202310203436,136.4861264329052
EK202310169851,146.35106774761275
EK202310193274,163.07390272140702
EK202310151878,144.2469610722666
EK202310180128,141.1042225375971
EK202310150220,142.3959345496824
EK202310187751,143.2489714560956
EK202310162881,147.86191814742773
EK202310192822,155.49738851486927
EK202310195620,141.2111681073183
EK202310135344,133.06911679160615
EK202310190721,147.5610159617034
EK202310121180,145.28462726650213
EK202310197995,146.0666807841809
EK202310238294,156.64796210756785
EK202310181201,136.36010118758168
EK202320006195,161.26062004634
EK202310144714,142.29104644534496
EK202310174694,158.85054471164136
EK202310130143,160.03158406254877
EK202310213402,127.50250753441482
EK202310164458,153.35066133779287
EK202310138233,148.50408067216506
EK202310196325,146.0310237293535
EK202310230287,138.3001390572384
EK202320007443,155.8249048921952
EK202310237310,154.72209809765985
EK202310188028,151.483856206258
EK202310221385,150.24278711242536
EK202310201433,139.43120029416878
EK202310210894,136.48967077949985
EK202310144757,138.54256497735034
EK202310230555,115.92771250402029
EK202310127197,150.20040885428074
EK202310210367,152.912382706693
EK202310107406,142.7842205272375
EK202310201552,143.2831327018987
EK202310163315,127.18028155981355
EK202310106204,134.62528496261527
EK202310189865,137.93483728112435
EK202310143319,165.9214551251846
EK202310187989,146.57959029373822
EK202310204280,146.54950826240284
EK202310166053,159.39188792382095
EK202310179719,151.41630837700075
EK202310119334,134.7314850471256
EK202310212088,125.24461155153193
EK202310123364,139.30187933773666
EK202310235184,142.391237383595
EK202310150098,138.8665924016669
EK202310219013,157.3815626256794
EK202320005598,149.1997846038304
EK202310122400,145.29177072451978
EK202320006069,161.82036957722815
EK202310240606,141.22767726082222
EK202310192122,153.16940987086778
EK202310239991,158.37000724216827
EK202310129077,143.27040783162732
EK202310246377,125.0972642694872
EK202310242482,142.64852291769657
EK202310162862,137.21070002183134
EK202310217556,140.9077943628033
EK202310136375,151.16543789264153
EK202310193072,153.2157564934918
EK202310232709,131.76867203235406
EK202310137784,128.02727275956892
EK202310195933,150.56932441996176
EK202310190342,133.5421007404828
EK202310128675,143.29937607373157
EK202310156867,128.44542182013316
EK202310148670,130.27798644984446
EK202310176460,117.73133914303928
EK202310129961,168.65944148898944
EK202310146909,148.02526603974226
EK202310138497,145.39463145656524
EK202320005583,151.88022073686466
EK202310139679,153.4764634965683
EK202310138331,148.97660591638544
EK202310183937,145.0753983947544
EK202310180455,141.5295398580002
EK202310197763,124.84230180037355
EK202310196627,155.18909146668477
EK202310219790,137.1815478645051
EK202310185905,164.48253147933102
EK202310004706,129.9075527799018
EK202310181268,130.68919100912612
EK202310219922,122.83911251724459
EK202310149625,158.3786737262673
EK202310200086,153.7914914342756
EK202310214446,149.84338288721736
EK202310244555,143.84095428201817
EK202310203678,160.3479019549815
EK202310121725,156.66573126320316
EK202310178580,148.53594523720807
EK202310231258,135.06994557961008
EK202310116413,150.4197514557276
EK202310130519,150.0398648728486
EK202310114605,144.87783448891736
EK202310104328,133.18714958448078
EK202310217095,142.2434424588144
EK202310159014,158.42820678322954
EK202310240255,146.73376967024643
EK202320006678,164.4403193264703
EK202310127358,148.7930886537476
EK202310228371,137.48733999861514
EK202310212880,143.5806132598536
EK202310184252,158.7794457812788
EK202310222457,128.46136587580764
EK202310106525,144.31592490732157
EK202310212900,136.6542343851235
EK202310164200,151.47624912085263
EK202310141506,139.92959514094218
EK202310124179,114.86352206598478
EK202310210747,130.51220574381475
EK202310104325,137.0014436910887
EK202310171837,126.50304689065315
EK202310183388,135.4591019327449
EK202310175474,150.94901421627992
EK202310161361,151.2923022594657
EK202310163883,141.4775011069073
EK202310233128,132.3946014204451
EK202310199650,159.14699776757982
EK202310107707,160.3432692184187
EK202310112036,146.7884236227047
EK202310152162,134.5509987738726
EK202310115154,146.05545822934718
EK202310106295,133.01933030386817
EK202310209811,144.17480582986045
EK202310170779,140.00420550026087
EK202310132319,135.9019223090557
EK202310176117,170.3099334398082
EK202310109117,120.32233649004272
EK202310146050,134.22184615946753
EK202310189377,174.39828676715632
EK202310108901,144.89635197443664
EK202310129280,143.70958475187746
EK202310186201,155.90145482351892
EK202310125879,147.93856217122817
EK202310223489,155.87443388391063
EK202310195362,164.61451184559525
EK202310168199,133.791231758109
EK202310123430,139.66984489498086
EK202310169481,149.85387549063208
EK202310212350,126.75263656620103
EK202310204165,149.3438422593876
EK202310116597,146.0486833971121
EK202310178940,142.89540303603303
EK202310181172,154.04199031568976
EK202310232407,130.12128308164247
EK202310120201,121.3918398003614
EK202310132088,178.35213658783
EK202310176583,143.17298151625747
EK202310116485,134.36626507441287
EK202310232488,125.92171225454317
EK202310185248,129.4008722213155
EK202310114195,128.43460122516385
EK202310171527,140.8768416995651
EK202310239847,136.78770128527654
EK202310109025,121.64695468337665
EK202310188543,135.5049787124111
EK202310164772,155.74565990333613
EK202310220946,132.25989839247106
EK202310157893,141.9060993825917
EK202310130096,150.95194065193797
EK202310215475,133.59544215174236
EK202310175525,149.63551417200176
EK202310241739,155.95284541814985
EK202310149577,130.94995011805233
EK202320007764,139.5042831557032
EK202310162677,142.92718957419058
EK202310118455,142.48211874531037
EK202310144170,152.49612762571192
EK202310123446,151.64874968830486
EK202310111614,162.29351164412043
EK202310148681,153.86117432984005
EK202310135706,130.32407911964205
EK202310169610,136.55843589161915
EK202310154626,165.88207737401774
EK202310186396,126.99919264249655
EK202310130384,131.35022410299942
EK202310139999,132.01623753603616
EK202310173443,154.5898847934114
EK202310172753,154.5060333756137
EK202310150539,143.33544743205292
EK202310197972,160.6610464242794
EK202310167038,137.88457511793408
EK202310121549,137.77812520521007
EK202310144749,143.40567010001627
EK202310129763,135.03291084430256
EK202310105138,139.8337903789299
EK202310145803,129.7955211729315
EK202310150239,132.1377721217959
EK202310169489,134.4985570370267
EK202310138665,160.5851313875863
EK202310123078,131.59670128970808
EK202310219135,142.43640787161988
EK202310116443,140.96811797343372
EK202310195859,147.98764369351088
EK202310118292,136.85232345231688
EK202310134982,167.6232029392224
EK202310236579,135.40956136398847
EK202310145251,146.92473573782274
EK202310144320,138.1119157167756
EK202310165413,136.5313341023835
EK202310164223,138.94640003996997
EK202310178660,157.31625883942178
EK202310152292,160.11684830044226
EK202310232276,125.84656860613669
EK202310227732,142.55615568071374
EK202310155773,149.9931416771016
EK202310188232,160.49346466358733
EK202310182770,125.64106118372601
EK202310202719,135.70517324048836
EK202310138556,140.9421582382737
EK202310239172,150.01727045677904
EK202310151877,143.47225187241196
EK202310116662,141.0258800663357
EK202310206983,131.53304309300339
EK202310161922,132.85766109688507
EK202310116370,134.0701013449347
EK202310216242,153.25330538252152
EK202310223914,136.59815119888611
EK202310183638,140.93120405339047
EK202310180955,168.9823642118303
EK202310135432,146.76502162169066
EK202310220264,137.32806377048462
EK202310241824,155.51390202471316
EK202310175340,155.44102964148308
EK202310123572,128.4327346404492
EK202310228745,144.81637611736514
EK202310150402,156.60843010894436
EK202310123048,134.51731108213522
EK202310245625,143.52459668236133
EK202310004596,134.60000774873532
EK202310187568,139.3938645256594
EK202310004796,141.45482538793578
EK202310206482,144.91034385349232
EK202310152723,165.15797203267076
EK202310144324,145.80925256291152
EK202310182703,154.02398821248767
EK202310207031,146.530084085905
EK202310224829,129.56340451861377
EK202310194916,151.0166370474994
EK202310158171,162.841955846983
EK202310237739,156.30469136187207
EK202310233535,163.58594828732174
EK202310159582,153.7686717507427
EK202310157407,124.78447422340228
EK202310222554,131.26738584890472
EK202310209992,132.07642574512505
EK202310197773,160.50627671138957
EK202310219559,141.93978492607127
EK202310149590,133.05844981076277
EK202310172229,134.96966210194603
EK202310179759,139.43060648446917
EK202310141351,149.29431129275983
EK202310202674,161.4282947617385
EK202310150237,139.8482674281133
EK202310131854,157.4254321918205
EK202310209299,142.57605208492052
EK202310152323,168.26774067703508
EK202310130424,153.49976708371946
EK202310219110,140.99903107164934
EK202310208971,135.7048877951104
EK202310175417,129.97889020399487
EK202310178979,151.6452446993314
EK202310149330,143.29699332367062
EK202310214732,159.95989532849165
EK202310151284,136.6846742363407
EK202310246323,143.17023663757237
EK202310162754,142.54589591421671
EK202310142435,153.4949009171084
EK202310218666,141.47662610314336
EK202310221049,151.01517126895465
EK202310173708,142.05060811206084
EK202310192941,136.91796234283106
EK202310126047,164.20845552938516
EK202310241369,157.02218316024664
EK202310183820,159.72699654633607
EK202310243559,143.56644036968763
EK202310148350,139.9462714474853
EK202310224931,138.16673557077272
EK202310236248,145.46521411662027
EK202310156811,146.4934801536821
EK202310224565,129.6507573776329
EK202310203958,140.89634029767495
EK202310119312,135.64612739898354
EK202310178028,142.37023174100798
EK202310186588,153.46282426424324
EK202310139697,146.64428407728096
EK202310197136,141.19263205703984
EK202310220806,130.2218632365935
EK202310222987,147.12492586345002
EK202310161970,127.95232184458169
EK202310208174,151.39436064042349
EK202310118068,126.83542630106109
EK202310131022,143.46718942152495
EK202310122159,137.19923488931346
EK202310216067,115.9005080280527
EK202310245924,137.70521004174145
EK202310111788,133.79687158374736
EK202310127853,142.98280091648886
EK202310106238,150.01880194941361
EK202310158124,129.933843256279
EK202310132835,140.04450733745097
EK202310148914,145.23184061981442
EK202310231691,133.1956488251079
EK202310247000,158.23814264862008
EK202310192115,147.6260710135802
EK202310104130,140.83009110715884
EK202310139212,146.1179418457563
EK202310197454,147.16949007630512
EK202310192429,144.2751122380098
EK202310167625,135.09944254493462
EK202310199497,147.8909525637712
EK202310153618,141.7398773871492
EK202310181484,141.99016384013387
EK202310198186,130.22500740820354
EK202310152220,143.90215948517292
EK202310159039,144.08146769561768
EK202310191546,139.6276505107853
EK202310133158,132.7975766498487
EK202310201688,144.28706756659986
EK202310235017,134.0341170911604
EK202310135857,159.01162683981036
EK202310218208,168.9159517130883
EK202310118595,133.8183945179791
EK202310163828,152.30911427305062
EK202310141421,139.52976896252326
EK202310180807,139.6615763213137
EK202310205637,138.6411065560888
EK202310105788,147.64204041513463
EK202310216219,147.29198954156976
EK202320007125,170.77547627086176
EK202310104911,148.10514623372725
EK202310189159,165.63081687690268
EK202310195473,154.59450137941448
EK202310118604,129.01730078036542
EK202310195319,145.58728608092787
EK202310240500,152.91645762355316
EK202310113748,145.69613727508215
EK202310004313,150.92950284252169
EK202310143650,145.18679109459967
EK202310165864,147.08254719469082
EK202310197618,152.1939887266286
EK202310147381,132.33377395163427
EK202310204456,134.04129068162285
EK202310168795,136.7016825695469
EK202310162071,166.47825610852527
EK202310155041,137.74525137765386
EK202310116293,147.25465490840998
EK202310111802,139.81024671362852
EK202310143876,148.1184230288331
EK202310170107,161.21328177691134
EK202320006604,169.72081121735744
EK202310181395,153.0586553746943
EK202310128405,132.09646568900692
EK202310172117,139.88108076162086
EK202310173280,148.08861094657294
EK202310114735,135.83042060379663
EK202310124558,125.66015298270571
EK202310122475,133.470774648924
EK202310137618,132.70406261261337
EK202310105474,138.26012377880994
EK202310209280,126.390672999019
EK202310142912,140.71210865893076
EK202310246004,132.58588540444575
EK202310186374,140.19959126300893
EK202310139853,147.4114750936329
EK202310243432,129.6433058605357
EK202310135700,121.7491458390599
EK202320006074,173.6142635505154
EK202310207199,158.61659235635787
EK202310114736,137.01295969246883
EK202310129145,156.25079315503933
EK202310135339,162.0249360621578
EK202310105627,138.079851988904
EK202310114046,146.05352765728654
EK202310121749,130.49884026563095
EK202310160579,149.78317922767283
EK202310132059,145.33184655557932
EK202310158407,141.9571220829571
EK202310115805,141.0529561024479
EK202310165675,146.67582460603188
EK202310223393,145.44338149081526
EK202310166586,153.69143738921528
EK202310142763,142.73083658611452
EK202310169174,137.20546243742416
EK202310118007,136.51606984795887
EK202310188453,148.00981734195253
EK202310186603,141.892424768415
EK202310115518,142.42820826512067
EK202310237777,160.0949363476833
EK202310245509,142.29327591064703
EK202310149571,147.92551130469363
EK202310238699,123.42647391244884
EK202310162044,142.3291482022846
EK202310178900,120.11285014182539
EK202310210189,149.70510868104108
EK202310246044,157.95410347302632
EK202310169510,169.69352972868234
EK202310224019,142.56570007285367
EK202310196916,141.85922201399998
EK202310110545,148.08580922302534
EK202310158475,152.93804282555755
EK202310240666,151.42480577626085
EK202310147702,138.85857037564952
EK202310240541,133.54460341311096
EK202310165419,149.28897229568142
EK202310158944,164.41906453868918
EK202310154741,155.66438559441
EK202310183411,142.19376685260218
EK202310150802,135.66887220640675
EK202310236647,128.69621694225043
EK202310168877,156.03766327407004
EK202310177550,142.24161147909362
EK202310161815,143.69253333356926
EK202310205936,135.78000311667637
EK202310236918,156.9452030519101
EK202310231978,126.51702566455589
EK202310145447,134.29471441553602
EK202310113081,152.6059585263817
EK202310245380,148.77035457823936
EK202310226536,121.21961355306357
EK202310171629,144.95647960233526
EK202310142578,160.52625837858227
EK202310154571,140.9559129388617
EK202310133424,135.05642403536092
EK202310205232,123.97407152008296
EK202310125353,131.59449000246866
EK202310129062,147.35871285857303
EK202310148286,152.22172561170936
EK202310217186,164.6138374133998
EK202310240058,150.9600615826934
EK202310004925,153.13043838534583
EK202310121900,132.12676333762627
EK202310193811,145.05057826954945
EK202310236073,137.34446217796997
EK202310209661,138.4828785115442
EK202310183452,121.51717929210433
EK202310198390,132.96559008327893
EK202310194814,149.74978979284674
EK202310154258,144.73680670836742
EK202310225570,151.93038293310053
EK202310236562,126.53113207035446
EK202310125786,136.4301009538461
EK202310227228,129.06625247884622
EK202310104334,153.43233617138299
EK202310247598,163.554233218781
EK202310163731,152.9466030134735
EK202310153854,161.02035152481278
EK202310209072,148.1064037300952
EK202310130417,132.9188572942758
EK202310161714,124.83046942298863
EK202310161726,152.51915892391193
EK202310214070,153.81857260442956
EK202310174019,142.41523829026755
EK202310197029,143.2361935390827
EK202310236341,139.00105433055077
EK202310218675,141.0996238508944
EK202310124319,135.7447316842261
EK202310231778,129.0413030876558
EK202320006401,140.37784499298513
EK202310107779,141.38956786619977
EK202310133015,143.1620479041262
EK202310181550,130.86858672377838
EK202310247332,157.33751002713464
EK202310111163,126.8106499451062
EK202310145310,148.52022859538525
EK202310126094,145.14689019036203
EK202310161397,148.18403801869272
EK202310146374,148.1150469347494
EK202310136414,145.30627366136224
EK202310141425,161.19270290210403
EK202310138405,145.79911932220236
EK202310173668,150.483684656905
EK202310184285,146.32185744754756
EK202310176095,158.9119813867419
EK202310211570,135.24305486635188
EK202310208829,132.42725147152368
EK202310147190,160.54235620975564
EK202310191735,130.2152238125447
EK202310213951,149.47452881793774
EK202310140049,151.16684503594857
EK202310169326,147.8625796384808
EK202310157230,172.20809324838788
EK202310124090,137.0849233604186
EK202310142146,136.31207104012458
EK202310107242,140.21810601211365
EK202310192993,138.01753019185375
EK202310149787,144.24603650896336
EK202310177888,143.63633937302072
EK202310212815,157.5430530377893
EK202310223609,156.41347423397502
EK202310189733,169.89367989165444
EK202310218104,134.84832672907473
EK202310111896,143.3961737142942
EK202310132753,147.8861973140356
EK202310112173,141.5901054325561
EK202310167323,148.15333694807128
EK202310140969,139.1305983897836
EK202310214853,153.86954425661
EK202310105928,130.24844590087795
EK202310213446,132.0110407887293
EK202310134309,142.5968878846753
EK202310177619,153.46733856547928
EK202310004283,119.95096487991998
EK202310176874,140.23978257206545
EK202310160131,148.50007997018923
EK202310201219,167.24163390618955
EK202310004099,137.0234775725577
EK202310167947,147.2448945514029
EK202310155342,133.26447420513554
EK202310209163,143.7038676887229
EK202310242285,125.54312915335726
EK202310215045,157.3299925544106
EK202310245674,137.29428805515744
EK202310192087,148.1687274944077
EK202310182851,131.01183617870186
EK202310184176,151.28302794553056
EK202310205303,144.94599402129504
EK202310108199,163.35891797265512
EK202310124913,154.03695501371817
EK202310140458,136.45106612638787
EK202310142132,136.67228936431195
EK202310147065,162.97292012267064
EK202310143393,136.62381355573106
EK202310139964,128.9943862875548
EK202310225775,151.23248762284248
EK202310127142,150.4319579242396
EK202310179582,141.04622584973674
EK202310207922,158.2290607521816
EK202310195810,157.93447655761616
EK202310178849,151.35586457503743
EK202310229124,140.8206534047519
EK202310113502,131.09077881121917
EK202310223610,144.6342291114859
EK202310147986,150.2580186721792
EK202310236813,139.7899960179965
EK202310176936,149.34089238883124
EK202310199151,143.71796953810605
EK202310192534,132.89457150844186
EK202310217624,137.3030826584198
EK202310003755,131.50523274221018
EK202310161830,129.2132163140631
EK202310243624,135.13168676702497
EK202310164105,134.85059692399997
EK202310179948,170.6439362830869
EK202310135310,146.50364200466197
EK202310004295,121.74757228249086
EK202310141079,144.03899072617133
EK202310225179,154.04397579128315
EK202310227335,138.98887943152113
EK202310161160,166.1679434644668
EK202310247623,158.23527813535878
EK202310206076,136.4388592089938
EK202310119053,138.33573348306842
EK202310139617,129.09802174660115
EK202310143241,133.43311249393292
EK202310115504,146.38498377418725
EK202320007161,150.04203749837285
EK202310183784,158.93880270961535
EK202310187344,168.18794089241504
EK202310185527,133.8530331482768
EK202310238290,147.10019792245177
EK202310140457,141.71965871397953
EK202310150648,134.3308052078986
EK202310223600,145.06275046894896
EK202310167530,144.3819268758582
EK202310224100,125.94059683526815
EK202310152786,143.36227603666137
EK202310135478,135.25938068494204
EK202310193078,131.14334941478018
EK202310155463,150.25673358160137
EK202310105582,129.2619656631897
EK202310135195,135.23796808435947
EK202320005552,167.89191177987774
EK202310228708,130.029620115254
EK202310141498,120.8910513963646
EK202310193872,161.2455080337097
EK202310141414,173.3912121524526
EK202310151905,137.48602221166706
EK202310127407,157.50409509914172
EK202320006299,156.98087322476144
EK202310212343,141.29716240288576
EK202310168454,148.4917618650165
EK202310171479,135.240874747047
EK202310110727,164.53639188201004
EK202310109806,127.90164705764678
EK202310229172,131.4772563567751
EK202310221527,124.41079197915926
EK202310136692,120.45329127429375
EK202310225939,130.28160498753428
EK202310128011,130.72348174753412
EK202310119451,145.41218826114275
EK202310240016,140.26224431394772
EK202310137412,139.43017159293774
EK202320006473,167.25735248802263
EK202310133714,161.46727977370182
EK202310182002,132.42960124714472
EK202310146885,153.05453899528314
EK202310228765,150.82886295501095
EK202310199335,148.01710454282895
EK202310144286,151.21618396554095
EK202310120179,143.57177860242712
EK202310125242,134.90103275285304
EK202310129853,145.87497611545234
EK202310105724,144.10510767029723
EK202310177232,124.90368526302584
EK202310240889,141.17479372872634
EK202310135626,126.98781232891875
EK202310182429,130.351950761462
EK202310160815,149.1871792406661
EK202310161842,145.36950570446402
EK202310194125,139.90576195517426
EK202310163430,142.5823628117161
EK202310207741,126.92226133316477
EK202310202036,117.10879871801558
EK202310165652,120.75151053993511
EK202310136570,140.9598524441219
EK202310139028,148.15545935099098
EK202310163487,133.11944333774272
EK202310177984,154.90571042866495
EK202310239997,137.55483395012396
EK202310176249,155.12452163982022
EK202310152361,154.7935068938305
EK202310151709,139.19144448990124
EK202310135268,148.5930460794299
EK202310171919,159.47142226341117
EK202310122006,157.29945271388885
EK202310127839,143.41343559975437
EK202310219814,148.11114943521576
EK202310187560,167.19731140671192
EK202310113366,132.56876097296396
EK202310134748,136.8556040792187
EK202310208843,154.8239279324354
EK202310175338,138.9590093403588
EK202310124470,136.31321607852908
EK202310121775,134.8934258519486
EK202310237332,117.04238541198148
EK202310141855,142.03735860034
EK202310154289,142.20883015801968
EK202310120044,134.78078562613285
EK202310192432,155.78296517092497
EK202310160195,150.39269405373747
EK202310105413,137.59219486459762
EK202310004863,147.3970370502624
EK202310138732,141.73404832791067
EK202310225944,121.61219994001543
EK202310239340,122.81098176177726
EK202310155959,155.47085125283198
EK202310177384,150.87681919329628
EK202310114746,134.04606073434275
EK202310156841,149.49809095111343
EK202310213654,136.9851089835522
EK202310210592,148.16518458098133
EK202310110296,139.52721614881565
EK202310240236,145.23084151060365
EK202310242957,138.53985423792113
EK202310163621,157.1016696536894
EK202310202691,156.94903787511026
EK202310127490,133.40953914927752
EK202310199512,149.98597847710897
EK202310155288,131.40615194827387
EK202310237968,143.3134945142416
EK202310118847,145.95989632561887
EK202310144769,128.23425233180492
EK202310212518,152.79594558133485
EK202320007577,143.3002938422598
EK202310244590,165.67590865799804
EK202310003432,134.57161438995163
EK202310242932,150.2698087143678
EK202310184880,157.2072585478595
EK202310208839,151.25579951049795
EK202310225707,152.45711047615438
EK202310196085,162.22535636658415
EK202310111047,138.10625228660584
EK202310149321,154.69589551289423
EK202310214602,141.4838778455843
EK202310190162,140.37758872094645
EK202310203789,126.4693867480153
EK202310165931,146.81482020164813
EK202310143768,144.9727612160033
EK202310226420,143.21328159613864
EK202310206883,136.28686048241107
EK202310230191,156.57909268172608
EK202310223966,140.294233171486
EK202310118804,123.3571094991002
EK202310224984,131.57585425479894
EK202310221101,142.26027309069036
EK202310241759,134.84362631031644
EK202310219986,150.2444940886768
EK202310247113,131.7903406932204
EK202310136489,145.91730884814908
EK202310189176,153.2069431787112
EK202310201813,149.99331237112054
EK202310167143,142.1804535077554
EK202310245156,151.47940910534936
EK202310149980,144.057905690513
EK202310238395,157.4292547116154
EK202310223767,142.77900455478118
EK202310118543,148.85134450620495
EK202310137202,134.6253120068548
EK202310245378,151.26470304663312
EK202310202917,155.50882838033203
EK202310120015,129.2010864965655
EK202310242744,141.15886404624396
EK202310170961,145.71676649477408
EK202310170849,132.1829037542546
EK202310108365,142.8413665640009
EK202310225302,135.889300128985
EK202310141853,134.89219748967582
EK202310152952,154.32460767042093
EK202310118252,135.64732230414043
EK202310150764,139.09589609965406
EK202310188288,153.44782972913669
EK202310236699,145.95461874759172
EK202310228975,147.43037050709424
EK202310176364,136.66534247871283
EK202310148297,137.9444190253085
EK202310234706,128.45598246444203
EK202310202029,131.20566221426267
EK202310218635,116.25206457288189
EK202310187565,169.52690132598548
EK202310238217,145.45245519206412
EK202310144263,135.39805297713949
EK202310216046,124.6033041134882
EK202310240199,155.26354007588935
EK202310118761,135.4938763342706
EK202310118387,144.34802069043818
EK202310228319,126.35451632490206
EK202310188942,151.35726789957897
EK202310171922,150.67714656494059
EK202310205751,154.70748588877447
EK202310181387,158.69701944638157
EK202310194611,141.19375299753082
EK202310123903,135.65606126144723
EK202310201170,164.66016716578113
EK202310124579,134.5695357570748
EK202310225456,133.29952452602055
EK202310224047,132.97172758634613
EK202310168185,131.95448447369972
EK202310149367,151.08352992101024
EK202310222236,149.9120658093951
EK202310191402,141.806793308981
EK202310216518,132.8485895651252
EK202310116323,132.14495155646733
EK202310229479,128.73248129106108
EK202310242068,143.67517778166484
EK202310172108,119.33488044042804
EK202310148960,142.98767813123456
EK202310203368,155.65633834577054
EK202310248782,135.15375985963553
EK202310130742,171.0696444004803
EK202310127431,139.7133190467027
EK202310166666,159.88657500750094
EK202310142516,135.69716283199284
EK202310171160,161.73275862158562
EK202310131980,151.31997861351334
EK202310230754,132.35422114319158
EK202310205660,132.37720037328498
EK202310195938,161.61062929250994
EK202310223018,127.15173991271882
EK202310189611,161.69650976372523
EK202310114061,147.76507049221857
EK202310168186,144.2680934064858
EK202310123079,141.21008094269152
EK202310142507,120.71192439071687
EK202310192082,126.47845375251572
EK202310116417,159.88797452199174
EK202310152679,127.05458179697905
EK202310186123,147.76308703019657
EK202310187670,134.32330957567555
EK202310199114,137.34115248478173
EK202310144744,136.54555510856315
EK202310171906,148.54789737550635
EK202310222160,137.0088520662962
EK202310202383,143.60930137976436
EK202310133543,143.7782045374461
EK202310240197,157.05123479986906
EK202310224654,153.0046461247614
EK202310159827,167.43871614640017
EK202310129302,161.8742759219017
EK202310220687,132.87154228599795
EK202310137416,140.2109026987307
EK202310195263,148.10408173812357
EK202310226117,139.02465024785909
EK202310177937,159.55419609656377
EK202310224977,132.9010288411949
EK202310104811,149.9430493365039
EK202310202225,141.93601639345263
EK202310198252,140.07570767893955
EK202310169634,154.28809187112407
EK202310141724,143.73148231287857
EK202310132515,130.7891176374811
EK202310222595,131.8284783464526
EK202310245206,159.7388684709983
EK202310206384,156.47666241649097
EK202310131595,146.40214443627337
EK202310114450,155.17628865349073
EK202310193999,141.3304110216461
EK202310153211,108.18256453755032
EK202310168571,168.41551076089002
EK202310117487,126.84771819258657
EK202310147040,160.32010815157366
EK202310164747,159.07363609344978
EK202310185539,143.25814317196125
EK202310180947,161.30712721180342
EK202310209467,136.0576235997543
EK202310197453,134.3536939470785
EK202310241952,139.85799898343168
EK202310171659,130.58670716482158
EK202310121984,127.95540289701668
EK202310145988,153.31131621887212
EK202310227472,161.33801691256969
EK202310158925,153.62542115135994
EK202310161059,155.54646748903005
EK202310246350,140.86433970193337
EK202310204768,157.98850351612117
EK202310245196,136.18553645464831
EK202310134281,149.66116110672348
EK202310232567,146.32741606456045
EK202310187864,141.33503644071
EK202310175599,148.555969436964
EK202310137474,139.07428372581103
EK202310214594,134.81495929111688
EK202310176570,137.81858592112064
EK202310143525,133.19499036380665
EK202310216731,135.41246831657247
EK202310182951,158.50268502316484
EK202310195606,162.57093018231686
EK202310003354,149.28504281980793
EK202310003704,146.35231046837427
EK202310207753,149.04770540080324
EK202310108512,153.86342467129307
EK202310230571,131.19712132635922
EK202310210082,153.40711626901245
EK202310191492,130.08759335047165
EK202310113969,126.73995394847067
EK202310123941,140.9546838066605
EK202310135080,173.2934335657882
EK202310117802,142.42379435616886
EK202310158376,137.36823542102917
EK202310140051,164.18699274451083
EK202310230366,131.17263929090996
EK202310138959,161.09301698522364
EK202310112243,139.83856384005742
EK202310142973,156.28927297188073
EK202310179563,149.00087174259568
EK202310213686,142.73687619363255
EK202310207985,143.20948614398975
EK202310169142,134.6328943756454
EK202310189846,158.66013202446044
EK202310217981,141.17315610731353
EK202310168427,142.87498460843437
EK202310165111,141.54858397249345
EK202310211489,140.44132436343455
EK202310164721,152.03295876524788
EK202310192084,145.72785606043962
EK202310155310,129.3512737351594
EK202310207807,155.38839092718788
EK202310167274,136.65274615157506
EK202310232098,148.76022021051267
EK202310246400,152.98897255645903
EK202310181247,144.93541601269015
EK202310146677,137.60140892182932
EK202310199983,154.04651709982295
EK202310198892,125.74282636483397
EK202310118490,152.70058745833313
EK202310218556,143.61624819595906
EK202310209766,160.4172751846378
EK202310201549,130.89687220095274
EK202310227205,127.06516462779507
EK202310201879,131.29289808682307
EK202310208984,133.81002964351177
EK202310172280,133.28613131053015
EK202310127074,141.6652539717208
EK202310003431,135.2562317833327
EK202310128481,130.29021722019448
EK202310191056,149.73235095004023
EK202310224670,137.4301169174956
EK202310148699,152.77404052362402
EK202310186655,155.7555754626448
EK202310145129,144.52046132244922
EK202310141368,130.33701853893638
EK202310215091,146.75168742391207
EK202310131768,135.70789064125705
EK202310169680,140.83734852228054
EK202310215558,153.97285658717334
EK202310235372,148.83572505767077
EK202310123185,134.3456104194556
EK202310188811,129.230963120084
EK202310160442,152.14027698073315
EK202310190513,154.00931639361963
EK202310174071,150.40793456267562
EK202310226475,136.0847229532242
EK202310124362,124.72861812856792
EK202310217706,137.12843934743688
EK202310226498,149.18824714686968
EK202310237132,132.31467832603118
EK202310156490,168.50090025849858
EK202310161525,157.21793806115804
EK202310233261,149.86667055498395
EK202310183188,154.75746696665263
EK202310204179,142.8301259534616
EK202310221970,128.81386866174412
EK202310136055,133.25640796528842
EK202310192784,144.35393256284314
EK202310154098,151.26955732512153
EK202310195221,158.51006849457033
EK202310247669,170.15986654646497
EK202320006739,177.41258829557836
EK202310143079,137.64202467881492
EK202310157780,147.73322284236303
EK202310122685,122.6975454924764
EK202310228079,136.1939424983151
EK202310178496,147.58590274818135
EK202310108793,140.10223355519202
EK202310243880,134.04131640665594
EK202310108022,149.806976027121
EK202310127023,137.11287621375197
EK202310114813,122.98830781859114
EK202310211046,131.41933599156056
EK202310139161,140.47059461215667
EK202310165288,144.84472838137808
EK202310245913,126.57447696100016
EK202310216026,149.7581446316202
EK202310132021,143.39567228036094
EK202310206339,153.15201995888216
EK202310216740,128.62306961865733
EK202310210301,136.31722020813038
EK202310167900,152.93069036803215
EK202310173409,144.92541871037062
EK202310144428,164.28289481027787
EK202310194970,140.62434812199967
EK202310105005,130.89356584375025
EK202310108090,139.63620135017638
EK202310229406,155.26958719138833
EK202310152037,133.62980734349347
EK202310204361,148.6896035091003
EK202310114029,133.24880760431458
EK202310158725,150.1214353180799
EK202310158027,147.12614928645934
EK202310148586,132.13916596538155
EK202310237068,133.50693748692854
EK202310144709,139.7071541256468
EK202310161357,128.95974058330324
EK202310124452,138.55914886023086
EK202310131605,166.7723445658566
EK202310162054,154.386534724402
EK202310181680,167.76788595723667
EK202310117645,131.4499956086446
EK202310147699,131.07991582972832
EK202310153309,138.51161995928584
EK202310184492,138.59548257600903
EK202310104645,147.9869274290359
EK202310137713,146.577476044154
EK202310243221,133.53076457538975
EK202310156335,141.24310730017766
EK202310197583,153.87406460937643
EK202310137359,145.52591227186429
EK202310130956,139.22492670203138
EK202310171369,157.4652860900148
EK202310232324,142.16471643530346
EK202310172995,135.3459178411159
EK202310134239,144.2536888844866
EK202310243506,136.4748736074435
EK202310163154,141.72132745333647
EK202310127929,146.94306328548922
EK202310202227,132.80289370098262
EK202310139348,147.03150487150418
EK202310158547,142.2110383586753
EK202310236863,130.51708261501335
EK202310179959,172.90579202771022
EK202310195894,138.1320228050256
EK202310229850,133.97274711392663
EK202310242435,142.08680618463106
EK202310135502,122.12007112522974
EK202310229084,138.41960949318482
EK202310118049,140.94780707635556
EK202310201122,161.6119603787877
EK202310109875,118.57837631483116
EK202310196757,131.2781881144066
EK202310139569,164.61117377564528
EK202310107377,140.8129613040489
EK202310116923,137.70414726049964
EK202310228873,132.83368916012802
EK202310218754,131.1278151609871
EK202310154272,136.8053177823509
EK202310231169,136.2273481594702
EK202310217977,156.92791398452655
EK202310222555,141.95886809296238
EK202310162130,148.3532359703804
EK202310112323,152.25754292840554
EK202310159262,148.12392694972186
EK202310151594,154.12403409428936
EK202310163721,122.74286964075525
EK202310149061,140.55807541582143
EK202310147880,160.39395319167394
EK202310212050,142.51697254916976
EK202310117729,129.62477056185628
EK202310107629,148.67925817305363
EK202310139317,139.0216061939881
EK202310179272,136.90900036023507
EK202310121894,138.28269750631543
EK202310139188,144.6352631794308
EK202310167435,145.70075366780313
EK202310228964,151.57310945948333
EK202310113550,136.03290074880047
EK202310180850,153.12805420265525
EK202310105563,123.40044420661555
EK202310110748,126.81163554434173
EK202310234819,127.31604433864173
EK202310154339,145.4338842069228
EK202310210307,129.7388343869604
EK202310239873,146.7429221703962
EK202310183383,135.52130141346683
EK202310193557,128.15566824437042
EK202310228033,132.96807281495725
EK202310167532,142.11285803069418
EK202310222264,118.64580806020089
EK202310106581,134.1132821134062
EK202310221125,123.69067653683115
EK202310165054,152.00896188924943
EK202310150415,162.45246452863867
EK202310233802,150.0568033863292
EK202310190617,144.3676412383032
EK202310106410,142.16810909168106
EK202310216886,143.8871472362022
EK202310115900,120.76885901900238
EK202310104935,150.41788374846897
EK202310129722,169.73923143855336
EK202310120948,135.4440917279514
EK202310164436,132.30357978587418
EK202310122507,132.9458067305402
EK202310160593,144.53434435042436
EK202310210615,134.634378155854
EK202310132871,133.803516758137
EK202310237902,130.77259220164422
EK202310231150,130.43157676455357
EK202310165528,150.9326703710409
EK202310244497,128.89989279922312
EK202310107512,143.33702156357992
EK202310120477,136.37363008511502
EK202310229593,125.66182820134216
EK202310126986,144.84857466783296
EK202310175535,136.0650672319594
EK202310148104,134.54842923878414
EK202310201431,153.02713621839496
EK202310148767,150.30190321117263
EK202310113034,126.9548469474154
EK202310209227,134.60300089141475
EK202310114309,133.62133476653358
EK202310174763,148.55374786310753
EK202310236793,131.3589787037868
EK202310177429,147.6884539923006
EK202310167536,129.01216943711597
EK202310141576,156.38491210825583
EK202310213488,123.0044546354261
EK202310162322,147.772841360407
EK202310130610,134.86503597905855
EK202310152488,146.0668620838251
EK202310151734,169.86460070092497
EK202310155060,117.32444057558216
EK202310226481,136.4831378480809
EK202310119174,139.7916213202886
EK202310180130,130.6650799291957
EK202310104489,164.45230667161226
EK202310195688,144.94168533026428
EK202310132973,141.1473059459143
EK202310135035,176.1447081119739
EK202310167150,125.00962444654586
EK202310195252,151.60704706189344
EK202310127294,159.4626442470117
EK202310140484,136.064790073592
EK202310119854,143.94608402926414
EK202310248841,140.23636788101285
EK202320007808,152.95698823901975
EK202310199228,146.95786771387287
EK202310184715,144.6141156807914
EK202320007242,148.64115531057422
EK202310147415,154.30609844990263
EK202310171570,135.21228059689122
EK202310110477,136.5263654668677
EK202310113604,143.21448619981732
EK202320006431,160.79404860279186
EK202310121838,131.2742913170681
EK202310148733,151.1938952411058
EK202310148335,137.75162728332543
EK202310113968,120.35839925031438
EK202310231455,138.94804004622983
EK202310203454,144.2367033905232
EK202310191708,129.09238746596333
EK202310109582,151.8023718751968
EK202310203719,134.026348663648
EK202310201332,159.19612795254403
EK202310204835,137.86341678194535
EK202310131213,149.11446573659688
EK202310155687,145.04176748831688
EK202310178634,141.5956104388702
EK202310115110,148.44207348022624
EK202310201445,167.1587127408978
EK202310233989,135.08884039205867
EK202310226621,140.00354114716677
EK202310182124,146.1773402935187
EK202310129960,140.79106339247826
EK202310172024,154.5878558362101
EK202310124587,145.60745941041927
EK202310180490,137.83988700322635
EK202310218866,141.11495400947314
EK202310145486,133.94428540670083
EK202310243783,132.91212944932454
EK202310163544,127.56078347014594
EK202310245299,132.59217914083035
EK202310185466,133.6206570038123
EK202310114372,146.30656566105577
EK202310132954,138.72680738502126
EK202310156324,136.82251148077043
EK202310237016,138.60550052171226
EK202310214641,144.63784192004658
EK202310106858,145.30621631275488
EK202310182500,161.06925255146388
EK202310125749,138.22000732409566
EK202310201978,126.15243308342502
EK202310112112,139.98737543142843
EK202310243292,152.27722650635457
EK202310192897,135.65205717905513
EK202310173512,137.7614171991518
EK202310125634,132.45996585151454
EK202310165797,150.3425532070018
EK202310213138,152.9510593430457
EK202310211642,138.15183101932993
EK202310156317,147.2658583563002
EK202310154649,173.49830754131295
EK202310198938,151.5051739139145
EK202310175465,142.63969777651377
EK202310187555,138.8887402898879
EK202310183448,176.21245718046163
EK202310205101,141.63356305863056
EK202310201536,138.71028212495747
EK202310131221,133.16313747205476
EK202310242173,161.55575791222915
EK202310195317,141.9332092543811
EK202310139267,138.4522668785644
EK202310189575,165.25312373514936
EK202310186883,154.23470354083506
EK202310184286,157.91066552124136
EK202310194270,147.35001194905567
EK202310003611,143.7849952398053
EK202310189126,151.33760916754053
EK202310179964,170.00429187870492
EK202310118181,117.8919708615141
EK202310220832,146.47229305861921
EK202310203022,138.67499379752073
EK202310205592,163.59998003840286
EK202310128283,127.93537841623397
EK202310214279,149.9500270374789
EK202310175101,152.02749285202157
EK202310116399,133.16159512200917
EK202310132303,138.77905154421046
EK202310147925,137.95395243033693
EK202310219063,157.86574161410243
EK202310197713,147.46671927842112
EK202310165104,147.970468931588
EK202310198835,143.25341438440026
EK202310230554,130.68993602928583
EK202310103890,138.0394908148431
EK202310152894,158.23619596712953
EK202310156771,157.17224565605272
EK202310239166,141.15484774191611
EK202310157043,169.0912118901137
EK202310158767,138.8588485224267
EK202310231819,162.4171836626055
EK202310162990,150.08435530280852
EK202310237033,161.61067687067109
EK202310220279,142.21796231526827
EK202310105088,147.87603643552555
EK202310183088,129.28504298091588
EK202310134719,146.76601308526764
EK202310126509,142.17091950113826
EK202310113028,138.31433233375202
EK202320007641,161.69384537668637
EK202310194771,126.90671752063184
EK202310193624,135.86101950912516
EK202310178811,163.6711804722836
EK202310127140,150.18693971735559
EK202310193675,149.70850315033707
EK202310208947,125.49884294487914
EK202310242072,138.68873904189473
EK202310129762,138.64042354127395
EK202310178638,149.8772547119318
EK202310208504,131.0924170138767
EK202310131365,146.52737191063605
EK202310118546,144.0302759899506
EK202310245144,138.3647714096127
EK202310142879,129.7891773657664
EK202310197920,163.3896627213898
EK202310182216,156.35959039784666
EK202310163824,144.8535942157498
EK202310247357,155.9708750876857
EK202310145691,156.1040946856869
EK202310176063,163.0347869649921
EK202320006459,169.16717112446503
EK202310227785,127.00876273716472
EK202310189723,176.54720583761375
EK202310182881,153.68252088634668
EK202310196251,149.9280263306083
EK202310212183,133.51419803378158
EK202310165884,128.62158995461203
EK202310162354,150.94695911045403
EK202320006915,168.71040114053648
EK202310152978,167.6789563858157
EK202310186596,168.84713720195117
EK202310184203,133.29543231136034
EK202310115228,142.7931165302877
EK202310187250,152.14387296302974
EK202310199882,147.72958215103478
EK202310247733,160.3201513032965
EK202310142093,141.09454389524967
EK202310192250,147.33604284760204
EK202310161127,175.42234741229376
EK202310227929,135.5548922009524
EK202310144416,128.45034767841653
EK202310129300,154.84101233666257
EK202310132887,129.65004305375157
EK202320007268,167.40749217442752
EK202310117763,126.29109332835714
EK202310135610,121.579611942302
EK202310108226,149.29498180964055
EK202310197484,163.05092642384193
EK202310220905,130.03260366433622
EK202310210612,146.75353301470585
EK202310199825,135.43371877960797
EK202310167815,134.74900300012848
EK202310222270,121.21240922828329
EK202310218829,128.31913109287242
EK202310158524,142.31814830980082
EK202310227353,127.01722860331245
EK202310105993,146.32740510577074
EK202310128862,137.10839778732458
EK202320005603,167.58172805867582
EK202310145543,153.4171519966327
EK202310226964,130.26501827282686
EK202310106404,160.954270986592
EK202310158792,152.36120441225003
EK202310169557,163.1890860064732
EK202320007615,159.78832949823953
EK202310244340,131.61278856422285
EK202310241009,146.70452834185812
EK202310173004,135.40297215308757
EK202310229814,152.67004196798283
EK202310136774,156.40120624464512
EK202310134670,152.4563514185624
EK202310125653,139.3952890962585
EK202310104378,147.25914407857002
EK202310114092,142.4397808820493
EK202310242755,142.70324480146692
EK202310175831,141.71580477176357
EK202310123102,140.76549592338495
EK202310246196,135.47679386726583
EK202310164308,137.82283471922415
EK202310164001,125.19496757495614
EK202310127733,175.86524243121718
EK202310107896,147.68607269372154
EK202310196209,168.93542046417394
EK202310164751,144.71953443012214
EK202310180897,144.24100539173588
EK202310217788,147.0435644090406
EK202310193711,154.60758255507054
EK202310244316,152.52287307826307
EK202310224163,141.87735972942707
EK202310104994,130.51591413744583
EK202310140073,160.33794957764576
EK202310188584,153.21484543444376
EK202310110511,136.3655283545081
EK202310231033,137.18518878855863
EK202310178461,162.8149769278197
EK202310167965,136.0300929872445
EK202310106027,126.43589109819894
EK202310193439,144.07880457228515
EK202310151107,141.08242471096526
EK202310196605,127.30692701392744
EK202310218318,154.98173702325934
EK202310195078,143.59178717434753
EK202310148837,171.5417173819249
EK202310127102,145.6692725013055
EK202310114514,146.84433454201354
EK202310121553,139.68924512273844
EK202310172559,134.5412321266267
EK202310151216,121.11754346701375
EK202310128073,136.0328044685641
EK202310108605,145.49213312461646
EK202310201812,142.14339780855485
EK202310190862,153.65970174509127
EK202310223367,175.01811906600062
EK202310217222,141.32907999617544
EK202310171756,152.6231619815347
EK202320006771,169.94727686022085
EK202310124052,154.5803967569863
EK202310221124,129.22086890641208
EK202310154368,146.11933799252057
EK202310155273,114.9640817757795
EK202310161608,159.83789836666477
EK202310176630,137.75850356294083
EK202310158951,151.21678701313493
EK202310223924,128.31945013509747
EK202310187178,146.93702631332806
EK202310189441,162.13890731232658
EK202310193808,152.01579149327878
EK202310117653,127.22703239305825
EK202320006281,158.79129039823746
EK202310104452,154.1601543692631
EK202310170998,160.8492224263563
EK202310247137,140.43156048605525
EK202310207587,159.95207567217219
EK202310224054,143.80468924773785
EK202310124503,127.1214522656874
EK202310111608,148.4207238156296
EK202310169517,139.170040334301
EK202310177572,156.89379857912095
EK202320005767,150.13093420139205
EK202310194290,120.37699380969617
EK202310115205,161.49157723993395
EK202310227698,123.6824395352802
EK202310120637,154.26315146327397
EK202310143976,134.2695026101663
EK202310246533,134.6758207677843
EK202310244741,133.48018655447243
EK202310163421,137.17696222476485
EK202310169247,165.6765465807199
EK202310136860,137.64278292773636
EK202310217749,140.3879096130419
EK202310128152,145.8534512251014
EK202310193309,157.76359447052013
EK202310243321,152.44308109367677
EK202310152737,126.95689979266339
EK202310187887,155.0771319117777
EK202310150896,133.320312899753
EK202310123219,152.69188175646758
EK202310166345,123.34411489031595
EK202310163457,159.88581590529287
EK202310218300,158.44284647347843
EK202310177093,140.11460485106744
EK202310123434,134.41985329897815
EK202310226930,138.5489167787104
EK202310210088,166.7930960547564
EK202310190936,153.7835817456274
EK202310127583,132.40769968249916
EK202310185141,139.87497127207308
EK202310138333,141.5490327077101
EK202310143408,150.1950736108631
EK202310147317,137.40839325538573
EK202310127752,140.19562075734925
EK202310248048,151.90416280349842
EK202310109094,143.8263221132229
EK202310230897,132.13631733003302
EK202310229240,159.71772794555494
EK202310158776,134.43825787330076
EK202310178235,157.6450640423503
EK202310153456,118.64597867087564
EK202310125365,135.17814535291984
EK202310228431,139.08210012552533
EK202310177613,160.09612538047682
EK202310230016,146.9831313459376
EK202310124464,137.06764032048568
EK202310160084,149.63276156751888
EK202310230147,145.40241282914786
EK202310154253,152.2082715035478
EK202310180390,132.1884181742099
EK202310126260,140.56565562264254
EK202310110447,130.87661602494904
EK202310225162,149.8226842068283
EK202310127787,133.2242803396803
EK202310127024,132.3398387075437
EK202310123897,146.51226335150923
EK202310191044,147.88793534317608
EK202310107279,139.6070749976304
EK202310222709,148.5882853572003
EK202310158190,132.57081813378
EK202310226271,137.25514970939506
EK202310227119,140.03325650248843
EK202310180033,148.40637061759836
EK202310113831,123.82242560390105
EK202310127200,140.16624842412406
EK202310234951,143.38795405879304
EK202310113479,128.1004794703167
EK202310207326,139.70068094854858
EK202310227319,152.1630724424694
EK202310230874,134.15021744377594
EK202310139589,151.1792028801777
EK202310114753,152.5406605597556
EK202310121349,140.4536110537826
EK202310202957,150.80867684441378
EK202310159641,143.8849902138824
EK202310176020,145.45195060991455
EK202310163367,142.5361566989449
EK202310186524,138.25070638352415
EK202310221903,162.03041081776956
EK202310161048,152.08392566899587
EK202310187444,134.35657653488713
EK202310127440,135.4221767497572
EK202310218146,158.7220552729834
EK202310150639,173.78246111943477
EK202310233888,130.96271434221634
EK202310209197,155.0906257159189
EK202310143716,169.0980513824562
EK202310104198,139.323573802937
EK202310154483,138.08219724433877
EK202310167981,146.79509288028365
EK202310180723,133.96651999467394
EK202310196829,132.56395767485327
EK202310115909,136.14862311367634
EK202310142747,165.79972378123736
EK202310168568,148.12910988403334
EK202310116790,119.74604144835223
EK202310246722,139.28498333023322
EK202310201508,149.47254064753665
EK202310184072,141.88690469177146
EK202310243865,118.52517137904155
EK202310210914,127.2408227960147
EK202310239276,143.83157021082008
EK202310215006,168.53995375813125
EK202310104899,138.20614376306472
EK202310123211,118.904992406707
EK202310139857,146.34304372478653
EK202310229104,138.8552495437252
EK202310225758,152.3843890157691
EK202310154150,137.88940172920482
EK202310151559,159.9410175237365
EK202310121018,152.20129535966706
EK202310139751,135.26117118022967
EK202310130814,157.45237487801134
EK202310226459,142.7092383170132
EK202310144732,134.9745728289215
EK202310159300,160.51955276379087
EK202310216298,149.3806589083996
EK202310108276,136.65658320419314
EK202310132846,143.68228144514873
EK202310146926,136.13281476096606
EK202310205179,141.4135019890438
EK202310172161,157.12832611724565
EK202310206115,151.86781526504438
EK202310197301,120.93223762360549
EK202310172771,138.74513649327014
EK202310109812,150.25504732998792
EK202310152808,130.3681946528083
EK202310121442,135.415436231557
EK202310136433,138.59714827707083
EK202310242312,128.49778570089234
EK202310104384,144.205239006872
EK202310199318,137.51626302057676
EK202310135620,145.22577220579214
EK202310153631,145.8514936116084
EK202310133022,127.55407082272663
EK202310112038,125.89339438841986
EK202310200944,152.36178254778784
EK202310209272,152.123351992861
EK202310221651,135.02284886914563
EK202310147889,148.01320764126345
EK202310004590,124.34192826629148
EK202310196915,157.293803060993
EK202310186595,141.26167404650784
EK202310104696,150.96875766897753
EK202310144577,152.26449184902492
EK202310169285,115.49935763349781
EK202310184084,143.59337224276314
EK202310132378,147.64214832525437
EK202310246159,183.58023634636533
EK202310202358,115.39420008707023
EK202310159800,140.5111647191871
EK202310209349,146.06858570989155
EK202310200523,124.85618226087362
EK202310231409,138.51503243994554
EK202310125721,148.0114362006959
EK202310150276,146.95617699944833
EK202310197223,137.88001014872577
EK202310160408,149.35418873474873
EK202310213557,134.5400302519877
EK202310218382,151.62448499777193
EK202310209694,156.09457544663957
EK202310211465,153.829658733229
EK202310227036,147.40149394598572
EK202310168055,141.04040231432108
EK202310173868,143.07140613216475
EK202310235783,134.4239303184599
EK202310182758,146.71388816554173
EK202310202200,137.27922518959238
EK202310114988,143.30475954515407
EK202310176929,141.47199444388983
EK202310121237,142.7936373532046
EK202310152253,138.0765679742957
EK202310226416,153.84991107163907
EK202310140761,154.0308473158073
EK202310200743,147.2942603904819
EK202310165360,143.78877193722008
EK202310235685,153.3109912757932
EK202310238675,141.23707972877904
EK202310191990,148.55526105549308
EK202310149927,153.31424402577463
EK202310196613,152.55247134704692
EK202310138650,155.2998634490922
EK202310135837,139.5292460817084
EK202310004179,138.98591056128248
EK202310202844,138.64154650572442
EK202310156145,140.37490398213362
EK202310137772,128.07877667140457
EK202310139643,166.63788461916602
EK202310190140,148.48804490760514
EK202310182976,126.39912723080172
EK202310140267,141.77438612186478
EK202310149614,147.20509968952544
EK202310188618,143.5967146298355
EK202310153165,139.06384362607574
EK202310239729,158.344016429577
EK202310104290,133.76395102455675
EK202310237254,160.08657377340361
EK202310127230,143.36377670119663
EK202310133287,143.50967577865114
EK202310196943,130.94499124713744
EK202310154405,141.0166450742326
EK202310235085,132.71324824920484
EK202310144062,147.48195402914183
EK202310185906,146.3519215966078
EK202310133676,161.55040021716033
EK202310196801,146.41232458659212
EK202310223356,145.52107776424205
EK202310174845,166.44634379187187
EK202310131724,136.16652300270636
EK202310227778,127.68026056859232
EK202310139935,145.85597789005047
EK202310109785,160.48716549462333
EK202310162467,148.96925289609808
EK202310190820,146.58016024063318
EK202310111438,139.43136220482037
EK202310202344,166.0517608462
EK202310128622,160.80213933051408
EK202310239716,140.84374383827486
EK202310206350,169.5779407020246
EK202310137152,143.99451615944508
EK202310186456,156.15136370978078
EK202310247836,128.55378566244661
EK202310239485,146.18068584643692
EK202310192860,141.66217577523452
EK202310130413,144.11885461246135
EK202310193922,150.55213011527718
EK202310181806,143.2200406929026
EK202310121213,133.67566180136043
EK202320006017,165.2219832398835
EK202310123080,133.72611834691915
EK202310155988,141.2189761658404
EK202310126966,160.78191941788157
EK202310189745,139.86664024502215
EK202310203961,127.48858471485332
EK202310118179,142.46734907419307
EK202310109004,152.44489301560276
EK202310003506,137.05528147875532
EK202310106808,134.64414967584096
EK202310242146,134.8038841819189
EK202310114687,145.030688948851
EK202310139155,159.32636497398752
EK202310229903,122.96611835771223
EK202310170375,133.8099871683778
EK202310199839,149.5547816930399
EK202310112897,131.44161100633514
EK202310221448,148.68195007232416
EK202310191215,151.91348328298918
EK202310221051,142.27249047979765
EK202310221033,134.23329993989273
EK202310224111,133.16622134841265
EK202310217504,131.62548143859556
EK202310179120,150.9158400204
EK202310106293,132.35082052542498
EK202310228948,126.70880798076425
EK202310192129,139.43739479900793
EK202310109160,142.3668407845628
EK202310170771,146.61785460803398
EK202310242806,133.66113169215356
EK202310175538,156.02082520744545
EK202310149012,156.20693832875497
EK202310104532,143.92720371915388
EK202310212068,141.217349708702
EK202310123340,140.9535971187474
EK202310131077,152.15210680601677
EK202310148068,139.76736079917416
EK202310190251,135.29518954864687
EK202310174004,156.33543521749013
EK202310156599,135.43251531547364
EK202310153023,153.43691899218288
EK202310145554,152.53094902771548
EK202310160744,156.885121915276
EK202310185195,136.41329841402742
EK202320006590,167.9061859611086
EK202310129886,149.75095640481246
EK202310124625,149.33058980087452
EK202310188309,149.45317795756827
EK202310142832,143.87011286492753
EK202310183119,151.57162562247046
EK202310105045,130.05874812849217
EK202310170611,124.94679757159336
EK202310155999,146.26939181817409
EK202310230234,140.7506536813343
EK202310103794,147.52246698667224
EK202310241301,146.56557568843948
EK202310202926,160.6850950202725
EK202310247420,148.24343654417117
EK202310165584,165.99007096581437
EK202310179695,119.07449463040732
EK202310164314,151.85501276444177
EK202310155082,144.06284295556998
EK202310145770,149.8284753532562
EK202310247538,165.4151171464688
EK202310214111,162.54740571780576
EK202310181544,141.79885120112965
EK202310151024,130.04103688834226
EK202310229794,124.62230496643127
EK202310125839,146.5659869920955
EK202310128797,143.45779658643494
EK202310147449,141.07120492524166
EK202310211288,117.55010543214632
EK202310165604,131.96726185868596
EK202310140481,147.17276860635113
EK202310154542,147.55654605236197
EK202310213091,129.08209135229836
EK202310248733,135.91583932478315
EK202310152930,165.8873312811678
EK202320006866,161.47884975819542
EK202310216477,113.5468081881744
EK202310181197,150.5550336235582
EK202310244809,148.18378664963723
EK202310111806,134.50725836063828
EK202310106490,152.26816089939123
EK202310145258,136.45185183587844
EK202310205168,142.59543565969946
EK202310157331,160.16147399933647
EK202310163882,137.90155471016055
EK202310129546,120.24799117104722
EK202310148414,133.4698047771553
EK202310224909,115.85854555120594
EK202310165479,130.59344172756934
EK202310170016,133.2686329735482
EK202310182759,142.27002823317488
EK202310111689,137.73220320691482
EK202310202711,151.29763819884587
EK202310201534,141.95214528816945
EK202310113940,142.45019112501257
EK202310114299,134.8186627117293
EK202310203251,149.90652872417553
EK202310143744,158.31589470594056
EK202310149498,166.42018716633527
EK202310217908,129.6740074695309
EK202310211929,121.1213872831376
EK202310149164,152.64705745595342
EK202310164565,139.12615377391612
EK202310210725,131.450747736295
EK202310121120,143.64399139818323
EK202310216961,134.59779179085513
EK202310172951,146.00633360682315
EK202310230076,130.33684661482155
EK202310214365,149.812220407904
EK202310120411,136.23546652925873
EK202310233763,146.9954435807816
EK202310189756,131.41634508880549
EK202310180908,149.27945295841974
EK202310163595,136.91513782407873
EK202310117226,142.09378565952315
EK202310133078,141.25126878459682
EK202310214364,142.13727207145322
EK202310216563,143.48343484225768
EK202310233460,138.00493885533672
EK202310145609,162.87022951442728
EK202310224257,137.06025565090897
EK202310192247,127.68413654225945
EK202310205631,136.72694078290698
EK202310231421,138.70209030354636
EK202310226086,131.57144709687955
EK202310237602,141.94943738618187
EK202310136602,129.8404512062086
EK202310122474,131.24104685350923
EK202310188932,158.32757327176304
EK202310138201,124.27194352077481
EK202310194378,167.4105975182679
EK202310214991,161.66925911928004
EK202310225525,142.09962479677696
EK202310134214,151.87347707251547
EK202310195862,142.48828462779022
EK202310159199,148.5714038603877
EK202310155737,142.80587573050553
EK202310170011,144.21348128517386
EK202310201630,141.75159902322775
EK202310226552,134.27900247718912
EK202310160002,127.47583728167001
EK202310151703,155.52747012419076
EK202310143816,129.7143871216612
EK202310232638,150.5389338164126
EK202310114002,143.8564467226868
EK202310129927,155.80059090289365
EK202310203267,152.2067615251457
EK202310177954,145.03318692923773
EK202310153060,144.2966327034543
EK202310111529,142.64565762007575
EK202310137725,153.72037322904535
EK202310166343,156.07681057406532
EK202310186809,153.9641262433168
EK202310144953,136.56969515905715
EK202310122463,135.01136823344817
EK202310134204,149.47272315597243
EK202310150378,136.26099357044356
EK202310237288,141.76999980187685
EK202310248480,157.38034244847321
EK202310004124,149.2868493400047
EK202310003566,121.17880731798846
EK202310213203,138.50404937801753
EK202310124344,136.8996477948115
EK202310228408,174.18117584718232
EK202310232131,134.40908809318285
EK202310118742,149.5654617101954
EK202310134004,145.04433794217718
EK202310247397,151.47236927460582
EK202310239190,121.98293418274864
EK202310246475,134.73648190147622
EK202310198578,155.52124727712123
EK202310215084,132.9048978742263
EK202310105260,144.1734426060866
EK202310165433,145.4027340873131
EK202310140038,154.59929038268984
EK202310107453,136.9895138929294
EK202310221064,141.72101330983378
EK202310120243,139.2607329660588
EK202310184845,142.29812240173786
EK202310176066,148.6128841470937
EK202310227077,144.9552982652662
EK202310144370,136.22478051320107
EK202310162124,140.00794983050733
EK202310110699,149.745094633587
EK202310153084,162.04886303937977
EK202310160786,141.915912501549
EK202310242308,148.1344658692917
EK202310194163,132.77741217976023
EK202310105869,141.78272508411126
EK202310214672,147.09492373642342
EK202310145840,148.0991161158032
EK202310178975,147.38164803283945
EK202310189351,158.12877741710443
EK202310180495,146.06768727935687
EK202310202435,140.3736673851316
EK202310111129,135.67773506468816
EK202310157646,145.43355101577626
EK202310227821,146.43635567871962
EK202310142018,121.08934590766114
EK202310176861,157.74925643572362
EK202310228822,138.74104901775533
EK202310142217,146.4590979600828
EK202310237859,149.1078752211152
EK202310146830,139.59910337826724
EK202310152183,149.61725191973133
EK202310179889,138.65508395335237
EK202310217535,152.42387775294586
EK202310111073,140.83121760960864
EK202310228103,145.02409902007855
EK202310171811,152.03125560740938
EK202310224290,141.49254401197018
EK202310108057,142.66410849218866
EK202310240225,163.4906809091509
EK202310240301,146.77929710985399
EK202310126961,135.9762141236906
EK202310235847,140.71704416937217
EK202310107011,147.44641018559975
EK202310185554,155.14565291455125
EK202310224213,131.6966843555653
EK202310132189,128.65393498024577
EK202310193327,155.42277903106745
EK202310230501,133.2831286707397
EK202310130145,171.3612104477856
EK202310188675,143.830990580249
EK202310155036,135.80518142359568
EK202310177355,149.3182954102427
EK202310139948,137.7983857300254
EK202310119442,144.6835766224131
EK202310133620,132.65271191359747
EK202310202179,158.52215616669412
EK202310217546,140.6734078561723
EK202310182683,132.04962223870967
EK202310184843,142.33530305018436
EK202310108718,154.94237461014347
EK202310159849,153.1009975698517
EK202310004889,130.80146012460852
EK202320006575,165.86973709155876
EK202310209060,150.09074478452612
EK202310104959,140.65068468644247
EK202310182681,129.375495519145
EK202310145101,149.46141005704774
EK202310134497,134.3358465428547
EK202310120585,135.3423707673638
EK202310198684,151.30267692163162
EK202310109466,140.75644801007945
EK202310106981,130.46259293748798
EK202310004230,126.97985531168383
EK202310173364,127.13990563939595
EK202310164220,138.56273177468765
EK202310207890,124.81017835386996
EK202310134470,150.16075050141444
EK202310124056,136.564990190491
EK202310185859,140.95053188478244
EK202310160054,145.3980506350469
EK202310246219,162.71942967736638
EK202310196525,154.28808538338987
EK202310193933,144.58638243151373
EK202310144345,138.63887189543067
EK202310004466,147.23440427588798
EK202310168682,153.22745372900914
EK202310231230,129.1169553833691
EK202310206143,127.48285086035287
EK202310120180,147.6106933013334
EK202310208027,142.83163969476414
EK202310211315,147.25956056638097
EK202310176576,136.08224433158065
EK202310174969,148.21615259216935
EK202310210179,132.02802678848283
EK202310217528,135.75318334827875
EK202310238600,133.40423385841027
EK202310236054,135.32448315699583
EK202310137936,140.7829707742817
EK202310222493,131.86727743385288
EK202310171713,134.2448660612397
EK202310171703,132.16623514624635
EK202310132101,164.2847051485254
EK202310136177,129.76794252818328
EK202310222204,151.71458711300153
EK202310198438,146.34299487600845
EK202310198847,146.25427120768111
EK202310212204,126.67365441952786
EK202310158611,147.18806180263024
EK202310214429,145.14407390694444
EK202310197505,130.2219235759092
EK202310155317,149.7594032283378
EK202310103873,142.34446870111393
EK202310203439,135.3266224636009
EK202310205578,157.85453403965832
EK202310114493,129.46965125066868
EK202310192330,131.640757556979
EK202310150257,125.09707375694883
EK202310212345,136.22621747307318
EK202310166764,151.72246650466516
EK202310173381,119.66221370941022
EK202310129246,140.07841695379102
EK202310198977,163.75548445259327
EK202310111435,151.51446534382234
EK202310210569,151.11792779098357
EK202310216496,155.32238153732712
EK202310159176,134.66699713229866
EK202310205779,130.26026281067706
EK202310160097,159.05561436014344
EK202310144776,138.06605240680008
EK202310232327,145.02114677825895
EK202310177826,152.51388979995556
EK202310232783,141.7803436013924
EK202310247658,129.75476446675685
EK202310192257,143.81974021893075
EK202310105522,147.7205086035811
EK202310110676,124.91153903084408
EK202310175277,132.48473895803863
EK202310222480,132.87735741749327
EK202310244692,139.60252649473978
EK202310238299,155.64406203702833
EK202310196847,153.01550910057446
EK202310219030,134.9904365917843
EK202310003531,132.52121206498316
EK202310216422,149.40756980988908
EK202310112977,153.42123624070535
EK202310184951,155.60464258686397
EK202310195157,152.3086313961421
EK202310107454,145.6456466982178
EK202310139967,124.63952473242452
EK202310150754,138.28397630782501
EK202310136822,135.28461412667346
EK202310219114,130.85610092185203
EK202310200603,175.81307009875715
EK202310141838,136.22716998101632
EK202310148763,147.92011678218756
EK202310234275,150.43361851941586
EK202310219816,148.49382501596722
EK202310105056,140.5485556832688
EK202310164743,148.96366474212206
EK202310132814,151.00292097858016
EK202310188510,146.9922368197796
EK202310190625,160.04187206149146
EK202310133363,138.8760184747918
EK202310164850,138.44029549961692
EK202310112766,131.5121232927145
EK202310242743,154.06927142750789
EK202310167944,152.4652024043043
EK202310174056,142.10599428397808
EK202310196467,142.26022337336138
EK202310112347,139.53722204081444
EK202310183616,154.5038201963374
EK202310169352,158.67929418178034
EK202310209027,152.93224473788783
EK202310223654,147.63795279332524
EK202310118853,146.62716229175192
EK202310161978,166.6166739635079
EK202310226345,144.7817594097072
EK202310229817,138.7501921862931
EK202310163424,118.66916083753317
EK202310230830,134.90919312598197
EK202310181485,149.48418945169865
EK202310173117,153.215831920658
EK202310191342,143.3782979937576
EK202310205302,141.07863292576695
EK202310122843,136.69860938070596
EK202310201365,143.04265110227757
EK202310164039,136.76256271797186
EK202310176835,144.3513257682203
EK202310240788,122.93934481371635
EK202310112640,135.89517132768046
EK202310181638,128.89580423109214
EK202310233877,139.88137926497282
EK202310107169,129.8399525840033
EK202310178789,147.62230366239004
EK202310152645,134.68074810109624
EK202310139143,154.34248326311095
EK202310185606,117.7035097329861
EK202310236253,131.36237357242945
EK202310188369,144.8966688304621
EK202310138500,161.36836161961892
EK202310231971,142.01469914804537
EK202310194339,138.7952886703581
EK202310175771,157.6598096012913
EK202310109100,177.41719967986995
EK202310196714,145.83271476434987
EK202310135780,136.85551469632534
EK202310177286,149.1157684341804
EK202310162248,140.18696921164624
EK202310113556,138.24248503906034
EK202310225632,152.5228117853387
EK202310247856,139.2205885167313
EK202310178852,136.68642205023528
EK202310163577,126.74373098520996
EK202310151357,126.24125741874687
EK202310111121,139.6110916146368
EK202310181600,149.0706379287903
EK202310194358,129.70740547154764
EK202310202153,165.71010357997187
EK202310105466,107.97763250686091
EK202310216384,135.3222306384129
EK202310153150,166.96921855535396
EK202310230780,148.10350803062798
EK202310248548,119.14945152617648
EK202310121252,142.67432080757337
EK202310201045,141.34292505835242
EK202310208942,155.2728002652195
EK202310173243,141.6762264653384
EK202310183907,159.29669391340556
EK202310152258,135.98097005533646
EK202310151886,121.68705711729383
EK202310124883,132.22252904532448
EK202310206942,162.4233033204673
EK202310186343,137.43492843186772
EK202310199252,143.45864069647564
EK202310153785,143.78123533132603
EK202310119274,144.97974548212107
EK202310229019,128.98011842471442
EK202310003459,146.85680619529808
EK202310215837,137.53989253377463
EK202310104012,168.33482749210847
EK202310226825,151.47764520795565
EK202310112000,135.22519557988707
EK202310228139,122.05730134500564
EK202310195964,147.8557857706806
EK202310196447,137.00844532291526
EK202310133431,136.75558464586481
EK202310148207,138.48396053514136
EK202310208262,152.00699301601608
EK202310234548,132.79041383731925
EK202310110644,176.90027244799225
EK202310112284,154.23954105705604
EK202310185528,164.1918351288285
EK202310120181,128.99208854568548
EK202310155062,131.47116353358297
EK202310141339,140.85333374231024
EK202320007364,147.77978891724592
EK202310153420,126.50106062798355
EK202310168023,155.59765474840037
EK202310136980,163.80299146133174
EK202310109577,152.19649633292764
EK202310242836,153.0314542856373
EK202310245264,152.43955510469058
EK202310156259,140.57071235846195
EK202310190170,145.4648961577679
EK202310248085,118.73403160742188
EK202310236610,126.33212034982719
EK202310127984,127.11284204993086
EK202310151526,167.03033113595345
EK202310183833,134.11482238097923
EK202310181035,123.30500904192326
EK202310209277,130.8703074895486
EK202310208187,134.65530567858605
EK202310113331,144.13220729709383
EK202310130050,148.59532417137999
EK202310210098,163.40067046050876
EK202310131769,136.76221038332105
EK202310182943,160.59161714249052
EK202310245900,135.03240610882025
EK202310112562,161.85353200053754
EK202310112368,146.48480432823504
EK202310153158,150.01221354284868
EK202310246187,159.63306637163478
EK202310158259,178.06166336613313
EK202310191908,163.2158683742006
EK202310229177,113.46963164586518
EK202310173976,116.47532715103635
EK202310235029,143.6127061085578
EK202310160651,148.27197541181582
EK202310104176,144.10096645970293
EK202310163031,150.23215644392752
EK202310189284,148.40602423425514
EK202310203767,122.02689693255878
EK202310153903,129.8965281647262
EK202310163959,135.97263895774037
EK202310175696,147.2110222140806
EK202310196551,147.76938241758924
EK202310130357,144.8661267262984
EK202310227070,157.25222708474132
EK202310223980,150.4478854638317
EK202320005716,161.82679079355134
EK202310191016,143.73478535456135
EK202310159308,173.59619480025245
EK202310157506,130.83855106291264
EK202310205339,136.0123067555406
EK202310173591,154.48036306424356
EK202310212415,134.8863137550691
EK202310152400,131.66256255196816
EK202310116809,139.39605805201248
EK202310223921,156.1849746135351
EK202310136881,128.93482088093106
EK202310197683,166.4748266220543
EK202310119242,137.9048187590464
EK202310156431,141.521760240655
EK202310142993,163.84903104850395
EK202310190357,118.42808277594673
EK202310138818,158.2627256586532
EK202310180708,131.262022003935
EK202310171205,140.63179170929396
EK202310205536,141.1067730397544
EK202310178501,148.8843629968461
EK202310114516,144.56541541281206
EK202310217959,124.50897654540972
EK202310197130,123.4502134292375
EK202310175335,153.2544888362748
EK202310106557,148.17902106679966
EK202310228468,134.51487029673228
EK202310107166,133.69645408557912
EK202310187850,158.82409013727155
EK202310231655,132.27343460241113
EK202320005951,160.64705831031512
EK202310110395,128.59992840743072
EK202310229554,151.01678732988682
EK202310129150,142.92841303868397
EK202310245507,142.95050810057052
EK202310165967,140.88674387168078
EK202310139144,123.26699419182661
EK202310205378,137.9249267268874
EK202310118211,130.02876236111194
EK202310117975,138.07845407702786
EK202310246423,135.05296629885805
EK202310224264,132.80638806010236
EK202310157523,135.86831503858662
EK202310136806,144.13097851421117
EK202310209414,147.99311664401878
EK202310105657,145.15111719495428
EK202310227287,137.48803565382718
EK202310143495,150.78917504008965
EK202310104202,134.78762627921438
EK202310132179,156.7349113883646
EK202310192107,147.35151394641048
EK202310201701,157.97297850516554
EK202310204228,122.78077865268052
EK202310204465,169.51516920528186
EK202310220504,153.62565565980012
EK202310190283,140.41764440418302
EK202310220919,154.59283181753278
EK202310136224,144.77399036276194
EK202310229439,122.99805826738312
EK202310201973,132.19728227748166
EK202310233266,143.74830533931197
EK202310120402,141.30769861633658
EK202310203268,137.68178889814007
EK202310103759,149.64313945370662
EK202310206364,145.38554887685902
EK202310239486,138.95536261441615
EK202310167126,152.10347101942446
EK202310172738,135.5686176089698
EK202310225872,148.8559220594251
EK202310124187,137.84253261357858
EK202310230657,132.8614828941612
EK202310219193,126.9209825972104
EK202310169804,161.35710215440952
EK202310214791,142.87183329234256
EK202310130499,142.70950411137406
EK202310125258,141.9436421731883
EK202310217221,141.10466034481962
EK202310244345,154.98373309636045
EK202310130692,140.59628022686235
EK202310225290,153.99068236414573
EK202310202584,152.95024642880549
EK202310165777,131.31748066854843
EK202310173066,144.27748547526778
EK202310142994,154.26169849641508
EK202310146665,132.66068237793817
EK202310213439,124.876664271882
EK202310239350,142.05075480177263
EK202310187146,170.12847224659242
EK202310141831,169.07457232876942
EK202310181405,150.7589971985929
EK202310218983,136.58399986412394
EK202310224271,157.14133832018715
EK202310141723,145.87598382315318
EK202310191900,149.38469712156598
EK202310179485,154.0684514162386
EK202310162868,150.6917292522807
EK202310182366,123.44298286352728
EK202310148108,129.24642277360337
EK202310160133,158.19681269964445
EK202310166838,153.52785062368105
EK202310209189,133.83528848069943
EK202310135477,164.27825215736257
EK202310136211,129.80699688646587
EK202310211907,158.4872342266032
EK202310204224,140.12139859442422
EK202310003420,117.40986163290611
EK202310111245,169.57503566549144
EK202310155528,125.09429682384467
EK202310116420,156.09909726139304
EK202310163647,139.08799734590784
EK202310004316,125.80219324188718
EK202310136565,153.24389343336924
EK202310242785,129.8630830742307
EK202310142669,146.51656880282889
EK202310113336,137.4062515541473
EK202310147196,137.53329944352785
EK202310198324,170.13741357803056
EK202310143104,159.12994922545136
EK202310112994,140.31806501552214
EK202310175359,160.43057050239415
EK202310185406,150.4989945992467
EK202310179778,142.59303204684528
EK202310112667,153.27934401759333
EK202310194252,134.76143773712667
EK202310147035,123.39420237416954
EK202310111219,151.99429590364653
EK202310214524,140.82664938783657
EK202310232716,142.39321197464338
EK202310105019,143.73106227314756
EK202310234559,135.51607852611838
EK202310173427,169.0541413521353
EK202310195378,144.3521369562471
EK202310134112,138.11975023257276
EK202310181301,125.09045087637804
EK202310214980,139.95360954183028
EK202310238261,147.30679427975826
EK202310130718,136.827155176303
EK202310147373,127.04596171225715
EK202310168667,149.94469015079594
EK202310225226,159.29151443592653
EK202310118349,148.1416288053685
EK202310157718,152.61347761404244
EK202310187448,156.87197061316454
EK202310181860,143.65124069712678
EK202310236193,154.98146836910394
EK202310152103,152.6078929908354
EK202310136089,166.06848419478249
EK202310238835,152.2931257486151
EK202310142264,139.57729723748065
EK202310198539,152.32493533580902
EK202310190468,146.64594458246037
EK202320006389,151.827022629587
EK202310148444,123.55031335095728
EK202310149959,146.6159895268706
EK202310228555,137.22749284896102
EK202310105501,143.82885940760912
EK202310119203,136.90184342707926
EK202310232306,140.83970119655476
EK202310182557,142.2052968048342
EK202310213342,134.8329154209006
EK202310167646,163.3190926521222
EK202310195462,152.69628111179188
EK202310171718,137.06002135669902
EK202310150737,141.31274754761256
EK202310207739,154.39874144697015
EK202310121660,143.45791534296325
EK202310205678,132.1295613884188
EK202310242815,121.83898553070287
EK202310193926,134.6314705367676
EK202310169215,158.55862259871424
EK202310121914,125.6492538514696
EK202310146443,143.09319173737342
EK202310186043,140.66124132017768
EK202310242764,155.51588193843386
EK202310125734,127.01795534677053
EK202310188093,138.86650118011295
EK202310247744,153.4299198832552
EK202310183732,158.9770243290078
EK202310120950,139.36146177143561
EK202310160943,146.0126844156548
EK202310223077,136.75757817215992
EK202310113322,142.73356331668646
EK202310171016,157.88128075890373
EK202310118992,146.79884895522068
EK202310210813,119.07025799443404
EK202310119393,142.05272617385407
EK202310165072,152.1653927305634
EK202310130476,153.18062836869575
EK202310176158,132.29266450525927
EK202310235070,149.12055244034883
EK202310108800,137.6453092939124
EK202310213698,116.40436506677011
EK202310211960,136.54890469151903
EK202310115107,136.67539516152033
EK202310154887,158.87465026492563
EK202310125964,127.46016882586618
EK202310197631,153.47114904136188
EK202310152495,156.65973748635858
EK202310138965,150.58071640681678
EK202310229751,129.85917103675
EK202310243042,133.15412460876834
EK202310104932,140.4460586322349
EK202310196593,147.3727684807636
EK202310166871,129.76222487155056
EK202310148398,150.42154070472657
EK202310209486,130.0255826278383
EK202310136632,132.99257173366158
EK202310189646,164.47997306803472
EK202310225870,143.5832190841654
EK202310161755,138.78382282552474
EK202310228917,137.5295308715551
EK202310148074,145.32466360384174
EK202310127137,151.63249843044076
EK202310189248,128.15354402083435
EK202310125103,136.0493864190664
EK202310191210,139.60845261516295
EK202310218240,141.8590029007146
EK202310237275,126.58520541803394
EK202310162417,159.5172604502239
EK202320007302,156.28977886276857
EK202310198514,137.19415978259667
EK202310156654,165.7310538141908
EK202310171571,147.50824360759646
EK202310177305,147.76776687465437
EK202310246747,159.9792001735356
EK202310202758,174.64194472446246
EK202310106134,116.15712405228822
EK202310004263,156.8039982851668
EK202310167253,138.48835798205909
EK202310154950,144.06697036506253
EK202310104343,142.18440606737914
EK202310162981,155.07797916816187
EK202310170399,137.87770940448246
EK202310157462,140.13501855471918
EK202310222137,143.34439837147164
EK202320007745,151.5495405389148
EK202310220891,125.99574006800711
EK202310197465,153.95050645884828
EK202310169484,140.75424648646018
EK202310206857,132.93765942702808
EK202310246430,133.40854887677938
EK202310116674,135.15132479755047
EK202310143852,149.3635305624873
EK202310181630,143.13047046746152
EK202310208946,149.68002643194853
EK202310108868,154.46380407029397
EK202310175588,150.82802746083186
EK202310159547,130.56062445159722
EK202310188294,152.31453753680435
EK202310180437,149.56942371683093
EK202310212936,140.09256134023408
EK202310130231,171.77821232539483
EK202310127231,152.5524841580665
EK202310189985,149.1775019014932
EK202310116510,147.7749170255036
EK202310207462,153.58131162155206
EK202310218692,153.5529091816407
EK202310227138,136.40783730345856
EK202310209607,143.49394552703563
EK202310119774,138.6799397954682
EK202310244607,152.62221436078147
EK202310113466,154.5716739372016
EK202310117710,123.91788874148014
EK202310175467,159.31296397257057
EK202310137952,149.73599223567075
EK202310235796,140.58293949006577
EK202310248336,138.00618222622964
EK202310185289,144.05340791455825
EK202310149146,146.90458901317453
EK202310129791,166.36402638961192
EK202310122547,137.8757157994655
EK202310131673,151.76775174491993
EK202310218477,150.65671540679702
EK202310158788,159.41130354912966
EK202310243244,145.48999041054756
EK202310137064,144.25227659003704
EK202310178386,151.14693856216667
EK202310159003,142.62679117895888
EK202310127413,152.1086314304025
EK202310194146,137.98464021816798
EK202310232087,148.56158379314007
EK202310143601,151.46746048912573
EK202310127915,136.77666710804525
EK202310148535,139.4008199941604
EK202310127692,137.25863592055188
EK202310134785,143.00791243224043
EK202310196646,147.29471133260876
EK202310003600,125.93282199879431
EK202310246935,164.3548191304165
EK202310239761,144.0017749466126
EK202310216852,127.27807231973313
EK202310220984,135.42337255763292
EK202310144095,139.3249039925493
EK202310152597,157.9593283743796
EK202310168343,142.27116142329464
EK202310137883,128.03419903744123
EK202310193368,130.94151942773166
EK202310127993,151.65066032500374
EK202310141466,154.29777068345135
EK202310124906,143.72999701340498
EK202310121318,145.5456948318856
EK202310214552,156.97515902598954
EK202310242972,156.02908845501315
EK202310169356,167.79315870302108
EK202310141331,148.632198615039
EK202310148511,169.62270887861277
EK202320006765,171.41642096521994
EK202310131274,134.16553324714582
EK202310126970,138.2450334445963
EK202310167321,150.3996336732563
EK202310215589,135.03578356367797
EK202320006107,153.56365468744778
EK202310147086,159.94635383048058
EK202310233859,144.9849026814988
EK202310141954,141.6032118571875
EK202310234852,129.16106360966904
EK202310136328,132.39074116241633
EK202310133047,123.97286769370109
EK202310136399,145.54902276220895
EK202310207760,132.24774723894834
EK202310139278,142.981143174434
EK202310125356,130.8602167452642
EK202310146350,138.71041694215165
EK202310177090,134.79999430549
EK202310138005,136.66639524279253
EK202310137985,153.42770360277447
EK202320005567,161.9032246652172
EK202310197087,144.58326489416987
EK202310157990,146.64131083874662
EK202310176214,148.43559421947376
EK202310128811,137.5883840798681
EK202310120029,138.0595107216863
EK202310144471,139.06029847846656
EK202310188230,133.92337932001482
EK202310154178,142.16495365705867
EK202310157814,146.70574923464832
EK202310130684,141.94242284027945
EK202310140639,136.83728821702675
EK202310233784,146.0890780838641
EK202310177044,136.3212033278254
EK202310204770,144.34034175704758
EK202310143193,125.74601197126088
EK202310229063,157.2692605223093
EK202310142428,150.33121508339772
EK202310142101,153.12547162594214
EK202310199185,138.07462623713224
EK202310122048,140.62586842559975
EK202310189594,169.60796836797996
EK202310105475,144.7526306172324
EK202310181985,150.2935379093258
EK202310111833,141.93873200894527
EK202310164318,128.7171600870994
EK202310170916,142.427655471317
EK202310158358,156.9917658066688
EK202310106802,131.596909535482
EK202310158510,145.16330892343933
EK202310212527,134.27130529938157
EK202310109926,141.29789613304987
EK202310114932,173.55427433137862
EK202310223038,127.43442715748769
EK202310193126,154.2082158497541
EK202310246777,140.32001044140776
EK202310189632,155.35922835228723
EK202310240945,140.25621051113006
EK202310239693,145.12865436897908
EK202310216494,141.08826879779858
EK202310183749,152.36044255638708
EK202310141275,138.841170904366
EK202310131036,140.6769343395318
EK202310113828,150.09848702255138
EK202310207144,124.4571861875246
EK202310190451,140.34316576896046
EK202310229761,125.38288391915665
EK202320006392,158.09619236056855
EK202310227082,140.48213724635377
EK202310211827,133.74955742176076
EK202310235192,145.55376181702184
EK202310198132,152.98454842455322
EK202310189905,160.82759380393605
EK202310193570,147.7340158284571
EK202310137822,136.27722012078897
EK202310206557,146.3744099841619
EK202310127272,152.67474290702117
EK202310195399,142.2700599209148
EK202310116174,167.07962286920989
EK202310112198,148.57582769242535
EK202310163418,144.0511859185902
EK202310003339,147.44947295081334
EK202310145884,150.39352211020255
EK202310210819,130.1808579442293
EK202310188596,132.05562455408375
EK202310227740,125.04941623495726
EK202310171332,150.67939288191337
EK202310107268,137.93225807940325
EK202310232122,131.44541028876722
EK202310145739,160.4088343011316
EK202310240638,135.41269122256008
EK202310174884,170.88955419196407
EK202310213193,134.6494575817672
EK202310218429,143.00727554856584
EK202310225216,123.49144103478555
EK202310235813,144.09639028273898
EK202310223825,145.8870171625349
EK202310165260,151.7189223204518
EK202310136218,147.9387638734469
EK202310138301,150.56312935161944
EK202310217412,156.5767887177152
EK202310224143,147.1509050463161
EK202310155730,151.2335601633883
EK202310246010,129.9684352260716
EK202310111437,142.13881061159393
EK202310162583,165.75821150674298
EK202310126440,138.71335273157197
EK202310104619,147.54360858374326
EK202310172843,142.09926152116867
EK202310147555,176.43945932880555
EK202310161054,157.00911408259114
EK202310209188,144.07139757640272
EK202310144583,137.72424311428492
EK202310113571,149.50526781645465
EK202310236906,142.97207189781065
EK202310236614,138.58801503127216
EK202310153224,160.25328722495448
EK202310139052,166.21934228406172
EK202310238192,131.19368206119492
EK202310233466,124.95740129215457
EK202310215038,152.63540192320698
EK202310179617,135.6029359862698
EK202310159717,138.81590120518678
EK202310152017,161.2208206906386
EK202310190439,134.6300517601186
EK202310193413,155.61643593477186
EK202310160170,173.22153267147235
EK202310123300,128.72558661723338
EK202310204445,141.74509610107756
EK202310214835,140.52580508328222
EK202310220520,139.99228837969574
EK202310003433,140.7436138049732
EK202310159797,137.01975016655166
EK202310139535,154.05782726072223
EK202310118986,141.5944357186966
EK202310131290,135.16485981750057
EK202310145211,136.22430676529626
EK202310124121,137.17735269989538
EK202310164013,121.24956381668225
EK202310158539,149.74502500735895
EK202310157029,128.81532583348792
EK202310205071,155.78099561958538
EK202310237265,142.6324351761896
EK202310121334,159.14354648930657
EK202310169722,157.70840426204916
EK202310227972,148.02193485929592
EK202310148017,164.4908002707305
EK202310201744,152.2971264501081
EK202310178777,159.87399279732273
EK202310158599,137.17132731843157
EK202310223823,139.69703940936424
EK202310244269,152.3887474327098
EK202310145223,146.67273589305137
EK202310183001,150.10856472771675
EK202310144652,133.9105407180654
EK202310149925,154.76070650352602
EK202310232433,135.57944679345704
EK202310170505,132.7002236998024
EK202310213173,143.35308569875156
EK202310140978,148.7672971117452
EK202310003838,156.94459091597736
EK202310197038,143.53124185032289
EK202310144172,158.57196594970483
EK202310107554,163.35061433840636
EK202310145215,147.4455440742595
EK202310178423,148.00318870303897
EK202310135509,166.2364571591113
EK202310114244,132.58259862547874
EK202310143184,136.73199580008773
EK202310141247,124.1542159621537
EK202310202303,151.92615936520804
EK202310111325,142.70702022578075
EK202310167906,147.57334320414463
EK202310105431,133.56825696227028
EK202320005905,167.05638934659427
EK202310127826,163.01236921241252
EK202310104035,140.25595585453905
EK202310213387,130.30405639485642
EK202310109955,133.93728565193294
EK202310218233,135.1671844683349
EK202310115271,130.49172157234312
EK202310206248,141.63526884795965
EK202310158573,165.19179210420856
EK202310183224,152.0158028550036
EK202310231210,132.8415534770916
EK202310118684,144.81766846095408
EK202310242985,134.14990430724458
EK202310136035,140.70905942457543
EK202310231734,146.70822828380278
EK202310145163,137.20703597885625
EK202310211871,125.07295521429643
EK202310151737,141.59770520461527
EK202310165550,183.755203636227
EK202310214955,153.07534469454802
EK202310112312,132.68992502970812
EK202310122742,155.32589984271056
EK202310202487,129.8262029238368
EK202310233089,139.33901869605958
EK202310166257,148.3756588420342
EK202310180021,148.7357929304849
EK202310149123,130.50672743869632
EK202310139242,151.02603862101878
EK202310140791,139.19674224443156
EK202310230828,140.61446596044405
EK202310242667,139.08725559749163
EK202310188077,154.51900482915474
EK202310184134,153.04925232959616
EK202310227767,153.67720119735887
EK202310206257,142.7323613720204
EK202310112535,153.44812752960362
EK202310142903,139.88585511565103
EK202310109645,141.12103398418765
EK202310153020,152.8059432470123
EK202310106726,139.28948889800705
EK202310223842,149.39531606674063
EK202310194598,159.8953953729618
EK202310148450,140.67035737490428
EK202310120806,130.4432781652147
EK202310209691,146.6657110361362
EK202310114213,150.03347722116374
EK202310152335,149.2899749666076
EK202310232377,136.08235906865215
EK202310150359,143.3905458485098
EK202310172745,122.5426147915679
EK202310201411,164.7194928436297
EK202310152893,157.9497850184444
EK202310155212,150.3456137031065
EK202310182742,137.6774324378764
EK202310183087,142.22743331140552
EK202310200379,146.0194784703081
EK202310173094,122.1258112702306
EK202310227985,148.6095335856872
EK202310238336,162.4848113016365
EK202310184224,146.96206236907562
EK202310232915,156.02195559108495
EK202310219151,143.38804861453536
EK202310213370,132.11016766088332
EK202310219745,137.52919137020422
EK202310138780,139.0249743381029
EK202310203481,154.74662008983574
EK202310174922,137.3364020238698
EK202310233758,132.06349094030477
EK202310153471,131.40996811658283
EK202310151891,161.4341255796591
EK202320005592,151.37822624946324
EK202310105631,139.82315285127586
EK202310176003,143.72235542114035
EK202310181211,134.5775320730604
EK202310144399,136.59671520988184
EK202310240649,127.71656592974743
EK202310145192,155.84148425300748
EK202310206829,145.41405412753085
EK202310110211,125.73971971628976
EK202310234760,136.96141122659716
EK202310114319,141.93927887331262
EK202310135966,137.97398880994925
EK202310183214,151.21537313973923
EK202310163942,170.27596800888014
EK202310219060,124.9057046771691
EK202310192350,138.08245972776618
EK202310130531,149.4236566239961
EK202310163172,135.15954093270022
EK202310240348,139.36313005740251
EK202310198945,158.67742047829398
EK202310004178,116.69674873381953
EK202310199537,155.91024356607335
EK202310152430,139.88094036690654
EK202310200143,145.0685318557832
EK202310190524,157.90482566075087
EK202310116645,130.6727212871251
EK202310193204,147.2719762348873
EK202310148808,157.0174888571126
EK202310231781,136.5416298157507
EK202310129095,142.5417817461274
EK202310114613,143.47209572107533
EK202310190518,130.59026153633837
EK202310180509,147.79303809276215
EK202310220514,127.51405654972852
EK202310225336,124.01719233214062
EK202310237750,151.85956713238198
EK202310182363,150.69297637304106
EK202310196291,159.45154886912934
EK202310161270,147.08457687626225
EK202310132154,120.80581096210686
EK202310181652,145.34937810676223
EK202310238306,150.94574296573495
EK202310187861,134.43263681276358
EK202310196524,148.01432682283584
EK202310218151,143.3719215407095
EK202310176813,134.29015964927663
EK202310115338,144.83382250352784
EK202320007107,161.93297437676316
EK202310190744,153.37975064476163
EK202310242292,145.97477239825534
EK202310133848,138.74152951555132
EK202310173165,140.91166903547742
EK202310201969,129.46696251734494
EK202310194094,154.43506480551733
EK202310192787,136.9323284841002
EK202310107065,126.93529349843277
EK202310247670,164.98789662600362
EK202310200824,149.96765241858063
EK202310157197,135.59779842081215
EK202310192671,140.4523602829001
EK202310189959,166.9888283757311
EK202310242747,148.47468248381983
EK202310221418,126.2618158368483
EK202310178956,137.0444732650898
EK202310162978,153.57811364811812
EK202320006792,147.71400249215046
EK202310119199,132.83232632203274
EK202310229640,146.82123441369922
EK202310136912,147.72139854246674
EK202310193691,151.9253186831837
EK202310141736,131.92261685040944
EK202310159077,159.56144958525263
EK202310199320,136.44268389518837
EK202310205972,134.23286816611085
EK202310155578,140.1522424628396
EK202310115031,136.08517384809346
EK202310143815,140.94963253684838
EK202310133150,171.64009660085165
EK202310133982,139.3985160777455
EK202310216455,154.44048239167304
EK202310206390,143.32655390993614
EK202310204338,142.78482260869205
EK202310115162,141.70381124360827
EK202310117837,131.27009235631274
EK202310211582,136.1226321080341
EK202310119713,142.70471909701232
EK202310136154,132.05510509712667
EK202310222178,128.4527015883482
EK202310143261,135.19322647802585
EK202310122388,141.62660862519374
EK202310125099,142.01050713303513
EK202310172723,124.29494322274805
EK202310226850,145.99254545042535
EK202310111054,141.1653946615346
EK202310187762,144.91248814093046
EK202310213222,136.34698353100458
EK202310105201,164.19576306529393
EK202310173124,161.16664868865917
EK202310180253,136.7057503435767
EK202310248026,166.65720115200978
EK202310177052,133.28320821835842
EK202310171106,154.80000423968957
EK202310136327,132.08912868763665
EK202310208120,136.32200995493497
EK202310004784,138.21398777052826
EK202310164690,147.5748608425738
EK202310214669,153.71391038710328
EK202310131706,157.55483720199743
EK202310104529,131.88760017034073
EK202310118248,152.96830411364226
EK202310137915,144.21412445015744
EK202310247207,156.20223188508322
EK202310185211,147.9235419561216
EK202310121850,133.1605791062261
EK202310128165,145.98474624000963
EK202310123063,132.71156223127272
EK202310219511,124.6065635431743
EK202310242037,155.74079455193638
EK202310180079,146.7142951812125
EK202310193224,156.51059560725315
EK202310191500,123.72149232747184
EK202310116444,131.33749652980975
EK202310130285,143.1248072176023
EK202310108568,134.02026702930357
EK202310136319,131.11012144980583
EK202310224242,146.90866069589526
EK202310227382,129.58242184280454
EK202310202780,147.82592261566293
EK202310137223,146.04668306155253
EK202310230312,133.96788101048318
EK202310234557,143.8400872309722
EK202310189352,164.54967599841677
EK202310226383,139.0467748027037
EK202310141535,150.08728702068942
EK202310184208,135.11344489675287
EK202310230152,146.3812278911811
EK202310160390,153.2684461315893
EK202310122632,134.91286881395982
EK202310165838,144.78472697353746
EK202310144483,167.71713883059164
EK202310108194,140.9273572742213
EK202310106793,131.11192107551614
EK202310120779,127.24422420924911
EK202310113163,144.2827199751395
EK202310115686,135.09769711680022
EK202310153049,142.17423180805184
EK202310177121,156.93565042081482
EK202310151267,152.37697096336794
EK202310214589,158.7837955671377
EK202310208963,155.575970494383
EK202310154044,143.0499356952045
EK202310198051,147.14864104885223
EK202310105305,147.09350721389146
EK202310135168,142.9909421661817
EK202310200887,126.7868389795466
EK202310202015,145.22724606475782
EK202310211458,148.61175324318825
EK202310135559,149.63649295552435
EK202310135685,149.1406262110726
EK202310164450,126.18915376588592
EK202310195626,149.21998034550012
EK202310238957,134.06975020221134
EK202310131647,145.67988636947823
EK202310150387,150.80365606914359
EK202310121479,132.35143621381198
EK202310236900,142.1434673137508
EK202310159488,139.43006390040748
EK202310191125,140.88214443817122
EK202310132284,147.2241911748172
EK202310205918,129.848077159667
EK202310192730,157.4164981486335
EK202310123751,152.0234274382891
EK202310157723,147.44756734588506
EK202310166159,155.57512506461038
EK202310217657,130.56059472067608
EK202310139130,162.29522343330336
EK202310176465,138.8242476407243
EK202310135907,139.06344589182575
EK202310142364,132.16129579010814
EK202310106377,141.04580480212903
EK202310246049,132.92934924728658
EK202310213693,133.8400387285237
EK202310164186,148.96124349608885
EK202310160898,153.2697592477672
EK202310217495,170.30717428302958
EK202310170927,127.82608797814414
EK202310164087,120.47980277686528
EK202310202710,138.11635455647527
EK202310161660,152.98199633846485
EK202310118714,136.87435087725254
EK202310208776,156.86364781762677
EK202310192073,146.30500318747465
EK202310149834,124.5133648413835
EK202310115300,150.40546269750092
EK202310137234,138.33262087198847
EK202310167336,149.09923742754526
EK202310130940,149.85305804456482
EK202310108363,149.18124640145507
EK202310240062,153.88330582541354
EK202310143711,150.99661273543805
EK202310126099,136.60773659754938
EK202310111701,156.5778296813526
EK202310109430,138.92301348177597
EK202310229241,130.6660970870807
EK202310224916,136.87840172866078
EK202310198104,138.45941197869655
EK202310146821,148.48258491335224
EK202310149423,164.43918626314948
EK202310189461,157.9100822870269
EK202310113093,140.48814634397624
EK202310203899,167.95325392227647
EK202310222972,131.43086641367705
EK202310122045,146.2100903834164
EK202310197655,169.59713211119129
EK202310207370,158.18586833513382
EK202310126718,138.9942649418929
EK202310239768,142.3079075074795
EK202310154953,147.3564168221584
EK202310104866,142.20847087165075
EK202310213299,139.07589196254713
EK202310152880,171.3057351116309
EK202310210510,132.1402813608743
EK202310003355,134.92616903118727
EK202310138578,148.46105296316557
EK202310221979,130.69645479119356
EK202310136372,139.24306361182326
EK202310240726,141.19405354654114
EK202310199316,151.15756152682806
EK202310180477,153.30259963287935
EK202310222146,119.89507696554817
EK202310195135,152.24427886014837
EK202310225124,128.68309339236072
EK202310197588,162.6085151336666
EK202310164715,152.20645791839087
EK202310224547,158.23572370652272
EK202310195634,164.8214664131173
EK202310233272,130.58610862145466
EK202310133354,138.2815066307587
EK202310155274,145.6124432588395
EK202310187381,149.59263896118026
EK202310181622,132.99098598210003
EK202310180891,141.2911760574852
EK202310208781,157.15209725898336
EK202310138532,120.24437825201542
EK202310158039,145.47388193408497
EK202310234759,130.61516694419007
EK202310172371,142.7013436759736
EK202310004492,140.37776136911108
EK202310167403,153.44647833750417
EK202310224663,135.10142486922743
EK202310125319,142.89501405165797
EK202310148708,165.06246084069986
EK202310199777,156.79232286698718
EK202310121002,150.9560336867057
EK202310223457,110.3782077975898
EK202310241156,150.90930489879824
EK202310242414,146.25810136534514
EK202310233868,145.45587766198375
EK202310218542,130.36787910373442
EK202310181849,172.91663739927523
EK202310199972,135.50545434355718
EK202310219891,127.12593052347293
EK202310198598,157.00995871840172
EK202310192601,132.7102135982293
EK202310192902,142.61783201544017
EK202310186540,143.0818480981743
EK202310135637,146.31047014333893
EK202310224182,172.2312841345902
EK202310245468,156.8962942957832
EK202310187476,133.60363940856175
EK202310004176,145.9117941072342
EK202310173306,142.83484837272448
EK202310174815,131.41391167218072
EK202310003528,137.87126122101884
EK202310106869,130.88518864400064
EK202310114334,135.0940045901103
EK202310128865,138.21811669783523
EK202310162698,144.57634588137762
EK202310246100,140.9933023341622
EK202310183029,137.40848013736948
EK202310138016,123.24900643415677
EK202310003652,128.24658209069187
EK202310206206,125.32664838647142
EK202310152370,151.62293050493253
EK202310168292,146.42870931311404
EK202310198068,130.42411103085394
EK202310138206,136.91345377671365
EK202310199965,143.9143608278051
EK202310108649,151.94276180336394
EK202310120575,128.20050095670686
EK202310124777,139.9718463472985
EK202310165021,142.68339180165626
EK202310183112,150.7923900077044
EK202310105459,127.45942998016415
EK202310134757,135.07374942374983
EK202310103956,123.05347060096544
EK202310222980,152.18325493267474
EK202310199522,159.55414037091785
EK202310224732,135.55955466667282
EK202310192783,143.88526818878455
EK202310194812,163.8713896153757
EK202310236020,129.49561875922413
EK202310108411,149.99392801197183
EK202310106942,148.49534495652867
EK202310110399,144.3208775881203
EK202310203809,124.93946426194677
EK202310126385,141.10325448457036
EK202310130826,144.93681734972296
EK202310143699,157.72138954341264
EK202310115466,137.68772906165188
EK202310201041,142.78410764452104
EK202310210566,163.42525341160598
EK202310142263,146.59524407736492
EK202310226772,129.92531116166157
EK202310174000,139.41209921918372
EK202310134341,158.7642963860198
EK202310213426,125.94162338509898
EK202310135863,149.91468807619714
EK202310135242,164.90955975066387
EK202310146997,138.23406892571703
EK202310243667,159.58445295711556
EK202310229674,139.8501253724975
EK202310130805,127.54722412410386
EK202310220574,126.30386825552549
EK202310164649,145.09883055250177
EK202310134408,123.69971279038933
EK202310003474,129.17628356729918
EK202310118263,135.8008416739878
EK202310161867,154.58033898940155
EK202310181365,145.4959059755191
EK202310154801,158.91309682641335
EK202310219520,143.62050565686664
EK202310200310,147.97265647928725
EK202310207883,154.7274306334215
EK202310146716,136.5230256916
EK202310123679,136.95751813122334
EK202310240065,163.78705062851242
EK202310185668,149.7430020380739
EK202310182482,163.32052875113564
EK202310112781,145.42427099751893
EK202310105135,160.8642055356035
EK202310164531,137.8253822422617
EK202310150078,159.8147140222642
EK202310223094,178.03653362295051
EK202310247424,165.97899594418857
EK202310186061,127.83856198146049
EK202310173560,122.56644327451014
EK202310190249,153.24000794631365
EK202310160821,123.39573702610431
EK202310188946,136.55696252269254
EK202310149161,147.66492213627828
EK202310122403,135.92241278856537
EK202310195995,149.96792997999947
EK202310176442,122.63245512885432
EK202310146105,156.6182240293275
EK202310212801,158.70566216604195
EK202310227700,141.42489418027725
EK202310180756,138.53736043917434
EK202310140861,146.1946057963082
EK202310207186,154.4202020596676
EK202310225979,132.14987775476354
EK202310171463,144.83318957349485
EK202310123630,146.36085236033782
EK202310184360,137.45404827774507
EK202310176661,145.54154190092743
EK202310118436,135.60301209202245
EK202310106839,124.94485599256093
EK202310205589,139.35578376842898
EK202310224665,115.75269238890527
EK202310191707,137.84302688410128
EK202310108998,142.2157640130158
EK202310168084,135.2850973110956
EK202310222339,156.50053183550415
EK202310129697,139.89254455865316
EK202310170459,133.08142083551775
EK202310170867,143.7986397696606
EK202310004814,142.55195459441975
EK202310139330,130.77384892241528
EK202310243947,136.789358054185
EK202310158812,155.56200505633984
EK202310246467,140.8315260082333
EK202310139605,145.99494476003954
EK202310204546,157.60567368537568
EK202310247739,159.84684781835688
EK202310163645,147.48343719197075
EK202310213374,134.920244411478
EK202320006854,172.4067089540459
EK202310003821,131.64087131637194
EK202310154988,139.50238206077933
EK202310141484,147.5041436405787
EK202310166793,143.25984783818467
EK202310216066,138.87506672596322
EK202310209262,147.01909974822735
EK202310216292,137.631091388582
EK202310134069,126.2785945949725
EK202310177735,150.44560053658174
EK202310213634,153.06244416782226
EK202310162478,145.59607380717497
EK202310232091,135.37577795594046
EK202310138848,157.13218466344608
EK202310233671,140.72877065738004
EK202310142473,151.77836826385717
EK202310159684,162.2608974314158
EK202310180111,155.90525044608256
EK202310229192,154.25445567645082
EK202310119588,143.4938838258346
EK202310238495,136.063888398134
EK202310209893,127.12156999654444
EK202310234545,139.86584357383964
EK202310174703,141.97990210090083
EK202310171373,137.77853643007572
EK202310150301,152.5258341654419
EK202310198468,125.06283211049863
EK202310142834,134.66070575234184
EK202310123180,142.4427171111664
EK202310205955,138.71707867687752
EK202310227181,144.30805213460152
EK202310147163,141.1189437823241
EK202310196863,150.53013608423285
EK202310107077,122.73990458213295
EK202310224123,133.3605004354286
EK202310178723,123.62511575219699
EK202310188726,153.337522337228
EK202310145842,148.9121883134491
EK202310126848,155.06378181852764
EK202310149653,161.50554847690552
EK202310210321,128.86643517162753
EK202310138754,149.63723224388264
EK202310190404,148.64833302221675
EK202310142661,122.18355091308965
EK202310163611,158.78892010426094
EK202310192118,151.42368251113174
EK202310209339,138.93434785593882
EK202310211087,135.69952823919087
EK202310200565,162.24277663151736
EK202310162171,130.5309198619265
EK202310239766,128.74458302046048
EK202310242115,150.23152854517292
EK202310206840,140.36661639165825
EK202310186840,133.85106793053205
EK202310122626,150.80006417291577
EK202310247532,147.83202378340602
EK202310248321,132.57032916238217
EK202310137335,149.69248935139547
EK202310164720,135.4567484091113
EK202310164776,145.72962991110708
EK202310172694,137.67126912229688
EK202310115208,139.72981090021554
EK202310140400,134.00756786899123
EK202310217155,159.9010084694683
EK202310220114,163.86863186296347
EK202310145630,143.7548878820314
EK202310246549,142.9023349365629
EK202310204696,145.12086674412438
EK202310225296,134.73272800379306
EK202310195107,152.54424573163493
EK202320006795,171.36234262656262
EK202310108157,146.88936491896447
EK202310121697,141.43245004616574
EK202310106708,144.61430947185758
EK202310181363,131.62422195778748
EK202310106364,133.28960866412422
EK202310180893,139.834414806765
EK202310183016,138.7464487261769
EK202310004166,133.36163929826884
EK202310199838,145.43147678089898
EK202310148423,137.8379688282593
EK202310181024,148.9439399329407
EK202310114930,130.26081742182882
EK202310128476,164.86721221903824
EK202310169523,132.11430231367646
EK202310168371,168.05547659158776
EK202310195418,153.69479081014018
EK202310176857,126.97049986310037
EK202310111775,142.79050366929525
EK202310153448,139.94712431594024
EK202310141648,152.5905636820798
EK202320005982,145.18185532113745
EK202310003582,130.2604435407823
EK202310222503,132.3664204228536
EK202310202091,150.9460620343276
EK202310115161,162.28660381577458
EK202320007144,156.58370619241933
EK202310120067,145.18212921758024
EK202310156517,137.5395698030288
EK202310248466,135.65285617622988
EK202310183536,155.49555972825195
EK202310237952,152.82318901719668
EK202310205472,153.60415388365868
EK202310170132,139.80429190480874
EK202310132623,121.70454779281266
EK202310227130,140.4184598939248
EK202310131693,158.31604041385867
EK202310212847,164.25550579817838
EK202310192454,144.2568166521456
EK202310151379,166.5658725717741
EK202310166887,141.35013800751153
EK202310151838,139.13006900244602
EK202310218637,134.9970283512137
EK202320006368,159.20750443338517
EK202310110191,130.2272457024647
EK202310123397,142.1624630745638
EK202310183798,147.577888518601
EK202310142570,143.980741469474
EK202310123542,140.22744714095967
EK202310189606,169.51745443144915
EK202310239154,151.5748587024821
EK202310218250,129.5761579304253
EK202310222212,155.77422581696635
EK202310213689,133.67450983639793
EK202310108905,149.26094723881764
EK202310201539,141.8839824284605
EK202310241773,134.5086181452509
EK202310136938,146.70223464719857
EK202310223539,138.39621881428172
EK202310175290,140.15480082298816
EK202310167269,134.32951054905791
EK202310136276,137.310979446876
EK202310241802,131.8685300239012
EK202310159213,148.52645585356262
EK202310163058,140.0631963356996
EK202310204661,146.83478233983413
EK202310165933,157.903192225887
EK202310123794,143.1458423559355
EK202310191803,120.80350775875144
EK202310158551,165.0675094424994
EK202310146637,136.24174704510295
EK202310214984,142.29500359593234
EK202310191267,130.74757232466504
EK202320005702,166.45636531699134
EK202310112412,140.4927443146735
EK202310246169,157.25830722060786
EK202310173215,153.22745578271636
EK202310233468,137.95998599130036
EK202310197783,166.7775493692704
EK202310151122,127.88088506714175
EK202310248270,131.47663933352032
EK202310238332,123.48744320078853
EK202310194686,145.4488783936971
EK202310205802,134.86509130243044
EK202310205367,133.97301090442286
EK202310119704,138.4161575097426
EK202310149724,137.46973597051775
EK202320007846,167.6076122202152
EK202310108803,140.88813194845613
EK202310004799,141.06709263625706
EK202310198015,172.4890239734995
EK202310179913,137.83511993487159
EK202310180275,149.6977625311206
EK202310201100,153.6410731425382
EK202310203139,158.45224452345886
EK202310175999,154.46402028015194
EK202310205556,153.4552766386673
EK202310215029,158.90416079583198
EK202310246170,150.99624950566962
EK202310169135,142.95044175696106
EK202310132991,123.84811402271316
EK202310122441,145.96606727022385
EK202310004600,145.87195515526514
EK202310158154,166.2610938961892
EK202320006789,147.02197614990584
EK202310235205,150.4591111284851
EK202310241817,150.46022861294858
EK202310108496,156.43931922575717
EK202310159875,133.63695830578922
EK202310214914,144.41964493852194
EK202310145239,151.078249288588
EK202310133595,161.8550351123246
EK202310144564,147.7673085153273
EK202310003645,149.34949482043163
EK202310152554,152.8391271968742
EK202310234203,139.40138885804924
EK202310119736,144.30749073833263
EK202310111683,137.35901012389849
EK202310171365,155.84232223891968
EK202310145469,141.606374887995
EK202310104013,148.0126800381984
EK202310162563,170.2444681734171
EK202310234855,119.62661365959849
EK202310165574,177.526095912306
EK202310128252,132.74974519227158
EK202310230398,136.7062372685735
EK202310197359,168.92788442484334
EK202310184700,137.2915559619155
EK202310139238,139.01867887519398
EK202310189435,151.3951377396098
EK202310229589,126.0365231664847
EK202310238308,135.97878615885497
EK202310119072,133.91441338640985
EK202310106928,134.7560600562334
EK202310248344,141.2670735127201
EK202310171179,167.8116284034184
EK202310247349,149.04985992338825
EK202310246070,131.68322384667323
EK202310003686,138.11428985389034
EK202310113178,135.54357400874852
EK202310228096,152.51353193274812
EK202310186013,120.18483927473557
EK202310106951,142.08026164941447
EK202310177362,158.04712947928815
EK202310158884,149.4808131742368
EK202310138608,147.58081629726257
EK202310143128,163.37899779591004
EK202310247561,132.73647330118433
EK202310204978,135.6703803452702
EK202310105695,136.55076930819158
EK202310108077,128.4417909631343
EK202310222072,121.23305119900007
EK202310140241,133.20342405147701
EK202310175319,153.84663005914314
EK202310122035,139.70579602526328
EK202310106538,144.31202759033087
EK202310178197,148.85292223608016
EK202310169222,137.2078103602157
EK202310216866,145.7565958381111
EK202310189689,156.1972038757572
EK202310228733,119.94828372070273
EK202310201271,141.3153323025573
EK202310119633,142.3096063226595
EK202310138720,128.78504522578356
EK202310108018,140.08567123734713
EK202310222345,130.16494881510232
EK202310210971,143.48102010346452
EK202310239519,138.54778303473546
EK202310111361,143.87918439807643
EK202310115072,133.870698043537
EK202310152934,170.15181964789292
EK202310201912,162.1113295376501
EK202310213140,143.71074377580007
EK202310123466,142.90512692304907
EK202310212463,142.29425625080594
EK202310237675,158.06184507895665
EK202310161926,150.84022020162473
EK202310145150,140.7747685347772
EK202310185746,137.52684036801912
EK202310177566,145.84201343995917
EK202310244477,141.41377611850456
EK202310206745,152.54445393294122
EK202310174696,143.1631332085953
EK202310218448,133.0704508803046
EK202310131105,148.38450531749268
EK202310202457,128.06119026145123
EK202310107914,133.78810220863727
EK202310177630,131.77560726612495
EK202310167548,146.6924225586772
EK202310153531,126.11591767959052
EK202310119481,154.54803297161564
EK202310233113,127.53171441288067
EK202310200729,150.96410140496917
EK202310107842,161.4869699249843
EK202310145572,164.32155483600923
EK202310141270,134.1977619090408
EK202310180294,144.25120222264061
EK202310211781,138.9533019848534
EK202310130166,149.17373929824956
EK202310168426,153.46028185952144
EK202310238553,142.2045325559278
EK202310216542,156.21793261203317
EK202310188002,148.8129546400971
EK202310210328,139.19108158155987
EK202310125237,132.97097728665597
EK202310248501,124.72611253564774
EK202310178221,152.31472741185735
EK202310108029,149.93910350268467
EK202310111887,149.19674634879755
EK202310185328,143.35460679003035
EK202310104024,157.2830332862199
EK202310136271,130.3249782354007
EK202310204759,155.29827428118205
EK202310223434,135.75488123445217
EK202310195383,150.87650731613294
EK202310140709,136.48510083983604
EK202310195890,152.1622899515827
EK202310208311,153.8327488051439
EK202310154808,127.38431834898833
EK202310125908,131.24407969624718
EK202310128381,131.67252192775112
EK202310126417,143.5733163446602
EK202310155257,134.73503864892902
EK202310180115,152.92668382084875
EK202310134943,146.5665310870628
EK202310146571,131.2955023542087
EK202310151982,154.2249154594493
EK202310185006,140.9119811031709
EK202310141525,139.91906294405084
EK202310122362,162.42523676624714
EK202310131463,132.61025247175886
EK202310112675,132.53619466103748
EK202310214395,155.61430036439762
EK202310117362,134.4128278681786
EK202310195147,152.0383399942222
EK202310221205,130.4037837970498
EK202310108309,148.80303346713296
EK202310117176,132.86448830835423
EK202310197367,170.55481779121084
EK202310167645,161.3632028420925
EK202310216871,146.02961615741697
EK202310246466,139.09444399937365
EK202310174197,132.3384817451283
EK202310133708,163.304416093376
EK202310214726,154.52818318386733
EK202310235715,147.461235564963
EK202310144146,140.3742968067242
EK202310232336,136.84614875707032
EK202310126787,142.49272284568693
EK202310147504,137.46279401439912
EK202310205381,128.27370616210325
EK202310121997,144.9576867817946
EK202310212329,139.52587079629728
EK202310112068,162.26405722241674
EK202310136784,131.0862978125769
EK202310120002,135.90865624075528
EK202310226231,142.6317387204143
EK202310167029,155.15706268758402
EK202310232991,145.66415655604118
EK202310141646,152.28464650988963
EK202310217163,157.91719378848708
EK202310147198,147.0157131516486
EK202310228365,140.70899863894178
EK202310194716,143.11164663120397
EK202310199844,131.66050385985997
EK202310168777,137.19430552335945
EK202310192183,142.42670069525025
EK202310109241,152.63104561170334
EK202310222596,139.94623025355264
EK202310126978,134.15129217450522
EK202310152604,135.3776734674539
EK202310122324,130.43285957615464
EK202310112196,136.1034529830229
EK202310145565,160.37824182166793
EK202310207537,148.98316720750114
EK202310198691,177.38739838788257
EK202310193152,159.56014397290153
EK202310131752,145.42022852679858
EK202310201904,165.18062309071811
EK202310244465,137.18299299961407
EK202310233714,153.1790885502313
EK202310153449,128.91448796080635
EK202310217520,136.74918781481566
EK202310113415,129.17734893491996
EK202310172532,148.13899445462496
EK202310211969,136.36349170571552
EK202310199232,144.72139708818034
EK202310218608,134.76435719379523
EK202310122448,127.03295977028371
EK202310184841,141.6616658103789
EK202310130240,166.2078982011518
EK202310210575,124.959755615977
EK202310175143,139.70661105198315
EK202310121434,140.40162186206987
EK202310172273,133.31240984278696
EK202310175483,154.99507866546327
EK202310197679,140.83330969554314
EK202310155037,122.2866433282701
EK202310171911,156.8764425994245
EK202310191161,122.77356979244269
EK202310244157,145.8440439077147
EK202310189824,150.36288608137716
EK202310149560,139.51116970602925
EK202310179284,131.20173321818987
EK202310203064,153.28284121979237
EK202310185974,145.37136229572127
EK202310225562,143.33323403461338
EK202310153740,146.65647733676371
EK202310225206,138.57984108280516
EK202310193780,128.42492720526158
EK202310198553,140.84401155278096
EK202310174477,157.6666496178485
EK202310200421,133.09898978911582
EK202310119138,146.45770895961175
EK202320005816,152.1837243207275
EK202310175740,137.51381468591714
EK202310116505,143.02260318347658
EK202310198911,142.75883926465974
EK202310127697,144.4514100523284
EK202310212650,151.2791760770594
EK202310150100,112.47367613772462
EK202310167937,154.37248905975156
EK202310221941,127.4735553811511
EK202310117495,134.5418211819066
EK202310143529,150.98715887931172
EK202310166968,141.35739894781406
EK202310129968,163.33043666801976
EK202310194131,139.12584730679325
EK202310186960,163.08429059380248
EK202310128028,151.05001459780806
EK202310105027,154.36021969921777
EK202310222774,122.65425742316312
EK202310244918,123.19697327528007
EK202310210086,162.08064338656368
EK202310179813,131.06300321970957
EK202310187059,166.59384803144798
EK202310195516,135.56658457402114
EK202310132170,124.6596202237969
EK202310183880,161.28062031229663
EK202310248278,136.12305305657492
EK202310221792,131.24634333818696
EK202310166778,154.79174786347107
EK202310148365,138.77228057676345
EK202310205442,134.81427822173106
EK202310201815,149.0917033769556
EK202310201915,153.5093189379231
EK202310183293,164.4496596033982
EK202310104337,155.93942666126742
EK202310120714,129.8444640125188
EK202310132745,146.89193780733484
EK202310241556,143.6349502915869
EK202310145559,155.29308780964763
EK202310140527,139.9604417758822
EK202310105180,138.53801385163234
EK202310115505,129.7391709430597
EK202310232969,148.36071034047643
EK202310168606,113.73246019060204
EK202310117990,140.0355922629726
EK202310143898,139.5290803969228
EK202310111999,145.58538955705214
EK202310133045,133.50348781359608
EK202310142041,139.4130007523927
EK202310216099,136.5526701658926
EK202310138895,145.93782319000178
EK202310147820,154.05244781629244
EK202310113918,132.47331761144062
EK202310226640,127.23232988181674
EK202310169991,160.44140674188523
EK202310195941,148.4686335812791
EK202310213195,139.69515794360504
EK202310161969,151.17991433489973
EK202310208345,151.7290428756531
EK202310180754,148.26869012760932
EK202310110267,137.54655376028785
EK202310194583,152.76740953844583
EK202320007655,156.25839367186288
EK202310142157,134.47471778503288
EK202310112664,130.7323980635893
EK202310136957,166.59152992364403
EK202310215766,133.5316917407058
EK202310167175,145.89622767242653
EK202310004831,139.3563764884609
EK202310159889,158.92631993001766
EK202310125472,143.1420893629208
EK202310166020,130.15820670967076
EK202310240418,137.09404286535886
EK202310156003,147.31256469666081
EK202310188199,138.3095078307769
EK202310213973,148.6396890934879
EK202310233649,140.99682485921915
EK202310124811,130.24733600969472
EK202310216543,144.56947241031472
EK202310121207,128.45783465525443
EK202310132104,142.23856663544294
EK202310138805,157.03762416911937
EK202310234030,129.58201921073908
EK202310172808,131.07819296268275
EK202310122536,144.2078524720025
EK202310189381,137.42581394305458
EK202310242706,155.25076895565388
EK202310239058,130.2455045219469
EK202310192990,144.93548513040227
EK202310202471,150.25242970203232
EK202310222312,154.03190451173325
EK202310202945,154.24903113852227
EK202310199092,146.93319309463467
EK202310128375,154.42098459087902
EK202310107473,132.97654179282682
EK202310170279,146.49015577255176
EK202310149133,144.91455093400216
EK202310199648,168.04901729411839
EK202320006719,160.22626039368444
EK202310234669,143.12987249905132
EK202310149973,153.12028127912438
EK202310154407,140.93796016203083
EK202310192562,153.09899754425837
EK202310158354,142.48509774067975
EK202310202377,131.89331436923317
EK202310225193,134.69255639260376
EK202310117896,145.86633932952574
EK202310122973,138.902100523212
EK202310163485,146.93450138744188
EK202310146561,123.40112231316672
EK202310248571,151.5471080947398
EK202310145328,158.81077112421764
EK202310229897,138.79510631501068
EK202310225899,133.16904089754502
EK202310154673,147.93472517384103
EK202310242080,136.70810417822926
EK202310234618,135.76524593891264
EK202310229514,145.77220636734293
EK202310199205,150.10614734263527
EK202310189908,156.339942462356
EK202310227654,148.054881974508
EK202310108175,125.00242385984762
EK202310165456,128.36025798157306
EK202310204739,137.64042916367393
EK202310124368,141.72260452257942
EK202310221567,137.5202813128561
EK202310111364,126.38430158604982
EK202310166449,136.43581923737466
EK202310104016,152.99608913043303
EK202310109663,141.99342156608895
EK202310233976,144.77805317811766
EK202310116602,140.16467399383282
EK202310206707,160.9436857907741
EK202310125360,134.59589143834697
EK202310141090,155.82272841131922
EK202310187733,139.32290824623408
EK202310146874,135.57051645833644
EK202310199999,132.09870182803598
EK202310133984,153.90306370197882
EK202310239052,139.38910844096512
EK202310116872,130.31524708719292
EK202310170227,153.15719901604774
EK202320007825,159.7295969674512
EK202310247712,142.31352065547787
EK202310133557,155.6814716765516
EK202310122565,142.02226495298984
EK202310164010,126.87870112439819
EK202310176533,158.29425322667583
EK202310222265,133.6031318568897
EK202310164867,142.21379297300805
EK202310163156,129.27905677095723
EK202310183272,156.3242513771166
EK202310127914,135.9646268406485
EK202310245446,127.62742240234948
EK202310207443,147.55399017422363
EK202310197727,153.22950366101293
EK202310172576,157.5425531966829
EK202310004885,138.40416281825912
EK202310233895,135.52145101052446
EK202310210570,171.70569219588864
EK202310199572,149.18520819080092
EK202310168376,178.58933648443937
EK202310196031,148.05523703345503
EK202310208454,138.9517333895031
EK202310218454,140.96018268710458
EK202310194926,125.80482443864815
EK202310150716,159.94872900575385
EK202310169424,170.15753569673876
EK202310141489,157.46851753618643
EK202310198731,181.38010886547698
EK202310224708,146.26968805165393
EK202310220317,159.1000604589438
EK202310158723,161.12092105448386
EK202310226439,142.47944991711225
EK202310155952,153.0388541080238
EK202310235925,144.94708026290982
EK202310149483,150.79686271429793
EK202310182940,143.79382829977018
EK202310233127,162.48176872270855
EK202310198223,163.164569516091
EK202310206595,127.58234426309994
EK202310162953,143.7457813511088
EK202310124622,146.01286923034553
EK202310199000,139.482725126602
EK202310225515,136.81941968995963
EK202310200414,152.16529964042974
EK202310163151,137.38888533416295
EK202310147583,124.43520061576885
EK202310175959,137.78619285833798
EK202310156571,163.34155607650848
EK202310159464,137.4274749884899
EK202310133803,142.42852484997013
EK202310143242,158.16494495569899
EK202320007862,146.4489520511306
EK202310137674,129.88999756623133
EK202310158748,143.31088585885018
EK202310134807,150.02795647747433
EK202310232180,124.81429348415485
EK202310115545,139.97301614400456
EK202310106800,153.1391252609692
EK202310164487,142.11452040055553
EK202310189669,157.46486124552388
EK202310183633,131.94731786657783
EK202310160528,143.2230482798813
EK202310157424,142.01235173305872
EK202310175169,139.5408018186477
EK202310230775,126.57613608183637
EK202310176300,131.18311546298045
EK202310154141,135.69285132424983
EK202310121636,142.21878454546516
EK202310117991,122.20294249262679
EK202310114748,143.0682129328801
EK202310182305,151.183954575753
EK202310183422,163.3798083003748
EK202310196576,138.64337099741533
EK202310212365,140.1679055962649
EK202310157851,151.86779615153364
EK202310143833,148.38038843505623
EK202310162493,144.34523460798323
EK202310200657,144.0995087496848
EK202310164870,146.29043118304398
EK202310139418,155.0347644222928
EK202310114290,144.5143593385095
EK202310206834,137.62889766923524
EK202310235641,139.75857271922484
EK202310179682,153.54556882727994
EK202310209582,137.72569780673277
EK202310225738,130.51658144024722
EK202310108381,149.6097892148919
EK202310125569,131.3400665152369
EK202310218417,134.15223702745206
EK202310228389,152.16764170545326
EK202310145963,154.2931510190267
EK202310109134,129.34481029603074
EK202310177470,141.5425567859938
EK202310162374,137.41252823122974
EK202310195949,130.33423917204155
EK202310122797,152.7745406114391
EK202310140758,126.41331857861438
EK202310232602,140.50065221243665
EK202310200151,138.34439807050805
EK202310166863,131.76298281347482
EK202310237243,134.2754615901983
EK202310120027,151.38585525108505
EK202310132524,161.41201659689062
EK202310204016,143.4939784431868
EK202310189020,141.30777183521832
EK202310202009,136.88818209782934
EK202310139108,166.80570762621136
EK202310181804,147.47869411658078
EK202310205040,145.19009736198652
EK202310141451,141.07772087222307
EK202310164866,153.47905070643475
EK202310245490,139.30632170795377
EK202310181489,142.40222499372334
EK202310147345,136.6431293674863
EK202310148300,139.91480783607443
EK202320006124,173.897462805574
EK202310196622,127.55866641849771
EK202310182658,150.31879309961988
EK202310227451,155.0663584347739
EK202310209633,135.7512418930767
EK202310180045,151.80408941074813
EK202310240543,130.41368763437498
EK202310115142,155.5180189563081
EK202310247768,144.88268304235132
EK202320005662,150.9261072051397
EK202310182225,146.92122048610446
EK202310187393,147.20194550617435
EK202310111676,126.31703269811317
EK202310234672,146.46655804175805
EK202310217174,163.99422699319976
EK202310169712,160.77449418398655
EK202310141144,146.18683969149834
EK202310204110,127.19779540325723
EK202310217308,137.84827763545346
EK202310117170,144.18424248642816
EK202310129087,159.89165904657494
EK202310221591,141.54476932189382
EK202310209271,127.95516856151087
EK202310219363,132.45794988658912
EK202310004090,146.68323972457463
EK202310211544,115.60984983780602
EK202310224956,149.33570029848946
EK202310141398,143.85098144887124
EK202310148915,151.1214749294121
EK202310170219,116.12848555844474
EK202310191982,153.6692111054556
EK202310223575,129.40191468136936
EK202310104511,137.1804232798918
EK202310152387,140.1248707397728
EK202310218082,158.59802110478236
EK202310217177,150.34100776877196
EK202310248357,140.69357278755018
EK202310129896,145.2479114660701
EK202310152480,132.26762141458696
EK202310239767,150.81351929169432
EK202310160883,148.73009347568617
EK202310140193,144.84554283292644
EK202310207625,144.95777343293588
EK202310165482,148.18341479069366
EK202310158005,138.1929978036249
EK202310185420,135.79875702771272
EK202310187990,155.07874940492582
EK202310138441,158.97628692006913
EK202310147390,132.61837478689694
EK202310158825,138.45065842183666
EK202310183745,151.67119612551687
EK202310148680,149.19872049009572
EK202310129708,157.04142880864362
EK202310190440,150.74138172387643
EK202310157144,165.75892968736426
EK202310113257,136.89120777862223
EK202310141541,135.35233162451476
EK202310190438,137.85061242226314
EK202310243356,152.4555590310557
EK202310183196,161.41506574426188
EK202310196369,141.49483663788862
EK202310144897,122.86015804240603
EK202310144635,138.73369017139083
EK202310237276,131.18150777055396
EK202310196220,149.21171447624582
EK202310202228,149.1159017650546
EK202310123488,128.26429099509605
EK202310105805,133.29410201583923
EK202310142565,162.80610276246756
EK202310218967,128.70093688283052
EK202310120796,145.53633614463087
EK202310231531,126.29296171101419
EK202310199801,143.18891219213947
EK202310134790,141.00935952336033
EK202310203666,146.02396994390256
EK202310226666,142.44646503128254
EK202310232447,123.00048756415421
EK202310135897,153.6364488836251
EK202310168701,134.11233150683896
EK202310237343,156.4958147276259
EK202310154466,167.73394512041313
EK202310136457,155.37088971491818
EK202310121974,134.10158026426447
EK202310134631,143.6761019224552
EK202310213018,145.85541040901194
EK202310194001,136.5325482984321
EK202310136650,165.0630208081184
EK202310111505,145.79648086737632
EK202310209080,151.3044630521367
EK202310152444,144.6852675948253
EK202310121350,138.02666621258743
EK202310240365,152.50015997241792
EK202310159007,155.1683223721124
EK202310127159,145.2637609633677
EK202310226609,121.11407915422876
EK202310161102,169.90887565909813
EK202310103730,141.39596818294524
EK202310111243,143.140877569174
EK202310156130,139.73014133129465
EK202310178873,124.0767265135172
EK202310176169,138.96006713525446
EK202320005724,174.12447187259846
EK202310150195,149.7710372501152
EK202320005792,156.84080272026463
EK202310117762,139.5086782756911
EK202310234499,152.70845595142004
EK202310176172,157.15947551408638
EK202320007254,153.44884775403085
EK202310128419,155.80708436816568
EK202310117754,146.36294550308148
EK202310222410,134.62063056570946
EK202310132750,126.08326010297888
EK202310195145,145.9996212973528
EK202310221266,133.46633670563554
EK202310156961,148.15304841902864
EK202310105175,155.15414343025208
EK202310167584,140.58749812411384
EK202310119050,138.3676760354664
EK202310127062,136.84552893063295
EK202310192052,124.09425118299782
EK202310118002,135.665236323561
EK202310108997,124.58639140116436
EK202310160289,140.63078246050017
EK202310245922,142.04540976419557
EK202310116464,140.97040757644518
EK202310192195,139.49596183507117
EK202310237707,132.01255064600682
EK202310145422,142.37251315828485
EK202310245683,137.24500510066244
EK202310121291,123.51242756272356
EK202310209309,153.6543144171335
EK202310104450,159.77278738275854
EK202310123660,122.42829231952881
EK202310186410,134.96967511794338
EK202310151555,162.47279222799432
EK202310104952,146.7912369943277
EK202310115719,126.06191375547672
EK202310181542,134.56208365134938
EK202310150013,163.66744382895632
EK202310205849,152.6604341134603
EK202310196534,148.57336751612897
EK202310131464,129.3905883893962
EK202310210210,132.75190379321205
EK202310104249,143.96599921563688
EK202310207772,140.59913987978794
EK202310134829,138.3800338881663
EK202310179456,117.56828192127696
EK202310113484,121.17578591050236
EK202310182484,151.5791228294501
EK202310120445,124.49121180438229
EK202310213478,116.72747787383483
EK202310130129,154.2993192607276
EK202310197510,148.20624086171415
EK202310192959,147.97671604725815
EK202310203760,139.92092416760164
EK202310240021,151.21209181866058
EK202310160111,143.4299511348965
EK202310202544,152.4770910302725
EK202310195908,148.93331020805076
EK202310220917,131.08976882609892
EK202310146833,130.16382885224613
EK202310108791,139.0193965242296
EK202310225259,147.07727181640894
EK202310197958,163.28463034710552
EK202310157062,144.7850345629829
EK202310214170,130.64650060344593
EK202310243954,158.65552088521144
EK202310110033,122.63737521439575
EK202310144804,132.36824924241472
EK202310114117,141.13861240648473
EK202310165416,150.16302474822575
EK202310228479,133.61743180444304
EK202310188134,156.62741590760007
EK202320006372,157.987226342852
EK202310111226,154.71878205504868
EK202310118404,135.82855544881116
EK202310160695,157.79842045346086
EK202310114408,142.13416757364314
EK202310182288,143.1018908704752
EK202310213633,125.21206119731022
EK202310229313,126.74103287623768
EK202310118665,139.44050423813337
EK202310233785,159.39091449420187
EK202310143238,127.66130983553862
EK202310128242,130.9407915160064
EK202310208336,141.09922745322652
EK202310216912,156.1756682089479
EK202310227300,133.3070887507965
EK202310196434,126.7410921825811
EK202310241940,148.8222703918655
EK202310140334,137.800380831521
EK202310122524,135.72155086679908
EK202310211571,129.16996214335143
EK202310202080,148.72798192178115
EK202310155180,162.406514057493
EK202310209752,146.4061795833415
EK202310003753,154.35276337612657
EK202310194332,147.02377556056055
EK202320005885,161.03313834523718
EK202310135026,171.57453625032443
EK202310225630,156.82456004668245
EK202310129248,147.8125911945236
EK202310118004,148.34359709839015
EK202310126344,130.34399116182314
EK202310125666,159.33698033361978
EK202310169951,136.73978750611198
EK202310159424,142.65004265162176
EK202310195617,153.08539959569774
EK202310240165,138.04962930847822
EK202310109583,152.4756708566041
EK202310127484,152.41287544849314
EK202310115422,133.43698672712765
EK202310189217,134.01206103819123
EK202310164467,133.20834862490776
EK202310160239,148.48648298433574
EK202310205148,152.51573869684006
EK202310177198,134.60433261780238
EK202310248326,132.18011187266714
EK202320007611,159.09834060995402
EK202310216806,140.92657729145228
EK202310236444,124.29253455706728
EK202310202895,154.09976592737974
EK202310189069,128.67539644569817
EK202310164095,178.26462150498497
EK202310177139,136.09488023750046
EK202310150069,157.6563535292399
EK202310217651,130.7525658258095
EK202310104531,123.65731155211535
EK202310175593,137.482869922804
EK202310128801,128.1035287933349
EK202310226079,176.38244010120508
EK202310195896,148.92750089206788
EK202310248307,125.31798773570917
EK202310213215,153.81881734172802
EK202310126761,142.5340622485439
EK202310138077,136.68001266637103
EK202310219983,129.36320898387552
EK202310155585,144.86854078976137
EK202310224738,166.17658294884527
EK202310121398,136.48288001359
EK202310144202,136.40679373585655
EK202310171260,149.93837673761482
EK202310224405,137.38359764249924
EK202310168192,151.25523782165715
EK202310147878,145.75044851054543
EK202310190896,152.80318380840058
EK202310114382,136.45285569731107
EK202310115319,147.2887991658378
EK202310212295,137.93657506070366
EK202310145014,132.14367846897545
EK202310153112,139.73765931232117
EK202310181859,131.41478200653438
EK202310201638,126.5263498547326
EK202310217948,151.0046992604783
EK202310126418,135.13053761284368
EK202310147842,142.9535733585108
EK202310213180,141.30234807451063
EK202310149555,149.89080583957534
EK202310162559,154.03418434078876
EK202310181969,147.8433843798944
EK202310239453,145.43771805734053
EK202310185897,143.7192647017913
EK202320007785,139.28954911025738
EK202310181407,156.96107263071778
EK202310223290,146.29506782171873
EK202310197319,140.97054111948364
EK202310128098,151.93916036824857
EK202310131498,145.0635838600898
EK202310104275,146.32635653764063
EK202310152898,163.02734067313833
EK202310207617,154.57537967908024
EK202310165239,134.25320679224262
EK202310161435,145.53554077864186
EK202310242971,151.00102623395566
EK202310111598,149.4851714279755
EK202310131958,131.88355298150537
EK202310186311,145.2824735673353
EK202310157046,147.77400083732564
EK202310115828,137.13425668625237
EK202320005888,161.367961823727
EK202310116165,157.7848895322571
EK202310127616,150.64741788340845
EK202310190516,137.26515314820006
EK202310181145,144.15831858032857
EK202310112674,146.2070233452975
EK202310108818,150.39418636084415
EK202310137418,136.3744571582535
EK202310234306,154.50453611322448
EK202310147271,135.7409192091783
EK202310228137,124.10977648694872
EK202310208396,128.60264173025658
EK202310129360,165.18830609369547
EK202310104685,126.14625807368135
EK202310240248,151.5911132477958
EK202310111851,144.67941747821772
EK202310110232,125.77272746889986
EK202310149631,148.60946642204922
EK202310111987,140.27510516417138
EK202310149812,155.90756863410792
EK202310125394,140.76695869992213
EK202310201038,134.0649060048929
EK202310196950,132.58224922102752
EK202310130689,148.7793681885475
EK202310162831,144.15716801843266
EK202310191124,129.63975248967358
EK202310137249,139.61182105482493
EK202310221302,131.09812782557603
EK202310119496,139.51312041056306
EK202310123089,132.3621249583676
EK202310201023,135.17477156598608
EK202310200056,139.89780667965042
EK202310124074,136.0385366758049
EK202310187451,166.43619707297847
EK202310178204,164.67435534752204
EK202310176034,168.10886150775934
EK202310105275,158.56084022893143
EK202310217600,150.14281883705965
EK202310145365,114.95609097915418
EK202310179864,130.0241694525137
EK202310146164,129.6857935659452
EK202310148409,146.12125407234626
EK202310160145,148.88597579424868
EK202310211569,146.9034354384038
EK202310191535,151.53092822515057
EK202310212337,143.5858471776172
EK202310186617,140.09537699760884
EK202310200499,131.13541583737154
EK202310190255,135.69887626381288
EK202310161517,171.66765509194286
EK202310167751,145.9904848606312
EK202310230575,126.88641947124508
EK202310160889,133.67767457794818
EK202310236418,136.16347709121942
EK202310176273,136.24439859277285
EK202310104700,140.49144513379468
EK202310107420,150.24407541519625
EK202310169267,151.02086189944845
EK202310187330,170.204333785244
EK202310140279,137.4367047786276
EK202310201773,133.4156248046221
EK202310168395,153.7470672031663
EK202310166412,125.90450821577056
EK202310175402,125.72350194201164
EK202310128581,154.55373413260423
EK202310232461,141.0401390376637
EK202310138340,147.4633135561397
EK202310175300,134.01570763680098
EK202310125041,146.04857912665926
EK202310177394,163.45750623091192
EK202310163068,146.41951183979128
EK202310128960,147.9457985997976
EK202310213859,151.94292712197404
EK202310153664,143.2232561478818
EK202310168885,142.07294836819852
EK202310211096,147.76913822559536
EK202310233212,138.2857226185608
EK202310204970,140.94120481751426
EK202310246566,139.24798086265855
EK202310181736,166.2602886941372
EK202310235583,153.3977263617563
EK202310235586,139.70362988078557
EK202310229567,129.49208058465575
EK202310237891,163.44650764001724
EK202310156320,149.24260918054478
EK202310200700,137.60087702046812
EK202310157317,130.083387346632
EK202310165659,128.13983258773047
EK202310230462,174.4835440624409
EK202310107771,134.36794672574143
EK202310199945,131.5588285749399
EK202310239536,143.96063166079549
EK202310108719,144.49175604469752
EK202310193930,140.9144456082731
EK202310153705,154.93608555708425
EK202310230423,139.2625898734965
EK202310142088,125.1467840499205
EK202310240261,131.08759338870942
EK202310234834,121.91004132852461
EK202310175123,145.71390274228662
EK202310223459,140.3983976933768
EK202310113022,144.0107454294832
EK202310139384,137.8689707608322
EK202310127365,156.7210023462595
EK202310175890,141.40042726668693
EK202310210471,116.81772559439753
EK202310124749,126.39788472972472
EK202310107106,163.24579406438454
EK202310199447,125.91334115774
EK202310214057,148.82402320479125
EK202310158006,172.90846445773252
EK202310183095,137.66621887089508
EK202310122989,160.3904701295065
EK202310004181,136.82547148272457
EK202310221000,156.4818934190282
EK202310216704,137.2325267745559
EK202310218492,136.49771859975638
EK202310175061,149.37175229379616
EK202310144712,142.13943411365466
EK202310230385,112.08767848713876
EK202310154951,148.64707205701305
EK202310158887,145.92340982299527
EK202310132252,131.73393783963007
EK202310160262,164.83841421268943
EK202310153966,135.86029898388549
EK202310190560,127.87851570656498
EK202310124555,133.74322599685073
EK202310114555,136.4037418597503
EK202310190493,143.48919247813302
EK202310161137,142.96332928650958
EK202310224942,136.06487298591273
EK202310230466,162.67049031078596
EK202310216178,148.15709003589382
EK202310205948,130.4515194616976
EK202320006948,156.81903486492277
EK202310224873,116.80617092984008
EK202310231707,126.29410801882239
EK202310198816,147.3740758706615
EK202310239894,133.6524426477627
EK202310212434,138.05700197169702
EK202310242399,151.99738379481354
EK202310126630,161.16694523503187
EK202310212116,133.0515828551106
EK202310116735,153.59909423646093
EK202310142424,136.66024570659204
EK202310126653,134.92396976378348
EK202310130536,149.8650371635932
EK202320007559,163.32952216935743
EK202310244114,130.87889065857215
EK202310194656,139.71881412491027
EK202310228023,135.758998990204
EK202310184412,140.18696376543892
EK202310138297,142.32054615175568
EK202310233553,147.2558024388772
EK202310222650,130.70353176374346
EK202310148133,159.27966682702134
EK202310124138,150.42448696385532
EK202310210134,134.91448007022845
EK202310203676,144.60565541227413
EK202310120898,152.31073655408233
EK202310167341,153.796017451531
EK202310180216,148.97932575541097
EK202310246916,144.28357167123482
EK202310157656,121.89056241293841
EK202310205414,135.37138525152272
EK202310152717,150.64967805270373
EK202310106791,147.72152249457957
EK202310105725,135.52615006351618
EK202310104432,148.37662509064864
EK202310194299,143.2386773135029
EK202310153184,148.01429290255876
EK202310240659,157.08739320572823
EK202310219840,132.37194712989117
EK202310153949,132.64795711998585
EK202310132803,155.2236643740223
EK202310146592,145.54875196742063
EK202310172131,126.587338831316
EK202310121613,133.22463667729392
EK202310167818,141.1792509579779
EK202310200796,148.75807678261992
EK202310116481,141.81162125711933
EK202310114639,148.58767172324818
EK202310212375,121.04333664778193
EK202310235321,135.0380518338258
EK202310222322,137.2555900134007
EK202310110700,115.64615697091152
EK202310189946,160.67060745955467
EK202310162874,145.7069390158312
EK202310130785,135.68562830240228
EK202310242378,144.97684471595895
EK202310241513,127.92084547196865
EK202310160539,140.47384016676583
EK202310222342,133.3528860871821
EK202310138062,138.9310026651479
EK202310231769,135.66240727137432
EK202310158224,133.0221553856117
EK202310224139,141.97443174030255
EK202310216169,137.47429918315413
EK202310139185,132.32158026157288
EK202310110485,149.32176858597103
EK202310239046,140.73918478346502
EK202310138942,143.16882121652043
EK202310169633,123.88028711145259
EK202310109575,156.85696298046813
EK202310200090,154.638091267728
EK202310163491,143.8358465473705
EK202310148729,144.50430754279432
EK202310140411,149.19558642040155
EK202310243532,151.65658354750528
EK202310125468,134.5797304087668
EK202310221117,148.44316380133102
EK202310232056,131.7108844786004
EK202310210091,157.3758423625617
EK202320006396,151.67208920132742
EK202310142016,116.06629791360623
EK202310235002,132.59515789667853
EK202310183074,133.51110916635372
EK202310182233,149.04719787065378
EK202310225556,135.78368882760836
EK202310179915,133.08793487702246
EK202310173349,150.31620952308563
EK202310212842,148.8671393889911
EK202310197784,167.35571731615113
EK202310138785,154.5530189568619
EK202310144444,135.1206335013288
EK202310181562,134.7837763168842
EK202310248524,142.9685719714723
EK202310216425,145.61598593122727
EK202310229912,121.05549998722266
EK202310139002,137.33887838424457
EK202310120982,126.87035127903623
EK202310221837,130.91209242423236
EK202310119947,146.50923622659678
EK202310149071,160.43623382708512
EK202310185898,157.77634321242147
EK202310117197,143.43310878648632
EK202310142908,147.5724276845692
EK202310185756,163.4532978384956
EK202310238913,164.87586608009468
EK202310204574,161.3169692880514
EK202310113564,151.5950677906713
EK202310118542,139.17925374648507
EK202310167688,134.24621512554842
EK202310212185,139.60902405705312
EK202310117088,128.84070326710764
EK202310229808,161.15026127415817
EK202310207582,148.3253943419014
EK202310154912,136.78131873454166
EK202310181168,138.01208568424858
EK202310149374,140.48632270993687
EK202310104396,153.37706599130271
EK202310109994,141.8261423449075
EK202310170860,132.71606387739405
EK202310115815,141.15798526059126
EK202310214779,160.43930334246468
EK202310109121,146.57609551566742
EK202310134158,125.72469399733706
EK202310167627,158.99471813847245
EK202310225236,137.59922176498785
EK202310181807,151.17912029421095
EK202310247389,141.94646050173392
EK202310235579,150.5705834901814
EK202310173291,145.97486283980646
EK202310192355,135.80352969815453
EK202310142541,139.50703118860483
EK202310150510,136.2000629701866
EK202310223761,134.39963791352687
EK202310175574,122.2037927537647
EK202310238511,130.89591166819494
EK202310157509,145.58200490243212
EK202310181989,137.2949402204396
EK202310003618,139.23355621053787
EK202310179471,137.4634651305437
EK202310230763,139.64350139165234
EK202310204971,143.78511742650704
EK202310233557,134.80531461472094
EK202310145292,151.09106337825185
EK202320005880,154.98735195633424
EK202310245241,141.6393650720705
EK202310212493,131.2872707158723
EK202310193001,138.81286628672706
EK202310199238,138.39523384669604
EK202310160941,143.62505631129366
EK202310155028,124.56573307251571
EK202310130868,153.06203150935764
EK202310200440,147.2348842705373
EK202310182060,146.86389776524203
EK202310111816,137.2558825190103
EK202310146969,142.52905635408496
EK202310158404,141.84446071273047
EK202310110705,143.48982825896968
EK202310186759,146.0811504932037
EK202310157536,139.32052910265048
EK202310140019,127.21787313054355
EK202310179351,139.71455310561103
EK202310183791,157.98251654142442
EK202310206480,166.8155939936571
EK202310133811,135.05023062834448
EK202310217540,150.91817691204182
EK202310132032,139.16922903599527
EK202310139504,168.54075368681032
EK202310161554,166.38514215348786
EK202310127921,153.44863022326786
EK202310140328,134.59900226004126
EK202310179259,149.22312451953235
EK202310110275,138.59040844561034
EK202310148522,149.66777674568758
EK202310245827,130.15326091039572
EK202310104601,146.24281564060462
EK202310158718,139.05428115620518
EK202310148204,154.31777737361557
EK202310152034,148.21247359010547
EK202310205880,141.56994587910992
EK202310150725,143.0058098647644
EK202310154400,156.49126704582284
EK202310120186,170.1433903398383
EK202310192712,133.49079945355578
EK202310165189,144.1884030686597
EK202310152937,162.13122441139396
EK202310234101,132.54878317236108
EK202310191564,149.5954284246281
EK202310174430,134.48474169946837
EK202310208622,150.50245232409858
EK202310233831,151.8004970074427
EK202310136566,135.8973654681549
EK202310146005,140.3402886082283
EK202310221494,144.9030191876528
EK202310239849,142.2051610870609
EK202310176728,155.4184975805697
EK202310106909,133.77912225770797
EK202310208429,143.93439869425202
EK202310174444,145.65959243511807
EK202310242098,142.06536693621416
EK202310175190,140.22115637836473
EK202310177312,143.00952711173053
EK202310229607,140.78539151173806
EK202310121574,125.71757912625253
EK202310187339,141.26220843409965
EK202310227049,147.15289452629955
EK202310135213,136.5722459922629
EK202310128318,139.45826252408088
EK202310108701,160.21707555775572
EK202310114284,136.93724488897786
EK202310108473,147.63509044765405
EK202310160235,147.00283288549744
EK202310120842,117.06260907529646
EK202310142363,140.6241484913341
EK202310163562,137.78379425257071
EK202310192991,140.9905067517127
EK202310203468,144.13343622449443
EK202310188577,134.61258526713195
EK202310240344,125.6319177941546
EK202310113690,151.50737510157435
EK202310213117,148.1358874574701
EK202310222749,137.9706068701499
EK202310004635,128.95727669650816
EK202310141613,141.0305205577527
EK202310108032,147.16633447290218
EK202310233880,144.23530066039353
EK202310205163,160.6718593739832
EK202310104692,138.940870621009
EK202310237071,120.0580350552178
EK202310111732,133.24616450163796
EK202310137404,131.89457649109946
EK202310146556,128.6674917625025
EK202310111180,152.31782920484684
EK202310190526,139.51323049128646
EK202310119701,140.9129613537207
EK202310182123,131.62756445338403
EK202310187615,174.38084301063128
EK202310201487,133.57883303330783
EK202310144094,130.66417507072958
EK202310116261,147.80104492973388
EK202310142783,127.46273901276503
EK202310192602,149.8659961215097
EK202310167866,149.78828524204243
EK202310145551,149.48558211584754
EK202310117731,136.23911763618594
EK202310125526,126.09102558976038
EK202310128615,132.19150404517165
EK202310180563,146.11532102028536
EK202310139532,136.08848141107225
EK202310224142,132.8112783834103
EK202310233781,159.83162014651074
EK202310157368,141.96759025562082
EK202310203603,124.03736964383273
EK202310180362,166.02061407909432
EK202310198397,143.02548664712225
EK202310124770,133.17731126255677
EK202310223755,126.17787831721216
EK202310106275,116.97263198852475
EK202310205161,144.86893204116672
EK202310139936,137.11050628110948
EK202310205611,151.24742144516458
EK202310134137,125.42225485382806
EK202310127542,161.95997708833374
EK202310193128,137.36341777888865
EK202310237157,139.6290677386586
EK202310107674,146.6584439791876
EK202310149217,141.1640946018757
EK202310129309,151.6111347905819
EK202310156886,134.3729416521725
EK202310117116,135.59244780279374
EK202310225911,119.44324398719361
EK202310145676,149.98244732769538
EK202310166738,154.7055154563664
EK202310158541,121.85103682257966
EK202310106511,147.90714010053412
EK202310131343,134.86352215086754
EK202310245992,132.5670823230592
EK202310140003,139.68637336787657
EK202310174342,135.07748750049882
EK202310208385,136.08341631829063
EK202310216439,132.681456782333
EK202310211004,151.55305732025778
EK202310106760,143.95538747982954
EK202310176087,121.19105416817156
EK202310106317,117.9416344404826
EK202310215460,125.79688009805282
EK202310201661,138.80187723028314
EK202310166937,160.18235475900644
EK202310200307,147.02676902816776
EK202310181766,171.20922175421614
EK202310214069,151.15404519397472
EK202310200177,143.4462771986481
EK202310123321,153.32714899047576
EK202310151256,145.20711284547914
EK202310171945,150.9840514346719
EK202310136311,134.23980728807032
EK202310150029,159.63149092510682
EK202310212078,132.23441885404148
EK202310210902,129.3317200610958
EK202310210594,146.21727913290556
EK202310127288,145.61626115724297
EK202310126517,138.02989831744264
EK202310161234,151.34295717024042
EK202310220266,144.9792708378174
EK202310142494,161.24913608754795
EK202310217357,141.71657317474512
EK202310132692,138.33584466668265
EK202310227115,151.82980505144064
EK202310141700,125.7134352768141
EK202310115959,137.5729412954452
EK202310230099,140.8930115005877
EK202310211438,149.945280849781
EK202310219042,142.32000102980103
EK202310177531,149.19444204207318
EK202310233521,151.04424219438823
EK202310128329,164.59896702571558
EK202310201328,170.3352037006328
EK202310171078,135.5036110714409
EK202310138130,144.52766447011643
EK202310177993,132.8507738217728
EK202310228196,174.94031683666978
EK202310170822,142.99259234695248
EK202310184514,142.7691990404765
EK202310208895,131.67364507698116
EK202310204293,144.94676497513754
EK202310163755,154.89745771872094
EK202310112893,158.05779615686617
EK202310207633,142.0758124327683
EK202310120935,129.5791663789195
EK202310198348,143.81784926321515
EK202310216671,129.52285895574602
EK202310203558,140.1700802718429
EK202310221470,133.45526229559158
EK202310134114,140.22534582606215
EK202310161904,158.67326842961148
EK202310121193,139.34987332421917
EK202310112380,127.99513159873554
EK202310123715,139.0918960500973
EK202310182522,132.3566079564864
EK202310165246,151.52728107552142
EK202310165109,143.96792532581264
EK202310226207,144.485596151802
EK202310189166,164.14060625417332
EK202310171824,138.76919438801184
EK202310212508,148.8631983336467
EK202310188289,149.01426106382058
EK202310161253,136.717740022697
EK202310188025,147.8547087719276
EK202310170339,136.07088763271526
EK202310103831,123.92213363865295
EK202310214220,118.73945451838189
EK202310149031,158.59109231182208
EK202310147724,156.2435242453225
EK202310142296,148.83969165055618
EK202310176974,157.1877482716135
EK202310161334,170.04653517932604
EK202310213866,141.34373277734178
EK202310225737,145.9402678177606
EK202310156109,135.98371917806062
EK202310200303,139.5936849322422
EK202310185044,172.05457395224883
EK202320006653,159.9251225654668
EK202310111122,125.94720764398802
EK202310120782,163.58858847784248
EK202310198165,141.56908882026332
EK202310228584,121.60294863922965
EK202310205188,139.85226787086808
EK202310121258,154.20349600077424
EK202310199633,136.29237799857376
EK202310143847,133.79733613931623
EK202310135571,147.03229311489403
EK202310206110,128.973956294679
EK202310138447,140.492659709175
EK202310192664,134.6618941220203
EK202310187215,156.34013421851856
EK202310151514,165.4707253592432
EK202310144726,160.89291623756444
EK202310207249,148.72312906348358
EK202310161306,159.79723878749093
EK202310158826,131.51232789651644
EK202310173556,153.07683510873855
EK202310125091,143.38852894793607
EK202310142377,142.76794035123785
EK202310236947,120.03553433959573
EK202310208442,127.14699061274445
EK202310118298,132.07803870165478
EK202310219483,125.32166413499036
EK202310211212,152.91633247581916
EK202310104173,146.35087952546286
EK202310201478,155.05394093199698
EK202310158280,138.72895135420114
EK202310123070,144.37029196809652
EK202310138063,151.05846472910943
EK202310164203,142.73556115963422
EK202310190017,155.38179409217392
EK202310169668,131.81547300083093
EK202310113501,157.784687122351
EK202310235684,146.2850705207589
EK202310137261,135.03972787596888
EK202310162355,149.2497549454007
EK202310217469,156.4622696337581
EK202310161201,128.92194100952034
EK202310157515,124.2507780151852
EK202310145284,155.07791684536886
EK202310227827,132.22359809008725
EK202310209456,135.50906533332346
EK202310211698,139.431779314992
EK202310194731,137.13812192452224
EK202310248330,142.005423556285
EK202310106105,126.75078373328803
EK202310160743,145.38287549361806
EK202310166605,131.20350296797744
EK202310212995,151.2766764651921
EK202310233144,136.36661380693337
EK202310230980,130.01529695397434
EK202310226067,158.9583798937817
EK202310120976,119.27203539785972
EK202310128266,138.67345581006342
EK202310106331,134.86911687111933
EK202310199325,134.7109471884868
EK202310204088,152.57933965872647
EK202310174720,130.02261891643835
EK202310240940,141.26317189677846
EK202310109263,150.4843619622677
EK202310106322,134.71113149224482
EK202310135599,110.76867912368334
EK202310145520,137.07134404493078
EK202320005632,149.48230200542432
EK202310199819,147.0511685549521
EK202310172008,146.65547216598796
EK202310199276,138.1343188905092
EK202310106548,155.90745678958163
EK202310217167,162.7169644342539
EK202310176173,155.72132988005822
EK202310221378,152.47267417550432
EK202310201211,167.13116714485653
EK202320007715,144.35087115620266
EK202310182662,129.79910970796402
EK202310177694,145.96898869879848
EK202310156023,141.50931276907133
EK202310111848,135.43821593317983
EK202310129647,163.27875522887922
EK202310170544,160.8030359815327
EK202310242820,151.1497511687034
EK202310194133,158.0030774721519
EK202310216029,143.97815532841648
EK202310107349,134.64594165391847
EK202310208265,152.85874860329616
EK202310229154,137.89350628012468
EK202310107089,135.1096730598396
EK202310112252,136.32467792727383
EK202310148875,152.52827313517759
EK202310119051,135.78677792161577
EK202310147588,132.6025198350492
EK202310113617,136.63351840750406
EK202310147037,135.80714984569462
EK202310238313,105.36309027144517
EK202310192918,146.99293360239238
EK202310155166,135.38644660055195
EK202310177734,155.45318737818084
EK202310125003,129.12644285207563
EK202310204102,144.25519629701864
EK202310127233,140.01035155697159
EK202310154507,169.2193840474466
EK202310208352,140.67493918381558
EK202310123745,143.3500416108302
EK202310147036,152.71198805133588
EK202310110497,130.16793204824305
EK202310246320,152.56599966256536
EK202310138361,136.8028428150599
EK202310167217,139.37606128214165
EK202310229839,141.87350900658933
EK202310204873,133.77838726783855
EK202310208025,133.78285425679695
EK202310139865,149.82852064076314
EK202310238834,142.21152685512234
EK202320007032,159.55720822354988
EK202310223956,124.49507285300407
EK202310205152,129.21121438294475
EK202310127859,146.081347477996
EK202310122230,146.57887169538108
EK202310235039,121.01802116602933
EK202310172181,146.33735056178566
EK202310152472,137.7264351794528
EK202310163385,156.09993347647986
EK202310226473,127.39065939406245
EK202310196206,165.94343489937978
EK202310004942,127.22360284293684
EK202310141871,128.04261134218453
EK202310215986,143.66560787414696
EK202310211462,148.97430382506727
EK202310245537,135.8342289677891
EK202310204491,146.1639725784312
EK202310139744,155.39330945036681
EK202310138719,150.04029338950383
EK202310128437,132.80463663019577
EK202310138286,146.63817349229112
EK202310148950,141.49473284879042
EK202310225042,149.34673437633103
EK202310227372,153.30123844736718
EK202310184056,166.30187497552143
EK202310203882,135.946578796705
EK202310108510,142.49320014955734
EK202310220594,135.41548611535063
EK202310119141,139.66404290022032
EK202310246490,149.51982173912847
EK202310143698,158.36387612373028
EK202310126746,143.39741812738944
EK202310233106,159.6029435570019
EK202310108410,151.2567486570364
EK202310186336,149.9614045862069
EK202310231142,129.22570193455994
EK202310126076,133.90902178175216
EK202310205622,146.45330636052958
EK202310220488,143.1345138526904
EK202310120527,140.51599272099153
EK202310220246,136.90744875204496
EK202310161188,143.71357677987243
EK202310155699,155.2214484110572
EK202310189021,125.25569234485117
EK202310236601,122.55635657690276
EK202310164905,141.50366149268658
EK202310128052,131.19259337808094
EK202310126712,155.81593715518213
EK202310239805,155.25492908267847
EK202310224857,142.91539864548128
EK202310173357,155.69718296267266
EK202310127584,141.26262647805882
EK202310229371,145.02174474974046
EK202310110882,145.77079414141883
EK202310160530,143.25522216492118
EK202310116477,126.2957005927176
EK202310118586,123.40081372360001
EK202310172703,132.67364487399314
EK202310136123,168.3536145351358
EK202310108114,147.38734476788724
EK202310208296,138.91320165490737
EK202310232508,139.81514713652695
EK202310220252,117.20970523887051
EK202310168728,177.19547007573948
EK202310165440,171.0210574882868
EK202310214684,142.52554110880234
EK202310107697,138.1724748310836
EK202310129545,119.03135148726346
EK202310163236,141.71413639661864
EK202310236802,145.15442814098535
EK202310153242,155.58683021854844
EK202310144615,159.1516525874075
EK202310129912,135.80102116752732
EK202310197325,137.76928899470983
EK202310216540,151.22395642212305
EK202310104778,143.7151251037955
EK202310114062,156.7509088525536
EK202310205213,137.7733506013941
EK202310227892,129.46579502177303
EK202310232305,145.68339500227913
EK202310185667,153.46631797385731
EK202310212219,134.79196917933967
EK202310214315,152.13801486351986
EK202310222807,139.93428764360127
EK202310192829,160.08708682127002
EK202310246736,135.37894438669133
EK202310144859,148.7714833104687
EK202310167652,135.25645533795807
EK202310120246,141.2598359080289
EK202310182888,144.27972879149635
EK202310150758,150.18520701433283
EK202310172256,142.4043689025782
EK202310143177,142.66655683137157
EK202310197462,136.96619255202108
EK202310196459,131.90285321597267
EK202310164019,123.64510117135879
EK202310139039,150.30691384499355
EK202310134361,172.62478240213343
EK202310147025,137.63571759163605
EK202310208999,149.53308554156774
EK202310142527,129.30460313778983
EK202310193745,163.21457896333192
EK202310167641,150.77898700343792
EK202310240938,145.7956007614473
EK202310112017,133.82334233386248
EK202310240024,140.78759868877574
EK202310244708,154.17263624519742
EK202310210230,118.15611335422673
EK202310004423,152.042708657146
EK202310221224,147.54971055569558
EK202310157667,129.7804330959538
EK202310215430,148.1405577272456
EK202310182844,147.35834490969103
EK202310236293,135.0569390716181
EK202310123092,155.06959580882838
EK202310125798,145.75265784192558
EK202310167474,159.2247722476958
EK202310124113,133.68471803763063
EK202310232206,121.93431919862525
EK202310222185,142.77327789035067
EK202310149306,146.2715934172902
EK202310167817,145.8691591744356
EK202310212632,142.99078861051763
EK202310132358,127.75455756849962
EK202310145151,151.6087387966616
EK202310141011,161.27294884674149
EK202310200018,135.5177263783702
EK202310132356,159.75833797891235
EK202310149165,152.75307322209045
EK202310129607,126.90705540402506
EK202310194843,134.0325858012667
EK202310190635,145.90186426716926
EK202310207943,142.305387919208
EK202310164644,136.7998560443222
EK202310241540,126.28221151453224
EK202310116312,134.90428643867054
EK202310162974,145.92056194925908
EK202310151341,119.82094929135559
EK202310158724,147.61040587867578
EK202310247924,147.7702516355791
EK202310119010,129.6913104640103
EK202310186778,112.5788294589476
EK202310183764,157.20123930195183
EK202310151317,152.0659013468738
EK202310110771,147.06004411255967
EK202310180616,145.92219652461048
EK202310162283,131.71809802545715
EK202310228393,129.28436157771446
EK202310003867,134.41519541423338
EK202310162011,156.97279217249752
EK202310192785,156.64595185056405
EK202310205984,138.20386181920006
EK202310191301,149.4192594719685
EK202310205696,155.1866860909306
EK202310003384,168.037210327511
EK202310244834,144.86188599207264
EK202310204220,149.09121509256403
EK202310110856,145.3564779636905
EK202310134787,134.51858480259926
EK202320007820,162.070481392516
EK202310179208,126.15244340596671
EK202310223932,160.05271674507316
EK202310216781,144.6655459415678
EK202310187602,131.0467587515299
EK202310179844,156.6359591564281
EK202310163357,145.88161281537887
EK202310137800,134.67630064652923
EK202310202504,150.10974541555265
EK202310152435,119.39410088041895
EK202310138850,147.42666519218668
EK202310120464,130.1538419105496
EK202310200493,141.6318821949345
EK202310243016,132.4153777339227
EK202310168573,141.467784040222
EK202310163051,147.77622546901813
EK202310188721,160.23880221751537
EK202310187647,143.74310317472694
EK202310194460,136.71063758427732
EK202310199853,147.29547012100147
EK202310199354,140.33318463356312
EK202310156872,148.60505132465684
EK202310183296,138.72407358575003
EK202310105927,131.75603471049803
EK202310106682,140.04692512902412
EK202310127329,157.32727851618594
EK202310116459,139.95611189062024
EK202310192223,142.90777691028347
EK202310004549,140.2874827854348
EK202310108809,150.62634863519983
EK202310180902,119.08845815067417
EK202310104309,137.1079040187279
EK202320005779,170.80095365700907
EK202310145003,145.62412028192952
EK202310234434,139.19259010420018
EK202310228455,140.92381962390638
EK202310196294,168.15824701891756
EK202310214611,144.50488376743954
EK202310128897,143.19664062931375
EK202310140953,153.01905067937406
EK202310153523,124.69366821153781
EK202310107262,144.23445493906547
EK202310177695,148.66954618223906
EK202310133157,136.42137513556017
EK202310243662,136.5118872588824
EK202310155394,141.9195854444392
EK202310126776,132.5574158010757
EK202310241762,146.51733429915893
EK202310141862,138.49706792040908
EK202310151835,158.5689130541712
EK202310128935,141.72115488908264
EK202310114330,146.39766996904095
EK202310166988,125.73971096623896
EK202310201794,130.7760151644352
EK202310181313,154.1664569334383
EK202310186725,147.3133362324003
EK202310146475,142.62173455987335
EK202310109755,143.6571159215726
EK202310161538,158.1772722656742
EK202310186435,137.50204591149446
EK202310193897,148.12921932481754
EK202310160769,133.64138723779286
EK202310212581,134.05526000797653
EK202310248122,130.68848711919392
EK202310235931,133.60724396506347
EK202310181771,164.66158949903553
EK202310155768,145.24011689805374
EK202310111605,139.34024962865527
EK202310127306,165.17537072930287
EK202310150190,135.92882723797786
EK202320005858,174.2463956757148
EK202310236072,149.05672370088794
EK202310225439,128.3177568739337
EK202310237893,153.11845010915243
EK202310136361,129.4169062173313
EK202310191072,149.06380519492214
EK202310181865,140.99502421281463
EK202310231592,149.8867112178318
EK202310207325,128.2885946901977
EK202310172714,146.593699923097
EK202310224865,145.3387941298981
EK202310168576,145.5056524071205
EK202310103778,142.06023508390246
EK202310217586,153.63661602010274
EK202310231160,131.10814136073822
EK202310234098,153.54675178989646
EK202310178165,133.1794891182539
EK202310135798,136.92245191936573
EK202310207159,153.2057871546183
EK202310161503,169.9274959353928
EK202310164971,136.2984430872971
EK202310227797,138.33540534454582
EK202310138476,150.4382655018172
EK202310105436,130.0024398254845
EK202310171599,132.04247975281993
EK202310155833,154.88951771379197
EK202320007748,156.6725903530925
EK202310216275,142.34069396933845
EK202310178246,150.2504282156265
EK202310233952,135.39154724667102
EK202310236351,124.00135281773764
EK202310208975,136.91347760027796
EK202310210410,148.9672699130962
EK202310179531,135.17017441558835
EK202310207618,147.53797089592206
EK202310173550,168.0460563116922
EK202310226730,134.45978707447017
EK202310129523,153.52010317424944
EK202310220746,142.50517661236802
EK202310248566,151.0021498146843
EK202310193943,160.6484860685852
EK202310119814,149.76484320866163
EK202310142248,152.36678338887842
EK202310186304,162.17061279047823
EK202310138557,160.40679205855955
EK202310245483,136.8324308796255
EK202310132300,126.17560920235144
EK202310208081,141.56184108770944
EK202310230460,169.24096322179287
EK202310140474,143.64120515286348
EK202310212083,140.65895265114773
EK202310136665,133.03628496252
EK202310131251,146.86128494759137
EK202310232633,142.27567942958873
EK202310147477,154.21960115086907
EK202310205850,152.1776989957249
EK202310202041,152.82225854687803
EK202310173763,143.44293214775485
EK202310160578,166.71342751692444
EK202310191339,141.23042665990553
EK202310212270,138.2640120976874
EK202310145728,158.58672999544493
EK202310221046,127.68756895122857
EK202310188691,145.86211516602617
EK202310171896,152.4424412155764
EK202310139766,146.1783368610566
EK202310173220,157.86597232762963
EK202310162948,145.978890888443
EK202310105701,126.62510315182894
EK202310197311,153.6420765392793
EK202310147640,161.0534171469989
EK202310183542,138.85724613606527
EK202310183535,160.37379364791087
EK202310245904,150.7497234241518
EK202310133031,137.29984561613733
EK202310188018,157.80246565473885
EK202310135860,145.80456418067146
EK202310236943,123.6965836642631
EK202310156470,166.39844908678452
EK202310195857,152.08865274449795
EK202310187539,138.26828691890864
EK202310004424,121.47958949742716
EK202310217002,129.48598053308694
EK202310179415,119.97793937940001
EK202310120456,146.30059385908768
EK202310200863,138.31225805885012
EK202310147545,144.18285244404402
EK202310230822,137.4655486676147
EK202310121215,141.13690960298246
EK202310177411,168.57918002499042
EK202310224282,140.29832483207076
EK202310140227,125.81981328228696
EK202310129737,157.02514333198434
EK202310140849,133.93652825529372
EK202310189202,156.7786662595658
EK202310104642,140.8955658549199
EK202310208010,140.71257442453233
EK202310166940,169.32900518284833
EK202310162024,148.22838899866755
EK202310199815,138.19499124993214
EK202310152439,148.9874416359061
EK202310233448,138.8591761022727
EK202310242843,150.76683197232853
EK202310201491,151.0171808409739
EK202310107632,131.1842370862306
EK202310198770,180.7167123717271
EK202310137566,132.49031561841335
EK202310142121,133.89214856916902
EK202310190572,140.92421054600592
EK202310205775,132.2987059972832
EK202310220844,152.51700523352613
EK202310139338,135.52580061764417
EK202310108582,158.98069933899643
EK202310158552,141.41428854442142
EK202310184301,158.50352129064623
EK202310243616,144.68374837036987
EK202310151811,160.89122218301327
EK202310125407,132.5633457722539
EK202310139375,141.68429978703796
EK202310239439,144.80847673492903
EK202310155841,123.65104762729126
EK202310215149,143.08234994659267
EK202310107124,138.11419512227934
EK202310134118,115.28862916301532
EK202310194279,155.86141985815465
EK202310246720,141.03937170747878
EK202310162584,154.24786386718128
EK202310195982,156.24014721836906
EK202310228933,132.2263927634611
EK202310116256,146.6836777601431
EK202310114568,141.6918925939017
EK202310131206,135.70101384107107
EK202310175053,145.68849268542894
EK202310221935,143.20089242499816
EK202310185735,141.00931227068847
EK202310223371,120.76617437491687
EK202310228532,140.0593700346072
EK202310201399,154.02285241666422
EK202310225779,144.2095137144666
EK202310223354,151.02449332843014
EK202310149880,143.27739687078827
EK202310182361,138.76183660996946
EK202310245495,123.65759106423425
EK202310004203,148.590516671847
EK202310179618,144.4073141752934
EK202320007066,155.56848599322782
EK202310114050,145.77652663896495
EK202310191315,147.17058511025675
EK202310146983,148.33370519084613
EK202310130594,153.456011572337
EK202310242203,147.03064949063744
EK202310241138,139.80874943176053
EK202310156504,158.05113399214804
EK202310197660,161.84913921008848
EK202310140136,146.7834391892898
EK202310143917,127.12116832230859
EK202310219192,143.10749617242882
EK202310134270,156.07671351587118
EK202310232270,128.89507374284443
EK202310173917,140.01291753568503
EK202310173711,127.07688185549391
EK202310112756,125.82913391492198
EK202310204172,136.40960979478564
EK202310159759,140.6211415203684
EK202310186227,137.08179328666705
EK202310185665,152.40864224875463
EK202310117309,143.72438077122212
EK202310197672,136.66998288361992
EK202310153079,133.30911592762956
EK202320006035,167.84487179696657
EK202310247525,119.87327163863563
EK202310161438,127.03243493117527
EK202310218023,154.75000546099415
EK202310150064,155.23505453584798
EK202310142573,145.57925739569387
EK202310124576,130.70741693709866
EK202310219887,140.25249631300497
EK202310120184,159.47495185351454
EK202310112918,138.25114827387557
EK202310109372,174.46165462612183
EK202310107015,151.1479816563156
EK202310150353,148.84427308893342
EK202310204484,136.39157096686125
EK202310146488,136.00173987365474
EK202310124804,155.53386701543627
EK202310185666,156.71201589641387
EK202310195519,138.08890334981388
EK202310160733,139.6061898417235
EK202310104544,135.15937611721864
EK202310184750,140.93794153048472
EK202310003740,124.67312792611914
EK202310226854,129.0714100830583
EK202310125742,152.99478611330562
EK202310168317,136.28690365581562
EK202310149766,150.70909271735925
EK202310190272,150.86866999193262
EK202310146274,142.77539999614254
EK202310112851,139.07838843266066
EK202310175254,154.35861995203456
EK202310163259,132.02066293778796
EK202310133880,137.043510081101
EK202310217079,127.41576476081617
EK202310170637,155.31785376807287
EK202310194778,114.17601968179116
EK202310218095,151.32221494001402
EK202310135253,156.98208700503326
EK202310197692,150.75493290086416
EK202310208639,137.67984520932356
EK202310246924,131.21423153933804
EK202310189081,146.8745355149361
EK202310186006,145.92580544536682
EK202310234924,137.9284600436597
EK202310159161,151.99149842276654
EK202310118361,127.43903570581249
EK202310103934,122.7854953106457
EK202310218075,145.8378210993331
EK202310151847,156.4312065855987
EK202310227485,152.45342621376184
EK202310215170,137.6684778243074
EK202310182285,144.27748193787357
EK202320006523,171.01980344243478
EK202310226724,132.67071776357986
EK202310144268,155.29442363882455
EK202310156630,167.7555995851963
EK202310245294,141.84421549027198
EK202310223363,134.35087871455283
EK202310237800,143.97724045309235
EK202310173460,151.29849475232348
EK202310209655,147.6078118126631
EK202310119136,133.6212494305702
EK202310127314,168.114669935045
EK202310193844,145.37236793272072
EK202310162315,146.6120948516824
EK202310218294,136.7148917129627
EK202310151071,130.99321512098567
EK202310217686,139.06935216394515
EK202310154435,163.9067776173642
EK202310191927,143.7921836917113
EK202310181837,134.18775262133565
EK202310148256,160.12666906070965
EK202310230363,138.29857972184902
EK202310156095,132.77268124395675
EK202310169939,146.95292349023484
EK202310141818,145.7038129241015
EK202310230706,135.68943521814631
EK202310138074,139.3873004800876
EK202310213136,164.65082421083605
EK202310245174,151.91554206439272
EK202310149067,158.29286857058685
EK202310215609,140.67226654579616
EK202310170363,128.2732468240266
EK202310238402,143.8476469935293
EK202310117314,137.4238104206127
EK202310241750,152.15595880392692
EK202310154247,126.14338796146023
EK202310148755,149.3334046036771
EK202310150162,133.82701891913027
EK202310189110,134.3037551169706
EK202310168769,167.1615863377185
EK202310211938,140.77013687439205
EK202310176335,148.15034562618305
EK202310113812,126.49243439211816
EK202310123004,131.73635675358284
EK202310205174,146.72251477816096
EK202310168759,144.8978402130114
EK202310213442,121.29374553756018
EK202310239610,155.77300718009198
EK202310195241,131.33764492453878
EK202310153703,160.63109488827376
EK202310150341,136.68372117323494
EK202310208289,136.91919375359595
EK202310111014,148.77052969751912
EK202310221055,146.23596014976627
EK202310201138,172.8457144208288
EK202310004391,134.101407204573
EK202310155939,147.803737690767
EK202310148376,137.13646365984332
EK202310116871,145.37338865947928
EK202310197518,130.58060740095593
EK202310119757,132.97222989351962
EK202320007473,159.05165915680558
EK202310134809,142.52833890846665
EK202310189457,170.22114792875158
EK202310185033,149.21604777688378
EK202310229340,148.75588970879826
EK202310122288,147.8296268394043
EK202310120743,146.09518824940903
EK202310242075,150.85054681552685
EK202310140597,145.07871670105183
EK202310242069,119.28978452572264
EK202310136890,149.23024091842626
EK202310209810,137.83190034119713
EK202310223071,133.18232994389754
EK202310218487,147.57160457521962
EK202310232696,159.3316355035473
EK202310209345,139.3861013918653
EK202310170813,130.45776368009686
EK202310153786,167.02771042846751
EK202310151789,143.27893135370547
EK202310151677,120.1535716913445
EK202310137204,138.05030957910733
EK202310218836,128.36979192723373
EK202310151080,132.40546867092755
EK202310164354,145.94867096875862
EK202310173775,154.00419885275863
EK202310121695,152.7802132892352
EK202310205477,140.56249632014388
EK202310157033,145.42052144660374
EK202310119370,137.57670544319564
EK202310126142,160.82240689864656
EK202310205658,149.71639928402328
EK202310186719,163.48929137580595
EK202310144182,140.18160429056613
EK202310246415,142.97261640051275
EK202310227129,161.99581428758685
EK202310156707,155.71068272591972
EK202320005770,165.73868054641864
EK202310166383,155.91505311298485
EK202310210479,130.3396308487113
EK202310179571,142.39191655444486
EK202310187791,140.23935554791353
EK202310171969,125.65905712578169
EK202310132165,157.47669907819886
EK202310124907,138.7625453040822
EK202310208889,153.23683198686285
EK202310247697,142.23500260252072
EK202310194854,135.8003437140817
EK202310225021,165.85664778813066
EK202310238477,126.42080647570847
EK202310239246,126.555525749631
EK202310176503,142.11745096868873
EK202310176496,140.08759459438346
EK202310198306,155.85982326077345
EK202310188583,139.4222706855553
EK202310207194,154.81964236471907
EK202310219806,148.66067504846654
EK202310227819,109.65117313044499
EK202310164368,168.69104054944088
EK202310239912,141.88211605343014
EK202310198458,145.2373484650199
EK202310142902,139.52469905925514
EK202310240388,140.61900099426987
EK202310222895,142.12898857940732
EK202310160875,143.075238179843
EK202310167060,156.3937373300736
EK202310224028,172.28573220746787
EK202310151657,140.3023384969418
EK202310155117,127.99314406953738
EK202310136926,137.45732039133975
EK202310143427,172.77297235985367
EK202310172189,128.57206826017193
EK202310125542,122.0017919442247
EK202310217168,149.62698769645309
EK202310121975,137.87662697113615
EK202310182960,125.40500139994936
EK202310128220,125.72651736014978
EK202310112524,140.15739818848277
EK202310212379,138.66116065875468
EK202310207577,150.483813858403
EK202310153262,156.3889915560723
EK202310198456,144.45494617881377
EK202310108358,130.73111602322697
EK202310160189,153.2223853747698
EK202310210891,128.2489412996774
EK202310193109,132.23547288802845
EK202310181289,147.6478092474494
EK202310131577,146.3653669341422
EK202310211895,152.05217059080132
EK202310190829,155.71192838593984
EK202310127301,154.9678225705382
EK202310116811,135.0246254411264
EK202310107250,145.722494174136
EK202310107498,125.22421247234266
EK202310192130,141.69310641921928
EK202310132040,138.6905717431999
EK202310175120,130.97413294890305
EK202310246012,153.7466628356359
EK202320006537,168.2071938160026
EK202310129645,152.60603572906842
EK202310188742,143.4172376968955
EK202310196813,136.55532007799752
EK202310125413,151.5126285145596
EK202310166995,134.9028405533384
EK202310146585,133.57501123623086
EK202310229973,140.91788856035885
EK202310247518,137.81724605048333
EK202310198340,135.5773091077901
EK202310113811,132.19269507335852
EK202310188773,149.53890668187069
EK202310109282,147.7156640032505
EK202310240034,146.01719684465286
EK202310215437,139.57586659426747
EK202310194389,161.49818186337652
EK202310172196,127.45847856419938
EK202310165827,142.7638349956921
EK202320005561,153.9510417776703
EK202310149595,145.10263492230925
EK202310168288,159.16562117593514
EK202310140892,125.19283947537977
EK202310184756,147.36467679866348
EK202310155970,144.79135013673329
EK202310219701,137.5151521694108
EK202310174732,129.8770089923496
EK202310195694,152.24251977966844
EK202310213272,147.22079566149185
EK202310140437,151.12607403032564
EK202310235734,131.90723032839028
EK202310130236,166.64426681044364
EK202310144191,140.2161430494511
EK202310190014,158.7988160859773
EK202310244140,142.9238735977415
EK202310179886,151.5429418426626
EK202310124185,131.85367358349592
EK202310153209,118.56091701072812
EK202310153141,150.95689861532117
EK202310203881,138.66151941454868
EK202310166214,166.5846224175724
EK202310165860,152.70448150281442
EK202310221150,132.75729628542194
EK202310212669,132.4080772358582
EK202310183646,138.60632592342176
EK202310161293,143.35618593852996
EK202310123374,129.02368538479212
EK202310167702,123.74182210543876
EK202310218991,138.26072671192853
EK202310153681,135.77602223932075
EK202310132053,155.88424466835977
EK202310181558,126.2378617188868
EK202310234347,154.33146130069153
EK202310205398,135.7114268221881
EK202310236180,131.51671317715238
EK202310215127,135.73354715225565
EK202310184646,167.5428096592131
EK202310248044,135.52825206656829
EK202310232425,130.99882241176093
EK202310151757,135.2018141281105
EK202310134956,168.27709591736757
EK202310203447,141.90591520335596
EK202310125366,136.66465780047832
EK202310180083,139.93403093388852
EK202310170602,148.35102170165828
EK202310189329,141.31079011476237
EK202310152190,136.6676005129078
EK202310118845,141.1405589543444
EK202310202683,140.56678729300717
EK202310131733,152.4606273022506
EK202310151659,135.38846402519775
EK202310111223,147.54738660627447
EK202310189015,149.26652933593962
EK202310204933,134.27672476582177
EK202310220311,144.84962223485275
EK202310153186,151.94604036580557
EK202310204998,147.60524946947135
EK202310206640,114.22528379383141
EK202310148731,151.2877468690327
EK202310177950,131.21088148178006
EK202310236764,146.9678969541592
EK202310149184,116.94370726103908
EK202310243178,160.41361761404312
EK202310149329,153.70858009994149
EK202310124506,139.7306366786556
EK202310175231,152.80533928790643
EK202310117163,139.080846413195
EK202310235121,157.43061370301996
EK202310201963,140.79352143285078
EK202310177877,130.55957145413015
EK202310196442,135.97965166010945
EK202310165909,144.263913831044
EK202310148120,147.81739160873727
EK202310165323,137.45221591574386
EK202310148717,138.30473380108106
EK202310110684,116.55641414313783
EK202310131621,154.8357928125956
EK202310155848,136.9254200140594
EK202310116241,136.2985765259245
EK202310139259,156.11049777004737
EK202310125773,135.7329842111178
EK202310233036,155.4180857151099
EK202310149022,144.95776432793573
EK202310189335,131.41042029550061
EK202310124884,136.43637745051882
EK202310120137,137.71398340276284
EK202310164298,146.61673638142088
EK202310210341,154.81834927232234
EK202310235088,140.8617222055582
EK202310187731,143.35305900019387
EK202310243618,143.5780112798127
EK202310246975,141.3617133638617
EK202310178699,179.47625761415566
EK202310208826,130.5427878634804
EK202310192931,151.7093278584401
EK202310144942,138.0006133336216
EK202310204406,145.1172819400243
EK202310228390,137.98897478341075
EK202310116598,159.5743595992121
EK202310168298,147.94223412168375
EK202310221487,151.72853712586908
EK202310129003,132.31327502477646
EK202310199518,142.14450376642273
EK202310230415,137.9918152030837
EK202310229198,127.37745141390968
EK202310191619,163.62566127337502
EK202310135624,143.38601707469994
EK202310188764,127.09820022392368
EK202310194928,136.76442102648662
EK202310136019,140.6902629695857
EK202310193486,143.46282292878035
EK202310114440,129.57897446883896
EK202310233214,135.76586159565574
EK202310228766,136.60863893796497
EK202310149990,167.3438361433462
EK202310122654,136.18195315357084
EK202310221978,148.06317655183895
EK202310166235,126.28651275183228
EK202310165801,136.77139788714808
EK202310164057,132.8134981362021
EK202310168718,135.57100014307392
EK202310108201,149.82318190898636
EK202310206343,160.52336239369808
EK202310114675,122.9526301401769
EK202310188537,140.9581385186434
EK202310179087,144.28192422969798
EK202310187084,171.6090965960596
EK202310187925,124.53362270293792
EK202310170956,158.37512994708572
EK202310212887,127.37419641006298
EK202310137413,141.62477853631862
EK202310217648,128.19354299727405
EK202310174679,153.69106086852054
EK202310229265,136.6087202698028
EK202310148461,151.03903709898728
EK202310222772,133.6969527993847
EK202310113407,142.15856661236103
EK202310206546,141.4005260639265
EK202310224810,138.01397422487645
EK202310228008,134.82441987207085
EK202310165670,138.03553790981192
EK202310188801,172.46090328975248
EK202310163428,128.1403671757671
EK202310155452,133.3567270676471
EK202310188057,146.26693836945185
EK202310191879,139.39006493217087
EK202310221170,142.04589766325964
EK202310231103,132.6519612940734
EK202310242198,154.91713867581532
EK202310187526,155.65713659029652
EK202310188098,138.6137477532082
EK202310203053,148.0661874793183
EK202310215291,135.86696515816976
EK202310175087,135.49443780474715
EK202310187624,164.2301945021532
EK202310190415,143.09840643592824
EK202310123309,162.93290054610694
EK202310148164,139.22301020127236
EK202310185918,129.17879669889857
EK202310122611,134.22219223208762
EK202310174402,138.59499801673402
EK202310165680,131.47839885684868
EK202310234342,147.76565965491096
EK202310196937,157.52638882183606
EK202310111601,136.78652478514556
EK202310115643,137.12600389612416
EK202310111554,137.51203899539746
EK202310128358,130.75087677797518
EK202310131862,141.7790772650428
EK202310207446,141.64657466895775
EK202310189921,160.88327215989403
EK202310129789,157.33320674652091
EK202310226523,139.05672263229724
EK202310231417,129.42352187472028
EK202320007285,175.39008027648492
EK202310217873,135.9390613962847
EK202310105042,149.16108672544024
EK202310136636,146.01408180556615
EK202310175915,150.42629231130712
EK202310003483,143.53881615104436
EK202310200419,150.82154903833197
EK202310117924,152.36173876709623
EK202310181210,150.25063505332966
EK202310202561,156.706511859288
EK202310107499,148.2645449222808
EK202310107137,137.93994794127457
EK202310231924,140.39932287352556
EK202310144923,145.8364586089539
EK202310207718,147.6048481572179
EK202310212477,144.656089247744
EK202310107846,132.44480762854522
EK202310185004,141.29171534328316
EK202310134355,156.04094226235406
EK202310170491,146.84033230423043
EK202310234495,137.23861568429768
EK202310126339,137.8982461522779
EK202310185015,135.4540804022514
EK202310208389,129.50143426140508
EK202310165712,171.6025970517221
EK202310168161,157.11336306812612
EK202310152314,143.05347704410227
EK202310207349,135.5599888969408
EK202310195623,146.13266090678763
EK202310187039,137.5769913366066
EK202310141159,147.61637781807656
EK202310209863,141.1834420941022
EK202310160465,146.70113954621596
EK202310171624,130.0261217055501
EK202310227086,155.06505196376705
EK202310177422,142.01798779940407
EK202310240033,141.79756197464107
EK202310147863,149.8161751872306
EK202310187436,152.56652924966863
EK202310210870,138.77346236971766
EK202310104543,153.29439926620856
EK202310136266,130.62277188876647
EK202310169848,146.7103434496178
EK202310134804,132.52509636251168
EK202310128125,141.19216546294618
EK202310105804,137.81499982523036
EK202310240636,134.0682289714339
EK202310128250,126.55950174945693
EK202310167986,147.27501306432757
EK202310223738,125.7610189717099
EK202310194978,155.19399036881558
EK202310174109,135.42530189198027
EK202310234407,118.8961382318636
EK202310174138,134.791077982475
EK202310167183,141.18904457336404
EK202310111941,140.01569829499294
EK202310199956,144.7026335308428
EK202310116743,141.51743523229453
EK202310140835,153.02897199569296
EK202310179216,164.43476823726274
EK202310205539,162.24408622842998
EK202310196566,146.9082937162678
EK202310224930,147.45633717290528
EK202310120947,147.45702663411996
EK202310170902,126.33541879389507
EK202310235028,146.18116095197004
EK202310113734,139.42235864004778
EK202310204036,139.0138150856292
EK202310230642,130.23703213120893
EK202310131709,136.3389614339678
EK202310226061,137.61207545255783
EK202310175946,138.1581103498942
EK202310152205,150.68110481286496
EK202310188482,147.11677564546073
EK202310108311,137.29827183966975
EK202310191290,136.64352275366826
EK202310144489,136.01300929475272
EK202310172283,138.20324956382322
EK202310226719,151.4152805892782
EK202310159716,154.66755070020167
EK202310199594,150.94544603303174
EK202310173559,134.29163824561724
EK202310136955,142.76312436681727
EK202310116269,133.78291142970136
EK202310193704,150.12318856087438
EK202320007431,166.7077894084182
EK202310132812,156.0852501281503
EK202310180739,136.81758907498312
EK202310174941,159.2293449417507
EK202310178926,143.01579245772234
EK202310194112,149.42876069051658
EK202310133210,135.9601308735999
EK202310192212,126.68690072538513
EK202310120175,139.8850243164715
EK202310139063,149.8875307973157
EK202310110816,130.91142355241644
EK202310133264,147.29086537017525
EK202310104140,148.00979438130926
EK202310162125,154.68233980408252
EK202310144954,128.76221844297413
EK202310169762,127.48110695523073
EK202310161221,154.1280670641997
EK202310216951,141.9393970970219
EK202310231726,139.75275645152502
EK202310149140,169.83032216229103
EK202310129051,145.6485265160394
EK202310134433,135.83575194506028
EK202310247557,165.845153284794
EK202310231514,123.98186624710257
EK202310224127,140.8059429436381
EK202310126711,135.25008762403468
EK202310145914,133.87594796060935
EK202310147010,163.9835877423691
EK202310141199,146.37402508695476
EK202310163547,136.19210323407356
EK202310204148,139.98322722527072
EK202310159997,148.83714052076127
EK202310147517,142.0717214847767
EK202310120397,130.42958256272718
EK202310154029,144.94526317024605
EK202310208628,136.89173592240468
EK202310240529,147.73690983024858
EK202310119023,160.9631929070445
EK202310171849,135.47131500149595
EK202310180911,144.31823130158938
EK202310111220,128.42955979628127
EK202310155400,142.29835464137363
EK202310205379,135.00637716774102
EK202310151041,140.40923006100672
EK202310122951,139.1340692324924
EK202310196536,157.94074120502157
EK202310160766,128.01564974185575
EK202310209097,155.95843083853435
EK202310140289,129.61388736716108
EK202310133699,163.6464199062748
EK202310193965,137.32240803065096
EK202310201530,147.83172781991286
EK202310131280,138.03396675620004
EK202310225831,137.97356714853925
EK202310197460,144.99443146517942
EK202310225230,125.136657608071
EK202310158454,148.79393468761396
EK202310245266,151.20053695831206
EK202310175415,140.5240433451678
EK202310194223,147.02576585552382
EK202310199942,151.08492546134906
EK202310233835,150.71918397860597
EK202310220027,152.63727164432342
EK202310119464,150.64372966874754
EK202310179368,139.72096524678147
EK202320006345,150.46839176327236
EK202310124702,139.81498732348263
EK202310197937,129.20228737064411
EK202310159091,145.096612877017
EK202310138888,142.26884486224253
EK202310216680,134.60347460577995
EK202310240252,140.03804215966693
EK202310175387,145.3004672185812
EK202310199869,128.59930010236783
EK202310140275,139.49545865096883
EK202310151577,118.4306649460176
EK202310130981,127.79091134986177
EK202310131764,122.685679627676
EK202310121874,142.3302898965135
EK202310171868,139.0460664639298
EK202310140109,164.80447572850346
EK202310120574,133.27127842845408
EK202310151566,136.61339151171697
EK202310124827,158.43039706298381
EK202310120607,146.88154375908817
EK202320006257,157.615689881451
EK202310220130,152.38470712069528
EK202310144885,145.11662443290908
EK202310186525,134.40954283671476
EK202310219807,154.1401146516733
EK202310167657,147.16336184420584
EK202310123275,130.4457935640974
EK202310215234,153.5037238867459
EK202310146524,144.7603183525649
EK202310169940,133.8121690385816
EK202310243649,121.69045153147631
EK202310183687,133.76307934776887
EK202310130415,159.84886764210637
EK202310188385,144.17439799868546
EK202310158217,154.68507475578812
EK202310004449,143.01198207271491
EK202310193236,150.54128661269903
EK202310151651,145.79133758010138
EK202310106009,157.58109021575714
EK202310185711,148.63145231011669
EK202310104495,126.87410629507266
EK202310144848,162.0616239641705
EK202310180048,139.1933598466784
EK202310137754,145.02695971462234
EK202310156546,161.45958827010995
EK202310137352,139.925729368691
EK202310182441,117.66976153420117
EK202310208167,154.4197078189566
EK202310223871,139.83249602774706
EK202310172342,131.75876476044664
EK202310219366,156.0952923421768
EK202310196187,146.43128970097914
EK202310138150,116.76872174318162
EK202310172299,131.3337273713298
EK202310127364,166.74219164157364
EK202310139869,142.5144981015618
EK202310128954,146.48723706977145
EK202310146322,146.5640294505844
EK202310162849,148.8920001916523
EK202310181038,132.7707510120613
EK202310170175,144.88747330425244
EK202310112098,157.3843888024521
EK202310176673,132.4039873796898
EK202310139559,150.67161650782174
EK202310233592,155.79870760705262
EK202310224263,150.24915030844113
EK202310110134,150.50419520305942
EK202310226556,148.3401661763331
EK202310209883,143.28113158726788
EK202310231890,140.43867253602969
EK202310190968,160.89526362095754
EK202310136859,161.5696762176468
EK202310247260,129.87823165237685
EK202310172360,117.41049250293969
EK202310210416,145.76972042109253
EK202310227699,143.2765011771982
EK202310213569,131.52758581590734
EK202310224874,126.26748576431609
EK202310169709,156.49900967088348
EK202310228257,147.59911289329966
EK202310141038,149.47144187075202
EK202310129192,131.64795780385444
EK202310107751,142.39794972382703
EK202310140717,145.43051759099353
EK202310228229,148.82267677498862
EK202310207072,140.21550808063728
EK202310202830,138.57646522873813
EK202310148905,147.77100924288814
EK202310127758,150.26987388912184
EK202310178020,142.79466033080212
EK202310193951,147.25628919554023
EK202310155292,126.6063823979667
EK202310144487,131.49496275484915
EK202310121253,139.95841200273125
EK202310148088,138.85665495826476
EK202310187124,139.37678445774662
EK202310229693,135.94640822835987
EK202310201484,145.2941615122545
EK202310129571,141.02594598067435
EK202310125950,149.14164597121137
EK202310185603,163.36598247576038
EK202310114453,156.8215865854533
EK202310117950,171.2244575205275
EK202310119043,146.48307583204846
EK202310198703,180.9996607614777
EK202310140299,145.79029076369233
EK202310135296,172.36504181669085
EK202310107227,139.03681408837355
EK202310240359,150.9461913560465
EK202310240921,134.75168986340282
EK202310128737,137.7643633033159
EK202310124258,139.74404313024652
EK202310220986,128.56701384836816
EK202310120232,141.39274305160754
EK202310164246,141.6162711032168
EK202310179029,140.1157305307757
EK202310162108,178.69117921112752
EK202310117566,132.14198574356433
EK202310232452,133.93156250816898
EK202310199397,165.01547600921847
EK202310150619,150.337510607374
EK202310112912,135.98527032190003
EK202310196213,171.93499575455388
EK202310128306,135.58551583539014
EK202310186545,141.4863974959477
EK202310245338,146.11441660045693
EK202310126833,145.80519534271048
EK202310183324,127.85208448754531
EK202310206548,138.70048276340376
EK202310162684,138.20263831522018
EK202310158471,162.51122074202675
EK202310237583,140.93484658025366
EK202310142976,139.45134348283605
EK202310181877,164.60187715327902
EK202310193411,131.42155937758466
EK202310140403,128.03890966787446
EK202310223571,137.48328880259234
EK202310200630,146.71404524927968
EK202310219428,137.86573676072015
EK202310149680,148.64636677588103
EK202310109895,145.1189902266172
EK202310204098,154.2447892313482
EK202310177412,155.7064141562673
EK202310219692,131.50886569005092
EK202310103878,148.69140974369284
EK202310193630,134.60343387669133
EK202310109504,141.30346568564258
EK202310109364,137.37434273854555
EK202310239283,147.43984517084957
EK202310104478,129.27922733484155
EK202310204048,147.62312635394136
EK202310159059,150.50288702881736
EK202310156030,159.3298585740169
EK202310245545,144.6677692247087
EK202320007416,169.3397975428839
EK202310221846,145.83083085956378
EK202310132308,154.43980429745295
EK202310197059,133.35461300757157
EK202310234332,150.2629228357633
EK202310194822,167.08965689457466
EK202310148932,130.80990610609237
EK202310128434,123.79302417637892
EK202310238922,140.04947499146658
EK202310114232,152.73060108639942
EK202310175005,151.1981139002527
EK202320007002,166.29456421535403
EK202310197439,130.12899194155398
EK202310236355,131.44994722321354
EK202310003833,138.3632623060903
EK202310204832,140.42813253652054
EK202310004506,121.99703564009286
EK202310121065,149.06974747617468
EK202310127094,181.57794269028176
EK202310213840,152.26567877808694
EK202310114333,128.9763751514644
EK202310145274,164.4719165092672
EK202310222042,132.53764502967454
EK202310213433,124.68551504596253
EK202310146144,131.14755479041975
EK202310204047,136.22810348710377
EK202310212828,153.00375197049382
EK202310138593,129.60163188110732
EK202310226806,125.70527337471472
EK202310208095,142.79971151010565
EK202310114814,141.51272858624148
EK202310186543,152.37647334256062
EK202310110336,131.86324640133222
EK202310167478,142.14949057974678
EK202310236430,121.08011359857929
EK202310217023,135.01709149771588
EK202310153953,141.05562949346267
EK202310230502,130.33624166477063
EK202310247381,140.089148068082
EK202310208704,136.8507930311235
EK202310139824,131.158378661571
EK202310197168,144.67331856470707
EK202310128080,153.32869711408563
EK202310123269,143.5609342324039
EK202310121955,139.6441945519444
EK202310161214,151.29436811848223
EK202310133556,140.43823996686092
EK202310197481,130.45996754909982
EK202310246538,129.41666191133328
EK202310194330,156.5286921888484
EK202310178652,132.4566872365541
EK202310209776,148.40461043693153
EK202310242382,144.80269023716224
EK202310234518,142.25596725022157
EK202310217553,134.17898755062427
EK202310003369,131.80718339629345
EK202310207859,128.98524056143916
EK202310215266,140.23787060079536
EK202310191942,148.06399189226553
EK202310113737,138.26063229475008
EK202310128655,154.2561383883509
EK202310248203,132.51151181177198
EK202310170678,152.55627952396364
EK202310225376,148.85594944327414
EK202310198236,136.6097232385344
EK202310138567,144.74601731350197
EK202310148635,148.45903779762043
EK202310121362,153.13082877550943
EK202310216537,156.14091244050354
EK202310244010,123.92954498568861
EK202310199391,166.15981121672377
EK202310150957,131.26010380332824
EK202310160956,162.55904441223646
EK202310234204,129.84566309408868
EK202310230587,158.45794275182843
EK202310212166,156.46699231542195
EK202310164638,146.62223683906086
EK202310157872,151.74665155045489
EK202310206238,160.5163511834591
EK202310137733,127.90794763878989
EK202310123238,126.51112883297057
EK202310201665,133.5501333860555
EK202310150077,134.04164916619698
EK202310140491,118.41660919255628
EK202310183010,147.4138244692752
EK202310168338,138.83317574480822
EK202310146731,135.45147455038935
EK202310201575,142.28742161249792
EK202310151646,130.22771248698206
EK202310110613,147.12342399971135
EK202310107412,151.5354166024417
EK202310110590,115.37868384802108
EK202310127237,163.741883233386
EK202310217513,139.85799192596104
EK202310148694,166.64409203631192
EK202310223185,134.6920930080671
EK202310172511,152.8758454263901
EK202310219014,149.17769154449914
EK202310134780,143.96036219779324
EK202310117915,127.72506509939564
EK202310153389,136.1634581088415
EK202310207296,132.2710920443473
EK202310132494,131.84470919534004
EK202310187803,130.10638893354974
EK202310233954,135.85899046155427
EK202310119049,120.10392077665017
EK202310243256,147.00292964536447
EK202310244548,119.48808545486915
EK202310240124,150.111759246315
EK202310148734,125.45472085082669
EK202310131233,138.60664447344382
EK202310220058,127.16782513819615
EK202310217202,142.95682420524065
EK202310179774,138.9835067477306
EK202310227794,143.43257038858172
EK202310132105,135.00079620584734
EK202310177761,158.04400365896242
EK202310227840,143.63992281055374
EK202310169016,138.52720571507626
EK202320006837,169.50924006774648
EK202310108574,157.27681186857026
EK202310190548,139.3954558009128
EK202310109486,135.4314094313653
EK202310200259,166.7903011867765
EK202310162701,169.55351206775626
EK202310160336,140.2784860784416
EK202310212709,135.2018816871717
EK202310226725,140.0918373739516
EK202310158681,143.70150943443295
EK202310107964,143.7039831407671
EK202310235518,144.48437309547106
EK202310123552,148.49571860294313
EK202310201865,147.02840582883093
EK202310145317,159.8881458736315
EK202310183030,156.84539780748045
EK202310200118,162.3641540421998
EK202310114422,142.60140018532536
EK202310157848,128.69216765325092
EK202310239370,149.18159106612157
EK202310131836,169.26906114783503
EK202310143421,131.3509683057484
EK202310205485,130.93519769116938
EK202310168662,162.09788919352394
EK202310154586,174.617971144124
EK202310186744,142.26119200437137
EK202310233340,138.8010404458784
EK202310239910,125.40040023635925
EK202310245136,137.70721349116218
EK202310149851,169.38416906085848
EK202310149779,149.0253589851348
EK202310228990,144.85882527072732
EK202310242178,150.02492407719834
EK202310133873,176.67424036383738
EK202310164264,145.28026877160494
EK202310231632,136.76242742716198
EK202310144424,131.02654202528652
EK202310112760,126.61736541370455
EK202310212956,137.77500137022957
EK202310145964,138.20807528646898
EK202310126563,127.32891250372448
EK202310109694,152.69357667717526
EK202310128490,134.83120770820358
EK202310180704,169.13998253809402
EK202310126998,141.66715052857896
EK202310112115,138.56591270010927
EK202310209159,144.48182046829734
EK202310191498,133.46555832125307
EK202310216436,148.27525990260668
EK202310163197,149.12370646169117
EK202310151701,134.32568206701626
EK202310110130,130.30309766293774
EK202310226705,144.24462854776556
EK202310139340,167.39919169667706
EK202310110862,140.5692089248293
EK202310127381,156.80324947740604
EK202310202546,167.60520634520833
EK202310225643,147.86490846218504
EK202310213096,133.59937821518935
EK202310235079,145.3014009648716
EK202310109108,174.04638781507362
EK202310225137,149.90618140441447
EK202310187484,137.0082615009856
EK202310244698,164.22006611002428
EK202310182643,153.08113827924208
EK202310172470,157.00511014281722
EK202310202542,123.56348119167568
EK202310240368,143.77887227468372
EK202310103843,134.98731045453798
EK202310219530,139.75768583305737
EK202310176306,167.69244243051205
EK202310239841,143.51782720166855
EK202310216087,143.03635449367343
EK202310153817,137.69944445601448
EK202310170433,142.21779680741025
EK202310219831,140.27278454620398
EK202310232545,149.33352051781486
EK202310128070,149.17749409668994
EK202310160215,135.45906066523864
EK202310233605,143.04208740102916
EK202310004309,142.5752789798431
EK202310162940,156.34146814163412
EK202310229901,130.62630649344072
EK202310155025,145.43830595961805
EK202310127004,145.94498235740497
EK202310247408,139.65521326092184
EK202310202128,146.6594191387597
EK202310178091,121.61040071184351
EK202310123328,132.743401734712
EK202310228444,135.19980812951783
EK202310156135,141.11952203913202
EK202310164582,144.22380920606548
EK202310120354,136.68636128330385
EK202310225755,164.68589548972173
EK202310242750,139.53725122204008
EK202310142998,148.2355654989995
EK202310224125,144.44105309977417
EK202310169891,161.60608890709855
EK202310115679,126.24495405174939
EK202310198800,167.68403732351123
EK202310105498,145.1713450980815
EK202310178156,161.96009375968632
EK202310186930,157.82088312397502
EK202310133899,139.37413437979143
EK202310156394,138.63043659919288
EK202310122250,147.4310156516863
EK202310148614,136.36084037174376
EK202310195974,150.06972814040415
EK202310140125,122.9687577238271
EK202310210027,163.46561563131348
EK202310123730,128.0698942009265
EK202310116187,144.15053846062943
EK202310159940,134.49274818477855
EK202310120469,120.89679619081329
EK202310153614,144.45657397715414
EK202310233640,133.91583345884587
EK202310185515,154.16606642145805
EK202310205120,147.27917804770738
EK202310178305,145.1594699409255
EK202310184917,173.38189875435552
EK202310194354,154.53033858715122
EK202310171208,141.9743678448585
EK202310154255,163.27809515797696
EK202310245884,147.65031895797475
EK202310179361,144.3360734594766
EK202310181720,150.26319308020567
EK202310198136,158.23934880522847
EK202310123723,147.9554740170971
EK202310162489,145.5200346355469
EK202310242175,145.48878680757727
EK202310224905,146.92744745459024
EK202310248091,147.9520936243848
EK202310123593,156.65064934458212
EK202310183684,124.39497774308252
EK202310235351,151.91249650460776
EK202310169872,143.2068151424689
EK202320006484,168.36305469043714
EK202310199450,166.19188078767576
EK202310109127,135.47210421208794
EK202320007711,163.58387563992906
EK202310156432,129.08034249207856
EK202310233998,128.9395605056547
EK202310128218,134.1069063886038
EK202310121076,137.09592630569972
EK202310161013,124.87995006332903
EK202310116233,138.50334656482184
EK202310172825,134.8093197034983
EK202310126048,166.79767037359449
EK202310238467,137.50490479391857
EK202310172112,135.6054431431588
EK202310105094,152.41586908282073
EK202310228653,129.43192438758524
EK202310166974,141.64774694117077
EK202310236937,131.24531376178297
EK202310155066,139.9360463295625
EK202310110822,146.95839833164467
EK202310117204,148.5825022710299
EK202310124699,142.4342999441898
EK202310201420,134.93262339502328
EK202310193066,155.17627788831464
EK202310103851,127.15077103351493
EK202310107858,143.5192460939727
EK202310136568,156.80287226579063
EK202310108975,150.1178827763413
EK202310123028,130.26309884977698
EK202310124327,139.7099760390484
EK202310127718,151.69694074759366
EK202310155357,136.80085525186743
EK202310230360,141.37124263638026
EK202310107277,144.2348501208
EK202310140418,159.82817370629982
EK202310205320,149.90507761101034
EK202310111068,144.4855677796455
EK202310199336,150.88321573033738
EK202310124051,145.06751561066477
EK202310137534,135.88939615153984
EK202310134728,121.8524268980659
EK202310186537,139.67475496843775
EK202310212779,153.2176541766691
EK202310184455,154.70617463976285
EK202310243388,130.38265154982014
EK202310137422,140.85534699053056
EK202310241788,152.85921726741262
EK202310107922,156.90029640692654
EK202310193955,140.1581167030841
EK202310194721,147.55053380201863
EK202310146903,139.66559477609385
EK202310134637,135.118210347933
EK202310115633,126.86014341599915
EK202310226326,131.00777791479035
EK202310191621,163.80031848554805
EK202310218537,156.03765836268178
EK202310140032,139.40326856088615
EK202310187906,159.10978446968366
EK202310160631,140.98469932766696
EK202310235165,131.57081695734166
EK202310226953,144.7980434847643
EK202310231462,139.95152901610322
EK202310131496,152.18789054514198
EK202310215576,166.38916051001027
EK202310122149,142.57626833282413
EK202310167024,149.06969325766087
EK202310201015,156.97017504065792
EK202310139845,156.4896388833819
EK202310206739,145.1663862423369
EK202310107474,122.93612489115088
EK202310212444,144.15348030188
EK202310160242,157.0076538565442
EK202310151058,139.5159971611257
EK202310107745,148.46559079245242
EK202310180777,142.4021044194868
EK202310118200,135.44574616409437
EK202310110288,141.1582598245228
EK202310133962,157.13206061601778
EK202310209998,150.38478753524888
EK202310113961,148.87414086627402
EK202310125421,128.6315503637515
EK202310204604,141.68230302933097
EK202310120459,137.89983197299128
EK202310179318,164.4049932864101
EK202310188043,135.94059508652379
EK202310139621,149.48716940516698
EK202310223960,139.54980587120747
EK202310116277,156.64007368565032
EK202310173520,137.13432485238982
EK202310140244,120.53081230416502
EK202310172775,128.5950281844423
EK202310209021,155.93398332316107
EK202310137060,136.225921301234
EK202310169472,159.21012283368805
EK202310220708,150.98264488225604
EK202310155346,134.4001880220059
EK202310203724,137.58406002860124
EK202310174172,124.46108210518237
EK202310127338,136.67146145261881
EK202310231177,125.82937149245191
EK202310110283,122.56008750377408
EK202310194192,155.09774432865478
EK202310179609,138.21372884569968
EK202310233542,168.40031625214942
EK202310223188,144.59615927441396
EK202310160161,142.09575178898865
EK202310142059,145.7695902638716
EK202310148973,149.33672220402678
EK202310185968,141.8701112573849
EK202310143375,154.59648912906613
EK202310223394,136.89039308919573
EK202310142935,141.1934776834584
EK202310128889,130.57550057513672
EK202310243694,128.43747778527216
EK202310168873,148.3862275082323
EK202310110255,145.10767850268712
EK202310217355,144.7158155358796
EK202310170477,129.05775535676122
EK202310126294,131.64649075481103
EK202310193447,148.07256356099032
EK202310208452,132.149958572882
EK202310121117,133.68983979183446
EK202310188124,138.14807825081667
EK202310200744,168.50997665544207
EK202310246111,130.38636163132304
EK202310161343,168.43239289799587
EK202310174717,162.7973565926329
EK202310162592,142.42611776654195
EK202310199334,152.76591833215986
EK202310004427,145.93593789799255
EK202310128231,128.28582975693996
EK202310159198,128.97840513498292
EK202310190595,137.69050041109278
EK202310234887,143.06590498756515
EK202310230530,133.5504702566927
EK202310212245,132.9968515965591
EK202310247440,125.69056042147858
EK202310190679,157.9867875814234
EK202310215878,135.47631940773493
EK202310118270,134.72847485646972
EK202310109213,154.91416732213025
EK202320007685,174.3933558520602
EK202310125681,154.69824977389055
EK202310187523,146.17192381214684
EK202310185418,157.69154474792393
EK202310147002,143.25183826011042
EK202310171520,143.02829248436586
EK202310222521,134.32217519530596
EK202310200454,154.5395982424841
EK202310121658,113.24636631967407
EK202310147902,147.63787138650494
EK202310204527,141.13088631198542
EK202310202723,128.86564278516522
EK202310149975,151.90925238788742
EK202310157163,158.17360442029081
EK202310125893,138.620194224782
EK202310121387,142.45767700344192
EK202310151762,150.9675196424147
EK202310193998,147.3879131788653
EK202310106551,139.9468412924273
EK202310245044,125.23718228675841
EK202310207864,133.2221286354278
EK202310150519,131.5493839548661
EK202310180535,145.25274337735843
EK202310140574,162.10461537999592
EK202310152351,133.73420979451282
EK202310119381,151.87292533711803
EK202310144308,135.49238836604516
EK202310204920,139.5207167793053
EK202310169039,167.95826740706707
EK202310126992,137.13138768548438
EK202310165821,133.05290127914824
EK202310218625,132.19878349717908
EK202310224581,142.06953084204582
EK202310104040,130.25374562931702
EK202310151985,144.46471664660075
EK202310151422,170.45727751007638
EK202310181497,139.8091359293093
EK202310143064,157.69174812902693
EK202310115232,159.22632828797444
EK202310160598,142.91963585549627
EK202310153804,145.0244788208307
EK202310246991,134.94414396163938
EK202310205912,134.82053544283468
EK202310147949,145.30665038797764
EK202310147713,145.02532389666027
EK202310172130,124.81108180238739
EK202310193689,135.88064441939602
EK202320007377,146.88573832013589
EK202310234778,129.62228105511585
EK202310126968,141.60321168734623
EK202310168723,126.28025647782924
EK202310205210,126.79523560490496
EK202310236972,134.70151544975823
EK202310110805,128.35550114808782
EK202310110541,156.79742724559424
EK202320006784,156.53602317304302
EK202310169268,150.2793723239463
EK202310192717,152.31708290995928
EK202310134072,129.862539090377
EK202310109817,143.3247969466715
EK202310111416,136.46820041048997
EK202310163760,141.21960112462912
EK202310206928,162.2574121108376
EK202310222806,152.23164952149975
EK202310245025,152.63952943210887
EK202310154335,126.24302000853733
EK202310122966,149.53694056811807
EK202310147154,159.62661438399297
EK202310161786,143.37491017768778
EK202310122057,134.23020813709627
EK202310206279,152.3536330630234
EK202310241236,148.78057793031277
EK202310107469,128.18645334957142
EK202310236549,136.87850049158072
EK202310144138,155.5010593965093
EK202310212131,140.25261243249773
EK202310112701,137.90023029635267
EK202310163659,139.87304339532486
EK202310172713,144.75407083812408
EK202310175303,120.87830742783342
EK202310129678,134.65693557823062
EK202310204116,151.89712968570075
EK202310226565,138.36812582675446
EK202310177622,139.18648974586603
EK202310173275,143.9088153410236
EK202310108694,125.65679608316631
EK202310124863,140.44819988503218
EK202310209698,135.00679337128832
EK202310155502,130.04782225729193
EK202310160025,144.06910977376123
EK202310219991,144.5089512115977
EK202310229114,140.1030370928182
EK202310179717,145.04289256441808
EK202310112666,153.5300140264942
EK202310122607,146.37366394161677
EK202310203774,119.63328401693789
EK202310167012,131.79752799584486
EK202310177207,153.68013028257153
EK202310108755,141.42762294320903
EK202310235791,130.0522256552192
EK202310193173,166.02514274046354
EK202310226669,144.37155946809378
EK202310241591,143.6886952989261
EK202310139673,150.49831080926805
EK202310245678,143.73805282502036
EK202320005871,161.39537205785774
EK202310146553,142.2250155181874
EK202310110812,142.1341613401943
EK202310163248,172.10258793672267
EK202310198120,138.90872023056835
EK202310130383,171.0886930661109
EK202310165453,153.91379229321282
EK202310129296,130.54287839176632
EK202310114158,142.592080946097
EK202310206093,166.90875108996917
EK202310178733,155.75062911889617
EK202310148785,138.3715564142645
EK202310182839,154.01916767117072
EK202310243137,135.28145005360903
EK202310180781,141.2176099153222
EK202310221757,167.33082706992874
EK202310247595,155.32699361008443
EK202310119239,144.95683924565895
EK202310174112,130.31430984560365
EK202310195036,150.11624593823126
EK202310139240,148.96909861021416
EK202310161228,140.91795991097618
EK202310124628,175.47775632026958
EK202310216201,139.9361238449854
EK202310171177,156.90027431625646
EK202310217298,146.13264797263116
EK202310105105,146.79437474961605
EK202310121917,132.6386762604259
EK202310175901,122.87367010420266
EK202310248632,128.8596524443886
EK202310168647,135.48935062260628
EK202310189433,153.54347528776154
EK202310219364,138.42785773667825
EK202310208149,129.49629850193918
EK202310115824,138.38392277703582
EK202310147437,143.44633151175935
EK202310131516,152.44316669020884
EK202310216229,154.63249215239748
EK202310143057,144.4793493249496
EK202310227618,139.8416583671001
EK202310105862,143.37319651864127
EK202310191429,173.25903296847034
EK202310114100,145.19275501241805
EK202310240658,137.68579855279177
EK202310221826,151.07451494513035
EK202310228005,142.31183294089774
EK202310114273,128.62457661619823
EK202310129611,155.51453742070703
EK202310106828,131.39185612400988
EK202310216849,156.68309984629866
EK202310217419,161.26155947661167
EK202310123260,135.22463220372856
EK202310189255,137.5453594095462
EK202310141612,143.50688962000325
EK202310115638,127.62752161540737
EK202310144626,147.78339218621974
EK202310128398,137.27508367496227
EK202310150599,152.4442297502613
EK202310209851,138.11150394464607
EK202310142306,134.34371571684406
EK202310151733,155.5697219280296
EK202310115665,137.6299633480314
EK202310144016,137.53884896282185
EK202310194248,147.22072024201003
EK202310221662,150.26612793222063
EK202310239754,143.01470313365098
EK202310183618,151.3785163965283
EK202310247966,129.29535254773495
EK202310144467,148.3012007811148
EK202310199980,137.9637117135034
EK202310147993,162.88009731138052
EK202310219732,145.09418437232443
EK202310201255,146.88603201280884
EK202310166834,161.99216903272446
EK202310188039,156.24016578658427
EK202310125812,134.62013607867235
EK202310149327,148.30966985486813
EK202310186774,172.7193273988938
EK202310131937,147.79434285464455
EK202310136858,139.3368185021105
EK202310194737,159.15054173180658
EK202310227116,134.0941284918273
EK202310188953,161.82967171798919
EK202310152825,174.091170152852
EK202310233830,144.57640555784224
EK202310175569,151.54201246236266
EK202310127649,147.82652396672387
EK202310189873,159.73762285155854
EK202310164363,137.22865790067542
EK202310122930,130.0018551727638
EK202310159410,144.90676167347317
EK202310150191,121.61023846769707
EK202310174699,131.29306740831294
EK202310184344,166.14421255431265
EK202310142972,148.0224714511154
EK202310136313,146.2586543979699
EK202310159605,155.16320304085937
EK202310211606,142.36568992423264
EK202310194487,152.8179771631489
EK202310109553,140.65247456462652
EK202310121906,120.422778729273
EK202310132283,144.34536676913626
EK202310156330,148.23327138389118
EK202310109685,139.885441876339
EK202310166453,156.77539116181623
EK202310235141,131.8369074000532
EK202310242155,151.88141230318772
EK202310171093,146.19255090715325
EK202310157094,155.7230411679401
EK202310157497,143.3054918370148
EK202310112679,148.28521970199762
EK202310201020,136.66389889652126
EK202310137760,136.991662371313
EK202310152523,163.16068007783844
EK202310227728,142.56649990195626
EK202310194083,145.13932193201174
EK202310194984,161.32900628547432
EK202310145213,136.4274910742409
EK202310216337,143.63471227384505
EK202310189326,170.09432819785988
EK202310145361,136.59186784949082
EK202310209596,140.58537195333676
EK202310147914,149.96259372670556
EK202310210977,129.50896154365535
EK202310169601,135.9063167561864
EK202310218627,133.76997146655972
EK202310222818,144.2437065931431
EK202310175529,143.74277220680557
EK202310201612,161.8599081565082
EK202310174062,153.56659921598853
EK202310223170,134.0562669795931
EK202310225186,143.54688615755262
EK202310243838,153.2584012563492
EK202310241520,135.98861458989384
EK202310166518,127.82045786639902
EK202310113920,142.58038801830608
EK202310164784,141.6384537885182
EK202310159164,147.7984364551102
EK202310149463,153.56382244241416
EK202310227499,149.15083624167576
EK202310217794,138.6686439133527
EK202310225560,148.32311567171539
EK202310147201,149.6235252040648
EK202310128156,156.19408904613633
EK202310115240,138.59760533739086
EK202310238532,140.7142047707893
EK202310183846,147.1226675960561
EK202310144731,129.36946909990436
EK202310162390,141.08502682938425
EK202310197431,137.6612657448323
EK202310105951,120.90512380658157
EK202310204990,146.25542777655693
EK202310210191,137.47585533292465
EK202310126933,133.77567311677618
EK202310202480,136.4231027362951
EK202310111923,144.64985357149544
EK202310119216,131.07317456158168
EK202310157432,144.81581517722208
EK202310177567,149.80865012116956
EK202310131552,145.68979108748852
EK202310179248,136.09271212143915
EK202310151456,163.12971397074438
EK202310168955,145.46200173664076
EK202320007813,159.04932507668974
EK202310117010,133.70069014020527
EK202310151990,138.63870454440027
EK202310125852,142.50394246820719
EK202310136345,136.97005725567968
EK202310107482,141.62342955906072
EK202310136674,148.48461273469036
EK202310162359,162.33500179469013
EK202310130813,128.71789995561468
EK202310242095,137.1890456953484
EK202310112314,139.4876367186347
EK202310234433,134.11902987652104
EK202310202458,142.11786583517093
EK202310129103,152.89184351705944
EK202310177132,163.90694265949486
EK202310242050,157.3800019034344
EK202310232456,135.51970067027406
EK202310200214,158.57300730820356
EK202310163472,158.69476308086576
EK202310185311,158.7651289080095
EK202310228179,142.25519598408314
EK202310130371,139.10531187242503
EK202310179660,151.4869162897534
EK202310190711,151.34964423749324
EK202310246542,148.0844972561156
EK202310231496,129.7375567083536
EK202310222179,127.57369105940504
EK202310132158,152.0401985336039
EK202310167423,153.67831909365287
EK202310201349,167.53693568440437
EK202310142224,138.94613305210297
EK202310179938,150.08711416056445
EK202310223135,135.48910032208192
EK202310205817,159.97651674227524
EK202310246593,156.6791971487126
EK202310176304,153.56180618076885
EK202310130059,139.95891216966044
EK202310111192,147.77017473101236
EK202310165881,122.80258136452721
EK202310127812,150.3673155291057
EK202310190156,145.47450361787688
EK202310216483,137.29112435564346
EK202310144414,132.06839552711955
EK202310132901,122.99794051308963
EK202310154231,136.1860202716663
EK202310145897,147.4353198910267
EK202310209392,134.98681717341796
EK202310178084,126.24880003063376
EK202310125343,128.18202845455806
EK202310146816,150.28767152068198
EK202310155084,151.4583751697108
EK202310168900,148.8333914706822
EK202310185047,151.44761860431734
EK202310237486,127.36485510977712
EK202310203671,179.18799249150467
EK202310135522,161.22866291951595
EK202310159093,156.9907239630936
EK202310189257,129.95720592670932
EK202310177736,143.0796271582479
EK202310105312,141.57951409651906
EK202310242607,147.02210641951345
EK202310206314,172.8323397699587
EK202310125578,124.69099879142809
EK202310217187,159.6521004232065
EK202310239344,119.60089299512757
EK202310148598,124.36240588804392
EK202310211006,143.882099339502
EK202310141573,155.84237815098558
EK202310208369,135.81966387527615
EK202310143928,148.90945068395675
EK202310149152,142.9305810139673
EK202310150945,127.60615702614291
EK202310158400,143.1398113013683
EK202310117629,144.8638484229702
EK202310104031,147.21333030358
EK202310110083,125.87318669683846
EK202310178368,149.1111435373056
EK202310119686,138.58108691132213
EK202310143618,161.2472276993903
EK202310120487,137.69661099660107
EK202310219395,143.1185453598477
EK202310112376,147.6685881810108
EK202310201306,148.83309344587812
EK202310228811,152.61302500825448
EK202310171144,139.28826771038837
EK202310196110,149.61927259641737
EK202310115076,135.92680050929454
EK202310106850,121.5190903242878
EK202310224133,138.36418126067437
EK202310138595,140.68120319370243
EK202310197537,144.21148640795457
EK202310190665,140.08536493099663
EK202310148759,149.26706896104653
EK202310243283,147.6060748907118
EK202310159395,160.66567860630224
EK202310114620,138.19868335344603
EK202310111786,142.7577214349095
EK202310179340,135.34112598501306
EK202310246360,140.68671528737056
EK202310165546,125.5283987787956
EK202310231626,131.31733433080936
EK202310154298,141.7123864472003
EK202310234468,128.79561176380022
EK202310216859,174.7377858409206
EK202310159904,160.17515857235733
EK202310122874,153.9240305353126
EK202310226448,135.98581071527715
EK202310109658,137.63821002206817
EK202310248327,138.9121314963011
EK202310240275,132.72695017215776
EK202310160292,124.30164323611662
EK202310130749,136.0944342335605
EK202310208708,144.40872367367183
EK202310184600,145.56682483263674
EK202310136202,139.0809489891857
EK202310118993,148.6249990179463
EK202310135570,170.92932461403467
EK202310144234,144.30785087301862
EK202310232831,141.36668182308293
EK202310190714,134.35966189784423
EK202310237590,157.64395993025713
EK202310105068,142.66442270987065
EK202310233087,129.16052653653134
EK202310174797,154.51816118258193
EK202310241325,145.96384130653746
EK202310003548,145.9926489178105
EK202310226491,143.22286540149176
EK202310111356,141.22439875773026
EK202310246019,138.4267621722484
EK202310104422,127.34711977124076
EK202310140919,137.55642923845588
EK202310247367,149.45532506271186
EK202310108141,143.38528592558777
EK202310202875,158.84953347411474
EK202310132953,129.60369448718828
EK202310163551,144.260929148216
EK202310155719,136.83409874086814
EK202310128169,154.66633501847338
EK202310227798,130.9188736701078
EK202310112895,160.0609566075577
EK202310110637,126.35182887744604
EK202310111099,153.25692717125713
EK202310160891,129.5456746376575
EK202310174833,139.97052435845006
EK202310133014,128.35517893734905
EK202310229258,142.31319043364138
EK202310191591,148.08958998687874
EK202310190178,133.86497350151487
EK202310227882,148.1240029195576
EK202310248423,150.92199160772725
EK202310199669,166.12310877083908
EK202310178419,151.06318225165677
EK202310229489,121.50298491392073
EK202310109158,163.46701825826372
EK202310167700,138.6577132678727
EK202310183769,152.45446356917975
EK202320007189,160.57737949149438
EK202310119946,140.16464265740927
EK202310171685,171.51948831263542
EK202310237171,134.46006119988425
EK202310114451,137.7688407375988
EK202310200193,139.21480532258667
EK202310211187,129.26141511246948
EK202310163649,139.82501736325997
EK202310128906,143.03869539175406
EK202310155349,155.21172702178552
EK202310226103,135.68329754532914
EK202310130867,129.10246496704366
EK202310144735,140.36009664150885
EK202310131002,136.9013870049207
EK202310147837,159.0985593744964
EK202310182788,129.09133855937583
EK202310130743,137.5261969926069
EK202310195554,155.94899313201478
EK202310111296,156.80047686993498
EK202310109329,142.14941900466542
EK202310003505,128.2869829019537
EK202310182130,141.79060363548234
EK202310158028,153.49518430903987
EK202310156165,146.25782112219852
EK202310210442,132.5834970077215
EK202310182184,163.67589136810375
EK202310198996,124.99306550841274
EK202310141171,145.48477508391383
EK202310223224,146.8063131901708
EK202310186527,134.44781540798877
EK202310155114,157.82280680002626
EK202310176069,163.9338255717977
EK202310129120,152.08416547033997
EK202310189707,133.78081927980605
EK202310116275,138.732104064484
EK202310208833,137.27682067867735
EK202310197309,149.31254333624273
EK202310213895,146.8449034472342
EK202310208737,145.7203696434731
EK202310200447,138.98459805229348
EK202310152283,156.548922816807
EK202310220449,156.8862575106528
EK202310110949,134.11762885731486
EK202310209106,154.01622854837717
EK202310223835,137.6080702902303
EK202310230881,139.16603200857156
EK202310122186,152.05143320857795
EK202310170304,149.6593141316167
EK202310193993,155.4941371472483
EK202310141761,147.71627869027844
EK202310127568,132.95120432994597
EK202310128895,146.70197385655447
EK202310228433,143.337374273965
EK202310118632,144.4416992891919
EK202310104226,137.5439529316537
EK202310164491,154.2433116014457
EK202310216438,136.0245541293484
EK202310214077,160.80674236128465
EK202310247400,169.5215829371696
EK202310174422,145.56559682096125
EK202310122877,130.0623072828493
EK202310128301,159.53458941158217
EK202310121029,142.8270016236941
EK202310156904,130.10073214298083
EK202310228463,141.27985300949783
EK202310197399,135.6945859777338
EK202310210314,143.34341087406426
EK202310114247,152.69708147195425
EK202320005931,165.70903214023923
EK202310129928,147.21608578541145
EK202310213491,128.92236970515353
EK202310117524,158.4037940630132
EK202310118755,137.60547833597838
EK202310184404,124.69544856681378
EK202310227256,123.91125061180838
EK202310179166,130.63149995423285
EK202310136432,150.7022057582468
EK202310176274,129.26148184771128
EK202310151297,143.1989262499682
EK202310125109,143.86638138036815
EK202310116780,134.68194620913806
EK202310135569,132.38659802527235
EK202310134565,131.65282459691974
EK202310186448,148.85197806998949
EK202310178115,136.8511152151335
EK202310113148,156.58100123319826
EK202310228489,137.06236135228653
EK202310179723,136.86904670092474
EK202310157269,153.53232866872753
EK202310199275,145.2926265084158
EK202310233646,152.20332541982538
EK202310154900,152.41859958558197
EK202310140705,130.4012488963021
EK202310148303,130.66115089713497
EK202310216595,133.61063487573068
EK202310109916,145.21962732136163
EK202310115675,144.27570515934613
EK202310155830,129.9998422233078
EK202310218005,140.71670752879876
EK202310141563,148.7136920955893
EK202310228213,159.6180356001701
EK202310212791,136.66408469800976
EK202310194782,160.65780290412135
EK202310231645,131.5672036070715
EK202310241926,156.1100101505178
EK202310210213,134.36443979681792
EK202310134817,139.2081763934469
EK202310133386,141.83353440630785
EK202310142531,156.54363836185064
EK202310187663,153.31201596798914
EK202310117777,128.55095858035983
EK202310158245,134.22214716244792
EK202310195137,147.11109383354975
EK202310142488,156.5439191852894
EK202310187991,150.4808157426689
EK202310150662,147.64465895687454
EK202310217688,138.49524836969263
EK202310179171,137.3837985968729
EK202310127405,155.09144032602492
EK202310135392,158.52383259304355
EK202310171859,135.19293170411146
EK202310105858,130.89037807264134
EK202310158319,164.6359498737476
EK202310230414,128.54155910820964
EK202310118707,142.70247163132805
EK202310128139,154.34789174083085
EK202310186693,160.47364165880984
EK202310179495,149.18528849719067
EK202310199992,138.6536638368276
EK202310107900,135.83642390773744
EK202310139759,136.85346303047368
EK202310109278,150.3787740041212
EK202310126409,123.43246727251608
EK202310207784,134.5947937231788
EK202310236292,140.67881259611724
EK202310154556,132.94722318171108
EK202310134873,131.0557119507156
EK202310132640,141.3672594868605
EK202310228961,153.82176116927855
EK202310185810,151.84048303450007
EK202310149986,133.93311617898203
EK202310131518,138.24827714252572
EK202310121880,146.72095909925093
EK202310191180,153.02579501255792
EK202310177003,147.83764176869352
EK202310215011,156.41028835187038
EK202310146470,136.69521980921974
EK202310200272,139.34232621670031
EK202310172780,132.8683296362592
EK202310225929,137.92314146568796
EK202310145639,138.1216351978826
EK202310246707,142.50398595341397
EK202310196529,124.53236775015867
EK202310232839,144.9059504312386
EK202310140369,141.0918810265452
EK202310141325,150.60075656605326
EK202310151532,172.0539585833522
EK202310217721,137.1143061250458
EK202310189960,161.09155033904432
EK202310132726,132.8353307716522
EK202310182587,152.30927278735192
EK202310216789,153.60977920404733
EK202310187849,155.3858278472809
EK202310234305,137.36693270313134
EK202310142640,142.8095966759716
EK202310211367,141.79493369231616
EK202310237820,140.41860337437345
EK202310128311,141.09950060614085
EK202310234908,132.52321920532168
EK202310104928,139.01646422390667
EK202310124402,133.30429904583178
EK202310170954,127.17974047006375
EK202310238908,135.8149690478986
EK202310138176,132.27801233860993
EK202310150598,164.3997524906522
EK202310108952,162.17643451076376
EK202310147721,124.47559212280524
EK202310164148,140.12546781366774
EK202310164879,121.87586356373961
EK202310170715,148.45256683244213
EK202310169418,143.8058569743913
EK202310133466,141.59862950521486
EK202310133903,137.91155126958097
EK202310204671,149.01364002618166
EK202310156209,159.2697907115657
EK202310243873,135.43770245625805
EK202310134929,147.24283772816312
EK202310216695,128.08707097833684
EK202310158237,133.52186199698565
EK202310194292,142.03767053340505
EK202310103856,158.946761236066
EK202310126627,162.20416138466894
EK202310121161,130.27667692259433
EK202310191392,144.6423696602335
EK202310245531,128.3424074747636
EK202310126763,136.46549519008425
EK202310161498,155.955071950758
EK202310112456,155.44450559593196
EK202310191483,145.4073492941882
EK202310140746,139.72085696925313
EK202310175247,144.74550018994643
EK202310112978,144.87565573108668
EK202310115781,127.01266517621738
EK202310150028,136.30714413760555
EK202310204581,150.93731618367852
EK202310137480,138.8241921573865
EK202310191514,130.32756054080528
EK202310201678,146.31691846556703
EK202310117265,132.49871264128308
EK202310112369,128.23782531820854
EK202310208647,155.34929876261756
EK202310142602,131.8228751639732
EK202310113073,134.3961690308561
EK202310149092,134.62337812796227
EK202310162989,137.86419466224552
EK202320006610,161.8755422601812
EK202310177443,128.02149764212035
EK202310104850,118.4551361562659
EK202310126368,129.75967991552636
EK202310248204,143.0223328106706
EK202310190956,148.8111627906003
EK202310110980,130.56685963039402
EK202310154273,146.65376922954346
EK202310242223,154.81359444669667
EK202310117698,128.71835374032503
EK202310195417,166.9188049640798
EK202310145942,129.44319664621295
EK202310152887,165.47150654470917
EK202310169297,155.3643504375809
EK202310221863,115.8521669077817
EK202310199131,144.36420724307158
EK202310185529,148.7453139686002
EK202310113311,127.0259616129288
EK202310209762,135.24045463756744
EK202310164806,133.27871756660102
EK202310134642,132.44998689824683
EK202310146968,146.25047140856236
EK202310107027,134.05863995820238
EK202310226716,147.92258704435167
EK202310243795,143.5761314188674
EK202310138740,140.64849414663556
EK202310144607,140.96453174873318
EK202310244471,132.45169827773591
EK202310159052,155.64491313322543
EK202310123055,140.7765991951507
EK202310113885,141.1016497595659
EK202310199531,135.96273467059248
EK202310236118,138.07471514647375
EK202310137888,143.6688001554243
EK202310215531,152.5969611156092
EK202310185054,157.39398105386272
EK202310129573,140.30545654731307
EK202310163633,146.54945227123144
EK202310202282,146.49956788154384
EK202310143694,143.4048129867863
EK202320006080,163.27699408119605
EK202310232132,132.9333917155206
EK202310138363,155.63511008332202
EK202310193434,141.94052004071466
EK202310175511,139.98106581250548
EK202310133748,129.31755684921717
EK202310106718,154.32455047089908
EK202310188899,152.81426608088415
EK202310232574,145.85972634183884
EK202310212172,142.87910799709107
EK202310190446,129.6879444202602
EK202310113384,135.7634908321049
EK202310181368,163.49822255173635
EK202310003999,132.53614821502342
EK202310141115,143.7285693843094
EK202310109981,151.30439452270255
EK202310166769,128.85121247285028
EK202310138115,134.124935725051
EK202310128203,166.61848708094922
EK202310206649,139.32963165176713
EK202310110780,142.29699096919927
EK202310240635,132.5119418897404
EK202310190614,158.33522566555735
EK202310129881,160.63931007549348
EK202310127835,136.88623275359322
EK202310121093,114.86181358099705
EK202310150408,123.52193283831849
EK202310164894,123.29002093998682
EK202310109584,143.04417067203073
EK202310173464,141.0028977602827
EK202310204837,152.58675783454606
EK202310152348,158.41195575581597
EK202310164097,148.0350508665474
EK202310127163,150.5599876960569
EK202310244695,157.91382217245737
EK202310229812,150.90169186280698
EK202310134538,131.4048630665607
EK202310210536,152.48715063345446
EK202310140667,153.94650761577276
EK202310141775,138.8081437233574
EK202310214180,139.92798609999608
EK202310164023,138.0404576482362
EK202310173588,137.14352770466428
EK202310170905,127.64176168818615
EK202310114396,142.94157170198417
EK202310183841,134.43859617335673
EK202310201453,150.789715113759
EK202310113439,141.08251383065488
EK202310238212,126.65530081109823
EK202310127261,151.6260215544456
EK202310238188,144.13071468663458
EK202310206294,157.84940620016553
EK202310144833,162.15653725143775
EK202310211732,128.5229824173682
EK202310224752,162.6152339316327
EK202310193699,160.09044186532338
EK202310143520,143.91012892425914
EK202310115211,139.7528637058421
EK202310164360,140.77631337286417
EK202310117381,136.15524602350794
EK202310229483,133.92568498817838
EK202310188649,154.55963331149397
EK202310200724,135.21045890036632
EK202310144431,170.6723038951865
EK202310133572,138.9615636504574
EK202310208802,125.59982017433964
EK202310248659,135.66471688822713
EK202310131585,134.8456232430813
EK202310233777,169.19718812125112
EK202310129212,134.41141361196964
EK202310155799,150.8360939779899
EK202310229572,128.47338859059784
EK202310128875,126.6585748388274
EK202310148223,168.1546650598565
EK202310142900,155.47883710630725
EK202310183384,147.32007565402532
EK202310111421,132.31687111409798
EK202310212086,141.0379683763583
EK202310239476,124.25853535373216
EK202310131957,156.44944045701035
EK202310204264,175.01052159771436
EK202310178704,156.92122388053727
EK202310227864,118.7347974329313
EK202310169538,118.5673258828563
EK202310173784,172.81398602994543
EK202310216416,148.183679408117
EK202310196443,155.87523409967974
EK202310214690,139.90534129623757
EK202310224533,146.12608978491008
EK202310171089,147.60701516437504
EK202310213256,150.32188585026245
EK202310136488,140.1712809221166
EK202310199625,150.72293109655868
EK202310171589,146.74535705755176
EK202310226351,141.01016628745157
EK202310106984,153.2653811333786
EK202310212070,136.11545612149985
EK202310183076,163.8111424109002
EK202310232081,134.2115129690028
EK202310126981,145.40195041071055
EK202310154523,145.96155126252447
EK202310184085,139.1338007360307
EK202310170300,153.31169449063975
EK202310218531,159.77646361959557
EK202310206452,157.12615270905272
EK202310004184,128.52457338303705
EK202310177618,123.16385700350932
EK202310222352,128.5076556057197
EK202310106506,137.42110106576865
EK202310186819,137.5800805965904
EK202310140723,133.26615677692666
EK202310238611,142.7252977369443
EK202310120555,128.70751016285504
EK202310147094,136.88255966128952
EK202310155462,146.42737411400353
EK202310105723,152.68721415615326
EK202310136398,143.14429004991212
EK202310233819,154.83130431009133
EK202310133289,150.59268982934816
EK202310230003,123.28180992020036
EK202310144991,146.84552028705315
EK202310172964,154.68481009567878
EK202310238178,151.43684422714725
EK202310126938,160.96329378444685
EK202310231506,123.57313471080933
EK202310190088,146.06951584552658
EK202310172578,155.13083344796843
EK202310153732,145.46085572370257
EK202310179604,130.04165528148326
EK202310129682,134.14001807641026
EK202310143507,131.31962298384005
EK202310155560,143.07091734921661
EK202310127202,150.79939062971036
EK202310143252,141.15449403810027
EK202310217653,123.59456477700414
EK202310173062,175.64601698237323
EK202310105294,141.24001189554969
EK202310117821,133.9527446153065
EK202310215199,136.5071821271548
EK202310241483,147.10175043524384
EK202310174150,152.660856219235
EK202310219893,169.2399543065555
EK202310219552,132.97386748707123
EK202310136028,129.56972539251905
EK202310225636,135.90119048083278
EK202310150738,143.80946429223258
EK202310176837,133.5032025983896
EK202310172368,130.0489119409521
EK202310184904,151.8072404959119
EK202310191265,137.63197719845542
EK202310144201,143.0174303147105
EK202310139926,141.5722999369659
EK202310133343,164.25503856156715
EK202310193942,150.49692337591566
EK202310181626,150.92731371958791
EK202310138065,133.92749068083936
EK202310175111,144.58108843341248
EK202310242001,147.02528798424007
EK202310160431,138.12338424661868
EK202310169578,139.5144277726373
EK202310137385,143.5994611900291
EK202310136468,145.7264999607522
EK202310158374,151.90330240042644
EK202310108318,143.31329773316494
EK202310122270,138.93197434342187
EK202310144491,156.81746373114547
EK202310123031,142.94733598737398
EK202310155418,141.48209352783857
EK202320006341,161.1352647123029
EK202310110341,136.48835999816257
EK202310103961,158.14926090634842
EK202310003695,169.28395753295933
EK202310200040,132.2912187887509
EK202310119278,169.81397233145773
EK202310174626,159.06584110938462
EK202310153937,138.27447311320668
EK202310189548,165.23335621003727
EK202310149005,149.74321963457132
EK202310184006,150.1570739844113
EK202310129614,147.38370582337478
EK202310178276,150.81794943782572
EK202310124293,152.40462622354374
EK202310199434,155.15437712331837
EK202310111178,148.6999908808835
EK202310143329,165.77159392449755
EK202310229141,135.91078652107765
EK202310225446,125.4995884057878
EK202310133140,163.49873243252173
EK202310204388,136.23067103681998
EK202310127528,140.14399666295142
EK202310175944,149.29030038464126
EK202310205185,149.5862239321511
EK202310220142,145.21476290546318
EK202310188984,129.64281040794322
EK202310117484,169.26112487590206
EK202310222387,139.18163315103473
EK202310238376,139.55749259656724
EK202310190275,163.1772819890599
EK202310127517,140.98741753910875
EK202310148647,153.69872699019928
EK202310144619,132.28496348821756
EK202310172144,123.8050875659205
EK202310105902,148.4689921942452
EK202310169293,135.15888243685706
EK202310231168,135.81772932496438
EK202310147200,141.19669216280295
EK202310193258,135.86706611953113
EK202310134686,158.99613584458297
EK202310184958,159.31698879368525
EK202310172029,148.06892689769202
EK202310199176,141.98263231901998
EK202310232628,134.77392365415196
EK202310230800,138.49926357730212
EK202310169188,155.13396217008244
EK202310143652,151.5267195294055
EK202310210776,145.54923223183644
EK202310243268,129.1556587878087
EK202310219929,149.52470873086344
EK202320006873,158.4683037279078
EK202310142750,161.38635621495575
EK202310105033,145.07097188465607
EK202310171957,144.50481319925245
EK202310167819,155.19927726620114
EK202310224575,130.15753793635722
EK202310218984,120.889877678048
EK202310148378,168.6519231701147
EK202310124296,135.04909438116127
EK202310153505,124.02450709921263
EK202310202475,170.13442929847167
EK202310105768,141.96428881488598
EK202310155150,152.52215968208066
EK202310131403,146.648195587979
EK202310236965,133.30914770795215
EK202310128158,158.1515774041461
EK202310244898,148.62277512206472
EK202310168438,164.00824489827843
EK202310191063,149.00561487341122
EK202310247883,150.77592542796106
EK202310144879,136.42992963894116
EK202310248004,156.91134708978782
EK202310129311,168.5773511276064
EK202310159341,140.97341465509416
EK202310186599,131.63616898368602
EK202310003714,164.34483610082924
EK202310141937,140.94371281354924
EK202310141516,144.78066879829024
EK202310211399,122.13011661928722
EK202310133332,148.11328393396462
EK202310245637,142.9560609219978
EK202310195191,132.075327476834
EK202310120028,140.0853092615206
EK202310238137,145.4496897728159
EK202310155822,139.78544940347058
EK202310178814,159.13011157634716
EK202310117251,143.81408839065222
EK202310134938,156.78090656996977
EK202310209690,143.41276955692786
EK202310203758,138.43439337536307
EK202310115669,133.03817277599748
EK202310104134,138.40558695731025
EK202310145861,117.11985525550169
EK202310150671,132.0102014217202
EK202310240589,136.13690748569618
EK202310212301,131.5401809021469
EK202310142614,148.64292650599646
EK202310141457,138.8242272555475
EK202310245972,149.8813925327596
EK202310150051,169.2870601313189
EK202310170670,150.56898714384351
EK202310211033,145.1140917259114
EK202310206028,158.23028073410794
EK202310116009,144.60342318651647
EK202310119459,150.30574406909946
EK202310205201,141.7655807631179
EK202320005999,169.9621960742418
EK202310137068,137.31865616219568
EK202310125205,135.77474766169811
EK202310111843,132.99823837746777
EK202310155744,159.43117922616506
EK202310189271,155.5069948921787
EK202310200042,142.37421949174913
EK202310234396,132.7085694242311
EK202310203600,140.5102919806999
EK202310206171,145.14594457780962
EK202310206072,137.16692510087114
EK202310163819,153.3966790331237
EK202310241837,155.2634497456719
EK202310122958,124.89579727589006
EK202310143934,157.80906605576521
EK202310108166,163.43297061295146
EK202310157169,165.04110212853692
EK202310152923,148.0270959003822
EK202310194312,141.76731490235642
EK202310176406,147.32345238365008
EK202310150358,153.7776048885641
EK202310219917,131.71224574597576
EK202310196050,132.8932834209783
EK202310199317,156.06695564448415
EK202310214061,153.8415314383651
EK202310122593,142.66828099087007
EK202310244955,143.7626632224624
EK202310156822,147.30791801507348
EK202310207476,144.73507495003085
EK202310158934,149.69078671985685
EK202310201930,148.7028364475176
EK202310119122,133.24694255697662
EK202310196169,149.15351665567775
EK202310201449,142.03307310356325
EK202310130630,137.43326075172698
EK202310216667,151.08284858719102
EK202310109941,133.23150699996194
EK202310200400,137.64159694598038
EK202310137456,147.70227481692723
EK202310196853,141.28995770731603
EK202310215704,145.57526168259548
EK202310135405,136.80156366610328
EK202310169616,129.91672653193922
EK202310216148,140.95052082903246
EK202310243354,128.16340869887864
EK202310228967,141.07668531867654
EK202310243234,153.73011712903636
EK202310192532,164.83961722370665
EK202310214813,147.83238035299817
EK202310104914,143.44337978131185
EK202310153816,143.2591945638983
EK202310202614,141.1140149492597
EK202310210862,156.95134490835397
EK202310170135,143.80802312522567
EK202310188088,143.95276292551182
EK202310221249,147.8306632782523
EK202310232182,127.19487779292703
EK202310185589,131.89238093034976
EK202310220140,152.05633073008735
EK202310151225,136.46036815518863
EK202310120905,154.33277504459085
EK202310125281,143.15577357830452
EK202310129594,145.57590194490578
EK202310131652,139.1156543120436
EK202310178780,149.07878399967126
EK202310199546,137.36638012871046
EK202310184333,146.25520175191843
EK202310129518,147.48399344382517
EK202310125847,146.45676552567895
EK202310146303,150.83291051931528
EK202310175806,134.62824384563507
EK202310220347,149.642074681378
EK202310225734,144.3747285751189
EK202310240284,134.55818358038778
EK202310114155,150.65650313293324
EK202310208667,127.80121986625342
EK202310247128,156.68326184819836
EK202310218283,141.38597443923055
EK202310227443,138.82549938892177
EK202310157358,155.4632934564998
EK202310205155,133.2421886532131
EK202310189640,151.24154041732453
EK202310219047,124.43076854503019
EK202310155307,117.09706385465505
EK202310190346,146.05053560073944
EK202310186825,160.12117947597898
EK202310203583,154.16697553124945
EK202310122872,118.15964727728266
EK202310223579,155.21712845493823
EK202310134595,167.9278288910509
EK202310199315,133.00720779434022
EK202310197280,126.67848690337826
EK202310105445,149.95288421167976
EK202310170127,128.7980646694883
EK202310124087,130.02407982432985
EK202310186812,146.18406075893796
EK202310175470,151.233195532388
EK202310178249,153.71796622284424
EK202310246428,128.72839541507554
EK202310206906,158.30291473375777
EK202320007523,171.1012440212499
EK202310106696,130.7576669407911
EK202310139497,171.7913579203784
EK202310135104,128.76934086939139
EK202310165444,162.70706608383108
EK202310150670,160.98130201353203
EK202310141326,145.054692228566
EK202310206479,140.2373224918193
EK202310182003,160.458312118813
EK202310240148,160.21408074078684
EK202310246934,155.20922880074335
EK202310157908,145.7192087403042
EK202310233790,139.56482116423132
EK202310227231,147.31417227182425
EK202310104197,136.25497739998494
EK202310003919,138.87840971312303
EK202310134161,121.52421466124818
EK202310132637,145.6528145290967
EK202310112692,150.5399198567187
EK202310004804,133.90939109384772
EK202310188449,146.13814162869875
EK202310161514,142.59933533161006
EK202310121257,133.04386058453875
EK202310165460,171.09917325454046
EK202310246582,133.83247211666668
EK202310182549,150.80002322200772
EK202310153021,157.35723005941975
EK202310155857,146.77649463762017
EK202310112710,146.8057117479631
EK202310193527,139.2071138022904
EK202310210851,125.51739979461436
EK202310166991,141.2345962325059
EK202310153617,153.56005248720552
EK202310162029,154.83159087564252
EK202310150898,139.18231679262934
EK202310119566,145.96618714526215
EK202310172046,152.5398886700324
EK202310113364,146.06322878017983
EK202310104697,158.72550788491864
EK202310110438,140.99664053369926
EK202310139792,139.6416451695872
EK202310108044,127.74155168259122
EK202310191154,146.85190290123833
EK202310162199,139.91822881874296
EK202310159050,141.48397133114133
EK202310127404,145.46352633464008
EK202310216583,142.66893923438974
EK202310233658,155.73718175188174
EK202310141492,144.84988127348632
EK202310203883,130.46624264047972
EK202310219043,162.6129519559147
EK202310145653,136.1982952305958
EK202310228503,140.72162693991044
EK202310179347,119.87905315713611
EK202310132009,149.37405229383376
EK202310212361,134.29413538652108
EK202310124879,138.50813543510588
EK202320006785,167.94131985449036
EK202310245990,139.75023966078646
EK202310177823,155.73069895016468
EK202310229376,141.06842583578256
EK202310181146,136.43549829802342
EK202310201989,122.31904183010536
EK202310192148,147.66875389776484
EK202310185865,136.73790232746808
EK202310149322,146.74283156678905
EK202310154759,135.09646173332084
EK202310142366,146.81885527464968
EK202310225136,143.96954581510454
EK202310140657,150.8685908937557
EK202310181056,146.7311592545312
EK202310147652,146.39692095847312
EK202310195069,148.54780008401778
EK202310186330,154.70412275677464
EK202310170880,141.00085500851793
EK202310104902,131.55680443519358
EK202310137021,157.59123176852233
EK202310112219,145.35287256914413
EK202310114567,136.17807373458487
EK202310174050,148.87280344523273
EK202310146459,141.1637115218072
EK202310125401,129.65525176510724
EK202310232042,134.86077455159722
EK202310137842,130.56350767889904
EK202310235166,125.9544166420748
EK202310123303,131.7726670746592
EK202310204672,154.3143968516267
EK202310147206,143.56010875566312
EK202310165103,171.4199904433734
EK202310246536,156.87477662868167
EK202310204665,146.03778452603234
EK202310139971,166.5695291629063
EK202310230726,130.70551213331345
EK202310217044,138.47726709316777
EK202310175720,153.37299846395663
EK202310208548,125.51672704682153
EK202310213825,143.06810779357627
EK202310196825,130.36735710589548
EK202310117004,127.99247379916808
EK202310164666,148.87950193992484
EK202310195792,142.59314660568293
EK202310195121,149.5674327031659
EK202310188217,146.3187070284592
EK202310178996,135.21798403097299
EK202310107580,142.91116733443243
EK202310163974,147.28343216968622
EK202310237799,146.11583880381104
EK202310232053,137.67142956341223
EK202310178319,156.5847565216985
EK202310126202,134.099346213893
EK202310227911,137.88711070479079
EK202310109084,125.71389831474971
EK202310143067,139.00952465700402
EK202310206930,151.01594454567626
EK202310201884,143.8199991778924
EK202310130641,137.01902673890868
EK202310157121,165.75236381660045
EK202310220877,135.10632844072546
EK202310149540,145.9453111658757
EK202310169600,132.52866701095547
EK202310163175,165.68580658814727
EK202310106277,138.49603131583112
EK202310209667,133.89785493937
EK202310119877,128.5787859443176
EK202310204499,135.24381815493734
EK202310190780,157.7300767851312
EK202310115565,139.76912227831295
EK202310195056,140.3869105278624
EK202310111373,166.5435071105637
EK202310161299,147.78765216381365
EK202310245424,134.21947434690074
EK202310246906,115.76072910559117
EK202310120316,151.3713402114326
EK202310144965,138.37586921604486
EK202310211133,135.19431800814124
EK202310167406,153.93500802155882
EK202310162901,143.71010024990306
EK202310107075,125.50386110510057
EK202310140916,154.76982762862423
EK202310143120,147.1757460703976
EK202310114506,129.02979640485842
EK202310175480,147.93686269485866
EK202310118790,127.37361843416488
EK202310169280,144.2673017743741
EK202310129297,145.9775232525731
EK202310198282,130.42826830262095
EK202310240512,147.18613886977667
EK202310192236,130.40446320617573
EK202310177577,144.47875281761242
EK202310161068,156.06485729358636
EK202310111934,139.01011969676247
EK202310155260,142.60285538555362
EK202310124483,144.51838461463328
EK202310155315,143.98253956402425
EK202310123325,132.78964648147084
EK202310149045,153.9884452247476
EK202310222163,123.74812122317294
EK202310108935,140.71035878161408
EK202310188397,143.6457382517123
EK202310110895,141.2439431576929
EK202310146042,142.40527703628774
EK202310116291,137.7179062907909
EK202310214128,165.43779706007473
EK202310122572,132.80834083049885
EK202310246206,141.52699092812415
EK202310190227,142.734721190465
EK202310137442,146.14206072095277
EK202310240613,150.28041326704513
EK202310171036,138.16894106263766
EK202310165619,173.0231391016996
EK202310135508,168.262912831435
EK202310203859,125.38993967966948
EK202310208937,127.20078627873174
EK202310190964,146.04549241962815
EK202310157232,153.840054793874
EK202310233329,135.4758962130562
EK202310004857,126.56804524560062
EK202310114112,153.93944395559396
EK202310231381,140.4023792795362
EK202310183273,150.48618875456563
EK202310198133,124.54924481947248
EK202310243118,129.47281347205003
EK202310179772,150.87316858716352
EK202310177045,136.5357107975084
EK202310129608,145.1125498833773
EK202310146699,136.36614867344878
EK202310118550,143.79627110922584
EK202310236716,124.99942386843136
EK202310225924,152.83632770005624
EK202310137908,127.52877019387745
EK202310136472,151.34530441519598
EK202310227498,151.12349405520658
EK202310197540,153.59493122855068
EK202310177606,145.59882880457994
EK202310233230,135.52660019116144
EK202310129471,149.36758606337648
EK202310240950,133.4236907524398
EK202320007590,159.74645211590624
EK202310163887,154.15066380613976
EK202320007425,168.14369552538417
EK202310127560,164.59741276829095
EK202310155824,140.00387605442066
EK202310187346,135.9138722479936
EK202310200413,148.83080613012567
EK202310185717,144.13124110231382
EK202310217975,120.80631426175694
EK202310216468,151.58601758990076
EK202310201451,146.71620560051377
EK202310187386,146.97525162806855
EK202310113263,140.0252449438683
EK202310129498,139.09376602840567
EK202310168744,158.86913930457098
EK202310142626,145.1168626133182
EK202310190880,164.3242268408672
EK202310131573,144.48972149134946
EK202310220638,133.79262621408495
EK202310207069,148.49391556101023
EK202310116824,138.8091464380864
EK202310231727,136.5166549239203
EK202310184770,150.75952839619777
EK202310197350,158.70709830320345
EK202310147966,145.86070048691434
EK202310160556,149.15544602783768
EK202310242942,137.66565969772614
EK202310207659,156.6496618904647
EK202310189516,138.84298816168393
EK202310214218,152.68182116802336
EK202310105070,131.01057233268872
EK202310218843,142.10306460515864
EK202310163176,164.85337970809755
EK202310109656,139.62615191638838
EK202310004202,134.04920805031068
EK202310203545,156.9149724354846
EK202310153518,128.77794782013473
EK202310119723,140.0520188956678
EK202310122303,135.93602117024517
EK202310113636,142.6082076054674
EK202310216948,128.6619785338586
EK202310154167,134.8530845623096
EK202310122355,138.5005296198877
EK202310150417,135.31375463787387
EK202310218226,146.50019563863208
EK202310191370,130.66273619796624
EK202310146010,140.54199292703584
EK202310242320,139.68819973479876
EK202310182162,150.0606733957518
EK202310129315,143.32651219521966
EK202310106705,149.89860879668092
EK202310240258,134.29183060910063
EK202310241039,171.8762507124087
EK202310204816,143.2044679537784
EK202310142491,146.6887681970712
EK202310200125,160.874160168775
EK202310111662,139.85160297892824
EK202310141792,146.86465499799354
EK202310242215,152.03538961388486
EK202310227322,162.59010534583985
EK202310206010,138.34982533096561
EK202310220576,128.5459219887666
EK202310169744,149.70760814012428
EK202310236130,154.98410349944862
EK202310117603,140.243568988714
EK202310164018,128.88643131131462
EK202310173758,147.16342538426647
EK202310169263,140.58343239557826
EK202310220742,135.73350803727814
EK202310234928,158.10835164887902
EK202310133036,136.25823920201407
EK202310134185,153.34330928115443
EK202310185530,137.0649694674121
EK202310218330,146.3800080003734
EK202310220164,144.22992753620235
EK202310136625,137.10835778861986
EK202310190327,131.7891983232488
EK202310156810,128.1163061778778
EK202310235883,156.2150918641611
EK202310135135,155.88413447549092
EK202310232747,136.83565406426595
EK202310146074,139.4802921340319
EK202310170263,149.41012692934066
EK202310117439,121.3508570515996
EK202310155695,137.53751475848415
EK202310180749,118.79972889090325
EK202310165733,167.03511182038557
EK202310122820,137.12381996615784
EK202310132148,163.1242181345401
EK202310174037,148.1904508818095
EK202310116351,142.70548867812659
EK202320007454,170.55896354329778
EK202310126404,139.94461631292236
EK202310179147,127.50542748128035
EK202310119107,134.42761583363682
EK202310232208,121.00055568433788
EK202310146308,152.591579039106
EK202310221836,167.62131628575875
EK202310241730,136.57131482498815
EK202310126972,141.16669773996878
EK202310190112,153.2555988330355
EK202310189550,163.72114279873597
EK202310167601,150.66901935954579
EK202310129178,147.62025039282395
EK202310208362,136.71640646335607
EK202310108633,118.3625393826901
EK202310119330,131.4814764506336
EK202310241595,131.841642767597
EK202310133580,166.01814419208023
EK202310184140,143.05884822202185
EK202310243629,146.277951931406
EK202310240837,139.45637536279784
EK202310133514,165.87018662954668
EK202310248438,144.78371687493078
EK202310144323,144.29154126749668
EK202310199263,165.39682642786826
EK202310170561,139.9804683899588
EK202320006441,168.27118982813707
EK202310156158,149.17749282386401
EK202310160966,127.11655767920766
EK202310170924,144.6415867815705
EK202310166196,159.45031494539163
EK202310180519,161.73020943873954
EK202310163021,131.64652460378127
EK202310217277,137.29457753462955
EK202310182542,151.9899367320666
EK202310187706,141.50737604144297
EK202310177424,141.15997911804317
EK202310116469,142.91485405860377
EK202310126864,146.71530147204777
EK202310171044,132.99259735932276
EK202310159422,151.09521935446398
EK202310126564,149.76468694743394
EK202310136978,150.5371500506837
EK202310227254,149.5004913464043
EK202310241407,146.39746159154063
EK202310151596,166.41304760103336
EK202310143155,140.95230053002203
EK202310003368,157.5175806341237
EK202310225579,149.4707536332369
EK202310142662,125.4156035450358
EK202310124623,167.2308694952302
EK202310117099,136.22675368254596
EK202310209488,154.97191894152837
EK202310218949,149.60627948378874
EK202310163688,130.99709136778773
EK202310233616,141.43084262076198
EK202310181063,147.37900438729568
EK202310122017,155.32775920718265
EK202310232279,131.06619549455993
EK202310188255,151.3172180733052
EK202310222087,133.82696409548072
EK202310235863,137.14659424373707
EK202310142201,159.11861062750108
EK202310142028,136.2014713200567
EK202310105750,125.39999463086684
EK202310192986,154.78747679249716
EK202310183238,152.2767134592369
EK202310184211,141.55983027091986
EK202310114501,133.7063098745569
EK202310183815,141.00885828596367
EK202310239065,129.53609923012377
EK202310203010,142.75958124452177
EK202310119934,138.17370321925398
EK202310245690,139.1341365926163
EK202310228481,136.2979782074155
EK202310115026,151.95789500413102
EK202310227715,129.84110775860208
EK202310147211,141.24061046887536
EK202310112774,148.57271559971093
EK202310213753,141.98266216973892
EK202310115799,143.2039088281741
EK202310158491,154.80474405509028
EK202310224855,133.3781075739907
EK202310175378,145.41091439862092
EK202310120852,130.62314580320415
EK202310115724,131.14994649373193
EK202310188278,143.43231316448194
EK202310218258,140.77316172137742
EK202310187357,140.60448899772936
EK202310170314,139.4218735091154
EK202310219875,144.7724830436149
EK202310198138,142.4373933311705
EK202310238879,141.17663986045582
EK202310179039,138.74777742989332
EK202310221294,115.72358715102438
EK202310181636,140.395933291396
EK202310180030,130.6294962592362
EK202310188261,141.7407786466464
EK202310109627,148.5947160545418
EK202310218359,148.78733569906603
EK202310221160,121.93588399231555
EK202310210517,138.1566433039572
EK202310231490,116.38410369058793
EK202310142904,163.91959205320475
EK202310228183,136.0025519626648
EK202310190608,145.35321219482387
EK202310229652,146.45597251185154
EK202310201677,145.3601275028318
EK202310161948,146.07463418381178
EK202310164852,143.79682096179585
EK202310130019,153.07007392875806
EK202310137201,146.17853361896354
EK202310199958,145.5234527058721
EK202310168651,171.5724209092632
EK202310163750,139.65340050023352
EK202310164255,170.30973930285933
EK202310112200,135.59894967485445
EK202310226582,142.08428467630816
EK202310150983,129.8219283137568
EK202310117868,142.57361140303433
EK202310104519,142.04738217300633
EK202310112900,147.63067211824944
EK202310175950,153.87439819690974
EK202310132832,153.72715708516344
EK202310177022,139.31070037138244
EK202310224847,152.90678373192725
EK202310220893,143.97655564579972
EK202310140282,152.77609362098724
EK202310140130,161.52526877945655
EK202310111884,136.43746076950205
EK202310169119,145.6391889366407
EK202310114003,146.6374318929146
EK202310204840,147.43515669147172
EK202310227423,156.62503363633107
EK202310243266,137.86610191264856
EK202310224568,131.89923314804454
EK202310129159,134.05833461271936
EK202310216851,155.33590216122823
EK202310173637,142.91046241248094
EK202310137694,143.29134448925058
EK202310224949,148.0878164554916
EK202310182755,166.65344065259325
EK202310121872,154.30426681947358
EK202310199590,134.51332986667427
EK202310237216,143.15783172125035
EK202310152666,145.01475082601286
EK202310119202,152.14710733290764
EK202310154055,148.97113907166536
EK202310131194,115.38081835329132
EK202310205515,125.07792893182265
EK202310226482,138.11932974949804
EK202310131717,150.51672953823845
EK202310116461,138.17721690756105
EK202310209370,145.05698488594084
EK202310112844,133.84679394541376
EK202310148195,135.50672425438097
EK202310205500,112.84819777213332
EK202310180785,167.8586501292031
EK202310114659,140.87407234421016
EK202310206704,145.63717704000246
EK202310194100,155.8988454445884
EK202310192316,134.4581436984359
EK202310227158,149.56287638528224
EK202310210960,130.78852400573862
EK202310201569,162.11227562577702
EK202310208440,143.5229504784459
EK202310159738,166.19997792196068
EK202310167571,174.55521275903294
EK202310133506,154.45008881918915
EK202310206074,159.71417488212126
EK202310189737,146.5059321297995
EK202310168575,151.18377086939574
EK202310159786,146.75734787697374
EK202310241528,131.85330387720265
EK202310135551,168.06478397090092
EK202310154421,166.48999608381268
EK202310229939,145.99918381246238
EK202310199977,141.73167341779512
EK202310212346,136.32515808404384
EK202310240842,137.0504416863005
EK202310188648,145.15420733373193
EK202310204867,144.42953647604858
EK202310221803,133.47096616204217
EK202310216991,135.9160848498894
EK202310234267,141.32016228379496
EK202310164050,140.4804866732068
EK202310160606,137.94893642500372
EK202310163801,158.68807011418338
EK202310202607,158.671279781989
EK202310211679,140.94275866267864
EK202310161289,142.75567432875167
EK202310216723,151.94849521219194
EK202310241675,131.70203364571563
EK202310227693,151.15971684776625
EK202310153006,136.92654882225213
EK202310152517,135.2236879696306
EK202310119296,156.16809232091762
EK202310135167,145.91229775073438
EK202310129365,158.9517089485116
EK202310224938,133.11270133832463
EK202310246031,126.3391788951531
EK202310227934,141.68976126324458
EK202310155888,142.6355302109415
EK202310112003,160.7249917893329
EK202310110042,132.55931988222972
EK202310202481,129.01580745403209
EK202310119852,151.499371312322
EK202310191910,160.27177914123868
EK202310208404,127.05600410145763
EK202310175620,129.06369286110692
EK202310162522,157.36770606080972
EK202310141148,134.6449327768212
EK202310173552,135.96497711547457
EK202310235762,126.24834524149102
EK202310170630,137.0587607677282
EK202310215013,155.82526539672142
EK202310233350,121.75257950268896
EK202310189297,165.78239209692322
EK202310201145,153.4798040854179
EK202310128701,132.27821050485164
EK202310135409,149.52053024177724
EK202310117705,138.35714124382054
EK202310122677,131.23027780132782
EK202310193307,159.06078198308956
EK202310150126,167.9268260598896
EK202310203066,149.988701046963
EK202310243263,164.55870310166654
EK202310147744,138.450962254269
EK202310115839,136.3354945996626
EK202310120766,159.88684880604367
EK202310141591,143.00666554030644
EK202310171912,147.213510864516
EK202310105341,141.30668237663988
EK202320005577,156.27272545890884
EK202310168922,154.25324097498606
EK202310241884,135.1913971711009
EK202310231171,130.74893794224164
EK202310160293,145.50295748518303
EK202310177237,132.57509089455178
EK202310003836,142.32342219938494
EK202310159624,150.62425848242043
EK202310201626,132.10910787866868
EK202310109032,155.69991454924067
EK202310139930,138.67481907826374
EK202310004116,127.7638045153721
EK202310186841,140.62000593103826
EK202310118029,149.6379808192478
EK202310239323,139.62302771849457
EK202310204171,124.26682359543855
EK202310190000,149.91888623306687
EK202310220235,130.0346534001158
EK202310200517,135.50173957158546
EK202310124822,147.08330438994278
EK202310206677,149.85480615922427
EK202310173092,136.9785282821452
EK202310140031,143.7232552098447
EK202310118392,155.49271793438126
EK202310241116,140.24771588876004
EK202310162167,128.5133677658639
EK202310165764,132.7735308368412
EK202310109757,136.72421076148868
EK202310166993,142.95784323612136
EK202310178462,158.5886601125084
EK202310236406,120.81851408660887
EK202310168692,147.63462313297572
EK202310221373,154.35294143528122
EK202310144973,133.72424684938179
EK202310125785,134.8397840184747
EK202310187049,127.13074607151948
EK202310216907,141.67785914051717
EK202310129517,145.25819296365447
EK202310195530,130.32391468568466
EK202310177392,167.76074626106612
EK202310224171,150.09123139493042
EK202310195298,135.1627260590755
EK202310196360,143.72408685733993
EK202310197685,131.78344492723699
EK202310127212,135.89116986983066
EK202310194711,148.0876237837366
EK202310134995,172.1523671918758
EK202310215322,130.64758719238424
EK202310129156,151.07256155301982
EK202310194573,157.07596948305275
EK202310107850,166.0023694309939
EK202310224151,128.5849508102988
EK202310236621,119.753443569337
EK202310240110,145.56580534171414
EK202310151137,168.5318893241852
EK202310245976,128.36032516925462
EK202310201981,137.17825901112482
EK202310128852,143.39135112701402
EK202310105479,137.70935843050248
EK202310134237,137.75134565055356
EK202310186135,144.1215194999607
EK202310126691,134.7660381641836
EK202310230960,132.60611087514258
EK202310167746,142.81909917645046
EK202310220451,152.79253053656157
EK202310187367,118.78416610523439
EK202310211918,143.8804387690201
EK202310218758,136.73760713963722
EK202310170030,165.00079561962463
EK202310182773,139.89207076875923
EK202310132214,144.35040142611086
EK202310004044,148.98822369158896
EK202310210481,134.60916352066434
EK202310233818,145.7063655070798
EK202310134772,137.653170021645
EK202310190788,141.57223566824192
EK202310245891,158.48041698921202
EK202310152473,149.04197428629246
EK202310173468,143.29658686602176
EK202310134860,141.08956329262085
EK202310219927,143.99833509391084
EK202310242547,140.4740491229169
EK202310190542,154.7376840660004
EK202310248304,149.3514796779223
EK202310234323,143.15286142025363
EK202310116774,151.8886771119473
EK202310162192,133.3989097445154
EK202310200226,131.31535071199193
EK202310223298,129.68361740201274
EK202310131109,147.6756713844133
EK202310170422,136.93722041371382
EK202310247958,131.39281259001788
EK202310150344,137.92832974290673
EK202310186547,146.6067011005578
EK202310159511,137.7975327371612
EK202310107832,114.83865222213407
EK202310157429,138.79603367912858
EK202310206031,136.60360046781307
EK202310153162,165.3906269002297
EK202310246453,137.74697231875774
EK202310169465,140.1735735142537
EK202310127917,149.57402183987125
EK202310230060,132.09191810444295
EK202310115986,131.67829581506905
EK202310231341,136.4955123188729
EK202310207431,142.84521364641387
EK202310115427,139.2554077333907
EK202310148216,160.31619752211935
EK202310236465,126.55727639441074
EK202310214889,141.58974548654817
EK202310183344,141.29797034460887
EK202310115563,138.91084863222497
EK202310204127,149.9071950605253
EK202310148558,165.89638857510573
EK202310239253,146.65516063021198
EK202310223421,150.63485314061575
EK202310164157,136.78617847290644
EK202310191038,140.78004539040404
EK202310206653,144.08022051115552
EK202310189587,137.19243921172023
EK202320007832,158.40290832565825
EK202310107195,145.199577214037
EK202310154834,157.35768640714397
EK202310225399,136.7390981029473
EK202310200244,128.56881973135856
EK202310181369,148.99510839000652
EK202310238327,141.73254816776245
EK202310119929,154.9401550190444
EK202310199445,165.30073730326927
EK202310167881,139.58821114840018
EK202310134304,136.1690628601141
EK202310206774,149.51130231853222
EK202310217924,147.34312969231104
EK202310114025,132.22227894315063
EK202310153648,149.29447400874503
EK202310168223,150.12578004601582
EK202310217182,166.47553911125442
EK202310228108,140.33017419827752
EK202310106503,136.59853609273227
EK202310132704,136.60761220722034
EK202310146469,141.70473481087353
EK202310190547,142.39408719345656
EK202310131045,135.19995846797642
EK202310120149,146.35026935898898
EK202310188786,158.38146817930334
EK202310164309,165.44233619319778
EK202310141856,126.19652617539896
EK202310174571,161.92865256737815
EK202310191248,148.21500582815855
EK202310228497,132.91115038954663
EK202310248650,140.35132477629477
EK202310003518,139.60060231839435
EK202310184477,145.89333056696654
EK202310177306,132.14582494917153
EK202310124268,131.23276326664848
EK202310207962,150.29453545090513
EK202310187364,138.0236740562329
EK202310188630,169.54643202470504
EK202310183825,175.39331930410702
EK202310228647,131.41489463678474
EK202310242814,142.33297599425737
EK202310190403,137.8913214472087
EK202310152077,151.04350411252156
EK202310127706,133.86859236137468
EK202310142346,145.16541446090892
EK202310140834,149.41148198442792
EK202310124143,124.48280911149902
EK202310158418,163.2611041867482
EK202310104315,149.98415006601851
EK202310186057,125.94420057001705
EK202310175318,147.03847355564093
EK202310170196,127.55476677623828
EK202310222979,141.77556942430562
EK202310179579,122.68014786325045
EK202310131268,145.84846911857392
EK202310232636,124.87625446662672
EK202310240941,130.76617300185495
EK202310162473,132.04630335205422
EK202310214960,144.51168090215936
EK202310158148,153.89106374321827
EK202310240646,167.65139252883944
EK202310190660,147.87890038608438
EK202310137900,141.48336726232367
EK202310105369,130.7265849966121
EK202310182640,139.79414825369068
EK202310222831,143.62636306152015
EK202310158111,142.3975768640587
EK202310137268,148.5313019076623
EK202310172836,160.76417393603617
EK202310130602,128.22377940312847
EK202310116478,130.21779846578073
EK202310176354,142.22509459083807
EK202310136605,157.10273170358818
EK202310120400,146.8442873119943
EK202310138807,149.285681311643
EK202310158128,157.6319148109245
EK202320007743,152.44066026813286
EK202310240290,155.52168204232967
EK202310176995,155.0524639415811
EK202310178489,152.36414346942837
EK202310125320,135.95775763207962
EK202310158248,155.83447723608035
EK202310115199,141.94544394584491
EK202310214342,144.17210022263066
EK202310164698,128.55854636387048
EK202310181281,151.2878702321206
EK202310105605,141.89625148728456
EK202310117153,135.9241918512556
EK202310169108,159.06091904703416
EK202310135565,137.66363980084012
EK202310176476,133.4679945489313
EK202310245673,143.4044761625479
EK202310200545,139.3087595227953
EK202310147448,154.23261279999744
EK202310195084,126.51763045895558
EK202310228420,143.89866823706225
EK202310136789,136.1908042900686
EK202310141614,145.53619325295855
EK202310151545,166.47706916515892
EK202310183497,144.7813591217115
EK202320005693,162.45626145795686
EK202310160617,163.5182646526119
EK202310207236,137.26397934657206
EK202310123254,130.79943366207584
EK202310131721,133.8565017609685
EK202310129551,139.5685361233047
EK202310125982,130.1489292811626
EK202310129231,136.8460336124181
EK202310237005,119.23703058891647
EK202310138431,156.8337705719354
EK202310107167,138.87172033652018
EK202310180405,131.23784826496683
EK202310185138,128.0931582481383
EK202310207362,139.3982088293435
EK202310188914,155.66220929925896
EK202310157622,143.33690317587153
EK202310209933,142.10958611849878
EK202310191168,153.24719469587325
EK202310168227,121.97845754425475
EK202310211342,145.50936158707387
EK202310166980,146.00042899778788
EK202310206475,138.46496887702457
EK202310186567,135.99412789333502
EK202310227651,137.33682461632316
EK202310157161,147.85291450317726
EK202310171211,168.73590359616543
EK202310132575,131.66636617422077
EK202310135453,152.67667003376158
EK202310219005,158.58401883530175
EK202310186299,143.0638319043908
EK202310122783,156.38157814872918
EK202310112879,133.96800433841074
EK202310236548,131.25174067923408
EK202310156862,169.03415889500914
EK202310158283,155.0043003413204
EK202310220175,137.47101334606302
EK202310205692,134.3686513055393
EK202310104703,136.17845601814733
EK202310201863,124.71734478978286
EK202310175191,122.28319492517807
EK202310143809,127.82350676000048
EK202310228164,146.18585007695103
EK202310227395,144.38755183599622
EK202310170797,148.39956963615134
EK202310147520,168.47449715771927
EK202310241613,143.7578742117622
EK202310135976,140.17390049251904
EK202310248616,136.89885904100964
EK202310246754,122.39991415700487
EK202310197862,145.73287780811182
EK202310177128,153.84950667269115
EK202310232113,130.4726335163505
EK202310141746,140.25506315625745
EK202310168387,154.31206074751648
EK202310245345,149.38608665511836
EK202310209506,127.10064284378271
EK202310180792,159.55612326267374
EK202310230504,142.78116257904068
EK202310207171,159.54994843201507
EK202310123678,137.8202831238602
EK202310116185,146.36820686548572
EK202310237515,138.0052247137183
EK202310168029,152.04306168260564
EK202310226787,152.72147094097156
EK202310171773,131.46507484709701
EK202310213797,147.03824353410357
EK202310210449,131.9195015753719
EK202310200138,147.36474388166081
EK202310124561,135.40891603461603
EK202310104095,154.04643843081095
EK202310173838,136.1401638469746
EK202310188790,148.33183758360903
EK202320006026,160.66858701841625
EK202310175964,143.80972116466435
EK202310246749,146.41969466294753
EK202310211166,128.53245947530755
EK202310130296,160.1973698775612
EK202310133656,138.55442279335085
EK202310162528,142.5934556685483
EK202310232172,110.69937707973872
EK202310126678,135.18131295279636
EK202310175006,134.73013957064688
EK202310195947,130.22292681071687
EK202310175965,152.24686154938735
EK202310194000,134.58693664813796
EK202310109642,138.47116085868933
EK202310234602,136.35973048470518
EK202310216505,143.0472865192712
EK202310182057,152.6815540648757
EK202310205348,154.37678052694238
EK202310231919,128.56431020569752
EK202310143248,137.65710460003294
EK202310170516,143.0328781204885
EK202310228644,130.0521422668572
EK202310162365,158.50462946640533
EK202310221959,132.16034650999234
EK202310135830,130.54897211917668
EK202310132773,125.9723487985812
EK202310116452,163.72367623972204
EK202310125827,141.34719990446558
EK202310153615,141.047796677031
EK202310104234,140.63771952516453
EK202310171291,131.12666834685444
EK202310143530,142.0183412980901
EK202310199377,151.59336790003326
EK202310148675,126.88823902319231
EK202310136051,147.67231399944103
EK202310108210,141.4544529649095
EK202310199466,136.57950106377643
EK202310227747,154.61307776088213
EK202310247834,135.18195475106714
EK202310241529,140.41899916538202
EK202310112144,155.96847725563717
EK202310182993,153.71732566884998
EK202310189245,137.18918231711453
EK202310160406,142.1291595026986
EK202310200045,133.73186742213687
EK202310220419,147.92384246909435
EK202310139976,142.33794061498838
EK202310004037,117.0618106909638
EK202310151229,150.57235981712532
EK202310124255,112.19173297640609
EK202310112236,151.49438417852127
EK202310169836,123.09933460097959
EK202310206379,156.13227316072755
EK202310237044,130.88303765968465
EK202310156899,177.40265727054887
EK202310135286,143.95989197561352
EK202310233848,150.09758058720135
EK202310243867,129.50524781463906
EK202310193719,147.19933871269558
EK202310115856,127.38668310988723
EK202310152769,138.9203626843139
EK202310208931,139.69721975504586
EK202310166273,140.65573463274157
EK202310174146,155.78712642612481
EK202310216893,145.03786808848298
EK202310200816,159.29450469057068
EK202310117687,152.67475790990628
EK202310109308,122.22914449425085
EK202310130253,168.77501686936904
EK202310129353,152.30851360357767
EK202310232695,131.09787200009555
EK202310168934,141.48254137900446
EK202320006147,171.21250660718547
EK202310131865,175.76152118710831
EK202310154389,158.4585331162497
EK202310144452,134.802657433228
EK202310109772,129.17984822265439
EK202310142187,167.54977563024175
EK202310220392,137.57807577223355
EK202310185327,130.67947817401677
EK202310147396,147.67309546308866
EK202310207907,116.04832468443931
EK202310137274,133.07202995501675
EK202310192264,136.97732783084246
EK202310217353,130.2652885839597
EK202310169024,148.39043508034163
EK202310168820,151.7710165617582
EK202310156728,126.17151002397682
EK202310172897,152.69876005909927
EK202310141606,140.79618544067637
EK202310209150,165.5752483649997
EK202310242727,132.41662902600393
EK202310172918,137.49836104267155
EK202310238608,147.2280410276385
EK202310118817,130.29199798621113
EK202310209232,138.03650260542724
EK202310246528,155.84294054668396
EK202310225110,155.72154048417786
EK202310196139,136.38277736121512
EK202310183805,114.05356616536572
EK202310109611,131.13132220514586
EK202310165156,131.61050005378573
EK202310169977,156.1769679408977
EK202320005840,173.20501921313914
EK202310164548,158.17443056491314
EK202310200636,150.03841511868987
EK202310175371,149.23033345050786
EK202310149850,154.731419584556
EK202310192563,142.54653702920416
EK202310150786,137.54856149841413
EK202310232852,138.7713849061418
EK202310129104,146.2221749137024
EK202310222400,139.28882239108876
EK202310238847,138.21327720122096
EK202310215409,131.75130569610994
EK202310132626,144.59193839950203
EK202310209457,139.06266001784152
EK202310191648,160.35681823279393
EK202310211924,136.3938750522152
EK202310123972,161.772993307128
EK202320006941,163.39865946715673
EK202310172894,141.3308115624498
EK202310201352,142.09134429635463
EK202310246908,130.892351264628
EK202310159957,153.32875472458
EK202310208067,142.70917463214775
EK202310132399,157.88717623525588
EK202310154363,139.71743977393663
EK202310190672,137.6576758557251
EK202310191938,145.00655314905174
EK202310190279,143.06016864725203
EK202310205127,160.84077844781342
EK202310202799,127.65048511409543
EK202310169811,156.88691196724758
EK202310131611,158.4830878913902
EK202310124021,140.19061392060829
EK202310105652,141.86057355772138
EK202310133772,131.0636608900869
EK202310222132,131.5749312622002
EK202310187623,143.8312700851413
EK202310138088,131.63878353970387
EK202310203335,142.66441564698866
EK202310139562,162.51220903213508
EK202310239042,146.19080102228943
EK202310231151,130.76431886545197
EK202310142022,154.41789608042964
EK202310227265,131.826133567905
EK202310122491,161.40664092356366
EK202310246498,141.43237409497976
EK202310237745,136.50724191391674
EK202310230083,133.27530142421668
EK202310239818,141.4834986145115
EK202310109374,139.72205197127937
EK202310188938,143.1142690050373
EK202310239985,156.93905105137748
EK202310190536,151.35733049906736
EK202310108454,144.93570852070695
EK202310185187,143.40197111789973
EK202310214929,145.83706369892428
EK202310163742,157.38461160652793
EK202310133341,120.23021123701092
EK202310123932,138.68480136508163
EK202310224048,131.85072825457175
EK202310194734,136.48984225508602
EK202310233579,131.67905444299004
EK202310111120,142.7565936893355
EK202310202005,113.99969144861413
EK202310170430,139.3491646705826
EK202310215966,146.4103983039949
EK202310142957,155.9995248888859
EK202310238877,136.36667839210736
EK202310197380,162.3906672704001
EK202310242798,119.71277614580725
EK202310118054,147.1350328157655
EK202310171995,142.58628182217072
EK202310156378,128.01987693347522
EK202310209380,133.66886347284043
EK202320005988,169.99663631878744
EK202310132771,145.788685202984
EK202310196985,164.1284124704301
EK202310209813,134.83886455039533
EK202310156025,152.51834601266702
EK202310119261,149.28317291014557
EK202310200800,157.95976806453425
EK202310113114,135.07389304923643
EK202310176337,173.419959350093
EK202310116221,136.95308820904654
EK202310185787,142.33479488719223
EK202310161101,162.07328391356018
EK202310109179,127.27317691486168
EK202310211864,129.60400750707132
EK202310233086,145.7849960536448
EK202310203086,141.3742744196619
EK202310209153,133.3315828752808
EK202320006944,155.39280122660253
EK202310124624,153.90922379695652
EK202310160066,162.6970049045339
EK202310212610,155.32309395379437
EK202310176922,145.14255397864864
EK202310221476,157.5757369918444
EK202310178896,147.82250345185577
EK202310242101,139.68865540161661
EK202310208004,140.94310055427155
EK202310217499,125.27400866885797
EK202310133817,132.78657763860986
EK202310169528,129.1203950378129
EK202310239561,159.5911863127787
EK202310158179,142.66741060023642
EK202310145688,154.79670278512265
EK202310242791,141.2455531346411
EK202310152257,135.20375247566272
EK202310137070,136.07549900169
EK202310146130,136.95491023286496
EK202310204201,151.6745159822905
EK202310155505,140.2871939079938
EK202310154019,133.47198066218968
EK202310233453,154.11119243158916
EK202310217804,147.6997564530895
EK202310172949,152.95637416124788
EK202310188635,157.68752660241188
EK202310117443,119.95288995368296
EK202310160841,126.74203514183499
EK202310125406,146.7431479664963
EK202310182154,141.76740297214187
EK202310118807,154.24313642541642
EK202310159569,170.6437250659035
EK202310185202,167.4761062025899
EK202310240184,139.27177605562713
EK202310180957,169.95735941454762
EK202310208211,147.35519203200346
EK202310152382,147.0964000088664
EK202310174048,134.26315568927347
EK202310150319,152.810499662334
EK202310152702,150.76792092175342
EK202310170820,134.967285917951
EK202320007378,151.16831280226737
EK202310131773,145.86668282398236
EK202310185301,161.2940130928912
EK202310175383,153.74367482536178
EK202310170884,130.50387103814566
EK202310178300,153.2181620290522
EK202310246617,160.19609214654716
EK202310238047,126.90474579718963
EK202310208163,152.25597115834816
EK202310124260,132.3364245920315
EK202310128456,133.4777546419529
EK202310212256,126.53283576521596
EK202310234312,141.5672683355504
EK202310104195,143.0750665754651
EK202310148897,172.12056795192746
EK202310158080,140.77916698173524
EK202310219877,146.86721865459484
EK202310165158,126.60129350974975
EK202310109254,149.61532435891223
EK202310185727,145.52081035277885
EK202310143277,156.79015311205808
EK202310194994,161.67134327987372
EK202310243012,164.41532404761008
EK202310134903,134.35073469299888
EK202310231333,139.4018427995464
EK202310156732,166.82078352659408
EK202310216366,144.14794971022408
EK202310220643,143.3919555083598
EK202310165968,121.20500225535149
EK202310246411,139.92360595434286
EK202310155750,146.30342269298944
EK202310190049,148.22308606776926
EK202310004189,160.36770341594217
EK202310184691,161.55854612127075
EK202310111760,143.68028687316018
EK202310176428,132.93213639578005
EK202310152951,143.62659792939965
EK202310104263,150.53448395801703
EK202310103997,150.03801819946776
EK202310229279,142.42412906144182
EK202310157826,140.55053834350014
EK202310142511,137.7971474764005
EK202310232992,133.67819568619842
EK202320007132,168.26523699791642
EK202310180745,123.05196218424578
EK202310225853,147.72246997267106
EK202310198235,143.67079473483588
EK202310196329,153.86869256824212
EK202310223113,139.41077018958657
EK202310166045,153.6550396291328
EK202310174983,137.90902108136092
EK202310197554,162.48507694839103
EK202310215823,132.8240224027116
EK202310122372,160.44370620678873
EK202310157463,136.35855398319637
EK202310175294,146.28673069204407
EK202310004183,139.88585889658222
EK202310111002,134.3050665879637
EK202310132507,174.07830766206123
EK202310226239,122.84404629859527
EK202310160993,123.26787817660215
EK202310177494,142.99017745752357
EK202310247179,156.93678434380675
EK202310159413,163.92413210928007
EK202310205675,122.0785288712407
EK202310204805,142.87749855021352
EK202310104970,144.09318607205705
EK202310143326,160.1868070084409
EK202310104508,149.30831708626644
EK202310109138,135.10672705996984
EK202310155067,132.61569021062672
EK202310180368,170.97198748773855
EK202310174283,158.9074882024357
EK202310164563,152.03849469403946
EK202310248605,149.6888699191435
EK202310144814,148.8557159725587
EK202310151103,141.98104086980254
EK202310137749,127.37398536422427
EK202310244871,139.7391549645059
EK202310231958,143.93422462320476
EK202320006420,169.97672935603674
EK202310180132,119.73911003230359
EK202310208818,131.30952472668784
EK202310242680,135.3735184576095
EK202310124810,170.22165531475687
EK202310179535,145.61921806064828
EK202310180039,126.9839604773089
EK202310142068,159.86601653813847
EK202310241810,147.47282523082225
EK202310142213,150.49934489060306
EK202310205835,129.73788802684913
EK202310176395,129.79951718263712
EK202310108817,152.2854753560266
EK202310144432,135.4971263713247
EK202310164208,136.81052998234938
EK202310125282,131.61531712039923
EK202310110364,134.45034393272684
EK202310147767,139.97598252459278
EK202310175310,155.62312591214007
EK202310169612,104.88603407600787
EK202310177089,129.13154504866284
EK202310164613,140.1225902202453
EK202310214491,160.9731073148129
EK202310159145,173.00032413489066
EK202310148143,153.19283161478148
EK202310130196,168.01945482548282
EK202310140526,134.04391266784893
EK202310220135,138.81958655190354
EK202310116422,143.66532357322777
EK202310121781,127.50697256598369
EK202310108897,140.72530775984745
EK202310110908,150.67956569490136
EK202310219796,141.694361301217
EK202310109152,155.71413410459874
EK202310217807,136.53360687497346
EK202310115494,123.27404431317231
EK202310221948,132.9699047025778
EK202320006012,164.53654546846664
EK202310119926,145.35946063809826
EK202310212680,126.95924197536813
EK202310004522,147.66294578089568
EK202310200665,158.03100223897428
EK202310159142,141.06054779217914
EK202310217394,142.1926071693552
EK202310247390,168.50520684097782
EK202310153429,122.37179074324673
EK202310133009,159.4208437746603
EK202310183153,161.0810650913666
EK202310223238,144.3176143409259
EK202310189167,160.2413456459689
EK202310167404,143.06837605348343
EK202310123436,143.8280091201288
EK202310201161,160.8962573653645
EK202310202874,139.0688953671351
EK202310205144,143.2565177832765
EK202310211825,136.5256023497457
EK202310119888,144.53739125131796
EK202310187594,150.4959265835792
EK202310127146,160.10277275327505
EK202310115361,148.39378264989116
EK202310122062,145.89989797743314
EK202310161120,172.40818480217058
EK202310119640,159.14425957892698
EK202310196025,163.91536797600168
EK202310239045,130.42679256527146
EK202310197374,157.68359135599889
EK202310201644,131.37190801402627
EK202310239463,131.77862799255078
EK202310234006,148.93075021522006
EK202310209744,133.94013834837142
EK202310138496,168.96870699477694
EK202310159749,168.66743738643112
EK202310199933,138.44772065131133
EK202310121772,145.02038950618083
EK202310150984,140.7918986770178
EK202310245852,138.55153440797
EK202310129919,146.07843437638985
EK202310203657,155.6880658404248
EK202320007279,162.31183495794795
EK202310213923,138.64889506587792
EK202310004091,130.84456663784957
EK202310142372,156.0407076876939
EK202320007651,144.90103060884493
EK202310188243,159.00876096748328
EK202310162087,145.60769262093154
EK202310124791,144.43600260097122
EK202310111667,136.5488196322007
EK202310105642,133.3415605355532
EK202310196224,157.3761574932197
EK202310159474,118.02504224169324
EK202310137962,131.34438762845397
EK202310194276,155.70805319083223
EK202310155765,138.85345271082357
EK202310222240,121.86106139413903
EK202310175830,155.2556651909503
EK202310115286,146.85625177821564
EK202310179252,144.76683827628898
EK202310216929,147.14471480336323
EK202310158567,134.27551910308466
EK202310124273,141.73369758842185
EK202310162224,146.50041579198447
EK202310165570,184.64097059726348
EK202310151292,133.29876759396288
EK202310123293,130.80670230974837
EK202310151984,131.48311299005388
EK202310133891,150.0749314823604
EK202310108554,151.18965941068907
EK202310108056,156.0646364266699
EK202310208276,141.572650953455
EK202310106720,130.6466929089024
EK202310164462,132.69495943436004
EK202310153370,153.5701039521098
EK202310156354,147.4548045770756
EK202310120895,147.85404414905554
EK202310204021,147.38506397780188
EK202310144453,165.93042177007527
EK202310187876,152.59666346103123
EK202310234386,143.69508644698453
EK202310223302,134.25164741030343
EK202310198885,138.1025774341441
EK202310133774,149.55019231956973
EK202310216355,147.88476986177096
EK202310170923,134.3638518048182
EK202310190308,147.42700113638188
EK202310116974,160.20531071731935
EK202310147600,152.38774868975588
EK202310134725,161.06692278576543
EK202310205939,123.90127943454712
EK202310166068,125.39050669676577
EK202310228965,144.47422414308113
EK202310106007,137.6291186956276
EK202310192113,159.1544266995621
EK202310168030,145.12156221022013
EK202310119751,142.18054792048238
EK202310196784,132.38609115790968
EK202310147073,146.8429267198808
EK202310215585,154.1493662801751
EK202310176737,144.03221047313326
EK202310191426,151.21999096308602
EK202310234686,136.87438799065833
EK202310173981,134.43264877399588
EK202310238285,154.09789620485347
EK202310004398,131.68226149097347
EK202310227760,142.43978732436776
EK202310228813,139.37866755732261
EK202310108999,152.93684808078424
EK202310170661,149.6912290884172
EK202310107069,125.62332402362541
EK202310107605,143.70226472691434
EK202310149427,173.03235543070863
EK202310235767,128.73595231442337
EK202310146513,147.06672084874208
EK202310134095,143.86729076764735
EK202310212824,145.26104332298345
EK202310187784,169.85198157705446
EK202310220588,147.01296698034855
EK202310171664,133.62753429308685
EK202310213580,129.38489456267524
EK202310117169,122.23388639814414
EK202310225689,137.8354301411084
EK202310228834,132.61714580581508
EK202310199085,149.90731345947142
EK202310115337,139.22595052037286
EK202310222451,139.12769058830239
EK202310120450,136.69400002781757
EK202310196902,153.33323479352026
EK202310213448,133.8332737705323
EK202310194551,145.01766824124408
EK202310210607,146.6465951389652
EK202310240625,137.82182258211301
EK202310232826,147.7616855654156
EK202310115580,142.24103347925683
EK202310230496,118.19839823707463
EK202310153896,142.63672739717524
EK202310167421,156.8333254935593
EK202310185386,139.97641607875616
EK202310226162,151.4405268393493
EK202320006296,153.99138496328726
EK202310122211,136.6848363460002
EK202310120410,132.76932894620438
EK202310135887,131.56961517730196
EK202310123262,145.09830522439393
EK202310116308,137.44035383205093
EK202310141964,134.5664973029571
EK202310114738,140.50508576264048
EK202320007799,148.4637078968029
EK202310135945,153.74168260807483
EK202310152049,139.2015535425137
EK202310159468,141.70229161381837
EK202310137922,138.42204910411246
EK202310137799,135.38062652696294
EK202310185003,158.67500480445096
EK202310183141,135.38007822888517
EK202310179706,132.37325354724132
EK202310226300,132.3597254115142
EK202310209408,143.22343940822216
EK202310224094,138.355630166739
EK202310155840,129.94304365158803
EK202310153392,148.49868336325414
EK202310119916,140.27751959544688
EK202310189485,131.1315608973898
EK202310153973,163.98972111598547
EK202310143859,139.90238978693586
EK202310209322,156.39152881500772
EK202310219928,144.1990405220546
EK202310177843,143.58353723524846
EK202310235521,151.5997158376565
EK202310227218,137.0071377639963
EK202310120634,134.24592734696168
EK202310237236,129.0818233743153
EK202310174275,164.2009722652348
EK202310207517,142.47719387461984
EK202310197066,136.25010846562947
EK202310235418,137.12181641990603
EK202310229043,138.4346066563135
EK202310232518,134.03971303346734
EK202310127726,142.5006481025252
EK202310216259,151.62790101683657
EK202310132033,143.055799313237
EK202310204271,158.94211386271982
EK202310194461,144.58833600827396
EK202310202541,155.06211647406045
EK202310201397,153.84224745890464
EK202310169275,135.1809999630202
EK202310115278,134.56690258729094
EK202310157300,148.98806672362971
EK202310111329,147.34199793455124
EK202310132731,165.8294676532086
EK202310107770,153.6028585965628
EK202310131063,157.07969186454707
EK202310212722,146.27274418271847
EK202310172610,155.04155381456854
EK202310243791,127.04232788014079
EK202310219499,128.5251821484082
EK202310131588,143.73350071792953
EK202310217120,144.09177415495708
EK202310172169,156.63806596738317
EK202310133205,141.4744652082329
EK202310190824,158.69126708512493
EK202310119229,150.86257179447745
EK202310172059,149.4100503426159
EK202320006521,154.94388270267376
EK202310221989,153.87370991538162
EK202310178785,162.58067971969206
EK202310183830,134.3879374580161
EK202310168297,142.8080907525575
EK202310127675,132.35224764354902
EK202310172854,136.96120494516347
EK202310176515,148.20977174374042
EK202310154731,137.4873162149882
EK202310213784,150.27818240222385
EK202310150574,154.62077573773806
EK202310130454,141.41107355633721
EK202310131489,158.40601151481252
EK202310174498,151.22632555340704
EK202310103853,144.38644376281053
EK202320007395,157.95049845623973
EK202310182375,145.66233496107205
EK202310146376,161.45025583653702
EK202310236179,118.6107411907443
EK202310149241,146.55228530433956
EK202310135136,137.2983268177421
EK202310140867,142.83057761955155
EK202310223502,139.08901529777438
EK202310243943,148.1882476470182
EK202310174164,141.81908294816682
EK202310158044,156.01201337513953
EK202310148103,134.1595479248504
EK202310156336,167.1102391725314
EK202310190263,160.79858812582677
EK202310176162,157.6693154348153
EK202310129272,150.68295138407316
EK202310199173,136.52164244222405
EK202310150794,142.50629508024926
EK202310207717,150.24417233224784
EK202310109712,146.0197312470015
EK202310142567,158.35005120373253
EK202310117141,144.52982151315467
EK202310204093,126.61476242749053
EK202310241706,154.58466740664738
EK202310183611,167.6844284300554
EK202310233211,153.8390479443698
EK202320005748,146.42501711119928
EK202310124159,134.48698349928836
EK202310138315,117.17689676385281
EK202310193796,153.90655678730377
EK202310218166,163.9410013497676
EK202310229779,156.12907986167193
EK202310131658,152.05157951219968
EK202310229978,122.24560521077916
EK202310171658,119.69208813374249
EK202310121521,147.11882818257502
EK202310190841,150.8667777568545
EK202310104228,145.52261393730254
EK202310113040,142.6962687424467
EK202310131735,145.5718622142219
EK202310170151,145.91070306551995
EK202310124366,123.23294248680189
EK202310149451,145.5919590460462
EK202310206552,131.83123740038704
EK202310129905,146.13227547028615
EK202310227850,140.23602339102004
EK202310235398,130.28408779461603
EK202310218108,123.92481245144134
EK202310157681,107.37530808171
EK202310214538,151.99546451365575
EK202310201752,155.04492144935952
EK202310105353,145.8176949461821
EK202310106768,123.80700941938112
EK202310200116,165.24258146809618
EK202310127715,138.15409107778316
EK202310105124,144.05160925194244
EK202310198102,143.02863702872858
EK202310106141,142.11817389986916
EK202310165059,140.36900005230862
EK202310163969,153.52562072712172
EK202310163911,159.87304061371623
EK202310160055,149.48878542271538
EK202310126497,139.3328996587016
EK202310189545,154.3691514732699
EK202310187535,151.5883073307369
EK202310224997,136.30303952784107
EK202310147587,139.95246080780416
EK202310130969,140.52727119567948
EK202310157178,161.1569524551972
EK202310150244,140.91498282216887
EK202310114255,158.41673487600895
EK202310214855,153.4837371060584
EK202310158832,157.84324542803736
EK202310143631,90.59927440401289
EK202310206903,152.1256411453984
EK202310213965,160.28411649537856
EK202310140974,144.64051460008898
EK202310243752,145.8809737148251
EK202310230647,156.5685036773125
EK202310110490,135.25686180705299
EK202310168466,143.3716182562059
EK202310138755,156.93640694661943
EK202310169502,137.7007635262772
EK202310203430,171.38506253656914
EK202310163679,135.82664660455418
EK202310157628,133.4884587818888
EK202310224841,130.28228880501055
EK202310153096,163.65913096374032
EK202310116043,135.69584836341596
EK202310201955,133.979747962645
EK202310240755,133.2345764847963
EK202310215391,154.77910958615837
EK202310120508,134.01837201642437
EK202310166816,143.723667104178
EK202310197615,170.8184643428658
EK202310149113,159.59278662463143
EK202310187571,131.6798640820979
EK202310234394,129.6153851615613
EK202310204787,143.40308346579013
EK202310170562,157.208029985132
EK202310158575,143.53045075408346
EK202310200164,149.43080890101518
EK202310167493,134.22127221626798
EK202310181034,150.96127113288887
EK202310167070,130.66064682071863
EK202310221166,116.6086144776767
EK202310157175,141.65785759758435
EK202310148464,142.5685718896901
EK202310143208,147.5544866106167
EK202310139027,122.88664400632874
EK202310224872,131.5081750625626
EK202310173761,142.3253505916279
EK202310234649,129.2459498217106
EK202310134946,161.46124350059603
EK202310132145,149.81140009433287
EK202310124351,136.71509700956818
EK202310240711,141.22434594782132
EK202310228181,137.53749695540463
EK202310152792,129.44221646210238
EK202310218480,155.7189830309942
EK202310233680,167.9244482551332
EK202310226082,145.8992719604696
EK202310166293,158.7754056820938
EK202310178413,165.3671510520561
EK202310192848,150.34096120303425
EK202310169316,136.28163849374798
EK202320006913,150.57681360994704
EK202310108324,129.49782785393649
EK202310209693,144.08810179975384
EK202310108004,160.74192881801523
EK202310198846,161.0910300739713
EK202310219677,134.91983392830718
EK202310164857,125.87904340536161
EK202310147656,152.71666045036605
EK202310145013,138.77945427113954
EK202310147368,150.09698936725616
EK202310170036,129.71781896027298
EK202310120376,140.30051447549985
EK202310150683,129.11282169251317
EK202310240238,153.15503886998732
EK202310217185,166.00755570307723
EK202310164586,147.44703852544896
EK202310198428,148.9800987725959
EK202310233407,139.67454999938514
EK202310163412,128.21027547514967
EK202310151118,141.29394891019362
EK202310206940,167.06787748061427
EK202310229350,119.1582681369814
EK202310118968,136.84589367791455
EK202320006106,167.96736454277556
EK202310201360,134.93589939547078
EK202310214617,153.88748977581366
EK202310230798,129.65349051400477
EK202310131993,124.80744927629482
EK202310165856,164.39603112225166
EK202310208421,123.13649656940214
EK202310140732,138.3255920447646
EK202310134224,149.7279260628864
EK202310108759,148.2274975837494
EK202310115586,140.16405719830368
EK202310166328,134.19318804487907
EK202310104171,143.2175831433832
EK202310218466,135.46468668779227
EK202310186769,147.17125670398738
EK202310231774,131.2145583064326
EK202310130856,127.57105297103391
EK202310199243,166.5901303301902
EK202310178583,140.40704799902517
EK202310231077,138.7764518998579
EK202310232984,132.9007175325335
EK202310204584,142.06239482275723
EK202310210808,153.19647041206656
EK202310243853,132.7062356337908
EK202310114871,122.97857223135037
EK202310220680,137.28532590226783
EK202310225716,135.88069873497184
EK202310171582,144.13778952331845
EK202310153093,153.2078717941064
EK202310170911,142.57203854748866
EK202310165452,177.02084844219718
EK202310235729,122.3674770297558
EK202310175158,132.17994381870574
EK202310161650,159.68144383364773
EK202310179057,146.81244666827192
EK202310173343,150.7738327148862
EK202310188221,134.4974956069285
EK202310207572,148.5751457582244
EK202310126999,150.01826983484295
EK202310121103,151.48582581388195
EK202310186391,150.11076762699372
EK202310210239,141.03078394919987
EK202310195085,139.8709284481584
EK202310160300,126.7037631247491
EK202310199891,142.4700237862897
EK202310163707,125.65492580004494
EK202310196523,153.54895736740096
EK202310234859,139.39999375666275
EK202310231803,131.19562075160303
EK202310136798,122.57309710371507
EK202310244538,145.34762823144584
EK202310004017,137.08938763566923
EK202320006492,162.7372461972418
EK202310185950,134.72586579406752
EK202310130639,134.37530591675488
EK202320005689,148.44503455488518
EK202320006687,163.37150390276113
EK202310167248,130.51732854206367
EK202310134731,141.76723540398567
EK202310179818,123.31582046247135
EK202310147913,148.4873153741602
EK202310153980,158.90089534046717
EK202310117979,135.90177609801339
EK202310149501,147.67490062959212
EK202310236960,144.75160612839375
EK202310181994,138.54897435958503
EK202310170364,133.3513635332484
EK202310173530,151.73602170305657
EK202310111439,124.34255652413917
EK202310222093,131.5861872986149
EK202310144055,138.0020866999212
EK202310214164,135.3071196890153
EK202310177168,158.55964709211955
EK202310233756,142.56077011267288
EK202310154451,149.9736636049922
EK202310193603,142.866380428691
EK202310210012,126.86764705435321
EK202310109490,145.98674040460077
EK202310161365,158.6337014383375
EK202310153596,141.23068577670503
EK202310171021,164.52742789831663
EK202310135046,154.76330058024445
EK202310105468,124.17531117469197
EK202310180678,146.82807551424173
EK202310123763,140.33136422741572
EK202310137466,148.4815531088596
EK202310138581,170.86684880389723
EK202310221347,155.03820436583896
EK202310175567,135.77124463179535
EK202310136752,146.26531993744553
EK202310129734,162.49203453950034
EK202310120365,145.50939326060129
EK202310127797,141.0218829697627
EK202310183416,146.49067552819432
EK202310239153,162.4912531524398
EK202310222246,153.31690798754187
EK202310144082,141.88011997697117
EK202310226435,131.15079551192534
EK202310110236,152.2133243730184
EK202310172009,136.9326802009708
EK202310152432,159.03385810750044
EK202310219667,132.82345144518288
EK202310202548,163.49479332545664
EK202310179444,131.95059208367547
EK202310110933,141.88619118670422
EK202310112714,143.43545249787877
EK202310129776,165.05063157755225
EK202310184025,154.8587733312081
EK202310199495,143.37544189956628
EK202310120853,148.74255420616447
EK202310110965,143.46046205439242
EK202310125670,134.46519404238225
EK202310129995,161.23807869784122
EK202310228248,137.25670070216387
EK202310128534,133.50169523699626
EK202310183479,156.13795752498459
EK202310159882,145.07823555866125
EK202310224442,136.4391386968704
EK202310119875,155.19754511779448
EK202310165118,139.55461813947227
EK202310003461,125.50960825117696
EK202310127902,126.49722023848291
EK202310241227,147.0828071032965
EK202310177075,117.27225468042452
EK202310195321,152.68655855660367
EK202310109724,168.16099335636318
EK202310224884,126.7396409424428
EK202310246986,139.50062715996944
EK202310180027,151.97283486536273
EK202310143531,138.7887999877267
EK202310180604,130.14420894550022
EK202310241988,149.04276430438262
EK202310109076,139.8462641650582
EK202310117902,143.87294049841387
EK202310215898,139.32519162838315
EK202310134539,132.12157444078977
EK202310239440,127.47687163923385
EK202310230665,125.81319433236807
EK202310172063,151.32409650004337
EK202310126450,127.92056762530098
EK202310229116,141.98614111021655
EK202310178898,156.26195764777762
EK202310111721,146.4013527373408
EK202310170101,167.41099750150835
EK202310158581,142.3909850787228
EK202310157015,164.62354021598338
EK202310229038,141.9448457347859
EK202310222680,132.16509037322245
EK202310111285,144.93399333923225
EK202310222575,161.11772327021225
EK202310156621,174.32836021500532
EK202310199481,144.20705369370697
EK202310204046,152.9713947341984
EK202310219609,133.5626238736386
EK202310222642,127.75888291019129
EK202310199140,134.03912395905022
EK202310200730,147.15792721426132
EK202310139007,135.84220473851698
EK202310126900,134.31962594914856
EK202310228039,141.36336970086293
EK202310177276,145.601206049541
EK202310233570,122.09172914202802
EK202310237169,157.3296774326833
EK202310238023,158.01391014639177
EK202310127838,136.2883183535444
EK202310232618,137.80297737475857
EK202310114863,144.03271569673365
EK202310196485,140.45913416205377
EK202310128223,138.4696622031807
EK202310121663,142.4294244722471
EK202310111075,142.91894773638836
EK202310131404,132.4896464603698
EK202310104361,140.12981590270957
EK202310188771,139.26769597221505
EK202310166069,160.90527663530517
EK202310225476,111.07900712461975
EK202310118945,140.426856476302
EK202310203625,141.51191477987075
EK202310245898,152.734214544841
EK202310197749,135.44295642500182
EK202310185073,145.95061204360073
EK202310114565,133.0851420616188
EK202310151446,157.35008002855918
EK202310206021,138.46934085687656
EK202310179791,150.4273882025236
EK202310205394,132.40276426688354
EK202310166488,173.72530020627033
EK202310106840,129.1389279993316
EK202310115082,130.36647293177688
EK202310173564,133.4794911385364
EK202310205877,152.26809133034098
EK202310152051,149.48543208948544
EK202310144703,140.21767053294857
EK202310130259,160.2445954798992
EK202310177228,148.3045865593413
EK202310218957,132.57356424603796
EK202310142498,160.48776739148914
EK202310119549,125.2870006338025
EK202310233725,130.06571470610555
EK202310233810,153.76423832143035
EK202310210342,138.22547195877672
EK202310142303,155.31622071086832
EK202310227362,134.3872410248019
EK202310212631,137.35367528500987
EK202310148066,150.88588605473146
EK202310115133,144.5014540974562
EK202310145502,120.54881508299681
EK202310151385,163.4539444438735
EK202310245859,124.90864040796757
EK202310222753,134.9104652161656
EK202310170556,155.17295946477856
EK202310186591,132.182021134556
EK202310141795,159.8590345142219
EK202310129475,141.36607924581773
EK202310117335,134.0746582942404
EK202310219091,145.09770347130456
EK202310224742,116.37296105217006
EK202310153827,168.47752045737658
EK202310159244,142.75798857002948
EK202310218618,138.5463111232877
EK202310229622,134.5532215495809
EK202310212905,126.0219123518871
EK202310190075,139.7307068385616
EK202310190265,160.71727729060507
EK202310168559,130.92943090911092
EK202310215223,147.28391385306128
EK202310231305,133.16342724022434
EK202310220211,124.59687232576749
EK202310183222,135.47073327481195
EK202310141182,138.5557225160176
EK202310227695,141.66389701462268
EK202310233303,126.17979593770127
EK202310108658,140.04517854467954
EK202310157889,143.31694031709912
EK202310176473,147.6757761437094
EK202310235635,132.25968530558853
EK202310127390,153.07639935026512
EK202310137562,147.89043271674925
EK202310104205,154.47453337785876
EK202310174206,133.27220621956252
EK202310212816,159.54900293328862
EK202310147436,141.1612823491667
EK202310180611,151.64212244240522
EK202310210354,149.86942053173073
EK202310189663,128.7801574106021
EK202310119259,136.41336380376245
EK202310235125,138.02876010433255
EK202310246750,141.2181904613447
EK202310218896,147.7738465299931
EK202310203786,135.1581600764145
EK202310180913,138.40994573555085
EK202310124372,142.220117361454
EK202310165379,141.8998228675158
EK202310180954,161.5854920421181
EK202310145852,145.23607824752463
EK202310236766,136.4025618129124
EK202310134276,154.88589748554
EK202310121348,151.4720429393112
EK202310141601,146.41798574304082
EK202310128602,131.2898707701565
EK202310110423,132.86775679583914
EK202310145558,140.4211539702955
EK202310155126,150.96811075252327
EK202310148031,153.1387859051805
EK202310174648,144.04408245227555
EK202310107125,154.41411592793585
EK202310206336,173.57407356134772
EK202310244639,134.24434324058612
EK202310225703,111.5227567633402
EK202310246590,165.29167301356586
EK202310162037,137.29191612664943
EK202310214389,147.88237364772658
EK202310186078,144.7294209864354
EK202310237892,124.38075116201246
EK202310139019,151.08260682989845
EK202310144411,152.93826745621698
EK202310121887,139.31107118235528
EK202310182472,131.74328907514396
EK202310110577,132.19933686159806
EK202310217458,151.30219428511376
EK202310206751,154.6810151776222
EK202310135834,152.13606328148222
EK202310129936,149.6847128000121
EK202310193629,139.6965573701711
EK202310109058,155.29138934393055
EK202310229608,144.1522757964941
EK202310201686,144.11782815044322
EK202310206823,138.88752875425652
EK202310109660,125.49636659411284
EK202310202418,156.76536500395113
EK202310140335,131.41990408231254
EK202310198168,140.05270581311905
EK202310117989,143.52637576578104
EK202310110082,134.65092894238484
EK202310227199,128.75449140384396
EK202310219307,155.58473580494942
EK202310236825,137.4878373547828
EK202310114629,136.29297767324022
EK202310180370,167.16976873826187
EK202310145206,163.5202454944367
EK202310108111,151.6325104760066
EK202310226175,140.53156384176447
EK202310227223,160.82777478486133
EK202310199795,144.84705834351237
EK202310228694,133.612776496706
EK202310217385,136.78292561643116
EK202310104812,136.99740224841145
EK202310216111,145.04272231906018
EK202310176703,144.34053249562058
EK202310240602,136.56821848919412
EK202310103728,137.2412419703942
EK202310220868,128.02760551619545
EK202310114579,136.84191371472005
EK202310165033,141.17972218833185
EK202310150030,157.76703979102177
EK202310201296,153.49818737359516
EK202310105195,148.54447411536364
EK202310213553,127.84179688356508
EK202310162788,151.46296787639326
EK202310216325,137.86889899236667
EK202310144613,145.40524079406774
EK202310226580,135.21760396269937
EK202310229109,133.30914271236173
EK202310124954,171.81173685300993
EK202310205954,142.96033486443253
EK202310179712,122.05948141180409
EK202310193847,149.67260431692836
EK202310175822,130.23756571413765
EK202310116359,122.4257052914086
EK202320006662,166.09466463106946
EK202310111520,142.9239497462197
EK202310213288,141.45091036052574
EK202310191137,155.00600940760867
EK202310132404,147.61929498836702
EK202310201570,159.37619403869473
EK202310203322,135.76952221670612
EK202310143258,156.6518377704763
EK202310241669,144.86050615806948
EK202310190261,158.84157147049433
EK202310145096,128.44258889985866
EK202310231686,140.5963016691369
EK202310163789,143.5538405286263
EK202310196402,148.3673672724453
EK202310230132,142.6190015367605
EK202310155673,132.74254561609712
EK202310210437,138.88949203187056
EK202310107353,134.6551119210795
EK202310219475,138.18199777106815
EK202310232408,125.2787513016067
EK202310152774,134.51793185021026
EK202310200770,159.2157860208523
EK202310185372,152.58454653293742
EK202310119209,140.0362337042709
EK202310131238,147.32488195564343
EK202310162969,132.7144895364663
EK202310127182,142.91992465210657
EK202310245830,124.31211444697794
EK202310205893,138.22017407037637
EK202310104756,134.3316983314147
EK202310153892,145.19932570843355
EK202310244027,155.34100276110064
EK202310163145,151.19364946583642
EK202310165966,148.40570798564974
EK202310185338,160.27616830039707
EK202310004564,126.92732407896507
EK202310246545,116.65010214143027
EK202310243927,145.37287967900346
EK202310171098,144.12749910693702
EK202310226637,130.26531404150361
EK202310240501,139.60334227203788
EK202310213124,139.0903680707107
EK202310185369,150.2611144321125
EK202310184650,166.03892254396033
EK202310191710,129.51116529367357
EK202310186505,133.43048035492
EK202310246315,156.03193472706081
EK202310128179,134.26822754486957
EK202310218717,128.07723730758948
EK202310140183,140.2203925001689
EK202310218416,136.18898531400671
EK202310104512,146.19156843459027
EK202310148024,141.2289862731719
EK202310211056,141.67728547194832
EK202310212788,142.37807741958903
EK202310151708,149.831468987487
EK202310192193,144.3896853583591
EK202310147119,161.14008635905148
EK202310134171,158.79015446837371
EK202310120405,149.4791185479097
EK202310197432,119.21468266377393
EK202310116473,143.8947824673455
EK202310148941,135.38967706656732
EK202310225424,160.81490299977338
EK202310160249,165.7168410635501
EK202310177564,128.399595469847
EK202310147712,140.5474510205991
EK202310130033,140.1523684065145
EK202310161738,145.3253830460094
EK202310225844,131.79451367794374
EK202310200581,168.79566906116568
EK202310155845,145.8776692334224
EK202310121666,127.84521268705532
EK202310124396,144.2226513468029
EK202310234458,143.47626061698176
EK202310122157,131.5890243431123
EK202310122028,154.92840827920045
EK202310178168,133.61744956891508
EK202320006120,160.46155578646645
EK202310104089,147.27470412600454
EK202310130047,129.00732130699322
EK202310233902,134.38270898508483
EK202310145593,144.09382116732442
EK202310145435,136.17041561631095
EK202310121638,146.4714070887221
EK202310175711,137.23785713605008
EK202310178650,144.3337650313174
EK202310209932,127.31650049404863
EK202310150842,132.23752365241035
EK202310176075,117.09411595365744
EK202310225913,156.20127545813872
EK202310223616,136.50784789287817
EK202310177498,132.28419777590807
EK202310210293,137.73472882315892
EK202310243077,143.71172371751334
EK202310120981,128.66403347528222
EK202310161599,142.05292192457415
EK202310199852,146.82156220840767
EK202310152182,154.85883212434243
EK202310201657,159.3383555285021
EK202310108940,159.30551738415954
EK202310167429,148.12897653751804
EK202310245926,145.94670012735412
EK202310152784,145.28967696592963
EK202310124342,137.9811394772199
EK202310161267,149.74043626965542
EK202310145118,130.129420216893
EK202310124701,138.2002568195532
EK202310144618,141.29086890640173
EK202310233384,133.4369733601483
EK202310207039,146.4017893926038
EK202310190234,133.80409461557844
EK202310198686,140.2077658290945
EK202310120341,144.18790661386493
EK202310247847,150.14369088141396
EK202310003450,157.48925516353955
EK202310134573,148.85688041834933
EK202310116321,123.87767855962977
EK202310202729,142.50353624563837
EK202310225102,164.4454688895238
EK202320007842,160.1581760627521
EK202310185093,142.99344044618675
EK202310147662,153.83247651703456
EK202310202843,140.62350040476724
EK202310233390,133.59993356843825
EK202310136750,149.776059922242
EK202310132231,132.46696294637155
EK202310229820,131.57670262516774
EK202310198900,122.60873222315897
EK202310112722,150.27153048910338
EK202310124481,136.16521789778366
EK202310168703,134.57387021462458
EK202310215506,149.4767802778314
EK202310227298,129.62933848691554
EK202310162425,146.49841531184455
EK202310147420,132.63527857141892
EK202310230006,140.78919121725735
EK202310107551,163.5808066596585
EK202310245496,125.08102547702171
EK202310121500,145.31808590627088
EK202310137045,126.09050893234534
EK202310004368,134.85647561224147
EK202310124048,131.47779276898456
EK202310123230,148.75464245498677
EK202310003475,132.46001767428035
EK202310129436,140.59999519268104
EK202310202223,145.4583357441949
EK202310135682,139.37976317853006
EK202310113775,147.61649946421016
EK202310143850,142.59934581989486
EK202310199362,153.73358941351322
EK202310206686,141.96089989709796
EK202310134277,145.12060612432774
EK202310244824,133.2648057285348
EK202310127241,157.31853453914857
EK202310153015,140.81197249052894
EK202310183863,129.5903786619712
EK202310194062,137.84942994060117
EK202310137570,144.81892402003984
EK202310105406,155.47087815788058
EK202310211726,140.65229204602645
EK202310140163,158.96050743047286
EK202310151370,140.25371101254555
EK202310183307,135.0103365249126
EK202310209242,134.28633964086308
EK202310201596,138.19843244288325
EK202310148319,146.04445664018635
EK202310212091,136.0545787040554
EK202310231030,144.15587386812211
EK202310111993,136.66061159754966
EK202310156211,154.422443023411
EK202310104592,142.29080609103212
EK202310133538,151.65669397804564
EK202310143489,123.06361673017756
EK202310108608,143.15775286439123
EK202310209410,153.38239349668487
EK202310196298,169.48630436696743
EK202310200348,145.02261085408756
EK202310130825,126.87322707742982
EK202310211388,153.9034319082247
EK202310151265,123.55929981787524
EK202310161779,158.89561429680217
EK202310117949,148.51394938618938
EK202310204507,163.2918073863847
EK202310104001,131.98094073615044
EK202310217266,138.87490903442375
EK202310210738,142.0171969804647
EK202310179516,143.05712999349407
EK202310185260,152.34919599569514
EK202310117134,127.97134026313482
EK202310218620,130.9861242393113
EK202310118920,146.93708428076636
EK202310174953,166.1374122466286
EK202310235880,166.70184643963992
EK202310246765,136.91700961591425
EK202310151192,133.17046696098674
EK202310218327,136.2731447031987
EK202310184977,152.4401032010393
EK202310106156,131.2626069389667
EK202310174601,127.26471653300823
EK202310242933,127.26305020380829
EK202320006248,156.21010650464223
EK202310155266,150.09081046454236
EK202310118205,153.5662454485452
EK202320007868,155.38701291551513
EK202310122476,125.47485444297662
EK202310246704,131.6028516762963
EK202310154390,142.34588440974684
EK202310208154,145.3644198656749
EK202310130903,134.2241107279137
EK202310244992,144.68911873135937
EK202310141315,138.85008155719305
EK202310119220,133.9432667205323
EK202310245411,137.68421751629387
EK202310122328,146.72128013133766
EK202310145979,117.07604110480412
EK202310137109,137.40886904733023
EK202310107808,142.79702275746405
EK202310237598,136.87851463914765
EK202310150637,144.1901740851108
EK202310115093,138.8482808482977
EK202310121973,137.96717102630726
EK202310201313,134.66400831220318
EK202310171481,153.58840102357505
EK202310151406,170.87672902391532
EK202310201141,154.6579789650151
EK202310179223,128.99579605176405
EK202310195934,174.43930151852243
EK202310142396,148.82037407289405
EK202310161167,155.55512016885513
EK202310166581,153.15040087705083
EK202310247520,148.43490826934175
EK202310113867,144.20248770010954
EK202310124498,135.30726738344967
EK202310156133,142.07240052130356
EK202310199597,155.21019894569721
EK202310161135,159.26483194283745
EK202310215679,148.22286142411937
EK202310238774,135.11859514560155
EK202310196868,129.80216547143087
EK202310112295,153.60601288583285
EK202310235239,148.35643717223954
EK202310127731,146.92170291736375
EK202310230868,139.5935335938078
EK202310217903,151.45724830001802
EK202310172613,133.97007340286146
EK202310129229,149.9308068154103
EK202310190368,159.29909276665288
EK202310162297,132.3059274742479
EK202310222739,124.1139593197592
EK202310161749,125.56069953848628
EK202310155297,145.85729237216188
EK202310108502,149.83995115808438
EK202310130801,144.3291144956972
EK202310231593,126.22373102743526
EK202310125919,143.89692272327275
EK202310209411,136.30441770212445
EK202310179339,121.95424818203026
EK202310187200,152.53677840072544
EK202310146890,143.08865319318645
EK202310166979,138.37881527023902
EK202310237165,148.68487544422632
EK202310152579,148.71953475054917
EK202310003917,150.34524848984603
EK202310235269,173.47718308476587
EK202310108468,156.36622401610117
EK202310143968,147.11696677237776
EK202310160042,120.78931059585044
EK202310203662,149.32725951606568
EK202310151437,152.78960864657984
EK202310144465,144.73134126214458
EK202310190402,157.5206922914935
EK202310134264,126.79593377242531
EK202310234082,144.30212395277948
EK202310210958,127.75225429232869
EK202310139701,124.39690381593782
EK202310143670,171.34490905409896
EK202310144634,130.65800656339954
EK202310141663,153.07248845100926
EK202310137665,132.02010385056948
EK202310205722,122.58809710771325
EK202310151909,139.72086800568084
EK202310221195,132.59726951401635
EK202310137582,137.69411624457794
EK202310194278,120.35738715518556
EK202310128272,136.05441598202015
EK202310106468,162.6823631538104
EK202310144004,143.46495325117016
EK202310128173,154.4460043074213
EK202310111420,127.58888136749715
EK202310120296,124.61465551254211
EK202310200950,162.68412087664316
EK202310175501,141.80132389768872
EK202310120331,158.4306791904829
EK202310228878,176.45107936883335
EK202310182513,164.29997686461408
EK202310146179,130.4037554425997
EK202310122722,142.52194295434396
EK202310105824,148.11969082370578
EK202310153125,162.0845895900195
EK202310245447,143.92989705996857
EK202310119032,144.7642544582106
EK202310121833,134.2482751540233
EK202310241687,135.10693540852776
EK202310239324,140.74957060663914
EK202310164441,121.49838739356629
EK202310140020,166.09009616067976
EK202310130010,153.87761978682474
EK202310121272,139.36318550521776
EK202310155947,139.61223175939955
EK202310235396,148.98206942838294
EK202310142223,151.16799891744958
EK202310112225,142.82688719558385
EK202310169440,156.26331217307649
EK202310136706,151.46741663638284
EK202310216973,132.04427708925962
EK202310226784,155.38931292849514
EK202310221041,132.36174772293543
EK202310231770,139.85993547601188
EK202310145329,154.9414696354044
EK202310134603,157.40563696943633
EK202310186803,154.18849461898284
EK202310004747,126.52172330635814
EK202310140470,141.82139480413028
EK202310195581,130.27016434017162
EK202310150690,143.72870259189096
EK202310107903,130.24413292249466
EK202310192146,127.71058562092136
EK202310148551,179.7948039540646
EK202310106261,129.03232513916072
EK202310146170,117.27645589006934
EK202310136162,143.64303481728882
EK202310113122,140.23877308800624
EK202310163718,131.7376347458119
EK202310183205,157.48768436914904
EK202310200858,166.17363758460746
EK202310196929,163.30949672531472
EK202310171438,173.20888746121383
EK202310174765,147.7464383503039
EK202310124046,140.23352704916636
EK202310152264,148.4884412753936
EK202310213792,155.30818110082086
EK202310165171,164.65869175104976
EK202310162758,141.08196728302062
EK202310143468,133.5076564698999
EK202310180043,107.72638813954549
EK202310147871,160.1373911929451
EK202310164549,142.1771438893763
EK202310201642,141.19351560831043
EK202310109113,132.70453823698656
EK202310174688,144.1120132522226
EK202310248259,147.76356029307004
EK202310185782,138.34132087557285
EK202310110936,140.2953069102089
EK202310117421,150.9866351394167
EK202310142478,115.94453052908368
EK202310141930,149.15246566029856
EK202310243981,123.3559288539094
EK202310172266,141.45655937137082
EK202310228140,136.93207574942593
EK202310176614,154.7144152086524
EK202310233607,162.52932957489452
EK202310106233,120.1001679719661
EK202310162621,172.99368553458095
EK202310190940,146.23848151735638
EK202310219344,160.05075564483235
EK202310154188,166.09443277243795
EK202310219915,135.98566066083828
EK202310166730,146.43158591970726
EK202310117725,132.12291311504143
EK202310166726,144.95296083795202
EK202310163657,156.63948330786968
EK202310228898,146.2389572138935
EK202310184184,140.12864183641244
EK202310125372,130.38206066304605
EK202310119495,129.59371994308697
EK202310117082,130.49589058628797
EK202310146291,145.70290051697106
EK202310241466,135.97273998179818
EK202310150849,151.21407280960955
EK202310202757,156.58612286331928
EK202310182560,147.41460775538098
EK202310112973,118.3156929725798
EK202310213514,123.74952950819709
EK202310221393,151.83229573019378
EK202310158310,153.25741721317436
EK202310140347,131.27706003523875
EK202310175551,146.261346595947
EK202310180868,137.4485667167005
EK202320006868,168.68167212609703
EK202310248257,149.09954570093524
EK202310180309,155.7110468194442
EK202310229558,134.0540008240837
EK202310115971,135.69584614195065
EK202310160935,141.3881866357074
EK202310157633,143.9938955297723
EK202310146143,138.4907171332942
EK202310186183,153.81560975715465
EK202310211422,138.40936391030007
EK202310161977,168.38812505345453
EK202320006500,174.37970657177388
EK202310150314,145.60994244917495
EK202310110846,149.85044113325887
EK202310203222,141.38872548263885
EK202310129532,129.43349744392665
EK202310129904,145.255141718127
EK202310186467,156.48640509085732
EK202310147117,154.58624266450371
EK202310116424,145.76768942222435
EK202310149442,147.30639718418018
EK202310104505,152.38774109402
EK202310121773,149.25212146916445
EK202310127109,145.29678791360905
EK202310201894,154.31268316055008
EK202310188361,146.23366362034736
EK202310193295,157.97648579187955
EK202310177870,134.2754990769188
EK202310113628,141.23315935651266
EK202310139300,141.66618389995836
EK202310142961,157.31751906839898
EK202310105639,137.27120557496877
EK202310200187,138.7960216571524
EK202310235386,142.74410500062243
EK202310201587,167.12323611329072
EK202310139029,131.64547594885718
EK202310170332,149.5663055862562
EK202310104539,147.36313426571462
EK202310221009,155.41386868256447
EK202310111917,140.65797839389413
EK202310155020,143.23471013000673
EK202310209995,146.4439147941583
EK202310201277,149.06259890419406
EK202310142737,157.5059089392475
EK202310226601,140.9888280161639
EK202310248195,140.08342993988225
EK202310181017,153.76654652397707
EK202310141427,146.81124009879107
EK202310231407,139.04815857069096
EK202310137086,139.84254469281737
EK202310125507,136.38211989787376
EK202310122987,116.07930654011626
EK202310200912,127.52909577901639
EK202310104251,130.07676408255983
EK202310195674,159.18931243171068
EK202310223438,146.99818064484367
EK202310153194,173.60418312466427
EK202310213990,147.13904985017325
EK202310162781,133.2133613751735
EK202310187211,157.4566168586294
EK202310176227,146.0407605182167
EK202310234676,125.72329315176665
EK202310125148,141.19357157797413
EK202310177679,144.1205896736796
EK202310120787,140.93088260345004
EK202310145311,144.34840763346114
EK202310122627,147.92255922234162
EK202310201377,155.20615808376382
EK202310212640,147.41399828787385
EK202310123690,122.63288860262726
EK202310111428,144.58616758847415
EK202310231233,136.31121299635595
EK202310205587,152.77726081275082
EK202310126571,139.7185246353313
EK202310145090,146.86865119127486
EK202320006877,157.23512219588142
EK202310172065,128.88441709115892
EK202310198983,131.13988704319755
EK202310169546,116.95877686308262
EK202310111317,129.1451158881909
EK202310119424,138.6036719038325
EK202310135345,164.51444981029934
EK202310118372,131.41521945727695
EK202310170295,147.99884066438588
EK202310190557,136.95369895258116
EK202310200195,130.79641758822765
EK202310131868,171.00994283470365
EK202310158562,146.4604418084912
EK202310150891,132.94392937376594
EK202310151386,159.73313013169388
EK202310243101,141.01524606779296
EK202310146970,144.05641371976097
EK202310194638,155.3417841919376
EK202310142085,118.32851166881167
EK202310155341,144.62855834125563
EK202310226663,134.20055778791638
EK202310183726,164.01895814036772
EK202310189308,157.71884379316637
EK202310198713,181.54374880879112
EK202310202117,155.63369488507607
EK202310163684,125.29101715068664
EK202310111102,139.41074049114866
EK202310127044,121.93875599603575
EK202310118453,143.36134677005262
EK202310128214,136.85201107736083
EK202310135042,175.92191779093574
EK202310126915,139.56686077757584
EK202310147166,155.11239295364365
EK202310233052,132.60218536249468
EK202310141703,126.5606268192282
EK202310164168,146.1280412425532
EK202310156751,154.0856197553412
EK202310146541,140.3397323232653
EK202310184817,173.7119147930341
EK202310195187,156.1085183429273
EK202310168677,140.77176681324477
EK202310188486,140.9516295308943
EK202310224018,165.61210205563788
EK202310172986,141.24066771129634
EK202310161060,165.64585857199884
EK202310178666,136.2844942596215
EK202310166665,136.8122860511921
EK202310141091,159.8247799306107
EK202310191127,135.57611965863848
EK202310189382,139.84586696403224
EK202310172890,148.4336499717097
EK202310171361,144.22519608901953
EK202310186346,139.49389116562793
EK202310189932,137.69014406055337
EK202310189293,166.4008067674627
EK202310171610,140.6157852007172
EK202310239231,137.93763289117945
EK202310201004,130.4975458796678
EK202310178301,161.07336891233328
EK202310246066,129.5029211891412
EK202310243993,158.40100026089894
EK202310240850,141.71922671974397
EK202310115127,143.52902628621152
EK202310232199,117.12555382969134
EK202310217063,142.13680828715226
EK202310115674,127.20900293319433
EK202310110226,134.4897616597404
EK202310181037,165.2540070721386
EK202310004136,155.97735376025918
EK202310159843,160.51629234909092
EK202310126952,128.35897531163226
EK202310230766,136.17863805218386
EK202310110797,130.32578966854905
EK202310231475,130.94409641563539
EK202310135719,149.09297945850506
EK202310145051,130.18307097451475
EK202310113543,144.79860602541427
EK202310159237,142.6293923268313
EK202310238856,132.44796490575393
EK202310121123,136.82449355556122
EK202310192625,151.63833529388558
EK202310170391,136.15148902552744
EK202310141783,143.04347055545128
EK202310117317,130.6859880733015
EK202310159443,111.4126617583639
EK202310224692,157.86985620414995
EK202310129133,145.66293558216822
EK202310118922,158.1988170091402
EK202310187333,141.0888069054698
EK202310149791,140.76691100270148
EK202310231752,142.0576173147085
EK202310130461,135.41117841595468
EK202310151790,135.9640330347922
EK202310156693,144.1384633925749
EK202310138274,172.5547973754034
EK202310217407,149.4087783510135
EK202310115388,133.03112179853156
EK202310145689,151.13905980194312
EK202310104824,133.88215237900417
EK202310247570,153.39540128632532
EK202310197035,127.07572509090122
EK202310230114,136.41068243606074
EK202310105854,145.15121313744626
EK202310187457,141.53871707372193
EK202310192506,135.75175015780187
EK202310140455,140.1167028655216
EK202310226538,132.98178699525974
EK202310175408,141.17365951320346
EK202310132765,136.12329049593907
EK202310193721,147.35655189837377
EK202310151285,162.49090679075337
EK202310178760,164.7476560223125
EK202310149663,142.46216778697632
EK202310219711,129.8620579699437
EK202310217272,160.5698108716799
EK202310238355,140.43060493169278
EK202310188659,148.8277784893585
EK202310205449,127.41985888048382
EK202310233265,160.4915614229508
EK202310109651,140.4781801317911
EK202310226933,128.05166407462588
EK202310159603,121.19626715246135
EK202310105868,148.02047237481182
EK202310171812,142.89589944920473
EK202310176259,156.88139998258634
EK202310122912,171.8838536634439
EK202310184013,165.34581369904893
EK202310179868,140.14506907177557
EK202310176252,157.46209592138771
EK202310239466,144.3432284414303
EK202310228949,128.02211374449357
EK202310169903,157.23528978471055
EK202310209528,145.72194535106306
EK202310213123,140.6777120866034
EK202310173452,127.5504258268199
EK202310230252,145.35054420472372
EK202310106835,115.23367513107064
EK202320007700,152.89374477766435
EK202310198359,125.56640209833523
EK202310180758,151.30624300892802
EK202310227440,124.98214725741902
EK202310239839,141.5484412407261
EK202310145401,133.09471228034306
EK202310131446,147.3400629228862
EK202310121079,134.77286178382332
EK202310159312,165.9505271638149
EK202310167080,146.5621829137912
EK202310110131,135.20207160084144
EK202310173862,145.39949531590773
EK202310184021,159.47863692082547
EK202310223793,148.71251283004784
EK202310190740,154.424920727055
EK202310165164,151.18458619459025
EK202310136762,138.34604919567877
EK202310187434,144.8613548986373
EK202310212919,145.6529362193339
EK202310147933,145.3882711368479
EK202310217428,132.23234172619368
EK202310163195,135.5974928750782
EK202310144020,142.2337562872587
EK202310226546,137.68544028063187
EK202310172034,135.41403488997676
EK202310113666,145.0755595815945
EK202310189588,136.51204139506976
EK202310107725,142.0222589651249
EK202310195274,146.02302149376385
EK202310180008,135.73118672334968
EK202310164031,124.62105623514607
EK202310229645,138.65754372402355
EK202310125934,138.97309499972408
EK202310218196,147.6799083914388
EK202310119725,147.55494465055463
EK202310133573,140.92377343126336
EK202310219254,162.8241273931429
EK202310105775,141.68540593762899
EK202310163730,150.9229469357869
EK202310119408,158.09580985490462
EK202310134331,141.96353392355755
EK202310138761,154.90949343255335
EK202310126020,137.09842734846447
EK202310128964,140.6548338723829
EK202310225868,150.84605122107064
EK202310217967,115.83538033370941
EK202310222323,158.299213982861
EK202310206855,139.6040164876058
EK202310152085,166.2576085976467
EK202310004023,151.71744927986327
EK202310211193,161.03455744916604
EK202310189925,141.02359088587957
EK202310152235,150.46263854093897
EK202310189056,152.14413366204343
EK202310242595,134.83231388233045
EK202310140195,146.21449362945316
EK202310181500,149.80070558838273
EK202310171216,139.67114273018905
EK202310209110,142.3739401799262
EK202310246479,132.38031407441713
EK202310194938,149.2859772406693
EK202310224895,139.83752831156232
EK202310195509,138.4009675073378
EK202310173849,112.41400896712037
EK202310116837,156.5779283948223
EK202310105574,141.25441846170193
EK202310196041,156.56794291392958
EK202310122385,141.2418983745224
EK202310193454,145.97120213421317
EK202310124125,145.53921325897352
EK202310180862,125.69353514113962
EK202310234723,143.56474747569095
EK202310126036,135.73711852295435
EK202310171137,157.95324868745675
EK202310233393,132.07517466294414
EK202310132926,135.62893019988434
EK202310160365,132.90946695042382
EK202310211274,145.32065139281863
EK202310225058,157.33830475119234
EK202310194840,148.62333023254828
EK202310216072,130.2643709093488
EK202310224888,164.89798297557257
EK202310003930,136.12120828773044
EK202310187789,166.32312079435528
EK202310237317,121.82114637098665
EK202310188643,147.23519516671027
EK202310163618,168.99580091221804
EK202310216984,146.75101621222436
EK202310243216,147.86116270856465
EK202310111010,129.02747860655703
EK202310140852,132.24338393466036
EK202310114085,143.1471141061565
EK202310123385,138.27733147912753
EK202310222159,123.85075901757092
EK202310203038,154.96748699657834
EK202320005703,166.44449966871662
EK202320006527,151.43520850643625
EK202310234277,143.05738129323763
EK202310135781,136.49780042559124
EK202310157465,142.96879121333112
EK202310178744,149.85639487886797
EK202310238253,147.2119664547956
EK202310122583,136.90325880097325
EK202310214372,135.50229971192303
EK202310174457,146.77085205888483
EK202310167149,141.31688831972897
EK202310228958,137.97428400204646
EK202310157246,150.48388878981774
EK202310148323,150.93994000336164
EK202310174823,164.78108112240363
EK202310165142,145.05004369730037
EK202310207746,138.04271745531108
EK202310245090,133.55912944367395
EK202310181612,146.27801290301755
EK202310217652,126.66110330315726
EK202310161957,139.88001675349278
EK202310116818,143.4565762356903
EK202310180631,148.32344134690138
EK202310158422,158.48634135178142
EK202310195969,159.06047468246777
EK202310226142,144.6720819126599
EK202310199652,166.83115276111462
EK202310150930,148.58530661029593
EK202310148331,144.3185687646289
EK202310189171,150.65992364162165
EK202310194950,148.96035791012105
EK202310242729,143.0134476489534
EK202310221050,131.04751769947896
EK202310105169,145.613427121033
EK202310231810,131.7529070151292
EK202310201600,158.65574857118284
EK202310173892,144.48083687908584
EK202310103909,156.33477805589968
EK202310207543,140.70243515289002
EK202310217532,132.5091569103415
EK202310131408,125.15166761196991
EK202310216303,144.78331798446942
EK202310207214,141.49387687492515
EK202310237069,150.04966485512446
EK202310130210,153.83902910141637
EK202310148179,158.86854183159912
EK202310230098,123.81774465293772
EK202310106540,130.66367755831934
EK202310247875,129.60495841864503
EK202310131197,163.52668715035242
EK202310213017,146.41888755597947
EK202310226797,144.80602985025047
EK202310124853,133.69205368367003
EK202310219648,128.5576595901735
EK202310242013,148.26136955117977
EK202310190443,131.05961308447237
EK202310142718,136.7180840786283
EK202310173178,142.9351155515674
EK202310125534,146.30205773052614
EK202310122118,138.28441634780495
EK202310151782,146.04864683069687
EK202310142165,135.44985153847048
EK202310120956,151.47266454850876
EK202310158163,155.32703525305183
EK202310110021,128.574761897392
EK202310196057,163.3068084631843
EK202310199008,148.40325627906861
EK202310003987,155.92628057949247
EK202310240352,149.26950621754463
EK202310165694,138.4939215186624
EK202310232204,141.17919470215745
EK202310125243,137.14540962516836
EK202310171212,149.0995136445121
EK202310165904,118.71953188463375
EK202310156703,132.8198203099676
EK202310161254,148.9969403455335
EK202310141589,134.495951532769
EK202310139870,152.15617825060505
EK202310003550,155.63856314318363
EK202310004721,143.9797247454855
EK202310237716,137.3594210386968
EK202310162213,141.9447063687239
EK202310231470,143.28542737285323
EK202310165710,159.5920461054047
EK202310219597,116.4597745942745
EK202310177018,146.8744959522187
EK202310113173,129.51546748546806
EK202310161177,147.30793274704217
EK202310105482,127.85858795007768
EK202310178942,149.97882516831308
EK202310105694,148.19158962778286
EK202310120998,155.3139033050541
EK202310216864,162.05202322711688
EK202310198211,153.23863957299744
EK202310118620,160.42531682917019
EK202310221238,122.3089479876551
EK202310161217,156.11935828471485
EK202310218766,128.93176446939273
EK202310128213,134.2086304265076
EK202310137523,171.5863125444491
EK202310210262,123.00266309457098
EK202310155407,133.99896173330032
EK202310156355,159.17589749380164
EK202310171504,150.34785620926854
EK202310205541,143.34565088923353
EK202310165351,142.4462400771754
EK202310247442,147.5710611562782
EK202310131239,129.7335887268251
EK202310169672,128.29968782010027
EK202310118977,144.01750834749978
EK202310235793,143.7694228956005
EK202310200392,150.39695353265475
EK202310164965,137.52801953725358
EK202310171249,146.3849507943288
EK202310106318,128.1187048304576
EK202310237266,133.6629126641724
EK202310147471,136.93498955590468
EK202310194031,135.2038659405813
EK202310192307,147.82113319586423
EK202310181117,110.63538624635143
EK202310116526,155.428815305776
EK202310194824,148.34339791816527
EK202310162842,154.01387614348997
EK202310181349,121.39194459749243
EK202310164261,156.17141206608213
EK202310131101,148.21896011801
EK202310151625,135.0397648520742
EK202310141286,152.86405145386533
EK202310241249,148.8775936532086
EK202310212872,128.59223302105357
EK202310226815,135.98375470125904
EK202310141152,148.43375019382088
EK202310235794,135.90592851597023
EK202310229993,140.9429132287674
EK202310147668,154.576213151929
EK202310164475,135.96464508257958
EK202310110039,135.87101287279603
EK202310187421,143.25728273999715
EK202310215044,156.89567055900943
EK202310105965,141.367230064551
EK202310120150,144.2823491326726
EK202310201212,154.5466200154918
EK202310127536,138.32958338153412
EK202310165403,141.02773982837584
EK202310135385,147.60458073554267
EK202310159428,158.96831510615397
EK202310214834,154.5354453741465
EK202310130931,141.64100443312037
EK202310206054,166.8904741251093
EK202310112744,139.4376058130817
EK202310242341,153.93637137826278
EK202310159100,151.56222011597373
EK202310186817,118.02909999909647
EK202310187749,139.26644636978713
EK202310246213,149.49675387089513
EK202310202813,146.22458650763917
EK202310119983,127.35964943912774
EK202310241219,153.92778922554865
EK202310195435,167.76115453102483
EK202310199454,156.45204615057617
EK202310194920,157.75662529917193
EK202310151167,124.45959752496509
EK202310204930,150.38937078927685
EK202310210621,148.57719887966527
EK202310234981,138.1102833108023
EK202310218747,152.36562600935662
EK202310125674,128.65523695157438
EK202310004025,155.12072007830562
EK202310131481,154.5290200734146
EK202310162994,139.2147099066832
EK202310232677,127.30719985176253
EK202310004278,146.76413019199106
EK202310108810,153.18938751604654
EK202310225683,141.29199058063273
EK202310115846,140.62362829396034
EK202310003668,159.51767381517544
EK202310153044,145.40745875117872
EK202310206782,162.25632855314677
EK202310198360,138.59216253441824
EK202310103708,138.30623522981568
EK202310138116,132.7954093930657
EK202310160576,135.52123192655267
EK202310183081,139.31435434600434
EK202310105137,139.4037886229471
EK202310170115,143.21543219692475
EK202310116604,159.7891189407014
EK202310236944,148.84691927140403
EK202310175444,155.9319415359785
EK202310150908,154.98060438409732
EK202310204946,129.69944708936958
EK202310139272,140.57722732760288
EK202310173841,152.65100438386054
EK202310241566,141.29215999302417
EK202310140944,162.141605885999
EK202310166702,138.73001237314395
EK202310172479,142.6466883546381
EK202310209418,134.04967695054563
EK202310165364,158.77210505931498
EK202310170685,152.29750191646326
EK202310137383,138.59776833799603
EK202310208374,125.76762139805464
EK202310124992,144.69768016295174
EK202310227242,151.5865238711776
EK202310200684,146.07960701961866
EK202310137981,144.62335435557858
EK202310183855,152.56626911824094
EK202310120432,143.68862653207506
EK202310128607,148.15413556401947
EK202310146775,136.59685391757776
EK202310175473,150.24996759253628
EK202310194578,161.2920985514007
EK202310199456,138.9346269849023
EK202310114576,145.90955325720213
EK202310232002,149.28906269487686
EK202310133113,167.62715674454628
EK202310177757,158.3670135236391
EK202310106035,137.67174617676656
EK202310161565,159.80140192028136
EK202310110506,136.8261111549662
EK202310206193,141.31698236967492
EK202310134593,173.8429951781689
EK202310157521,143.69028857264374
EK202310142924,152.08042672186969
EK202310237263,149.97205001605673
EK202310170297,168.13885498206363
EK202310106326,144.0021480685402
EK202310128380,132.1028496664814
EK202310222238,134.6025416796654
EK202310194876,151.10505932679266
EK202310228783,154.19378184682617
EK202310186905,164.07845358645866
EK202310116223,144.3030457501934
EK202310124674,135.10216731026563
EK202310164997,141.82462775403428
EK202310164834,139.96200852091596
EK202310207829,130.90868268181762
EK202310156532,178.4704102393394
EK202310129196,130.39739424540247
EK202310119383,171.8619945742315
EK202310246942,139.63659599734422
EK202310108008,145.4836006650731
EK202310209225,148.17992858306496
EK202310191622,171.08800060913373
EK202310207087,151.9760309215827
EK202310152145,151.8700302544523
EK202310130483,150.21741446256792
EK202310218772,140.42536060726448
EK202310202740,160.5865115308031
EK202310189738,135.56553253609178
EK202310150713,158.33085458138422
EK202310235780,135.1426200013823
EK202310245036,144.18459155865497
EK202310003439,115.41586076434305
EK202310231070,127.05733769273829
EK202320006731,166.43082470191828
EK202310244442,160.34624760783564
EK202310132886,126.1659972130799
EK202310147295,161.8142744272495
EK202310133587,163.226245202095
EK202310186397,146.08093541397568
EK202310123728,149.77656444074248
EK202310232420,144.19164259843052
EK202310233200,133.6865613525628
EK202310187145,144.89098163578936
EK202310238519,116.53674470161081
EK202310122640,156.11133899524958
EK202310114892,144.99824830869662
EK202310172340,139.59275302703745
EK202310109402,151.51599250897056
EK202310229865,129.47860306704158
EK202310202666,156.96706770430865
EK202310106916,147.39379850929276
EK202320005781,171.16559250521613
EK202310127666,141.7150546195227
EK202310224319,129.89707063629146
EK202310164602,150.69576837280536
EK202310118941,149.32267704455288
EK202310234012,130.9405488281872
EK202310199233,128.04231118822184
EK202310214877,149.8268772377163
EK202310179245,145.0427317106944
EK202310160250,151.8314096898006
EK202310219316,129.34171501686922
EK202310175330,141.07163824411165
EK202310156975,158.10961051765824
EK202310115055,137.1199775396227
EK202310112754,134.40803768172677
EK202310175770,152.08584517067624
EK202310218114,132.65973115501
EK202310135889,136.46340827767253
EK202310245028,137.12634244202457
EK202310104852,152.65157435271706
EK202310216044,150.6956902714109
EK202310230940,126.5588770063787
EK202310198398,154.35167124653648
EK202310152619,174.81390957065418
EK202310168477,156.5562576046086
EK202310236502,135.50251666972918
EK202310112037,145.3510752245569
EK202310159871,139.83249041592356
EK202310213645,128.4113710081614
EK202310120040,145.663129646165
EK202310183203,145.85384885441275
EK202310109200,138.47387457328392
EK202310132933,137.73741439592976
EK202310137560,135.39452138140035
EK202310177041,143.3429038465616
EK202310137910,145.2695589193201
EK202310104847,124.53965405936906
EK202310200423,133.62063113355174
EK202310187271,141.28953685388618
EK202310213803,153.82458995386077
EK202310246954,138.31304539170154
EK202310118188,130.59144022373167
EK202310134413,169.14061990673494
EK202310232546,144.52383763588517
EK202310158497,163.0517942097838
EK202320007533,154.4125654649286
EK202310174045,157.5929497037874
EK202310232493,142.3613934618662
EK202310121025,152.69620903319628
EK202310203256,154.772969519135
EK202310142445,164.99888074527377
EK202310184247,153.9744043653175
EK202310192611,135.67924141870392
EK202310119937,155.71823401669656
EK202310231831,149.74085413111663
EK202310208214,145.92482006550506
EK202310237790,122.77197622954881
EK202310187705,133.92259927140546
EK202310209139,146.14340507875764
EK202310170634,141.969309344398
EK202310146481,141.0967455844924
EK202310198380,153.06906047673928
EK202310226702,132.33607286998443
EK202310222936,137.62681683582755
EK202310197081,125.7689007861625
EK202310116985,134.5663166460269
EK202310223669,130.07996481914486
EK202310204735,140.26037173808305
EK202310184616,142.4858400454619
EK202310148138,148.62918978374736
EK202310134199,152.81766338603347
EK202310149246,132.14833328178847
EK202310237457,144.8323486902436
EK202310160240,158.00460955707675
EK202310177402,162.15556303174992
EK202310231985,127.45071730985961
EK202310171409,139.8411636212662
EK202310176316,151.0959488556619
EK202310164869,143.00210617265483
EK202310134160,129.40409527427857
EK202310213361,137.972396918368
EK202310204421,139.59109451106178
EK202310209884,145.28625075493687
EK202310136308,150.63127054597217
EK202310242777,129.41712245717994
EK202310193657,138.7227884924094
EK202310188052,161.47244440772482
EK202310147057,132.48853915868796
EK202310153768,139.44214460337852
EK202310144579,139.42469043273337
EK202310198362,147.11524460014886
EK202310105880,177.85714206128097
EK202310171799,146.14869233620541
EK202310120109,139.6435993060059
EK202310216065,139.0748922903413
EK202310170495,150.16487740841941
EK202310125667,164.62101230782412
EK202310105906,138.056705686757
EK202310003424,155.4858841973482
EK202310195264,132.1666352080676
EK202310130646,127.42479837235513
EK202310115346,146.79172226305965
EK202310106003,128.68682516761027
EK202310193189,163.15097714994639
EK202310120005,137.17876637772724
EK202310225659,144.67743513050667
EK202310187329,162.27221054008538
EK202310234854,143.01782712685056
EK202310245195,144.67410779384798
EK202310245177,125.54709744995984
EK202310229481,140.23398114371724
EK202310218683,139.2674711494094
EK202310232957,140.2604601303377
EK202310244525,133.2074078343664
EK202310238364,135.4213130358807
EK202310233731,131.12851772877664
EK202310114718,144.38733275124355
EK202310152186,177.41625903900442
EK202310217521,140.33009966455302
EK202310183796,158.33502738999044
EK202310218461,123.94654743137664
EK202310113523,138.21842891670966
EK202310149413,167.958510804988
EK202310115324,147.45689925622213
EK202310104367,153.55826781365923
EK202310124772,131.11749337697972
EK202310195448,134.79246201393622
EK202310211731,123.60466483467856
EK202310162193,135.71355445377776
EK202310187308,148.22370881710896
EK202310129859,149.68884552770868
EK202310170962,156.618152524201
EK202310235749,131.28933364954443
EK202320007870,169.1795472814173
EK202310154838,164.94447470848104
EK202310206242,149.9735362226642
EK202310209717,141.71758252566372
EK202310247573,152.01591652400856
EK202310113989,128.4753374659572
EK202310152196,151.4772827395237
EK202310183083,139.92566982259862
EK202310234475,140.9503013302411
EK202310234459,134.33864379462688
EK202310106650,174.06186136078472
EK202310117634,135.65656664319104
EK202310128279,138.2463071176103
EK202310158721,146.83874247041592
EK202310234607,144.71517419813895
EK202310149804,146.67583214794738
EK202310242352,134.57343863821413
EK202310126148,150.78930238299276
EK202310165882,125.01535632714001
EK202310137378,154.22906831301248
EK202310112801,145.9877857512605
EK202310119995,126.4266961697318
EK202310123123,140.03919883983394
EK202310190387,151.01300307272143
EK202310226519,137.4789432424739
EK202310129375,129.65213870371286
EK202310245192,138.54352939602933
EK202310215168,142.54618843846094
EK202310137434,144.08350370864045
EK202310194720,143.59656150641402
EK202310201666,168.34434829825932
EK202310193830,160.06721312103744
EK202310178910,148.52330964170372
EK202310110446,130.84673479311937
EK202310166237,120.0575019608027
EK202310180109,160.73328939355142
EK202310146375,151.50267006908683
EK202310227332,127.94383181341635
EK202310241765,150.61579367103602
EK202310229368,112.88244764165222
EK202310135373,145.5375031966282
EK202310169663,156.97644916213181
EK202310236365,123.25963065962623
EK202310182601,125.96012322008826
EK202310144591,132.3064776279409
EK202310203065,148.75668811009368
EK202310185758,131.9783989973965
EK202310105204,147.34408656070786
EK202310150175,137.8648736718314
EK202310172599,130.711791029612
EK202310145266,156.01719282477904
EK202310004647,154.94023633244956
EK202310242466,152.99696705410653
EK202310167834,140.77875353727222
EK202310225932,119.07004475618118
EK202310132329,126.89888863313288
EK202310123888,151.47182832440333
EK202310208707,163.2185164514395
EK202310201294,152.69708035800966
EK202310233641,142.119358485915
EK202310140113,145.03706222695055
EK202310218544,150.58030872072837
EK202310219472,139.1239683916156
EK202310143848,148.52601749478427
EK202310134434,136.95109181092414
EK202310236630,134.37504759978714
EK202310198379,131.99201566791984
EK202310222797,140.2144035773033
EK202310248842,141.90417653073862
EK202310132974,134.6252021529073
EK202310235130,142.26828278136082
EK202310238228,147.28419445888483
EK202310226782,150.199367840169
EK202310210339,134.09857076207606
EK202310189790,139.23677480498773
EK202310187315,151.92774755774605
EK202310171801,126.95200697563529
EK202310123573,143.65078004746593
EK202310172773,139.03444683337236
EK202310139716,150.37056785254228
EK202310110431,137.86948345362188
EK202310189055,136.46319235788374
EK202310124983,140.00783923258743
EK202310190155,137.889216191401
EK202310238929,154.14099783325221
EK202310180436,136.57262599012006
EK202310230021,148.35631909980242
EK202310181912,149.61949481778458
EK202310178377,153.22003089074684
EK202310145374,119.19263794221766
EK202310126596,126.60251044480593
EK202310225731,136.4962063862165
EK202310138678,153.06285791883664
EK202310172372,137.6417767138771
EK202310116119,134.1897417765895
EK202310167609,155.83921645695693
EK202310244078,149.71244761776532
EK202310217427,129.41138064394008
EK202310182904,135.73910197024992
EK202310208329,161.0273178486659
EK202310189009,153.281536981946
EK202310114945,138.04811514746856
EK202310139882,142.42797167124215
EK202310206869,152.83821263150466
EK202310192874,148.62314105951663
EK202310216134,143.49876589289843
EK202310203212,132.38173979742032
EK202310156888,149.53159792097972
EK202310182240,141.15304042464015
EK202310141092,170.81857865000092
EK202310124359,133.36338052788034
EK202310152947,144.42201035235342
EK202310114595,132.82058735547463
EK202310146656,126.42332663470772
EK202310223051,130.78058093973644
EK202310134381,129.15057727313348
EK202310208234,142.75861421883826
EK202310169332,168.27219828363826
EK202310103907,155.2546293121897
EK202310143678,154.6472247937536
EK202310114762,126.5879879133104
EK202310120679,149.6397622461691
EK202310153376,156.08047467149544
EK202310207113,145.0542099906975
EK202310229661,114.25158710808435
EK202310219333,155.16479673823363
EK202310131040,143.35066006885603
EK202310120192,129.49444268342165
EK202310114032,140.3305853948082
EK202310178367,158.05592898283916
EK202310195835,157.33949892212047
EK202310154385,132.19571485333324
EK202310215393,156.9235070579216
EK202310107773,140.5767463463048
EK202310164250,149.63570385161717
EK202310158284,156.6490430775067
EK202310181120,147.5843904714975
EK202320007585,142.05315876994695
EK202310182248,159.24967566034945
EK202310178445,155.87454052620754
EK202310151607,154.01938168132318
EK202310114270,123.91247919783376
EK202310237697,128.25336253306037
EK202310141166,137.68365094187047
EK202310153773,144.42880046461977
EK202310129425,151.62111615950204
EK202310114483,146.54260358674165
EK202310235872,130.22475128180065
EK202310140448,137.08292939586872
EK202310140940,162.22712858676692
EK202310173832,131.3610688986774
EK202310131844,155.19630701629202
EK202310236956,127.76202526797421
EK202310166354,147.74702148056622
EK202310122182,147.2878789691675
EK202310212213,148.06118217295727
EK202310165400,160.22147252286385
EK202310148714,139.5935601261411
EK202310126880,142.6425255264587
EK202310191702,147.16879357874697
EK202310161903,140.23791102678234
EK202310223034,127.35685526460031
EK202310188051,167.9279647788345
EK202310205595,154.30003361553753
EK202310171306,142.54199669568212
EK202310246135,140.6145250014645
EK202310210097,162.47389293860925
EK202310191192,146.25696420751194
EK202310216619,147.71420596827306
EK202310153794,160.5499774994098
EK202310122914,168.80882316905942
EK202310122058,144.40106042009813
EK202310138004,131.1001921299394
EK202310221367,165.68483377792506
EK202310158770,136.9209585702292
EK202310145695,152.97796197011164
EK202310125582,122.86478121518023
EK202310136243,136.3120159082287
EK202310194117,128.5665185755822
EK202310107078,137.8590157217812
EK202310190139,150.7094475277737
EK202310156770,160.9616027481357
EK202310178929,151.1200458801865
EK202310164953,149.65527151613355
EK202310118034,132.47291853806934
EK202310227978,137.44566487215144
EK202310144597,138.76721832958881
EK202310176112,159.21080208540755
EK202310162357,139.92879301052488
EK202310176897,149.18065595900177
EK202310134145,143.7583205894066
EK202310129907,138.42015125464147
EK202310229306,150.9948796671411
EK202310198497,136.3334215930746
EK202310163561,138.81943149455967
EK202310221369,151.83607069843933
EK202310176645,139.32057162281535
EK202310157146,161.69837624290767
EK202310120273,155.1972355664852
EK202310192592,139.6375904407813
EK202310169221,154.72171667353592
EK202310191453,141.54758821451068
EK202310131848,139.10974450905104
EK202310127626,153.4354165030124
EK202310213244,144.02994015877283
EK202310137030,134.5668458305923
EK202310146412,131.74856010704596
EK202310173918,161.2330471059785
EK202310161898,169.4379531087382
EK202310106892,151.75945133973315
EK202310110349,141.97077027860593
EK202310209540,136.17768614980847
EK202310191336,140.12169557980224
EK202310114498,132.53471775559387
EK202310181006,169.56859102601948
EK202310212668,133.3638235898613
EK202310158230,147.55961152680786
EK202310004318,122.96978666347907
EK202310247144,146.58189945154484
EK202310107710,151.0588913498942
EK202310228147,135.70982153689025
EK202310143106,151.5715224282138
EK202310167345,135.94810502955474
EK202310208077,129.79979718405627
EK202320006983,153.54136215974577
EK202310243790,132.96908372472475
EK202310126443,137.39998832459196
EK202310245699,128.27458695785714
EK202310194114,144.76028541078972
EK202310195998,158.80911467099946
EK202310198935,143.5902214151444
EK202310164465,148.66868848113683
EK202310181559,136.53595105513762
EK202310194595,164.817022797073
EK202310158381,148.25406983555175
EK202310155757,134.35608462819857
EK202310180220,159.90031957802938
EK202310179540,144.81452923685993
EK202310161312,139.10731048284916
EK202310185555,144.66626233243525
EK202310186696,139.76298739737246
EK202310161004,135.62798595732386
EK202310124318,133.286147595104
EK202310162537,165.13589833153873
EK202310246753,129.36715840150694
EK202310225958,117.7907661423784
EK202310186853,150.57283216216084
EK202310171921,160.06288669370906
EK202310114970,127.79368698902624
EK202310215111,155.61719748477032
EK202310211062,145.94579696635788
EK202310189772,165.22205870538357
EK202310136766,151.17742271937232
EK202310126300,142.72708495487723
EK202310221810,148.06768240275886
EK202310204369,142.67671783716537
EK202310169470,159.49505971015816
EK202310189339,152.63501218554643
EK202310190063,153.2655697816871
EK202310220996,107.72663839811648
EK202310164885,134.7364703747912
EK202310191557,154.45509650419896
EK202310210576,129.700361937208
EK202320006385,157.70095430432337
EK202310192386,151.29327913065427
EK202310129301,142.11747560705032
EK202310212266,134.6215119156074
EK202310248678,131.74477136532855
EK202310121007,148.07210745305665
EK202310158409,149.81101393882523
EK202310230262,168.4543890410079
EK202310105099,147.55563552506817
EK202310225197,131.9656134590512
EK202310141113,144.3327140035324
EK202310112350,122.86797512972936
EK202310220805,131.16978973108786
EK202310220038,134.68466603096667
EK202310153113,165.19732906244985
EK202320006647,164.61982586494275
EK202310145953,153.67096234372173
EK202310209351,135.92819175448577
EK202310202126,140.5070282028016
EK202310191102,144.51073815084288
EK202310127097,159.38729361737376
EK202310126540,126.03335253563098
EK202310202419,147.4306086034589
EK202310116857,128.3766541902436
EK202320006346,164.2247650837644
EK202310216539,159.4167802951825
EK202310224958,138.05622087763325
EK202310222877,144.9554092884692
EK202310104924,158.18539534736777
EK202310230930,132.71315625707712
EK202310176678,155.21725163128949
EK202310144934,138.74287317315682
EK202310148649,140.19345040298245
EK202310168500,162.09161884030658
EK202310150427,128.5928996731381
EK202310205648,141.8488613745983
EK202310159787,133.39048779205123
EK202310131529,148.8408822382348
EK202310173679,135.3070006917456
EK202310216340,128.8283633825279
EK202310113807,146.78521779450858
EK202310189797,139.0943804199421
EK202310172848,131.12017741018312
EK202320007206,146.7938819730234
EK202310183124,137.60211708056934
EK202310202871,143.89987631982342
EK202310195901,135.94551912730626
EK202310108242,138.5167612143317
EK202310209662,132.67102023707562
EK202310186506,148.98603188452276
EK202310241427,133.8791667315582
EK202310104646,155.98883726534032
EK202310110500,149.70870081628462
EK202310140229,117.45197998348274
EK202310197951,133.0547467375837
EK202310204251,121.2999404872812
EK202310218413,139.20442441654447
EK202310111117,152.7187343534372
EK202310153521,151.35534964445083
EK202310163012,158.28929865320777
EK202310238189,156.34145991131564
EK202310139597,148.66417882981767
EK202310239588,138.3509514128782
EK202310197135,142.67809810201413
EK202310105473,148.21420704020596
EK202310142438,155.6111968253872
EK202310238026,146.99603264111173
EK202310194838,157.33869420872807
EK202310218361,138.07390980002026
EK202310192741,148.91320918254343
EK202310193265,150.85966228630815
EK202310216986,134.84032468933393
EK202310230537,148.6529047570084
EK202310119794,140.52437418861362
EK202310170043,133.51157298725118
EK202310108833,144.6461663520936
EK202310161240,148.6382888648621
EK202310234010,144.5763658967983
EK202310109182,133.40631915917302
EK202310230972,129.263981887121
EK202310149335,154.588326514615
EK202310107970,153.80446857795806
EK202310149458,147.7950782259361
EK202310144815,132.38180626395103
EK202310155738,151.7122286448077
EK202310204043,140.76456363622088
EK202310150762,136.50932860289115
EK202310177738,140.42779505417013
EK202310156587,141.3668366054959
EK202310157016,147.73007521872967
EK202310206235,136.9337146821988
EK202310220646,135.75053737679048
EK202310173733,154.27409149965337
EK202310245161,145.94185612811668
EK202310246615,150.4369806866774
EK202310107283,160.14285992944716
EK202310172948,131.47920361090286
EK202310223104,140.58180533150946
EK202310137920,135.67855866886924
EK202310237485,143.08250877065996
EK202310185339,136.42303955262685
EK202310150373,144.3498043414388
EK202310181031,136.02197936700006
EK202310246036,141.8712306405152
EK202310211321,132.97008125741286
EK202310166021,145.99697299460567
EK202310104995,139.29844492374275
EK202310154804,140.0016174657592
EK202310207957,128.45877183582857
EK202310115976,137.12477107351464
EK202310146527,154.44005902630087
EK202310241764,151.7715119986005
EK202310242749,150.59168684077093
EK202310174079,136.80056868243238
EK202310246052,128.88692565471388
EK202310224322,130.04234065564316
EK202310136529,137.45826240767752
EK202320005962,172.58158619153855
EK202310220450,148.34025334033151
EK202310212212,144.5830986194369
EK202310153182,159.22542416115007
EK202310105480,132.8285114604903
EK202310125339,133.12666876654728
EK202310237988,158.3947662357619
EK202310159218,140.24188614371093
EK202310178861,140.25422992362766
EK202310146447,132.6182548594048
EK202310242533,125.92860385805619
EK202310239148,148.9597345295917
EK202310206069,161.51466671502183
EK202310209438,145.66796688634054
EK202310203458,147.01094827138397
EK202310139769,138.92947545327263
EK202310192295,155.5788543852896
EK202310213849,154.5552591796555
EK202310117386,141.7896806793276
EK202310148126,140.76825948677967
EK202310141622,150.35381684623184
EK202310203974,155.6470670450744
EK202310124862,142.50452387626532
EK202310238082,139.98963283174768
EK202310131352,137.70058895745404
EK202310123750,155.7788246201836
EK202310165127,131.8265526758142
EK202310166390,162.92047854341553
EK202310245131,141.07521162266823
EK202310191228,151.287307234523
EK202310218338,133.49946383967392
EK202310229880,133.0357232931841
EK202310139618,152.90881551125014
EK202310166418,106.53344853569214
EK202310114847,142.17516531583436
EK202310129128,130.83674254461644
EK202310129085,137.52505980907944
EK202310208641,156.65417643178785
EK202310241385,152.3627784646386
EK202310231427,139.43948093905504
EK202310183819,141.62229355375746
EK202310103894,146.0323764353101
EK202310115562,140.2375746273368
EK202310153110,158.16878554106717
EK202310107637,137.36018763066014
EK202310003429,139.05362702605248
EK202310141699,144.59425022970356
EK202310200793,134.37336478042477
EK202310107984,168.17971078923694
EK202310113752,135.9755784434943
EK202310136157,133.3037787296313
EK202310207954,142.54904232781328
EK202310135579,148.22747921282632
EK202310166104,140.59264474364312
EK202310127366,153.31139704086877
EK202310121696,144.08158825211103
EK202310138993,138.98042068625517
EK202310207033,146.33986891549975
EK202310122660,140.4422499627091
EK202310132081,153.17050463501394
EK202310198420,139.17734054539616
EK202310144336,150.81639789676007
EK202310238656,157.47322815599614
EK202310230161,138.90275559098947
EK202310202206,147.5546273748012
EK202310213571,131.85972646342572
EK202310203092,156.134704848382
EK202310194418,165.29403595278166
EK202310128430,156.334636493057
EK202310225153,149.96260045678258
EK202310160344,130.8064228469001
EK202310130554,118.8101953773932
EK202310165569,178.7446679886673
EK202310199349,143.1837682081158
EK202310129160,168.68949483173196
EK202310169725,162.01531981325036
EK202310160348,151.7464873674236
EK202310126901,117.3814112723505
EK202310199923,146.63684901228615
EK202310214691,131.5798280861492
EK202310202989,160.17792466544563
EK202310117244,141.0911321991072
EK202310162223,136.96862503084904
EK202310178451,171.90606527351457
EK202310233563,135.19180449208423
EK202310109378,161.51502845983268
EK202310177478,146.85124900365167
EK202310109053,132.05224758845384
EK202310125187,144.47038235765314
EK202320005814,156.2720621009825
EK202310211630,138.42373444344494
EK202310156552,162.45275285692398
EK202310148023,156.37225526373612
EK202310166593,141.6209270920627
EK202310215548,143.48770336563976
EK202310111952,146.76442736364228
EK202310187710,138.41301491448465
EK202310157541,150.29369511952856
EK202310171275,152.98028150644654
EK202310113025,128.9477007187888
EK202310197258,152.53355096414305
EK202310112846,140.33371526546682
EK202310127206,137.39120555956512
EK202310115243,132.3201876449872
EK202310124158,135.30355915326712
EK202310145344,150.76836924409764
EK202310115574,137.69192179387633
EK202310157721,153.8818621332364
EK202310122313,133.80317785748204
EK202310139139,160.30827021628377
EK202310225769,137.0788959199523
EK202310238365,116.26483938941882
EK202310237637,135.7876276555568
EK202310109616,150.27870033699503
EK202310133259,134.94966400954618
EK202310228157,150.57248284800565
EK202310198466,148.09869286055613
EK202310106809,142.44786403314083
EK202310165950,154.75618781992034
EK202310128641,149.82316203578506
EK202310148916,139.83734315040897
EK202310114147,142.09843743975614
EK202310232304,134.14918785010394
EK202310188415,131.23707481668316
EK202310232540,143.20705837420806
EK202310207576,151.72288278875385
EK202310231963,140.6763813317397
EK202310229805,139.94138967230703
EK202310161625,147.0636696211342
EK202310223364,134.14637363489337
EK202310145207,168.60954771786487
EK202310154942,147.39587055175426
EK202310177414,161.13061224112374
EK202310151135,159.0537798255197
EK202320005867,151.5810024279515
EK202310199483,150.32000535868363
EK202310193069,138.40869035291968
EK202310231001,123.18368720282861
EK202310153397,129.77695536963185
EK202320006411,150.0547484531889
EK202310178129,131.8957908255146
EK202310158178,143.05079570716865
EK202320006728,161.19914116281782
EK202310168603,147.11271487634693
EK202310188957,146.16060235360553
EK202310134962,159.07313085811367
EK202320006232,166.34078309045884
EK202310216197,144.23764288479947
EK202310205473,129.47808867974447
EK202310177138,138.21165522218524
EK202310003578,147.05994451343335
EK202310125915,142.31551423971274
EK202310163847,149.38755208592562
EK202310175723,138.48632830957683
EK202310167304,138.82183315592778
EK202310231580,125.0577590949018
EK202310224672,119.37138952775135
EK202310231849,169.11386912468964
EK202310118283,143.0118288389196
EK202310108021,135.5734969753916
EK202310244191,153.3964734003762
EK202310176446,152.49104814737092
EK202310153144,166.217558309176
EK202310192762,155.19719364794773
EK202310155944,137.6622602116051
EK202310122042,138.09049140988466
EK202310139279,139.36059749842843
EK202310124333,132.87645933135286
EK202310222309,135.79749413410443
EK202310237489,136.02488896334933
EK202310225285,141.79856686123142
EK202310205925,146.08603553681195
EK202310146849,135.43861967932787
EK202310155584,142.66558116451844
EK202310127840,147.31051893106374
EK202310159012,130.01113388609798
EK202310171367,146.61664444486019
EK202310179659,143.6590762611444
EK202310147533,147.51747015317764
EK202310134101,129.83858539239088
EK202310167244,142.75348319520242
EK202310134522,147.83960701161436
EK202310188890,155.52525449464684
EK202310152081,168.0148477395755
EK202310168749,159.1092326915884
EK202310185345,142.5676402876616
EK202310212863,146.0438245616798
EK202310104615,131.18139390981804
EK202310188714,140.48238098548475
EK202310148084,142.61720791185198
EK202310211875,147.76685180044828
EK202310134441,156.57558917008842
EK202310187368,148.3704432432257
EK202310142139,135.1929531720733
EK202310216736,156.69475895722402
EK202310148523,135.27495455427098
EK202310177638,143.08604965301004
EK202310191439,147.871086167679
EK202310184957,165.370090484002
EK202310229730,135.61207013846507
EK202310171653,146.22527491973463
EK202310119614,134.33523572064485
EK202310193277,144.66833992793804
EK202310221106,141.6301534662372
EK202310196517,148.80764685032483
EK202310186815,145.21577334642177
EK202310118791,145.2807931724112
EK202310236202,141.82456098916012
EK202310121642,139.1060781348827
EK202310228637,136.3742718921481
EK202310171042,154.5553187732484
EK202310218012,137.14668651038852
EK202310238955,139.20180495872592
EK202310169993,157.85678080452243
EK202310227859,138.37986960817892
EK202310175628,140.10054128952473
EK202310225536,125.93142735972627
EK202310194964,160.15061434444658
EK202310170946,123.89094980070668
EK202310201972,131.7704062114625
EK202310204049,144.45565094435392
EK202310238497,147.13921895410638
EK202310231256,135.63947218164492
EK202310231579,135.19034351670643
EK202310174311,136.76123965205585
EK202310192651,139.22953778841014
EK202310114496,146.70936826915099
EK202310230770,120.0177458199789
EK202310242388,148.13328551339632
EK202310114424,137.39432633803284
EK202310166798,150.43143128856602
EK202310246359,130.220228121159
EK202310165038,135.03893922293608
EK202310197955,137.00294819953504
EK202310121307,168.0484059014465
EK202310151932,147.96783673856805
EK202310242488,136.49867752944863
EK202310105346,157.27621811690028
EK202310133118,143.33164325669324
EK202310125218,133.0352456770004
EK202310104440,137.74269401054312
EK202310238581,163.52447663588737
EK202310128830,134.22695738726637
EK202310111289,128.8619600740905
EK202310218154,141.75819365989867
EK202310184481,151.68902924181572
EK202310151857,147.73300490934318
EK202310107393,146.36869106230404
EK202310150289,145.21745781191322
EK202310113235,146.06429434261779
EK202310154628,160.9431953918158
EK202310183234,148.40118011281135
EK202310193060,142.1726964106037
EK202310142940,138.6257193492219
EK202310177291,153.17278926799904
EK202310214941,152.70851536873326
EK202310123810,155.1980423896662
EK202310234861,132.49936213568802
EK202310166088,156.97591613690156
EK202310175230,125.37322708912795
EK202310173351,149.79030695917808
EK202310246599,144.7466518917241
EK202310121468,132.00115090042775
EK202310115870,127.5317125689202
EK202310122689,139.84933186555665
EK202310104457,139.16967837310386
EK202310239958,148.88340554884374
EK202310108834,132.9747623764242
EK202310242150,149.14703588068807
EK202310127460,146.54146973729573
EK202310150161,132.65216009972255
EK202310220593,143.7772083225485
EK202310208892,152.61553755443006
EK202310116640,149.12494962756364
EK202310228102,130.4366510364182
EK202310178599,136.2498924795873
EK202310211615,138.15915240153097
EK202310208762,145.63929906361258
EK202310118517,145.3720098732483
EK202310187114,138.2557491536284
EK202310119172,145.90981251609642
EK202310131645,161.74223030290318
EK202310106254,138.3798002903273
EK202310132336,124.33914297231495
EK202310226404,148.92853387076798
EK202310196510,137.52757278791873
EK202310116508,140.06302042622661
EK202310188534,146.40061470324312
EK202310177793,127.21349714785315
EK202310206591,140.01202809855366
EK202310192097,141.79321927125704
EK202310119525,143.0178052776474
EK202310168918,147.65721278760336
EK202310004052,151.7026659747083
EK202310155004,124.62456624473563
EK202310113224,134.75419318776235
EK202310168827,147.77540310508684
EK202310151452,139.14720367547432
EK202310233171,148.27998891451472
EK202310189316,122.69973290703477
EK202310165015,128.0439619151215
EK202310191520,127.13107802177005
EK202310154021,136.84005031574415
EK202310142035,137.76418191450762
EK202310136677,142.1240864241839
EK202310193692,151.11223910477662
EK202310217638,109.8497346980025
EK202310152626,154.77192117328318
EK202310130527,144.74875777938786
EK202310219621,122.27060807625791
EK202310117231,136.36549866589567
EK202310184541,167.69949000459061
EK202310123337,142.1405842508115
EK202310004825,154.62807865212764
EK202310004105,130.8007231658306
EK202310222141,138.52911033793063
EK202310223687,119.67229457169651
EK202310004753,125.03129520214085
EK202310138231,134.42940768406544
EK202310230297,171.7725924050438
EK202310123109,137.35563554421057
EK202310118394,140.123275488244
EK202310236285,139.39704316736942
EK202310142984,143.1044171389268
EK202310228922,135.6894470128959
EK202310180656,162.85799994919319
EK202310198343,136.7791314253421
EK202310213613,132.93333492512687
EK202310143759,141.0584943168762
EK202310243098,140.01333409330044
EK202310140826,151.77724519973273
EK202310219432,128.87713214036089
EK202310235984,137.90476828617298
EK202310112132,148.90744924894395
EK202310207139,175.67989330310536
EK202310123515,129.09800028957278
EK202310147539,135.8698560939128
EK202310201614,145.4833117536258
EK202310242651,133.31103600671102
EK202310116831,137.9265498079876
EK202310142528,157.5665538744343
EK202310158275,123.48871407482555
EK202310119240,138.38158004133325
EK202310189798,141.60050228134799
EK202310140182,136.63369833254234
EK202310104020,126.74530883278325
EK202310144562,163.8053132885909
EK202310211897,139.26416294027754
EK202310209649,140.65677705468283
EK202310224584,140.79670282817327
EK202310149915,170.24301762542441
EK202310205659,140.86524122484084
EK202310150345,144.59665109170217
EK202310228952,136.16922733584752
EK202310126648,136.00563717220524
EK202310243579,130.86733983232253
EK202310164006,139.69779946187126
EK202310108668,142.76498957014724
EK202310137775,140.47166796519565
EK202310233150,136.01032730705708
EK202310152386,148.2306506128552
EK202310166882,132.39396984158873
EK202310231895,138.0026731405728
EK202310170539,144.78669543185796
EK202310115226,134.66764902844238
EK202310214376,155.11890284261847
EK202310137712,128.29128034046562
EK202310186209,137.33444720089523
EK202310205015,140.95595943228315
EK202310106040,122.83408076934651
EK202310170557,152.94773124464052
EK202310201318,149.80703030617514
EK202310230025,133.59556998514628
EK202310112264,147.68712137829152
EK202310187559,158.7364060231791
EK202310126729,144.22383616590423
EK202310208910,140.24245585870457
EK202310131942,129.48918225894863
EK202310154020,142.94965555871633
EK202310245865,144.39667661061083
EK202310192165,153.46335667567092
EK202310172699,134.67164385483022
EK202310157236,154.45965813610607
EK202310131791,153.9044500935034
EK202310200367,149.807477046152
EK202310152638,151.68021401305595
EK202310229854,138.90538197790855
EK202310176423,145.5440797410927
EK202310229737,130.73655108868536
EK202310203806,127.90407690614818
EK202310115409,129.25131294872202
EK202310118234,138.6546331828489
EK202310140636,173.87868452753648
EK202310240942,130.95492414270498
EK202310197687,151.27292874926496
EK202310124485,136.5464488949037
EK202310144257,155.4510781381622
EK202310218871,140.6672676447365
EK202310210772,132.40796767801652
EK202310195971,162.7227297110348
EK202310135577,139.54535207151764
EK202310203323,146.96568483538226
EK202310128855,116.86057211155774
EK202310209533,143.75396462525612
EK202310174860,153.77115749641857
EK202310132988,135.93702837165907
EK202310210555,132.77372645858026
EK202310229724,143.2806824151884
EK202310159406,155.47006987319082
EK202310206212,134.5185290252836
EK202310105258,140.50484831680524
EK202310197230,161.50069737488852
EK202310146776,132.39380504522848
EK202310171620,119.15071370415745
EK202310241357,137.88983420605192
EK202310138908,140.67147165857077
EK202310144141,164.60175660939515
EK202310183530,153.6442367478782
EK202310241996,137.00036941745532
EK202310143198,142.09568414448256
EK202310240754,138.69430549707397
EK202310120793,151.73837089433607
EK202310152995,156.10179958567738
EK202310168076,140.11256414019334
EK202310194434,159.79849231849548
EK202310231667,142.24579026775282
EK202310117230,144.54580745786853
EK202310188291,140.28061095261685
EK202310149424,160.20829769665514
EK202310128832,142.49640596688226
EK202310196168,172.9981362766427
EK202310197883,155.47236880532688
EK202310138276,164.33418779669861
EK202310170757,123.2290597701606
EK202310191340,141.18335908538208
EK202310145811,141.61967649984913
EK202310227194,139.93285482491407
EK202310111485,137.02581563194462
EK202310157083,162.48797610082931
EK202310171852,145.7260467726988
EK202310207366,127.84818483961199
EK202310145654,145.56564749313517
EK202310108850,144.98296709243834
EK202310231758,141.28523274072035
EK202310144301,145.8041046483815
EK202310201304,134.85001692998088
EK202310178159,125.75615650478302
EK202310239482,152.24045495496125
EK202310144262,146.00064638054974
EK202310143929,128.14501636291806
EK202310235952,127.03339882488737
EK202310183241,147.3877655102203
EK202310189101,162.64005460179044
EK202310171584,126.56913758165628
EK202310131328,133.9702637430466
EK202310226641,131.9097306397155
EK202310166552,140.15218157929678
EK202310196910,149.17519996615843
EK202310166692,132.07248236332975
EK202310184651,170.17558769539272
EK202310194347,134.45534188922696
EK202310208716,136.8200531915463
EK202310187760,145.38534825738202
EK202310243524,153.81688638996425
EK202310155787,141.16586508788868
EK202310114204,157.34531609118696
EK202310160396,154.34029518662987
EK202310172512,168.26316033758275
EK202310157332,142.3702642681602
EK202310209704,131.05128378042784
EK202310154943,147.18030525659802
EK202310189036,149.3494940714872
EK202310133173,133.0728888481516
EK202310130199,175.33263928007585
EK202310182622,148.62657640042832
EK202310167778,157.44816121366102
EK202310163301,135.01440720207998
EK202310184220,126.16052186064718
EK202310172679,147.00508136115536
EK202310171532,141.75352146042817
EK202310200942,143.67732577814553
EK202310141847,159.4809204637858
EK202310122343,142.51798940761185
EK202310174760,149.85977271221572
EK202310225953,138.8516423142033
EK202310159867,144.12786515469415
EK202310174529,150.7600207668309
EK202310239197,132.23005141746052
EK202310142275,144.63664241100204
EK202310235069,131.37423747472343
EK202310173910,148.19437104079688
EK202310155908,158.5718483610778
EK202310221001,134.19686254915433
EK202310113086,129.02586309806782
EK202310200755,158.085441473421
EK202310152545,161.51976696886098
EK202310185434,153.37995159900356
EK202310110043,129.85211309595348
EK202310116474,144.92377198136876
EK202310203902,144.58204858298473
EK202310157771,156.54395934883328
EK202310209652,148.40297751361922
EK202310115313,131.94140879647838
EK202310149967,140.77286165649042
EK202310226488,138.54286517408096
EK202310004820,136.29822166336345
EK202310240136,149.1955610256933
EK202310201496,151.01606105425248
EK202310224644,142.69121819015282
EK202310168634,140.9496691443014
EK202310120438,133.32739296086498
EK202310104992,125.16317061056243
EK202310152772,141.56057939202606
EK202310189045,139.64788223987128
EK202310180854,142.63796923006493
EK202310162939,157.2782672576015
EK202310202787,147.37030236819436
EK202310132425,117.15032106175289
EK202310106638,142.11542316337824
EK202310130488,151.04537581656726
EK202310216320,148.45634793062595
EK202310174034,158.72033677999067
EK202310167069,152.78330870131785
EK202310119791,137.61347535426012
EK202310191561,150.6847607576083
EK202310141924,146.9947175132794
EK202310155116,149.03769257792163
EK202310194530,150.9156148043761
EK202310148342,148.36258976894865
EK202310115218,129.83244640615376
EK202310208496,132.78447381824597
EK202310242665,144.7520081094467
EK202310247657,139.93158536081629
EK202310228469,133.60139569487808
EK202310233886,148.8103868697006
EK202310169400,159.3652298789646
EK202310161344,166.95810595934768
EK202310236712,129.45117582995977
EK202310118866,144.2071770574776
EK202310221584,149.90910608233276
EK202310107825,150.03188772680346
EK202310110196,152.90060625304164
EK202310159979,136.703962156539
EK202310195875,143.44466045127785
EK202310163166,147.79657028663829
EK202310206462,131.41711245902206
EK202310109481,128.32010688440982
EK202310245477,125.65803069717614
EK202310129738,168.59824723748676
EK202320005730,167.50018379145928
EK202310104244,167.6670403778106
EK202310227658,121.39627077725231
EK202310227290,164.13826042565836
EK202310201250,148.79013056150643
EK202310170654,148.11831263564778
EK202310225211,151.98480710087813
EK202310181404,137.91383010664103
EK202310175856,143.85402762094833
EK202310167250,144.8556143399574
EK202310225198,128.64890635268083
EK202310247108,146.64407405865433
EK202310228244,142.0348279156749
EK202310206266,141.7616782029369
EK202310215876,121.49404742279732
EK202310130596,137.623004080793
EK202310224249,126.81140573088055
EK202310154491,138.0011283459898
EK202310233669,142.3351684251225
EK202310111293,153.56475273822628
EK202310120077,127.02033418137651
EK202310190354,151.1647548829634
EK202310180848,142.7332994106931
EK202310206991,138.10404658147655
EK202310127954,132.40450188240155
EK202310125079,136.7043728516425
EK202310211424,145.71241915352113
EK202310134279,130.36494088478483
EK202310206851,135.89607599946265
EK202310164397,158.26523091932177
EK202310235148,148.81694331367504
EK202310190060,174.06004751879078
EK202310240587,132.92883639768613
EK202310234152,119.65611659026281
EK202310161209,172.82152064753743
EK202310187254,146.73661739408968
EK202310219785,148.03897692733827
EK202310160063,148.2732694751952
EK202310225782,162.38999866071367
EK202310166126,141.38379438155192
EK202310104397,141.89450237878054
EK202310195068,137.0550667554395
EK202310148964,143.95867741960598
EK202310105544,136.24117882038462
EK202310190157,142.06239189284838
EK202310177029,142.41184620821713
EK202310134822,165.86636892760527
EK202310188505,146.32665028203002
EK202310131430,149.8884185335063
EK202310197663,146.4607900661329
EK202310150719,158.34919783551263
EK202310004834,145.05822159665274
EK202310200921,134.73230417325578
EK202320005684,161.6581332636445
EK202310179009,133.79985309101602
EK202310248177,149.79801444076978
EK202310132766,137.26057338782846
EK202310237026,140.3763152137531
EK202310193021,134.9120883509993
EK202310190757,148.8636049383952
EK202310173200,128.36934006711635
EK202310219771,141.32610162125079
EK202310109597,147.37119443431882
EK202310206771,156.92106669199046
EK202310127671,146.09962420420436
EK202310167676,131.01548846467097
EK202310232944,131.4330493004172
EK202310168061,149.02364365859532
EK202310105714,139.3984430742348
EK202310147632,161.86626618438726
EK202310244606,148.54703104209332
EK202310118560,152.12218124069435
EK202310194271,139.85898841543263
EK202310142720,168.09560570489973
EK202310166900,165.47615962846606
EK202310164794,159.62837636235213
EK202310115042,148.96996632198275
EK202310174373,134.190946297058
EK202310214507,162.14465338255164
EK202310223225,145.75475956817013
EK202310107151,132.34685634785532
EK202310189175,160.91542229191634
EK202310161808,124.03339159580585
EK202310121994,132.30304145956288
EK202310219449,124.3815622826973
EK202310136206,137.57480617923005
EK202310111739,143.88783002526583
EK202310229388,143.3363175496139
EK202310224978,140.94732331344244
EK202310149730,126.62865930082668
EK202310163504,130.77429910210523
EK202310156148,135.03065515859404
EK202310150249,131.70815388490516
EK202310224329,139.09725367093048
EK202310147011,142.51864077425626
EK202310192326,137.79882186080033
EK202310245006,143.0426566960448
EK202310224053,137.2180253045684
EK202310228581,136.08327487915454
EK202310113047,142.18914545588055
EK202310149808,147.98950481726638
EK202310175027,123.11075569040527
EK202310234758,128.95369468741117
EK202310175412,143.84668875548115
EK202310132176,158.284855588425
EK202310205739,153.45554494254702
EK202310153994,133.0867446004109
EK202310200714,149.09016508394382
EK202310247869,144.80188804573524
EK202310186589,135.20786714561922
EK202310145135,152.99009068499228
EK202310193164,161.8827447130207
EK202310222960,138.98373160404597
EK202310116552,140.15691820777369
EK202310123971,168.0807657579333
EK202310113406,159.78315253861516
EK202310234777,142.62701891741727
EK202310109531,128.5592553941238
EK202310186502,139.70440912759042
EK202310190436,133.13238025200005
EK202310198804,172.03461886793173
EK202310188371,149.70446356989854
EK202310189870,161.86183789806518
EK202310179411,143.5027365258605
EK202310233363,130.83706500304285
EK202310104971,134.20145306656696
EK202310191357,134.8577901914219
EK202310172762,149.95100322322799
EK202310199936,141.48711432265574
EK202310153452,132.36309604923753
EK202310160325,147.30679086242745
EK202310240026,123.39127661775444
EK202310134117,124.07983866611096
EK202310214971,133.1766549763027
EK202310210492,136.45963173896837
EK202310200943,147.39125097175574
EK202310233114,145.2001239031706
EK202310209755,139.4060607683093
EK202310114040,142.99320917894374
EK202310231262,131.29682569701617
EK202310196982,145.0142405819407
EK202310168935,145.325383044378
EK202310209663,133.73215739354882
EK202310171963,170.23302571002392
EK202310128429,141.268476772956
EK202310243988,138.33177085529448
EK202310131432,131.30575264560363
EK202310170157,159.5589931046795
EK202310135062,164.71571057200032
EK202310180073,159.22719728920165
EK202310154392,163.2265825722779
EK202310211600,138.35945453710352
EK202310221370,153.2920277366344
EK202310135902,144.28044452525293
EK202310248071,139.56348227408958
EK202310140056,145.93470264525894
EK202310113087,146.49883010085404
EK202310140280,151.4600566779282
EK202310231029,138.7084564600738
EK202310003876,128.40744673433335
EK202310110872,153.97881133366332
EK202310110803,140.4703968950653
EK202310234005,136.50596711432678
EK202310195582,139.7691047471163
EK202310216699,119.22986060493947
EK202310161870,146.441394216258
EK202310207634,147.04733256328808
EK202310154729,136.12456529886904
EK202310119219,142.9518891233446
EK202310216260,136.1044325845286
EK202310241741,149.49179636906624
EK202310127099,120.14100836353381
EK202310142543,158.5571635230624
EK202310159437,140.56617912978624
EK202310139226,138.36898790704078
EK202310145866,125.62052482206084
EK202310240067,158.85961310559534
EK202310242685,130.9593625629929
EK202310158289,143.21006593880358
EK202310145943,153.5682463358946
EK202310196762,158.78011631817103
EK202310141743,174.78327045830736
EK202310222881,141.65839689090873
EK202310170624,126.56916008594911
EK202310139072,152.11991673088173
EK202310168507,143.6486131161662
EK202310141768,158.5449577202358
EK202310111130,130.77410559541528
EK202310217027,149.87615818498332
EK202310224945,155.30739848332195
EK202310188108,151.5891782016246
EK202310200577,164.17973295312854
EK202310152955,145.29823435730128
EK202310184966,157.84811045781018
EK202310133181,131.03547801189382
EK202310209985,129.77036369377907
EK202310195572,139.47868817471493
EK202310199966,127.95740807506895
EK202310109052,141.3391177101838
EK202310173422,147.19725995784935
EK202310216493,146.5895450352176
EK202310234480,137.03390334669632
EK202310239882,150.55764065015745
EK202310151506,170.35430615632617
EK202310231481,122.43359766385274
EK202310173660,119.66948028039641
EK202310124885,131.09018521388577
EK202310226112,137.44659479217614
EK202310169770,165.76352602325645
EK202310112146,150.66763038073424
EK202310126447,130.65094228968633
EK202310197865,157.05905262910707
EK202310144993,132.04520626204553
EK202320007830,134.25677574871892
EK202310134803,151.673644026814
EK202310247257,145.9987840589575
EK202310189213,165.7937886761165
EK202310163523,136.23201870417626
EK202310177884,139.83055153186194
EK202310168374,136.06153130441115
EK202310181460,142.0719468494605
EK202310164324,141.12479623213542
EK202320006373,148.98199025868624
EK202310240516,152.93396322026177
EK202310106433,153.53642288399274
EK202310104794,122.1552792154061
EK202310179826,145.73517201516364
EK202310220482,130.59655668630154
EK202310144501,181.76278247296892
EK202310236116,149.98740066334625
EK202310143566,135.10217069188326
EK202310244286,150.45581476999996
EK202310117364,140.0523546469011
EK202310182812,141.30478312912422
EK202310165290,142.20114286008078
EK202310175655,141.34367886538223
EK202310191765,139.76431997426096
EK202310175575,137.38176648438832
EK202310190556,123.40083423089592
EK202310109849,119.99102624553768
EK202310125361,143.9102200777272
EK202310117657,125.10761366274394
EK202310166741,146.2683425253667
EK202310152997,144.47511476764288
EK202310197388,145.99020746314403
EK202310131984,144.24575974687474
EK202310219422,115.66031823852708
EK202310121522,134.84865705332604
EK202310175245,145.28871767234565
EK202310195205,153.82288836669517
EK202310108650,135.10314954300776
EK202310181782,136.44603293706643
EK202310115038,151.0272287790494
EK202310158797,123.20603829362838
EK202310170666,152.0513273438126
EK202310168966,128.1774109534539
EK202310214825,175.59561333314184
EK202310120494,135.0760303741178
EK202310220603,141.3920543361608
EK202310225685,133.44518997270063
EK202310223164,132.75401179777137
EK202310162099,142.0005608176256
EK202310181378,160.7496343038798
EK202310206274,155.35749004977845
EK202310245110,125.20046802704044
EK202310149953,153.5206775524979
EK202310200512,140.8013218492125
EK202310195166,126.42758074163856
EK202310181696,146.50059819924272
EK202310246293,141.87997344675338
EK202310112958,140.7533450247141
EK202310144239,140.50099819295767
EK202310112531,126.55321483523679
EK202310215394,155.0825135883967
EK202310214916,147.8092006175222
EK202310135655,147.7698503327265
EK202310234936,126.46658054566933
EK202310216594,142.23687762253866
EK202310221025,132.34306736589645
EK202310111609,141.09274828946943
EK202310213129,150.95216525751235
EK202310117137,141.95190744438423
EK202310239490,137.43494199258893
EK202310157671,139.0614856061749
EK202310188165,132.66025973857055
EK202310134859,125.13756860786759
EK202310183908,157.37427701500383
EK202310147406,149.08664836010578
EK202310175129,118.98331709455681
EK202310164780,156.50188987516594
EK202310227743,125.96955021857448
EK202310120706,155.07364696726637
EK202310118366,139.530946693915
EK202310106692,150.30846520872478
EK202310190791,147.79330499359
EK202310208607,156.29271128800877
EK202310170692,159.64253330428647
EK202310225887,141.40497365068882
EK202310182352,136.71548416851024
EK202310185880,138.15225025413065
EK202310178297,163.217095920334
EK202310195149,146.89490643473
EK202310231610,139.5100917143661
EK202310137276,127.55767418372301
EK202310184484,151.2364445257683
EK202310121199,135.2214498436269
EK202310125536,144.8106385044493
EK202310213706,145.15669127328462
EK202310135204,151.56739982226023
EK202310247699,138.7680482147573
EK202310217787,135.75312699881158
EK202310182191,152.28329396944017
EK202310198529,164.9929327320166
EK202310220299,136.12211059153708
EK202310188677,128.582602406376
EK202310232253,122.93195751367173
EK202310164691,148.66477243198165
EK202310103832,133.35627613100064
EK202310149722,145.59498970491876
EK202310198859,144.21294339928312
EK202310234749,138.1272024440063
EK202310104566,150.2603888423271
EK202310211383,147.89604550259187
EK202310170287,128.90645678132222
EK202310150824,151.36344631802913
EK202310171304,134.26056007122696
EK202310193205,161.53163621020468
EK202320006114,163.06827175773532
EK202310135524,140.49532442262037
EK202310192025,132.17992580065788
EK202310170020,151.9315324803273
EK202310198095,158.14009740919383
EK202310105801,146.80606757601552
EK202310177479,138.32952749374547
EK202310108455,156.71555107745988
EK202310165998,121.73402090208695
EK202310122714,144.97054142741317
EK202310164202,145.16185025620166
EK202310226026,143.33829482450844
EK202310223682,149.71723103740067
EK202310116148,133.26574905523339
EK202310210129,158.00469997026207
EK202310242087,149.7806496921518
EK202310116328,141.75318068395902
EK202310217261,147.26299905195555
EK202310106484,142.8408904286789
EK202310157473,129.978419406588
EK202310198511,141.11185514281877
EK202310217751,134.62776771404327
EK202310168432,156.86406595510164
EK202310151251,142.78773807475883
EK202310120767,140.94899433475936
EK202310127801,157.8166410754905
EK202310118354,132.5325274658338
EK202310209195,152.1135137729761
EK202310172035,130.2050026733955
EK202310114626,144.83176104355675
EK202310144629,145.0816421562873
EK202310185061,153.53422982332455
EK202310174592,129.12628819225884
EK202310164708,175.5831182926074
EK202310149304,153.06130099369494
EK202310170289,150.8813099040985
EK202310213861,157.8073206218491
EK202310126098,132.78150822163516
EK202310133915,140.20195846279086
EK202310148594,121.49837384657073
EK202310116687,142.37364468755226
EK202310171866,146.62696514164782
EK202310147735,139.27925329492248
EK202310105679,170.85939207531283
EK202310248635,127.01644104823106
EK202310139369,146.88550833559404
EK202310105974,154.78447192743826
EK202310104978,141.8054556096855
EK202310174467,133.09425550941924
EK202310124199,136.39387232357254
EK202310135676,136.5181593261685
EK202310146763,124.33924504390319
EK202310205937,126.67654189875222
EK202310135445,168.00571160221318
EK202310109193,145.31571700962652
EK202310161169,149.4796828716228
EK202310204092,156.33621990488075
EK202310202680,137.59727453805476
EK202310172794,145.40947119811577
EK202310217791,133.8383513229783
EK202310158468,159.75183825124734
EK202310149937,143.00825488061577
EK202310166789,130.0476107391369
EK202310159167,138.85538843182292
EK202310125029,143.10359800123663
EK202310203531,145.81964526083888
EK202310181665,119.34321893809138
EK202310142148,144.64612658752716
EK202310166843,148.2837044913797
EK202310161022,129.88604080715461
EK202310118997,139.2856445438542
EK202310239449,138.91980102235814
EK202310210440,147.7474848168723
EK202310205614,139.479134770113
EK202310179227,135.27280734642
EK202310143023,129.8891475669024
EK202310178605,143.40350115256552
EK202310151926,151.46193255524958
EK202310205156,162.7681297282428
EK202310227477,159.3258525449414
EK202310118582,145.80539881911093
EK202310145669,156.95166293050266
EK202310181578,162.16358286093384
EK202310193806,156.69216529055058
EK202310233863,143.82783899937903
EK202310111982,133.84994987370584
EK202310228092,148.57840579895077
EK202310117791,119.98156930438222
EK202310174095,154.31706153763764
EK202310199167,129.72492082353654
EK202310147864,144.56158475888466
EK202310136545,141.65094370724324
EK202310004781,116.06532055357573
EK202310110648,126.377162931472
EK202310187608,139.2249225770704
EK202310212121,128.79284722449557
EK202310200654,137.1332178301821
EK202310110670,120.98336987508279
EK202310148332,147.20340267000552
EK202310198602,131.25925283321286
EK202310162570,147.50423336205458
EK202310105840,145.67509465647038
EK202310216931,150.4785132671171
EK202310152841,171.81070941203666
EK202310107705,152.17543045645937
EK202310178316,149.3084795565461
EK202310147750,119.50590893897717
EK202310110434,137.20581235012057
EK202310219134,124.43205001883979
EK202310207502,144.86564032480754
EK202310137524,150.8065398676364
EK202310237806,125.91528328915122
EK202310248546,134.66613129485893
EK202310246510,154.5672984807838
EK202310215312,149.51907197681857
EK202310135935,128.86863751098272
EK202310246337,130.9765384369207
EK202310133292,135.91783631924255
EK202310208105,138.4115408372724
EK202310221927,148.4962932860141
EK202310185220,147.53508878570784
EK202310195012,147.61087937909664
EK202310220382,133.23216556292465
EK202310228071,131.33504361377885
EK202310139303,156.13921329337578
EK202310146446,141.0003763543339
EK202310113629,137.99465718853006
EK202310121125,137.93389836533902
EK202310179172,150.10398135179764
EK202310135030,172.39763137653722
EK202310154871,141.71018926329353
EK202310104446,138.8000374716374
EK202310112990,139.6890874253417
EK202310189753,140.5169438248491
EK202310239147,141.1163788519392
EK202310170148,162.63317460580734
EK202310227849,157.2751896579501
EK202310206204,141.6651788994492
EK202310160122,132.4319120807397
EK202310131964,133.22366545876358
EK202310111949,136.25352996794476
EK202310122396,121.86725500930582
EK202310187780,140.46920494730034
EK202310205438,135.25029274756412
EK202310153038,178.18433819595816
EK202310152163,160.5901116154997
EK202310192310,132.16584833137895
EK202310174795,158.15455498388934
EK202310193009,142.59617140457314
EK202310150434,150.85367399238828
EK202310118338,125.90007786838072
EK202310197441,155.0248521715194
EK202310142091,163.47451367500136
EK202310117239,133.77668863539662
EK202310179745,149.91286952518982
EK202310219687,129.18095602098072
EK202310176027,152.63433710296547
EK202310104893,128.98955474614272
EK202310227192,148.15458944734826
EK202310146856,148.1876781572171
EK202310107173,130.13303017841588
EK202310211813,128.29350070534343
EK202310188253,144.2410475513421
EK202310233335,129.3067423780492
EK202310217329,150.2355191000688
EK202310155219,153.96437532754527
EK202310157321,157.89442379481443
EK202310153713,149.71298454975818
EK202310120830,159.66998589315372
EK202310229321,147.4513923449846
EK202310130365,148.99199256782728
EK202310202308,156.8454814992029
EK202310203388,164.98858415839538
EK202310185835,139.33837428763192
EK202310188805,171.65645934331985
EK202310159594,156.8517421199649
EK202310147573,132.93582573374204
EK202310190109,152.1583943465095
EK202310180140,144.48925708411772
EK202310149775,145.83671817880202
EK202310238274,153.7343459830789
EK202310242923,131.6950802731841
EK202310107321,114.8391601937839
EK202310204141,122.18406891549165
EK202310219133,143.07378774654526
EK202310139067,170.1646059079119
EK202310140520,140.38563314194005
EK202310248527,139.79356716345907
EK202310003682,133.84046791475845
EK202310162432,151.85616232421322
EK202310179950,171.65401426412495
EK202310240868,147.98601306103012
EK202310116267,153.57494624615782
EK202310221765,129.73630557426478
EK202310173563,119.20145773075963
EK202310143455,126.51220181873163
EK202310207343,138.1123343322715
EK202310217689,125.61430071308334
EK202310146102,131.29697818987296
EK202310168973,129.8704023528162
EK202310222519,118.06526592503894
EK202310129680,140.4724765443476
EK202310178200,144.9871180322352
EK202310170870,141.120584104815
EK202310126872,159.4349467724749
EK202310148891,169.05234513920004
EK202310173852,152.0077621883551
EK202310125523,129.26247564748527
EK202310159491,153.4306510266363
EK202310157366,132.21977572455108
EK202310178992,135.65275623054774
EK202310143866,140.05412272584738
EK202310152326,137.66344873935856
EK202310202864,157.8118094159985
EK202310218888,143.54802313025863
EK202310209358,126.31765148940428
EK202310227775,144.73649347996383
EK202310186270,150.41126472881353
EK202310203414,151.57234191073422
EK202310225866,149.67668813631252
EK202310234055,139.30523634669896
EK202310129825,161.8618792127179
EK202310209772,147.06365683276584
EK202310182146,155.3267166185752
EK202310180456,152.4869856197038
EK202310182353,152.16403620083412
EK202310199926,126.85938786582449
EK202310226078,132.57795086944685
EK202310212125,138.17766847307067
EK202310149668,148.52300249083768
EK202310234903,132.41213280694123
EK202310205875,131.2548945700716
EK202310157799,149.73405612489358
EK202310211749,131.24517957805713
EK202310224314,153.47541743724886
EK202310124274,131.6248185856659
EK202310127800,159.39168501574107
EK202310238415,135.51425768865667
EK202310229891,149.58353411540622
EK202310145946,139.71046876364278
EK202310181109,147.11216692598418
EK202310147129,156.39233442449606
EK202310178177,156.8881632633487
EK202310113395,144.46428432621605
EK202310217919,151.5045817464472
EK202310154751,144.8560766767674
EK202310130965,154.91914261632482
EK202310190874,141.42909821069424
EK202310195521,149.18806002956705
EK202310201613,147.62384819368165
EK202310214697,155.9156466663323
EK202310191560,152.73009178630204
EK202310121406,143.92501779172014
EK202310114089,137.94171301361584
EK202310159340,129.068496394031
EK202310113700,137.32090403964506
EK202310126654,125.73601343991345
EK202310144476,147.4515087736087
EK202310131321,130.92415642575097
EK202310187814,134.96713799037357
EK202310220881,125.48963586288184
EK202310189638,167.23167324833415
EK202310178407,154.78804968020262
EK202310180651,160.59822710272022
EK202310239749,125.73405337894764
EK202310171046,125.21740878105003
EK202310164907,132.20132955034467
EK202310147112,161.99513145104842
EK202310181779,145.44270752176143
EK202310177716,154.4526445725299
EK202310211440,140.5586610489798
EK202310205701,152.2405368344879
EK202310116151,116.2391510720496
EK202310183859,169.0302256341673
EK202310135998,154.55660004707028
EK202310201975,132.54104201305137
EK202310170925,124.9062883779485
EK202310104593,136.5634582997183
EK202310110432,132.23574772765895
EK202310129862,138.46586921099566
EK202310189525,152.76534675674336
EK202310111229,144.13977269130538
EK202310188865,143.19870055040747
EK202310146283,138.8351435511233
EK202310178823,164.40447570565854
EK202310147049,136.2945048390605
EK202310221900,141.64891375939027
EK202310182664,161.3647082230537
EK202310115895,122.38061668964048
EK202310137882,131.40619641539448
EK202310142987,156.33989776666786
EK202310230693,140.41245895701846
EK202310105910,127.00989710947113
EK202310176888,136.47172416028906
EK202310179407,145.6113052359596
EK202310113511,138.56776329347562
EK202310226410,143.529441508974
EK202310194828,150.07079935012533
EK202310209526,160.46220573773846
EK202310232266,126.25443954217164
EK202310190901,152.23332055369022
EK202310120320,145.81648482581718
EK202310109391,143.37418519255615
EK202310126276,140.18990386579983
EK202310223714,129.5573257730633
EK202310211517,157.34487135827135
EK202310110636,132.16110886977853
EK202310235623,119.53133398547828
EK202310186004,149.3571222605072
EK202310004261,138.13737180667698
EK202310193375,154.16832753048033
EK202310218449,120.58209998961502
EK202310179058,148.48416441561966
EK202310133795,127.31185350253742
EK202310164408,137.41238674414103
EK202310159492,153.8132484124168
EK202310214283,143.73451008536702
EK202310133551,155.3484107326728
EK202310190061,153.20376166717762
EK202320007557,156.2477846904741
EK202310114241,134.2604467926165
EK202310203894,151.25552068888177
EK202310186487,141.28580823063717
EK202310004631,140.72902607151215
EK202310172845,138.29959238823605
EK202310124858,130.39501515243614
EK202320006937,149.05678293778044
EK202310164626,148.58329815988432
EK202310109948,149.01442788173247
EK202310112053,141.72659336077504
EK202310184712,134.28375384359487
EK202310122821,156.87096282359735
EK202310179754,148.87481884158223
EK202310230071,147.94585510301957
EK202310169385,153.27311310811635
EK202310205297,133.51244685623723
EK202310176789,144.57586779590207
EK202310234641,129.50547596963017
EK202310216672,149.83092488193964
EK202310218187,153.64625115311864
EK202310163653,129.84599772151844
EK202310173938,152.4009179520568
EK202310144779,134.88227142092748
EK202310105452,129.072401238209
EK202310203289,136.23726025803703
EK202310244916,147.74187758838036
EK202310212913,150.53258110159217
EK202310195593,146.4655505197597
EK202310109392,149.6256830727058
EK202310239794,152.92659050478207
EK202310156466,142.49180620238513
EK202310234091,138.28371789437267
EK202310202246,156.33401112670182
EK202310208070,125.39733847163119
EK202310199529,144.8380247268641
EK202310191597,138.72681495412564
EK202310232873,148.71820731883162
EK202310245305,152.2663859162958
EK202310196018,157.6945456742868
EK202310205608,144.70568059344788
EK202310211776,144.2971425479132
EK202310219819,129.57757652913764
EK202310152910,171.07520328130596
EK202310244549,146.7991926015147
EK202310123421,160.73299704446745
EK202310205600,152.91891412210498
EK202310219535,134.5354570543438
EK202310247105,151.76709784107717
EK202310223625,151.2814562014135
EK202310135177,155.596888947487
EK202310167858,152.4339112479218
EK202310193232,126.55625537949945
EK202310144624,128.12950020396494
EK202310132627,144.02794890182435
EK202310213967,165.79182251989553
EK202310236061,134.76472392952527
EK202310177659,169.18463695262662
EK202310145236,161.7809031165321
EK202310118399,122.84980100154718
EK202310215365,145.2605291409056
EK202320006049,144.06276040368462
EK202310185900,137.3896691894558
EK202310133957,158.00381671929534
EK202310234170,120.73684259244777
EK202310126261,135.03732369881217
EK202310118103,167.28494954378547
EK202310118678,150.43888902982877
EK202310113678,142.2928518014237
EK202310111849,147.93018452147214
EK202310218593,134.6093161962922
EK202310145457,119.97914070952942
EK202310174907,160.72620621414887
EK202310004460,140.24890791515872
EK202310194109,146.6296140839356
EK202310108378,121.9384941888621
EK202310200664,145.2667728663471
EK202310167993,126.90600581836362
EK202310157089,168.69982743821805
EK202310210287,147.94784211044703
EK202310148250,143.9646733255355
EK202310207303,151.87675894085757
EK202310206507,151.36074944971028
EK202310243704,150.2410440158079
EK202310179019,128.74266194241025
EK202310243866,161.3699393041144
EK202310137648,140.66622397149226
EK202310173887,141.77278415576455
EK202310235491,163.1743536441284
EK202310212645,130.38729526015427
EK202310190281,151.2645221978255
EK202310220934,136.1151787128225
EK202310230719,135.6019512777644
EK202310201074,132.01277056297772
EK202310178051,143.08056610825915
EK202310181204,135.02273210347965
EK202310135829,141.81124442534878
EK202310170445,139.70051238511633
EK202310238141,137.08160449795474
EK202310135822,143.10490723212942
EK202310227546,141.6208504273636
EK202310140976,138.32021836138875
EK202310246668,151.77806086664887
EK202310105632,135.56387954025084
EK202310109270,143.50134455361206
EK202310131782,139.91952960428944
EK202310233567,152.51528425052797
EK202310161598,146.4414164348718
EK202310110724,143.0135346721955
EK202310229148,154.8825322328114
EK202310159146,153.3785528726034
EK202310195696,151.09040169332562
EK202310117218,137.9024968919989
EK202310205895,150.39160076894456
EK202310194401,138.8046972277045
EK202310126710,155.27206738543458
EK202310152278,157.86276290784932
EK202310190916,152.7514039247163
EK202310110549,125.74730790166083
EK202310177514,143.31001092799468
EK202310175686,153.62343481399986
EK202310223432,141.95339592836294
EK202310244466,148.3300455295899
EK202310134231,142.87730282341948
EK202310236274,139.86353745117924
EK202310195863,155.3184614434849
EK202310241144,153.3035642565397
EK202310202269,150.26328168095097
EK202310231316,143.22324318848467
EK202310211605,142.62325533441137
EK202310200954,157.71026529676718
EK202310224489,135.10948295436899
EK202310165476,138.42970525343247
EK202310204173,135.11629460150877
EK202310178369,134.83753913573744
EK202310170774,128.43511984783908
EK202310205764,143.18479382909902
EK202310236659,145.94595891208218
EK202310170743,129.5403116176646
EK202310136793,142.0771539344933
EK202310187675,150.3273019458859
EK202310156962,137.24631249500277
EK202310216942,163.38118699571612
EK202310168321,137.97827505196358
EK202310243793,134.78163850742166
EK202310235437,139.93788248768206
EK202310118510,156.38208934277205
EK202310139337,160.79769985336912
EK202310120961,129.71835515504526
EK202310214076,150.77083483038643
EK202310241228,143.39522184365663
EK202310212101,143.3765937814924
EK202310199696,167.29383354401347
EK202310163542,142.68185598429122
EK202310232836,138.29969555342504
EK202310189334,147.92652973575392
EK202310239101,138.1236601264652
EK202310156523,148.4189551097167
EK202310201002,148.60387317557434
EK202310003364,135.59013053726204
EK202310179389,139.30033075744464
EK202310163130,125.56975255176332
EK202310232481,118.03240137057529
EK202310186459,142.9409879330752
EK202310164481,130.1967566308157
EK202310169941,155.71421905770103
EK202310131128,145.0593199668087
EK202310228174,130.16638813036312
EK202310173249,146.91630732516256
EK202310202077,148.69991735511485
EK202310225477,150.00458074165334
EK202310247572,135.97414875911886
EK202310181799,147.19143715741887
EK202310119740,141.16293828212744
EK202310131395,137.6154760493805
EK202310224529,126.31386787117918
EK202310156156,147.6491851202648
EK202310200552,165.846320188433
EK202310169146,142.90461831415155
EK202310143038,142.75422380796604
EK202310170406,126.18687263557565
EK202310200533,164.8387117783493
EK202310119387,140.2947551711827
EK202310202355,128.0241811247739
EK202310225013,132.21235842072323
EK202310214250,156.49647820299023
EK202310210556,143.3352560794104
EK202310201139,157.03863085261315
EK202310130429,149.66954474563477
EK202310224863,160.20272052698715
EK202310153482,118.85731333754737
EK202310241062,144.26282737577142
EK202310164485,132.7737314917669
EK202310245636,138.74255862986763
EK202310157534,131.4709755138406
EK202310229118,131.02372934453535
EK202310171426,132.0006777090114
EK202310210127,140.81810399771416
EK202310111733,147.33957028473057
EK202310141203,129.18558853011905
EK202310232387,144.42326180313552
EK202310188639,131.9181375954273
EK202310190835,154.67045351721458
EK202310201801,147.0855782424438
EK202310175974,157.53370350507478
EK202310187326,134.80016752828516
EK202310212155,129.83663920927066
EK202310151022,146.96865833543146
EK202310211125,144.8662788967457
EK202310219268,130.82654476852002
EK202310110245,122.27464494904477
EK202310238069,131.21357275616316
EK202310199559,146.48158279815766
EK202310167739,132.2301159123697
EK202310142979,133.80488278038803
EK202310191202,140.20245919632717
EK202310144654,163.6418219415795
EK202310224039,137.74344801873525
EK202310150921,127.81732452498954
EK202320006004,161.95813845559633
EK202310108116,139.68479183002208
EK202310226608,141.4577595989244
EK202310237947,137.56983987686655
EK202310245724,150.2202927212449
EK202310216589,131.03368439855163
EK202310242883,141.06648158466294
EK202310192702,130.5314287297709
EK202310168445,132.79159765699586
EK202310205542,146.68613927220966
EK202310150929,148.37177510627163
EK202310173039,127.10854452763324
EK202310139742,147.57583161887513
EK202310138564,141.34793561222241
EK202310145764,141.5410886497622
EK202310148134,152.2151850066646
EK202310180451,136.4013763366415
EK202310149802,148.52065041022578
EK202310247608,163.37330840402896
EK202310130999,139.86478109369855
EK202310141610,141.8888107354092
EK202310224015,150.35760544301004
EK202310229698,146.17399202743778
EK202310197753,150.2649598497082
EK202310152255,151.7436838331198
EK202310133838,168.39080014260594
EK202310192249,175.02959127106485
EK202310195834,171.05231711071283
EK202310186510,140.03937541836834
EK202310177054,143.49766462530334
EK202310107524,159.41618478775334
EK202310128174,153.57226153011797
EK202310187413,150.5812322831568
EK202310234580,131.8800975149578
EK202310104409,153.85597477972811
EK202310125276,133.2466870307026
EK202310113893,147.16206544005246
EK202310179353,139.16067664993105
EK202310240438,151.48573906085747
EK202310229420,151.4380159077282
EK202310116112,117.64897800130292
EK202310117942,136.29118432488173
EK202310163339,126.77281370440667
EK202310166509,128.5614962971706
EK202310185556,130.0738155167827
EK202310227524,148.97331804932887
EK202310109010,168.29600392083142
EK202310183425,116.1700700072274
EK202310191714,173.31714270041928
EK202310155039,139.52549956501343
EK202310169140,165.63159466005624
EK202310177573,144.2429911889335
EK202310170318,139.45676002583753
EK202310207697,142.86401508595085
EK202310199740,151.92719763124944
EK202310149864,147.21059872192998
EK202310150264,148.22993817456768
EK202310189933,132.21391611079164
EK202310218127,140.97973348246813
EK202310108083,143.98447015727092
EK202310154872,155.8621137886591
EK202310160785,144.99814634199348
EK202310206282,149.06213389396814
EK202310124253,131.69070148003675
EK202310196633,136.5403853572431
EK202310105966,136.00288639224476
EK202310141033,166.68758391900545
EK202310197213,134.75314195450449
EK202310206024,138.17118699010874
EK202310113110,126.2938469296985
EK202310114366,132.09667884212053
EK202310133810,148.00142837040352
EK202310135192,147.57465726059579
EK202310233334,127.0805929530015
EK202310148079,145.0121659531589
EK202310109276,142.50631372175044
EK202310124568,142.85425076555572
EK202310162273,134.35904135604184
EK202310126242,131.29115219080717
EK202310106288,141.6029231781031
EK202310190761,154.7137137904027
EK202310003653,138.96016639931975
EK202310111116,134.6782013573302
EK202310193002,151.28833062843893
EK202310107463,134.6267710531104
EK202310237608,146.55937632095245
EK202310213418,115.24901290692661
EK202310204153,141.90766154165087
EK202310104707,146.44267824046202
EK202310238820,138.84556236278036
EK202310141697,148.23539758884817
EK202310178269,161.36586809512914
EK202310229367,135.41190286705452
EK202310172017,175.4201553154073
EK202310223139,136.42416247833893
EK202310125096,134.11901824255642
EK202310143070,153.2207701783445
EK202310234470,129.27163395150495
EK202310131911,131.9717767251494
EK202310176053,155.65439186600864
EK202310158201,144.96109621869223
EK202310113896,145.40383696573682
EK202310217246,131.24166422697905
EK202310202878,150.85581255244952
EK202310179418,166.81169399642684
EK202310106198,121.98368534891728
EK202310130287,157.76016121364336
EK202310203618,130.8125170520647
EK202310144069,133.53001098624424
EK202310225997,173.19912985313664
EK202310137087,140.33749213184896
EK202310114093,156.4443348564646
EK202310125025,130.1579070337205
EK202310169960,147.21286422028982
EK202310211027,146.40146469847582
EK202310156374,153.40023333466894
EK202310184239,138.1844832251445
EK202310193887,151.4765877911638
EK202310169120,136.76375089166862
EK202310214116,175.77959623661866
EK202310004097,131.79541203837832
EK202310156682,136.92784275515683
EK202310154604,155.01083122582955
EK202310218245,141.84637016031104
EK202310224853,119.12011862758577
EK202310164480,138.46522050242072
EK202310130017,145.33511098285243
EK202310142314,138.48132120423722
EK202310104271,161.84979292337826
EK202310245758,138.3158453935883
EK202310229784,139.8302484437983
EK202310110502,151.0609936280464
EK202310121032,164.8188083608757
EK202310233632,153.97152791829836
EK202310126266,132.6601625708295
EK202310109825,128.48431317749873
EK202320007054,145.69098795379006
EK202310166953,143.2390570927895
EK202310227160,149.64495353525538
EK202310215524,154.01612715524553
EK202310221415,159.48329006483263
EK202310224669,129.02821240719203
EK202310182834,158.9092489721976
EK202310155348,138.01143175989094
EK202310186571,158.57366851302075
EK202310130542,136.77739978261624
EK202310108675,135.16495131670433
EK202310147107,150.63891729520878
EK202310175270,135.41063966040815
EK202310223760,134.70229729397676
EK202310124746,112.76875101569055
EK202310170040,164.4708270634768
EK202310004065,124.93177325227828
EK202310221363,133.629793349431
EK202310209500,141.72654050913587
EK202310178304,156.7799434765683
EK202310133005,154.2310721480732
EK202310120850,145.7844862133611
EK202310213264,143.88785667631512
EK202310149096,151.9881347287381
EK202310177683,134.6546033503696
EK202310242597,130.2933018145414
EK202310177919,152.7698452068776
EK202310134733,144.3278792382562
EK202310181823,145.5809077902673
EK202310136672,146.05432297185743
EK202310151585,147.32814636495664
EK202310117995,128.15793913296616
EK202320007252,161.67258414912402
EK202310231786,129.4484477993058
EK202310241673,136.33548928960985
EK202310161732,169.77008780076233
EK202310161656,169.28798513073033
EK202310212063,117.46312852152849
EK202310217895,154.88503319219768
EK202310138774,138.2812617962763
EK202310126590,144.25758963265957
EK202310123141,134.79774679908016
EK202310224982,129.41392727391144
EK202310206262,151.0532996213224
EK202310139370,140.91451915563036
EK202310224820,139.87646157650858
EK202310130273,161.3738047371644
EK202310133523,144.99901940518117
EK202310239621,145.4760387668135
EK202310190678,152.45235533991521
EK202310125061,133.6851851752714
EK202310234940,138.49464555360282
EK202310178076,134.49053535987187
EK202310153610,150.72826530295484
EK202310179234,163.73030226390136
EK202310159634,138.6593749568963
EK202310186548,140.61525132011982
EK202310135839,167.4885200262113
EK202310136969,147.44226575936835
EK202310145737,156.45441755141044
EK202310164062,142.40956430468415
EK202310237524,132.38931883248034
EK202310225600,136.36037775862374
EK202310130766,151.87805571638515
EK202310198060,123.25154044211692
EK202310202900,154.65535832095586
EK202310180295,141.9384608061968
EK202310161819,145.21640817391264
EK202310182490,142.7530367383708
EK202310151915,143.5399213216976
EK202310114135,153.9606996081125
EK202310155620,124.08941687292548
EK202310156539,161.00023735689854
EK202310164137,158.45618013922817
EK202310172602,151.2640158478203
EK202310161051,159.9492088528476
EK202310225217,168.3146805434886
EK202310220749,125.51386679058527
EK202310135024,164.80201179075186
EK202310236167,133.9794406775847
EK202310106428,129.16261367753415
EK202310191224,141.40009762219475
EK202310126171,140.2922207822024
EK202310152423,149.8574761813222
EK202310168273,148.6587751965907
EK202310129168,149.8714932488739
EK202310176927,152.26345034955972
EK202310172428,159.78890921963603
EK202310181185,151.33814079025444
EK202310004161,142.20514235954624
EK202310221234,131.43615951832257
EK202310161711,159.7054553034164
EK202310240221,150.4247039116619
EK202310222828,138.3954516927784
EK202310210279,133.710058339825
EK202310170097,142.9036190131287
EK202310188723,169.41492765128564
EK202310166478,163.98651024301446
EK202310221027,154.45439592687364
EK202310114979,143.8830972636594
EK202310242042,133.94122423375842
EK202310140021,126.90487387899762
EK202310130000,157.9605538420932
EK202310186640,141.55561844922238
EK202310004760,127.2756345443205
EK202310122844,149.63459071852557
EK202310153842,142.8334299946052
EK202310177802,132.76745681453954
EK202310004581,132.4273721486054
EK202310246710,142.57914548075382
EK202310113952,148.77173242820072
EK202310151035,137.45622833953922
EK202310216428,122.10719723793127
EK202310144070,165.2635090702465
EK202310169605,127.93303706194479
EK202310159620,132.96052736922303
EK202310105550,135.70972567903877
EK202310240970,131.08930764217098
EK202310182151,134.94331411884195
EK202310231587,145.51066405391816
EK202310118075,131.6572590921219
EK202310133019,143.16904283969237
EK202310206992,145.55517804641667
EK202310220008,126.04914494505682
EK202310234156,118.00859047296441
EK202310162641,162.00629946352808
EK202310142907,129.1535278420719
EK202310154115,130.8133509745372
EK202310130815,132.4366618162646
EK202310150846,126.6165880839452
EK202320007669,158.630264258466
EK202310227486,147.2756165412731
EK202320007572,157.1574856491245
EK202310137639,126.28648358872184
EK202310103836,138.70804607020958
EK202310202037,164.30276480499964
EK202310223420,140.35956320178502
EK202310185672,138.70621614911852
EK202310229956,149.24687584424123
EK202310183246,144.44922789470303
EK202310138498,144.6089146356776
EK202310191631,146.26794959610658
EK202310197089,144.33613618691177
EK202310133822,107.75971618797334
EK202310245494,150.37060922357563
EK202310207684,135.07035485347663
EK202310170631,138.72191755182345
EK202310230054,127.34657455102482
EK202310229119,152.0099989102881
EK202310162261,148.09586044408843
EK202310134206,155.18122402785866
EK202310126114,131.74719188346765
EK202310202130,149.47375681187626
EK202310201610,144.62530971540752
EK202310140475,139.5938645375642
EK202310134356,148.04422266415565
EK202320007186,168.22395562361226
EK202310120790,136.79348359120368
EK202310245157,149.1124668340064
EK202310208016,142.70438115635417
EK202310174476,133.53718281502435
EK202310188403,150.8476498133636
EK202310142082,148.41410524301804
EK202310126792,128.36951439736401
EK202310182973,137.40061138666888
EK202310236318,133.480668951388
EK202310191185,146.10891357979918
EK202310135600,143.1840349574216
EK202310212912,152.7758670816615
EK202310109044,152.50839987243234
EK202310220665,150.53672120754604
EK202310209857,143.1948848085266
EK202310136210,147.77032893808484
EK202310241948,155.06661616337942
EK202310147383,138.0300671609455
EK202310119158,138.0296249080603
EK202310225656,133.38850814608327
EK202310115771,147.96763993698463
EK202310115861,135.83711566532511
EK202310156104,144.03582002499195
EK202310168339,122.6682790770372
EK202310186770,141.43411739093764
EK202310227679,146.1655764921849
EK202310198604,143.9634701990913
EK202310126896,162.67261041963744
EK202310119992,134.10734407037808
EK202310194849,130.87128330135175
EK202310224912,141.55230417939904
EK202310163124,131.29853072776731
EK202310181144,160.8587788682035
EK202310147897,138.89976972495074
EK202310177921,152.44887918993527
EK202310199607,152.39335051007893
EK202310172680,128.75375937787686
EK202310129543,146.43645400978545
EK202310161704,152.95650930594655
EK202310193784,135.1651696905865
EK202310243291,147.69033310262887
EK202310208991,144.74747352968325
EK202310140086,137.53750181747367
EK202310136481,131.9116311267707
EK202310178220,144.82876083234584
EK202310210109,159.86029950196814
EK202310128687,149.994609175383
EK202310213632,143.78800555884098
EK202310215453,161.97362976504618
EK202310235764,134.36048796375053
EK202310216758,163.35939928883687
EK202310163056,154.40186404279137
EK202310125899,144.62293408943404
EK202310180181,147.6840341473254
EK202310224630,142.6723980178303
EK202310118929,154.98851716477972
EK202310178808,155.58398528882205
EK202310234570,133.52555950503722
EK202310127428,145.24611854441534
EK202310213472,132.4231223252331
EK202310192759,132.4823396243066
EK202310210638,140.1392869429905
EK202310104955,131.10018532918752
EK202310124793,121.05948780031912
EK202310154265,139.55351583944136
EK202310136853,134.66826477308976
EK202310160020,133.7081149056242
EK202310129715,164.8306934511598
EK202310208844,162.84865721003482
EK202310165769,152.85453115372738
EK202310119276,159.46193809061464
EK202310155853,125.59812117969192
EK202310148019,136.4080276537567
EK202310158588,150.90629575623873
EK202320005915,160.65943117827018
EK202310139760,140.61188950362543
EK202310235740,140.7541232765824
EK202310163003,158.3383687503267
EK202310166151,136.85829344024174
EK202310205151,132.73164991261038
EK202310163809,129.73940883432846
EK202310195046,139.23657080571775
EK202310190606,133.90925242057935
EK202310201185,161.38823495068246
EK202310244204,127.0309044511007
EK202310221873,131.8595148643133
EK202310213079,134.4597265446412
EK202310167878,136.6692997349066
EK202310108748,147.15372414660516
EK202310231105,130.17565467422372
EK202310162450,132.57522832521298
EK202310106681,133.34209969076846
EK202310175585,144.40496921355532
EK202310216131,118.44321567958569
EK202310247112,136.89507467296485
EK202310133778,139.55560746483962
EK202310226737,154.82182081456065
EK202310149352,161.81669617680598
EK202310125918,143.14493367361084
EK202310163682,134.24119722945494
EK202310189571,162.59346289672575
EK202310128706,138.59771228804246
EK202310227554,142.2550853008317
EK202310149106,149.22295385311912
EK202310200290,141.627897597278
EK202310192844,151.60019721285673
EK202310229985,124.27775890815437
EK202310196907,145.35949671096233
EK202310148131,148.4029096063641
EK202310223289,137.87548570268007
EK202310169529,127.7566235778858
EK202310169806,157.9053496233579
EK202310212585,140.50591143538617
EK202310196857,156.68678793154916
EK202310190419,142.70177992846294
EK202310219008,134.813186311607
EK202310142486,139.89947674908677
EK202310192709,165.6445371104438
EK202310182822,131.58135561056594
EK202310136899,142.65961880278493
EK202310115463,143.95780776219203
EK202310146582,147.75315155660616
EK202310132422,142.14100583413236
EK202310112592,145.15976956791573
EK202310226203,148.48913080904975
EK202310121586,148.53130823668945
EK202310181107,155.32753440205258
EK202310213474,132.88199621471438
EK202310138830,156.722109308323
EK202310168849,120.69927783104768
EK202310229317,134.06177004121986
EK202310204390,119.8974983810053
EK202310192992,145.803752399878
EK202310152280,147.23498976597915
EK202310155151,155.1112700446931
EK202310174087,133.29493965698472
EK202310212165,129.4754785481962
EK202310152752,148.84522786502333
EK202310168592,135.8560374598879
EK202310191895,142.3438408783602
EK202310200059,124.25683624008704
EK202310243745,127.40673482369371
EK202310158852,152.08998465357314
EK202310157579,150.63757658525418
EK202310225059,137.63393314016398
EK202310183337,139.7682292851323
EK202310198264,130.22106927229584
EK202310114412,137.67272798221123
EK202310227155,141.04677988381982
EK202310234975,150.51399532087993
EK202310197349,138.79729370631884
EK202310208018,147.502116954082
EK202310200505,134.36102565874302
EK202310115897,130.00279525050192
EK202310202707,149.75259103689172
EK202310207442,146.13501047514544
EK202310185479,161.52188616282643
EK202310237037,164.76790505136765
EK202310136200,142.75732065784234
EK202310154113,144.18606084468894
EK202310114492,134.09676522029983
EK202310176297,158.4180282143394
EK202310107640,116.8697612602196
EK202310209670,135.67196286017773
EK202310105256,163.62494353248192
EK202310108117,154.70222792986291
EK202310214550,130.25028617669872
EK202310175559,141.59299685018087
EK202310148239,133.54414812260578
EK202310181548,130.5357106543186
EK202310216342,152.7973986059352
EK202310160035,130.98251093943776
EK202310168843,149.31870691328612
EK202310131732,154.34664185465292
EK202310209477,159.2468855981415
EK202310237971,157.32137534499873
EK202310129891,174.87134645661013
EK202310171726,149.64716586504957
EK202310229665,136.58534970677132
EK202310204967,138.55358655472546
EK202310174899,124.78658879903314
EK202310116238,150.4825372574609
EK202310114560,138.05920717200266
EK202310238506,135.54596761005018
EK202310234905,126.50849990420022
EK202310229020,139.82186234364673
EK202320006240,165.37462371616445
EK202310142292,150.55966996923166
EK202310150080,165.6949380972428
EK202310159478,136.54028381367812
EK202310158699,151.97699672987028
EK202310245027,153.51478131222296
EK202310152722,127.16021740233388
EK202310233081,134.00686715039834
EK202310246556,141.26603729024438
EK202310105650,130.51681431767696
EK202310190838,140.88778766115286
EK202310218394,140.68629579779375
EK202310118154,132.9000903157497
EK202310131520,156.53310338033558
EK202310139487,136.49531946705034
EK202310146562,132.15038643800864
EK202310205269,163.66992378046308
EK202310139486,152.3535333859344
EK202310106738,147.61369798397317
EK202310196849,123.59846904501866
EK202310181949,157.29017185338728
EK202310201469,142.38383041452855
EK202310163916,139.10641833620414
EK202310221312,165.5375503919388
EK202310138582,158.07237439124552
EK202310135507,160.71625919966965
EK202310179372,136.79936142149032
EK202310004219,138.22658626890092
EK202310158089,132.41444528402113
EK202310150765,141.39183076115057
EK202310191391,136.87874985789392
EK202310112611,142.07464537314073
EK202310107389,146.5596751834381
EK202310233851,137.90990392271402
EK202310151219,137.0619424640841
EK202310232601,139.2266347293954
EK202310202073,145.78647044699554
EK202310225289,135.19053488370625
EK202310166576,131.29811549680548
EK202310224067,135.3900238370811
EK202310136837,141.14908224739006
EK202310177674,139.7293871770643
EK202310246493,148.39188016670136
EK202310183092,147.92293657212176
EK202310109401,147.7236788025522
EK202310145629,138.38929018726412
EK202310130973,127.16296879383532
EK202310208348,137.59972427504346
EK202310184342,136.81743947125113
EK202320007150,144.41088099625821
EK202310237789,128.74367594930527
EK202310114883,131.59232348694385
EK202310205366,146.32982943479163
EK202310124191,126.66991742088176
EK202310155262,144.66926741517318
EK202310220998,144.86768043334956
EK202310220544,114.36636499523422
EK202310143757,133.98491502151072
EK202310106423,143.1003724805666
EK202310221380,127.55581472959024
EK202310126488,136.69389450845702
EK202310161364,136.30748311216388
EK202310239501,139.10583295662119
EK202310164868,153.40599306668713
EK202310203126,146.7661230704444
EK202310137546,141.76702732128896
EK202310121376,135.40559052528766
EK202310105109,137.82898650105432
EK202310205221,156.27047403923717
EK202310188382,173.2971055172221
EK202310241423,156.24261157911928
EK202310167391,130.39298673589667
EK202310228119,152.4070670331265
EK202310207564,148.02204287896123
EK202310141877,136.80841964386767
EK202310244134,134.4112549514037
EK202310148484,152.27135154234276
EK202310213947,130.52671895957323
EK202310189815,133.76866054227568
EK202310196971,160.39887803626306
EK202310170035,142.23645091383116
EK202310118616,152.30789978995566
EK202310202991,164.75109666920946
EK202310193605,145.5833727853584
EK202310142332,170.22480835053372
EK202310107201,135.28139171959282
EK202310196602,146.82136243816217
EK202310112787,155.97144648541908
EK202310237416,120.01649869436193
EK202310234910,136.2571470601859
EK202310190727,136.49982421049398
EK202310114532,157.31214348162533
EK202310202380,124.80004793215743
EK202310196667,125.10435025042858
EK202310118771,141.44909999550657
EK202310112695,147.83187983074046
EK202310196403,135.6878426622422
EK202310214197,147.2818042266898
EK202310204797,142.47230674692162
EK202310107958,151.1859036235046
EK202310130013,145.68598634734158
EK202310135758,124.59997892044487
EK202310193054,132.435769756732
EK202310148141,117.77473679108357
EK202310166034,161.5812997662296
EK202310158033,160.47886890637233
EK202310150288,151.5052968024063
EK202310113821,139.163673022739
EK202310179440,158.3870425820224
EK202310217819,139.70040411940934
EK202310162109,166.1893153068468
EK202310200554,165.7163873288122
EK202310115242,139.0248925498496
EK202310154839,153.32227381357347
EK202310208688,144.1649386342971
EK202310191490,126.51162825109154
EK202310137318,131.5397459870107
EK202310142738,168.35184384011473
EK202310180609,132.8244388745064
EK202310158752,142.33285635161008
EK202310181525,148.75780555939724
EK202310236876,132.34420124704891
EK202310151933,142.01681812418903
EK202310203259,165.72719691320214
EK202310158609,152.24944902234878
EK202310142468,145.1486339969556
EK202310178475,140.97667765461188
EK202310113000,149.93649362678818
EK202310112010,144.65656529149166
EK202310141067,145.50769172176777
EK202310228986,131.2376170993127
EK202310123898,139.91235294645787
EK202310247624,140.37717910411146
EK202310110313,143.71762636926715
EK202310148786,147.82853785932843
EK202310200971,132.4726851789413
EK202310202596,155.2554182633455
EK202310196164,148.1831894642696
EK202310106209,131.25792411847172
EK202310177374,155.2983677744496
EK202310179062,152.0800706922427
EK202310222889,129.97047105391658
EK202310144590,130.47966441919922
EK202310136010,142.38395921227584
EK202310157710,152.56259057703255
EK202310168920,135.15311850520757
EK202310194908,153.4426208970767
EK202310245967,123.17010061747982
EK202310210453,141.03733028928394
EK202310223279,133.65464245439765
EK202310146923,127.50286213938729
EK202310231717,130.28391766424048
EK202310133833,137.2295493226634
EK202310108447,120.92235418024643
EK202310156614,164.28625859610764
EK202310124987,147.64801197467347
EK202310215881,118.47996013200354
EK202310161152,165.2082585837254
EK202310224348,134.24990410329056
EK202310242122,154.54341398089844
EK202310173831,150.9281843642594
EK202310122353,141.37562722910917
EK202310238723,151.3681468806909
EK202310232778,154.74918445222434
EK202310198262,140.16329951167802
EK202310206795,140.73344496994105
EK202310105061,136.56506685028393
EK202310147550,151.17383878721216
EK202310169793,150.87779928311954
EK202310174721,129.72772646165467
EK202310197557,163.38346136483446
EK202320007058,165.61696741919292
EK202310201254,130.9980830316958
EK202310243393,138.50984589431985
EK202310225384,143.3899803968925
EK202310004551,141.71206752412337
EK202310187388,139.57564704493876
EK202310221213,138.21649862444607
EK202310206186,127.37369099643865
EK202310118966,145.95317036984036
EK202310126228,137.16728363648218
EK202310143806,149.873796756973
EK202310134776,122.67983501426222
EK202310222461,130.65254960783577
EK202310125996,137.2962247691724
EK202310219494,123.21797946198456
EK202310110685,108.6620778397949
EK202310222225,131.21298526974957
EK202310191983,176.14342827090366
EK202310144685,154.9702635656989
EK202310179138,135.77796475940085
EK202310179457,139.02051319321282
EK202310217372,166.37535880824606
EK202310158103,171.08592062761
EK202310167022,150.55283194531705
EK202310148101,137.1825229836172
EK202310174010,141.73132627699255
EK202310247906,169.50658533002698
EK202310146964,142.0419200821493
EK202310195616,142.33906439184085
EK202310187966,150.18552285560395
EK202310172204,133.46612585625337
EK202310201348,149.88131636573434
EK202310125866,133.00376892484886
EK202310107865,145.91869575207534
EK202310116596,152.2993806183398
EK202310247975,160.00065196150692
EK202310118528,135.68085184298792
EK202310148683,152.73040342003813
EK202310158367,160.61135456295213
EK202310126019,127.36255110632287
EK202310163868,128.69293668776555
EK202310125121,141.18750619924182
EK202310152576,147.6371484282769
EK202310170352,116.09081025054168
EK202310233529,143.16550045682536
EK202310186906,146.00359472991838
EK202310144083,166.9777104806738
EK202310184975,148.03414355731175
EK202310178056,141.4227651907713
EK202310188978,144.28170851667554
EK202310217567,133.40159151972375
EK202310184281,169.6200509158807
EK202310140673,147.3764744939457
EK202310228899,134.95344356779606
EK202310196162,121.26490312285384
EK202310135089,171.3982525756704
EK202310115752,132.60312282455305
EK202310214385,155.14435023783045
EK202310232516,132.66751279975205
EK202310220873,144.64875878453918
EK202310172989,149.19597638389348
EK202310240149,137.94799854526502
EK202310212616,138.05209078652794
EK202310187474,144.47248444436963
EK202310156838,156.19212800581818
EK202310183007,153.3560112230736
EK202310227341,170.18557658907025
EK202310110343,157.66017233632172
EK202310198412,158.04875843299223
EK202310150894,137.76744260434222
EK202310181422,146.92271845102712
EK202310198432,139.29653476195384
EK202310187779,146.6295420860652
EK202310159706,156.4563054186222
EK202310127815,140.76098731971518
EK202310242438,142.37951623642644
EK202310145323,151.64877113493287
EK202310130401,155.86579387988095
EK202310116797,132.48276879774346
EK202310123002,141.35737673424103
EK202310152154,152.50491934741615
EK202310117372,149.46743258688255
EK202310116670,132.54663207730894
EK202310237203,133.22657578250292
EK202310162551,146.0355456582108
EK202310113370,132.63120356401743
EK202310228900,131.61514947072968
EK202310175209,152.49054066386086
EK202310236343,146.15701861074564
EK202310236383,134.05053220892043
EK202310131357,135.20904974576635
EK202310159166,137.1473058359467
EK202310170247,157.1144775948728
EK202310222379,145.97211196143073
EK202310154909,146.91443106735022
EK202310146442,145.123016265037
EK202310003774,142.23770713699244
EK202310112911,142.47022200845697
EK202310227351,146.5803900328772
EK202310209062,144.14954525091758
EK202310238802,132.645360860892
EK202310210919,141.02838951120827
EK202310232835,129.61977005113653
EK202310117128,136.4232286102177
EK202310219225,143.2767675465008
EK202310174933,161.76804056883327
EK202310204676,168.4046293576022
EK202310107148,152.05268275432616
EK202310181371,166.0198394182744
EK202310146220,152.69313395444206
EK202310224369,135.83563346692767
EK202310114927,138.4049126072916
EK202310177552,126.4271342462389
EK202310221588,155.53708682918005
EK202310107465,137.37009296055794
EK202310135932,135.1422306467124
EK202310110876,144.10773431061767
EK202310237021,134.27979714163604
EK202310109014,124.16206587026872
EK202310140401,137.24603805967507
EK202310137294,126.11881379402085
EK202310163064,163.53106208585044
EK202310147482,161.60385042544118
EK202310127284,151.82996860998776
EK202310201694,159.98817348357264
EK202310198350,141.72102795114426
EK202310208750,139.93430912116486
EK202310004741,134.12583964663256
EK202310164975,130.05215194195858
EK202310219480,127.72314646334652
EK202310213044,142.57874959931493
EK202310225710,135.56829602286365
EK202310174791,151.002007855387
EK202310110800,124.864153272583
EK202310208627,156.06929978291834
EK202310191043,146.82601325673673
EK202310154022,129.88294955011546
EK202310224070,126.25755188280436
EK202310119217,131.047210338762
EK202310166221,136.2012006291539
EK202310135615,128.9426640157635
EK202310184260,136.571899626259
EK202310123132,155.73168102145314
EK202310234461,137.83047165600652
EK202310167872,150.9850461573598
EK202310174913,159.14379902459243
EK202310199190,131.2186153418774
EK202310207044,141.68100623003576
EK202310121394,136.59974676866295
EK202310191133,154.178112078327
EK202310222955,132.69754953758553
EK202310193537,126.87020750142442
EK202310131922,134.08250304966467
EK202310241321,151.51028496613057
EK202310223125,146.1105656260531
EK202310177034,147.28410136093197
EK202310189208,155.30258566571368
EK202320006578,169.20096701451004
EK202310204325,145.25945438804206
EK202310104387,151.17195920513385
EK202310188941,162.9879636778858
EK202310163981,139.06595558571513
EK202310222266,135.60335978915924
EK202310108713,150.05031810987506
EK202310201346,149.88551292705137
EK202310218638,136.63350412655876
EK202310161345,142.0684006364339
EK202310241526,132.21971247818772
EK202310199356,124.82665498617085
EK202310134515,128.76346858146636
EK202310004519,119.18992137382648
EK202310135276,171.9081353073138
EK202310219279,125.2566890580335
EK202310136740,139.38871153668453
EK202310200952,163.0322047709858
EK202310110068,126.55916549111535
EK202310157132,160.92054446071802
EK202310149621,145.50514546922446
EK202310138788,157.80672389269085
EK202310224324,141.46879620075936
EK202310239811,148.68475006826
EK202310201046,136.33883847691988
EK202310165503,141.28634075183749
EK202310238259,163.7865424491067
EK202310165302,140.56324687297843
EK202310191144,143.33286049293093
EK202310185640,148.17018299967955
EK202310120926,131.67990180779955
EK202310197879,139.325547174969
EK202310196320,157.71376159892196
EK202310220563,140.21164809217856
EK202310221699,151.5014942187763
EK202310229519,143.10147497277356
EK202310108573,169.72753127285608
EK202310184582,146.25685459470603
EK202310211294,142.93275021702544
EK202310195625,145.2195243419269
EK202310139587,162.12912047860422
EK202310118764,131.30883124695305
EK202310110542,145.56126825378385
EK202310173704,156.87681148349827
EK202310136262,135.60524034699327
EK202310237271,140.07575006297196
EK202310205898,146.63637855330165
EK202310245831,129.69593627077074
EK202310193909,141.9955772705897
EK202310204263,143.82059398781894
EK202310105876,138.68947676050456
EK202310192947,141.00948644295877
EK202310183403,153.11750888449464
EK202310133788,143.7053173609131
EK202310222018,140.4910396764715
EK202310129042,147.7689466996157
EK202310227808,129.45184233134788
EK202310218437,162.17203458652972
EK202310237736,133.17078368764447
EK202310141333,148.39417158580233
EK202310156395,138.85703181892993
EK202310004469,143.14861608618466
EK202310114436,137.545167226777
EK202310118411,131.9242929441807
EK202310163568,140.10748939915035
EK202310183481,152.41679990377244
EK202310124719,156.47325806506922
EK202320006725,154.18173992688168
EK202310166370,156.62627711511004
EK202310133824,143.51824629756496
EK202310210325,141.24850293669215
EK202310144287,142.4302285522879
EK202310130686,150.67775909936935
EK202310177102,138.60898495461984
EK202310168931,131.17245148191458
EK202310235183,126.63639476742233
EK202310228458,168.63992732727226
EK202310207703,155.54022674752008
EK202310203188,165.6155462195918
EK202310111430,136.41663764918252
EK202310244894,145.88074532116215
EK202310113983,151.28972542494162
EK202310202824,164.7671870240667
EK202310138446,113.37652585292182
EK202310176444,139.4720316540224
EK202310126844,147.37767039170282
EK202310226840,133.40397635908565
EK202310109459,141.97717632519337
EK202310118743,153.74901950597913
EK202310129553,137.49302376082113
EK202310199845,160.74498668926552
EK202310228563,137.30758406816176
EK202310218219,143.6486887216332
EK202310197921,148.17729529246674
EK202310233068,139.2605691374809
EK202310159242,151.5114721055105
EK202310198622,146.43437038205187
EK202310203352,136.9773396393199
EK202310164418,139.17721391251644
EK202310119871,147.72266073320026
EK202310207409,150.9699737949093
EK202310109177,156.29366750476333
EK202310165988,150.23616096249813
EK202310199785,142.38903282795687
EK202310196659,166.2601378397645
EK202310169272,136.4339632614544
EK202310197425,121.90744872056325
EK202310175738,142.23731414449546
EK202310135941,140.31782898572797
EK202310139904,136.1056173378641
EK202310194855,131.84791963192623
EK202310221332,133.54524726193134
EK202310126755,137.02730933113443
EK202310220018,147.3433268246421
EK202310134041,126.60265648639282
EK202310210951,150.3809709326039
EK202310122540,136.86416608299277
EK202310205978,131.05262717121587
EK202310159579,139.54886400110448
EK202310118408,141.05562433590578
EK202310115221,134.18399463177096
EK202310120155,155.89158934978556
EK202310163240,146.30905843537028
EK202310147464,145.59492225417227
EK202310248306,137.6435013825351
EK202310152592,132.97970277012172
EK202310192478,137.75630292085012
EK202310126785,130.0447385047688
EK202310110706,145.7662131344486
EK202310182765,152.07102542699977
EK202310248138,136.5389153082402
EK202310186154,126.94632061896576
EK202310181675,174.90614170883566
EK202310217987,147.36376707780815
EK202310179130,140.5872324438544
EK202310135992,146.37722291302265
EK202310221623,144.44855043314175
EK202310113128,150.6933644063572
EK202310210010,127.37535416746806
EK202310163945,161.4019057982286
EK202310239487,131.0433898295403
EK202310238588,137.83208123718552
EK202310146898,142.29358008608648
EK202310147158,151.7609393259824
EK202310187097,133.27322952708508
EK202310195731,141.65768882467373
EK202310105999,135.76039479282528
EK202310200746,154.2038159932654
EK202310129579,136.39093163045274
EK202310197982,167.83404339838506
EK202310183465,141.3000317181307
EK202310105248,136.09344491521878
EK202310142138,131.28750712909527
EK202310171408,153.3366919661261
EK202310131832,144.79052478628762
EK202310211971,130.84037258423155
EK202310240690,141.74700101199343
EK202310003608,113.20681511576518
EK202310145836,143.4591340882026
EK202310171399,144.27164713208234
EK202310137705,145.24896411037992
EK202310136000,150.46383781495342
EK202310133882,131.18977359149574
EK202310141636,160.19145621016156
EK202310147290,137.73539966170938
EK202310241487,143.73158144319117
EK202310137723,134.500658691524
EK202310140855,138.49589892610146
EK202310177098,149.19089352783428
EK202320006676,168.15010761545437
EK202310112514,144.92517375855257
EK202310141677,146.37978237281004
EK202310175682,154.45919899293642
EK202310236633,130.79417914615115
EK202310196176,130.14344947831492
EK202310156999,141.05272688031366
EK202310213305,140.5619607347905
EK202310200333,159.55832645486052
EK202310196550,137.1038877440695
EK202310226257,143.2849349769507
EK202310210514,138.95104577032973
EK202310185954,128.58998149034971
EK202310239737,147.8269399412487
EK202310231636,132.9838847704623
EK202310167744,146.0764899720362
EK202310227786,133.99443244876764
EK202310234832,146.39179307649547
EK202310126608,135.0242187405174
EK202310231942,136.06825236795248
EK202310107679,151.41841356696548
EK202310154939,146.32645792717764
EK202310191434,127.86078552841515
EK202310143462,130.67563531807892
EK202310228890,135.61285666424592
EK202310181791,130.0192049113122
EK202310147122,149.44313421127976
EK202310114485,131.5766548198059
EK202310104634,152.63579177510883
EK202310183103,140.55304385101513
EK202310003449,137.25669136723204
EK202310220154,119.10443283753354
EK202310215919,126.93166809456866
EK202310183173,120.93901900935052
EK202310136581,146.30659021212142
EK202310135891,154.33532300006365
EK202310234960,133.06716985906314
EK202310213672,134.55323115676993
EK202310160012,143.25745220280808
EK202310112248,137.22881013433255
EK202310136825,151.97038898059992
EK202310243733,132.11470005739935
EK202310235540,138.17485592140014
EK202310241172,127.7117486557766
EK202310189939,137.58278592427493
EK202310115473,131.7765743479944
EK202310188980,167.68051298123203
EK202310248520,147.90983323322862
EK202320006015,156.95480972972044
EK202310156531,139.06614156999996
EK202310146465,135.18582510429218
EK202310104718,138.31652365718068
EK202310208272,146.72194095101588
EK202310170862,135.71990702962128
EK202310235381,138.63791362262452
EK202310171376,140.5373568474812
EK202310167650,152.58847084253097
EK202310160990,157.18121912483434
EK202310195882,133.4395820223935
EK202310190552,143.90610926275644
EK202310120695,135.83586971734096
EK202310177689,136.93119616159777
EK202310116634,139.8748019585214
EK202310110519,128.75426022854282
EK202310125017,154.8588142654813
EK202310182959,118.2047164595694
EK202310181811,154.1539629576658
EK202310214725,157.46648380592762
EK202310212263,146.05929646823898
EK202310122692,164.29810590522195
EK202310215131,144.48422392511486
EK202310202575,142.3642074962832
EK202310167856,140.62975582035017
EK202310196698,147.0376368998957
EK202310226483,143.59900487522623
EK202310162014,155.55430501604212
EK202310125942,150.7085445734348
EK202310106367,134.0789687788378
EK202310229140,139.4393652530142
EK202310207884,148.69459700989682
EK202310152869,164.52945337615964
EK202310178619,141.96400242392485
EK202310211976,142.5443825054124
EK202310229203,129.70166923444856
EK202310192119,171.69318882614695
EK202310202715,148.13790691856016
EK202320007183,172.95882907231416
EK202310218337,132.99457560503555
EK202310146967,136.82347957104486
EK202310184808,162.60303393205885
EK202310190764,139.25752194775328
EK202310156823,142.14473272427142
EK202310199791,145.57340131548725
EK202310128548,141.63706701536967
EK202310156699,135.61760662474256
EK202310191011,156.33774941639814
EK202310192556,138.96631144479173
EK202310201947,140.3259579693715
EK202310180835,134.81685589486636
EK202310218514,126.59080029880582
EK202310235403,138.51560620817406
EK202310222338,146.48158785184734
EK202310129625,126.71408079912706
EK202320005601,151.39575875510306
EK202310167199,144.9334353013338
EK202310216271,162.16476937044587
EK202310186219,160.34359589809642
EK202310200112,150.16843749770453
EK202310240709,134.78680381364026
EK202310140388,148.73111214652224
EK202310167460,141.55662377712608
EK202310207710,157.84507602711878
EK202310136954,133.03830546864754
EK202310238009,162.05592742034392
EK202310241135,141.08792010560148
EK202310118669,135.24564788658168
EK202310177676,134.43878745918917
EK202310110622,146.39214268527306
EK202310106125,155.26137083244993
EK202310137730,137.24635117979815
EK202310169952,147.24307423828037
EK202310201586,144.0111013297307
EK202310199082,153.30236846799167
EK202310110230,116.19630357394232
EK202310169093,169.28446429799362
EK202310151384,158.85968776911676
EK202310118353,123.70096666802667
EK202310217860,136.65999655325368
EK202310155832,143.15018731703987
EK202310192043,142.6061355124834
EK202310227031,132.30869040183086
EK202310181504,147.6182341912598
EK202310123944,142.75816980872557
EK202310155457,134.1849546993863
EK202310121127,162.57648308633165
EK202310004367,156.42882294016914
EK202310113745,141.27065817679613
EK202310121643,142.70076111220368
EK202310126640,138.01103156751557
EK202310203242,153.15389119107357
EK202310144892,137.440785671515
EK202310108440,143.10745686203154
EK202310169807,152.1363709157056
EK202310247122,134.88747682646647
EK202310129519,148.82906232568058
EK202310235954,144.16859053951433
EK202310122880,144.63797220141254
EK202310231944,132.32683068153722
EK202310244881,143.54895533554867
EK202310124312,141.5939963738732
EK202310193201,160.58788354349525
EK202310229571,116.2728806188023
EK202310157769,139.65273302463862
EK202310109164,125.29299874499142
EK202310188000,149.45070262789113
EK202310109289,121.85966898963257
EK202310157844,142.2707550456258
EK202310237961,165.1157717060598
EK202310138503,164.83979322483967
EK202310155205,129.2101695408113
EK202310199658,163.78459981679921
EK202310168116,151.59079961921768
EK202310236349,136.96722966661048
EK202310003984,153.68927321709108
EK202310227800,151.35200439014065
EK202310238162,140.46711812052928
EK202310207863,139.88606270561598
EK202310104629,132.20249271536292
EK202310199877,150.84151139437614
EK202310242313,145.1242844345914
EK202310180497,155.90185726367773
EK202310205863,150.05972631384978
EK202310198959,152.11183226257236
EK202310150579,148.01331410193973
EK202310142769,165.13232560000588
EK202310198383,153.82532859066737
EK202310114099,131.9700147661447
EK202310189094,165.07027669680764
EK202310128005,135.90066822456706
EK202310210639,140.43061520434236
EK202310247606,169.04522317931583
EK202310161724,119.86733272635708
EK202310141881,132.4106004220629
EK202310131694,138.23523940782513
EK202310204730,148.29380924822894
EK202310171972,124.97949659151222
EK202310208602,144.38033777235654
EK202310154432,130.84705735428855
EK202310122263,124.0288174988619
EK202310192830,152.46501985226692
EK202310211505,156.88785129666735
EK202310247017,153.72039225702537
EK202310106742,134.15353604354837
EK202310160358,138.63462048746044
EK202310241263,156.61402211163264
EK202310109888,147.8652772606417
EK202310119208,125.09704054221505
EK202310138383,116.48903079202118
EK202310195693,151.49043059474684
EK202310150042,157.74524293696652
EK202310233867,163.098987015226
EK202310151155,132.7530997436443
EK202310152450,140.95175365952588
EK202310216227,143.92582539356184
EK202310119674,149.3932592101833
EK202310151394,163.443331165695
EK202310198198,137.30024817399106
EK202310231585,129.93779738341127
EK202310220310,167.66931036272757
EK202310133553,132.8642781326995
EK202310119758,135.68957356327934
EK202310154895,172.6256167393565
EK202310166029,146.26162431883563
EK202310209935,142.60026432008803
EK202310106150,149.955728022107
EK202310220446,140.09477302807343
EK202310138946,148.195662549494
EK202310136698,139.4023382948579
EK202310237887,132.91940254750273
EK202310133476,153.4823784101928
EK202310219601,131.07544967347485
EK202310171218,144.99074853924083
EK202310235182,130.77980706608372
EK202310132648,119.81582979824852
EK202310244452,122.774034252586
EK202310138113,137.89702953995027
EK202310187317,134.48739045429485
EK202310179142,143.15275073451784
EK202310165891,140.06872320270125
EK202310177495,140.76814462011768
EK202310150032,172.11590128227863
EK202310133680,131.46979077518836
EK202310133975,161.34684695028398
EK202310203779,123.8497412591737
EK202320007546,145.5541452625954
EK202310191528,137.35513021986876
EK202310129147,152.5044348126611
EK202310181778,140.8276680511484
EK202310230476,162.0840881050692
EK202310110448,124.68123495530583
EK202310107980,147.8085249094673
EK202310150018,153.87256317709827
EK202310222076,128.90302550742763
EK202310178437,151.34239087856307
EK202310206209,125.26534372492506
EK202310211038,148.60736790258633
EK202310130172,178.52203097123814
EK202310166466,163.15784607850046
EK202310183473,137.19309380740938
EK202310196150,157.53149158538116
EK202310157693,125.7871587324143
EK202310104605,136.9142357512805
EK202310235306,154.90436683225536
EK202310107563,140.08405369797822
EK202310163320,119.64098055090668
EK202310136756,140.44401361089558
EK202310211564,128.16289904646516
EK202310232534,130.7675631975988
EK202310132550,130.27452262870497
EK202310160312,158.06637156401155
EK202310234805,137.39867625096582
EK202310185938,128.32066028829726
EK202310144699,163.44483547630452
EK202310191954,160.84973178772813
EK202310146126,137.00371676413363
EK202320006284,156.86026918916073
EK202310185460,153.61520925745216
EK202310191567,157.2975350409762
EK202310222307,143.3644190314342
EK202310105032,146.450362266795
EK202310230256,127.63331992123686
EK202310220456,147.67077121027512
EK202310125059,141.33386930989124
EK202320006649,170.62631374252769
EK202310170919,149.18857551429153
EK202310244926,142.8691926050902
EK202310123389,127.84307510086172
EK202310122848,138.18866668288763
EK202310211774,129.7925027147782
EK202310197231,120.72171622283378
EK202310138568,133.8261846756281
EK202310198554,137.77065717992184
EK202310121478,139.65267157832307
EK202310236719,139.01608750280332
EK202310168801,158.5023402487434
EK202310224443,145.76229088967534
EK202310206512,138.68962738958717
EK202310220836,158.83350074346106
EK202310247269,141.00888057084256
EK202310131994,120.56575622811097
EK202310134008,124.12206785286696
EK202310157322,143.61253664520024
EK202310143414,162.65472235345385
EK202310173429,145.34169452884288
EK202310217512,132.67896732640398
EK202310166684,150.1500527916799
EK202310203358,141.22807688411604
EK202310135525,151.1022947133608
EK202310190632,154.88839639257662
EK202310109605,158.11340206417844
EK202310209788,131.82119448685978
EK202310184706,142.36582739619342
EK202320006994,161.1020060735651
EK202310184357,137.56874500531165
EK202320007190,138.784168767793
EK202310105990,144.4288244829064
EK202310168348,132.54696434174664
EK202310138422,138.6770444378562
EK202310136152,149.32303783352896
EK202310126424,131.14095787348472
EK202310147111,163.65084296502596
EK202310231544,116.9028145881368
EK202310149122,143.95878228822247
EK202310212352,137.18569961990477
EK202310178385,148.68179107619807
EK202310224803,165.82192172871228
EK202310004063,147.64619325476463
EK202310206156,151.13600796279312
EK202310157699,126.33989418060817
EK202310154414,156.75238259942216
EK202310149221,124.54685945255716
EK202310171384,150.91050881577434
EK202310153408,142.18894205443482
EK202310109654,141.40250490034023
EK202310158683,133.112133416371
EK202310206976,138.59324718492934
EK202310186788,137.30235687476483
EK202310187515,157.6581308608641
EK202310153792,159.2403629078834
EK202310144321,143.69127473220001
EK202310222822,137.4943731353154
EK202310152281,164.40094064995947
EK202310003851,167.77892622359985
EK202310205656,157.90970732844033
EK202310239556,136.17101867014122
EK202310145427,151.81301744810497
EK202310107329,121.08391734265793
EK202310135305,159.2018201281749
EK202310225618,145.7632680884855
EK202310212945,133.84595665502388
EK202310244567,157.21422711667378
EK202310188392,132.15975744092137
EK202310188450,149.6881609474829
EK202310119188,142.0584343547131
EK202310156387,134.10812583264794
EK202310154237,135.2638936446308
EK202310232890,146.64469410306197
EK202310219207,114.77192760305195
EK202310247057,144.84979067202312
EK202310229305,144.26058792518134
EK202310128710,127.88209336197258
EK202310179533,140.62032467370676
EK202310115467,122.12268585749598
EK202310237723,135.3424679504231
EK202310197376,161.5372410036703
EK202310135350,152.3289049363329
EK202310135038,179.5581132021406
EK202310190843,151.1226971605669
EK202310148220,154.05816133179172
EK202310193335,156.59135379032043
EK202310201565,146.00690084247995
EK202310108505,146.71870818098412
EK202310236715,146.95220483512531
EK202310149792,145.20135429717422
EK202310193733,151.8922359941326
EK202310248391,138.691966411932
EK202310134202,156.52452082662006
EK202310174938,162.13802498350114
EK202310104253,138.02604614138852
EK202310178227,153.19040233446282
EK202310200622,143.0178913100865
EK202310162938,139.23084114597077
EK202310136715,131.93604516091972
EK202310219551,135.35980801020585
EK202310213720,153.58374554448696
EK202310197334,163.79181165488828
EK202310162409,148.18729252374757
EK202310176758,128.66686195935668
EK202310106155,146.59478907486456
EK202310178600,157.40221418110087
EK202310181111,122.951376122759
EK202310237737,117.74476079445729
EK202310135634,137.0155697620535
EK202310222019,144.21138848160007
EK202310211690,132.2408316666262
EK202310223930,144.56203468759298
EK202310159564,143.14859020148927
EK202310123361,147.62496237491683
EK202310154711,157.30456453213233
EK202310196284,168.48040624315584
EK202310142525,149.40030611856406
EK202310185635,153.2259592715888
EK202310163743,134.93563827952454
EK202310176119,158.15140046058795
EK202310243732,140.43799620736604
EK202310153106,162.9047672571772
EK202310105266,148.76467146544047
EK202310192211,136.77656169793536
EK202310109959,122.54799968546894
EK202310124347,138.06901854136407
EK202310215657,132.21769778744982
EK202310181609,143.00856019852617
EK202310166089,148.0152409915629
EK202310180562,145.0308767425039
EK202310220766,139.67284411172687
EK202310208527,134.3560232334919
EK202310197946,132.98947911999883
EK202310165805,122.53650433417947
EK202310184781,144.8636871134806
EK202310212044,160.71085514674957
EK202310182865,135.43096209951568
EK202310187564,149.43826822885575
EK202310187093,154.38139155203424
EK202310243295,143.0694895594545
EK202310156858,152.25994667924007
EK202310123996,160.73017395972977
EK202310120097,136.6563648590197
EK202310135094,169.59769428986326
EK202310189874,130.5371256147188
EK202310210390,141.66624118029543
EK202310108372,147.14869657923026
EK202310217559,150.68844918683905
EK202310136995,148.3260450409053
EK202310119918,143.74805906720343
EK202310108102,127.6778431267497
EK202310205335,151.36584908253866
EK202310192571,139.503808238449
EK202310122214,153.44432583835078
EK202310111079,142.7593214090227
EK202310143134,144.5319452169214
EK202310244019,141.94601694265046
EK202310238237,131.42748639125767
EK202310136960,138.67601211179226
EK202310140905,142.1326286315275
EK202310207571,141.90671099552756
EK202310185887,153.3651163932396
EK202310179874,149.76273045248172
EK202310228155,135.97139827735333
EK202320006551,161.65689675355276
EK202310198810,174.4568169926699
EK202310197956,143.01311164411226
EK202310109446,170.00284320016618
EK202310145921,151.11967849010605
EK202310127078,144.79559202953035
EK202310106661,129.43624025307653
EK202310107868,150.11506740227304
EK202310137756,124.16020910287219
EK202310112214,142.89873886100028
EK202310223082,147.0219627738004
EK202310180270,149.42353700194076
EK202310164239,149.1545127257503
EK202310126360,136.21626387346734
EK202320007775,157.33446369236862
EK202310212210,132.55516761183793
EK202310154670,149.91472036579842
EK202310225780,139.73664934991865
EK202310159250,147.98338556074404
EK202310189634,154.86440499506898
EK202310140814,143.45329484775206
EK202310127508,171.90221581940006
EK202310218677,139.5288411911819
EK202310128068,142.98532640156532
EK202310113414,137.02928651523385
EK202310127227,147.0467105999017
EK202310119514,145.8661829654384
EK202310228944,112.61289519430574
EK202310109272,145.4005504267132
EK202310181673,160.65237463032483
EK202310213638,127.72316177057331
EK202310244798,147.4077159576684
EK202310204831,134.3666146568577
EK202310208541,132.75386666926488
EK202310226684,140.70243773111412
EK202310106021,135.91797331704603
EK202310186790,152.6836309013867
EK202310134623,133.3801298296852
EK202310004353,144.56043837772697
EK202310120823,123.78390072599234
EK202310193351,135.74863996125495
EK202310129759,145.8968072213222
EK202310211069,149.15056190499183
EK202310145710,133.6839809737568
EK202310129442,152.40749518849313
EK202310157511,121.71929044851197
EK202310210155,137.05468787949653
EK202310240481,122.44193584912324
EK202310182044,159.7735226665346
EK202310180996,152.18578193074504
EK202310130678,141.5565168753964
EK202310003775,121.7782333225468
EK202310155552,142.20803268261105
EK202310111202,148.81395758010683
EK202310108361,131.43063617698965
EK202310224126,144.45777115308985
EK202310115508,122.46437549746794
EK202310225464,129.59588709485513
EK202310198925,127.51780383424779
EK202310143314,159.10670156545373
EK202310231386,138.82841814978565
EK202310120970,120.79698130494411
EK202310179304,135.49374292962668
EK202310222188,138.24158091421845
EK202310173726,149.04953727220487
EK202310151318,141.63251931349726
EK202310139619,136.6340175081264
EK202310175938,170.21759178561962
EK202310178847,146.77572757511027
EK202310191627,150.4506528701583
EK202310180100,139.83314683823264
EK202310237846,145.6021208407967
EK202310136435,149.93550612356023
EK202310104391,124.35856168837518
EK202310182074,136.96227479680482
EK202310197546,167.1615258883685
EK202310237183,149.1039890855681
EK202310113688,142.38148606711496
EK202310168496,136.6053460392694
EK202310140650,146.7127034917189
EK202310202579,152.82319553831198
EK202310173337,139.1208847592076
EK202310148159,138.73785343068832
EK202310177447,147.7640375366668
EK202310172439,167.82120180962295
EK202310193776,146.2286298874627
EK202310126160,126.65536669436108
EK202310129091,149.04772561686156
EK202310180011,127.82517537308901
EK202310219524,167.70081437686267
EK202310188997,130.8982861010522
EK202310183044,147.1375706769828
EK202310192813,152.8048003548841
EK202310148696,156.3948140446273
EK202310197244,162.58814089504193
EK202310243949,129.5991431058864
EK202310223004,161.45365517426782
EK202310159964,144.0132399944044
EK202310226266,143.19724161836012
EK202310227381,145.28255690182576
EK202310143706,153.8398883750561
EK202310156505,141.40758034017944
EK202310146977,148.94497325611428
EK202310207164,162.75083804130745
EK202310115033,146.33459553963274
EK202310197774,163.2262680440596
EK202310183602,157.29473938902873
EK202310163574,129.72317904921746
EK202310139474,143.7199854437925
EK202310139787,137.1854394733688
EK202310151771,147.96922412437277
EK202310141474,147.22743510774475
EK202310201682,143.68531490776638
EK202310235051,145.8745529320538
EK202310197036,140.41688692885756
EK202310208162,122.47051740051305
EK202310192736,145.555310400417
EK202310239207,135.6386117332616
EK202310213359,125.36180897829267
EK202310165987,131.28019194376648
EK202310144351,138.3802420133827
EK202310192377,163.26872249600837
EK202310178661,148.02439769290623
EK202310133799,136.86853477100152
EK202310167137,141.21572588005466
EK202310196182,165.38332258280445
EK202310239217,127.66113589619822
EK202310163146,148.48924371796946
EK202310139455,147.34067917445122
EK202310164544,132.55035703955716
EK202310105037,156.79350107072796
EK202310168936,156.4581428070296
EK202310182321,136.43318969229344
EK202310223204,135.89686663812728
EK202310124648,145.03774028069284
EK202310133402,118.73659694177523
EK202310189249,133.53791355390226
EK202310211896,126.11217513273566
EK202310153695,141.1273655641316
EK202310197047,143.84072536060833
EK202310115358,138.34661824808936
EK202310178231,146.90539681106048
EK202310140750,167.74069541610962
EK202310196690,134.78437711453623
EK202310180158,124.24606188649929
EK202310118819,150.74102081011748
EK202310129172,133.81682248584121
EK202310160427,159.15708280094924
EK202310217514,143.8078599687725
EK202310228544,135.1886926899963
EK202310129411,152.81622123523942
EK202310120076,133.58920414244164
EK202310147682,149.43790026905128
EK202310119579,148.91020263360738
EK202310231294,133.30614294390602
EK202310205896,132.04904514000725
EK202310168792,164.44177633057714
EK202310194600,137.16024247170245
EK202310231773,127.47501107140144
EK202310197094,136.94963000004307
EK202310159125,147.28544545800017
EK202310145220,141.19977121837388
EK202310109432,142.4839307404017
EK202310154128,127.92331128740389
EK202310226955,144.40422241883812
EK202310232457,122.51628490715447
EK202310196244,145.57879823529518
EK202310246079,145.6283778944687
EK202310168088,132.80532697504543
EK202310128614,134.15480260664117
EK202310156766,159.32179763474898
EK202310208139,141.0018938750982
EK202310167951,144.18624039127428
EK202310140914,147.50117628962735
EK202310123858,136.3617286647808
EK202310246678,162.7902091250419
EK202310231310,146.26460458242815
EK202310145596,154.4057345660085
EK202310227515,153.17031902429144
EK202310124946,139.27018716165188
EK202310146823,122.87091843452329
EK202310135586,153.15509421619703
EK202310201307,136.23455375656715
EK202310182403,159.09348894635679
EK202310215443,134.65795500290272
EK202310126298,134.96481392585426
EK202310189734,139.08226349874394
EK202310150496,145.6598858081854
EK202310201647,130.1142793613516
EK202310236856,138.1017693925113
EK202310141840,151.43735703795153
EK202310129012,147.82585022776956
EK202310191859,136.66755863649303
EK202310128135,127.3485628759277
EK202310140784,152.8724422957547
EK202310106371,139.15641141622513
EK202310189118,136.10792561925552
EK202310185786,135.86038479100452
EK202310177437,147.10649116143955
EK202310183495,143.1499956382212
EK202310183166,151.05013792189834
EK202310121858,128.45722260114488
EK202310128877,136.13115994022675
EK202310155995,151.67082096280538
EK202310158905,138.85703857762087
EK202310197700,144.73113922237695
EK202310135362,140.81099417517282
EK202310238208,154.40329451985602
EK202310225984,147.34546198900915
EK202310196965,162.40535640274337
EK202310244512,158.22081109105326
EK202310113816,142.40370656517752
EK202310141423,142.83618386714468
EK202310226411,135.13023835922684
EK202310217081,139.7312343237344
EK202310161000,133.00585087830743
EK202310141027,165.60968329756005
EK202310231746,138.86053414674285
EK202310209069,137.05092433816876
EK202310142345,166.02322809901227
EK202310117104,136.74222767041405
EK202310108603,141.0322249373443
EK202310196141,147.71153187375097
EK202310192522,152.50464562246842
EK202310144266,142.8550550944959
EK202310203451,157.95862290424176
EK202310161877,157.1138447782699
EK202310155543,144.6892551406273
EK202310123638,161.75433153050065
EK202310145309,137.8826124121216
EK202310138293,143.51675042755627
EK202310227474,134.2866371916489
EK202310227560,137.84441392922784
EK202310152889,174.56301137069764
EK202310107200,139.877344087187
EK202310205243,125.93679365039453
EK202310203128,151.66784083045044
EK202310176303,165.13989069569385
EK202310236159,133.19131943559242
EK202310146226,151.67659485008863
EK202310114477,134.71584249868334
EK202310193701,159.050435799449
EK202310132862,122.72213199149465
EK202310146635,129.8597516203184
EK202310118476,159.26932514064984
EK202310207776,139.4827426738088
EK202310165877,119.64442975055472
EK202320006410,155.94717584654086
EK202310111513,152.96924346886237
EK202310143909,138.39727174940572
EK202310132541,132.6974962419432
EK202310209469,151.60558552640123
EK202310103777,146.90681618098364
EK202310138311,150.37809173703837
EK202310155715,150.58108370146792
EK202310161111,160.90996474490572
EK202310231380,123.20769539463586
EK202310129520,134.40643212215883
EK202310234907,141.67889785869068
EK202310107216,125.46090634272456
EK202310106843,138.52332527113538
EK202310204308,137.6602350892143
EK202310214592,167.33457705909566
EK202310116839,148.71715248704032
EK202310180647,131.80063504022857
EK202310142824,132.47273572652205
EK202310196639,138.9365635432605
EK202310231947,134.4607781572318
EK202310135996,157.08205574091704
EK202310225970,130.10467626847608
EK202310232921,139.89226902801732
EK202310229671,143.8865532045793
EK202310143117,122.75671041861355
EK202310235001,123.16398451394942
EK202310223296,136.46573243966546
EK202310166180,148.0805604138386
EK202310144778,131.62308143318631
EK202310140206,157.2835749342641
EK202310146221,125.16695751117825
EK202310191931,149.09389872987094
EK202310139195,135.44764093130982
EK202310110326,141.71926001950237
EK202310198683,146.01950258612897
EK202310108642,140.3931669654411
EK202310147919,151.63025709009565
EK202310120403,131.67535412928373
EK202310148663,144.81603782913317
EK202310194369,143.4548810625713
EK202310188744,149.28831604372772
EK202310197143,147.58168998969737
EK202310188007,161.78787991647366
EK202310230690,129.85288798611302
EK202310109322,140.33379977078178
EK202310122503,136.32633522166006
EK202310208466,138.6195651715065
EK202310169759,141.17596722762184
EK202310004770,134.2950739306671
EK202310197055,145.53166699518366
EK202310190099,142.26830385866296
EK202310238226,143.4047720418556
EK202310166147,146.6884677016834
EK202320006000,167.73495499924354
EK202310214036,148.97535335741446
EK202310004510,133.9511387455327
EK202310144131,131.83282580176024
EK202310182006,166.59315661016163
EK202310115418,133.8942242296691
EK202310203399,156.38277862303406
EK202310219700,149.39596937756815
EK202310141585,150.64439168470759
EK202310236911,146.28340873295767
EK202310153553,136.1688986820467
EK202310152777,157.04607837557552
EK202310216006,144.72763026721108
EK202310159334,153.59775911013193
EK202310200189,139.4285189662242
EK202310176376,150.22129946292839
EK202310177091,150.306666469436
EK202310135092,177.68505716749868
EK202310152730,149.13554336199047
EK202310194718,135.19816517424243
EK202310174761,163.37355235495323
EK202310187516,156.201979996729
EK202310225948,154.7070598595487
EK202310159500,157.42962799169098
EK202320005628,151.7405348758737
EK202310150262,164.6409157291281
EK202310197555,161.14484190037868
EK202310224652,143.04674125835905
EK202310239239,126.27160654629131
EK202310222699,138.2252423796688
EK202310115560,149.65632214225118
EK202310179277,142.26996192148397
EK202310202696,156.519185521005
EK202310154234,132.64861460121762
EK202310113254,129.40128422966544
EK202310139630,143.29823278667638
EK202310202764,158.1955458139728
EK202310121640,137.69364595414555
EK202310142534,141.00125598265424
EK202310239215,138.3597565109165
EK202310244715,137.32199495830722
EK202310185779,131.93689165506495
EK202310221201,138.88042404108137
EK202310206833,147.80343056158316
EK202310171904,152.67978767835697
EK202310178044,151.60584552721903
EK202310168114,163.72796174686638
EK202310138587,139.2088753734286
EK202310173356,141.81105246514352
EK202310197110,158.71620823906576
EK202310242357,138.5523150218644
EK202310208746,126.73032794811066
EK202310217847,130.69046032645497
EK202310199265,122.21393549534687
EK202310182895,135.1704672333591
EK202310107553,147.15592662493827
EK202310107608,144.59727134452123
EK202320005608,155.76751905716148
EK202310199563,139.43977625099848
EK202310141002,134.14700673415274
EK202310187238,148.22785072504902
EK202310187741,146.86888634897923
EK202310189994,145.96033974718873
EK202310147256,134.72859133195516
EK202310118527,144.49680850522273
EK202310229103,142.10082275706247
EK202310135696,119.31528172501413
EK202310165074,141.19774305863504
EK202310205649,139.61212927256705
EK202310174231,139.99287830605067
EK202310181105,145.45408470060124
EK202310173608,153.49169579714385
EK202310147350,139.40088090828814
EK202310145408,119.97622859817179
EK202310163214,134.09401360356372
EK202310141179,149.60807979542892
EK202310235877,135.6395196788373
EK202310168519,149.12734031288372
EK202310111852,147.02612534601357
EK202310120721,133.13642467422386
EK202310239396,138.38540952564574
EK202310125811,149.95282362314828
EK202310122414,157.86316342393062
EK202310109063,149.8516994846009
EK202310136944,137.66702232734326
EK202310112504,141.0866371528054
EK202310187424,146.0716833487141
EK202310107467,128.09714026104425
EK202310170488,138.35472203611837
EK202310221856,124.17231148590037
EK202310146245,142.23271682789314
EK202310211446,142.4152268224338
EK202310234464,131.99869779853321
EK202310216823,135.15807702605687
EK202310158691,138.57014299041174
EK202310130435,130.4761035721653
EK202310173064,145.85304571674487
EK202310159177,147.6063969264054
EK202310164312,130.02158296939928
EK202310190628,151.88023740087297
EK202310108846,137.15043690696405
EK202310180445,162.32186150639114
EK202310131205,157.0225865940554
EK202310164126,134.8923474041232
EK202310107936,148.4548457414252
EK202310243521,147.54620122690187
EK202310208141,131.82698752508293
EK202310190781,134.52819888064667
EK202310172000,136.31255519959782
EK202310190053,145.33566571761142
EK202310233066,125.44937748776962
EK202310131018,126.17332318594896
EK202310149945,142.19074979897553
EK202310205501,123.8165506343534
EK202310248483,133.68878847755101
EK202310129538,133.98864937837985
EK202310167469,151.08530053503839
EK202310106330,141.04719020093557
EK202310225391,151.08340600199577
EK202310125703,143.99528844933081
EK202310208418,138.05152916412166
EK202310147781,135.81054582101166
EK202310164598,146.0888525564881
EK202310214120,160.88183387535219
EK202310118444,138.17618124406363
EK202310145109,136.6692951578263
EK202310150661,158.05743033773075
EK202310134650,134.6769993811911
EK202310170695,164.80806299062388
EK202310171347,150.8107126861555
EK202310118507,132.07089445393947
EK202310135088,175.36720481715224
EK202310169570,149.98911718846563
EK202310198285,155.63011480598573
EK202310244339,149.90973883072184
EK202310218458,147.99627102557557
EK202310167361,144.25228773091723
EK202320006358,154.14676236134284
EK202310155685,143.7325655801518
EK202310193521,152.5675378921449
EK202310178456,143.172503373886
EK202310120435,136.2243876335393
EK202310229594,128.35840215534841
EK202310204793,138.08879295084643
EK202310128806,137.48729510921598
EK202310145561,143.38135300321207
EK202310218298,132.74990563799273
EK202310185508,141.35648729478478
EK202310169152,162.5637432922502
EK202310119338,125.72047313758543
EK202310172073,161.72905821206473
EK202310164403,166.414042588479
EK202310228535,133.73735554360647
EK202310233245,127.94039399160016
EK202310247155,138.95519077721752
EK202310184707,157.3428056930813
EK202310244628,136.87186419070017
EK202310184991,137.11749496301505
EK202310200030,139.85187575579965
EK202310131926,136.17466858596384
EK202310183294,169.65345956894956
EK202310156979,151.46973765673715
EK202310196008,151.76260757710494
EK202310124917,149.6144734556941
EK202310182478,139.12656846799675
EK202310206853,158.25979122748308
EK202310131555,140.90852820729756
EK202310134282,152.56835017896418
EK202310120141,155.81344715972418
EK202310246441,147.10681547399594
EK202310195921,137.7928015686276
EK202310214428,136.68534408554686
EK202310124519,148.89090552844965
EK202310153352,145.56198599592514
EK202310155554,140.47949409776226
EK202310193684,129.83309050205605
EK202310225319,131.54707022305396
EK202310148621,132.8233355518521
EK202310237907,147.3870263383092
EK202310202805,136.58970701465327
EK202310161990,170.4135144736151
EK202310200477,133.85925750220332
EK202310114915,141.7720002728753
EK202310242909,144.9244118388526
EK202310142330,133.61515180221673
EK202310221377,140.4851528834303
EK202310137957,136.62056379431706
EK202310151180,151.15228659833215
EK202310182686,112.60640304717069
EK202310244166,137.48569384959794
EK202310242349,141.1915867186676
EK202310121472,127.61630740869
EK202310192151,148.09439391275822
EK202310112554,126.9746179522643
EK202310225810,137.1524358519525
EK202310235008,133.53114849478396
EK202310217946,152.21525014911123
EK202310197822,158.83509102400953
EK202310003944,153.31509817507342
EK202310135754,128.13511698454658
EK202310235898,127.91792331945355
EK202310171140,145.04848880540007
EK202310145149,165.90309560366333
EK202310202195,143.80618582189828
EK202310220091,147.80132295312777
EK202310232376,138.20119346494332
EK202310189509,142.90852393267375
EK202310113709,144.3424003993084
EK202310119993,131.74878715485048
EK202310223647,149.50730920521306
EK202310227478,140.3271685855076
EK202310174661,129.71389921357837
EK202310165728,164.77455562464684
EK202310182436,172.89930227417662
EK202310181591,123.98909230959579
EK202310233458,142.6396863679277
EK202310138708,143.1632845930138
EK202310107419,133.80304043232374
EK202310242771,131.25710764902266
EK202310110825,121.9530302228246
EK202310148516,147.05192989540942
EK202310169259,146.91634410407295
EK202310139428,146.5587526445055
EK202320005946,157.7186372604288
EK202310212395,138.77094388860783
EK202310211186,139.96388523775207
EK202310124150,133.16329226491249
EK202310172970,142.2936739388721
EK202310212383,143.98624455608768
EK202310152532,116.81749693903572
EK202310174856,131.56417571195763
EK202310150761,139.08010585967872
EK202310192707,149.0171798356528
EK202320006514,166.17401025979802
EK202310230857,136.6361685710604
EK202310209642,152.95913366208333
EK202310244831,151.41563439520556
EK202310004958,139.68243275963405
EK202310222994,153.3818905163529
EK202310122972,144.55538523713886
EK202310240517,160.15182571747968
EK202310154489,146.80227126121162
EK202310149568,161.4990655609744
EK202310173750,140.19145173538973
EK202310127136,149.7834105149852
EK202310162460,141.57715029571816
EK202310237884,150.2918117929874
EK202310128591,139.63523272571902
EK202310167782,155.50913247193088
EK202310173162,144.77711651342906
EK202310176040,175.6136377723499
EK202310180187,122.6098525763316
EK202310205385,152.65749923144153
EK202310189417,142.29540192717764
EK202310110265,132.0055685633238
EK202310175081,159.57637349637136
EK202310241247,152.31364236589113
EK202310210940,135.96111669033527
EK202310239869,137.0332695252584
EK202310208022,128.37948489493778
EK202310186683,127.28950587668376
EK202310244974,151.732891846818
EK202310196503,144.8581886210332
EK202310147774,147.84691447934424
EK202310194263,148.87037941228522
EK202310188228,142.052545015077
EK202310164624,138.93740869202637
EK202310153042,152.51079588821952
EK202310157883,148.30226457461993
EK202310110532,133.32387534751706
EK202310166599,145.6092228847563
EK202310153767,160.07597597036082
EK202310126138,126.23758582538133
EK202310121044,153.39191211022708
EK202310133142,147.80651088354517
EK202310128385,120.13604723028007
EK202310175042,122.0157193259335
EK202310189448,153.37434764925425
EK202310190050,153.92856291488005
EK202310172092,148.15618798928145
EK202310207334,134.94684223580646
EK202310182559,136.71980447079795
EK202310137090,151.8299562961426
EK202310190532,126.4933256005792
EK202310236425,131.8232532301492
EK202310203185,129.74759556093568
EK202310168314,133.6736824322735
EK202310151263,171.8714753992566
EK202310108095,151.78449300166025
EK202310232838,146.92564235801066
EK202310135295,164.4977399877164
EK202310163910,141.2122948229851
EK202310194553,143.46732988698417
EK202310174190,137.3620395579593
EK202310231328,135.85050465096325
EK202310147991,147.07322146318973
EK202310161571,164.63314206557263
EK202310240598,134.54896279085384
EK202310236106,135.64082609542393
EK202310109500,139.9823736888003
EK202320005589,165.4499724710051
EK202310143413,149.93678106306098
EK202310153498,153.12716555797485
EK202310181818,150.07548100600587
EK202310137951,135.7739219774641
EK202310158889,150.57666769003626
EK202310147118,144.1726535741134
EK202310153978,169.5813986477613
EK202310107126,142.1738332790612
EK202310145858,136.0749433941855
EK202310220104,143.25814204232952
EK202310112400,129.52864222192156
EK202310236894,152.99336471697936
EK202310217550,125.9717990256683
EK202310236693,134.70048784609605
EK202310217785,129.46036554742238
EK202310235143,147.6672179932338
EK202310182831,142.98283281237963
EK202310117677,153.71087221315764
EK202310207224,156.79517302911086
EK202310217694,145.9152145795134
EK202310144000,153.99741631639387
EK202310165837,158.92837861000723
EK202310211421,146.40114823095618
EK202310004270,145.3245686416862
EK202310189309,149.91190689493249
EK202310127417,147.6115468762939
EK202310197347,165.7487847173394
EK202310209401,167.75404857190668
EK202310180542,128.39011917043172
EK202310162786,137.65941739008076
EK202310223059,141.1803368051462
EK202310147692,138.92393023948483
EK202310244440,152.85569914483426
EK202310180779,143.9058974653254
EK202310189325,124.20341377690254
EK202310110924,137.5428237452852
EK202310157687,129.00420519847927
EK202310154799,151.55889278951983
EK202310169628,127.7269793309837
EK202310169107,153.5623331396936
EK202310105506,141.72613049176866
EK202310154969,137.32048302880563
EK202310122511,124.50451187921927
EK202310156453,157.46421060725714
EK202310246928,105.6858909084128
EK202310203362,159.44277561063808
EK202310138843,146.78735183422603
EK202310157857,150.54526825583025
EK202310236705,133.8885580824305
EK202310236064,126.13080925809791
EK202310190655,142.83630559669277
EK202310232773,169.15763603869033
EK202310209352,128.16951656128526
EK202310196574,135.8183651561923
EK202310153431,126.6212863251109
EK202310213738,146.76369898042338
EK202310159195,160.1967282932907
EK202310192497,124.80585642309943
EK202310179803,130.24298985033676
EK202310122219,142.68432267937166
EK202310121778,156.8264866459282
EK202310240799,140.18980986161336
EK202310186388,144.73992598033533
EK202310227442,142.55456707198832
EK202310236831,140.28638374124168
EK202310146534,146.56567475373163
EK202310108548,137.0545058874642
EK202310127039,128.33715324842518
EK202310239867,145.3443201468063
EK202310140091,159.0395831104712
EK202320007345,152.205549776846
EK202310181587,129.958839386522
EK202310183586,164.3998631969245
EK202310161537,160.46897461989494
EK202310221929,148.45458200942437
EK202310115533,131.65662781410416
EK202310245422,128.01200566847427
EK202310134303,137.34437127472384
EK202310206878,139.47009235953502
EK202310143077,139.80507465937856
EK202310187766,135.56871721720128
EK202310233861,160.68427371341716
EK202310145715,137.52437258595543
EK202310186238,134.86697216865673
EK202310168663,129.92499969525343
EK202310230983,125.90545682072508
EK202310139816,145.0637095108876
EK202310206473,132.55138206711055
EK202310153829,142.470865405008
EK202310182371,159.49837643710524
EK202310173647,143.8555248459861
EK202310114150,138.01435907829307
EK202310242508,142.99089877374166
EK202310203427,163.07847299193293
EK202310132984,120.84185614596895
EK202310117793,124.1749225194057
EK202310138841,136.8212517672787
EK202310139058,148.89313482642638
EK202310164995,131.39794108821584
EK202310202198,153.61508789891914
EK202310160037,132.88902501049358
EK202310138091,144.99569038513235
EK202310183753,147.98325734232515
EK202310211184,127.1697980228005
EK202310187233,138.29853552929865
EK202310225971,121.81612848595341
EK202310155927,135.62969932042782
EK202310123628,138.43266944138722
EK202310183593,173.76895441787534
EK202310196797,135.5243472393821
EK202310129620,139.03120073606493
EK202310157287,142.93921502198816
EK202310181152,130.8614018048795
EK202310203161,167.38448805554972
EK202310247889,131.71977521385855
EK202310205874,134.99731194779122
EK202310175828,153.7078440838953
EK202310141292,146.20712742149044
EK202310127480,138.24702802230698
EK202310112716,147.17812482639889
EK202310200229,143.34127211777428
EK202310112035,139.1053323168784
EK202310204257,128.37104837490745
EK202310145471,141.23011026811835
EK202310210409,143.51114967221253
EK202310166832,136.5924811434526
EK202310248711,137.8928581011449
EK202310177732,134.32766900647158
EK202310160771,136.008316573247
EK202310136073,132.7496722414028
EK202310182269,144.11369471507695
EK202310240985,147.8042496460185
EK202310106392,134.7901258247494
EK202310208908,123.28423802000796
EK202310113165,139.5153603022973
EK202310152602,123.88766653123318
EK202310210636,140.58683634439362
EK202310140721,136.89453847803287
EK202310148290,142.67910045042353
EK202310199880,151.94341024603662
EK202310227144,139.78627361554493
EK202310147589,130.9086976959099
EK202310004177,154.19708603538575
EK202310138763,153.23398161269034
EK202310172464,163.3502298478698
EK202310105200,145.51093711329713
EK202310184573,143.66975576971473
EK202310208816,114.66434096560414
EK202310109118,145.38594808455247
EK202310200139,140.12011447619102
EK202310133070,133.51231166641875
EK202310122855,157.48005664172865
EK202310233834,139.3843574835382
EK202310209821,146.47807624821806
EK202310124502,138.9718472552533
EK202310187088,153.52602770148468
EK202310133122,159.65738271010616
EK202310004846,143.3829577041533
EK202310147252,128.393142482652
EK202310175414,118.84016317635445
EK202310181170,132.7886135348821
EK202310004408,136.15997518481217
EK202310125748,156.5602697253881
EK202310131440,139.5055305030628
EK202310192559,144.23744961371722
EK202310192910,163.98015252509333
EK202310180784,157.78440808509006
EK202310236540,141.43206104143724
EK202310175339,142.25527020030194
EK202310160527,170.1531898683836
EK202310236221,137.02323443083358
EK202310238864,161.08665710775313
EK202310166680,145.18152694209473
EK202310117287,138.34689050282466
EK202310192797,149.02752178514694
EK202310200327,145.28999083617342
EK202310176045,158.34545176098135
EK202310148346,146.21386593383946
EK202310142274,145.1910392412575
EK202310122242,147.8079112459583
EK202310126568,129.18403371645087
EK202310204418,145.5477477741741
EK202310156236,156.21291424385365
EK202310189484,131.34555372554428
EK202310137543,143.96022798579594
EK202320007300,147.8750958926397
EK202310198932,141.27738717449841
EK202310108514,139.44573348047896
EK202310219932,143.92742307514584
EK202310132147,154.13098433769053
EK202310227649,166.1085617910173
EK202310224668,138.03457162434773
EK202310156447,147.11454495515378
EK202310210496,139.73979519719828
EK202310152297,146.8273403362478
EK202310187324,141.7733771245371
EK202310247309,121.47899957174278
EK202310190789,145.1626857252481
EK202310199601,142.23310959862155
EK202310239017,138.65397781117127
EK202310106841,126.93178085196199
EK202310182928,129.18815667134447
EK202310204568,149.83031611609218
EK202310243353,151.9240416748629
EK202310123522,135.43573709900852
EK202310162526,148.36521347922744
EK202310214114,164.54705638371217
EK202310197207,163.52302393180517
EK202310232110,132.09086891329756
EK202310179397,168.39728510565428
EK202310155653,131.3277525458067
EK202310004343,123.55869647714262
EK202310192586,154.61565456453854
EK202310186352,143.1676259824934
EK202310124214,144.6557367007505
EK202310228925,120.6642055377645
EK202310112746,153.54240639044693
EK202310158948,159.07263318166468
EK202310210700,128.74384174107672
EK202310164939,146.0010923763071
EK202310183358,173.75708651399412
EK202310144690,141.88776970875782
EK202310206169,153.029007310267
EK202310107548,150.81094086777696
EK202310213425,145.41604412026444
EK202310127466,128.07321534280624
EK202310215414,176.2904175037704
EK202310113096,116.64968685578985
EK202310177778,142.67539317679663
EK202310225362,138.2208729900297
EK202310164338,157.4722076269828
EK202310247571,168.4012791526387
EK202310126985,121.83522383902361
EK202310226690,152.4717203687131
EK202310122754,136.17559745380447
EK202310114324,140.8748766615254
EK202310162544,168.88856375365867
EK202310185834,138.3866769458146
EK202310147784,135.67829209527724
EK202310122287,146.26928449503893
EK202310169104,160.61321619126502
EK202310212851,166.69241183133272
EK202310004912,160.7142030110236
EK202310122676,148.65973533662412
EK202310241678,149.5197775502577
EK202310235919,142.18431263987208
EK202310200266,151.45483429848764
EK202310229111,136.28091937793172
EK202310143535,153.9692935234987
EK202310132424,130.8018864640524
EK202310150394,147.4161552355018
EK202310121122,151.1589458395576
