id,GLOBAL_SCORE
EK202310003556,132.11992074466315
EK202310170625,148.49835782157305
EK202310167359,164.62687730012107
EK202310118370,126.97556828452096
EK202320006361,148.61366340606165
EK202310003542,134.79821644452036
EK202310125266,141.94684003508078
EK202310144740,129.93053039709906
EK202310137443,139.70701430001435
EK202310159067,161.61934039884258
EK202310245067,128.23861366689906
EK202310240556,131.39582052300528
EK202310166743,138.8464341994234
EK202310247454,128.54322545978508
EK202310215702,155.19158029284387
EK202310142190,159.94568333443047
EK202310205417,134.5519959938485
EK202310119601,143.0078333998386
EK202310190356,128.4494019288597
EK202310158758,136.94056313224772
EK202310145496,126.5451711621052
EK202310164763,141.1395456415071
EK202310200188,131.21620912574693
EK202310238803,167.65484743034142
EK202320005607,155.34668523460473
EK202310225681,135.5440811000824
EK202310127174,136.2312845769008
EK202310204317,139.077253781977
EK202310179355,138.6460415066768
EK202310176524,151.16014733975217
EK202310237228,133.7088508852718
EK202310172549,154.21612271415836
EK202310168863,132.34555691118393
EK202310185904,153.05829194076955
EK202310133615,167.44516825421857
EK202310122063,126.69303512414055
EK202310121770,139.76309136184588
EK202310125590,129.6410452787724
EK202310172269,135.2827802651687
EK202310147894,133.9984220980131
EK202310137986,135.37762214164908
EK202310150838,135.17317467387915
EK202310104915,127.93249225671144
EK202310170090,131.6318794606169
EK202310165637,134.11836019356153
EK202310134467,131.0474071219046
EK202310182637,159.63958681539626
EK202310112116,143.60184040748092
EK202310241220,167.00050133559262
EK202310103801,145.50169617420892
EK202310177448,122.31022957986374
EK202310157860,169.6286657399716
EK202310211985,136.74127816263342
EK202310232907,135.04976613283816
EK202310162917,138.9664452420921
EK202310211786,127.07192986552417
EK202310132171,139.71222866172383
EK202310153694,141.7205161471817
EK202310174960,155.0867930364334
EK202310121096,133.95891317077943
EK202310222475,129.2873636016665
EK202310146254,147.61217819562523
EK202310111466,138.97459297344218
EK202310004385,172.44577326493584
EK202310108961,139.42257811781872
EK202310203170,140.16709480202852
EK202310161424,179.37759033591325
EK202310206583,146.57806717153863
EK202310138840,129.85156975508005
EK202310221976,142.1278826910502
EK202310143972,133.11551728418254
EK202310175420,127.14353822934564
EK202310227655,140.78207460553105
EK202310163389,132.50131386459512
EK202310239480,140.58000809690984
EK202310146467,134.37702307932676
EK202310162597,137.43777912609883
EK202310194862,141.74932688169227
EK202310152448,160.45860200128865
EK202310245431,147.08124220012735
EK202310206822,177.268677245993
EK202310166559,144.15191820296155
EK202310221701,165.31305686829376
EK202310231403,123.36405344384727
EK202310156027,156.35389627309556
EK202310135956,134.22285531062693
EK202310183176,125.39642796542662
EK202310206055,168.81035734208635
EK202310167360,133.67922722421048
EK202310142701,140.25077490098255
EK202310156629,170.7281782404709
EK202310241352,147.99451288472216
EK202310123587,151.04116927449473
EK202310003639,145.67214180215998
EK202310158269,142.8668813271865
EK202320007090,144.49673639304518
EK202310111707,133.7932014819333
EK202310104096,151.70037523012763
EK202310235404,126.30076799341224
EK202310108783,136.3009199868623
EK202310116298,133.1591137529067
EK202310156281,165.20283600855197
EK202310164483,129.01056381959478
EK202310108212,117.72551067469337
EK202310233950,137.23624962449372
EK202310157041,132.42973129359834
EK202310104522,136.16009938496322
EK202310175972,137.4197994856124
EK202310225965,138.18649995951995
EK202310138403,132.33560669059457
EK202310234452,134.34559658804045
EK202310104614,155.57959393732958
EK202310117970,130.6352054483524
EK202310128727,134.3273300857649
EK202310190230,135.48644443643389
EK202310201465,147.95911985233775
EK202310197534,173.94697122638334
EK202310171846,131.344042311427
EK202310193751,155.29866804601085
EK202310242967,132.30912225303712
EK202310112852,161.21693383628312
EK202310132804,167.25034287070724
EK202310127612,129.5104506846651
EK202310136082,174.2972730752789
EK202310186665,153.0085558253045
EK202310156519,135.31031079813232
EK202310108430,142.1825974171714
EK202310164930,141.094032624777
EK202310153971,153.61230202522188
EK202310129412,129.15805927654424
EK202310124383,127.78725706609563
EK202310215858,144.95442652133426
EK202310104131,138.29062310891592
EK202310185040,145.5480632647046
EK202310119251,142.60577663700704
EK202310191724,148.71014445678514
EK202310149922,118.19841128693986
EK202310176193,143.5963445602193
EK202310204311,157.73720255219027
EK202310248324,152.309176067622
EK202310120496,137.03929826982474
EK202310233548,133.2882352558062
EK202310219178,140.71606664178898
EK202310114723,138.6667106728564
EK202310185832,155.54504607540662
EK202310106587,157.69306037548043
EK202310239252,131.34029630971926
EK202310208710,143.90039040726302
EK202310244056,124.61434355097161
EK202310223702,122.6734008597569
EK202310236969,132.46707404060257
EK202310196070,151.58791886643903
EK202310227710,139.62853372809215
EK202310119702,141.85660866894094
EK202310143351,139.64066111603066
EK202310144967,135.03379133189503
EK202310207097,136.0977609040908
EK202310193281,126.06421046006247
EK202310223068,141.59069179656848
EK202310158743,137.63530415484087
EK202310142353,129.51733784170273
EK202310154024,158.81506382608143
EK202310136326,128.4638960535674
EK202320006526,157.70321801661308
EK202310240160,137.30224922409764
EK202310230270,132.67600951111805
EK202310209591,131.64933538024155
EK202310201937,146.87732912563717
EK202310138686,149.160662166315
EK202310125946,145.05913034757467
EK202310112949,143.76771338386118
EK202310128660,166.31352393540774
EK202310223565,144.25878137008792
EK202310155372,151.28952157683057
EK202310229467,137.56719792709478
EK202310232289,148.17039885129486
EK202310142439,151.95222043531672
EK202310128595,131.54227445099056
EK202310228661,130.99830053288795
EK202310220811,126.32541323823227
EK202310104677,144.32400860602272
EK202310108708,146.62260238081944
EK202310235044,126.07534098880211
EK202310141363,140.6826780484753
EK202310174855,144.66211544443527
EK202310154755,128.1816931742994
EK202310157326,135.6177180977183
EK202310228659,141.0487216564882
EK202310215026,166.1169268069146
EK202310177129,133.91386090206248
EK202310178830,161.5849208071991
EK202310222959,127.25344623110671
EK202320007347,137.7033138177327
EK202310153807,147.17317736292742
EK202310165563,153.10907962650694
EK202310240070,137.03586071621737
EK202310171642,132.2610733820707
EK202310221419,134.1481540816309
EK202310210258,143.7639355879889
EK202310108225,148.2964219500342
EK202310156515,140.8246949773841
EK202320006021,170.04252891253788
EK202310214746,166.42507090388628
EK202310166648,149.8952867821989
EK202310243041,141.37479183666207
EK202310227731,124.78391861459905
EK202310118513,123.73195076328997
EK202310240129,142.19149017106744
EK202310140813,140.44059497882412
EK202310181628,147.87586000606987
EK202310126085,133.42171095811233
EK202310246101,134.80923329368454
EK202310113312,131.99165133291305
EK202310217968,126.51349970442187
EK202310213114,134.60632369970148
EK202310219800,145.845909034117
EK202310184495,145.09705778136873
EK202310119316,130.3453387178738
EK202310180007,138.03753250395366
EK202310199156,136.29515933070343
EK202310177234,151.24694271574697
EK202310226743,142.02563474538093
EK202310189141,147.0099948633169
EK202320006005,138.40107037293194
EK202310227823,141.24335968858668
EK202310174022,132.8388328605313
EK202310134374,145.8130872053023
EK202310200180,125.47666221033026
EK202310161433,143.84273943325942
EK202310121700,138.08549366705367
EK202310237451,134.9067204422013
EK202310192827,156.26018237834776
EK202310160428,144.9229986732442
EK202310205223,140.78873816070555
EK202310111659,145.6073731047166
EK202310218773,141.55731718616948
EK202310161247,137.2015694836982
EK202310109618,138.75661226210158
EK202310155619,129.95285675917674
EK202310135096,150.4703786265227
EK202310188704,133.3342877724239
EK202310198311,147.36982886006228
EK202310138345,133.77783927370683
EK202310187653,135.8738058274058
EK202310223676,140.66456161661222
EK202310165688,136.80920137186732
EK202310104779,140.65533468130252
EK202320007241,164.66572121432208
EK202310247012,151.34910852086443
EK202310115649,135.1349994575382
EK202310158687,140.23661141964922
EK202310139898,138.06158128532235
EK202310183012,140.43113414495767
EK202310189323,166.68403500313445
EK202310236084,147.6628063392093
EK202310187745,138.05676635334189
EK202310213754,143.98427897575422
EK202310207691,126.30936778554825
EK202310213360,135.92662361571996
EK202310134511,132.3925779452177
EK202310162421,138.43502509688827
EK202310137854,141.2758388118136
EK202310150901,145.49222640564105
EK202310114810,136.13208834024982
EK202310110564,137.23822423649224
EK202310188498,114.95418282121095
EK202310122137,125.17198956877488
EK202310234827,130.08192967594124
EK202310123845,145.8233817063927
EK202310117679,149.16928624505417
EK202310226733,134.8088809431978
EK202310146806,140.25082138058912
EK202310186532,140.2867604980744
EK202310198523,139.1152720426551
EK202310169242,141.18597335874105
EK202310189605,150.547078637417
EK202310177460,142.87598010937091
EK202310156053,143.9306728973361
EK202310138997,132.69071045824143
EK202310231114,135.87172550641316
EK202310147763,132.40591233348349
EK202310119709,146.00271710169102
EK202310121129,134.1571926179596
EK202310137901,144.48660204689176
EK202310144077,161.15318534383502
EK202310110337,124.20595221536675
EK202310184408,138.56395503099722
EK202310215841,130.7585985025968
EK202310157214,143.14548384208132
EK202310193140,130.65979173685236
EK202310216105,132.22175008440374
EK202310246420,138.1700868597559
EK202310118424,125.93410801218533
EK202310144290,137.45174840199874
EK202310236171,127.90623447524541
EK202310161913,143.98949421941086
EK202310116195,134.93410651467775
EK202310140252,135.0881415503034
EK202310238025,148.6330984952775
EK202310146861,137.350249081854
EK202310125756,135.45315384438723
EK202310211082,136.7576176241146
EK202310202590,137.9238215655054
EK202310212292,137.704919408336
EK202310151188,141.12305481599856
EK202310186431,155.91453096767236
EK202310197054,144.3926670984211
EK202310229535,132.67612336789844
EK202310237693,130.10346807585316
EK202310127899,139.8448311257134
EK202310125513,127.9894415097641
EK202310143417,145.3549037433607
EK202310114922,135.3185255212625
EK202310185011,136.53364149930076
EK202310157380,136.35669611945806
EK202310242841,143.0484662815856
EK202310128764,125.66089249171186
EK202310160302,132.5933114517633
EK202310132265,130.44068528754406
EK202310142152,136.4620138259119
EK202310184138,142.3848788435697
EK202310218922,137.23922156353993
EK202310105732,128.18160556604977
EK202310202421,136.4953697438363
EK202310204745,138.6426616314522
EK202310231651,135.2198007735412
EK202310206373,146.0836956030923
EK202310231327,135.15387588945114
EK202310129440,136.59992964525858
EK202310229405,153.35563079712554
EK202310233561,136.41119091776665
EK202310141433,149.15419556741296
EK202310164651,147.51257775828685
EK202310201935,158.88771113881418
EK202310184574,125.24810950471704
EK202310223915,143.83263998526033
EK202310200908,154.21333386183045
EK202310128941,138.2945397738663
EK202310186952,156.69323624608276
EK202310193974,143.6639679396724
EK202310169879,154.1151283996835
EK202310172093,127.3109956509198
EK202310184529,124.85613282374848
EK202310230089,137.3671427439618
EK202310181118,152.8997606668243
EK202310204225,145.92411406228172
EK202310112100,140.5112838333675
EK202310222373,153.49684297132777
EK202310182126,152.45401243882444
EK202310169072,147.241846904907
EK202310203100,157.85993953618973
EK202310228065,152.6649954525864
EK202310003374,121.00106670607383
EK202310231993,142.6495712076978
EK202310166999,138.61719700339307
EK202310113561,143.30866553357163
EK202310150384,155.63894883028135
EK202310204151,142.02553962604145
EK202310243179,163.13453211400696
EK202310229664,140.36751242954128
EK202310214850,140.14051684309737
EK202310203348,147.11879671523639
EK202310146725,127.73955810514478
EK202310134763,126.71010894919202
EK202310145729,151.95785989004
EK202310246535,140.8794291637838
EK202310141577,140.56560294334207
EK202310216160,133.48460905547077
EK202310116782,140.33731554461482
EK202310211327,148.31796758839286
EK202310204090,133.16472673438966
EK202310175898,144.45183239320906
EK202310226259,141.74302727760002
EK202310151274,142.3191553773431
EK202310154215,143.61058632889555
EK202310174277,148.6566330550009
EK202320006496,140.92188642070607
EK202310141969,141.6699229671533
EK202320005622,137.6677970368058
EK202310157093,136.0720630896374
EK202310139909,143.37192609854893
EK202310209908,124.29185565631876
EK202310218730,139.41838760701296
EK202310229718,119.46559135466426
EK202310111615,142.61091914055464
EK202310138168,133.28626489440217
EK202310162118,159.80632355752365
EK202310164185,138.7859806935966
EK202310123341,134.8109073872058
EK202310154152,129.2201972254387
EK202310169662,150.5364054610771
EK202310195289,141.48447676684182
EK202310247758,164.56362330644004
EK202310223580,132.98203642196628
EK202310104690,125.55299948313619
EK202310234439,135.67188074818134
EK202310225052,170.37650866513957
EK202310139674,143.96840867706294
EK202310186662,132.4653230869354
EK202310198339,136.769844396598
EK202310219978,142.16003374200747
EK202310205279,146.12872219719824
EK202310241147,162.68587803719834
EK202310225981,155.0378966724353
EK202310168112,134.46408882949476
EK202310226106,141.1001451724281
EK202310116095,131.35521226256955
EK202310114593,135.95912097531803
EK202310175636,127.09925694654673
EK202310117905,155.6969687131308
EK202310200614,146.25809707187472
EK202310137390,137.50900582497377
EK202310196458,141.32348406185133
EK202310212839,142.80359386425872
EK202310149449,152.87770010578058
EK202310172721,141.33913512565812
EK202310133382,131.22924127204422
EK202310171991,140.85681045954078
EK202310178147,134.35849002590308
EK202310210822,118.69648437612756
EK202310169958,137.17466140817473
EK202310216612,127.55355051967041
EK202310190351,150.84895113775707
EK202310128333,136.26011050557344
EK202310156052,131.6530541424115
EK202310207300,145.29068719642555
EK202310148098,137.16100309435558
EK202310236834,143.409932370562
EK202310206502,139.98252826860008
EK202310232490,138.47968308909492
EK202310115920,136.17159245746544
EK202310155557,135.0193475735505
EK202310118792,148.485836454002
EK202310213449,140.4069887016867
EK202310157956,142.62434040457634
EK202310202461,143.03057539654378
EK202310210080,157.82896221565645
EK202310123713,148.3841838080583
EK202310138636,143.67989586558124
EK202310197194,135.95926133959347
EK202310136131,165.9878016169079
EK202310194280,127.14124167126815
EK202310144073,160.37842085345795
EK202310196767,164.3998667550477
EK202310152659,146.2796078439002
EK202310119318,125.46139077557896
EK202310175079,144.61110818978952
EK202310246973,147.16342228159175
EK202310177069,137.73890913140187
EK202310228915,138.59785717875496
EK202310237967,135.80616867450365
EK202310004766,133.09043904721685
EK202310197580,163.08498867316482
EK202310163370,151.7199708096951
EK202310126258,128.7016689643477
EK202320006245,165.83670086203853
EK202310214455,130.63603752540766
EK202310225077,171.5531145996856
EK202310121345,125.57652261906613
EK202310118753,121.32514935689414
EK202310209148,143.46599564052565
EK202310235651,133.98410348570062
EK202310195584,154.03986355283683
EK202310131541,141.89243863872525
EK202310167958,161.54964313470026
EK202310232848,130.47905720133073
EK202310112373,132.37230393990447
EK202310247588,155.27388013711553
EK202310124781,141.2912206156391
EK202310187345,158.1370113304038
EK202310117200,138.76166815355924
EK202310103838,133.28923381508707
EK202310123310,143.07314214694583
EK202310193567,146.46357323464625
EK202310176987,146.91873348353812
EK202310217483,133.298799646938
EK202310219653,118.57573688466577
EK202310189258,144.44967453747128
EK202310213235,131.86045548777764
EK202310148485,135.98049270569697
EK202310243846,133.95486381894844
EK202310157685,124.59120239934212
EK202310228217,184.25554074734708
EK202310167414,167.65536385341895
EK202310116553,132.75107729355295
EK202310154306,139.73176842531709
EK202310218246,146.65294463134967
EK202310214924,160.99391739465426
EK202310124301,126.50424106441663
EK202310132969,125.2375361050534
EK202310116665,140.13658065078977
EK202310126109,143.0572791609222
EK202310246626,143.22870063474153
EK202310165655,127.5876518620033
EK202310222900,141.16459307901323
EK202310183920,135.80228732227286
EK202310188655,125.67100545003363
EK202310140837,143.906965522587
EK202310110105,123.9269891837542
EK202310166926,160.41374925004763
EK202310222571,145.3559166694144
EK202310130862,158.67430767027787
EK202310159918,147.99617636878446
EK202310191732,155.74264682094412
EK202310154430,160.90673777866675
EK202310209379,137.5594429507196
EK202310242826,158.78144699698032
EK202310127621,136.83200806166056
EK202310144269,142.81922510301365
EK202310168554,167.98821879038056
EK202310225096,121.91821423878775
EK202310004191,138.808228261174
EK202310198832,136.07136171635665
EK202310166122,145.76571368701966
EK202310197812,174.0915644338227
EK202310173577,134.6666829511694
EK202310107780,142.12125395968923
EK202310200080,126.71301554697433
EK202310244832,163.58991406690808
EK202310153701,144.20756010703246
EK202310248897,146.5150513326815
EK202310238758,141.46971283895653
EK202310180956,163.3582723793797
EK202310133597,162.21572728433839
EK202310165926,139.22535541745552
EK202310113563,146.62644359734762
EK202310219177,131.58184303733503
EK202310215546,134.50324935941265
EK202310239803,124.20042654607815
EK202310170081,121.52476013153861
EK202310206625,139.8747772841963
EK202310104069,130.44849746873132
EK202310186393,163.20764327868392
EK202310173267,129.03789107338187
EK202310110426,152.06628275463694
EK202310164765,139.41337115268175
EK202310158220,134.07544655180163
EK202310168816,136.44320349305235
EK202310204071,141.2814836518203
EK202310157259,141.04720075223273
EK202310156843,142.6713014178342
EK202310223529,134.838585286333
EK202310149961,144.88579549425575
EK202310108241,136.1406329338439
EK202310168245,143.79789399667735
EK202310191021,127.66420267819002
EK202310165776,140.2730748202565
EK202310172874,134.947931974361
EK202310163779,144.03788808029145
EK202310188731,154.46314128870097
EK202310105850,147.4643358708339
EK202310129025,152.40621747055684
EK202310122251,141.4052643055726
EK202310233739,125.15154128292212
EK202310145467,142.6720783181723
EK202310125541,133.67039413946233
EK202310128736,151.32367812787945
EK202310157339,140.4625069051953
EK202310204674,155.68901364657816
EK202310199931,131.37610249605402
EK202310159776,146.96916912199677
EK202310233618,161.55956605520194
EK202310209554,152.22993265154435
EK202310147590,145.10993370304686
EK202310233558,132.3440420876338
EK202310141475,135.117417915442
EK202310192184,142.7938142436817
EK202310121465,141.52501280476872
EK202310144674,162.1291588716602
EK202310225145,143.82401440041656
EK202310211862,120.32247699638073
EK202310218476,131.73169621617333
EK202310227106,167.165412795759
EK202310184475,137.85700981478942
EK202310132027,144.84471300110826
EK202310134826,128.38799697913282
EK202310182784,152.11765017009284
EK202310236142,127.39113838876834
EK202310215997,162.94221435718342
EK202310218885,147.2527620792704
EK202310189497,132.8712928860811
EK202310242392,146.23904282456127
EK202310139831,132.29529788410562
EK202310159899,130.1943354491028
EK202320007536,139.49787368828552
EK202310205864,157.81971451115712
EK202310205412,143.53144484798761
EK202310178623,148.29050414327673
EK202310144137,140.55803558399936
EK202310156851,137.66659196734335
EK202310200692,125.39027905118543
EK202310221442,149.71712079723824
EK202310225402,133.97435959839902
EK202310128314,149.73258627958054
EK202310135585,151.4592247313422
EK202310230304,157.11724723865592
EK202310106564,140.09326881873844
EK202310195276,127.8036421411216
EK202310168561,138.98200346770108
EK202310238035,144.38477588253477
EK202310210412,132.3891062632623
EK202310193015,136.4549600609157
EK202310160429,146.44946422836492
EK202310203227,129.71922112607533
EK202310144260,130.20714302967164
EK202310231994,131.36485565065013
EK202310169556,136.05569476342737
EK202310112231,158.07057715358619
EK202310179305,136.15273516729295
EK202310111693,160.8305587329933
EK202310163778,143.6801817913191
EK202310197562,150.66327160593949
EK202310147780,135.68410897409478
EK202310165497,165.53420828233274
EK202310191527,128.7024188367874
EK202310106149,133.30083399769342
EK202310179787,149.58007041628696
EK202310247018,155.4295208283486
EK202310177578,146.98527543983994
EK202310138872,168.0513995991699
EK202310204378,134.68159197305354
EK202310146296,167.0382627037032
EK202310110160,143.6239719332961
EK202310179095,137.13867225353403
EK202310220481,122.0385346286199
EK202310227227,153.67390611527566
EK202310234336,166.00438920669276
EK202310145809,131.86009219933482
EK202310209306,145.50420543930872
EK202310225649,128.34554853316118
EK202310226704,146.98233596534854
EK202310157072,156.4621365801468
EK202310121530,130.57534954839963
EK202310165600,128.5508590463329
EK202310197233,139.42471970842587
EK202310184332,129.17438083870442
EK202310143743,128.20545864948187
EK202310154640,150.51987393455917
EK202310158286,145.2096258549425
EK202310123880,130.18329939825108
EK202310182423,155.46482681596868
EK202310124053,126.58218439703157
EK202310206144,136.26507011122274
EK202310140890,151.09598090393686
EK202310127015,123.12564585058138
EK202310134941,142.22007285348653
EK202310119304,128.94052696800932
EK202310212796,143.7829922331829
EK202310108377,127.79264580730168
EK202310174180,142.5299381115042
EK202310239157,149.46221168485008
EK202310216632,143.1617196281668
EK202310172285,138.8230746810938
EK202310150279,140.91915064438192
EK202310186491,124.89502407668567
EK202310197932,152.98996499921094
EK202310120172,139.20182755691957
EK202310216664,141.47630649971347
EK202320006884,160.86476558191396
EK202310178918,156.1389975879244
EK202310144935,140.3902184654523
EK202310141510,131.40767644747936
EK202310216762,140.3382878005485
EK202310106406,132.51226437732217
EK202310111996,145.7728855316078
EK202310208681,129.6033937970326
EK202310226247,127.76310299608642
EK202310113253,158.2802466134015
EK202310122999,137.70746093130322
EK202310155079,145.14817412838497
EK202310160222,137.6764785993885
EK202310210742,137.33816039816196
EK202310156801,154.67521862557894
EK202310159360,154.78893404108976
EK202310180024,152.98809660694295
EK202310213928,136.62615466317638
EK202310152334,142.8837751507324
EK202310245937,133.39395338296654
EK202310164808,163.65452075069695
EK202310146870,140.52357589794082
EK202310163950,158.4945425243968
EK202310195716,149.38551519575947
EK202310150305,145.2629240207254
EK202310229713,133.9012561039277
EK202310188916,144.95954735049054
EK202310121395,140.77766003848913
EK202310160376,143.19360197227905
EK202310244651,150.94506881497995
EK202310150169,131.97847841800666
EK202310110958,135.83207834550535
EK202310143966,127.6493447380154
EK202310221741,157.1038736481347
EK202310187012,155.33663971261592
EK202310193822,175.59444514919736
EK202310172094,136.31446920627272
EK202310178633,141.27608489609474
EK202310117674,136.7031557838164
EK202310133805,128.85486262119997
EK202310180948,166.1441658597286
EK202310203849,143.3508290872758
EK202310149491,167.55623488274384
EK202310216830,165.54529496212032
EK202310229432,134.10882161231964
EK202310109652,146.9570657385183
EK202310181925,140.76657591005176
EK202310196245,136.52514668462817
EK202310248098,137.86023113833187
EK202310183221,157.00915095092128
EK202310196195,154.23379890606788
EK202310197137,143.8742387385338
EK202310110247,146.8683439988277
EK202310144126,147.71138094675865
EK202310156911,154.9869982598957
EK202310224215,137.4566349612403
EK202310236337,135.65635882977338
EK202310188431,146.6334941882362
EK202310137114,162.9571711445043
EK202310115030,144.15738337423656
EK202310117460,118.91922894489531
EK202310162361,132.21294570704075
EK202310130281,163.04197890850872
EK202310148428,137.75053200792883
EK202310163311,143.74414819507322
EK202310145526,130.4750553942938
EK202310235374,138.08881369661202
EK202310156223,148.6854247140968
EK202310151269,135.00926557518457
EK202310150741,165.2244065638989
EK202310225372,151.66978247806463
EK202310133344,139.70147247662382
EK202310127071,127.97275476064326
EK202310152237,142.94002468530562
EK202310244229,128.50313563001484
EK202310167190,139.2792000736004
EK202310154488,166.85043008809112
EK202310211108,127.69686085417823
EK202310114416,153.49962356979594
EK202310222978,163.2691283780525
EK202310187337,165.41531813014578
EK202310195712,167.09141427600792
EK202310176238,141.9352028562984
EK202310204719,149.43322231380307
EK202310184298,131.08458978339763
EK202310215525,134.98460590946365
EK202310154861,137.41813612476923
EK202310200739,118.55718711911366
EK202310242424,132.5104136257217
EK202310247300,132.51283382614034
EK202310116475,138.28046162445284
EK202310225458,133.17199011732873
EK202310126918,137.46772953373807
EK202310185579,125.57744997998789
EK202310241455,134.40778825411496
EK202310209465,137.94074186245206
EK202310142842,134.2883354603737
EK202310185122,145.3050462266871
EK202310223530,134.1058840534017
EK202310188514,134.5626464982983
EK202310171731,136.79906749296055
EK202310130376,147.7658738675404
EK202310222189,133.61000727542668
EK202310106430,137.32974650798386
EK202310127369,147.79691954706723
EK202310236443,129.46864744023165
EK202310182405,151.31183074476527
EK202310210187,120.29522714883862
EK202310116888,129.2332093846216
EK202310173132,171.99017825309946
EK202310108743,133.18644284802542
EK202310125006,129.42497565871503
EK202310213574,132.3508100840304
EK202310165356,152.0429822603602
EK202310149418,167.58813661942807
EK202310198882,124.58408032154469
EK202310231320,138.75488270076332
EK202310205653,144.5352531749557
EK202310198599,136.68959796875168
EK202310199963,133.01387934564042
EK202310173699,155.9796529350593
EK202310245726,129.8396379745107
EK202320006040,176.9726037445119
EK202310154743,143.62891949796995
EK202310188160,139.46958487436865
EK202310214367,155.75240445154458
EK202310103702,133.62872987658184
EK202310127965,139.72322566778132
EK202310203245,157.1536819945798
EK202310139888,142.7842075739083
EK202310108972,140.4157698328778
EK202310004612,130.0388729898543
EK202310143552,145.02706048416837
EK202310120024,160.47850358711761
EK202310221518,131.44196007698696
EK202310180966,162.60248127240268
EK202310193489,144.96850721739335
EK202310117005,135.16982011617856
EK202310213271,132.5017395605283
EK202310120394,145.66848308703263
EK202310183259,147.8729795997106
EK202310125697,133.93055219646965
EK202310110553,138.1078151499795
EK202310150138,136.98761215015492
EK202310169349,133.56822897305508
EK202310224959,132.99938887867134
EK202310003872,132.34080146754332
EK202310189922,165.3643765694131
EK202310196746,158.48689536978029
EK202310189397,132.86130281981568
EK202310154076,140.70435277865408
EK202310003409,127.75168018741063
EK202310132461,144.09532338917637
EK202310114430,130.62714975071086
EK202310207939,136.5828452358044
EK202310219274,135.52293649699686
EK202310226342,142.72865231267465
EK202310127397,151.3555699066106
EK202310237125,127.80397373065384
EK202310214068,176.43191576761387
EK202310184942,144.17888535432792
EK202310113334,129.35930809192715
EK202310121808,127.26612520585226
EK202310134472,137.12300463599885
EK202310213189,129.85331876671617
EK202310200986,130.1460782586204
EK202310183319,133.80126801325792
EK202310138451,126.74938217346428
EK202310134480,128.44367904336576
EK202310248001,141.94909353251344
EK202310215511,128.4978404344081
EK202310148692,169.55322237042898
EK202310003356,133.77291624510863
EK202310186363,155.83385685686534
EK202310117649,143.2941118783987
EK202310107222,131.61875823977073
EK202310140103,128.4774830895068
EK202310162055,151.94370468511843
EK202310160543,141.24677295462158
EK202310104526,134.6354518614996
EK202310111072,152.01038114424475
EK202310144115,143.27153143876419
EK202310227753,167.3373310718596
EK202310168401,163.57956770009469
EK202310225278,138.93738790009115
EK202310121727,126.65638637904902
EK202310209068,136.20724227022788
EK202310117324,135.9738999031172
EK202310119649,139.8171587039438
EK202310154151,142.21424346084316
EK202310235668,138.80961912883612
EK202310197052,137.00456659391372
EK202310133218,138.2166936823709
EK202310228623,133.17455588864632
EK202310236771,130.11692229998627
EK202320007756,149.962941950998
EK202310123680,139.65539653869314
EK202310153796,144.2621068402097
EK202310184256,168.16394785083253
EK202310189360,151.9146556914294
EK202310169170,156.10320677603875
EK202310238568,166.96706310995532
EK202310147463,139.59954051095912
EK202310246348,127.33245571152693
EK202310146645,136.13888519987626
EK202310112043,137.3615286386802
EK202310126693,143.03352850166553
EK202310105633,126.49367551528049
EK202310108187,143.51974554268628
EK202310142659,133.37752444778158
EK202310154109,140.77867194218416
EK202310187961,162.29966243780828
EK202310138151,130.04260968382306
EK202310145768,139.08824961426595
EK202310204437,132.075442857534
EK202310234444,129.66008318727842
EK202310146920,132.85760120676684
EK202310191972,142.24073351122243
EK202310135664,145.46636187399142
EK202310136647,162.4162813543777
EK202310149136,138.79072251684948
EK202310004755,126.05356012085026
EK202310003806,132.84762945812787
EK202320005862,147.32487877729923
EK202310238222,120.30452903102628
EK202310165638,130.93292563804042
EK202310195278,136.6364430014765
EK202310191050,144.63189496878888
EK202310165081,166.3650032824525
EK202310141108,141.44539446809358
EK202310225501,134.5502324310446
EK202310190006,166.2410846770847
EK202310232901,146.23881390787088
EK202310183145,144.82639531692257
EK202310133834,164.97830585916265
EK202310111865,142.47964863799496
EK202310233162,137.37749839003962
EK202310144096,136.51787610593308
EK202310241460,143.43947179726158
EK202310148061,150.21171344298398
EK202310123096,132.857937905249
EK202310168745,132.35848784322545
EK202310232533,136.04979350790478
EK202310238139,140.92667155571093
EK202310107671,141.7200944768491
EK202310003635,131.32215432768356
EK202310160939,135.54393413185565
EK202310165138,143.67792083301987
EK202310177363,146.15267994374025
EK202310140380,141.2778435231554
EK202310127640,130.22940700781757
EK202310145483,133.35473092219436
EK202310144142,135.70115501986234
EK202310182466,148.87344668936527
EK202310134774,136.6347093279259
EK202310239504,140.67877098384074
EK202310179694,124.32595901237761
EK202310105818,141.40266351107772
EK202310206801,143.93789846172126
EK202310133427,137.89714334287447
EK202310172349,135.2185470617519
EK202310144166,133.8344723632608
EK202310118960,122.76281958482133
EK202310199115,133.74724519978045
EK202310213777,154.5276686157703
EK202310232118,131.73578998689362
EK202310204757,141.9333818123477
EK202310241858,152.76259159435247
EK202310204589,158.18453674791684
EK202310224131,134.0738124944691
EK202310160384,147.3087739540628
EK202310158733,152.15582894437958
EK202310139320,126.412352170426
EK202310186373,166.10827515207396
EK202310207408,133.82662003457614
EK202310202032,132.0998162631582
EK202310191726,137.91185868900993
EK202310237659,138.47450054510963
EK202310202929,166.13795196630616
EK202310138221,135.58126706160027
EK202310213944,144.92263090721622
EK202310217592,135.6580836412003
EK202310156873,137.79602390669635
EK202310154026,126.01114218354758
EK202310227896,137.56799837026915
EK202310165724,165.37430578687955
EK202310160534,144.02849703304938
EK202310238733,141.508523372418
EK202310187242,158.36739255970429
EK202310160829,139.13497134746584
EK202310160276,144.62924277226588
EK202310137939,128.81944371758672
EK202310200291,135.74734564256013
EK202310238138,133.7286090544131
EK202310217144,144.33250151429158
EK202310196491,135.84659912928814
EK202320006298,140.89922866408727
EK202310228178,137.71881685704673
EK202310138802,140.9566790245371
EK202310240713,137.52271406850124
EK202310175243,147.40893276485113
EK202310207967,125.10441005024515
EK202310107352,140.41303167118713
EK202310211309,133.1041182750115
EK202310131783,140.4814966112274
EK202310166826,139.68252436741773
EK202310112512,124.11899202911492
EK202310153955,156.9912530608539
EK202310223762,136.7581407865922
EK202310220803,125.41646400828992
EK202310191806,138.350911640825
EK202310139794,134.42490927568926
EK202310004495,138.41870456175351
EK202310165321,156.12808183798276
EK202310152644,135.17691883614216
EK202310107844,142.73523746857182
EK202310224636,134.26310362727213
EK202310182912,149.1903870317996
EK202310227725,136.53865120879126
EK202310129401,131.55599598090683
EK202310132710,132.48462952133661
EK202310167591,160.88439741930935
EK202310209362,137.2615657575535
EK202310191553,157.69641260366166
EK202310191129,134.7232754574268
EK202310229273,135.03380818162645
EK202310177141,137.91954528145686
EK202310210987,125.38004353947102
EK202310246808,122.71885001127406
EK202310186424,136.7957473025754
EK202310243671,147.5264793861367
EK202310157978,129.5483244731947
EK202310141176,130.08253770457785
EK202310166632,168.45287948838828
EK202310188518,142.83953869610667
EK202310176726,155.8475725644623
EK202310232858,168.85348496281057
EK202310203103,143.46196302419835
EK202310172581,147.30246966747734
EK202310129669,137.15932580556776
EK202310149026,148.50609851837476
EK202310151271,133.66500339802303
EK202310164311,140.2501589098587
EK202310193156,155.78677795908777
EK202310183315,152.17884474656853
EK202310129742,162.2205064289462
EK202310244163,146.82376179003495
EK202310162820,137.06610831874494
EK202310158627,139.51068447177875
EK202310195793,129.09564034095771
EK202310243898,157.53871999908478
EK202310211036,135.89743978474388
EK202310231066,121.90694493701302
EK202310188792,162.2977503378963
EK202310181166,136.99639544810827
EK202310240476,136.92418300738174
EK202310197771,169.50918830342073
EK202310141037,157.39856671038493
EK202310204780,138.80734107073806
EK202310191058,155.8298071709734
EK202310173228,140.58239093017121
EK202310197491,140.46051871084478
EK202310156720,149.90165443430666
EK202310244219,146.41107281851254
EK202310119128,137.47185860613888
EK202310241327,162.3739500874633
EK202310152238,146.56079664227735
EK202310179839,121.57886577586913
EK202310238196,143.47908563843106
EK202310153091,158.3815006742818
EK202320006753,158.4228292127135
EK202310123570,141.53271047181175
EK202310163341,128.32085886948934
EK202310162440,161.57740862017565
EK202310151053,135.74321199389902
EK202310188188,150.60759048899303
EK202310127289,145.67134286216773
EK202310248374,132.94066544798466
EK202310167393,137.88959023424923
EK202310192930,133.77413412577334
EK202310113187,151.5672916466163
EK202310174516,153.1374782459608
EK202310187588,130.79208206321587
EK202320007750,153.16058059944012
EK202310189741,182.6689460976496
EK202310174859,131.14060400933738
EK202310195086,152.29789257466032
EK202310183873,167.1324733839772
EK202310171631,133.2602434913299
EK202310123283,121.14967367804881
EK202320006306,177.27602031868705
EK202310139834,132.27160967938894
EK202310239785,135.1957428667284
EK202310153276,145.58155000133334
EK202310180328,163.77089589969947
EK202310207645,155.46103541751964
EK202310130192,165.25875118501193
EK202310154977,139.8395041549019
EK202310139793,128.6499419735004
EK202310243107,143.81009638211296
EK202310209482,140.02805866384344
EK202310241115,132.18236608227173
EK202310214880,116.69899417091662
EK202310240253,136.9953371978946
EK202310226088,153.22433136000276
EK202320006633,174.58247512878242
EK202310245104,149.70833151307556
EK202310112870,144.42269943322765
EK202310161734,153.28198387753363
EK202310225927,130.97870499520474
EK202310145336,161.5421720097919
EK202310137212,143.09707695464357
EK202310190306,127.09972145858073
EK202310172851,152.2799157885257
EK202310231101,134.06893553753235
EK202310212990,123.39792944847177
EK202310122658,138.33513580972237
EK202310176278,159.24026535471899
EK202310200882,145.6844591043846
EK202310152325,141.811569716449
EK202310151272,145.4778451211953
EK202310194215,168.47834194283692
EK202310185678,138.54524581619168
EK202310243281,131.88899657328076
EK202310120514,131.93188637658596
EK202310126433,137.8620949217211
EK202310122944,127.54451833039897
EK202310236394,129.82154041218735
EK202310218087,139.62604868693597
EK202310151593,175.24583941511355
EK202310110201,139.1327304063094
EK202310131708,140.74790461511034
EK202310111333,132.38836457617262
EK202310183969,132.90897760450932
EK202310161113,154.825167966815
EK202310184302,140.41081125798144
EK202310152148,155.14203753127313
EK202310236146,126.58453190468884
EK202310229823,130.72109055015426
EK202310133950,154.89140758041984
EK202310176959,146.62214258939647
EK202310003859,165.91074546095993
EK202310185070,156.27536948900865
EK202310004826,149.91370019430275
EK202310192593,128.1663056073449
EK202310212457,140.22013546719953
EK202310133750,121.58380921416956
EK202320007484,157.92964820849062
EK202310190675,155.2997559301276
EK202310129882,159.77447966934824
EK202310216142,126.76148323509234
EK202310197446,158.94726621249558
EK202310243332,145.7719205180881
EK202310139113,156.9973668885166
EK202320007314,145.90350138809802
EK202310192244,147.6685861056824
EK202310209792,127.52330548255578
EK202310218921,138.38868253072565
EK202310128700,137.56258972450206
EK202310219548,140.80917774042163
EK202310230864,131.756639462511
EK202310141941,142.23983941174103
EK202310206423,150.10718157989177
EK202310188250,139.06726523898612
EK202310180278,128.28645882083586
EK202310123620,145.1074297345488
EK202310180928,135.71142371065164
EK202310148298,125.60050887739581
EK202310124265,140.83550476428425
EK202310125883,140.1836251812565
EK202310128123,131.80966567387304
EK202310234185,121.32645650821298
EK202310141809,148.5799583440737
EK202310125724,136.19793005040935
EK202320006085,150.73221307503735
EK202310232099,143.52231642110783
EK202310193331,145.20790067064817
EK202310205400,140.02548866145602
EK202310160975,129.69429269035425
EK202310203863,141.08822901507608
EK202310126413,129.37588031936252
EK202310118450,151.73512027277687
EK202310133563,135.63156326874957
EK202310239448,121.5501161258091
EK202310114694,139.14942253966873
EK202310158288,158.90009492858252
EK202310122422,142.84704108660728
EK202310235320,137.63649299727945
EK202310201960,123.28798985302394
EK202310194645,157.50728315958276
EK202310214962,161.92425448967074
EK202310247868,148.84200822915645
EK202310126826,141.1463270608759
EK202310120690,142.9906220539293
EK202320006557,160.201407154393
EK202310224482,134.75093579715463
EK202310188666,134.98423417364523
EK202310167967,153.24407397422317
EK202310240200,131.52931053041877
EK202310183867,136.36014980254348
EK202310195682,128.4787473981632
EK202310108034,152.23292369115228
EK202310143324,135.93692499563153
EK202310139977,141.9781789596349
EK202310134578,140.5032966328484
EK202310003485,130.769142289711
EK202310127332,143.37162777229125
EK202310195959,152.31652715382168
EK202310173389,126.63041366499321
EK202310120326,124.28227323269314
EK202310228101,126.66997755453882
EK202310194577,130.72912093840372
EK202310230845,140.12614568321206
EK202310144430,132.40573598874496
EK202310155784,148.2442265140698
EK202310160254,143.61892109659343
EK202310118458,132.59285968293187
EK202310134107,151.7022545302707
EK202310247672,147.28233028924282
EK202310233715,134.7688281459021
EK202310192802,161.56816390921188
EK202310226073,123.07123084825412
EK202310112128,155.91247572289709
EK202310214142,166.92838253620263
EK202310205070,148.38269779523364
EK202310191656,136.7765051676647
EK202310108700,137.86043327182549
EK202310121333,162.88834134647715
EK202310153942,131.88323155011085
EK202310228151,140.82632449399256
EK202310185062,155.63107261658277
EK202310133213,150.9488208001616
EK202310242233,137.8475493742929
EK202310143796,131.97669486540553
EK202310202444,143.5307719109445
EK202310166800,150.61835676866292
EK202310191020,132.7825718270403
EK202310122069,118.1071393255497
EK202310221793,157.61685869924392
EK202310235848,137.30180429751059
EK202310205016,139.44970777753622
EK202310119021,157.07934925562367
EK202310222995,164.99618336151462
EK202310114479,131.8043237319996
EK202310182453,145.24300623853878
EK202310143133,152.99508091855847
EK202310175194,132.9845354502834
EK202310144671,135.8653337378637
EK202310245023,149.61824821500863
EK202310144979,134.32651670333846
EK202310235216,156.20041190288984
EK202310247586,129.3417664396931
EK202310105223,148.65560545844625
EK202310163741,176.83898819902282
EK202310141732,141.62973511202256
EK202310142505,143.28823978766084
EK202310131799,153.44005240687025
EK202310209090,135.37627414283526
EK202310159139,141.25479883822686
EK202310214093,146.2542156461667
EK202310199515,134.35481910181343
EK202310228095,134.02299329379733
EK202310173578,145.98715847579496
EK202310170010,152.40436121788215
EK202310164861,139.8496651772142
EK202310167580,155.08830004986382
EK202310225936,123.12808371045935
EK202310147008,146.33846131135022
EK202310187537,149.31510327590726
EK202310170479,143.21634239449614
EK202310238268,132.53822835286604
EK202310231268,128.64091396268938
EK202310167280,148.673468257807
EK202310203266,134.38835551424452
EK202310179810,129.3381055874002
EK202310107445,140.26124985508545
EK202310107969,149.55559253722282
EK202310127481,127.91189949195753
EK202310180706,129.45102271175946
EK202310125230,138.4752732560359
EK202310127751,144.40706292893898
EK202310172588,153.267768957778
EK202310202984,158.6282769896831
EK202310104212,129.1387934469259
EK202310106923,137.40070957000822
EK202310147971,147.1902075234474
EK202310243146,136.27759189764492
EK202310171023,149.0783350184057
EK202310109775,151.51952480721823
EK202310205700,143.29328305681435
EK202310143997,125.13527820362661
EK202310132126,127.76539151901079
EK202310127316,160.1546842510472
EK202310107147,132.09459078911868
EK202310151185,151.43562730069988
EK202310228200,138.2428120372895
EK202310117856,146.10788595768793
EK202320005717,147.9942967164132
EK202310129616,142.62359227544476
EK202310232791,146.03245581922226
EK202310243834,138.15172792470582
EK202310246208,144.0644571419413
EK202310160233,154.94730217044906
EK202310149219,145.98651009757123
EK202310108589,142.0618555780482
EK202310204725,148.78130092029278
EK202310243502,133.07380339034916
EK202310114320,126.23330046016528
EK202310202291,135.00851753654558
EK202310237771,144.86366966756333
EK202310216760,138.4230454121795
EK202310244222,146.86571101662832
EK202310113733,131.80129869989415
EK202310138119,139.7746751124254
EK202310219085,134.0766752824759
EK202310153944,128.87281495655665
EK202310161644,148.88772783988597
EK202310204382,134.8883240652876
EK202310229663,128.45124370245665
EK202310156198,137.053829694593
EK202310148211,135.60115414407036
EK202310152274,127.307262574842
EK202310197042,129.86689395961744
EK202310163556,135.3273579376897
EK202310197960,159.95531197014617
EK202310232731,129.934005439203
EK202310147947,149.24071979130875
EK202310144176,129.40048695446416
EK202310237272,134.58442233042885
EK202310195596,148.12228163651486
EK202310231682,136.96915097927103
EK202310114178,140.59483485936542
EK202310165798,125.39247110375574
EK202310177163,140.73537932640934
EK202310161995,169.66081948482608
EK202310130803,125.07078751737116
EK202310225601,121.19155847320908
EK202310139718,143.40542884497225
EK202310146622,136.85812211362213
EK202310113181,123.70216775921239
EK202310179401,164.5159285856247
EK202310202908,142.76973009635302
EK202310171925,134.4218711283981
EK202310136543,130.25642603162717
EK202310119266,129.16357867876025
EK202310144770,140.35677300181754
EK202310217594,135.97229181612533
EK202310224918,157.5113516584285
EK202310116728,142.93361832413146
EK202310136368,134.69187489697046
EK202310242872,152.2457297760934
EK202310226098,142.99809951318335
EK202310243029,138.2274374621675
EK202310234838,134.86068522219247
EK202310103797,149.41652248080024
EK202310159666,123.74636237482379
EK202310234494,127.07581211409799
EK202310134806,136.99390646735114
EK202310191437,148.23716226078872
EK202310125110,135.14907510174513
EK202310217366,144.6709905539988
EK202310191101,133.7564463747436
EK202310179382,149.62214134063922
EK202310137469,132.68661001381741
EK202310137658,143.53427775187214
EK202310134629,132.71356807555443
EK202310104525,132.30802210401305
EK202310151444,156.70762879298525
EK202310237636,148.09310817140855
EK202310143439,123.79007925078365
EK202310149845,134.1002435692276
EK202310128851,147.7197391958834
EK202310237330,135.64555575939613
EK202310117295,139.33590246988618
EK202310243270,130.6597479791451
EK202310187106,128.17769334750662
EK202310137652,144.3402240819966
EK202310217947,134.09929755006272
EK202310215368,149.378816440113
EK202310113202,131.46362303076052
EK202310122109,140.1913462771079
EK202310121040,147.09426529465557
EK202310226711,137.34936541688205
EK202310132709,126.13375930730207
EK202310169984,154.81040710282153
EK202310198212,140.7005287130209
EK202310158003,144.35656886249143
EK202310214974,153.46878482562272
EK202310134360,143.5106850955818
EK202310178688,161.06949737092646
EK202310171682,163.53709578819644
EK202310103768,132.51621343960778
EK202310209555,142.3841240864524
EK202310151086,123.89766338341511
EK202310201836,154.1624738080127
EK202310174895,132.1135234037477
EK202310138537,147.59982710826017
EK202310111581,137.6782246797543
EK202310219638,150.52808835357644
EK202310154214,151.1733410148052
EK202310200463,142.9327236110711
EK202310172356,130.36759089365253
EK202310164996,144.11580820887337
EK202310140375,145.53838572071555
EK202310216009,125.19853750012494
EK202310113207,126.44902475462315
EK202310132100,142.31894534766195
EK202310126863,144.5025266363792
EK202310146868,128.86680544451713
EK202310108177,159.5799218547165
EK202310166280,168.99530924341963
EK202310182008,164.7895236533
EK202310162197,128.94761069814754
EK202310147752,140.84351981428208
EK202310003947,119.17112767522075
EK202310176472,128.69034349120315
EK202310234387,129.69169842757051
EK202310170022,130.8233138052183
EK202310171056,128.48381124257727
EK202310180973,165.3021419311312
EK202310166464,137.53768089681074
EK202310123184,135.0629151615056
EK202310192128,151.6686390596152
EK202310207232,138.4960539928578
EK202310133397,129.45551830099512
EK202310113037,161.16500045521062
EK202320007617,164.42463674124122
EK202310128691,124.68723049201616
EK202310234443,121.43803636267246
EK202310163599,138.77749265220095
EK202310124529,146.76520129257207
EK202310195861,139.23779751253522
EK202310004652,137.263993842334
EK202310128598,141.26765628939017
EK202310219754,140.75208744503922
EK202310153907,138.91595834224492
EK202310210564,141.11832156864585
EK202310119285,152.10636710644954
EK202310236273,123.36152884723471
EK202310205597,153.1581356633963
EK202310232930,124.01767588900373
EK202310191886,163.111752159705
EK202310236382,121.08174603033834
EK202310174764,149.56342612873271
EK202310105490,143.2814423740321
EK202310177012,165.49920053763094
EK202310128378,136.3075610701542
EK202310165398,142.47379227495972
EK202310142395,147.7072711640076
EK202310220861,137.58967158953075
EK202310209523,143.4981112998681
EK202310122997,139.32943551574385
EK202310205282,145.33956775146143
EK202310131435,157.7693090013223
EK202310203906,138.48731218606957
EK202310236413,130.69731317695468
EK202310156951,157.1647307032236
EK202310106622,129.5479622177009
EK202310189975,153.10184104901901
EK202310225784,125.76378790068287
EK202310219294,122.25886567251526
EK202310105442,134.88012120178465
EK202310132208,128.06763796193428
EK202310105616,136.86878509309483
EK202310174736,126.89939541469484
EK202310196913,155.2638457001156
EK202310137961,130.1861986823737
EK202310176163,147.10577429506677
EK202310110032,132.14834203706553
EK202310157504,131.40249738914693
EK202310233635,139.85127507835296
EK202310248436,143.28241585922603
EK202310202168,130.13751144762713
EK202310155766,135.65408526499084
EK202310139190,134.7471041272439
EK202310178893,158.54627321369534
EK202310194060,154.35175699727233
EK202310118567,143.20782221558287
EK202310127903,131.75052524820345
EK202310236053,131.89672656338684
EK202310156969,145.10769841995165
EK202310113094,133.02724668653906
EK202310117682,140.42123384007857
EK202310175150,127.12136478666228
EK202310190181,149.7016327901802
EK202310144477,141.18990591971618
EK202310167953,154.62344916885553
EK202310123207,140.50191347154336
EK202310211120,137.38004426037395
EK202310158476,141.91439632183622
EK202310245986,133.79178814226614
EK202310141979,142.44150407711703
EK202310210627,140.3353648909435
EK202310131358,127.7707667495957
EK202310108863,142.09586268694895
EK202310106507,151.8979615271783
EK202310219636,135.29930699435712
EK202310206075,154.99353219790387
EK202310164374,147.76101806892478
EK202310247640,131.0898094394284
EK202310128033,160.4474221975031
EK202310202213,151.70231087234686
EK202320007199,151.5508018041375
EK202310148351,143.4684221646265
EK202310167191,139.49761106808413
EK202310191728,158.29487082551825
EK202310200275,125.49219219008965
EK202310240207,136.16416827648928
EK202310169132,138.2571488236087
EK202310144609,155.4602320739675
EK202310198534,143.85897630447155
EK202310117322,141.5868978066811
EK202310111311,147.72519691159889
EK202310132198,134.1424918235797
EK202310123213,131.38195648240352
EK202310175579,146.76523326058563
EK202310179611,162.131559072841
EK202310162505,141.85382557337675
EK202310192578,138.1935232489002
EK202310106746,145.21111999475696
EK202310131965,127.18730565567982
EK202310193615,129.41956991334763
EK202310196394,168.73412880425997
EK202310219201,130.06538531074622
EK202310223123,135.75097780758017
EK202310193426,147.28733870423838
EK202310118739,172.43607632889834
EK202310106117,135.69073316058464
EK202310104981,137.8676327003384
EK202310210450,136.47831969339572
EK202310174407,136.8027360920789
EK202310104567,138.60558518181662
EK202310127432,131.92409872929863
EK202320005737,146.40831494194146
EK202310191941,139.0101265126957
EK202310153855,136.84785915181976
EK202310207694,151.17381133907818
EK202310227244,129.89052309487388
EK202310153520,126.65836259260801
EK202310160923,159.96353291745578
EK202310105321,137.0340838790425
EK202310134289,146.5045748648157
EK202310221860,138.64492129044842
EK202310127051,114.00694358021329
EK202310004011,119.6210612197552
EK202310106438,128.8556461928487
EK202310223885,131.35996770848914
EK202310147175,147.44147142850133
EK202310172305,130.57742134279954
EK202310233355,129.0576089223058
EK202310175639,157.5444315324958
EK202310119187,136.786813358626
EK202310208266,139.58905729385015
EK202310218780,142.28648048510698
EK202310208314,134.05037061421135
EK202310231800,130.3316723954061
EK202310128055,159.7274628931858
EK202310239898,130.33585173196977
EK202310216957,143.0693737653096
EK202310209441,124.9649562520074
EK202310123208,145.04736117077735
EK202310209923,141.1487409856762
EK202310133751,136.38266802307555
EK202310245312,132.89163649361947
EK202310115764,141.32895813812792
EK202310207764,120.41318974611427
EK202310240599,160.1893617594008
EK202310147315,141.46648023136467
EK202310131500,127.78372686802304
EK202310176669,143.9976612551651
EK202310123945,141.23459382412
EK202310209731,131.49553642793938
EK202310144605,149.59115195259227
EK202310122549,122.73280297594083
EK202310145497,140.74833302377664
EK202310140293,133.21264250844294
EK202310139650,136.0275206311286
EK202310157829,131.72388816262742
EK202310106995,161.5546041518342
EK202310124413,161.25802152376733
EK202310214088,152.0261020585777
EK202310164191,141.61303020691275
EK202310226197,125.51842521998066
EK202310004226,142.01807260096925
EK202310108441,133.3364287135458
EK202310135386,139.99051279303168
EK202310129306,158.14577360688347
EK202310235944,136.58214140070967
EK202310247944,138.0673856666853
EK202310165677,132.79903996989523
EK202310199534,137.9472342028794
EK202310126380,133.26763517410453
EK202310154011,141.5309134701571
EK202310132506,166.72858812319933
EK202310108076,142.92848069062944
EK202310160457,147.32812891408486
EK202310208714,141.885439571533
EK202310154569,147.2859254517199
EK202310144642,135.9885534540793
EK202310190051,169.8764174388164
EK202310117172,141.65080054386527
EK202310177405,158.9215527102098
EK202310213301,133.1896826431402
EK202310137198,142.07736859937614
EK202310151042,135.15412342419486
EK202310168461,162.16992215946013
EK202310243164,142.60512444746217
EK202310179023,143.47323734179142
EK202310160904,165.88913349505475
EK202310171189,133.05240715696493
EK202310239158,135.15072346690016
EK202310167988,157.70695913733732
EK202310226837,150.67242022425054
EK202310135580,147.43216818553702
EK202310246488,151.5043860804034
EK202310003762,140.99601910676094
EK202310134904,132.45300113516848
EK202310136330,147.39811530846413
EK202310217816,133.05931234772135
EK202310122041,141.93972585039532
EK202310246474,145.71977762795575
EK202310157040,134.78700454049428
EK202310198401,158.7223986120249
EK202310117127,137.28485006220004
EK202310105754,148.713284111019
EK202310166261,147.5601415182844
EK202310168044,154.25307664226628
EK202310220538,136.30324707352455
EK202310139280,136.28531170607877
EK202310135523,146.8362279606712
EK202310236682,148.78771091977686
EK202310244877,138.38547729405468
EK202310107483,133.58894022911915
EK202310175451,126.58357174059502
EK202310180461,160.5574233888454
EK202310144697,130.64196926497561
EK202310123532,125.19595105795243
EK202310123754,163.04185376790542
EK202310206309,152.03277967188635
EK202310239121,143.75393489144972
EK202310104310,137.26214291862436
EK202310211761,149.16428688418495
EK202310191013,159.50408872669448
EK202310240312,145.88094159599592
EK202310217200,147.86243092211234
EK202310114563,148.90940087622832
EK202310161367,124.75904374188818
EK202310144122,144.286664551478
EK202310212504,137.75763998057752
EK202310177497,139.37811121171086
EK202310236237,148.53752449588129
EK202310198587,145.77052386013955
EK202310163062,135.9300157300605
EK202310164746,146.8334834879088
EK202310201875,131.51850845918332
EK202310172081,149.0091510072619
EK202310239571,143.85033272873093
EK202310135582,135.99030060664992
EK202310168412,155.3202427557824
EK202310207958,138.86152199403784
EK202310192851,154.82781107369703
EK202310192868,126.67284794097995
EK202310240745,141.76535015947206
EK202320007142,141.57776517561803
EK202310242152,153.69497236465247
EK202310158334,150.6936309980728
EK202310202840,160.52639584141477
EK202310135210,156.42206425468495
EK202310140844,147.66098732115293
EK202310231684,121.33833549484245
EK202310220876,140.8341324653519
EK202310135369,142.30144416831163
EK202310163963,151.35911145802706
EK202310126679,127.73439508376353
EK202310162655,152.36517971670085
EK202310154642,136.8043743740289
EK202310178024,133.60797741710888
EK202310168498,141.64425491643163
EK202310220365,134.08331011929562
EK202310111380,133.05930337115325
EK202310152697,146.4686776774293
EK202310246759,140.15676812386585
EK202310111419,143.2378821108714
EK202310218578,131.29862681273576
EK202310110262,124.85218539591088
EK202310112025,150.99201735830823
EK202310219733,140.67460247150225
EK202310188715,160.783069004522
EK202310120824,167.5007303906041
EK202310115460,135.55630313157081
EK202310243920,137.79554173038812
EK202310177399,152.24547302435894
EK202310187981,148.68586988671552
EK202310245247,127.80054397938756
EK202310121751,137.77873330000835
EK202310157398,134.61096924345128
EK202310146316,138.90062591902822
EK202310147009,157.1742823689596
EK202310186969,141.60375191688445
EK202310137065,162.0898676531805
EK202310121746,128.85610971416588
EK202310156291,144.7059468906302
EK202310214011,149.5206253364791
EK202310214233,134.87099402064118
EK202310119619,136.29042504354072
EK202310179742,128.10415704273555
EK202310182000,153.50389714210823
EK202310200585,149.80097625208566
EK202310152222,142.5792641138585
EK202310149190,163.66833541485323
EK202310187819,150.57819526284783
EK202310124003,172.29676208618451
EK202310201545,134.4726316468261
EK202310171385,131.04625991770084
EK202310238751,137.173450643206
EK202310140367,122.19621166581382
EK202310237130,135.55338104789755
EK202310198345,140.75657117312073
EK202310247133,140.3582837173198
EK202310137734,119.46818018328985
EK202310148474,135.6605123603817
EK202310150325,153.13381339496664
EK202310208250,140.86327386379818
EK202310232333,140.24131425248248
EK202310226045,133.99206640339114
EK202310158994,136.8327635356795
EK202310198109,161.16501345294458
EK202310193685,140.78041686532802
EK202310178796,165.62210159088497
EK202310168028,155.87070075211244
EK202310106830,129.72032649430457
EK202310181540,133.50829315806158
EK202310182066,146.6791990355875
EK202310206663,132.9233809773852
EK202310219839,166.88954224533745
EK202310201710,161.54035011776753
EK202310187487,127.34816400767669
EK202310202274,140.65403936947936
EK202310137558,129.73112053151988
EK202310190906,139.03968103573615
EK202310223424,152.61492461618784
EK202310178941,144.499033970743
EK202310184440,133.0127913090428
EK202310155782,139.5588179738268
EK202310122432,145.04169849265895
EK202310182848,129.78782462368864
EK202310164226,152.10847333819237
EK202310173490,132.9572178416472
EK202310213090,133.29065907557126
EK202310153722,167.70970074718247
EK202310173472,160.40965876615755
EK202310167875,142.80988473331706
EK202310133234,124.28673832075499
EK202310223308,125.28045758265226
EK202310205100,138.41176336325518
EK202310198402,128.41236193572007
EK202310110225,157.13619617245573
EK202310171586,147.52002244071966
EK202310122356,138.82221145997244
EK202310163392,127.09158367987116
EK202310183719,163.1916256516646
EK202310003951,144.3532826610638
EK202310138515,152.13231284532287
EK202310170831,144.67230688716114
EK202310133182,122.94238566303251
EK202310111516,134.08556136293544
EK202310125263,135.076401618329
EK202310240055,133.90812636406844
EK202310180483,144.85076058249732
EK202310204716,131.03035283959818
EK202310187018,146.40495165254305
EK202310158527,163.6556352427181
EK202310122260,145.94432988926783
EK202310234650,133.08900242649335
EK202310144474,133.76312541220122
EK202310237894,126.87705302090474
EK202310106091,154.53329797041832
EK202310188317,130.49883557749126
EK202310158850,137.72237953570783
EK202310186426,159.10264106757162
EK202310169750,135.55021952454075
EK202310206676,145.9061598527117
EK202310155928,153.75638661182654
EK202310230978,123.77624774510586
EK202310233369,117.46950583622191
EK202310129476,134.81548520852874
EK202310133048,139.28873815183374
EK202310165488,137.31296208686032
EK202310143637,160.4527721025441
EK202310214266,139.91720526287247
EK202310126225,139.35615277080194
EK202310152458,167.94548283847584
EK202310223231,143.0108013695152
EK202310120167,126.97012894251148
EK202310143015,153.05251824909485
EK202310158308,144.8126151446495
EK202310173081,140.26753305107226
EK202310189028,139.00115702783947
EK202310132273,150.12648544288618
EK202310128353,140.19833242495434
EK202310174810,126.35233355296195
EK202310239062,146.54245065848306
EK202310120641,132.2641686893949
EK202310244227,138.5319416935082
EK202310118757,125.57541749144744
EK202310129075,138.041251045552
EK202310224814,136.6373574527838
EK202310004731,128.44635455229545
EK202310156915,163.09956963334304
EK202310115641,136.17563404097135
EK202310118147,157.00713347848432
EK202310248390,161.3090331310116
EK202310218403,129.46130793674232
EK202310155441,150.60406185165755
EK202310230283,137.01097190921038
EK202310162794,147.10609622247105
EK202310182211,157.3808156424013
EK202310143073,149.2052730884674
EK202310177848,150.89066551433072
EK202310003966,159.52366866609916
EK202310194839,144.19863701437902
EK202310233597,130.6981211346184
EK202310160959,133.82829473600987
EK202310225528,134.01437896582527
EK202310108255,147.91297577185327
EK202310166709,144.84027562001268
EK202310203616,143.98817646226098
EK202310189898,159.2727632691852
EK202310135324,144.96155824425276
EK202310183856,151.83528731904642
EK202310178334,150.7331350037398
EK202310112277,141.4627205350808
EK202310116332,129.19545338338793
EK202310174408,136.7892688566202
EK202310225395,136.3473102001952
EK202310179921,140.760209963478
EK202310136896,133.13406819242746
EK202310246946,148.22528290807057
EK202310132878,134.98959762795195
EK202310132936,133.86424664183397
EK202310117215,132.74713427154708
EK202310194744,137.15646700019252
EK202310239667,146.90807564001304
EK202310137081,138.48876011173945
EK202310195120,139.45560140758252
EK202310244943,137.10565609675263
EK202310216463,140.11694184205558
EK202310175023,148.6922931027378
EK202310123452,142.8437015174472
EK202310120759,138.50171875481377
EK202310200555,148.46935825248212
EK202310183159,159.9305916775826
EK202310237119,144.5531382128519
EK202310241465,130.59031853710763
EK202310185913,145.12306309804836
EK202310207534,150.54209615727578
EK202310158605,150.43954785628804
EK202310193608,125.4776327349016
EK202310238219,153.79860333286504
EK202310142209,148.64026333333828
EK202310158659,139.50706724481003
EK202310196102,151.9459594758852
EK202310244335,142.3278521508204
EK202310151300,151.7888225696766
EK202310135647,137.88739228423765
EK202310208600,136.17794005263457
EK202320006689,160.76120496724414
EK202310208813,149.82978887560103
EK202310154438,142.75352916614787
EK202310165804,137.10820281714373
EK202310124724,128.20956392131563
EK202320005923,162.7114201998966
EK202310193868,146.75342499066568
EK202310243558,138.22082090979447
EK202310213393,127.92462723566148
EK202310142913,157.9703254375871
EK202310168870,162.72522370969293
EK202310246882,147.51922601615885
EK202310123829,138.63350558278293
EK202310125993,143.925665815299
EK202310148678,127.4501341415159
EK202310214338,131.1229141635108
EK202310118609,131.80727075761433
EK202310223350,149.47154582152257
EK202310161314,135.03365275344163
EK202310172634,159.79332876596501
EK202310218585,135.34998096902268
EK202310004027,137.43556546360873
EK202310177913,135.3792066105861
EK202310195749,137.0139020844975
EK202310176453,133.61669805406012
EK202310213885,153.2813302226888
EK202310137118,148.84802503444405
EK202310219450,125.16814152169418
EK202310228378,156.67111066707858
EK202310157141,152.33962309833953
EK202310131718,137.7545236262183
EK202310165083,130.22461594734744
EK202310004821,135.2511653008421
EK202310115195,137.65242808127044
EK202310179460,129.79733791832902
EK202310204918,163.56948306230592
EK202310126066,120.78213151004971
EK202310147822,146.9627979253578
EK202310233974,134.8630321313906
EK202310152337,152.71762508363523
EK202310121597,145.3859954318734
EK202310113315,133.2015124960992
EK202310172487,154.96512839491808
EK202310208865,140.32794083356552
EK202310178856,125.15123567728047
EK202310163216,144.6597305730812
EK202310192275,135.13409794024892
EK202310123629,135.13585745907247
EK202310118365,153.71044449487718
EK202310205626,147.5333835347745
EK202310197305,139.36156243070266
EK202310168104,136.57851348700987
EK202310147731,163.55137365028872
EK202310202905,136.7067183867428
EK202310240860,137.6998224049832
EK202310003646,145.17122387020598
EK202310241992,129.11085746990074
EK202310139823,149.21338946454992
EK202310229599,131.39809372218036
EK202310183516,149.07310561815513
EK202310224914,124.8091268857747
EK202310191077,148.87110799310395
EK202320006964,168.39730538120068
EK202310237895,132.77726628900265
EK202310176057,161.2047886298978
EK202310165954,133.68684102977463
EK202310122162,141.48925306960695
EK202310126238,131.42223165321218
EK202310121795,139.28603091098577
EK202310161976,147.7368106247599
EK202310191508,142.22600723906558
EK202310176644,128.72892400795206
EK202310152467,154.43692993893373
EK202310219240,136.64950554351338
EK202310208125,143.02401178694038
EK202310159439,144.41404914592425
EK202310112020,149.87320515865923
EK202310131152,147.74250410403835
EK202310231176,132.94805446633137
EK202310119600,143.32725651092133
EK202310142740,166.7046513808163
EK202310190305,133.14607316028042
EK202310181410,141.64042377840647
EK202310195269,131.73056681384816
EK202310154821,141.91885184589842
EK202310247409,141.21266372188094
EK202310146034,137.73537283442207
EK202310193073,163.62551731623697
EK202310184666,167.62939594936077
EK202310107982,154.54153501249203
EK202310118565,125.4249939155673
EK202310189557,142.76893947313047
EK202310176523,157.19288543510038
EK202310199098,139.24122964303146
EK202310192444,152.60544507620997
EK202310201510,150.89389730839233
EK202310152404,142.08891032224685
EK202310159084,165.8339852614696
EK202310241360,142.41385718926435
EK202310216628,143.70518667306186
EK202310228907,129.59889109626823
EK202310129890,155.76893283534855
EK202310151590,129.82466676298944
EK202310145359,139.87474512923993
EK202310157050,134.6766212977489
EK202310176488,130.4741008022104
EK202310130834,139.03569027374013
EK202310209574,135.11964299077835
EK202310111176,133.5535468647228
EK202310147278,133.2121427028722
EK202310208597,158.35286557925377
EK202310196533,138.43638347351376
EK202310195547,159.37056773547957
EK202310176613,127.45953168335062
EK202310164726,146.24589967373544
EK202310243633,144.50427945326294
EK202310196133,138.9773510764045
EK202310147029,146.8070783749495
EK202310218892,154.19994174912927
EK202310140920,139.60145936173515
EK202310155482,142.12594861276887
EK202310135200,130.87026561823248
EK202310172820,142.80449401364206
EK202310105543,128.72194594303866
EK202310172387,146.66864105002162
EK202310176697,138.82999258604661
EK202310218951,150.6172138050005
EK202310103784,134.82008744316613
EK202310230023,135.08942398947102
EK202310164692,141.3532180616358
EK202310104542,130.1409239219076
EK202310176068,150.6214685092606
EK202310244683,143.557635236863
EK202310119149,136.6759559324346
EK202310191861,120.71743337268188
EK202310199949,133.3637038901415
EK202310161393,143.62416275579366
EK202310125111,139.60793635238974
EK202310199054,141.14663567559757
EK202310004487,136.86174338898587
EK202310183184,131.66137350308207
EK202310201897,163.65874928513315
EK202310210681,125.56226915998194
EK202310171699,133.23831341391727
EK202310136344,148.36360594411744
EK202310142799,134.04108858808692
EK202310003358,140.54753762150648
EK202310177915,143.3127665033057
EK202310233198,145.50851382601385
EK202310180154,124.18487626144588
EK202310174450,129.83231828549353
EK202310136841,135.14318314989725
EK202310121016,148.9931329499774
EK202310165032,134.91619214199403
EK202310228963,137.81420958595274
EK202310121559,156.80379295606983
EK202310181916,133.40893710248642
EK202310145575,152.19699575405954
EK202310239181,141.15208016131677
EK202310188158,139.4956962825394
EK202310128251,128.42987108196445
EK202310132218,147.7843821141031
EK202310171818,161.1428143683751
EK202310104717,135.47583752710597
EK202310166536,142.8778242311649
EK202310165544,160.92312460381308
EK202310106140,131.8033797025377
EK202310120542,129.75334010273932
EK202310200432,136.80634423144036
EK202310137688,142.64398260369066
EK202310199770,142.28904026718158
EK202310151234,141.44468981847552
EK202310239824,159.518656925959
EK202310109979,138.54703030473112
EK202310222377,133.96826130876715
EK202310129765,146.20668425272208
EK202310004768,118.98729567841664
EK202310161683,161.23872562676692
EK202310111657,163.0763806574803
EK202310233223,132.6979489080102
EK202310191113,162.5290945656398
EK202310133283,135.86148318895107
EK202310196259,140.5031689653657
EK202310180866,136.58047159860342
EK202310219289,128.79468177344816
EK202310195465,170.33808888820207
EK202310163110,142.72871410745677
EK202310236924,127.84701526422383
EK202310175544,136.95979505328836
EK202310106368,134.4052853412472
EK202310187622,141.42825574715113
EK202310204563,150.22744106376155
EK202310169494,143.042323175768
EK202310151846,157.06779398823647
EK202310239299,134.4546593943041
EK202310145012,122.21430893109633
EK202310110945,135.36275033925912
EK202310198659,136.0679241849459
EK202310130369,135.93756102165653
EK202310191235,157.44160026932633
EK202310171717,134.59385521372283
EK202310235589,145.50990043629298
EK202310114348,139.69260754021573
EK202310232893,158.438044318855
EK202310164789,153.65604712950105
EK202310236042,160.17302529733217
EK202310004445,135.62036901056814
EK202310172245,131.67962779000732
EK202310224823,121.80405912809829
EK202310136877,139.51199373382576
EK202310123423,142.46763115266108
EK202310153225,161.67317526987378
EK202310145756,141.3548939462192
EK202310146568,139.66234798334787
EK202310163087,135.5349840962163
EK202310245297,157.54444325318195
EK202310209644,141.82436146993874
EK202310140290,129.69839270368837
EK202310221072,146.21262869119462
EK202310135414,136.989068826218
EK202310187378,145.14763348448048
EK202310133530,153.4904898460733
EK202310224364,140.6219403920863
EK202310195517,149.9290553366573
EK202310204169,136.68697281841983
EK202310210323,120.47687859391617
EK202310200422,126.4640485605441
EK202310151056,132.63065040480487
EK202310227277,140.0630563155673
EK202310247028,145.456465916519
EK202310180050,139.21574726757976
EK202310127868,149.75068536599935
EK202310234685,139.39246209431326
EK202310223304,126.89014384873427
EK202310222628,124.69639336969782
EK202310132162,150.44340458380861
EK202310107313,158.61427296386748
EK202310193034,133.57933655312624
EK202320006263,162.56617211933747
EK202310180508,151.11502719133802
EK202310126699,134.08908957020154
EK202310161588,154.92078008038237
EK202310230044,132.93205151186984
EK202310131679,144.5223093705057
EK202310130402,144.8451490349392
EK202310186216,132.95698855993302
EK202310104460,150.2232133055125
EK202310138193,127.83800094312451
EK202310190994,159.5495329290458
EK202310235895,135.6217934111369
EK202310129828,161.3054431616487
EK202310188700,150.90280557518693
EK202310162187,126.23082032043264
EK202310137095,141.55833196549148
EK202310142210,142.53658568744655
EK202310197331,146.6503597392002
EK202310224439,163.85910129368096
EK202310202545,153.1714606047273
EK202310172841,144.35312547810065
EK202310185316,154.18219653187725
EK202310193096,121.46771876182855
EK202310239366,135.61726997291143
EK202310157680,133.64839961464367
EK202310216245,131.19030047847156
EK202310122188,134.74416262541314
EK202310229644,137.19330597757502
EK202310205871,125.83856175355734
EK202310215556,138.11157078213114
EK202310158679,168.38711408268267
EK202310147755,141.11571559253727
EK202310186194,141.4226370772775
EK202310117620,122.9230635497723
EK202310194359,136.37590670141708
EK202310198922,131.36858819697522
EK202310116214,136.7125354026032
EK202310162259,138.0129989378517
EK202310157059,177.72214073430834
EK202310128924,139.42422774096647
EK202310141619,151.71444676574777
EK202310221578,133.35797626304756
EK202310138618,140.28928186113387
EK202310183482,137.14285351177682
EK202310152447,135.61635190474823
EK202310237940,127.05830039967466
EK202310150193,129.38962653269138
EK202310183803,164.92884993256766
EK202310111372,131.3315599259163
EK202310201263,155.35739252255533
EK202310124638,142.00398178327558
EK202310178960,149.89968780200851
EK202310210327,128.2368364417213
EK202310201273,145.33295351753296
EK202310222624,151.47430430156814
EK202310180840,131.1787850057582
EK202310185078,160.19760228832808
EK202310168572,149.83571128535235
EK202310170490,129.90468071122427
EK202310232989,125.4883650733146
EK202310162228,155.01860157239366
EK202310175459,146.11517857960743
EK202310165474,141.50923988123947
EK202310243395,143.5233851534623
EK202310127631,135.30155853436582
EK202310186924,123.58300498116324
EK202310163431,122.59341464805848
EK202310189463,173.09943573395293
EK202310190842,159.3036643291236
EK202310185696,163.62280142352466
EK202310111713,139.77436300597444
EK202310193617,161.86315555522623
EK202310125805,138.4924779481367
EK202310151745,147.97137987676908
EK202310175297,136.07187742265054
EK202310196724,132.10097683097308
EK202310233146,156.24646984193262
EK202310143125,134.93993911648374
EK202310162683,142.0718637645322
EK202310105844,141.07689744600358
EK202310137395,138.91330343583385
EK202310234360,163.20442286910568
EK202310169711,155.3430517713557
EK202310229840,125.73490112074073
EK202310108815,127.38886749867767
EK202310173350,137.35896494976902
EK202310221654,138.56419861952648
EK202310117503,131.14251383883962
EK202310118377,125.88964792009837
EK202310193948,154.71082668092828
EK202310157293,146.22812786918539
EK202310229924,137.52886462061244
EK202310207252,152.01588925377354
EK202310112063,145.88535173693577
EK202310211575,132.2743685671085
EK202310121865,133.0128699973095
EK202310229242,132.45770194428314
EK202310217753,126.34868916852159
EK202310154203,140.26786569891033
EK202310119526,136.3677054402051
EK202310233019,134.9564926142318
EK202310110136,132.74742883727302
EK202310136917,144.23417016584247
EK202310232125,143.09465661506877
EK202310195652,147.8417049647931
EK202310003341,163.51233087564097
EK202310172729,146.65118187955605
EK202310106011,150.72165844651983
EK202310226908,128.0056671055062
EK202310160952,164.54206588341648
EK202310123901,143.92067335913933
EK202310219883,127.43639927036455
EK202310239294,144.89437721142036
EK202310191292,129.33055038734759
EK202310242675,143.86228465333446
EK202310159365,139.5682151530297
EK202310207357,132.0763592236316
EK202310134219,148.95520372230035
EK202310204692,159.5898435338589
EK202310145833,132.1587251416476
EK202310232367,135.07793305622783
EK202310133942,165.26382527269956
EK202310116957,142.30316573947772
EK202310113990,134.3746780996925
EK202310110317,131.13938575210904
EK202310183678,130.53557564843143
EK202310210475,133.71600114317764
EK202310215753,134.349527633872
EK202310172041,146.63473266115446
EK202310127368,154.17303740052128
EK202310133141,156.4911352655648
EK202310166184,145.55912152261462
EK202310123460,134.09539343507555
EK202310159288,172.76820172173245
EK202310224966,166.81987554542812
EK202310169548,130.9819279278658
EK202310157945,155.2508100077057
EK202310208906,139.46835043287282
EK202320005732,145.63391324695786
EK202310140120,145.81418861199597
EK202310153086,149.7712263644349
EK202310230330,122.63918629782066
EK202310213318,130.84479743546567
EK202310178418,145.85859718432872
EK202310155143,136.6961919482087
EK202310183350,154.2147710227347
EK202310171243,145.1389787380636
EK202310241995,139.46459823309482
EK202310166956,139.51687730750086
EK202310239455,166.65442026617856
EK202310230110,131.0097648327113
EK202310232654,132.98446022061813
EK202310230579,128.2035952021689
EK202310230165,145.72080247435613
EK202310150438,145.04582845267333
EK202310114432,123.15266333554732
EK202310178701,159.36819438285067
EK202310193862,141.83319375105248
EK202310133458,131.02701987314921
EK202310126585,124.49724030185348
EK202310114949,137.85001986445178
EK202310239835,115.9723557189382
EK202310198418,155.38158910818015
EK202310164005,127.55230756099357
EK202310108538,142.5014535917901
EK202310248296,135.28550700129964
EK202310164825,131.43144985902856
EK202310202468,134.77851681893054
EK202310179750,143.4385686811538
EK202310178078,140.8295080745814
EK202310224170,172.08897420745637
EK202310108711,129.95041851050652
EK202310107024,141.32054786258095
EK202310229155,133.7389063445869
EK202310109556,135.8079064289541
EK202310202152,143.81059751824094
EK202310237189,142.01966832733942
EK202310147644,156.45291505089685
EK202310161108,177.2590137271557
EK202310122907,165.35480719092521
EK202310108647,144.76147473793452
EK202310116234,142.01842127795553
EK202310180820,144.54445751739266
EK202310185427,135.26413457898198
EK202310156227,151.95314979462046
EK202310121246,132.682386992712
EK202310135704,137.1086122397035
EK202310225359,130.38957544394083
EK202310205195,160.14741114508186
EK202310201515,154.44532963481373
EK202310195070,139.17867454575259
EK202310185184,142.54728848098023
EK202310233163,129.66412338975428
EK202310169236,157.32643916033234
EK202310113651,143.74338542587765
EK202310105373,136.86737283494153
EK202310106115,131.98107724181432
EK202310245413,140.8869312634733
EK202310219987,136.99083897073862
EK202310142576,141.20030729848096
EK202310158268,133.1582380326846
EK202310156894,139.8291068762048
EK202310004886,149.89948229947717
EK202310154420,125.53976002344818
EK202310210832,136.04098824366994
EK202310220049,146.180091152601
EK202310181921,158.8418435312164
EK202310201324,164.29917320603744
EK202310191459,146.62248356425164
EK202310128368,144.71584727975645
EK202310175128,123.63175737056436
EK202310172288,145.75824319583168
EK202310216634,133.63475750123035
EK202320007004,176.95889617620054
EK202310244935,121.10174954675173
EK202310176831,126.69900884997479
EK202310119255,145.4012580654858
EK202310225916,130.80556171227815
EK202310159227,169.14635865372267
EK202310208285,145.28336603461779
EK202310139560,162.24990251434394
EK202310122710,124.36372292576512
EK202310121289,134.19165257744552
EK202310124642,144.22839595637728
EK202310232850,132.67338513651345
EK202310162749,157.51517313937956
EK202310114861,145.5359680476923
EK202310147672,158.50869092548282
EK202310146693,136.20694111046092
EK202310229560,144.85089204255706
EK202310153109,147.13022545187977
EK202310159133,134.19164405697657
EK202310147681,122.81886320056773
EK202310154454,144.74624781296427
EK202310215971,136.2795484670722
EK202310176116,152.645008680548
EK202310108965,138.7155754555091
EK202310117311,135.62013002158815
EK202310205689,138.33800976438818
EK202310196959,156.3529756103177
EK202310208747,164.77253109047788
EK202310220306,141.3142117400361
EK202310229825,142.40433724195077
EK202310156765,157.25253839510125
EK202310123916,135.66993124657407
EK202310208563,145.81469535180682
EK202310176612,128.88498082177992
EK202310150270,169.3991861329393
EK202310167920,131.53070193236783
EK202310004780,133.26870457586807
EK202310228392,140.58468451144972
EK202310162764,146.74873835674114
EK202310178248,152.77551400841133
EK202310161854,120.36216230368763
EK202310184896,145.1500675047132
EK202310196454,147.54132063276344
EK202310166252,140.48159588105312
EK202310224266,135.25967126635777
EK202310228300,140.32274609492003
EK202310228517,127.30118025501613
EK202310119762,135.16842273346248
EK202310197634,133.41405085937842
EK202310163433,126.13298960097858
EK202310205791,140.7358525755795
EK202310198433,136.56521655929527
EK202310205023,142.27867271954239
EK202310139454,134.5697177529257
EK202310201839,137.2318937544569
EK202310197547,162.83642762593803
EK202310233724,134.16293938498416
EK202310153252,147.5784975961476
EK202310190922,133.13734495270515
EK202310142523,138.71303706218288
EK202310219846,143.2074222946115
EK202310198901,130.9998004654657
EK202310167227,139.76785318250907
EK202310111384,131.88585642541676
EK202310136046,151.3837220031718
EK202310214121,150.9063715265853
EK202310118169,143.1389140699481
EK202310183250,143.0272869262495
EK202310188579,135.2840134900706
EK202310131031,139.3511483542832
EK202310104480,141.6916472176646
EK202310239710,162.27486993310882
EK202310234691,121.82471845805242
EK202310168972,130.70262219021052
EK202310120008,126.08587208121149
EK202310212233,134.61533608454354
EK202310215929,132.13266959588543
EK202310211484,123.42158830601062
EK202310222506,138.48332589588418
EK202310202763,159.8439607540677
EK202310220490,147.428197338331
EK202310116375,139.99512923320253
EK202310175337,159.67233905227798
EK202310240580,135.1212932567354
EK202310109905,151.67018145105024
EK202310192597,141.32219784249202
EK202310114800,122.92841109476963
EK202310132205,117.38470809476463
EK202310110193,125.02813957760524
EK202310165102,152.25899341910701
EK202310116663,140.14102310447535
EK202310218315,146.7792139702949
EK202310113156,150.553648100734
EK202310231146,129.0942912977616
EK202310180373,133.88554348318894
EK202310232424,134.30684218573643
EK202310224878,131.33536330361395
EK202310103830,132.43559566336842
EK202310240706,134.57259354850288
EK202310120776,146.7961877868158
EK202310160117,138.64601385760085
EK202310132998,133.8082714427074
EK202310003968,156.54074567986626
EK202310209613,147.24315631921635
EK202310241092,134.83073626261572
EK202310123771,141.64930760091806
EK202310245280,134.41376174868603
EK202310244377,134.08247536720324
EK202310109713,164.7642912649771
EK202310228232,140.50560782474665
EK202310148652,140.9955081871945
EK202310243472,128.01377747367204
EK202310170765,141.77505201484604
EK202310170088,125.86498109427431
EK202310004315,129.37634430014043
EK202310217178,140.37761744719265
EK202310108775,141.83809699978835
EK202310180920,148.17675344973682
EK202310246305,140.44044026450362
EK202310206922,161.7027054785132
EK202310167783,151.53182457226868
EK202310129574,140.67712273172387
EK202310174308,135.46191960067037
EK202310161413,157.34870817341553
EK202310148150,157.09577027050113
EK202310141044,166.8286414140482
EK202310231588,143.08642495792293
EK202310118970,126.63973557032516
EK202310181033,159.2363455842652
EK202310194383,151.80504125144293
EK202310183986,160.33612141515823
EK202310150419,141.06928014327946
EK202310194684,142.83231221920562
EK202310123982,172.09936855824964
EK202310167254,135.11383021992486
EK202310170710,131.67550661892184
EK202310112450,135.83293598729136
EK202310220586,141.7647811806837
EK202310189665,143.81271762734315
EK202310117974,135.29115826310203
EK202310131602,136.30456065623525
EK202310162096,141.6404069909058
EK202310243659,145.24067210786856
EK202310187107,121.05156835231647
EK202310188591,130.8934359858137
EK202310130729,137.7685349697513
EK202310207612,143.71620007644216
EK202310190165,133.35135939424677
EK202310240918,135.0422022254478
EK202310138933,126.98545819038421
EK202310124424,126.54840942921192
EK202310207452,144.11452311627588
EK202310149692,153.30233815588346
EK202310122269,146.45493557820814
EK202310178206,148.04308247227408
EK202310236928,127.8577119919042
EK202310108129,163.4290655916729
EK202310242986,135.87352781986047
EK202310153555,134.14318251383182
EK202310135472,144.13751761272627
EK202310135151,151.7646174161988
EK202310121132,156.79654612820352
EK202310159808,135.147492966847
EK202310111940,134.02233213476433
EK202310211823,127.01593382068293
EK202310208954,162.02224940596236
EK202310174925,168.9852000523176
EK202310139934,135.66849128833186
EK202310128204,144.6156607777174
EK202310207948,134.57468095855177
EK202310194132,143.8947823856802
EK202310213757,137.46571671680732
EK202310210438,137.2212145044965
EK202310144525,143.7082698251169
EK202310125105,144.88037248483576
EK202310120299,136.24155420675268
EK202310246727,139.9476647929469
EK202310200847,150.74225421148293
EK202310181091,136.94195606018036
EK202310130669,134.75622595944168
EK202310164111,135.35185993570167
EK202310141945,138.92317961667501
EK202310238865,159.0142286594571
EK202310107320,135.15331212274882
EK202310220000,148.76978674822047
EK202310180826,152.3281366204294
EK202310117534,149.44096105939124
EK202310148403,165.6385634817327
EK202310235756,137.30176431698135
EK202310215153,124.7133380112841
EK202310215909,141.28066756802238
EK202310232668,132.6582278501872
EK202310169331,159.34723709460127
EK202310168151,136.09000570741847
EK202310218890,129.13365765617004
EK202310186779,136.65195400058138
EK202310114858,131.58394460886763
EK202310152341,149.75236882963466
EK202310128217,124.81633563260876
EK202310193271,125.45972724226888
EK202310180464,163.30181547400576
EK202310205276,139.22953811442335
EK202310125640,130.1045988880044
EK202310141600,145.1429443176299
EK202310141981,154.1662129663162
EK202310167795,141.6305052160129
EK202310192334,140.7984364645612
EK202310241694,132.7412261382564
EK202310196935,133.37153671187684
EK202310180151,133.03481315622156
EK202310106774,136.67343158004383
EK202310215027,167.56046425913735
EK202310216078,146.79105410724543
EK202310163711,145.04994619657424
EK202310109770,153.57041856754483
EK202310215501,135.57960750632515
EK202310163977,137.51046070065647
EK202320007174,158.51044596967327
EK202310205844,140.23172820549289
EK202310139223,134.5258069022508
EK202310244458,127.00399269867931
EK202310131387,155.6544644944342
EK202310143831,139.64737436549458
EK202310147793,141.91988587849931
EK202310219748,136.40116186331554
EK202310155389,134.86633366386496
EK202310134466,162.30410871065814
EK202310151903,137.6542991045067
EK202310234772,135.75012040812243
EK202310131775,163.69273547275503
EK202310134952,151.3077152281618
EK202310118242,133.06275100766396
EK202310107035,133.28718640342527
EK202310131515,141.37407668346125
EK202310244132,137.89567536537965
EK202310201654,157.1444764720286
EK202310237041,141.1273881431055
EK202310171334,144.886009610222
EK202310104916,128.91140270748937
EK202310182983,143.94342069307515
EK202310164359,151.33556255977328
EK202310112552,139.97327109931203
EK202310201546,133.55799731512494
EK202310202954,135.10969469331724
EK202310134253,147.7919601711475
EK202310004718,154.16129583924254
EK202310242169,165.36131367314607
EK202310188966,126.88860275271406
EK202310179423,132.6450026354039
EK202310218744,150.11234886162768
EK202310193025,147.60818570335576
EK202310232272,136.73843939846546
EK202310217104,132.65283083326193
EK202310245973,138.1581733958154
EK202310108124,149.6545027066293
EK202310195074,163.6875988432545
EK202310177534,150.50685936161787
EK202310220572,128.35513887384548
EK202310176418,141.73233455813562
EK202310159967,144.67916779373422
EK202310163800,144.04549920524866
EK202310154402,170.6964643500753
EK202310212424,132.20712055636213
EK202310115194,141.90979254307913
EK202310157002,135.97431690326286
EK202310236493,133.43969605863128
EK202310209384,145.36491500277842
EK202310153699,135.89295025758648
EK202310140162,137.48290373166148
EK202310191690,160.69230758608742
EK202310164321,148.9049450368924
EK202310167679,126.30526104704978
EK202310118401,133.73110765745216
EK202320006231,157.9051566289912
EK202310158105,139.1228544549634
EK202310179352,161.55989279882115
EK202310112735,147.84751967471007
EK202310144319,130.53282942954294
EK202310173893,156.23357887157707
EK202310160526,145.81504375298724
EK202310147338,120.44716387417122
EK202310164737,147.66837498417402
EK202310226429,132.45390106561982
EK202310119510,136.8628298134807
EK202310111353,140.41943847445623
EK202310121601,125.19378757569754
EK202310138216,125.11082410602063
EK202310222532,139.14339118916064
EK202310138949,137.1267505048007
EK202310214912,147.8520284987962
EK202310121057,142.73509480342037
EK202310231318,135.8899794929061
EK202310137231,129.64590195419373
EK202310136824,125.14518268736559
EK202310115476,140.8581190624318
EK202310195522,169.90595105264023
EK202310130890,128.08331373643287
EK202310161838,174.93486000508418
EK202310158188,130.82404757359024
EK202310184190,128.8798114138791
EK202310106659,142.89564574319752
EK202310134400,132.91061460571075
EK202310209267,139.68657381787017
EK202310241209,145.1050021393518
EK202310214760,140.0917270537317
EK202310151809,163.34942258167132
EK202310198002,159.32437136270698
EK202310228621,132.17127479825376
EK202310162885,134.9226878429047
EK202310133298,145.89385231239945
EK202310126484,136.95597434175423
EK202310196380,132.84175456696863
EK202310143373,126.44832320979768
EK202310202385,140.43177148532095
EK202310131648,133.57240769038899
EK202310116966,141.37542234196778
EK202310134410,157.18600142641228
EK202310191544,135.50267105255344
EK202310196047,144.3598375711865
EK202310119440,126.5672892388528
EK202310132919,149.91679012943555
EK202310156448,163.40091217067095
EK202310198177,134.77214174711838
EK202310148838,150.5387121048026
EK202310171364,143.6084849832965
EK202310120500,123.75911005674429
EK202310247151,136.32448053987
EK202310144904,137.58528212620772
EK202310174989,142.7956299319695
EK202310133355,142.70438025491694
EK202310226353,155.21088511600107
EK202310176858,137.51719110716928
EK202310227114,158.3722796042532
EK202310187693,142.81574261281574
EK202310109711,153.4056693215474
EK202310181780,148.45071681964643
EK202310163147,151.3637373979102
EK202310190696,143.28249567052768
EK202310165868,131.95906333894106
EK202310110400,133.76156935274415
EK202310135537,146.2726495342176
EK202310169217,165.8576217961585
EK202310195878,157.90407282075816
EK202310189489,130.1984083427468
EK202310205257,130.95378112450373
EK202310239304,169.5464372175144
EK202310132417,129.22326666949235
EK202310221095,129.87439286092714
EK202310110398,131.6416348475424
EK202310240389,143.039573438648
EK202310185614,144.79697640338497
EK202310213110,127.51781314600971
EK202310154463,142.04651809755015
EK202310177140,175.41219384462772
EK202310175268,159.08093224463363
EK202310199152,132.97568709733008
EK202310128676,147.19551433833368
EK202310168399,161.24034244378288
EK202310201459,138.40791160874915
EK202310235106,141.89296821641366
EK202310232368,140.06110624262197
EK202310127908,124.87894763252024
EK202310182464,146.5781024557655
EK202310184852,130.48054021089837
EK202310170955,135.51043144296506
EK202310185265,152.04971816742042
EK202310114431,151.46302580343797
EK202310124741,150.65369667193605
EK202310193561,145.37855495700686
EK202310113830,147.01440952905685
EK202310229300,137.3757804241172
EK202310176918,154.9613066173091
EK202310222543,135.76973755002024
EK202310240095,164.26512420991966
EK202310208448,138.97872703406202
EK202310201172,177.88671417157414
EK202310125525,137.41077782478266
EK202310221529,136.92838960086212
EK202310120352,161.51636813761363
EK202310140711,143.17432071547512
EK202310211389,133.36847541030454
EK202310124018,162.44760784979724
EK202310143340,130.86764339456292
EK202310180385,146.92550192058354
EK202320006974,169.40768595322507
EK202310159693,145.34380666029048
EK202310181459,126.08089079772596
EK202310182182,140.01585500762621
EK202310141048,144.34683957030202
EK202310211604,129.1795239663516
EK202310141173,129.25049542292751
EK202310151648,144.54598991179776
EK202310243583,140.74451322587905
EK202310133700,129.8080093083454
EK202310152960,147.9073253972971
EK202310192543,137.70347432091182
EK202310131141,135.8825596984836
EK202310134377,134.92551071784217
EK202310174653,138.86677181097343
EK202310218574,146.36017501954274
EK202310191005,155.68150370061514
EK202310104855,124.94321385918141
EK202310178218,153.75326322027576
EK202310166318,162.89688790977283
EK202310202248,145.75097785112095
EK202310234490,154.16296396510987
EK202310225442,142.47826501935086
EK202310123331,139.4882400472342
EK202310238951,129.0794284545418
EK202310114122,139.3068149434259
EK202310202645,146.22239498654017
EK202310221624,131.91256794207672
EK202310147534,149.43894765937483
EK202310197356,179.57750843215413
EK202310222430,138.7766720169464
EK202310225523,125.30815622439668
EK202310177178,158.16092871672657
EK202310153665,120.18307552138467
EK202310196238,139.12528560987332
EK202310244577,136.54657102426407
EK202310172448,146.8303004110571
EK202310225799,130.29690269609912
EK202310183968,136.92923592090418
EK202310203019,142.2490923751448
EK202310109776,138.72996494105396
EK202310111537,146.39175201602046
EK202310124731,170.30814123496336
EK202310213643,140.7208715721817
EK202310146267,139.45188527909596
EK202310245701,136.75669809176503
EK202310177157,128.50519648546907
EK202310153114,157.16357920970603
EK202310004024,163.94329748849466
EK202310240323,136.34449535885116
EK202310116344,136.35856829560578
EK202310174344,134.33612846090227
EK202310166165,145.37189759304758
EK202310122743,151.3776029491702
EK202310226015,141.89585221533042
EK202310152541,143.43335597489465
EK202310189773,142.72906898448431
EK202310232097,143.545711199607
EK202310155304,130.86105296343456
EK202310200289,137.0119694215639
EK202310208997,129.358066738468
EK202310176430,142.2774456011748
EK202310205504,133.3959661947691
EK202310241123,140.81134618593077
EK202310160664,136.2991362191054
EK202310235837,135.63140813494402
EK202310190225,135.73606581050436
EK202310218794,119.53764100720902
EK202310244811,130.22015824083658
EK202310144333,133.19526778780005
EK202310134916,144.8514587520887
EK202310133279,152.91896083268745
EK202310230299,138.37419210373164
EK202310181539,156.09754267456884
EK202310137837,144.69342521965382
EK202310142434,151.88747514884707
EK202310108559,138.19169289025555
EK202310172173,145.0670222814189
EK202310170541,158.0547127471309
EK202310106066,124.85945325984862
EK202310242004,140.83720531945187
EK202310114374,148.83017300864475
EK202310147018,150.64289588206407
EK202310193730,137.96590387214863
EK202310155054,131.542234280039
EK202310211249,136.8485121787541
EK202310203058,143.8204783501006
EK202310224924,166.42879554137113
EK202310153934,132.92377517375246
EK202310192789,133.29115703245313
EK202310176566,136.59562608329134
EK202310215186,131.0661930288905
EK202310159944,145.65966202771278
EK202310209677,135.73880010656535
EK202310137062,133.19213731704812
EK202310209003,167.45551936392516
EK202310236143,134.66774599791952
EK202310159540,152.42058353490455
EK202310141923,142.9703963429604
EK202310214900,143.6278271965128
EK202310150311,142.2808109475154
EK202310145121,127.26172644195961
EK202310138102,129.93422967728296
EK202310195227,153.50259284241207
EK202310215003,142.84109280380648
EK202310133345,147.40747745648875
EK202310241621,155.98204247003622
EK202310232734,133.7235340823557
EK202310192752,156.93889275750337
EK202310155287,127.21489503594998
EK202310230367,133.37365087139864
EK202310204826,137.9033705813474
EK202310217569,168.40498170255853
EK202310239151,144.7065779403244
EK202310225087,167.63432062352115
EK202310142211,150.74652142428565
EK202310143872,153.0499224084308
EK202320006692,144.1523284555854
EK202310243470,133.07486566122233
EK202310202312,161.01598385216894
EK202310172400,143.17755565622429
EK202310175257,146.86378152571547
EK202310156574,143.3159890090204
EK202310195996,164.0112955441287
EK202310207174,157.86879913231016
EK202310221440,149.161368655622
EK202310229365,138.50866659242197
EK202310184849,136.0135342541138
EK202310186317,142.3786102175142
EK202310122351,124.67411221932417
EK202310147942,158.1411032260418
EK202310204767,121.72486718951313
EK202310151776,137.56600821995448
EK202310162542,162.03564853151903
EK202310149376,158.78953867057524
EK202310188687,140.09393156482307
EK202310126040,128.05084785276003
EK202310132787,123.90201359139732
EK202320007196,156.31815866666327
EK202310194184,148.31852369429103
EK202310148035,148.10191345798535
EK202310242086,141.83837647329818
EK202310158984,152.01757443109884
EK202310123998,168.92920269910712
EK202310143322,161.9858551575902
EK202310169220,161.95464393177252
EK202310163343,124.52347479463836
EK202310195035,156.35925350161241
EK202310244095,141.81073632042708
EK202310004865,162.11031127172689
EK202310202516,138.92356779820977
EK202310170156,151.08110899506207
EK202310217210,141.93287173410027
EK202310139116,158.23667343640167
EK202310181676,155.92118527755483
EK202310117650,137.20189136533332
EK202310126117,131.38306836416163
EK202310145631,134.6820585794101
EK202310194552,151.01788834835696
EK202310231065,132.72977311406797
EK202310243723,140.68490413196145
EK202310150462,143.31788379890074
EK202310175160,137.22367532500954
EK202310145549,139.44008520795808
EK202310218100,125.85103156492048
EK202310172122,132.4187907782726
EK202310195049,134.83209415883633
EK202310179443,149.18716629795554
EK202310149733,141.51466355549275
EK202310115695,131.4128219669239
EK202310149488,139.03255652138765
EK202310154087,153.21645350379862
EK202320006192,152.17509704625044
EK202310125278,143.04641012399944
EK202310241332,159.42161008081445
EK202310143810,156.34980445942102
EK202310105018,135.27962161372068
EK202310237785,144.51084458619755
EK202310223864,167.74560234470172
EK202310226433,165.52461200792115
EK202310157972,147.4539183831173
EK202310174015,142.6680701916756
EK202310183160,138.92124706507735
EK202310191076,161.18567005591456
EK202310172756,133.92297157410792
EK202310104599,132.7625325171665
EK202310238264,148.0534272734089
EK202310127187,136.1251676692203
EK202310165833,147.66883814904287
EK202310195179,143.26923951871984
EK202310153898,165.27041659333597
EK202310170585,139.9987055498423
EK202310245910,139.53656845160845
EK202310170174,148.79465408628243
EK202310115207,139.03802608651023
EK202310120317,137.0548064760649
EK202310236898,129.19899274895005
EK202310146305,153.92176782080128
EK202310112140,141.64566823724633
EK202310143217,141.14467908943502
EK202310150540,142.46909751324122
EK202310223717,130.94764507814062
EK202310219843,141.84385157983232
EK202310198855,140.63841525932907
EK202310191446,148.9006432845247
EK202310190334,146.84703152185057
EK202310184752,140.452847959749
EK202310160416,141.63415559665825
EK202310173011,135.4576084059625
EK202310128863,136.43533600241926
EK202310190262,138.15001649222594
EK202310110902,143.0668507847755
EK202310193520,158.27743272391157
EK202320006543,157.8644047380267
EK202310187711,135.11952975328518
EK202310200254,142.4065898902884
EK202310155513,137.38200629855407
EK202310180642,149.21447686941394
EK202310196569,153.77653340892812
EK202320007271,158.4709188232363
EK202310179403,137.87750972608993
EK202310241241,163.4511152945916
EK202310192182,135.6514110571007
EK202310203673,147.11090612085047
EK202310163605,135.22836115301084
EK202310108085,144.86365134676075
EK202310195692,153.5545072917055
EK202310190401,143.28129308955496
EK202310192575,138.56887586550874
EK202310227513,159.3372602111809
EK202310130882,150.1926423230468
EK202310104224,150.60931449606034
EK202310144297,135.36836347523305
EK202310210525,143.44521805460977
EK202320006267,167.72932166059715
EK202310150061,141.6703751429445
EK202310189465,160.77004339812126
EK202310239884,122.41897955917483
EK202310137344,128.4397033886043
EK202310212273,132.29557096695063
EK202310205202,165.14930092235565
EK202310147736,143.00713285725286
EK202310138489,137.07203070690778
EK202310169998,162.2529390565667
EK202310123563,130.61115247889646
EK202310162573,158.67853906433652
EK202310122865,155.0452767814596
EK202310189811,137.88777414793856
EK202310160895,142.27955604266657
EK202310153256,134.03138948716352
EK202310216969,142.00243787610026
EK202310152260,146.66633541647465
EK202310141709,137.1713609516695
EK202320007373,145.3833242982787
EK202310193336,153.09712439809164
EK202310164703,146.4864183096044
EK202310103814,142.64325514402566
EK202310200017,137.78002630905448
EK202310218767,127.86470623555925
EK202310188858,149.2677884903397
EK202310192187,151.09537578924403
EK202310194207,146.0539887615364
EK202310130206,172.27336850007077
EK202310110494,132.64581298764315
EK202320006130,163.91948348449534
EK202310211320,139.18958521520915
EK202310224161,134.3576049117857
EK202310240472,154.07340676728734
EK202310209032,143.51410315283417
EK202310167634,140.0254622436159
EK202310180571,152.9883452031557
EK202310229017,127.05334704120594
EK202310131345,136.33984517147252
EK202310138019,130.17448159571325
EK202310004554,146.1698231192835
EK202310132971,129.85162766256542
EK202310141635,144.08937271624805
EK202310194247,141.94139913748162
EK202310148311,155.87765074833717
EK202310121972,138.74631069877125
EK202310142685,149.1589868329298
EK202310106949,164.15373737079736
EK202310163326,148.50806879604127
EK202310220547,135.73388968730788
EK202310104514,135.54648647716914
EK202310145431,136.29357741186956
EK202310117273,149.85841821444185
EK202310166607,132.48749532024488
EK202310189589,130.07017205697215
EK202310196074,126.90357680263702
EK202310153363,139.03574095281297
EK202310162392,129.98830058895766
EK202310229624,130.2791305060354
EK202310195898,136.27237367285184
EK202310219784,128.3784278457259
EK202310184116,138.6230565261262
EK202310223449,139.50957371437522
EK202310163821,151.59236340222222
EK202310183192,136.3153506536191
EK202310226918,137.9529167021451
EK202310154785,157.88418727074819
EK202310179367,142.49029210096165
EK202310195531,147.35573749963007
EK202310130452,142.7290022987267
EK202310121734,128.49326988394913
EK202310133991,148.59434273647076
EK202310210591,149.30359121182417
EK202310139555,169.7146928687231
EK202310228357,137.06986297927253
EK202310125608,133.21050003553975
EK202310107185,125.82065612484686
EK202310235572,134.02951161803477
EK202310230158,135.90042862103004
EK202310145383,130.93105869285117
EK202310143147,138.64763853239538
EK202310164771,152.8403732691812
EK202310144247,150.17992338389408
EK202310220979,131.49045969564804
EK202310149131,132.78116827766243
EK202310196632,161.4126178539326
EK202310131051,154.82392666572215
EK202310134659,136.20131952060217
EK202310200213,128.15244217002333
EK202310146862,132.94371986757255
EK202310188949,139.91806191898502
EK202310137016,156.92876474142744
EK202310239591,140.1976425156391
EK202310160714,173.08543775266583
EK202310120187,140.8952834344094
EK202310171815,133.49561617163658
EK202310197107,154.9932927234792
EK202310135357,131.60696994543684
EK202310139656,126.54233071013334
EK202310210779,152.62521744488197
EK202310238374,131.8060126754934
EK202310232468,126.10491202433704
EK202310170608,133.39362153531044
EK202310161875,156.20053318207056
EK202310154794,135.90413410098233
EK202310178981,145.94691133958304
EK202310115024,123.87800673623661
EK202310198317,157.82248766861912
EK202310176549,141.00259492138136
EK202310125448,128.3975882155738
EK202310223899,134.06266361761496
EK202310240237,142.51678519199683
EK202310194815,165.58551210652777
EK202310245437,140.73131790515427
EK202310109463,132.34832452691
EK202310126220,132.64423354622917
EK202310162672,142.93335467793025
EK202310106706,136.22328088244265
EK202310230813,134.98281945230337
EK202310229853,150.7236654255423
EK202310183987,152.03479615584442
EK202310130317,160.15882038500445
EK202310104984,145.61545293189374
EK202310174152,143.73184221304072
EK202310228308,138.50824775005472
EK202310111938,148.12909589123444
EK202310191965,156.18073690972395
EK202310125325,131.91283736495578
EK202310235246,138.4356708784935
EK202310108851,148.8290782916216
EK202310139648,151.2668962850703
EK202310116135,138.07314508581393
EK202310195391,137.12317648472916
EK202310139056,156.4336396722321
EK202310201109,142.55270728399293
EK202310247192,177.14202790988912
EK202310119623,146.8474861350242
EK202310174223,123.75504759562781
EK202310150628,145.51734775369601
EK202310166077,158.53531003655903
EK202310178835,135.31921188599372
EK202310184672,171.94643048357466
EK202310245587,126.67851582109857
EK202310211153,135.03196401646727
EK202310148852,139.8989503311612
EK202310237982,124.09720877098424
EK202310212607,136.94751233871688
EK202310188439,142.23104771232764
EK202310244428,142.93763039238098
EK202310187031,130.18888130368362
EK202310114894,150.80520405543015
EK202310140044,143.95816635233413
EK202310223861,135.12028677499936
EK202310184954,139.30000038415403
EK202310229341,148.9132327169274
EK202310193100,146.9880199769602
EK202310154175,134.05528706156733
EK202310103979,137.30813804187153
EK202310210100,169.233791179303
EK202310112422,127.6130099953081
EK202310147941,147.00557082768458
EK202310109450,134.46183970972524
EK202310227736,139.25851188112375
EK202310147053,158.6424145590411
EK202310219645,130.69862820397088
EK202310213369,134.03173602780527
EK202310154826,160.0251217015352
EK202310119234,141.60736841030248
EK202310210678,134.54070894353382
EK202310106182,149.24074771721405
EK202310132534,133.30245507049855
EK202310220157,131.0025866642354
EK202310108493,142.18363266505713
EK202310192669,158.19393038201736
EK202310172385,140.53081031820466
EK202310133787,123.63051066155103
EK202310172222,134.89087344319756
EK202310183649,145.66828440799864
EK202310135892,128.856548735263
EK202310129170,157.27563162034227
EK202310209741,124.51571097554516
EK202310129427,145.97089867818443
EK202310192393,160.07424269140077
EK202310245714,137.48208684563883
EK202310130517,144.96875384291278
EK202310178411,160.67235733824015
EK202310189618,161.2616588128134
EK202310143288,164.20045953007218
EK202310199193,131.82931677898978
EK202310227313,164.89240829237025
EK202310213919,157.1105463751486
EK202310244481,127.89846321451404
EK202310120478,137.42352634550872
EK202310107634,134.62555947343182
EK202310157691,130.23871944210893
EK202310215874,144.90186891473112
EK202310246981,138.73284915824055
EK202310153195,152.32710303408987
EK202310242256,145.41985208994896
EK202310123017,123.49934123813242
EK202310205136,156.5455795783813
EK202310170231,160.95106013366438
EK202310168120,131.69543185360078
EK202310003727,149.9606713134929
EK202310217369,156.02400296814093
EK202320006688,152.79805627826318
EK202310230112,124.14582088722662
EK202310177152,120.96677733791716
EK202310106847,136.20836710005977
EK202310228061,134.16847659731468
EK202310233311,144.43886906832344
EK202310226138,135.79953114964735
EK202310200931,149.00206891813906
EK202310219804,143.50944516378672
EK202310141658,146.9805558602799
EK202310207757,129.13663400993218
EK202310147486,154.6606913036017
EK202310239005,141.86131120988642
EK202310129712,155.89591621248792
EK202310148369,135.61945311942975
EK202310155404,129.2022787793348
EK202310218716,146.84729511137064
EK202310188882,133.10859806901377
EK202310221316,122.7787169710911
EK202310137120,133.61454536823783
EK202310217405,139.7066352517535
EK202310149231,135.22590726423482
EK202310174189,138.41346317242028
EK202310138929,135.07058687167336
EK202310123610,135.26148467800513
EK202310200717,136.3995931499327
EK202310190751,145.47298668398307
EK202310146784,139.20822351609118
EK202310132879,144.38652939332903
EK202310133709,152.05346157330902
EK202310128722,134.9906866178779
EK202310103790,145.3830368433281
EK202310218931,128.10749739967318
EK202310218663,144.5808011534934
EK202310247844,160.96814068084748
EK202310190812,153.1179192577279
EK202310208756,155.80006744607445
EK202310156744,139.70437670655053
EK202310228838,157.30325426490322
EK202310136171,141.75113488557602
EK202310126151,142.40983727332565
EK202310173890,115.08022601663393
EK202310235680,123.88237828984916
EK202310156616,161.77393711962617
EK202310134563,143.89146770826682
EK202310211003,142.02880057719605
EK202310185632,144.18992196696604
EK202310241758,124.06049580119613
EK202310148534,135.42648278021315
EK202310182316,142.58522875724853
EK202310191280,156.75702957951563
EK202310129812,151.4573134750737
EK202310004693,132.00865865777894
EK202310172541,171.35583647135866
EK202310201639,132.36184471224894
EK202310204202,150.6043747554412
EK202310129486,145.65087526116326
EK202310203423,151.5871943249893
EK202310169919,139.36515495021422
EK202310174297,152.46681838382918
EK202310172937,141.34556728982514
EK202310109427,142.0519831305981
EK202310131119,152.56763066270273
EK202310151810,159.9811005533644
EK202310137213,138.543047033131
EK202310136572,153.42735766959225
EK202310132184,147.62723811595995
EK202310238825,133.90750859919368
EK202310160725,153.68867439527696
EK202310127240,169.19748548226218
EK202310115224,134.0078035189374
EK202310127515,123.38227247419863
EK202310130232,148.8184274407018
EK202310176152,120.57619402129781
EK202310189265,140.97287916443022
EK202310121845,135.28750691745614
EK202310248808,132.62604495655486
EK202310216603,131.6227479962995
EK202310106462,139.35158446179196
EK202310186070,140.37211954102477
EK202310200271,125.95941974957829
EK202310222232,142.34864482527126
EK202310224303,145.3050612943897
EK202310108205,137.40818835442226
EK202310213223,139.3279620717685
EK202320007747,151.96883329094504
EK202310195798,149.2652786101665
EK202310172690,134.51961585493035
EK202310139602,142.6053983793309
EK202310124892,134.4083797985988
EK202310136630,140.61513380503845
EK202310133236,130.22704642094246
EK202310109780,152.3121161101622
EK202310139773,130.51434255837464
EK202310138601,131.92603755675026
EK202310192309,139.02410577113116
EK202310201720,135.68690912757822
EK202310246040,156.0930493728159
EK202320005733,169.10643717922662
EK202310119837,134.35672902909516
EK202310235139,137.87302774239402
EK202310129171,135.5648035934794
EK202310204107,134.37950535480982
EK202310206346,158.73658090784897
EK202310126908,136.18332107362315
EK202310201951,130.5131666218151
EK202310185504,157.7145046430542
EK202310139015,150.5510352264516
EK202310164756,146.86270688306223
EK202310207001,137.98022076493368
EK202310217541,134.6036728162019
EK202310149840,131.95730738892016
EK202310218711,135.04533478382913
EK202310133519,142.05632246943966
EK202310168888,144.24183431977522
EK202310209126,133.05080829507435
EK202310189031,141.08683602697684
EK202310217455,154.13460310026107
EK202310155271,135.63429556237918
EK202310215067,171.13923504777134
EK202310161595,128.4669562649332
EK202310120502,130.7872384796352
EK202310241869,164.18332246338028
EK202310103712,148.418270074422
EK202310150266,169.2707000848014
EK202310119972,137.73876515724302
EK202310179290,135.24283749796888
EK202310192440,151.8956039272765
EK202310131793,144.52358679080123
EK202310109571,167.93939871686376
EK202310230188,167.79142543156857
EK202310119855,150.3586280038522
EK202310138704,153.69810247516682
EK202310118159,132.00421275598416
EK202310166249,143.9277992080417
EK202310187053,156.12872078595183
EK202310165742,158.33970300209333
EK202310183750,154.43512445498092
EK202310205405,139.6981946427241
EK202310131038,168.49205598467225
EK202310207627,149.81892379782371
EK202310220460,137.20029863204468
EK202310239483,142.36193294405857
EK202310141073,163.32993659737616
EK202310217239,135.85174273004566
EK202310146989,151.6524101979153
EK202310160800,136.92435363636508
EK202310190813,162.94120565423424
EK202320006164,148.66676964964108
EK202310143973,163.98577455846944
EK202310111799,146.44671393280123
EK202310208269,143.69876703032244
EK202310159828,158.5010969777792
EK202310113945,128.76781924788474
EK202310168361,138.12556687857295
EK202310176103,149.44795089055367
EK202310136310,150.73218496271855
EK202310200326,141.60041157698842
EK202310179044,137.49087490319516
EK202310197944,134.65980630423135
EK202310183295,172.11461490927087
EK202310240215,143.38139187433532
EK202310225695,127.74947893695528
EK202310138029,122.38582568190127
EK202310208987,142.80739680513076
EK202310156602,173.58683972675504
EK202310239059,147.30243326308778
EK202310185901,137.64382134875342
EK202310200662,131.7495436716016
EK202310109920,123.63445312370816
EK202310188247,138.5944389930667
EK202310183201,151.85587097986362
EK202310104073,138.00344063297973
EK202310183040,134.24735845610127
EK202310200329,139.9199495226502
EK202310108982,142.21208484555652
EK202310214848,146.78507647739445
EK202310194212,115.13439268762887
EK202310155460,158.72340919313322
EK202310179825,139.4358133858319
EK202310183614,137.9764639989859
EK202310233580,137.0690977382716
EK202310223060,136.4365156937603
EK202310110018,134.98570422108693
EK202310219086,146.11349067737203
EK202310210708,126.90677121564214
EK202310206894,154.71516363792063
EK202310176692,152.97819945752482
EK202310211237,128.5378240815881
EK202310216145,131.93767160138583
EK202310174790,152.9355978132698
EK202310130432,137.0709695543541
EK202310176912,137.00910989936642
EK202310239861,127.22504393225286
EK202310201821,139.62254082660962
EK202310194140,141.27101115001446
EK202310201014,137.187450533141
EK202310211210,142.3607790161265
EK202310210215,129.98627441868047
EK202310109048,131.00580381259368
EK202310115364,151.84228260514794
EK202310125998,130.2562571479974
EK202310113308,129.2961687181958
EK202310166014,159.59570517091083
EK202310240961,129.32037912497054
EK202310192526,150.60539741255488
EK202310118614,137.09638032080804
EK202310208485,140.51925512545512
EK202310113185,142.35395912219292
EK202310123009,134.95051198073446
EK202310131866,141.57434341730723
EK202310246596,139.3983460445782
EK202310144786,124.48452739819746
EK202310188069,153.80036364465494
EK202310161238,160.84066767335153
EK202310108065,137.3003825692462
EK202310176554,133.03027553834417
EK202310172801,159.52172356116697
EK202310231997,143.20818769142565
EK202310150544,127.64270475698568
EK202310242116,158.14778255496873
EK202310228121,122.53874889448116
EK202310163938,150.2205220767315
EK202310208770,150.72093281777563
EK202310162906,142.9512067605098
EK202310171122,128.52648284621537
EK202310136574,136.44163044580483
EK202310168247,152.77624620684767
EK202310116653,134.14341068854262
EK202310225365,142.9020113601604
EK202310154568,137.05995265087768
EK202310144616,141.89118662747975
EK202310123329,143.56359320689748
EK202310184908,151.51541092924754
EK202310176975,144.1617399428883
EK202310244230,137.66857680512948
EK202310139801,158.8857265361868
EK202310140231,138.1348588000204
EK202310163109,129.3866421756623
EK202310133245,127.75592635224642
EK202310003719,132.11096410543797
EK202310128658,126.62193739409223
EK202310196514,141.20516277994557
EK202310136745,130.55627754278575
EK202310135739,131.13790479995353
EK202310167219,154.802333020758
EK202310188340,153.5633596208161
EK202310233341,146.64617052199753
EK202310207484,151.03853320862595
EK202310145893,150.28464939051713
EK202310137850,136.78740606364593
EK202310228098,144.60543988567008
EK202310123631,143.73187787617783
EK202310233006,131.8122782680297
EK202310236781,134.86022685625733
EK202310184351,138.7874048438519
EK202310197215,153.40971379744153
EK202310134606,131.76926066552804
EK202310124613,144.00462410293946
EK202310176760,131.9882104614845
EK202310181242,141.97966860286147
EK202310146018,131.08020533081375
EK202310118057,133.73762002524356
EK202310241929,133.9327835850913
EK202310134625,159.12121907701015
EK202310226675,152.85053182927894
EK202310200650,166.32391723757223
EK202310202459,135.02072989041787
EK202310165871,131.3222859089677
EK202310190177,140.64651778150437
EK202310221650,134.54796756172095
EK202310195755,134.02290346934186
EK202310128800,128.0060110641203
EK202310103775,152.00931084715484
EK202310117228,135.2857059780777
EK202310151800,141.25039245982865
EK202310210424,143.61557346485304
EK202310208507,138.50399875266012
EK202310003803,123.33894883246514
EK202310171322,138.7071557563776
EK202310168526,172.75569205578975
EK202310197721,140.1096844846094
EK202310238027,141.54139064973552
EK202310172276,141.28377001862037
EK202310124247,132.28915597834236
EK202310158194,145.08711549183326
EK202310167282,145.91964826565598
EK202310173439,152.4146680605205
EK202310125677,139.20700086225725
EK202310210177,141.52903536177908
EK202310238899,134.20486094595685
EK202310113985,135.9849763783031
EK202310209990,141.85354005148304
EK202310228124,141.127280755379
EK202310104190,136.65968093640672
EK202310201389,125.85498760131978
EK202310123163,139.90766986486756
EK202310191131,154.4424476422077
EK202310203502,143.82520412776807
EK202310123878,141.2320498368382
EK202310247275,127.73662994567952
EK202310227023,133.01937100267534
EK202310175135,124.88618010125069
EK202310226835,153.65603382507723
EK202310109034,148.2153992644926
EK202310186583,148.1994880715036
EK202310107744,143.7348945195538
EK202310220042,137.43580206271378
EK202310202298,145.19749751831935
EK202310189344,160.10831409871085
EK202310148801,141.89218931182256
EK202310172716,135.84064470980448
EK202310179116,144.63826010819784
EK202310174016,136.446023212752
EK202310108847,124.98463696107086
EK202310232003,134.10911577239747
EK202310126703,146.9390136971053
EK202310106477,140.4004193589786
EK202310123106,126.72232137641886
EK202310169334,170.15620774460044
EK202310231339,124.02623000940905
EK202310175772,140.67973296121184
EK202310196241,165.01701876570638
EK202310143871,149.45397706288645
EK202310142265,140.95276449276696
EK202310163563,130.48946541247696
EK202310244604,129.45973094934936
EK202310247610,143.63344195902542
EK202310116133,127.2202465938273
EK202310144893,126.97353279621278
EK202310138511,143.85774421585572
EK202310178199,153.25141923818757
EK202310238970,167.10243462539364
EK202310137277,140.7015665148733
EK202310195419,150.81098351444987
EK202310234603,140.23644139851234
EK202310137485,141.31129201945365
EK202310221268,118.044797692474
EK202310166447,152.7560725254249
EK202310163342,127.68580605710756
EK202310160258,140.82888384619883
EK202320007173,147.09971445717406
EK202310166608,140.93431064520954
EK202310190777,132.94856679583188
EK202310228415,136.6812599425218
EK202310160470,133.9360717856338
EK202310199928,141.76771640947672
EK202310139397,128.85758040421854
EK202310103828,136.4972024932034
EK202310198546,146.88480196522613
EK202310168601,174.27335948937605
EK202310199500,146.03421228625677
EK202310130735,121.12970352246771
EK202310203344,138.63860112111666
EK202310149177,127.2834918446747
EK202320006908,152.35876417576702
EK202310182119,145.99495926870105
EK202310108526,142.0659843285264
EK202310123316,127.10021401853228
EK202310175509,149.88472218275473
EK202310115166,140.85108322863798
EK202310169504,139.0272856104247
EK202310191512,136.81699909678574
EK202310111425,147.42530220568307
EK202310192823,135.7362952336162
EK202310159703,143.39276869783356
EK202310110465,133.98872499346285
EK202310217003,132.61296068113435
EK202310187166,143.48853878118297
EK202310225739,146.29416321383138
EK202310125501,136.52450050541808
EK202310118486,130.86801678213018
EK202310221279,124.83927272833361
EK202310194956,138.30034441174777
EK202310178722,130.06341354157436
EK202310182533,138.73425866982046
EK202310138053,136.18128515226383
EK202310231131,127.86285683485184
EK202310212157,138.70671323437668
EK202310125603,131.4718065578375
EK202310136248,143.34232468814204
EK202310115244,131.90220517939974
EK202310132254,135.34051010170387
EK202310178792,168.71665526188548
EK202310191023,150.59872662384544
EK202310162415,128.64348185528698
EK202310125102,135.5809771278396
EK202310208134,145.61765620110876
EK202310105586,131.6646319073236
EK202310213166,124.7527268084504
EK202310247801,133.82394681661944
EK202310247262,128.0032566271459
EK202310126467,137.0566637965326
EK202310176266,140.19261231222993
EK202310109933,148.83853921050962
EK202310161495,157.89775902630058
EK202310205248,135.07372137733873
EK202310224138,136.83058822942593
EK202310212586,142.85986543797225
EK202310131904,136.45214703259825
EK202310120534,132.65370373513747
EK202310109184,161.27246892722923
EK202310198723,174.55227110223979
EK202310190770,153.5775487213663
EK202310114461,144.42576856086131
EK202310223578,137.94165704657098
EK202310133222,156.5153708973118
EK202310136866,133.50526976354908
EK202310176700,153.36863185140894
EK202310126084,136.19053927206247
EK202310196727,160.9192935267446
EK202310225009,132.18857297910313
EK202310207005,177.28119872420154
EK202310222794,136.07397701442466
EK202310171893,139.8230234074431
EK202310172296,128.10920550581753
EK202310139698,164.26883469004406
EK202310128914,138.1530761524349
EK202310235545,137.30631092035802
EK202310109242,132.36450953301616
EK202310177486,141.9590100043385
EK202310199539,137.99610774221534
EK202310188301,146.78288332815055
EK202310201859,151.41650223834463
EK202310170159,150.50043375389265
EK202310148167,144.6844559042562
EK202310155933,160.06074000091198
EK202310149269,133.17171398202223
EK202310188885,135.89510767220514
EK202310109274,138.8261879394858
EK202310162745,150.3869894485596
EK202310146260,149.26124696868402
EK202310168090,127.0431049873902
EK202310219761,122.38231216970453
EK202310230205,122.82125760694412
EK202310114523,132.38518418738883
EK202310201162,150.06379853118125
EK202310188350,148.45053182996435
EK202310178664,143.79159123126675
EK202310125253,136.9772353794552
EK202310194315,139.6071777088502
EK202310178855,142.86172414692984
EK202310114913,155.9637111029719
EK202310209479,150.0980282688616
EK202310207800,160.83343064079043
EK202310205487,134.62262583468834
EK202310168431,150.82471525146974
EK202310235593,145.24217033263673
EK202310235602,129.6051985795055
EK202320007124,172.96133438413293
EK202310207771,132.17377876331093
EK202310228788,131.2264853450791
EK202310227982,139.97353854041
EK202310194813,158.54979271279095
EK202310241087,131.93984135459942
EK202310148405,144.17854379437745
EK202310140778,146.35148415431755
EK202310198551,144.875173415388
EK202310120216,145.11768985927412
EK202310154323,147.16207792433585
EK202310158123,162.3094396929498
EK202310215528,145.0655262572069
EK202310237307,150.70464816724333
EK202310144499,158.16832114694446
EK202310200349,154.75333155325907
EK202310199428,153.23706851742398
EK202310205917,143.07694768964572
EK202310123848,131.89297760396983
EK202310171335,147.37577117091118
EK202310113026,139.1989469289135
EK202310227460,135.06144503998274
EK202310218273,158.23581714119229
EK202310211553,141.97176874232403
EK202310196786,146.82517439600002
EK202310237300,134.85672373232651
EK202310125146,134.1197838740138
EK202310118100,125.77040890637329
EK202310186326,137.00014690890475
EK202310128919,122.42550746191309
EK202310198759,132.70666045824805
EK202310236246,161.56723639914412
EK202310149187,166.96877939046362
EK202310182726,140.03634507758503
EK202310152601,139.89213693006977
EK202310220436,134.57145219926343
EK202310193514,151.74912765341242
EK202310246478,123.77137938029955
EK202310243128,147.60555139810228
EK202310127415,136.45967034757666
EK202310213162,131.28259307661014
EK202310137235,125.93896032751553
EK202310178654,160.24874096762827
EK202310118153,145.49731650175474
EK202310004571,134.01673387630635
EK202310151403,168.4633836089829
EK202310245278,144.59453742546847
EK202310143897,149.40014670471257
EK202310218277,134.49671498988286
EK202310162879,149.4772084797373
EK202310136599,132.4751509534971
EK202320006442,160.41305720048342
EK202320007344,149.292592814824
EK202310189969,166.5131705128219
EK202310166949,173.95759013090398
EK202310114939,133.95630521730797
EK202310226036,142.0557873905333
EK202310166986,133.30114404066308
EK202310217723,126.69629578526458
EK202310137499,156.80991609780693
EK202310132371,139.5137089547496
EK202310197508,142.97097931145478
EK202320006448,174.91539104223673
EK202310217287,146.44675197938153
EK202310210663,127.83842608751377
EK202310104277,143.96603992220136
EK202310200683,147.98537632732805
EK202310225623,152.98550654102195
EK202310207191,148.43979080494768
EK202310129539,128.2763977897431
EK202310128514,159.01988136677295
EK202310140966,125.77079978863568
EK202310129386,147.6942205885686
EK202310179691,136.35548548215368
EK202310188920,135.60982006953915
EK202310247484,129.04931131820786
EK202310193673,137.33846641586237
EK202310170091,131.39324198513418
EK202310172920,148.2773748105946
EK202310223477,148.3574348336812
EK202310171073,165.54210821958196
EK202310194158,141.0787210813541
EK202310207919,167.69965973272505
EK202310120306,147.16944287139464
EK202310207223,147.24809955708065
EK202310244280,139.7024127155229
EK202310106527,123.66310824944905
EK202310142859,143.48271501098287
EK202310168389,158.1691274539748
EK202310143594,135.83894925036753
EK202310167480,146.72057542587578
EK202310156995,128.01199755339385
EK202310119214,141.26404857130723
EK202310148853,142.19999374489632
EK202310217497,136.85918335317442
EK202310120366,130.93424825716178
EK202310217526,162.23631470040036
EK202310195002,143.14899578382676
EK202310169241,164.89917239492152
EK202310159114,142.9683821622456
EK202310192176,130.96552915762487
EK202310159110,145.05090785933277
EK202310158664,136.66897277620544
EK202310192338,134.59604273571748
EK202310230524,131.1692034321759
EK202310210362,146.34968368180228
EK202310212895,143.41368907747466
EK202310193440,134.59574756625926
EK202320007869,142.9591041182524
EK202310167916,137.01676830873268
EK202310206630,135.22137077786974
EK202310157459,143.58887343526746
EK202310216902,142.27155371574804
EK202310198965,135.58230999944234
EK202310201874,130.6831449392846
EK202310117999,141.21275378056404
EK202310204212,152.85397325799696
EK202310183852,141.61666549670474
EK202310219321,142.0725846686804
EK202310235218,135.8084455379828
EK202310106655,138.79002228091827
EK202310109169,166.17081470635415
EK202310229525,125.7587527760018
EK202310234441,130.86463214120525
EK202310119016,137.15374162104195
EK202310003723,156.37256298023394
EK202310177973,135.668357980285
EK202310143560,154.2804007192094
EK202310245405,148.00207206562183
EK202310123670,128.27146460911183
EK202310125143,139.9021618156872
EK202310162721,129.44946984855562
EK202310121368,140.79145968762117
EK202310207810,160.2947400005846
EK202310110877,132.74826609363527
EK202310207642,133.59735739285927
EK202310236676,128.03280873241232
EK202310178731,152.5605105690269
EK202310166361,156.61623782922945
EK202310221798,158.2988605543743
EK202310177403,156.97047737697818
EK202310134022,143.74668331391345
EK202310167333,153.7630136412302
EK202310166210,151.74712397484618
EK202310110220,130.55112385337844
EK202310145795,141.59501404100195
EK202310164123,150.8882024942696
EK202310196621,152.82745542983565
EK202310120415,145.90272224969382
EK202310148912,145.0823450116752
EK202310179102,132.7081798738941
EK202310196322,132.5178155180762
EK202310157568,144.3103362259802
EK202310146998,134.2203221514386
EK202310223698,153.62176844313657
EK202310234532,137.57131456050465
EK202310138792,154.810271645676
EK202310246869,128.55498131206195
EK202310126504,138.18457797875166
EK202310113606,152.3322084607086
EK202310131578,132.89312963074644
EK202310156389,139.98292857813644
EK202310138943,134.77010232827095
EK202310105288,146.1111380090921
EK202310188558,159.26579952016894
EK202310234995,139.8332530615008
EK202310181950,165.21982910208453
EK202310157098,153.17131114481546
EK202310132543,134.21778759816445
EK202310174319,144.20968071320925
EK202310225811,132.9095180034915
EK202310157066,141.54337001368916
EK202310205138,144.78481377024858
EK202320007203,154.61128547906569
EK202310227039,142.07032178759744
EK202310106033,130.93346406943442
EK202310146183,137.47477639300993
EK202310226180,135.3998603079828
EK202310162385,139.83043651733522
EK202310235946,125.49851274450762
EK202310182408,146.40105215847873
EK202310155735,146.20246213333272
EK202310190520,163.754454709569
EK202310146058,143.48370843397632
EK202310202633,147.65235589082394
EK202310196099,165.7977774036282
EK202310129632,140.05071214843662
EK202310138166,124.45412601401964
EK202310148720,140.53199930843178
EK202310145781,142.74853846042478
EK202310140364,146.32054626138483
EK202310152526,127.78460094559259
EK202310109041,128.32904977571934
EK202310239518,150.67436800130622
EK202310187894,126.44150683934116
EK202310140674,135.53957614204222
EK202310133919,127.20136740576942
EK202310183378,144.77183075333744
EK202310232538,135.27680377966487
EK202310203159,144.3634476658214
EK202310114364,142.30336472441235
EK202310165382,157.16648354044548
EK202310212412,132.5687391046222
EK202310106291,139.9938140273265
EK202310136964,144.4605269282842
EK202310114872,138.82971979159896
EK202310211044,132.97442171072174
EK202310196962,149.10324529574115
EK202310229743,150.22227939992493
EK202310180091,126.49814915893568
EK202310113899,152.0152004440436
EK202310238528,164.53935783237014
EK202310167500,140.93948838409435
EK202310184018,160.0335328227758
EK202310194972,145.3833029191359
EK202310120304,148.5138160197409
EK202310142049,126.57615162655493
EK202310178765,173.30383833041765
EK202310182864,134.22058626867587
EK202310192331,139.89444861321317
EK202310164774,132.66983889421024
EK202310156817,166.21689580128538
EK202310237151,148.83681678258978
EK202310234802,134.25935517887802
EK202310210106,169.53650795712744
EK202310195014,130.90206241943162
EK202310147893,152.76444218123285
EK202310113010,130.9710605949481
EK202310183485,142.19236635346454
EK202310123549,141.493463725798
EK202310215820,135.9018681746611
EK202310174861,142.0202990712877
EK202310170243,143.36321237991956
EK202310139779,134.6540845176349
EK202310226387,138.59624845465436
EK202310126951,129.41399425919252
EK202310122461,121.9210945928417
EK202310137617,157.47001387452775
EK202310232607,148.70817036452507
EK202310188917,149.13662909527852
EK202310230010,126.32163753402615
EK202320007620,152.06315742395097
EK202310179514,128.2531446064523
EK202310200726,129.90661475750954
EK202310145542,137.78814255890615
EK202310140934,157.38150094836837
EK202310141993,135.79418485222945
EK202310202052,130.22919298255033
EK202310206128,144.51485745065534
EK202310129191,161.94601014810172
EK202310132531,139.90249670576327
EK202310145895,140.1476664173476
EK202310150717,161.13079519921163
EK202310238478,136.87013254331396
EK202310215961,144.7528927482289
EK202310140355,152.52535695330394
EK202310107109,127.53186036885556
EK202310245704,137.9550753769671
EK202310140078,143.88513388603988
EK202310201205,151.15014792241368
EK202310105811,130.61508284414742
EK202310213056,139.6794510264913
EK202310218710,133.77352517459354
EK202310212505,140.40396239923774
EK202310222413,128.3921846998159
EK202310172293,134.21277109238005
EK202310109647,131.37960284718645
EK202310188891,149.02827253985797
EK202310137965,132.57152043875848
EK202310107117,125.31104461000896
EK202310207869,139.9546950045834
EK202310169495,146.67622278295855
EK202310114538,143.03367390995209
EK202310165920,127.49848033129462
EK202310130807,137.966021602278
EK202310170628,144.66887491209775
EK202310117370,125.03664902281322
EK202310239420,147.21710148033014
EK202310108908,135.3975145966968
EK202310124380,126.44912664272756
EK202310114384,144.67101134686908
EK202310176015,164.47953109443446
EK202310213032,133.1040710855842
EK202310191795,140.51731986316707
EK202310203571,139.3092770489345
EK202310138185,129.3263872601264
EK202310182667,150.33630930570953
EK202310178540,157.41091528272722
EK202310173419,144.4598170786039
EK202310171759,139.45834462864352
EK202310230057,146.44134201917515
EK202310239289,132.6115303891077
EK202310203690,153.3601204888079
EK202310109021,133.60630121475486
EK202310126805,158.71565467535302
EK202310213809,127.14058848948069
EK202310174863,159.20055982192545
EK202310221636,133.32323881069203
EK202310171548,127.11214328681586
EK202310194319,143.84018101614626
EK202310233853,168.73149096081784
EK202310158671,151.6591958764173
EK202310230596,134.0332359174483
EK202310221893,125.10740128837122
EK202310227172,131.6368936009814
EK202310231306,132.69083676664397
EK202310158074,139.7017217166937
EK202310104860,158.83237405212452
EK202310216640,139.1017703844858
EK202310200103,141.16430318632854
EK202310141785,143.4246653137334
EK202310145978,129.7843525891374
EK202310004077,173.98486087664958
EK202310133888,141.25818227305237
EK202310125723,144.5727610722589
EK202310136090,176.4817561200815
EK202310246571,131.42194627521116
EK202310243027,133.68174232594228
EK202310109649,145.22003800101825
EK202310176461,132.8844974659886
EK202310122952,142.636855521972
EK202310243326,145.11591699171805
EK202310135058,160.48614125933
EK202310200094,140.4789069084596
EK202310146558,133.13546715176082
EK202310121295,138.83195541058987
EK202310214783,161.33873950895995
EK202310172681,133.27047578224497
EK202310241971,131.63764995012917
EK202310188843,141.10339023374297
EK202310136447,136.0398867394977
EK202310231662,131.72882287163497
EK202310157790,147.405078386674
EK202310120107,149.32342699162635
EK202310225152,157.85064414100287
EK202310200264,160.31154891515177
EK202310134521,138.5808288097711
EK202310173584,136.67193992393527
EK202310196666,155.02538767574964
EK202310164106,123.39517186627916
EK202310138379,152.09211051578188
EK202310228204,125.86182073787076
EK202310125152,149.94648767312407
EK202310216720,137.30884266145296
EK202310228063,141.28377343223744
EK202310169786,148.85306226046794
EK202310176342,155.8585465479315
EK202310163187,149.7255470215464
EK202310124025,159.31227496242164
EK202310171872,155.3576132841002
EK202310137265,127.21198061565886
EK202310209292,144.8474974144364
EK202310137925,132.19495572062826
EK202310199295,133.31016353052453
EK202310152826,164.73291507577116
EK202310104368,128.72605964860415
EK202310187730,138.0718870550252
EK202310181862,138.6935374318707
EK202310165938,133.62578759703575
EK202310183431,149.45259509462275
EK202310236615,135.32220743847654
EK202310189593,128.08873079127204
EK202310221069,137.7463877345915
EK202310205373,153.67500004379275
EK202310142031,151.42627100816617
EK202310128716,143.33103620698378
EK202310202961,155.04160090795943
EK202310205295,140.67747076778176
EK202310116568,136.54963204780603
EK202310209928,139.35446270066373
EK202320005639,144.92981331190558
EK202310133603,157.21733366204532
EK202310196192,175.89433443944029
EK202310133688,159.38095783557594
EK202310107855,156.2768262805567
EK202310138935,142.39526277352343
EK202310204089,142.09793483807437
EK202310219313,133.108027971406
EK202310189726,140.21966314991974
EK202310152282,152.6788835006287
EK202310180251,136.44867640047744
EK202310165981,160.90683845790716
EK202310137451,133.14136561838686
EK202310126122,153.6886354300708
EK202310243998,132.07775712824153
EK202310184231,147.31573729718642
EK202310228417,136.7069642786212
EK202310241091,137.51401086019666
EK202310190393,156.04916864420355
EK202310211537,135.28188466416327
EK202310147678,142.69661582596757
EK202310242270,141.27220783935346
EK202310149069,154.50320399936112
EK202310163921,167.47582243711298
EK202310133083,131.25737012965837
EK202310224140,150.78572720271035
EK202310152867,136.09824971831796
EK202310203736,119.13648764804122
EK202310165596,130.96004104033088
EK202310214453,132.13148679045605
EK202310164740,141.95108555605054
EK202310214137,166.87472812626578
EK202310146679,146.59581748839446
EK202310104097,126.44727480046953
EK202310200834,156.11713936143252
EK202310163017,141.7878784282161
EK202310165977,153.01721384626342
EK202310243475,131.74777770034467
EK202310241365,162.3800263098152
EK202310244319,143.89861152865043
EK202310120396,137.57950788048257
EK202310241624,136.83857638493762
EK202310198761,176.81405430219908
EK202310150943,131.57040831745852
EK202310248679,146.99567098885026
EK202310215685,143.96890441014298
EK202310104356,130.62453367245297
EK202310206239,131.7166355930284
EK202310157180,132.96300326815623
EK202310131514,139.94846203935523
EK202310244801,153.4947965747256
EK202310116569,149.4528731873056
EK202310123027,123.66782717775166
EK202310223311,138.67156924030215
EK202310174904,138.88026009129874
EK202310133194,148.0172692373359
EK202310184130,132.7663217353447
EK202310194455,166.01782385413821
EK202310106381,140.06699596566258
EK202310227001,152.52100366343552
EK202310153912,145.0262798215872
EK202310193865,139.48430502326568
EK202310232459,131.2656321580712
EK202310198400,132.83805276978623
EK202310182607,141.6244188118633
EK202310225129,136.58743759809684
EK202310197516,137.34649921395598
EK202310131801,159.21702406136646
EK202310212554,145.30055234521384
EK202310227543,143.58636350270118
EK202310130530,140.38281896172757
EK202310193825,151.25132237328296
EK202310211045,141.80789533200294
EK202310129373,142.80472460270053
EK202310147392,150.41288045171774
EK202310187904,140.07724397451275
EK202310208503,144.86097818130315
EK202310110837,156.06541147735015
EK202310229225,131.81327088636564
EK202310164336,135.56247318336455
EK202310195313,162.41057651659466
EK202320006926,150.51426922848995
EK202310174594,134.04499469341513
EK202310187599,160.86687546364527
EK202310198391,138.53484171487935
EK202310224871,136.3578965030047
EK202310128469,132.11219159907373
EK202310108118,143.7241098566306
EK202310164855,146.04315686263598
EK202310157619,153.199914952938
EK202310212148,129.90126073264665
EK202310241888,152.25927968269747
EK202310200720,150.88978842691535
EK202310178703,159.0281637943986
EK202310208199,145.83177698087607
EK202310200707,143.01314955868804
EK202310222186,150.84128013820938
EK202310235687,160.67892505075375
EK202310169723,150.75879533521865
EK202310242395,143.91088105704492
EK202310202866,167.53931307207125
EK202310137258,131.06875402846282
EK202310209819,139.54724424048953
EK202310111291,131.59267315671735
EK202310210190,138.54894012239183
EK202310181968,146.75945901474094
EK202310173847,141.3210225087067
EK202310170341,128.61258701372003
EK202310112839,145.55783116802357
EK202310207240,150.87323040068554
EK202310122514,127.7156504256625
EK202310190722,133.8972453919118
EK202310186422,132.9649282271791
EK202310154379,159.5349741569811
EK202310245323,144.84065687037148
EK202310122299,135.45737278124747
EK202310125100,135.15433705568842
EK202310118253,134.8385449135272
EK202310238969,161.112506480783
EK202310168188,158.57536679491932
EK202310160206,162.65187075391208
EK202310222871,163.99815532515453
EK202310209611,139.95032430181155
EK202310212974,138.23180166143
EK202310128407,129.61302665773383
EK202310222412,133.21860509062518
EK202310200939,132.27579803019964
EK202310003959,125.67855046717881
EK202310190302,166.5399055990497
EK202310186405,169.07166830500563
EK202310138957,127.49671971665148
EK202310105023,130.05072953275936
EK202310236632,132.5560411820009
EK202310162662,137.4951149619121
EK202310198218,145.66819910631983
EK202310186500,138.65422564356155
EK202310138863,138.6404165957793
EK202310241224,168.37968717993311
EK202310171644,149.61924118826596
EK202310239875,126.6821633319898
EK202310187156,153.89952569801412
EK202310174507,144.3232156047306
EK202310139245,155.23869601414233
EK202310161355,140.42590167443052
EK202310131302,135.86524149499354
EK202310106366,138.37246134175973
EK202310180236,158.44305414375503
EK202310146739,138.6684592233855
EK202310122526,135.43436759154866
EK202310171449,123.40770919779128
EK202310158382,139.33874721720133
EK202310003648,133.17294789193696
EK202310203626,128.1349206447886
EK202310105539,128.95816407361096
EK202310172856,155.36287733928538
EK202310247114,156.3185673284581
EK202310169299,154.93331965550783
EK202310216048,144.17231441378127
EK202320007664,137.10908558462887
EK202310106821,135.73989289639468
EK202310201424,137.7666131253213
EK202310177794,128.85662257211678
EK202310225174,145.00804616806724
EK202310236955,133.98851933462413
EK202310216158,131.57195859807766
EK202310176370,129.85556364908624
EK202310139805,121.30642377364778
EK202310129688,130.21862501528977
EK202310114179,136.55850726676235
EK202310004734,138.25457914399982
EK202310153706,164.75216065170642
EK202310159985,134.988833725969
EK202310207436,171.154964111244
EK202310172357,143.90811139746938
EK202310137540,138.6172053987619
EK202310246082,136.47154781121438
EK202310231504,121.64179429598094
EK202310180342,168.08255267571846
EK202310149538,150.10119218741244
EK202310236300,131.6113148049905
EK202310184866,145.01604909542195
EK202310236107,160.91733951708753
EK202310177453,137.53235463267976
EK202310171178,142.2379249085142
EK202310146756,137.77039158125595
EK202310147896,155.49794912800516
EK202310167599,147.74533577997823
EK202310165277,126.51602420650494
EK202310213182,148.84539566910308
EK202310231983,137.3808218037697
EK202310119961,130.462344914944
EK202310168921,156.2210411272484
EK202310152986,142.2904219844104
EK202310222123,136.2230402640711
EK202310165121,127.71196225683805
EK202320006143,172.85215654680243
EK202310136406,141.33655193544178
EK202310113171,141.7438413653438
EK202310178750,161.19559310616503
EK202310184720,131.1709562424344
EK202310135947,127.59886743019285
EK202310106555,133.6673040858588
EK202310147773,141.6979372441837
EK202310166654,131.05940042465897
EK202310231220,137.12914079377242
EK202310179554,145.11962649335607
EK202310121805,127.84984299801997
EK202310221539,141.71965839732147
EK202310109095,139.9548372331589
EK202310228094,150.61717099187385
EK202310128632,130.59696858251354
EK202310168239,167.19179646197935
EK202310229923,136.82527321717401
EK202310182545,145.7792116505662
EK202310111819,136.64090023531375
EK202320007299,161.07684181711699
EK202310113423,135.01891971472605
EK202310141017,143.69653324391462
EK202310236316,136.79064600949178
EK202310108216,141.64961628565786
EK202310192703,147.0800222080908
EK202310123050,126.76375579271249
EK202310221659,135.91601776022486
EK202310195354,164.6084347529638
EK202310218205,150.61942329881006
EK202310142204,144.7715355716923
EK202310169069,141.90838123600727
EK202310110164,140.61203899661496
EK202310242272,133.73695269795306
EK202310171541,155.8666171038536
EK202310164252,152.44398936398215
EK202310230378,129.52474463660158
EK202310162807,137.49788042732052
EK202310125970,147.2599741005623
EK202310232037,129.61109655199698
EK202310179302,150.46866143527635
EK202310113416,140.30206089231618
EK202310120907,130.89256852844906
EK202310131914,134.99756904887573
EK202310246477,153.10101362577876
EK202310210578,146.36396746574118
EK202310224656,160.1124040861004
EK202310134643,128.10055277260784
EK202310165344,133.04039900712874
EK202310128094,138.01441070859897
EK202310212344,146.11562719945405
EK202310163429,130.91092727615342
EK202310142109,131.48066135785857
EK202310148011,154.2383905457928
EK202310177720,132.69516612062782
EK202310130679,144.51918830857323
EK202310128185,167.9228638570299
EK202310157906,140.00882803447988
EK202310219715,134.81839354044791
EK202310107586,123.29478430210668
EK202310236962,136.21826816444664
EK202310133594,168.66413833042682
EK202310124136,136.3325413215875
EK202310147276,148.8428839214247
EK202310209860,175.25334984983638
EK202310170014,137.4286652193016
EK202310125838,126.96516694502128
EK202310176810,136.77996694664958
EK202310104451,148.2574984081779
EK202310181648,140.6051812017211
EK202310148857,138.52815709689568
EK202310161540,163.61370385721887
EK202310109347,138.45422633622246
EK202310143168,132.70194706911522
EK202310182799,140.30837812444136
EK202310183847,138.12107681766298
EK202310231882,132.30446512264496
EK202310236483,121.75877024458443
EK202320007850,138.7023300881552
EK202310171115,129.15330988286186
EK202310138799,155.23893422802527
EK202310229790,145.58410534537555
EK202310120135,131.5659078148512
EK202310165362,163.47601168072535
EK202310160759,133.31498555235788
EK202310128908,152.2521397791767
EK202310126950,138.58982224690828
EK202310210878,137.09570576763088
EK202310144127,136.19633173076798
EK202310103769,141.14716105186508
EK202310224658,167.91987020729962
EK202310158660,139.24758700564587
EK202310115044,149.18376966293675
EK202310225928,131.65097998808457
EK202310131183,137.88955161805035
EK202310191329,130.3203535204909
EK202310247806,148.12998412366693
EK202310128359,131.98652108941073
EK202310158015,139.3733540721643
EK202310216742,149.1299005190102
EK202310180156,124.86258972517669
EK202310156742,166.73243550738553
EK202310206889,138.65906003767333
EK202310141595,149.1740185102728
EK202310213331,143.3753627019543
EK202310110177,126.30458601621676
EK202310177752,161.68842291815224
EK202310143528,129.62706179816703
EK202310121245,135.32473065483393
EK202310121730,138.88827256183308
EK202310166696,162.13126950649948
EK202310139416,134.0192018745671
EK202310137350,143.91616618237563
EK202310173056,139.17996572868665
EK202310183242,151.24915626797474
EK202310181856,131.4657022547139
EK202310187043,148.5770127568665
EK202310146563,136.0096743507715
EK202310210145,160.73226446193283
EK202310149292,149.7133925275728
EK202310219306,131.95338562166395
EK202310180670,139.59331811304153
EK202310154730,146.34130313608514
EK202310220947,132.32256434712664
EK202310202735,140.5037955325244
EK202310123527,130.55263100874984
EK202310120644,134.15579557571832
EK202310129017,161.42313660970083
EK202310162431,161.3398769905192
EK202310150024,145.3086513877708
EK202310237610,132.16929695075225
EK202310228863,138.3162223113622
EK202310114239,146.3966018233919
EK202310111704,143.21758040851265
EK202310175377,133.16966704777994
EK202310128857,137.27961908822473
EK202310141561,133.59250026714875
EK202310133921,135.75784927160336
EK202310143422,133.43781224152596
EK202310222897,134.11666953337792
EK202310127138,137.3466803182132
EK202310185976,148.44137563741825
EK202310118702,152.9105204344243
EK202310112998,140.19630133842986
EK202310134460,161.94162270215847
EK202310198419,140.57630802543562
EK202310116533,131.64700431326767
EK202310152035,157.45794394978032
EK202310186167,145.2303307619394
EK202310174777,143.8023874660883
EK202310241957,136.58665432945298
EK202310194759,153.1096987071601
EK202310209627,139.25584320924486
EK202310110386,135.61324499528376
EK202310183168,125.66845500479826
EK202310230042,136.7824124412221
EK202310173070,145.91121056501393
EK202310118014,138.39881541466775
EK202310201071,130.89257414987372
EK202310151104,116.11635989020414
EK202310150451,136.66558316659456
EK202310185662,160.70257581024788
EK202310152420,146.22181374858772
EK202310004807,135.37043059409544
EK202310123731,133.2091198569768
EK202320007290,141.50051006767077
EK202310159273,162.90786005372541
EK202310241776,153.94918635393452
EK202310240911,132.651134762077
EK202310128834,146.40617284762732
EK202310128400,144.02125458380004
EK202310233118,139.38275182191842
EK202310234404,132.19214826579065
EK202310158169,157.1772563161113
EK202310168826,146.8401300583552
EK202310223636,165.86627023047595
EK202310228740,167.97699631046945
EK202310115835,131.95679307410668
EK202310131407,126.86676960609321
EK202310150935,140.1053738305024
EK202310225345,174.40046572413712
EK202310146990,149.7972894662755
EK202310227539,145.37730907720925
EK202310145038,131.13787964216806
EK202310134905,139.93928328149713
EK202310176247,140.6517240139309
EK202310238587,152.72837461780966
EK202310208338,134.66531981239078
EK202310202600,153.38419922764163
EK202310244941,141.34012830418735
EK202310121341,144.96705564792967
EK202310142598,158.6918430374764
EK202310198678,151.9811466138927
EK202310243034,142.14068844434576
EK202310188200,141.11571314680495
EK202310248513,122.12863398228903
EK202310247587,135.56137895879857
EK202310175167,152.09912868313253
EK202310248135,130.77178322918516
EK202310116341,137.89123873527677
EK202310187249,156.64787189187916
EK202310117946,142.96853167739098
EK202310120013,134.53119209551008
EK202310168464,131.79236451345346
EK202310188127,125.07130444268606
EK202310234954,141.4669606846604
EK202310240694,149.1508819173613
EK202310156774,143.53434697693154
EK202310242931,132.71917791359363
EK202310120909,135.2849039580245
EK202310213600,133.88840581118112
EK202310185790,154.1583909831505
EK202310189010,136.39028653721607
EK202310198849,127.71488963797783
EK202310110578,147.925735828365
EK202310197754,148.97514339965173
EK202310224146,132.35325337094804
EK202310174258,139.53357079717867
EK202310190295,138.83311730071802
EK202310215366,155.42439519027184
EK202310236141,139.34649880126472
EK202310235081,140.4961881626548
EK202310113404,134.6105836391282
EK202310147836,162.53593091600564
EK202310119847,150.71771522892215
EK202320006154,148.3227467088174
EK202310181606,139.46913121944405
EK202310108458,148.19592533331445
EK202310191692,168.83793214570753
EK202310137028,138.7138239373125
EK202310186568,160.36794023459373
EK202310193659,150.76430425557115
EK202310201443,142.8551091094361
EK202310171284,148.67964166915536
EK202310162022,145.62357554933516
EK202310124310,131.5560551978569
EK202310150577,135.6833122649481
EK202310180293,161.90379500483283
EK202310233601,152.16917274294886
EK202310218244,141.3846838499169
EK202310147274,138.44177027147137
EK202310144827,144.74251309153553
EK202310188705,129.79373926574553
EK202310171879,133.92859021678686
EK202310004380,150.34798319000768
EK202310124117,139.60109498888806
EK202310139515,152.8383422186527
EK202310223076,130.96518497064056
EK202310189237,138.79631765186545
EK202310158900,152.96852560521003
EK202310172965,138.84206214736162
EK202310133331,159.72359648394234
EK202310139550,132.62893993008336
EK202310182260,145.93916619717626
EK202310240459,134.49897284517732
EK202310129723,162.26816235174138
EK202310140428,128.33479204247828
EK202310116169,125.00228586467915
EK202310121335,135.59536003841225
EK202310154424,129.82456691319504
EK202310171495,151.0599049892781
EK202310230777,132.66809184028432
EK202310207460,162.12615759018811
EK202310194955,125.03352841267235
EK202310233382,134.8524499646599
EK202310126476,147.2536114015514
EK202310112541,132.36416278981173
EK202310211941,149.13728132445806
EK202310160649,140.29174990235543
EK202310147152,134.18500512929876
EK202310226978,135.0356386401266
EK202310156779,136.22175388411247
EK202310160400,150.22829961357502
EK202310113592,142.36349539733476
EK202310173652,140.5408744873018
EK202310159519,137.21779444902205
EK202310124262,128.50633104248524
EK202310205506,128.2211157662275
EK202310219097,159.27851333268507
EK202310226057,125.70033694693512
EK202310153736,129.16160659187057
EK202310180775,128.22782536269452
EK202310169348,171.8758051475957
EK202310131502,143.73418900498166
EK202310121729,118.96819778034937
EK202310159565,146.821131259716
EK202310204448,130.53043547930116
EK202310153462,145.104768872797
EK202310144316,133.29853875142442
EK202310135075,164.128058858293
EK202310221375,139.72104387820474
EK202310163745,152.91681249078556
EK202310128307,143.83951919350417
EK202310117545,164.6612634516283
EK202310135049,164.57037633535973
EK202310168241,151.22783270630873
EK202310212910,137.0285836499252
EK202310201819,147.9081722781939
EK202310159317,148.52615804479484
EK202310205644,142.5796085972849
EK202310154083,126.72701829605393
EK202310229522,134.7496960552545
EK202310110884,158.07938669370284
EK202310157913,132.1682046123657
EK202310178487,171.9590158866375
EK202310159316,151.21720034144593
EK202310109379,140.4852499570597
EK202310188031,141.4699829875774
EK202310198040,150.89188700084244
EK202310175083,151.11624439828398
EK202310155364,134.02704248012034
EK202310204163,147.74054017390353
EK202310199502,137.34836876868806
EK202310204489,145.93385275755927
EK202310179081,136.3204157631336
EK202310233796,128.27856546900506
EK202310166659,164.09153037879508
EK202310160108,145.38251578679072
EK202310189609,168.41601923226156
EK202310104591,137.9040386363525
EK202310241388,131.83349438757054
EK202310141772,144.63285291012554
EK202310193970,144.4427528675375
EK202310115247,128.22221417367572
EK202310205518,136.88054156354744
EK202310169284,140.6681497626513
EK202310148744,158.01932849100183
EK202310190361,133.4383031770897
EK202310174521,164.24207403538932
EK202320005722,161.57665850566676
EK202310223637,141.84615996903884
EK202310206779,137.11302009443807
EK202310205588,140.8795011044869
EK202310173304,140.68364947987703
EK202310168176,141.62959582881248
EK202310213786,139.61357312500726
EK202310193979,146.47352944443523
EK202310126924,122.05192727802974
EK202310130529,143.8287318987768
EK202310119471,141.3955248071355
EK202310196749,138.4115057509132
EK202310113250,149.32094395473663
EK202310155906,147.05327291523207
EK202310105766,123.46569652741714
EK202310201584,163.5389836163202
EK202310106175,135.4513269538062
EK202310178826,155.69422040153015
EK202310184322,130.11101854913412
EK202310106188,134.98726896694706
EK202310124482,135.52682836197405
EK202310186934,141.26112449300598
EK202310190559,132.33429790876878
EK202310247940,132.9094893283843
EK202310161261,163.27101662296724
EK202310167492,128.79795572576927
EK202310117822,125.77009646188627
EK202310185255,149.62301041404794
EK202310209656,133.78044208501098
EK202310161945,143.86641520147958
EK202310214665,150.52146415474766
EK202310146073,137.37604080961395
EK202310160721,161.8242527741317
EK202310245095,143.7174850939917
EK202310239697,146.4109334459239
EK202310196401,145.3175845655467
EK202310245200,148.54565989485062
EK202310151874,151.34018622904694
EK202310127590,149.97022420078295
EK202310172784,124.88509603915413
EK202310217741,143.14215111232357
EK202310118696,154.4452078538648
EK202310175680,132.4173320277285
EK202310248407,128.9710968706582
EK202310116779,134.6054994795998
EK202310230914,133.73971871150576
EK202310121682,139.83972263172794
EK202310124137,126.50351800385091
EK202310138758,137.88265478715195
EK202310115217,162.82109612526776
EK202310165227,134.85327425452013
EK202310198606,132.95761542134503
EK202310139887,140.0793896021856
EK202310235696,129.13531952818403
EK202310140862,139.3378741722758
EK202310245296,138.04586263967784
EK202310178643,151.385563648256
EK202310109769,122.05396539937098
EK202310168383,135.0336632230848
EK202310173293,153.3789834533636
EK202310199278,141.27311061385865
EK202310188364,165.18712933539828
EK202310226539,127.27364083259401
EK202310104626,141.08840294870186
EK202310113611,147.81177037566866
EK202310155381,128.72958193538472
EK202310207381,159.18424729353626
EK202310232919,140.62869521732296
EK202310239683,137.77717783356073
EK202310131225,127.71442999911164
EK202310173001,143.89420940122352
EK202310194749,124.30606517588723
EK202310103766,132.51143415280808
EK202310173848,139.9871774585496
EK202310134143,132.0141006670055
EK202310233093,135.91930347876516
EK202310184337,140.34535516107582
EK202310129410,138.24473540725927
EK202310118391,127.43616745399784
EK202310222008,137.2161985710913
EK202310172498,139.0307856016043
EK202310187928,146.31589375317904
EK202310159483,123.8375655022356
EK202310110871,155.70054083197815
EK202310146779,146.53043261406273
EK202310155616,126.39295288026436
EK202310137460,139.62145723723268
EK202310209877,132.9427934751098
EK202310140666,140.08270046645205
EK202310122918,134.75691122810352
EK202310170046,137.52218064068538
EK202310143434,149.67967369124105
EK202310140495,130.80144680817165
EK202310174705,160.98407098647138
EK202310228168,150.22862364692585
EK202310127824,130.3616341027937
EK202310235975,134.15768235552449
EK202310190602,139.08381515900834
EK202310106408,143.88196055215582
EK202310233717,142.269231719372
EK202310203927,132.3244997660878
EK202310106512,131.86519305108854
EK202310208972,137.44520417598548
EK202310156588,162.5242342202979
EK202310242168,141.69449481061906
EK202310123091,137.71955140937624
EK202310199389,145.84026038259793
EK202310154978,137.92680651634177
EK202310158716,129.96353200298103
EK202310159396,152.2104644292067
EK202320005678,173.54141753910505
EK202310110183,123.01527474618705
EK202310225959,135.14265844400342
EK202310225303,135.08982479922264
EK202310108877,147.32126216068713
EK202310237629,142.83781228138486
EK202310211593,127.35060889460959
EK202310151540,153.78651272689916
EK202310149041,146.30678072428694
EK202310147417,154.16034302224827
EK202310229267,133.52275065979947
EK202310194169,120.8630238293426
EK202310130855,138.05417366358103
EK202310218381,143.37931373401088
EK202310131759,164.582352030412
EK202310159130,163.51685654310202
EK202310181380,161.6031585937251
EK202310154840,156.61023349549663
EK202310155113,140.57012301676556
EK202310190213,130.41247511620125
EK202310125761,162.46500674184884
EK202310228436,139.3603995462274
EK202310245583,134.6074468532981
EK202310138440,147.14217806337268
EK202310153292,134.96056722498088
EK202310114994,127.93405833638603
EK202310172366,145.47114773722248
EK202310124479,149.2014573682209
EK202310184003,165.58317775822812
EK202310179734,135.82962758167716
EK202310185315,136.9555760477419
EK202310247954,160.51838621017927
EK202310146620,139.62520055849313
EK202310171244,146.59814913375638
EK202310134666,147.8815290818277
EK202310220005,141.3071891651591
EK202310156110,140.6096438698811
EK202310207825,171.67592126025812
EK202310168883,138.71167124802386
EK202310136483,125.71345143635715
EK202310196952,168.10659127762773
EK202310196373,133.19716459797732
EK202310118816,141.46632277435546
EK202310165110,138.27766550087276
EK202310142607,145.91836039867175
EK202310168946,134.06061497120422
EK202310105295,141.03555675755578
EK202310106334,129.79795059952184
EK202310105612,134.901458055567
EK202310119938,146.16606697042127
EK202310192361,145.88190914685828
EK202310195020,137.38063965698444
EK202310129686,132.49572480789433
EK202320005926,165.78590505890685
EK202310210500,133.18928790977503
EK202310139090,160.42627326924273
EK202310138528,146.72217131654426
EK202310201466,137.38201310482793
EK202310230750,130.392915413695
EK202310148719,132.87361038487185
EK202310150803,139.71713067944853
EK202310216988,142.3853443777097
EK202310111431,135.12703571645204
EK202310185972,150.6699772448713
EK202310195667,172.84285314615656
EK202310140854,146.13629799271524
EK202310210882,146.37955150324308
EK202310233837,123.22939338181934
EK202320006073,180.12679760065515
EK202310196309,170.2300975321611
EK202310206916,149.08563910827556
EK202310226122,137.96837779697884
EK202320006289,151.40750238440353
EK202310226436,146.73196441131196
EK202310169442,164.3815383724036
EK202310241543,138.198294087264
EK202310217591,132.23132305975906
EK202310140276,127.18021023197551
EK202320007784,144.6369129955196
EK202310149529,135.10370342288942
EK202320007633,137.0873353330515
EK202310119859,134.5329112089969
EK202310230599,121.27197541045686
EK202310140256,122.59085635317929
EK202310155491,134.05061392826767
EK202310132167,146.2387999635232
EK202310224240,167.34604383322358
EK202310110704,127.40463489746368
EK202310140659,125.61967287899138
EK202310209654,139.15571665223354
EK202310210751,129.26335209940652
EK202310114252,134.09869123003978
EK202310131050,133.10346014867093
EK202310176400,148.42879669634144
EK202310225146,130.17766054096862
EK202310218218,145.02423280464058
EK202310199879,138.19142079736287
EK202310233661,137.90664526644935
EK202310225646,127.32055686729561
EK202310141379,135.14170981141828
EK202320006182,143.14066809917676
EK202310173692,126.30742921043111
EK202310177607,143.30871104587638
EK202310233946,131.49255774328432
EK202310126324,132.11642749333632
EK202310191584,148.70850243723572
EK202310162051,147.85205252050972
EK202310217086,129.64917659589267
EK202310175283,134.23174839314225
EK202310161464,153.860617575323
EK202310175429,141.5507919009906
EK202310162548,155.13643715337585
EK202310124184,128.78145066470654
EK202310175929,145.0562750587159
EK202310162414,135.82502406580093
EK202310243129,122.82365546009308
EK202310157428,156.27717412155
EK202310155573,142.40838572011458
EK202310163052,138.3105984713969
EK202310206064,139.48810269387766
EK202310248323,140.59372415814997
EK202310168056,154.2367672371999
EK202310128927,151.75825839675485
EK202310139485,163.3047601242866
EK202310242735,140.17735780481317
EK202310134082,129.71231868696123
EK202310104455,128.23622170401583
EK202310159631,151.3210916158916
EK202310212803,140.86790185091692
EK202310104486,142.00810035122777
EK202310194508,135.72444391433038
EK202310147608,148.5003073143792
EK202310150343,136.76578794466266
EK202310231361,135.1042842043968
EK202310170149,165.82390844409886
EK202320005932,170.2953242823468
EK202310211081,132.68335275452594
EK202310164819,148.07751160907856
EK202310182415,147.87194580907777
EK202310129406,145.99318160042571
EK202310186466,131.77777479073688
EK202310116340,134.90955919654826
EK202310177218,141.4843120338814
EK202310207532,141.21367296874575
EK202310222391,133.2716552155119
EK202310176449,158.29184899291639
EK202310245955,142.0842600538099
EK202310193130,133.2718292215615
EK202310158757,124.33494290754498
EK202310227627,127.45155598032636
EK202310136426,135.64726083678764
EK202310130279,161.06937974075495
EK202310140320,137.50795714398376
EK202310208976,133.2963529279499
EK202310140233,148.64531887968838
EK202310111236,138.30371738713234
EK202310106947,170.30698773519356
EK202310225392,135.61730348766005
EK202310156828,153.28635816549206
EK202310169518,126.02154070472098
EK202310112332,144.61254046157404
EK202310157079,171.75655016084266
EK202310113908,126.04031939006558
EK202310228518,128.16957958852583
EK202310162931,138.6635531227857
EK202310209191,132.8070584025844
EK202310170787,149.9186931276208
EK202310123235,144.50479408203182
EK202310155678,131.82140883744097
EK202310164712,134.54023319856532
EK202310124306,133.5278154120602
EK202310209118,137.4663330891365
EK202310198258,132.82928806008482
EK202310234831,138.77738251913965
EK202310226914,147.58885512831435
EK202310202181,138.09468074846632
EK202310181074,119.0589643588233
EK202310231524,128.5137443732262
EK202310159999,153.2116544724558
EK202310214159,157.40052386921334
EK202310104655,132.04882586530047
EK202310191665,162.64293241189375
EK202310226912,137.92572853803063
EK202310229568,133.3443638260584
EK202320006366,144.06532997424893
EK202310158803,138.25209151448448
EK202310218310,129.54515815180085
EK202310204232,141.99557935568404
EK202310186641,144.76005692671865
EK202310145275,144.7922610731764
EK202310215048,165.98874008996916
EK202310155714,138.63727054490656
EK202310154842,139.96946820985485
EK202310131202,137.317936703238
EK202310166844,151.7823993000574
EK202310209974,129.97395167791188
EK202310111411,145.3727008441544
EK202310208383,134.81384122512904
EK202310228239,141.59076152418905
EK202310220185,124.51633973171619
EK202310177863,133.03611757747942
EK202310191386,148.16940023024756
EK202310176540,141.06277729748194
EK202310128361,139.85032845684307
EK202310127737,137.58858033421086
EK202310205567,168.2940012613345
EK202310110038,130.89096553283
EK202310135018,169.66302631890935
EK202310152829,167.2422133379321
EK202310106061,140.84410651741868
EK202310234328,161.7526220055763
EK202310179105,137.25180431769496
EK202310106635,138.7969953460462
EK202310133437,126.2243331914346
EK202310163497,139.78562154799712
EK202310170389,127.86068580830904
EK202310176900,140.19833057091907
EK202310218778,148.1430650193542
EK202310188856,158.37713051251822
EK202310195987,171.130799756443
EK202310139386,143.03879074408445
EK202310220080,149.7510186798726
EK202310132718,132.17208140171397
EK202310184630,168.16393903709405
EK202310175811,126.5867864285924
EK202310109074,130.7428511019611
EK202310237543,132.64116353603205
EK202310229949,133.08902801918865
EK202310174243,129.13077159108127
EK202310185313,139.6084676510024
EK202310150933,151.90429287621947
EK202310114721,141.57168943365892
EK202310168635,136.9310325914504
EK202310188341,134.89091995876927
EK202310213705,131.37356906964564
EK202310239073,131.7998185434729
EK202310163500,127.51036063068045
EK202310208351,138.33179213371042
EK202310106450,139.91303793108963
EK202310115408,134.54250905193246
EK202310223788,139.79929861071304
EK202310243905,131.80603198321742
EK202310173232,125.32586684553235
EK202310147240,167.66601078219506
EK202310170514,159.52802359103745
EK202310150951,124.65666908975747
EK202310116493,133.60782348999658
EK202310195983,154.09333099394138
EK202310152131,135.06487398544695
EK202310104754,142.98952737130213
EK202310205406,150.12178679274274
EK202310160153,147.98683165563835
EK202310221221,124.19745523906904
EK202310160257,164.74816803925103
EK202310137708,146.18582261914983
EK202310115489,141.20681030068133
EK202310137151,137.8477013714164
EK202310227780,127.97751203127171
EK202310214472,149.61456059023007
EK202310133088,150.80328558405233
EK202310239663,153.03607748469602
EK202310215474,139.43419093644692
EK202310183236,130.17411181075752
EK202310214837,139.72384631946736
EK202310187923,139.40214506098368
EK202310197935,163.0828293915716
EK202310140273,143.4020007553891
EK202310117788,128.25145152743193
EK202310170592,145.23160865784703
EK202310156315,132.67537505404496
EK202310166296,138.91091203787647
EK202310156678,147.2223174115617
EK202310197364,160.32736236007582
EK202310004739,142.00610685439315
EK202310133626,139.55600475872802
EK202310199623,141.1576344321221
EK202310159296,159.5700579090632
EK202310192767,147.52491580593372
EK202310148778,140.92928827987458
EK202310156041,144.31539722070434
EK202310186950,142.99275759945067
EK202310236558,137.81700599351132
EK202310213585,134.65041848222012
EK202310184418,135.60710523349567
EK202310140115,136.47383078385124
EK202310163224,131.86896635361765
EK202310228835,133.4018386770412
EK202310162030,149.99671231643035
EK202310168987,135.55389521624286
EK202310221729,157.89938381226855
EK202310181909,154.18018041110096
EK202310149566,150.95948966483792
EK202310149852,135.38380938157718
EK202310246189,141.23779019636305
EK202310173822,151.5349853441462
EK202320006684,164.75709498440602
EK202310151342,142.07624809610837
EK202310004964,143.08346190683469
EK202310167966,143.0139093752735
EK202310184397,131.22259308867064
EK202310200638,140.1961456708907
EK202310181195,139.51502643420028
EK202310149384,146.06385728232962
EK202310192111,151.18883143156975
EK202310119248,143.57311044503814
EK202310150757,139.4259758223413
EK202310105899,122.18211691166155
EK202310109147,139.22475562738802
EK202310003890,129.5267405273886
EK202310136861,133.75426765663585
EK202310209403,132.22943932655656
EK202310143496,123.8243781904641
EK202310171668,132.83720298080536
EK202310168536,145.21107804567245
EK202310216195,149.59936358513704
EK202310117347,147.704825439616
EK202310208923,137.05095474737763
EK202310239643,139.59852840423594
EK202310206445,137.94352285541794
EK202310104049,140.14612278415052
EK202310228180,142.10730371256673
EK202310116347,135.33015447752496
EK202310205059,143.32381855309572
EK202310248120,130.52608725135542
EK202310171398,145.33359210447057
EK202310161887,138.34999124782368
EK202310208795,152.75096873764656
EK202310211198,135.5861854581277
EK202310175547,153.07841537160857
EK202310168520,154.36826085183867
EK202310212595,130.23346899912573
EK202310116251,132.8642045578737
EK202320007851,141.0148520809767
EK202310106764,132.07421400503597
EK202310187318,128.34557988782248
EK202310158705,148.27412665612238
EK202310185110,144.5336275219183
EK202310170152,148.55101727370024
EK202310195607,164.95419756052476
EK202310111449,122.70786943465573
EK202310153841,156.3528091776292
EK202310167617,166.62412032510267
EK202310114265,131.9785366150288
EK202310133143,152.52643584415185
EK202310158293,151.03363621865194
EK202310181702,142.78977911615763
EK202310212416,137.0208012257451
EK202310231600,136.05103024932956
EK202310230507,123.67951309497394
EK202310223031,129.78613361742302
EK202310180391,128.76927669600957
EK202310177543,144.40829172132248
EK202310218831,147.73562696750972
EK202310223265,140.30885479072003
EK202310109405,136.08133355072528
EK202310138084,129.64878983185767
EK202310144834,135.08639222192852
EK202310119130,148.3253984181222
EK202310241445,135.86232547772667
EK202310187813,131.8512283428166
EK202310233825,171.60770568928493
EK202310163582,131.3970291898211
EK202310152391,135.61935475402967
EK202310236241,144.2091125917599
EK202310179557,142.87764611952693
EK202310004239,153.59185577520384
EK202310218905,130.12896455957585
EK202310132305,124.66771872431126
EK202310230005,133.68726076268064
EK202310210560,135.89151928183583
EK202310216882,157.240435579252
EK202310176911,149.66533435019792
EK202310136229,135.89202922265946
EK202310106054,142.16636639397143
EK202310195370,142.16470203633878
EK202310173198,132.54977750117467
EK202310173224,136.95348089205982
EK202310192049,152.76730104195718
EK202310119480,132.954591938657
EK202310173031,144.55331632323663
EK202310141972,156.41735651927002
EK202310146369,140.87349868697854
EK202310242801,129.5411353396335
EK202310206809,133.4626709140451
EK202310185734,119.66787231097658
EK202310139207,152.44360367926285
EK202310210887,135.23507288439623
EK202310105956,153.08455818993954
EK202310163503,140.98571317335382
EK202310123765,135.17990657495048
EK202310232619,143.19017472844135
EK202310205867,134.13936383043506
EK202310158665,145.2759926228167
EK202310236631,136.30704489789377
EK202310190792,139.63104059421636
EK202310210386,137.33670933911782
EK202310200450,129.9338964424071
EK202310174140,130.25835096638198
EK202310138770,131.30444876501255
EK202310237110,127.66124578045815
EK202310164459,137.31279431063842
EK202310132579,123.97512734470162
EK202310196378,130.784796303691
EK202310193320,145.95932024403217
EK202310232595,157.52478248959994
EK202310130509,134.19339166289555
EK202310109357,167.23010547501895
EK202310231395,131.43227825848237
EK202310193035,160.55746613507793
EK202310213027,138.85527728825838
EK202310138622,136.27232882257417
EK202310193234,164.7820055723338
EK202310185497,136.96709692224857
EK202310228201,137.0940759647675
EK202310230916,136.2834889298441
EK202310219136,134.2526259590155
EK202310229694,133.9717849307982
EK202310242998,142.49474901295656
EK202310118461,148.97607516419964
EK202310147273,132.2282976025935
EK202310112383,147.7779638609392
EK202310161078,158.95727661368014
EK202310164392,161.1508337575626
EK202310111127,119.06274631150751
EK202310169688,133.46030920993186
EK202310111033,139.7687106015553
EK202310118526,137.53912175095073
EK202310190143,157.25469105491283
EK202310232739,141.36930721780044
EK202310199403,134.34869244760716
EK202310168879,150.74744276028417
EK202310140593,128.04438702584005
EK202310003734,137.92435122162087
EK202310234646,131.35615418778588
EK202310133170,135.68029486049642
EK202310181389,133.6386079644844
EK202310173177,152.10185956199354
EK202310164882,130.43422767540392
EK202310191760,146.77827853719566
EK202310234933,155.75867519579796
EK202310164012,136.73669313195683
EK202310207434,157.91536636877768
EK202310198243,125.67480539665499
EK202310162062,146.44537018713467
EK202310124086,147.1524563418555
EK202310159310,140.49102374133417
EK202310241058,138.91235080409984
EK202310179083,138.69405283754838
EK202310175051,129.1196386835563
EK202310149452,151.64860500536517
EK202310230416,132.7586750395579
EK202310187500,152.6058675621392
EK202310183313,152.56678281129513
EK202310237296,139.36244295470027
EK202310214789,148.40250576194245
EK202310180222,152.7176739310604
EK202310122939,153.61949903374088
EK202310181965,147.58946825381972
EK202310228380,145.55400231968997
EK202310159058,128.56245041600022
EK202310188976,148.73295853590375
EK202310172452,143.4507742489033
EK202310215052,150.03272787704623
EK202310247517,144.79229510142574
EK202310156349,139.55286515287668
EK202310242723,139.4503409722669
EK202310107972,131.6997122762798
EK202310153284,132.44053907424143
EK202310142419,146.10775336254287
EK202310202260,145.91234820905362
EK202310169840,156.11678578311634
EK202310229959,139.1061160357047
EK202310112101,153.61111213019626
EK202310170405,135.90180599923616
EK202310187604,131.92705214097342
EK202310226938,153.63884938842145
EK202310170407,134.02724582386566
EK202310188787,140.64307606099374
EK202310157751,150.98090432731237
EK202310110049,139.02988514276572
EK202310171605,139.74345544518465
EK202310225647,134.61562015733446
EK202310160034,130.28111860845434
EK202310104086,129.9734246228919
EK202310133846,130.9356848716739
EK202310149687,139.22477794234337
EK202310237643,137.7171152579337
EK202310240693,144.0550989676926
EK202310209107,140.74030423431898
EK202310152954,147.9538435029104
EK202310107042,132.70155914071302
EK202310147766,136.13267992314158
EK202310157864,141.98565333504666
EK202310132609,159.71786869004842
EK202310198224,141.58770055923196
EK202310181372,153.4999626496791
EK202310107536,139.40950183456354
EK202310107339,124.7451907296538
EK202310231880,164.75818367183402
EK202310121562,132.95051675657683
EK202310219911,128.42378551030112
EK202310111456,138.5838375479258
EK202310230174,139.19042684005623
EK202310123273,142.68195004665722
EK202310130394,129.204621709043
EK202310125858,139.73006327349967
EK202310148270,146.7970552255008
EK202310158632,137.98894042561898
EK202310131026,127.81898015750596
EK202310204177,139.6463909016117
EK202310116255,152.62092450911857
EK202310149497,144.80827041289007
EK202310105304,144.9179434952325
EK202310188432,116.533240600752
EK202310153241,146.50158863698522
EK202310143739,145.72126681902273
EK202310157045,140.15613506457424
EK202310221281,133.62153669614406
EK202310183812,145.5706600373156
EK202310237731,117.8779118948608
EK202310157369,137.92862595511926
EK202310162985,143.4086496795405
EK202310120645,139.542578835677
EK202310222168,133.70129538058032
EK202310185855,149.46743983889658
EK202310208538,163.97224717955308
EK202310176660,155.81634106170918
EK202310004357,150.50413239594315
EK202310131180,146.68226825738458
EK202310239429,153.55457606535302
EK202310143219,149.55074238717663
EK202310117261,129.8897037781446
EK202310185385,152.56478135898993
EK202320006967,160.1658387484492
EK202310133649,160.5369807226271
EK202310124686,139.32998989674556
EK202310158040,139.59201404834062
EK202310196688,130.1084276794004
EK202310191616,151.44377664402234
EK202310115678,122.62163612949153
EK202310147246,148.12775204593612
EK202310143506,126.83309548811569
EK202310151678,132.67157114780187
EK202310154413,141.197355300616
EK202310140205,135.04054707626952
EK202310220100,147.94846246851716
EK202310125163,140.7633046312908
EK202310220961,128.34028191857226
EK202310230382,123.96542656733764
EK202310235095,134.7624657397821
EK202310161057,148.21092653414766
EK202310118114,137.53383329729678
EK202310170808,125.96261892805495
EK202310134456,135.76847241888134
EK202310200301,141.51976142557865
EK202310159200,166.4221911428238
EK202310238472,144.2259960093673
EK202310128987,131.79478707768692
EK202310108858,136.79026445846102
EK202310226102,138.3225095909415
EK202310113124,124.18318560792557
EK202310225235,138.02118444014013
EK202310179343,154.89705137709208
EK202310178389,154.15886215182906
EK202310119599,121.89185261892362
EK202310244023,128.21834558648837
EK202310156102,137.45200310129945
EK202310130216,161.51109670428065
EK202310234897,140.45829217632155
EK202310187102,129.198875244701
EK202310239290,129.8576988507428
EK202310136586,138.45723042964465
EK202310108466,141.82573370538813
EK202310230613,141.32558593491876
EK202310152593,154.57826179356684
EK202310196010,154.53120486683105
EK202310226253,122.84996771201283
EK202310203216,144.28734013019383
EK202310166883,140.2555476881077
EK202310129487,136.7473169671338
EK202310105043,135.13138350852338
EK202310138902,129.91307480763967
EK202310202724,147.58746229199062
EK202310201811,163.78190095520176
EK202310175242,139.02605479351175
EK202310114269,118.27434352705635
EK202310231260,132.0283227332714
EK202310104135,147.1738145839745
EK202310157818,131.25505222592398
EK202310182339,149.92377045934762
EK202310147937,139.04857265732863
EK202310200292,131.41930452160423
EK202310230177,129.0793244310255
EK202310162469,131.71917337182063
EK202310204330,147.40170093495223
EK202310139204,137.95863999927383
EK202310130100,137.9336370429602
EK202310155710,140.18618188106407
EK202310233995,136.77411867068986
EK202310184497,153.86254681914554
EK202310164378,129.89899295560366
EK202310219862,137.97536796970977
EK202310125493,136.22136216763982
EK202310154947,158.7585877950361
EK202310177743,146.8212446108276
EK202310183365,123.66381832806309
EK202310195017,143.8252271628168
EK202310111369,143.64458819314515
EK202310225082,173.9009403303977
EK202310155429,136.8701830512225
EK202310226852,144.16853581185023
EK202310180504,138.98703774328186
EK202310181743,164.52084665289203
EK202310003997,149.92976694906332
EK202310205645,147.66297208341064
EK202310115820,137.72598200211365
EK202310162941,131.88853993014385
EK202310180586,131.95386648073745
EK202310220916,129.17645858878822
EK202310202555,159.63633627736087
EK202310149995,140.41992547515514
EK202310119295,153.4268802551355
EK202310187858,142.86589855945462
EK202310237992,154.48380698253055
EK202310213952,157.56689755645155
EK202310123029,131.91584398618
EK202310147096,141.41145462599243
EK202310223097,131.0304786859757
EK202310166215,134.2152627614082
EK202310004720,147.60602178404812
EK202310163572,129.97553471869932
EK202310162607,136.0357100505975
EK202310126965,156.124794578039
EK202310140141,139.78928577109093
EK202310177046,143.22578247680661
EK202310197851,154.5598487669057
EK202310117189,132.69846946499158
EK202310210540,133.59383450147067
EK202310177596,134.59246999276849
EK202310155696,141.458168224719
EK202310175690,145.6906359440172
EK202310219739,136.76391311171588
EK202310003649,131.52583052373586
EK202310175576,146.5317501894565
EK202310178878,150.6328815958425
EK202310211266,128.04755307457236
EK202310141670,143.45776711641798
EK202310159615,144.37865025351567
EK202310234233,136.04267548312333
EK202310229461,122.96965101083204
EK202310205036,146.71491941792317
EK202310225181,145.4594402443505
EK202310191452,138.66778711692092
EK202310146939,129.32921651028283
EK202310182164,153.4448127323018
EK202310170225,160.19620682730113
EK202310194220,143.81940657494602
EK202310197061,157.2264295533014
EK202310173373,141.34393030980462
EK202310209119,139.38300823751007
EK202320006628,172.25826461430665
EK202310136886,126.67817111939607
EK202310159668,133.5455176597705
EK202310204891,137.06865712653982
EK202310246209,147.0724634806652
EK202310198151,137.1660218843855
EK202310111528,139.5771520253238
EK202310181657,132.0221890941576
EK202310110692,134.46307246363503
EK202310187777,162.6655552331282
EK202310180038,128.8590845127058
EK202310107931,130.35410860097454
EK202310186808,138.67397596115956
EK202310229289,142.0527092041296
EK202310223469,135.33694978306738
EK202310124329,128.16414220680548
EK202310181534,139.03400616356734
EK202310132729,135.47406419893736
EK202310121382,125.42165973718568
EK202320006815,169.48855847412355
EK202310199820,159.49146637799635
EK202310148775,158.14214454395977
EK202310160487,128.00262389922796
EK202310225148,170.39658634777595
EK202310144291,140.66652708074415
EK202310177549,155.97378545822227
EK202310195485,145.61948406280848
EK202310183864,167.82670847398867
EK202310120532,128.90288061012967
EK202310170076,127.44990280095723
EK202310195740,144.52827817822038
EK202310179595,134.8999613247355
EK202320007837,130.35693917667064
EK202310184046,134.98718944939247
EK202310171869,144.34055232611036
EK202310223256,136.0623574937185
EK202310233904,137.95917853472469
EK202310247327,152.6180518604828
EK202310127761,145.7975703758466
EK202310131174,133.7082662719238
EK202310112799,143.60258714517548
EK202310121242,141.14004609430845
EK202310220124,142.14287016670718
EK202310118386,151.84232253315173
EK202310111074,158.46260490353546
EK202310182197,154.00981878632635
EK202310138009,131.83672648511256
EK202310205273,158.2444155724801
EK202310118039,139.8469731002927
EK202310126134,146.8707212036953
EK202310130337,132.53919661251282
EK202310106788,135.81613780053505
EK202310167682,138.2228342769582
EK202310146264,139.26564401004933
EK202310138461,120.14960107532097
EK202310218689,123.57479763244774
EK202310176319,150.70586641003308
EK202310118958,131.27908513980043
EK202310167604,170.57263614660366
EK202310205793,123.16269127067613
EK202310104740,127.77865060079004
EK202310166561,135.41955464500327
EK202310110675,132.78649085242168
EK202310201775,139.74561592217893
EK202310188302,169.18863353956223
EK202310167994,148.10086481368748
EK202310135487,143.5809917971955
EK202310168143,151.6653691339052
EK202310204808,144.31208181290157
EK202310151944,148.99719267785267
EK202310224341,138.6204220884261
EK202310111538,159.04381135908633
EK202310122316,133.4699974871278
EK202310178272,156.82430019426883
EK202310174655,140.38770055235565
EK202320006786,172.8296233671723
EK202310170761,152.19064773694967
EK202310117836,144.47283076525682
EK202310197808,155.449710514377
EK202310236038,176.61251285806026
EK202310147177,153.54317342653357
EK202310226210,139.79651602505538
EK202310128001,139.17298615738173
EK202310150524,157.08921109226213
EK202310128526,143.28240055661834
EK202310126204,130.21083059030317
EK202310117271,142.64523526774565
EK202310176809,137.397971707641
EK202310169896,162.74380693281262
EK202310241503,127.33442128563628
EK202310159411,153.65350419107205
EK202310168543,163.10936641110774
EK202310196558,144.46527733234234
EK202310163150,144.76483054012343
EK202310235581,135.7428315184648
EK202310233161,139.026982537913
EK202310190473,161.07190748974153
EK202310196173,129.0072404975864
EK202310208613,133.18885563051418
EK202310177724,129.35319154185825
EK202310175056,133.59907508574042
EK202310111228,129.23863717319847
EK202310234828,127.61440099187614
EK202310121915,148.82123091981302
EK202310220373,138.7848945464907
EK202310145989,147.89843592779715
EK202310246664,143.26649052260862
EK202310239676,140.2842169794311
EK202310223963,139.14363585196173
EK202310210083,162.02251712265146
EK202310165601,126.77108872344235
EK202310211271,147.39896706748863
EK202310179038,129.155520273144
EK202310112961,142.35092975204395
EK202310141004,137.7316050236375
EK202310150784,158.55537416294132
EK202310174865,154.4226042285908
EK202310123688,124.12448962931731
EK202310190962,135.33584377997465
EK202310192255,129.20050452034295
EK202310192265,141.35023986979496
EK202310193019,149.18422766184113
EK202310114602,137.121609685635
EK202310110286,133.98364448821957
EK202310163569,133.25341453136622
EK202310174927,174.05285000541681
EK202310204027,150.2606492876947
EK202310197637,134.71197392260348
EK202310190376,132.10345507913837
EK202310146945,130.8116272294418
EK202310149841,135.09948187864015
EK202310170965,168.80009350262927
EK202310107183,134.7347777533059
EK202310163517,130.2174901179579
EK202310203286,155.7789472057752
EK202310146022,134.8662611394424
EK202310111432,129.43730605298163
EK202310202147,164.70541233125422
EK202310139521,158.37523142803292
EK202310214439,153.79225415845258
EK202310178903,143.56975201585914
EK202310123729,134.1842323979831
EK202310199058,140.41539985152158
EK202310136770,141.58382539868242
EK202310226727,150.55950647030056
EK202310223073,123.35522578837286
EK202310200813,159.42163314674548
EK202310123891,137.76510987353726
EK202310122410,141.47264121619548
EK202310213591,133.3885198641475
EK202310247671,173.14213862315998
EK202310168753,131.05520261966203
EK202310227492,137.68655548888742
EK202310121230,137.91193625017303
EK202310162300,162.37854145621878
EK202310138673,137.0412032837377
EK202310177419,136.66111784304059
EK202310221047,131.4155483699934
EK202310199069,130.08335926705047
EK202310124433,149.25790419670912
EK202310152193,160.36132504335404
EK202310221750,136.42131047471295
EK202310111508,142.94009626742846
EK202310225858,135.0089528412632
EK202310244419,156.7680460337766
EK202310139413,151.26770978200892
EK202310156930,123.65952045430161
EK202310160323,153.7034865874905
EK202310140167,130.20700605267817
EK202310106834,131.42378627773581
EK202310116024,134.35209989091163
EK202310221867,134.70748091285787
EK202310158833,154.12471536302357
EK202310123702,134.52545848732967
EK202310192686,131.87574985746454
EK202310210956,139.37167788491766
EK202310142282,151.3686915558198
EK202310138282,140.56649521502408
EK202310224531,128.20983565705365
EK202310165971,129.54247803560898
EK202310161662,140.6051874297309
EK202310109830,142.80537164208337
EK202310149086,147.94504925404388
EK202310128457,155.88591163295234
EK202310146894,141.37355066530424
EK202310153536,129.1413729932872
EK202310137317,129.35230112059614
EK202310109096,136.73632332138567
EK202310188535,143.74650129918717
EK202310193279,120.10083031085162
EK202310229951,147.3602551834142
EK202310110507,133.56960253846265
EK202310158912,132.8506548317339
EK202310121939,138.98312388237312
EK202310133006,148.49714307031775
EK202310123534,132.23484172568473
EK202310116590,140.87961410498102
EK202310225727,139.06897060515163
EK202310121585,120.53995245088994
EK202310204778,140.8198056512608
EK202310185473,146.69646834606442
EK202310210130,143.1774045926346
EK202310148836,151.18956146752623
EK202310119653,148.06058758615814
EK202310198898,130.3087315725722
EK202310248089,156.5625084211404
EK202310139296,138.15759704023125
EK202310179982,170.38483304618356
EK202310237915,129.57748852837796
EK202310158701,140.5576902260823
EK202310200383,144.1665463175622
EK202310123263,132.24187685658447
EK202310120640,135.69242013582925
EK202310164686,152.43162035140304
EK202310172560,150.0292505893194
EK202310112120,150.8023647254364
EK202310111450,134.19589986479343
EK202310127176,174.76356198945228
EK202310155228,140.60066270845198
EK202310122785,158.4325785700236
EK202310129726,155.13536834263633
EK202310202138,138.24533487471527
EK202310174059,128.39766085742247
EK202310241322,156.22737420729396
EK202310240201,141.45708285714815
EK202310152861,159.37363842327065
EK202310190128,159.317693983082
EK202310142222,144.18581264634517
EK202310239282,147.12962926079217
EK202310123815,125.24947585030438
EK202310135342,143.07079567536624
EK202310165056,138.7105966375901
EK202310197918,147.39948073532173
EK202310152287,139.8094184242272
EK202310118776,138.99628120406177
EK202310204594,133.51453823554138
EK202310207755,138.17512061408985
EK202310202942,131.6342716639995
EK202310115468,138.73175236693203
EK202310196078,161.73683958707582
EK202310208592,156.22469721509614
EK202310138579,139.27833594884274
EK202310221870,126.92924280001735
EK202310104365,137.27219706264341
EK202310240461,158.2773376564079
EK202310189760,134.6947380260799
EK202310190187,132.99126866121503
EK202310221590,156.47385586016952
EK202310195095,137.55981563274526
EK202310209962,133.6267859254762
EK202310236666,130.60866929204494
EK202310163532,133.9565977367179
EK202310200231,122.37629304173325
EK202310166801,132.4471508570021
EK202310137829,125.8560698604148
EK202310178645,134.73365102016072
EK202310132257,131.4441443787914
EK202310116109,139.58442423986813
EK202310170340,145.1120392795369
EK202320005685,151.38499491408163
EK202310110254,130.26794485560436
EK202310142286,144.2004312695975
EK202310113972,139.67285153001444
EK202310173627,170.1157097708388
EK202310161526,152.39584912762712
EK202310199255,133.69438152178722
EK202310127635,137.0915074408157
EK202310230652,135.26257011424894
EK202310162047,147.4612050310189
EK202310187427,138.37558447469323
EK202310183777,169.2316655879587
EK202310209587,141.953528991349
EK202310206498,145.67534037333016
EK202310212354,125.75040855220927
EK202310124840,138.33768205894407
EK202310120474,128.39774550326132
EK202310145470,128.23607089033345
EK202310193235,143.4531462211846
EK202310173946,133.35992275220016
EK202310139407,131.63210845444806
EK202310172298,128.76804879044698
EK202310172477,154.45022098744772
EK202310136836,127.23029205172973
EK202310153000,147.47174386982195
EK202310227011,133.65750337853137
EK202310116524,129.37524809356992
EK202310182080,156.07545697148305
EK202310172447,152.85999619054186
EK202310202778,134.286933013354
EK202310173634,136.07997983674295
EK202310233498,154.87024923339382
EK202310147033,143.87395655605775
EK202310229276,135.35569129863197
EK202310149539,148.96676082818965
EK202310169898,151.20912168408154
EK202310140444,148.71349601951266
EK202310148794,137.55833703569962
EK202310168225,156.45812773414434
EK202310122509,129.54896299485125
EK202310200433,144.72849080051043
EK202310147275,144.64679595584607
EK202310173524,145.75737640757546
EK202310172383,131.354632798792
EK202310162443,152.88045641095013
EK202310136680,154.60076028251123
EK202310145392,134.40603447003463
EK202310128822,147.8567544635329
EK202310178947,126.54405876221892
EK202310161017,130.2635638366132
EK202310117154,138.0634206199926
EK202310191847,141.29681769575612
EK202310235861,152.1101269938591
EK202310144219,136.32223385770533
EK202310163279,156.24321633439905
EK202310123158,134.4138608942396
EK202310130523,156.6799142478343
EK202310149646,141.93049683838004
EK202310135587,134.66149327793417
EK202310206712,164.96988133945263
EK202310114144,134.04580833241047
EK202310143984,134.84818965915778
EK202310247715,139.12308833911953
EK202310166729,144.47495018761023
EK202310166588,169.78184495732805
EK202310104103,141.56555594977678
EK202310180245,165.4440433415697
EK202310147372,159.7005515016901
EK202310153045,134.72789260050834
EK202310218342,130.82100079988894
EK202310178452,134.55276478748368
EK202310215610,144.48994584178104
EK202310125820,139.8657848610924
EK202310145000,147.51596389751674
EK202310123565,132.16150575140887
EK202310119232,130.46301497259267
EK202310121655,130.6192052855031
EK202310220009,149.50401500634177
EK202310108478,171.58341539462475
EK202320006810,165.66881613546292
EK202310164302,127.80334321426577
EK202310127527,136.56300919333543
EK202310158421,139.9176361450975
EK202310130473,131.70862940211774
EK202310191209,143.7652407544339
EK202310151031,129.46618845128336
EK202310242418,130.23449426857565
EK202310117038,138.69016526367696
EK202310169468,152.52145831918313
EK202310155518,130.03006939750978
EK202310160439,142.22877879939452
EK202310137675,142.23044291757645
EK202310129243,133.2520733880172
EK202310161476,160.071170189017
EK202310117393,130.86465159452644
EK202310183468,142.77844231238274
EK202310136137,127.40373957508696
EK202310186954,156.20704942603103
EK202310149506,156.02386694871424
EK202310138751,151.72965781020454
EK202310210563,144.99730355156606
EK202310153823,163.0356990749487
EK202310109991,148.17709856726148
EK202310163957,162.64510910089857
EK202310213655,142.2352342764977
EK202310200962,165.09842654074728
EK202310161409,157.7929942829962
EK202310153656,149.06683070795387
EK202310135461,120.4048360552108
EK202310192428,140.79881096162663
EK202310125512,141.9812678957188
EK202310217273,149.16536861997042
EK202310154096,151.44500703880334
EK202310230788,127.52943993298594
EK202310178884,124.35533532932786
EK202310172461,149.3290748188218
EK202320007592,140.1258457988521
EK202310199895,141.83181717223312
EK202310239443,132.75451665816462
EK202310123294,133.34329137469587
EK202310177951,143.17079701491198
EK202310203901,167.0191641539082
EK202310133270,142.506402472326
EK202310150003,143.98520034689673
EK202310173535,135.86165296255945
EK202310177996,136.42388538660234
EK202310177998,143.1950791635123
EK202310105111,135.31214811082634
EK202310132782,140.78285565377445
EK202310147465,153.30140186327176
EK202310189373,146.59684079824416
EK202310212915,138.08829467203765
EK202310192950,134.22029895630814
EK202310116860,124.96115415155718
EK202310219235,134.45043785404306
EK202310159602,159.92021087662235
EK202310004247,128.89942878075948
EK202310108971,134.12998101043323
EK202310188852,151.7535114053936
EK202310139403,148.11690922269565
EK202310234630,137.42225366589432
EK202310003419,135.59136106139061
EK202310240718,132.53252277154408
EK202310139149,158.84077046237576
EK202310191432,139.99943041705518
EK202310150654,181.5479810349655
EK202310106818,136.94684087528373
EK202310238168,130.91966488709215
EK202310164496,130.39605327975778
EK202310187495,160.40857503558038
EK202310103974,137.69256753373932
EK202310109251,139.2780393358743
EK202310120857,119.0258802195099
EK202310170330,146.250358459557
EK202310173297,141.81804763548178
EK202310140255,130.2213594381034
EK202310139229,144.10865667812902
EK202310174339,162.28109787282136
EK202310241642,143.56664280943437
EK202310124888,144.00552627309753
EK202310182131,134.98011384417615
EK202310204239,138.19889236199822
EK202310168111,140.40580641223414
EK202310121789,133.5769728831805
EK202310140719,136.64096690670954
EK202310192995,145.54501758615848
EK202310117846,131.4154082263422
EK202310116879,136.02664821757594
EK202310146348,132.84901769081682
EK202310161368,168.00006388905388
EK202310176187,154.0531667080697
EK202310003798,133.64470421898733
EK202310147169,156.51250817529356
EK202310130622,138.75154198267884
EK202310246544,154.27011506490518
EK202310153051,155.87289734282734
EK202310185995,146.18016394662527
EK202310110814,134.42617544678987
EK202310151121,135.25249427477553
EK202310219095,132.58428081553268
EK202310110404,130.78922899635887
EK202310144409,138.8320069931315
EK202310187391,133.52253075607848
EK202310149764,143.66164358083256
EK202310201310,151.21371375853016
EK202310236862,132.15354233138706
EK202310137394,145.12444596509704
EK202310141967,140.16333039181407
EK202310116050,129.8934291896629
EK202310207103,136.12711941124195
EK202310004907,141.45933618324122
EK202310151090,137.9369026253807
EK202310172058,154.02454661577764
EK202310115937,135.72916534097243
EK202310200500,134.34764133065147
EK202310197265,144.83575729525532
EK202310156808,146.3654039949447
EK202310210778,144.3042584222843
EK202310178848,145.11207877596962
EK202310189222,149.04875676184736
EK202310245286,151.82292034351494
EK202310201625,135.89881383987017
EK202310245649,139.6822144033279
EK202310149643,137.0952210009435
EK202310136510,135.5006398862182
EK202310122753,140.750351922979
EK202310246817,141.5291254693958
EK202310210226,136.86381194117075
EK202310172695,147.27036904853716
EK202310170665,166.3148619485173
EK202310142911,141.72392236461542
EK202310169874,141.5733675810572
EK202310198233,152.36233251485004
EK202310207245,138.1856285546144
EK202310123010,153.12498957856639
EK202310237178,131.67486662217829
EK202310199794,140.92818717569673
EK202310150744,151.44915238521156
EK202310230791,133.0258359499443
EK202310219009,139.60798591394462
EK202310156827,160.0080942680485
EK202310128134,156.3791036138025
EK202310106985,129.23079988992288
EK202310169339,166.3586696828363
EK202310235910,148.52560684343524
EK202310234586,136.12032784580333
EK202310225660,127.20068996700017
EK202310004833,136.23906215485243
EK202310197506,132.96374633300968
EK202310165175,150.32157567729152
EK202310133623,154.03268488784045
EK202310188944,132.81135023044644
EK202310195388,159.17208848443266
EK202310136775,142.47648354322854
EK202310123115,127.25895005529267
EK202310236860,140.4998315705615
EK202310144494,141.54315684962842
EK202310229026,137.06384269114486
EK202310135882,148.19881245612868
EK202310212362,129.95296031878323
EK202310159458,134.88254842298613
EK202310208432,135.55545068362102
EK202310157240,125.29165437623764
EK202310209343,142.15889735025547
EK202310214206,127.1936809899306
EK202310178372,155.1263541746612
EK202310243735,132.02489580396028
EK202310148264,134.23239329152344
EK202310137796,146.47373463823465
EK202310124924,154.2690119544578
EK202310236432,134.55269245716448
EK202310175676,152.7685382509443
EK202310235955,138.87086014717724
EK202310198947,134.71277250213157
EK202310134055,142.73099345212998
EK202310174001,157.97877169678614
EK202310115167,135.47746179076216
EK202310127593,137.7427197467068
EK202310158302,152.01447328423072
EK202310212755,155.58900436370294
EK202310240947,125.20343362042733
EK202310149996,139.29411819420991
EK202310150238,125.15675054561187
EK202310235315,150.1271477915949
EK202310112303,136.21866090979896
EK202310162832,157.28111452555765
EK202310168734,152.59674965470091
EK202310144612,134.49043554694515
EK202310141463,153.56960780956211
EK202310186157,129.16054921707126
EK202310196629,168.4158245278625
EK202310177781,123.72962939028116
EK202310214576,166.04177474715902
EK202310213457,134.80314624624333
EK202310109319,135.05544842181982
EK202310140409,157.3842795775809
EK202310159595,136.32027097158112
EK202310221635,138.24907555892037
EK202310156425,140.8444889943233
EK202310151139,122.48883017776637
EK202310122849,132.65331554148847
EK202310149074,135.2063775466243
EK202310242259,135.6278943498236
EK202310164229,157.08314271427506
EK202310193843,154.18646704453352
EK202310206163,143.85918999874627
EK202310226035,138.3163459260803
EK202310152221,155.36380478507817
EK202310105803,128.09917674562442
EK202310226363,128.52977798090183
EK202310154688,150.2870548785769
EK202310176650,124.30308731846351
EK202310145747,142.23585025613255
EK202310211584,135.5640538889381
EK202310220442,136.3146992977109
EK202310205364,142.45633333949746
EK202310247943,143.2017129105947
EK202310211494,139.21762012706262
EK202310223193,143.40950310156816
EK202310192188,154.06542651514312
EK202310182827,149.50347367597126
EK202310232562,157.16660012321432
EK202310133290,124.4982375171211
EK202310158696,133.0122626288969
EK202310217289,141.80842061379371
EK202310160255,148.8500893457402
EK202310153931,131.3111733488751
EK202310152474,131.31910445223588
EK202310202098,159.46990563146682
EK202310222372,156.45248328511397
EK202310122551,129.43924242105516
EK202310189977,157.9986556851328
EK202310235124,150.25757853934851
EK202310230811,141.07174736276892
EK202310139101,147.52635710812729
EK202310172491,139.06302833647038
EK202310217910,130.32709999376033
EK202310111343,137.55141788281506
EK202310003655,133.93046828427185
EK202310143114,138.02999363982124
EK202310199189,127.01068624471255
EK202310216615,130.2112788721866
EK202310191841,142.3740165842674
EK202310125751,127.50212982765844
EK202310138803,151.7863251796212
EK202310164581,152.4129936706001
EK202310208664,171.11914566755124
EK202310110520,141.19269398692722
EK202310121702,143.19956217745633
EK202310217544,132.82896494303245
EK202310230128,136.0440438054304
EK202310143116,146.11410890174767
EK202310240904,121.2139616652262
EK202310119417,163.62882811732675
EK202310140166,133.95486426314105
EK202310173685,129.9846624151906
EK202310183555,139.78094169331487
EK202310184119,141.8397903710191
EK202310107937,138.93083708163002
EK202310212966,138.81435929420903
EK202310161552,149.81829720062902
EK202310176844,127.09574308549
EK202310106215,125.78487015872388
EK202310114075,134.43311882215016
EK202310130063,146.13232679690714
EK202310205703,146.40323529080996
EK202310197515,126.28362186363526
EK202310211815,133.10830126927218
EK202310201003,143.45248351905687
EK202310230991,131.0083693138581
EK202310117518,133.97801755356622
EK202310197246,162.01779273565705
EK202310172663,132.87096215278484
EK202310139483,132.22015230601863
EK202310129316,160.97742436625037
EK202310152009,149.38900910113506
EK202310202611,133.43724701008694
EK202310226354,141.21397590554326
EK202310117193,135.55648204888018
EK202310118713,139.7727923965978
EK202310172411,167.82732286750746
EK202310219644,129.01978132141687
EK202310213531,145.67675862124764
EK202310242803,128.690488093314
EK202310152661,151.81779238057464
EK202310152241,125.28289307673427
EK202310229787,151.66739184276815
EK202310242437,136.7919767851562
EK202310108706,147.3592427759375
EK202310185541,138.79195642782838
EK202310164254,152.0539269560996
EK202310169434,128.44608746508015
EK202310140161,123.10336507655867
EK202310140926,163.46535724660728
EK202310144378,135.04817778509937
EK202310207675,128.5684948837077
EK202310176041,123.4695788619499
EK202310179507,150.09573136032523
EK202310217262,133.22397450526384
EK202310212384,137.28811361799205
EK202310236809,130.87170148411022
EK202310210937,131.08967633383207
EK202310146509,146.54144009065544
EK202310208359,147.14738222237435
EK202310196964,175.73653191746217
EK202310121297,129.0645078274547
EK202310125054,144.8042188063632
EK202310150801,139.78887448427906
EK202310124068,143.96696886865845
EK202310217152,150.6251340385319
EK202310213127,130.5897127551152
EK202310138002,133.43710002217034
EK202310137999,134.4764093473413
EK202310120368,133.3947242900331
EK202310139442,134.15972107061438
EK202310130726,128.0769672674746
EK202310227013,135.2434940938757
EK202310120427,139.5837292595124
EK202310178312,143.3469636561609
EK202310174421,128.49574451481868
EK202310152720,152.00310453103526
EK202310244641,142.0345645643737
EK202310207759,136.74354614134828
EK202310150664,142.8927733061227
EK202310130175,159.04301129977495
EK202310218396,128.65914926160005
EK202310200848,142.62068580962364
EK202310169858,139.47067524773055
EK202310167529,152.12407669983315
EK202310105681,129.4296604811029
EK202310120146,134.3828467342412
EK202310119589,146.9370936479518
EK202310116721,140.02356186856716
EK202310167292,138.5859540091161
EK202310184949,158.9985911426448
EK202310114495,133.4345321838312
EK202310196817,137.38367205727994
EK202310247795,135.2155814047026
EK202310182295,140.1310364365051
EK202310104403,143.17385135991574
EK202310145319,150.51932544555817
EK202310180791,155.90367267720322
EK202320006323,154.9577445836282
EK202310240533,155.80434065616063
EK202310127909,146.6475171513821
EK202310127901,136.08902283247164
EK202310152050,139.49717694555935
EK202310129455,132.12182910460763
EK202310109106,149.99539032634073
EK202310131756,138.389777527292
EK202310237136,142.8157312150963
EK202310120314,138.13739724872377
EK202310148251,134.49710678008682
EK202310138226,135.04190012084615
EK202310109018,149.71726573778707
EK202310208749,143.55898512216083
EK202310003722,138.82120949122094
EK202310231839,135.28892236595547
EK202310221232,133.00265704941594
EK202310216059,123.70681731113787
EK202310225575,139.39413334464297
EK202310106813,141.09178619379168
EK202310165461,137.4424392757198
EK202310233667,142.62750317958373
EK202310155049,140.97495290168348
EK202310114377,152.9553441496354
EK202310231905,127.66098796300507
EK202310205554,141.5188176713442
EK202310158652,129.18428446144028
EK202310178116,134.55094745850704
EK202310206509,149.6206452141552
EK202310203355,161.3008889097754
EK202310242205,164.13392333533707
EK202310133154,128.13951134573966
EK202310227076,132.53586456672716
EK202310138977,151.01771833117218
EK202310227762,129.3638334485578
EK202310176853,130.7289716749963
EK202310162306,128.08726567280556
EK202310210652,139.58446628942565
EK202310231471,130.624055108856
EK202310198811,146.48421402207885
EK202310194755,147.54842547625793
EK202310213637,136.70485361397505
EK202310216935,163.36159843349313
EK202310148553,157.7530203667493
EK202310118079,128.80487292389273
EK202320006148,167.75224174956253
EK202310169315,143.32087285831457
EK202310215478,135.01551844772285
EK202310193163,161.49349841828337
EK202310166480,134.90040722369585
EK202310121860,129.88936463833116
EK202310229325,134.64222392873714
EK202310178140,123.16930450622907
EK202310217881,143.22023295825892
EK202310172603,147.00274344852446
EK202310172232,140.71665393522932
EK202310215413,155.05559521819495
EK202310200194,146.92053925778362
EK202310212870,138.95936846137926
EK202310152587,149.76849269312788
EK202310138105,131.39602542256438
EK202310184620,138.9752851244166
EK202310120222,136.27996960185143
EK202310181510,144.26410834371944
EK202310209297,137.69246740595958
EK202310114316,127.04805724765053
EK202310122992,141.44800471277802
EK202310169594,127.42734381392808
EK202310130080,135.29943479802878
EK202310133522,147.34235179355207
EK202310248335,133.93755150763968
EK202310146609,132.2041947044006
EK202310125379,133.9810218651399
EK202310138254,141.65453498764987
EK202310148644,139.58359868911464
EK202310142229,151.8439266690577
EK202310179390,160.293311392113
EK202310122502,129.76892000819302
EK202310132067,151.15517803166324
EK202310139033,151.38950166448566
EK202310174868,148.11475501653058
EK202310135426,148.1750029522283
EK202310159611,133.65515535238922
EK202310201750,143.00125777858844
EK202310182771,135.67532551378875
EK202310168375,141.3461304954758
EK202310238925,145.6442983527317
EK202310220283,134.44429289359806
EK202310141586,146.5018893236384
EK202310121160,138.60330661617246
EK202310231913,143.23270150801764
EK202310180283,112.83236518946283
EK202310131842,162.6081796334409
EK202310188406,134.58333024777312
EK202310154032,152.67526036248043
EK202310108823,153.08682751182226
EK202310120117,141.31326938557172
EK202310247965,161.5610023197158
EK202310229128,172.4609176541846
EK202310150441,134.5867112945524
EK202310211128,146.04380669003052
EK202310185601,142.13083596197947
EK202310160008,140.12321595637707
EK202310229066,138.5118262361894
EK202310180392,129.36932296182297
EK202310119754,142.03046537750038
EK202310156284,135.20360955761558
EK202310202853,162.480984741178
EK202310122376,157.04361839232018
EK202310233034,149.71797109290253
EK202310201718,135.20296211367375
EK202310195404,126.19786002822231
EK202320006623,164.80746672781157
EK202310172346,129.8521363530246
EK202310220369,146.9245321630639
EK202310133576,159.36280726123783
EK202310203386,166.38300132089626
EK202310125524,136.49416256457695
EK202310183338,132.17343002064632
EK202310199400,157.48256806249387
EK202310232929,119.87003638009479
EK202310144777,151.98130506071027
EK202310206148,142.52389782736086
EK202310163892,132.2930492885685
EK202310226194,131.79187772816528
EK202310229083,137.87235143107767
EK202310242355,133.83181591751588
EK202310153019,131.21854148683042
EK202310133725,158.29384470325857
EK202310237397,129.89586291830844
EK202310108761,140.2276875954626
EK202310202125,128.57903696422127
EK202310223149,141.44874487470372
EK202310211064,143.75409142623423
EK202310206726,159.87560552887422
EK202310239457,129.46852946835563
EK202310131359,135.85822503314748
EK202310225966,168.6387221337595
EK202310162670,144.558773048849
EK202310112377,161.31281086017125
EK202310161138,122.24352557575786
EK202310143575,129.29745527639292
EK202310140582,133.3958899742425
EK202310106691,149.42494795918873
EK202310106388,128.1831376773775
EK202310132651,129.56398863103954
EK202310235986,145.242555565629
EK202310116284,151.58876400046879
EK202310243775,165.67019658253471
EK202310129332,136.52302369461592
EK202310004513,132.012863532449
EK202310148366,124.60986686451909
EK202310127277,144.60639579198565
EK202310197024,139.07269147588343
EK202310132043,129.71207779098435
EK202310109603,135.15104416476825
EK202310119816,147.39435702123734
EK202310183299,140.31656703706
EK202310157782,143.76362920665827
EK202310240073,130.43278211122401
EK202310124263,136.20617169613357
EK202310118878,132.9001081301625
EK202310159933,124.11567459340374
EK202310235851,139.71747998812748
EK202310199705,164.2173254820283
EK202310121857,136.13451722856635
EK202310135337,154.10365156339816
EK202310116218,138.38388877047618
EK202310247152,138.44723243678288
EK202310213364,155.64905185866164
EK202310117331,136.9637694156804
EK202310220060,156.80366020650132
EK202310113433,158.3156988009019
EK202310200316,150.83313141641153
EK202310204117,143.5751331453388
EK202310142962,137.75012323637398
EK202310149474,149.85969344014697
EK202310156319,143.4422856223468
EK202310111297,134.9231644173968
EK202310149401,137.87730250437104
EK202310141738,129.83943510400854
EK202310219293,138.41175103637548
EK202310228805,132.83024525617236
EK202310232975,130.3748745279343
EK202310238431,143.22072127144594
EK202310191477,155.56231317418664
EK202310107521,155.11621574205662
EK202310126862,146.67104461513063
EK202310116842,139.6478824859589
EK202310220332,138.46634997372254
EK202310191222,137.69821697803573
EK202310142584,137.42497258041175
EK202310181821,133.03050314763772
EK202310193376,128.91581644463815
EK202310220744,141.1417891426795
EK202310146397,126.73798968095022
EK202310168910,135.32732502754953
EK202310230593,133.40267140138374
EK202310228617,136.43283715701602
EK202310155826,156.58499950723495
EK202310211936,142.17769519373394
EK202310210374,140.96684596364568
EK202310143369,137.1914084407312
EK202310226681,133.65678583632868
EK202310222110,138.62390330028063
EK202310237461,146.98970593724843
EK202310004906,132.5952373807547
EK202310242700,125.37193532503518
EK202310205947,130.41812241472718
EK202310178378,147.37053734199387
EK202310165711,154.44271524864826
EK202310169499,136.57926985901616
EK202310146580,145.73060947174324
EK202310213522,129.5895472021904
EK202310236119,164.75586151188153
EK202310223991,138.70719012046547
EK202310121767,160.17257847465868
EK202310188210,139.5094895418443
EK202310160523,136.94265901176502
EK202310109762,144.4624929637115
EK202310171055,132.39350404872346
EK202320006726,143.46517172406448
EK202310210705,133.46258566498906
EK202310152215,144.1302756694787
EK202310125726,139.266269673944
EK202310172100,146.84437738024602
EK202310003880,133.938679790689
EK202310128330,141.99690963334953
EK202310112999,132.73697824850402
EK202310201791,156.06284536278557
EK202310124897,128.8482788709194
EK202310218886,159.0870226751738
EK202310166286,151.23110154466778
EK202310214269,144.46318220785957
EK202310131160,148.21534106700472
EK202310189137,132.60790717982636
EK202310118145,136.39409581004742
EK202310182255,136.7151741242601
EK202310177007,144.18800701932003
EK202310205755,138.9379048641343
EK202310135629,132.97414478744537
EK202310232047,136.1529524974716
EK202310171967,142.33928808288053
EK202310184827,159.34832950356122
EK202310131897,153.0983135092939
EK202310152600,155.63959187582444
EK202310184315,150.12764414915534
EK202310106757,140.81298437349034
EK202310145774,130.99328541139985
EK202310134477,137.5058806138568
EK202310221434,137.5402937913994
EK202310183603,142.34507343371973
EK202310191157,138.6613162838662
EK202310182657,124.67578277210718
EK202310174889,153.3264038929062
EK202310118138,129.34630233117477
EK202310157349,133.97346856476884
EK202310143539,138.21904841754764
EK202310106752,139.5993524864006
EK202310163158,164.22663350230408
EK202310132302,132.32989860151676
EK202310198764,167.2725770374139
EK202310237390,132.0780752956944
EK202320006875,153.16737457150788
EK202310144420,129.14763218509083
EK202310238324,136.42262855209594
EK202310199756,158.70618199733605
EK202310226741,130.92497822463767
EK202310207205,151.65346866047906
EK202310180418,129.84810782833512
EK202310110312,131.57836724140586
EK202310119768,144.09918292510153
EK202310225430,137.35760694404578
EK202310217204,141.98594332338604
EK202320005824,149.0638505738064
EK202310199269,138.92805457745968
EK202310199501,132.01166433021737
EK202310158676,138.08795112339718
EK202310224293,135.9275438579586
EK202310232892,126.65905250807103
EK202310225252,147.1401780969202
EK202310113567,145.2342640649855
EK202310224840,131.4281995580122
EK202310109292,138.85834921572533
EK202310226200,138.45249058712645
EK202310239680,128.68754898017897
EK202310173548,138.60522070941545
EK202310235032,139.1784762423577
EK202310153501,129.59793716348173
EK202310124943,150.587595902578
EK202310164539,135.59517392968505
EK202310230792,122.70172650367195
EK202310218099,139.3716494896349
EK202310229998,141.0240942134019
EK202310157394,143.15583798791798
EK202310226677,133.26374409444966
EK202310165785,130.3487325192959
EK202310148800,153.27152647307588
EK202310140528,144.47240302634273
EK202310110007,133.94493723700361
EK202310218212,133.5094192043205
EK202310237319,132.59225889981187
EK202310113425,130.73756268365466
EK202310193343,145.2413312650361
EK202310111647,138.430196625731
EK202310219959,141.92642289795222
EK202310171010,163.76844406250655
EK202310113418,139.11717295281457
EK202310220109,133.0232301808464
EK202310231986,125.62149809005297
EK202310163423,137.28629067719112
EK202310155174,131.95642857619347
EK202310184525,136.10438090729608
EK202310229347,144.54583984328585
EK202310142923,153.461400299702
EK202310210269,130.4011316321602
EK202310196636,129.43210389377492
EK202310158355,134.51631358046558
EK202310150025,168.6382176651649
EK202310208520,158.41885930229697
EK202310144006,143.52795832965768
EK202310142308,135.68166751626407
EK202310205760,140.80143382663167
EK202310237299,124.92214025566814
EK202310163552,141.52112467887858
EK202310221189,135.05595684291615
EK202310129583,146.07184611747766
EK202320007854,147.46481185367327
EK202310177946,137.79505428013252
EK202310184968,148.62896523152733
EK202310146300,136.9701830740581
EK202310104019,123.73186219620177
EK202310197813,160.86962409827677
EK202310175869,134.39946016960513
EK202310179266,136.6345679187653
EK202310167362,130.99996133092736
EK202310104210,125.21952611998697
EK202310202549,141.80555895898615
EK202310191743,142.96238532507948
EK202310166413,138.32749776392706
EK202310203749,136.15826406493645
EK202310165306,133.8137634245564
EK202310216846,148.37517173693385
EK202310198888,133.87842175606227
EK202310229697,130.19880693350677
EK202310105578,143.69302882604853
EK202310214588,173.1177806053986
EK202310201136,173.29795448660164
EK202310228123,144.19453889227904
EK202310110127,136.38090144488672
EK202310247206,146.58670416538504
EK202310121901,134.36477164122198
EK202310166880,150.9994705786835
EK202310118097,133.08456865953985
EK202310142606,135.1477133551266
EK202310181131,146.6649746942249
EK202310211240,124.06069032098384
EK202310240803,147.75719670646345
EK202310188331,140.44608710794114
EK202310190398,145.61521896371025
EK202310192965,148.98512318371462
EK202310238010,145.19805312860845
EK202310184509,154.29891002560367
EK202310156014,144.97610870023752
EK202310175583,145.0412345040127
EK202310155000,138.7290708527677
EK202310243443,152.59284527997582
EK202310218044,133.19355110411297
EK202310170653,157.4606157282194
EK202310182360,155.01126444015196
EK202310170068,131.2479389534272
EK202310217301,125.93850124136694
EK202310227388,140.2292749924734
EK202310168221,161.7162545054443
EK202310182297,133.16190676813267
EK202310222399,137.94808396129145
EK202310231989,132.10108704747358
EK202310170400,128.10524411891683
EK202310192873,164.9649684767374
EK202310227069,126.210172092407
EK202310167053,137.78962301343338
EK202310127994,141.7107607559828
EK202310158796,158.64024178082116
EK202310185789,130.1299836390088
EK202310111478,140.8608988981724
EK202310175233,161.09564862726268
EK202310129973,136.2651541241325
EK202310172495,148.44182137447254
EK202310107866,139.10740462717445
EK202310124298,133.52778516891414
EK202310225001,129.38476788831414
EK202310124145,130.06299076468977
EK202310127463,124.8458682375863
EK202310136106,182.01377566729167
EK202310105453,140.8768773499645
EK202310175015,143.47819774305995
EK202310230922,139.533207729504
EK202310238898,178.42803769662436
EK202310208522,146.74917831764034
EK202310178681,161.96529280645768
EK202310141116,150.58865047978222
EK202310004001,152.0054888495211
EK202310191798,140.18213160944717
EK202310201918,143.63765204053874
EK202310108606,142.62245055144484
EK202310220064,133.56249802845176
EK202310120614,129.70610747237095
EK202310131340,131.85030132956643
EK202310151419,160.21161597338246
EK202310221165,142.19165897150947
EK202310192641,151.29197180545418
EK202310191435,135.79504101273207
EK202310232224,125.34313822347181
EK202310224387,128.24539193646385
EK202310145906,138.55612283623523
EK202310230764,133.49624401016646
EK202310236583,137.15625219297962
EK202310157601,115.98724571155111
EK202310166668,141.07082488975118
EK202310244790,143.14480036749143
EK202310127133,146.32129526100633
EK202310004413,159.98948070249227
EK202310238475,143.96884886641007
EK202310136559,132.04987112532442
EK202310152026,144.7424279024096
EK202310180741,140.48095365186725
EK202310221752,141.58959524632547
EK202310228294,126.78835964416845
EK202310231601,141.3166178960848
EK202310238106,134.75382995686496
EK202310175909,143.59624870935454
EK202310165153,121.31272361800771
EK202310105565,132.3671521626484
EK202310185347,148.16066608486
EK202310184004,165.50328010867386
EK202310183138,131.24205151624207
EK202310113152,142.92523021180884
EK202310199569,157.33347383500336
EK202310151037,142.78514958020273
EK202310106219,134.53847142163454
EK202310106185,146.0884562039818
EK202310164530,156.96911077648738
EK202310166239,150.3708645717911
EK202310108760,144.6482065601025
EK202310108861,140.23568533780426
EK202310177413,159.48418479665955
EK202310211129,122.89222904764533
EK202310229184,143.79028288389807
EK202310209428,160.00179714371302
EK202310228583,139.16067947630467
EK202310120692,151.12797995325363
EK202310137642,139.45237445295567
EK202310245435,129.37122207970233
EK202310159599,134.40851101959288
EK202310148010,149.93397238304271
EK202310129728,149.02357395183378
EK202310114201,130.629688895101
EK202310207474,159.79897005423652
EK202310158602,162.45865946748413
EK202310197691,158.01261911747994
EK202310235040,143.9766626314356
EK202310129119,142.6163369244404
EK202310142174,141.87351644410197
EK202310191253,140.4341058111859
EK202310241141,142.00966115572788
EK202310144017,140.97842487360884
EK202310182852,137.74975216888424
EK202310243301,136.0270765639947
EK202310176307,159.23995907648512
EK202310209283,140.08597124575377
EK202310216003,140.53389244903335
EK202310246200,138.34219926157365
EK202310173196,132.7557890581935
EK202310122833,132.68139117787095
EK202310118540,143.16182246401365
EK202310168622,152.77650982441534
EK202310174271,137.50534121545667
EK202310201560,160.11221076999166
EK202310113325,127.69764094008934
EK202310172664,142.29505186105558
EK202310192162,166.18943592249738
EK202310134544,123.19756707867418
EK202310222337,149.90676528482845
EK202310199226,146.34887035370008
EK202310214101,157.20602173256998
EK202310188611,148.29070281207404
EK202310220799,133.5904407012774
EK202310184861,145.9414602979018
EK202310106782,130.17064632022812
EK202310232084,130.69540913268415
EK202310178435,151.22190447779715
EK202310165952,139.86132108204404
EK202310141382,135.49179055866497
EK202310163439,152.32704519976636
EK202310205428,130.41219156129574
EK202310178086,133.16418942715265
EK202310004022,159.26732505840974
EK202310114303,142.50372758018446
EK202310104436,137.84196763743088
EK202310240015,162.71655813402106
EK202310202741,152.725706873509
EK202310226747,143.97866369316077
EK202310148639,134.89279275695435
EK202310117683,129.22230012762492
EK202310232945,130.38229462122268
EK202310220108,158.1125796587128
EK202310172683,135.5276146139922
EK202310104609,134.84559224295856
EK202310182165,131.7735744096621
EK202310112029,146.54165726894033
EK202310157969,144.62225900743206
EK202310120703,132.93102824537135
EK202310191410,138.9113743156059
EK202310156166,133.29455134768264
EK202310248074,145.68568119872543
EK202310175176,132.88118447172425
EK202310194239,140.94453233483313
EK202310162582,141.03445788254666
EK202310218787,137.63752250298964
EK202310228638,131.5711971064351
EK202310139489,170.31067469962778
EK202310210571,134.0562928050688
EK202310143902,131.91078079506374
EK202310198163,143.042902272418
EK202310166041,172.61771929980466
EK202310242789,151.42392193078288
EK202310202040,153.7275668012548
EK202310194102,152.654817444131
EK202310210845,136.34022490889566
EK202310193409,148.24567532141512
EK202310241561,139.37440096751777
EK202310129327,148.94322681799656
EK202310145599,158.8585370753892
EK202310155246,137.506475380121
EK202310204706,133.84851771656523
EK202310218784,150.63624040332428
EK202310243990,149.89512542642328
EK202310137899,127.23421619836907
EK202310175650,130.47832638126303
EK202310234991,140.12691656712337
EK202310221501,139.7591563405549
EK202310117760,126.15675149518835
EK202310209924,128.8392226674351
EK202310158508,130.59888353544193
EK202310188607,157.78099226746434
EK202310176707,155.42522485288413
EK202310241804,157.76014595289558
EK202310130229,140.22323310406424
EK202310196748,145.14947122465685
EK202310226961,136.99628361203628
EK202310126275,132.0591189525559
EK202310182346,162.56961940721192
EK202310215287,147.64244785405737
EK202310186469,169.27905300865163
EK202310147351,138.22364245185562
EK202310227063,144.7404972694094
EK202310239630,136.7511863911276
EK202310202315,150.39196341987434
EK202310151573,130.52410989586025
EK202310229182,135.9518058680541
EK202310197801,139.10335092389104
EK202310247336,162.18469174921069
EK202310183064,141.8301417468852
EK202310200957,146.7511145687882
EK202310112953,139.17540059972214
EK202310185221,142.95480084397377
EK202310176129,164.24411312217944
EK202310171777,133.67912306960773
EK202310186071,127.8597836668847
EK202310206123,140.5518737310966
EK202310217431,149.11851562911272
EK202310171470,124.5485280269021
EK202310246028,149.73534172993806
EK202310145970,129.93188219922624
EK202310234938,125.67294870069799
EK202310156116,135.33992694193046
EK202310116714,127.45380356953248
EK202310212797,131.72245593382215
EK202310138938,140.66794384988674
EK202310148128,145.67855862098128
EK202310175673,133.773708987108
EK202310238664,125.16621346717363
EK202310190836,143.00219327388027
EK202310196156,137.28082196587218
EK202310132459,131.6945585001251
EK202310159062,137.14630018585174
EK202310147832,157.59319019844637
EK202310116029,141.4965926973089
EK202310203822,141.98828815086824
EK202310223388,145.84469935161
EK202310208656,145.49667109960467
EK202310003650,124.83723182975469
EK202310163159,135.24951013490494
EK202310188703,140.8926923006317
EK202310144864,143.68424099581253
EK202310156884,140.67052803410428
EK202310216506,137.80089340517668
EK202310220197,138.58206770103152
EK202310234667,142.05077917994893
EK202310203255,148.3940624554455
EK202310105960,130.91673984969808
EK202310115804,139.67504919063092
EK202310246112,132.45661354667564
EK202310168025,162.64988447461968
EK202310178472,128.54597656817745
EK202310181975,135.29447604433753
EK202310132905,131.7689710332829
EK202310113841,130.83723785382188
EK202320007828,164.5550582862214
EK202310192867,159.85756756071927
EK202310109054,127.0140072498743
EK202310236216,143.08420263409312
EK202310170777,135.45194349655952
EK202310166144,133.2008184924921
EK202310201844,138.1674587053263
EK202310123470,133.65231251655817
EK202310224526,131.2085932819638
EK202310151158,137.17668185001688
EK202310184295,147.65588250446243
EK202310124272,136.15346480203726
EK202310162944,140.16289868359482
EK202310224817,132.4942579433382
EK202310172859,149.6761983277589
EK202310137191,115.72564074672496
EK202310140281,132.8620283075865
EK202310114907,135.6103799477463
EK202310122165,140.27269938417692
EK202310215454,133.36908343138288
EK202310243142,128.55046876614477
EK202310164187,134.25015178586045
EK202310225253,130.89876433410274
EK202310174458,171.205050639346
EK202310176969,147.72034347808741
EK202310219479,123.96041855936615
EK202310119494,138.2604088914149
EK202310123405,140.4224400507822
EK202310231534,119.15188019279972
EK202310222489,138.48699860445427
EK202310111149,150.9021530638114
EK202310184714,128.4858732487551
EK202310196844,149.36044135442975
EK202310232521,129.89804192739385
EK202310184622,162.9154634768594
EK202310118852,134.2619659925245
EK202310168516,174.08332067121515
EK202310178071,137.34231838270847
EK202310149839,139.11988201805787
EK202310184305,159.99872064565466
EK202310222961,136.9585274056226
EK202310197108,143.99993280553338
EK202310244680,133.82674067973744
EK202310164685,142.5136948128896
EK202310153568,134.80144494930852
EK202310204533,137.45996912128038
EK202310243304,134.2158407929581
EK202310122606,145.38697128425216
EK202310107843,151.1636661694902
EK202310195481,136.877833522496
EK202310195622,137.10673803585337
EK202310185200,139.62057769045563
EK202310127597,131.439960540761
EK202310145627,127.93065779083383
EK202310157400,134.39567312512335
EK202310226857,136.73534378531147
EK202310127964,140.76823861681848
EK202310179573,151.15260126008678
EK202310212013,141.35364837148478
EK202310226545,139.9201796166165
EK202310166825,145.31496513270835
EK202310163867,165.9816412115888
EK202310196745,146.4874695577434
EK202310109208,138.88359049854716
EK202310205143,142.6554678878142
EK202310136525,136.71658372892568
EK202310159137,140.0928939420988
EK202310238980,139.57846720183903
EK202310121185,149.14593654526792
EK202310142061,140.42043207921714
EK202310198507,137.97222819922848
EK202310184870,158.86894548716336
EK202310155208,139.78016197897588
EK202310124725,123.83992153177775
EK202310103880,138.04858779613585
EK202310246880,144.5006543250713
EK202310190191,126.86224205574362
EK202310241383,134.9418174919423
EK202310109761,139.628120962898
EK202310218045,149.94181479036982
EK202310208985,140.58714471890534
EK202310126092,134.91800684750174
EK202310247678,158.27446326583336
EK202310137747,135.9850818566123
EK202310201825,146.52816547897982
EK202310130845,129.81982108139306
EK202310239295,132.63821668650436
EK202310166294,146.44359944441308
EK202310211671,133.52825969029638
EK202310248376,134.39544473568097
EK202310188903,145.03770725269362
EK202320006661,175.7138967045508
EK202310157204,156.3591026687392
EK202310222542,133.7026411808387
EK202310182598,137.00529388059616
EK202310128634,155.60810619901372
EK202310137926,139.77959574872878
EK202310197018,131.52885051663154
EK202310184643,157.55487622326757
EK202310217014,144.98127877943526
EK202310200280,135.31635184138653
EK202310183028,137.07854793369435
EK202310106142,129.98057318903506
EK202310103822,139.35190263586145
EK202310157052,135.5299690806027
EK202310122614,136.78610933146683
EK202310155664,147.8571680788645
EK202310165913,129.76647513910837
EK202310191203,135.21580890534818
EK202310119226,133.0258802817327
EK202310234080,151.30938757761936
EK202310196735,134.82667957904474
EK202310149314,134.25640466624697
EK202310155188,130.86955983932987
EK202310114860,144.47001875123803
EK202310118865,161.46991534105987
EK202310160832,141.3385083029455
EK202320006619,166.13325734260292
EK202310127739,128.99739656359958
EK202310115501,136.80458911104014
EK202310166491,164.69460082850378
EK202310197828,160.63620598660475
EK202310242137,134.30124824244734
EK202310235787,136.58759428478245
EK202310220464,139.5669569075558
EK202310112649,136.44082749485216
EK202310110214,126.95225501271679
EK202310164835,130.46524863744773
EK202310204462,130.56890325638292
EK202310187862,154.66831338690739
EK202310131273,130.89381212522287
EK202310128020,146.46732584244145
EK202310204211,159.9357976673544
EK202310208246,134.41623507402926
EK202310166450,130.92801929342383
EK202310171141,138.69474702601255
EK202310159355,142.82522503846897
EK202310194303,154.48164674007677
EK202310214928,131.85681902513306
EK202310122215,136.51703192931473
EK202310175732,136.53711372273935
EK202310195150,138.5553084703756
EK202310160826,143.82244709378264
EK202310159966,145.3798063718693
EK202310158608,131.2195926251289
EK202310243112,154.40745786088013
EK202310109607,145.71876119276612
EK202310149652,146.73495274717132
EK202310110860,138.75398152956177
EK202310232156,143.73160544708963
EK202310178087,137.49490687567643
EK202310196125,136.00996348089828
EK202310178589,135.24927767269992
EK202310146655,133.45544275433946
EK202310176638,151.9417315932527
EK202310183451,137.99439897289267
EK202310238783,131.36429571141375
EK202310180591,132.18469258718196
EK202310180161,153.78566630088955
EK202310160060,157.48079359023708
EK202310234699,135.259389300084
EK202310113916,133.99894317212434
EK202310227268,131.9110141855397
EK202310237635,145.45851246254207
EK202310182258,136.6596401713851
EK202310193859,138.31522362018643
EK202310153659,146.48665655807054
EK202310203955,141.04875295948463
EK202310236094,145.18212978441244
EK202310187734,161.35475338684566
EK202310216149,139.25095565701395
EK202310168413,149.4179769597937
EK202310116401,133.35877290389928
EK202310201191,169.09117100241426
EK202310190480,128.35340534113018
EK202310161074,161.33215701943018
EK202310140353,135.8019173457279
EK202310173633,147.4482800216381
EK202310158068,138.69899747266322
EK202310154103,140.98846296652513
EK202310113546,147.6850964502292
EK202310204238,125.5956405466722
EK202310104944,137.96489098226002
EK202310234535,122.42243954857368
EK202310126859,175.66256622924817
EK202310117542,133.86985665423327
EK202310210903,127.10995920496374
EK202310157130,148.47526845784756
EK202310145116,129.13897661793322
EK202310208124,141.8130828057807
EK202310245982,157.61125637730171
EK202310133043,147.7876459866857
EK202310149054,136.83072290808465
EK202310190190,135.7246746765001
EK202320006047,143.3924552352626
EK202310134850,129.43830234059624
EK202310202384,129.05986571420277
EK202310154117,134.77999345521502
EK202310133365,138.18663233879198
EK202310108193,146.12894879235276
EK202310203056,152.3033563451187
EK202310149046,134.4279655434098
EK202310165578,161.8695706968132
EK202310186659,157.469016880504
EK202310196955,162.86785876230567
EK202310197552,172.5987365850202
EK202310212202,138.75327901229892
EK202310224513,130.75907524392457
EK202310004468,165.67137947015866
EK202310216094,133.23105755769024
EK202310230966,120.03395468917199
EK202310118412,145.04775309901962
EK202310247101,136.96370348896752
EK202310178117,142.58245440756286
EK202310219876,140.03218194416849
EK202310215307,148.11580154636337
EK202310218134,163.8463596146914
EK202310221530,130.1112520576272
EK202310154982,142.3765916830234
EK202310182970,135.34078088730342
EK202310214235,148.98178261265187
EK202310220158,128.46127684103396
EK202310104394,139.84384232964655
EK202310111159,121.81798061237355
EK202310158577,137.18694806827682
EK202310110382,125.23308353474323
EK202310133639,125.79341738713408
EK202310246509,168.37376490321415
EK202310149660,149.07523639799695
EK202310168884,140.72135469287062
EK202310243940,140.50598193024604
EK202310191906,130.6094378400227
EK202310127477,131.45135350367718
EK202310225432,130.8478238589946
EK202310233319,139.01791870521836
EK202310162668,145.81955078464227
EK202310148695,164.91377491351716
EK202310178807,158.71995124028706
EK202310106771,136.6853064214057
EK202310155396,143.6332601332593
EK202310189899,155.20809568415982
EK202310106717,147.11361396977586
EK202310232588,142.09295207797317
EK202310226348,141.4156088389478
EK202310109931,142.66960019975016
EK202310226884,149.32561553109434
EK202310213466,136.0073707475672
EK202310121691,132.8748717049237
EK202310198701,167.75959888724233
EK202310131737,141.60216335742962
EK202310166136,154.81500316963323
EK202310116855,145.08295225658583
EK202310138351,139.58669003951616
EK202310191381,147.117095147926
EK202310003663,126.22448404811456
EK202310172884,177.57977128361807
EK202310185550,141.60569892545126
EK202310148380,143.88813747767801
EK202310149387,170.5058211822689
EK202310236333,131.77276437371057
EK202310199352,144.3732747363394
EK202310137894,144.80961737752233
EK202310133727,144.98316588390574
EK202310178526,150.2957746949769
EK202310189610,150.4761605808021
EK202310109350,139.39200473372077
EK202310218617,130.24135674852184
EK202310109125,165.86479183047564
EK202310163826,132.10497109746458
EK202310130248,175.451597184302
EK202310221541,139.13508926234678
EK202320006518,154.95984559665024
EK202310229391,136.0450826375171
EK202310211450,141.22459268971627
EK202310193482,144.37729634793834
EK202310198828,139.40468706741964
EK202310183006,135.0308821209063
EK202310003501,135.45113541669585
EK202310121041,130.14911572040162
EK202310211350,126.94641975536294
EK202310246075,144.97684071113918
EK202310127204,139.04922360756234
EK202310234563,127.13568195591974
EK202310139042,143.33459162744225
EK202310171256,156.62251675663725
EK202310139647,152.879234204909
EK202310122462,131.96979558802184
EK202310144293,129.3893230319974
EK202310168436,136.32970418199605
EK202310120536,131.9634111856321
EK202310166379,149.167644365056
EK202310180256,130.36663655919838
EK202310246761,143.5028222462135
EK202310219864,145.46459824903582
EK202310190068,168.5292153398432
EK202310181556,131.96270881102623
EK202310230597,121.52113419912388
EK202310130866,156.63452395890954
EK202310205037,146.5517675753751
EK202310209585,147.68036235266123
EK202310185564,155.58851441151634
EK202310176944,143.96390396516017
EK202310176381,136.4439141475778
EK202310141448,140.05672184144734
EK202310148056,159.1226476073965
EK202310182965,139.20591410350914
EK202310135422,140.3169598850692
EK202310122191,131.4913827232977
EK202310145667,152.27084686553283
EK202310202035,129.93279246362349
EK202310136887,136.55125074902259
EK202310200020,132.55515048679356
EK202310184127,158.0573619768909
EK202310107122,122.61746983397897
EK202310134379,141.02385845007748
EK202310211319,139.23601066253622
EK202310212855,146.29274520796358
EK202310242461,160.32248225572008
EK202310200853,119.15085492077962
EK202310200401,172.4967432174706
EK202310189295,176.64169584520556
EK202310105500,140.72058123168478
EK202310128584,138.06185956784472
EK202310209825,149.32062963161346
EK202310204586,143.150480706264
EK202310179426,165.12244443688135
EK202310180912,142.87894956678844
EK202310173571,144.49041677832724
EK202310112070,139.87434433450434
EK202310199038,137.02509665867439
EK202310126021,139.63135094059618
EK202310155509,129.9332807449067
EK202310197401,134.063534437669
EK202310107626,150.51187257797952
EK202310105142,143.1597957253784
EK202310243059,122.03882346904793
EK202310174039,136.22290945576125
EK202310201047,162.35584308866157
EK202310204579,147.1318618853113
EK202310187739,139.67459658155974
EK202310181773,138.9041526532745
EK202310128097,158.00446316877074
EK202310222975,163.329939818149
EK202310132503,159.01950975141938
EK202310188182,153.173594770191
EK202310133046,147.89019357067693
EK202310176947,150.25559787379325
EK202310167628,141.91532268068127
EK202310134899,128.58379812147842
EK202310115714,129.09865041516656
EK202310225258,128.70078661128161
EK202310181522,136.11821553371473
EK202310190839,149.07191794373412
EK202310217264,135.25618129267127
EK202310123146,148.81788608409389
EK202310142906,133.77398214237385
EK202310165063,141.888355585871
EK202310004149,149.61276809030335
EK202310222025,125.24361166466522
EK202310201396,161.8921567565573
EK202310140521,153.72481339208286
EK202310190410,137.1699928185564
EK202310237623,130.7041233954556
EK202310207648,141.1842173443755
EK202310150068,148.26005845132315
EK202310199516,140.59557505484457
EK202310214499,150.2022839907481
EK202310193968,148.12607500481414
EK202310199178,127.38359559656753
EK202310226312,136.77383253212395
EK202310171202,147.60303627560225
EK202310136385,155.22549526988348
EK202310240675,149.48781001668772
EK202310131075,156.4657641955741
EK202310213481,128.64975718376894
EK202310212831,144.90433918027264
EK202310163142,136.12747653698622
EK202310107446,133.41615425878624
EK202310157890,147.85295762874705
EK202310214663,136.18936968366353
EK202310163666,129.27624807587452
EK202310117353,131.4542576685686
EK202310209794,133.85955050685567
EK202310123734,138.12731960222587
EK202310224602,142.00574699481336
EK202310218073,142.11535935290385
EK202310247816,159.72285122781986
EK202310234711,136.14542955399725
EK202310145443,135.86906408418432
EK202310246298,144.40157304751816
EK202310110010,141.4067218266161
EK202310159895,159.76098310163087
EK202310111143,145.7531823291812
EK202310209834,140.77196694309015
EK202310209444,144.8606215741481
EK202310192938,138.56374597272014
EK202310132559,133.69980859719195
EK202310152101,151.20879808262035
EK202310180196,132.89323911536985
EK202310194423,131.3493670636619
EK202310200390,145.79611583559034
EK202310180474,149.37528654354023
EK202310116603,161.48771683845035
EK202310171924,135.31654740086324
EK202310212746,159.70151426545897
EK202310146529,150.70673923597138
EK202310215859,140.49232205621365
EK202310141533,135.99430097679047
EK202310233067,139.62607999616856
EK202310214675,150.00197101421705
EK202310148386,152.0869034098812
EK202310168758,146.1402761404724
EK202310222971,135.23863310702473
EK202310109333,141.66953776780792
EK202310243241,131.65655844263057
EK202310146985,138.2151501764712
EK202310232878,164.91433925628374
EK202310234120,136.07748878505123
EK202310162882,159.20529099038282
EK202310190206,133.383831797051
EK202310159348,165.60545420786343
EK202310201231,148.65014454463085
EK202310178530,152.59929091059843
EK202310189794,150.31083006645014
EK202310236784,128.65965745199114
EK202310175553,127.4992454069681
EK202310241797,143.59894443820602
EK202310114344,139.74973402631468
EK202310239590,155.880675555601
EK202310227224,175.66304435078172
EK202310121744,138.1283623744097
EK202310003715,130.15461677151856
EK202310116073,137.73113692953956
EK202310197067,131.9982151889006
EK202310115532,139.684660713105
EK202310217365,158.34690608981998
EK202310148754,159.90711509980358
EK202310109024,139.20021050403597
EK202310004073,135.87213657023977
EK202310198767,136.2615881519276
EK202310125904,133.3268692826916
EK202310189747,136.5945087529103
EK202310121824,161.5665383735691
EK202310183939,147.71906807703493
EK202310207963,135.62510911274595
EK202310004477,126.49302901441376
EK202310184855,137.3475685705362
EK202310121710,136.29356404835912
EK202310155103,130.64397827720114
EK202310127606,150.48822347747685
EK202310237460,126.16894418026786
EK202310189005,127.67137220190227
EK202310163144,173.67012052140205
EK202310195358,170.19722296148294
EK202310114203,117.78321566085691
EK202310200907,141.00659145297098
EK202310149290,158.03575867511813
EK202310186674,139.42002056642883
EK202310219434,135.95127128262928
EK202310113939,137.7022063899802
EK202310144604,137.15986364004314
EK202310202520,141.30938252110087
EK202310199251,132.11521329544757
EK202310171909,142.5557437831317
EK202310197493,142.65614414648513
EK202310200738,151.33114061205353
EK202310242193,164.5086302234317
EK202310166469,141.17980764789323
EK202310179577,151.1875644782627
EK202310199333,136.09860962171186
EK202310208438,133.34884182270545
EK202310243666,150.09126020290978
EK202310113305,133.67984350055795
EK202310189666,165.83595097738842
EK202310233041,135.06094391311674
EK202310127498,139.3167521581209
EK202310208207,135.91788263034928
EK202310161596,131.00611568644985
EK202310175979,149.12950161684128
EK202310222437,143.9859844736591
EK202310139352,147.14962029597018
EK202310120360,138.93071827518108
EK202310183484,138.65904528915792
EK202310206451,125.66744043212526
EK202310163448,160.0418717700287
EK202310113067,156.95626392645417
EK202310217739,121.77088496241264
EK202310120891,123.5856069124926
EK202310144456,136.4272847922976
EK202310243976,142.7465792601505
EK202310126697,138.87718786450614
EK202310221562,124.93325653273686
EK202310245501,129.0645392292562
EK202310227085,134.91191427562777
EK202310124539,143.0752148137772
EK202310113359,141.32665463741586
EK202310127238,148.6056508283048
EK202310186281,172.46497608069265
EK202310231780,129.526160186593
EK202310218693,129.447658639952
EK202310166062,141.8649652103453
EK202310194807,158.63302025547512
EK202310145164,147.23121875505166
EK202310139520,136.3003895478901
EK202310202232,149.53159096640206
EK202310106234,130.19455703184786
EK202310150099,133.50483609722176
EK202310148854,138.41673345876404
EK202310207751,142.40760933489676
EK202310119385,142.49231820905516
EK202310247407,126.07003425015571
EK202310187815,140.80995773049403
EK202310180649,132.17023635573705
EK202310169614,125.85851319313663
EK202320007494,150.57323681538787
EK202310123604,126.4411943226739
EK202310115115,146.293974947908
EK202310247203,133.54725509310182
EK202310128939,131.60153174061477
EK202310151766,157.43087968886095
EK202310154684,139.93474402152557
EK202310147564,134.9980093800386
EK202310217040,137.62541024851402
EK202310219269,130.38190302030466
EK202310177587,134.2922068826554
EK202310172628,132.53364836258163
EK202310193264,170.00060710850042
EK202310204129,134.08769672886754
EK202310227714,127.40444793703404
EK202310174368,154.41601196511428
EK202310115514,138.33638176649328
EK202310114314,131.08447969033665
EK202320007053,156.8290250716771
EK202310196358,150.15342391630622
EK202310223590,135.20200833977344
EK202310186191,146.6930043258809
EK202310169460,155.23313283610142
EK202310206652,165.99876819885844
EK202310176776,164.6569289396506
EK202310112945,128.780786382143
EK202310243798,135.41029689730792
EK202310173522,130.24762711804408
EK202310147691,135.9819199106152
EK202310221131,136.38974923285406
EK202310193542,141.82257100916206
EK202310110806,139.2943490153032
EK202310140872,139.0018000069078
EK202310115723,131.09587317690614
EK202310227673,136.01309265900807
EK202310104188,139.61420118519405
EK202310176128,142.5354001476909
EK202310179757,155.42303529742506
EK202310217690,131.38351050313216
EK202310114918,143.4065987672698
EK202310160022,152.19704918232222
EK202310117222,131.6202872684831
EK202310181651,142.11427550347577
EK202310202302,141.01896408859295
EK202310141935,132.39277744382397
EK202310166006,137.84284065915224
EK202310141835,146.41927343275262
EK202310113039,144.5038145939105
EK202310171526,140.7290145426371
EK202310231390,144.97480551683157
EK202310111326,128.36501758825656
EK202310104950,136.0921605324333
EK202310234139,137.31602305922277
EK202310207302,138.2788849023437
EK202310202018,124.47311073989596
EK202310205260,155.90138894856298
EK202310221441,156.1264112852457
EK202310174816,135.90214877927048
EK202310138649,145.56561231317343
EK202310208013,162.40671696796383
EK202310181493,154.35360429824496
EK202310243648,132.02778155491742
EK202310113262,135.80316798903328
EK202310171352,143.64070257403077
EK202310189555,127.18816575907991
EK202310154506,157.7002160131891
EK202310227922,137.99696279428198
EK202310243180,151.23784315098837
EK202310145403,130.5019868170778
EK202310229261,134.62354781866395
EK202310125086,138.40420213611495
EK202310188059,132.2115465026619
EK202310175935,162.96955810185307
EK202310104930,134.86903171770254
EK202310207696,141.34266962203253
EK202310176769,139.23225983356195
EK202310241580,130.12041063984537
EK202310128189,130.53052278955874
EK202310116358,127.32293217497164
EK202310203206,135.47411783762914
EK202310224617,120.68854861738247
EK202310216139,127.94382164945864
EK202310175157,136.20436868630182
EK202310148792,148.93617794441113
EK202310127748,126.31153804420624
EK202310183427,156.13138631126776
EK202310151784,131.88376771739013
EK202310202141,143.1251492414759
EK202310211204,146.14087444292133
EK202310230323,122.04280716595967
EK202310109892,136.8029522527831
EK202310187574,132.1357721316519
EK202310174395,150.28656611685508
EK202310205384,156.69529212556543
EK202310139355,133.74839370118042
EK202310161479,156.92831110152764
EK202310135561,129.01928182804386
EK202310165218,138.32010475438685
EK202310183022,141.70984583168783
EK202310125772,121.72041701196187
EK202310105325,133.1672864267707
EK202310205291,140.31200538887776
EK202310183115,141.17939333866698
EK202310142673,137.81277477124223
EK202310144959,123.56776638646998
EK202310156704,127.68980019157799
EK202310132122,130.73745514584095
EK202310174428,144.78635203825763
EK202310238510,134.00172030502648
EK202310004299,146.407490367711
EK202310225687,143.46793990819546
EK202310152553,145.56553738303472
EK202310180231,156.13139486348453
EK202310189895,164.27402381638777
EK202310115789,134.15494635018476
EK202310107016,159.06622352435022
EK202310174702,128.47186486925517
EK202310184083,133.2664784739418
EK202310193580,165.4068381201685
EK202310217608,161.16694136788132
EK202310143791,132.78956318072727
EK202310171379,144.64655735589398
EK202310151018,135.9958648834215
EK202310167547,137.05443368516387
EK202310113875,150.74012727137023
EK202310242027,146.69399810748502
EK202310236948,138.1867926842432
EK202310241638,127.39991947010576
EK202320006399,126.3969883569513
EK202310155475,137.73538994284988
EK202310183498,146.37176188962698
EK202310175183,141.88161690719002
EK202310212112,139.15736451554758
EK202310219895,142.8659355990679
EK202310136160,166.30796438621567
EK202310237484,131.72367630953963
EK202310165481,132.85864782767086
EK202310240928,121.40733112470679
EK202310103807,136.6497378992602
EK202310138400,138.1593286613728
EK202310206371,121.94712297206266
EK202310194193,160.84472736368036
EK202310148048,155.03170776910775
EK202310215728,147.07540712548996
EK202310131760,140.4978728384124
EK202310123574,142.0049347117182
EK202310141515,130.07525549363598
EK202310237561,151.9342883326716
EK202310217955,136.968096763368
EK202310208062,140.14416232666238
EK202310163578,136.5405531566578
EK202310116460,136.597119837344
EK202310181932,158.8606477114151
EK202310190411,144.02694047879385
EK202310229861,146.49762520306948
EK202310246656,127.70426453322706
EK202310118260,132.78686039604554
EK202310115843,136.65540993933433
EK202310170542,158.92268920416026
EK202310189836,156.38301389128685
EK202310176951,147.20837237587537
EK202310116213,164.99760069865687
EK202310128876,139.6437224613525
EK202310210854,136.18198949280867
EK202310217897,138.6212069872789
EK202310213279,140.02306940585447
EK202310203346,136.67190315361069
EK202310111168,144.11548069568414
EK202310205607,140.6842378175092
EK202310181632,175.50290243528798
EK202310163875,154.98944127127052
EK202310106796,143.924205438324
EK202310172056,176.10602175247246
EK202310195599,130.78486367562377
EK202310140727,141.44341368697968
EK202310208341,136.68916845652618
EK202310129380,136.39211508985946
EK202310140408,155.27694560462302
EK202310196671,180.63370255344793
EK202310164630,133.54689342708656
EK202310147505,143.30085310321314
EK202310110408,134.93621569523464
EK202310189343,155.25689932401764
EK202310232277,147.2926447731859
EK202310113134,130.12129088236944
EK202310154457,136.66700253379463
EK202310192875,155.04786555553517
EK202310116376,128.44547276670463
EK202310198131,132.74834566271264
EK202310200171,138.46654508113858
EK202310200642,147.5526673979078
EK202310123172,164.55352129391702
EK202310182386,146.6609366437093
EK202310148751,160.0418315154937
EK202310109301,134.19735734100445
EK202320007005,143.9679342161044
EK202310118442,139.72418962120813
EK202310132586,131.75252509739425
EK202310137853,140.99209385468046
EK202310175957,133.6651581654347
EK202310137878,142.87836142091976
EK202310141392,147.9804616263063
EK202310150895,141.14955877996195
EK202310234943,119.08356408956742
EK202310180019,147.51074231305202
EK202310118936,137.71883195158014
EK202310140493,140.44093272437226
EK202310175748,131.67252208435093
EK202310139140,137.64903322734693
EK202310194407,139.21693409116472
EK202310174235,138.20955326101597
EK202310171740,134.94799087343998
EK202310135496,155.4987576650463
EK202310219315,132.6197426476288
EK202310209481,149.8176189981087
EK202310142378,151.06547545217674
EK202310213131,127.55783605097403
EK202310126847,148.56423316737562
EK202310139757,130.1242223303413
EK202310166582,161.59984944304497
EK202310177776,143.09571627968728
EK202310179499,150.93312403990737
EK202310243445,133.3024530130845
EK202310176421,144.77021484216215
EK202310219058,137.66598930875028
EK202310108023,133.26881533382962
EK202310140417,154.10385208627483
EK202310130436,152.0422114770161
EK202320006321,167.14274297917467
EK202310220044,143.3981915144238
EK202310131037,130.94902595342091
EK202310248111,136.69355771947292
EK202310106861,134.11829196659232
EK202310110253,141.73218429835848
EK202310201245,159.12130941695239
EK202310138402,123.56299841347727
EK202310233866,181.29976411477006
EK202310003560,133.26647143594258
EK202310120345,133.91966013473302
EK202310201242,134.05566598794397
EK202310190427,163.40347038638853
EK202310148725,123.31025259646646
EK202320006763,142.3313913249197
EK202310196906,157.58110729125872
EK202310241763,138.7078443138893
EK202310204305,153.21453112324772
EK202310190705,158.78545510949957
EK202310107647,129.83749825964188
EK202310178205,152.88292820514937
EK202310226329,131.91078097326007
EK202310155075,154.45690875729304
EK202310161375,157.45006279064071
EK202310184194,157.41936612213118
EK202310146287,142.9880377944202
EK202310151428,159.49899560391526
EK202310169581,132.45190899716272
EK202310159986,131.65329373976064
EK202310235054,135.84285748376553
EK202310232794,146.05273136033782
EK202310237245,131.20371339110412
EK202310159951,165.1599107858679
EK202310137689,137.9580178623651
EK202310104122,124.06270372107348
EK202310237215,138.33942849023597
EK202310224167,148.53772544347873
EK202310165353,149.44895940184227
EK202310003464,136.9093468849949
EK202310146423,149.76635138823022
EK202310175125,137.37663821248626
EK202310229556,133.47918539494154
EK202310227408,134.1011434297406
EK202310243062,130.28160144037457
EK202310213464,133.95667999802248
EK202310111472,136.88262860075994
EK202310108233,139.98380607726466
EK202310223065,135.7075912562526
EK202310230558,139.44351690136048
EK202320006897,150.6423070268171
EK202310200032,137.85244076542
EK202310187191,162.89791512323345
EK202310161900,144.80887893180613
EK202310121241,136.27105665119228
EK202310225448,139.62076413174503
EK202310227739,143.96892312694442
EK202310216508,148.0063905798164
EK202310233619,140.98876165525832
EK202310233918,146.4116085386103
EK202310202411,134.86764753562312
EK202310186765,146.61990689368955
EK202310241519,129.6527374047849
EK202310203547,153.4892391617387
EK202310186570,166.1808826451897
EK202310146153,122.63300559137836
EK202310226412,138.151891448481
EK202310214773,155.5875964833965
EK202310141684,157.2866753161828
EK202310149333,140.877395411602
EK202310144706,143.91461872248354
EK202310104027,132.25410072529775
EK202310109413,141.45096906469612
EK202310193755,148.2120489777835
EK202310166019,149.49842363408314
EK202310203410,152.46133292369194
EK202310211531,127.43905612083343
EK202310196157,145.53278365146463
EK202310244349,154.11379956912478
EK202310145494,126.42391374673062
EK202310212588,141.50051169609162
EK202310139780,132.44550230415342
EK202310240088,154.89557999354398
EK202310111166,147.96274725442473
EK202310188435,125.77634552163167
EK202310177633,138.5431292986796
EK202310112926,138.43297756766322
EK202310234867,120.46672198247501
EK202310185802,128.29273901583477
EK202310162594,167.18727486653071
EK202310180089,152.34742485985964
EK202310217336,126.97914475933327
EK202310192546,143.95833602081495
EK202310214169,133.91748649175904
EK202310140770,159.89713627971184
EK202310133498,153.25007441007844
EK202310118801,148.4822900416646
EK202310142404,149.93781017688957
EK202310147891,146.23621020869683
EK202310210538,125.6597767864318
EK202320007456,142.71584545147007
EK202310144587,131.8111219492213
EK202310124235,127.2415347138492
EK202310158438,142.8677114555016
EK202310215490,129.79064463509278
EK202310174451,152.79924383249497
EK202310212066,130.15234184008867
EK202310222526,130.1920814069048
EK202310188934,117.3710976781763
EK202310227893,133.58670098076098
EK202310181260,145.00561365108652
EK202310202577,142.58435806424598
EK202310120212,154.5842495643215
EK202310149119,148.90335820496188
EK202310154393,178.25978755793463
EK202310152225,123.42777349787951
EK202310105646,131.05709445502004
EK202310119351,127.42761723737972
EK202310148657,139.406281175296
EK202310196509,146.46286016762957
EK202310194902,141.3400330174724
EK202310148288,126.3040498509205
EK202310215542,140.43929836435174
EK202310167939,149.9952927237839
EK202310167455,151.2973529571827
EK202310117792,122.49622870481325
EK202310173362,135.02078734025693
EK202310124739,170.4195737982375
EK202310175587,151.66764988881886
EK202310213185,138.61452265935748
EK202310152468,142.95988752053063
EK202310131120,157.35734348641455
EK202310124976,147.93673367322793
EK202310112499,148.08415073028252
EK202310195528,131.02504079646835
EK202310239210,138.17035171155624
EK202310142674,159.08104369471312
EK202310243104,146.11731821953796
EK202310237267,142.8480578492775
EK202310169374,136.33891966088086
EK202310234090,129.88658701038563
EK202310233816,129.7194102026659
EK202310196376,170.8743914396837
EK202310148225,146.0209493397401
EK202310228837,117.3640195460241
EK202310181830,131.89008615095594
EK202310191899,149.92039695141796
EK202310229263,131.0305278908096
EK202310141990,132.66673274799524
EK202310169654,147.45260572809818
EK202310123584,136.3483756717424
EK202310109674,138.81211381627298
EK202310106658,144.41152835010763
EK202310237324,130.49227431561303
EK202310133847,154.32548319411603
EK202310177544,128.14724920249554
EK202310123823,136.60537203127032
EK202310240866,130.78339374899872
EK202310200799,144.391459799094
EK202310004956,127.39772687780578
EK202310109116,159.81551477565793
EK202310181159,146.71401726793852
EK202310128546,151.7049725485155
EK202310206764,137.6950954134392
EK202310203787,131.59536345962601
EK202310193227,142.48052883015023
EK202310157337,169.0894807060148
EK202310190691,156.73991911322017
EK202310126193,137.06593092753155
EK202310223219,125.87911966410451
EK202310161546,151.37667646399737
EK202310220676,147.24258372109892
EK202310142344,128.02565733535144
EK202310182666,136.86022110965786
EK202310217828,135.16206622239025
EK202310240257,131.096941474949
EK202310125068,133.2362224138302
EK202310166358,167.75578099986407
EK202310177216,160.74461927793703
EK202310146952,128.17095499198962
EK202310199886,159.122728242472
EK202310147741,142.3810951659513
EK202310143091,141.36276020547115
EK202310199575,136.09860191108254
EK202310187305,155.60036587160084
EK202310222496,134.88328150033595
EK202310216424,140.2678942640873
EK202310104377,141.2524012839355
EK202310227219,128.3108733774443
EK202310140922,131.83616597494014
EK202310165008,152.9815011016117
EK202310135583,142.4521455121172
EK202310171535,131.94995490131143
EK202310219272,144.73205243738136
EK202310120647,151.53220445229024
EK202310140490,136.47710055415152
EK202310173840,135.15359960544527
EK202310208109,134.25759505039676
EK202310175605,136.22201489832062
EK202310194297,126.2629880857956
EK202310116012,129.3554831717614
EK202310133738,131.78577160850543
EK202310003422,138.23090299018705
EK202310186980,164.2484491202826
EK202310157421,141.60863003186154
EK202310145922,129.1373127332005
EK202310203349,144.9607946958587
EK202310230457,168.13282072368582
EK202310230009,131.8317700150693
EK202310144393,165.1616928119122
EK202310155684,133.0551409079274
EK202310243499,133.5454420365127
EK202310148155,130.52306092587173
EK202310162141,135.64744963150613
EK202310202043,136.57799057384577
EK202310165608,136.15149134295066
EK202310193544,137.70000415050032
EK202310164222,136.3231294631486
EK202310154530,140.60404468142903
EK202310185022,133.92074124892227
EK202310167516,156.05895264449492
EK202310165006,130.3268521994887
EK202310138314,159.49883037107375
EK202310213702,133.37017902952655
EK202310223111,157.00662582740588
EK202310183009,126.42427311771036
EK202310175427,136.88570571206037
EK202310198303,126.54943969486058
EK202310142355,157.07570785369202
EK202310190847,149.81228829180665
EK202310165750,169.88448972223603
EK202310163376,135.35905087986578
EK202310146237,152.87187922556728
EK202310228171,137.72938742867063
EK202310222340,152.36923012449137
EK202310119317,135.18076592170397
EK202310209759,140.56786795025437
EK202310188992,143.14272078841128
EK202310236787,133.8712617829388
EK202310235111,127.58173923504546
EK202310192259,141.54326051966
EK202320005738,170.85779646132363
EK202310143173,156.27195303604253
EK202310188740,157.1520142260024
EK202310106354,134.561862828463
EK202310235348,137.07464878740674
EK202310234038,151.2208908999673
EK202310172622,158.06071775273338
EK202310172486,144.2787716937824
EK202310121194,122.09808055021817
EK202310221290,143.1559921197098
EK202310207879,140.77561889022223
EK202310114510,132.17212816713806
EK202310179068,146.8140077728436
EK202310163368,132.663548330887
EK202310232807,139.020871127898
EK202310120523,122.79315591662336
EK202310103969,137.5565392183335
EK202310004188,144.74197717117406
EK202310170648,162.0872433678178
EK202310139767,130.05195985535696
EK202310138473,149.52323966574636
EK202310235505,130.73448450715588
EK202310178729,123.01951671608957
EK202310246801,134.7946821557067
EK202310120603,139.03210475222326
EK202310114895,139.87040886302302
EK202310223798,134.30876846222253
EK202310128963,124.44767636393063
EK202310133013,123.57382741106638
EK202310180731,169.25672158492782
EK202310113860,130.98752488435008
EK202310201583,120.56818043241552
EK202310137449,132.7517030554559
EK202310149678,146.29683036255602
EK202310199061,145.01959910687393
EK202310206139,126.45840641867571
EK202310178048,151.36021266226007
EK202310206902,149.32363730382073
EK202310135879,144.5290554228214
EK202310118974,129.07101391185907
EK202310240661,168.39282427804616
EK202310247702,122.79890209891366
EK202310108959,137.96584975840713
EK202310139148,139.64854841402405
EK202310213608,133.72285053043015
EK202310200833,143.67593327739567
EK202310205491,141.59762330527408
EK202310151833,152.04525246467924
EK202310170507,139.74781871938683
EK202310204695,149.30780461492225
EK202310190993,146.14560044736575
EK202310181846,144.8917854189885
EK202310191614,166.36171752302005
EK202310146281,150.52499348898473
EK202310239715,139.26981636985124
EK202310224583,124.06952263465469
EK202310225752,142.48913218618108
EK202310004050,149.90448660398272
EK202310112334,117.80219288906515
EK202310178782,129.113206590896
EK202310162090,145.08515350589386
EK202310221447,147.4460464245287
EK202310219812,159.01791714197435
EK202310161855,136.86773026843554
EK202310127861,146.8733190937021
EK202310114282,150.03749610383966
EK202310105617,127.01701109221298
EK202310209302,137.6853609342637
EK202310115118,169.49056961248024
EK202310003916,136.42444347340162
EK202310153698,155.28955867493582
EK202310229027,139.21499379305817
EK202310125705,140.54804481976666
EK202310123526,133.60106492231358
EK202310226530,141.65806111357938
EK202310136267,127.46660158269552
EK202310126875,140.1688162710728
EK202310219223,126.96439889877931
EK202310169669,148.64867055213114
EK202310136907,137.47242988863294
EK202310167168,125.36885239580381
EK202310225793,133.23373894281386
EK202310178640,147.1338678235231
EK202310130165,136.03485253379236
EK202310154261,140.4260111257515
EK202310220444,148.63962007233835
EK202310237028,160.64384929463682
EK202310165818,137.16383548622665
EK202310122598,137.88968611428928
EK202310220372,152.14521742708288
EK202310137417,132.04530114007738
EK202310143378,157.3514876806338
EK202310175009,146.30475714389328
EK202310211432,133.8546760362961
EK202310207842,141.09557350838537
EK202310180149,137.33983568116304
EK202310190554,132.41748032350108
EK202310223988,126.97015664393665
EK202310130954,133.38141906608274
EK202310116904,136.0545653654343
EK202310161528,158.22099065827808
EK202310148911,128.576205498228
EK202310153873,148.8032353348567
EK202310144622,134.20129119155482
EK202320007179,161.69979049493767
EK202310213291,135.978525258519
EK202310248459,138.4191258203302
EK202310129665,137.22852041334588
EK202310105584,126.70996007315759
EK202310223037,122.88284589412307
EK202310173189,130.6439892624467
EK202310174998,152.4131459765431
EK202310128550,134.39920464366378
EK202310192354,121.01773286549698
EK202310118760,121.77795122315474
EK202310131373,139.00434686742028
EK202310168865,130.03280891306406
EK202310105103,152.04699756022282
EK202310242757,134.48926988894618
EK202310164146,165.7631652173086
EK202310165707,159.94428377285072
EK202310157341,155.69768123664477
EK202310161673,167.2627080659079
EK202310203730,129.87233900267637
EK202310165334,151.353575123992
EK202310149964,144.70219183433116
EK202310109435,134.7812221207712
EK202310105784,136.79964859050497
EK202310004512,126.4125689074942
EK202310129345,147.395768370959
EK202310168741,135.71215565971252
EK202310225441,137.59106872408208
EK202310189863,134.70359955263146
EK202310181790,144.3240520972323
EK202310223107,139.9648773109851
EK202310117337,133.79253901854113
EK202310247125,159.94468646615218
EK202310146172,136.85408935690654
EK202310229871,136.76686067502632
EK202310167352,151.78087768766702
EK202310197659,179.74288841059425
EK202310237148,142.07484115693052
EK202310204685,148.67750201893602
EK202310241003,134.5254621100245
EK202310148969,137.1602360605246
EK202310217817,143.5602287927075
EK202310154285,153.22649995674328
EK202310241422,159.16816736699406
EK202310238083,140.31882485138237
EK202310177368,158.90010377394805
EK202310161506,154.96025253966152
EK202310159694,131.3001598902867
EK202310233873,134.0247876305933
EK202310159627,129.75950332200588
EK202310204809,142.32414967391216
EK202310221148,140.3972242873216
EK202310203840,134.9960164281384
EK202310175485,152.77263643677819
EK202310157943,150.58176151611485
EK202310166246,140.16130128273457
EK202310104784,133.90418195383427
EK202310123376,144.6794310774272
EK202310204029,171.92467162631908
EK202310185358,145.23133761145243
EK202310108669,140.709052403108
EK202310236018,147.34781570120086
EK202310238742,143.27538336389082
EK202310111453,137.20146223318247
EK202310113005,131.3308939292864
EK202310234668,144.84012267017752
EK202310231883,134.3588523125507
EK202310170221,157.63836270885787
EK202310004896,127.46966480349917
EK202310161173,146.60862823486352
EK202310145172,122.36343701835908
EK202310173181,125.24771597966385
EK202310188825,149.26498737118192
EK202310179888,151.17032251166097
EK202310232212,127.99514478878592
EK202310162487,140.91619179525415
EK202310136794,137.44093959453323
EK202310169969,134.68881311888728
EK202310165477,134.58716734298824
EK202310177712,146.1839694133085
EK202310129186,137.4317531409867
EK202310127134,151.19427082362486
EK202310228641,129.27879925361583
EK202310195004,131.57795561703864
EK202310196656,132.50812930116186
EK202310129468,142.854282404488
EK202320007200,143.76404477196434
EK202310153589,147.86300419768278
EK202310212764,165.75580264492538
EK202310205885,160.84679165090577
EK202310198505,127.34066279741387
EK202310222811,142.34956183310635
EK202310168127,143.88765857960902
EK202310143599,139.95829492349452
EK202310227359,134.15393228986977
EK202310135358,138.01428960445028
EK202310171217,161.77187616477883
EK202310191424,137.10615234024797
EK202310149689,174.0306746350579
EK202310195376,158.68483073928866
EK202310178299,153.1229920956168
EK202310210228,146.1112291902828
EK202310107326,127.14837039665491
EK202310152535,143.28335373588195
EK202310154473,142.0491154280306
EK202310174554,135.93714495387394
EK202310163286,145.0259520691729
EK202310111638,139.62783884974206
EK202310196108,153.59147718286627
EK202310212686,128.06423913742313
EK202310231718,139.58194858187602
EK202310137776,145.91432218809425
EK202310178405,149.23862332225755
EK202310117455,129.57893874119787
EK202310118568,139.30616499362137
EK202310222315,145.1234358249763
EK202310160822,144.29647582544771
EK202310118020,130.35107779465667
EK202310194677,158.83389303569717
EK202320006977,144.67936788877358
EK202310214502,160.63973738645424
EK202310146297,142.76762173406752
EK202320005953,170.2915479730331
EK202310200023,137.60062329849407
EK202310147399,139.80759108964762
EK202310110181,126.94950457899267
EK202310225409,173.9050653002343
EK202310107374,136.5057387273927
EK202310235775,131.1277139386521
EK202310154935,155.95301273985143
EK202310160129,144.7370748432351
EK202310136819,150.71123168734636
EK202310212339,130.00810002339574
EK202310186377,146.4473582247621
EK202310149686,159.0026155801442
EK202310137146,148.90937770121042
EK202310219413,126.05474043404496
EK202310224119,136.6597220144099
EK202310124397,132.0533479100847
EK202310118844,151.50507695118807
EK202310178888,140.6705313754007
EK202310203695,135.75315109546042
EK202310215102,133.42512143994412
EK202310116309,127.59452749160346
EK202310177340,149.60370902306144
EK202310155692,136.3863772877575
EK202310209761,119.5174515711955
EK202310192459,151.46661395096305
EK202310166094,141.460723775712
EK202310106639,141.71332283347778
EK202310122597,126.18996607914379
EK202310176641,141.55210419653915
EK202310128106,125.20905497397744
EK202310164373,147.6095867930267
EK202310172650,138.4163454781505
EK202310161760,144.1946561967049
EK202310175173,127.23895969083875
EK202310220355,136.5301494647635
EK202310134340,130.66041438111384
EK202310200856,167.56402184603834
EK202310198775,171.35837483400638
EK202310237814,156.5134219065306
EK202310144745,139.20730511269772
EK202310116937,140.64644026677405
EK202310180183,153.7471970500759
EK202310123116,129.31985665327625
EK202310111360,132.56213830059343
EK202310218124,144.2620501808304
EK202310146929,146.46293453758386
EK202310144079,164.26055092296747
EK202310212540,151.94136519563926
EK202310206504,157.29317186919178
EK202310126991,128.54636385518828
EK202310159652,138.9607411542345
EK202310132965,140.85165413715262
EK202310203675,140.51160426161624
EK202310003467,125.86279090705933
EK202310178560,124.98199344537319
EK202310115094,133.45907899234595
EK202310127215,124.39039095361153
EK202310116379,139.73548831625607
EK202310121118,135.9507311278158
EK202310196670,133.6968584580016
EK202310159655,126.83114569020428
EK202310201991,130.93578677087478
EK202310173068,139.59312413058285
EK202310117260,142.25831689514675
EK202310130209,141.44321986912303
EK202310183122,127.03935910065756
EK202310216257,128.26211536928636
EK202310176511,149.4308693008443
EK202310187962,159.50218240239403
EK202310245277,150.82472281357562
EK202310181710,150.58116769328828
EK202310227487,131.23298638459923
EK202310210107,165.45921029528185
EK202310175757,144.34528311104745
EK202310229135,141.46957662687876
EK202310150766,140.52821440569406
EK202310164086,140.3120646518843
EK202310121488,140.71046210595554
EK202310122656,133.1811432989849
EK202310176310,140.70983250320916
EK202310207786,133.4860416105696
EK202310116196,137.07521809303347
EK202310166658,139.7781901937823
EK202320007269,172.77676363936203
EK202310240222,140.73431127616357
EK202310233074,127.91849731583002
EK202310003785,142.08131394087408
EK202310218333,131.71020177332187
EK202310199829,141.44820398956003
EK202310141201,123.55253117955081
EK202310152509,149.19464238973617
EK202310213008,135.35052628504334
EK202310234244,146.08959917513985
EK202310185496,145.624123013826
EK202310123939,138.44352153467494
EK202310245118,136.1360496537117
EK202310126945,135.85563413161026
EK202310192940,148.55277822641844
EK202310154479,130.59945079671073
EK202310238968,139.6822821297543
EK202310220804,140.46653252817816
EK202310121547,141.281337436518
EK202310156977,139.5555328678725
EK202310220913,127.23126051926866
EK202310153791,145.24201738437773
EK202310231371,125.47479317701925
EK202310155012,144.087271395385
EK202310106729,138.5379168308921
EK202310121458,123.61085881244203
EK202310129298,138.9534777248129
EK202310185168,161.31458286016672
EK202310171342,159.8134291190042
EK202310182043,136.7176331263917
EK202310159692,154.31033888339215
EK202310198219,133.2163762291767
EK202310186486,158.8328714231
EK202310194185,131.07060973462268
EK202310135060,159.93817698369813
EK202310151875,141.23436367503598
EK202310148212,122.99448597303511
EK202310158337,153.2701622399698
EK202310160093,136.60941582461726
EK202310176986,157.14062377423653
EK202310142751,163.9865507580398
EK202310186987,146.84718980530835
EK202310213398,134.2817479950118
EK202310227507,171.4826138913111
EK202310230539,134.63021665161997
EK202310233022,138.00787291738064
EK202310112067,141.366680290061
EK202310191571,153.11049546654993
EK202310128575,152.4732542131623
EK202310116429,156.07368288813853
EK202310222260,126.99398850466075
EK202310167112,130.4029247300466
EK202310197671,130.81322138439336
EK202310133983,149.51181988233836
EK202310125081,144.2943399739477
EK202310165303,131.00895948001008
EK202310245022,132.26243324411672
EK202310168737,149.3485536181566
EK202310224066,144.54939156452096
EK202310112653,133.08439488985903
EK202310163794,135.58860440952972
EK202310177672,142.13710085041822
EK202310113138,115.48203218246957
EK202310198082,139.53869455538498
EK202310186324,150.82728782106705
EK202310245063,131.77269676207166
EK202310162008,137.47609049100598
EK202310187033,138.63303316899382
EK202310165002,139.27072161647976
EK202310179112,131.5536150130094
EK202310136261,137.0112277363595
EK202310107886,136.8123252923296
EK202310178081,154.5327110026723
EK202310107978,138.59206640369314
EK202310186291,165.82611719906396
EK202320006194,144.37361557779468
EK202310162147,138.01518081859848
EK202310145820,128.82929115647366
EK202310208270,136.10824585707823
EK202310244610,141.5291421912362
EK202310115965,130.80953426015978
EK202310173325,132.58793852407103
EK202310200487,141.19688378539448
EK202310151600,162.53495538692553
EK202310174873,134.24509174970203
EK202310154656,146.34477115663793
EK202310186158,160.64675010156694
EK202310159695,150.46376999028112
EK202310153171,153.84614134689926
EK202310116138,145.4762091838491
EK202310241920,120.18108919684153
EK202310172803,127.53553359002365
EK202310003408,128.35307759191946
EK202310113293,138.3444967617231
EK202310199063,138.5743076010056
EK202310151401,151.46206312650642
EK202310154601,131.4384609737102
EK202310111616,143.3263451074077
EK202310135809,145.0316625920471
EK202310123689,134.54328725138438
EK202310125344,131.94459163215302
EK202310204834,127.79974842614101
EK202310154600,131.18651139487622
EK202310171105,134.3024262793368
EK202310192374,138.53069374462376
EK202310137424,136.43907707146303
EK202310004414,124.98629280665887
EK202310157406,143.5503105585036
EK202310194870,147.8638895977304
EK202310184853,147.96503846308934
EK202310176587,147.80062515378248
EK202310211243,127.05828167947521
EK202310116843,140.53591096940897
EK202310167978,129.53113335716068
EK202310199028,143.8532880999538
EK202310178842,127.59820839329915
EK202310003563,145.89393012710005
EK202310113491,135.38639402779495
EK202310202425,138.8290636902002
EK202310156026,159.62245530227452
EK202310235868,128.97886644133197
EK202310129923,123.87231804738727
EK202310115347,148.28258692964798
EK202310136092,168.29832088965273
EK202310212411,122.87469150857149
EK202310198783,172.20130584018474
EK202310154295,136.61741914083004
EK202310132080,138.20732819996184
EK202310115510,131.45928883536072
EK202310186713,125.87969909936137
EK202310246486,122.30801569493715
EK202310220909,144.29488452947527
EK202310133930,140.37650351170947
EK202310230327,171.93446547818465
EK202310227578,144.3682990933353
EK202310147328,177.01440870131785
EK202310174500,128.30602480278318
EK202310121141,144.5658043919874
EK202310218136,158.49242796498146
EK202310187497,153.80155370264694
EK202310219497,133.37682274893692
EK202310158430,146.3951118894033
EK202310232072,142.09479244573447
EK202310161910,149.29387116350347
EK202310232257,139.03149613623023
EK202310109324,133.77444517695943
EK202310117586,138.79851028475701
EK202310145201,139.29634541544564
EK202310191458,134.27150811144088
EK202310163905,136.79775655482376
EK202310200681,140.35015386519473
EK202310190561,129.33989375471438
EK202310144363,133.23984122898
EK202310196397,148.09804697477117
EK202310168831,139.47877416284814
EK202320007357,164.81093735653351
EK202310125955,133.07754354040296
EK202310210692,139.13484750693732
EK202310202677,144.54380426848385
EK202310212296,148.18939700263303
EK202310228282,131.13571536351225
EK202310198392,153.44110995743299
EK202310189017,142.0795962994259
EK202310184070,150.04808733502983
EK202320006398,156.28313490177248
EK202310221409,165.683912532813
EK202310229971,137.14273207322478
EK202310202941,141.00350624763948
EK202310131905,134.42067972117252
EK202310112775,139.18942066597083
EK202310209245,131.58413861318283
EK202310185710,140.83616523493822
EK202310155827,129.00421781088696
EK202310158156,162.45958321538896
EK202310143080,142.70621666196934
EK202310217821,133.2218846323518
EK202310205060,138.59794584313866
EK202310152230,154.9562645862517
EK202310215647,132.71819480627548
EK202310216568,146.7190209226696
EK202310173496,140.10926334820408
EK202310132220,138.91584868179524
EK202310229606,135.82428258000735
EK202310197847,139.92008751993913
EK202310114444,133.6027121573087
EK202310212587,140.42156582098121
EK202310128678,127.18280596256652
EK202310129009,146.57940152768253
EK202310135868,141.16692674824301
EK202310004655,137.7455186560107
EK202310004666,130.07547057168017
EK202310172312,139.4898258127461
EK202310212324,134.82851029562795
EK202310234071,140.74127707243758
EK202310237714,130.10160802617943
EK202310227143,127.62089973413643
EK202310106080,150.3073372200715
EK202310115972,148.2034286368897
EK202310223416,141.58252603806548
EK202310185745,144.80980679439497
EK202310108584,146.83391562981566
EK202310244398,137.03371069723588
EK202310104476,149.40982729772688
EK202310243111,133.07401444290699
EK202310182118,145.29049860242964
EK202310231776,137.5726371881381
EK202310114793,145.43254576647823
EK202310107506,125.70447283949014
EK202310203271,147.1235896869701
EK202310206441,139.6202417300021
EK202310197006,128.35891189188087
EK202310213977,132.2018955863438
EK202310174608,150.01260501915522
EK202310126126,140.57724103254057
EK202310230545,137.95850746156006
EK202310103903,141.38484977722902
EK202310234105,159.07259519651322
EK202310165010,135.5682759914722
EK202310181940,163.95483989972405
EK202310118673,134.63210067585118
EK202310188868,151.58631119339302
EK202310170989,163.0938275621023
EK202310213961,146.9255055996298
EK202310236748,136.68207410201742
EK202310128144,141.12351620851453
EK202310131032,128.34377130647772
EK202310199927,137.55898551655218
EK202310228569,128.1709679011252
EK202310137099,149.46009582524874
EK202310216503,146.89120330872439
EK202310225348,132.48297752141815
EK202310188082,134.3819991609134
EK202310107466,138.7791615792479
EK202310119468,164.2041933839019
EK202310177435,132.3296237188253
EK202310226065,172.00457206144947
EK202310238474,140.37980393335837
EK202310178935,145.99777309944272
EK202310111288,142.89144194566433
EK202310231278,147.42140460453825
EK202310195743,152.83855195077058
EK202310177642,143.99409620470996
EK202310159731,149.71061387925496
EK202310233199,146.79972114009712
EK202310164963,135.42380767742202
EK202310108728,129.1510154675567
EK202310241516,141.2506407688303
EK202310114502,137.9593713769032
EK202310163597,133.76257877969758
EK202310194099,145.40312400136688
EK202310191390,145.0568390429349
EK202310136653,151.3825223221824
EK202310132780,157.03616942585674
EK202310192296,138.31086752312444
EK202310210820,138.02908397505902
EK202310157545,145.52116257041618
EK202310117978,135.01850621456688
EK202310128805,125.35458009888359
EK202310239206,136.4817259807069
EK202310184728,143.46199312207068
EK202310188346,137.1847268305954
EK202310115220,126.07852307712777
EK202310136091,178.1439242081176
EK202310187000,150.63476671784392
EK202310004481,145.66995571857439
EK202310142481,130.53665587891436
EK202310241665,132.66224948692295
EK202310172530,131.03909110491622
EK202310242247,147.0792966302506
EK202310201108,139.45936220640596
EK202310157151,136.952972312997
EK202310248777,131.09870068332543
EK202310234150,135.59260324431423
EK202310245991,131.05845518754478
EK202310196183,146.77880390591207
EK202310112151,150.0220416539766
EK202310240040,153.76053960336506
EK202310122111,133.57404067683154
EK202310237646,133.1170490984126
EK202310236751,139.4259415768924
EK202310110678,130.5022645168707
EK202310175472,138.92653554081704
EK202310104032,140.08977260840985
EK202310130367,129.4082895049426
EK202310218178,166.64887831885738
EK202310190059,176.11343567793833
EK202310154040,133.4699901861718
EK202310104704,134.57415899556565
EK202310234675,135.7596080633521
EK202320007076,140.98139037455994
EK202310117416,134.0537164952024
EK202310106592,144.9549265340903
EK202310218855,133.6784432788711
EK202310112951,141.85234405704912
EK202310198510,144.40560802967084
EK202310170591,131.85384554152924
EK202310171607,135.84629544609936
EK202310188047,135.67808999169588
EK202310106176,131.5198854614455
EK202310139729,151.3364088537195
EK202310188177,150.54511809550542
EK202310216551,133.06452440995815
EK202310190746,160.3053131120522
EK202310198445,158.26327426020234
EK202310167557,130.73516425515703
EK202310232345,131.40338690378243
EK202310205089,145.17529667626837
EK202310200704,139.91020678994337
EK202310168328,163.9321379420505
EK202310117660,131.92254878846995
EK202310241204,141.83567803120064
EK202310219555,135.82121023505493
EK202310108822,146.8301822817786
EK202310178261,155.7618545176194
EK202310170803,147.98801926751509
EK202310180578,142.1185243217264
EK202310183233,145.72361842793674
EK202310214067,189.66374212339093
EK202310177910,139.19647820069036
EK202310184628,160.55445215848368
EK202310236640,124.93928828496064
EK202310189443,163.35988671915118
EK202310219770,128.3975703418286
EK202310188035,145.47640083538204
EK202310110194,156.67968191334117
EK202310244334,137.85969639771074
EK202310196346,148.59189632873264
EK202310239240,134.3515321178855
EK202310190697,166.44507375397944
EK202310183845,146.80542162108534
EK202310173568,153.99307274493054
EK202310122648,135.982398821352
EK202310138573,136.90698280439057
EK202310107238,142.25301130528626
EK202310123716,138.47226475884432
EK202310222719,133.98369125993975
EK202310119574,136.81156523178913
EK202310106379,132.82549183220783
EK202310179487,161.02124852690116
EK202310204316,141.98202854814593
EK202310112072,146.21396624790108
EK202310103891,148.82856432803146
EK202310121527,139.56403741487702
EK202310147901,146.72157295142475
EK202310129747,154.221854670069
EK202310216313,132.39764288733838
EK202310138904,147.5251094836557
EK202310148441,149.50485363565312
EK202310153870,132.60213334261778
EK202310108732,128.82075395692038
EK202310180949,134.04353731204478
EK202310108710,139.88678463087155
EK202310198670,139.32192606847838
EK202310150197,168.5065456519032
EK202310213492,138.14643922758967
EK202310136448,139.50108046671656
EK202310131230,160.71263403548764
EK202310231399,139.0466309191803
EK202310121599,162.21387664100988
EK202310179738,162.03969556503966
EK202310167476,160.91986260941232
EK202310131623,148.17794043907378
EK202310140730,143.494627187095
EK202310144389,161.264445506519
EK202310245102,138.39994543886598
EK202310132691,129.6461936198121
EK202310106449,135.66467966849396
EK202310167353,127.39388121349555
EK202310236989,122.02939785406883
EK202310111119,134.51403726032873
EK202310186689,164.47158818509516
EK202310209031,145.53408010037873
EK202310139037,145.8441422148593
EK202310158574,141.51293362868287
EK202310235776,129.92499923624547
EK202310149594,151.97942670890188
EK202310106989,144.60265205209606
EK202310207828,157.47401092146512
EK202310129283,127.54656172954475
EK202310103761,141.22478841256802
EK202310117820,125.33611977541901
EK202310170386,137.79833869312824
EK202310200918,142.81944637479157
EK202310104618,127.99206118211848
EK202310211311,135.80112253912486
EK202310217151,152.8029995673104
EK202310197688,164.5750117336821
EK202310141161,120.8048182589136
EK202310200723,128.01734474849178
EK202310192613,137.6581016316374
EK202310231385,125.88606784156963
EK202310161421,130.67193532460735
EK202310185090,138.55509154628368
EK202310118323,139.57503711787916
EK202310179435,144.45935236808293
EK202310246748,169.2694153807054
EK202310203308,122.18010649678418
EK202310166549,155.182976541119
EK202310231043,142.60036837908487
EK202310144171,129.3676372327381
EK202310171076,147.69006506840142
EK202310234671,129.55925013628513
EK202310178258,146.39036198326153
EK202310123111,128.49982625889118
EK202310105273,136.1883967667308
EK202310232779,115.02065455262581
EK202310245923,134.1233231144593
EK202310232934,137.9763666304946
EK202310206444,137.65624021974037
EK202310199292,160.06829014015275
EK202310172407,134.89902164804397
EK202310110982,125.68688502821513
EK202310136670,154.2972421324029
EK202310196416,159.31522758972193
EK202310147370,149.87584286645645
EK202310203187,125.92187186092008
EK202310127574,140.47858314324566
EK202310223109,132.6567828307613
EK202310210815,128.6692293444991
EK202310132728,153.81440812444467
EK202310195728,148.21636744717446
EK202310162562,165.4208504866097
EK202310122166,140.1658660088602
EK202310133502,165.34324019087845
EK202310176748,136.48461760017335
EK202310149681,135.23749387779486
EK202310133367,151.0557835943789
EK202310233308,135.94903161534367
EK202310111956,145.6933887784762
EK202310213087,126.25870365389295
EK202310163861,137.17063655239355
EK202310183017,130.93731977708038
EK202310148049,125.97663914506637
EK202310159587,133.60180583974017
EK202310120104,143.946700294926
EK202310173791,136.96728931415768
EK202310120609,125.78423492758117
EK202310120220,141.2151249592112
EK202310164643,142.15806445944116
EK202310242480,127.09516747596912
EK202310237393,127.02715449412807
EK202310110258,126.33649252366173
EK202310203310,151.28206174586836
EK202310244388,126.26019748112908
EK202310142420,151.41438340216462
EK202310127247,152.53790958354583
EK202310245410,135.23138334202008
EK202310198231,150.51278895440308
EK202310224714,129.3276400133819
EK202310112152,139.54624712332944
EK202310219634,154.7619639361977
EK202310120507,133.5841147981969
EK202310121024,151.4226614447367
EK202310162609,154.34523453783845
EK202310198139,137.39606471529612
EK202310115733,145.8080257751818
EK202310197648,174.63064686720034
EK202310152061,142.71891530421513
EK202310246184,133.17842695993917
EK202310175646,158.03511483067916
EK202310195357,158.74797692940209
EK202310180995,151.46163220734266
EK202320007602,151.61422956300046
EK202310125780,136.29783735075742
EK202310141209,123.71973622138358
EK202310241145,163.74509781631167
EK202310214473,162.51826357305507
EK202310104412,134.57600428373433
EK202310145300,146.06294700761663
EK202310178546,128.76062211087876
EK202310222192,132.78779143328447
EK202310003791,119.03477713227912
EK202310164084,128.40662005574328
EK202310247625,134.3991034815797
EK202310179777,139.64960775785065
EK202310204086,135.49622333894212
EK202310199051,148.75969899448862
EK202310199503,138.94805650826498
EK202310124201,134.3640341586466
EK202310111462,134.2657078761604
EK202310149507,155.4361453495233
EK202310149626,138.09559864797114
EK202310196221,142.24317188806532
EK202310241259,157.9712120254623
EK202310110599,132.05617899647697
EK202310234816,138.8234029757704
EK202310179926,140.57382788400307
EK202310158821,141.89998810019537
EK202310203000,135.52665799379736
EK202310162317,129.64205727003065
EK202310125499,136.87999889227373
EK202310171521,140.80226830666516
EK202310155121,139.55963522995182
EK202310246662,149.07180461445154
EK202310222404,136.15199006942007
EK202310119271,155.36686137183412
EK202310179293,140.2303778971011
EK202310162370,134.32414759956671
EK202310185317,150.32066688889225
EK202310192836,179.6480049936672
EK202310197187,153.91467404370638
EK202310119438,128.73200641576034
EK202310154800,147.8731623195061
EK202310162887,139.36459257238656
EK202310114407,143.1222109715212
EK202310107541,159.99495133044195
EK202310165391,148.91114256190647
EK202310114222,144.83350749080398
EK202310108463,133.8488546736163
EK202310160505,134.20336989166472
EK202310175819,130.6522372406389
EK202310224211,144.1492179276118
EK202310181094,156.75333171266453
EK202310209683,147.54702197443044
EK202310144068,154.0519270161468
EK202310185016,155.43136902612278
EK202310242866,128.59088198059337
EK202310136700,128.31330704672555
EK202310129667,135.95741251668525
EK202310185490,148.64516607466336
EK202310180615,133.37408050680264
EK202310106120,137.80722272285794
EK202310139529,128.24278708981035
EK202310208712,158.6455534202678
EK202310202493,152.22822122550497
EK202310127493,147.50474511664703
EK202310185646,132.79972296715127
EK202310236048,122.41341625411373
EK202310215422,137.07544591714986
EK202310154768,149.72396667507857
EK202310156660,142.78773188294758
EK202310215522,131.5487589287208
EK202310191431,163.32060205200858
EK202310219661,142.1918281042096
EK202310111217,123.03213479703818
EK202310142283,151.0381581044301
EK202310152451,165.06367616307864
EK202310131900,139.75523065834147
EK202310118813,136.9444930240424
EK202310158474,143.6724067313208
EK202310206038,177.92302526999381
EK202310140824,134.773276525184
EK202310193053,129.07919182955283
EK202310239738,125.69429469217089
EK202310183514,157.42338789027485
EK202310228473,143.57687488000226
EK202310187727,139.93253033737315
EK202310208678,132.85470847105583
EK202310151445,139.35001348687547
EK202310129744,140.28387587260283
EK202310242221,143.05437313833548
EK202310140908,133.19514098161682
EK202310213034,141.76004805637984
EK202310162066,142.3484869485676
EK202310166091,136.39906757081098
EK202310168349,133.35323597655
EK202310204830,143.4193767431487
EK202310119237,126.47460421483456
EK202310177687,138.72484378302786
EK202310194046,133.85062819643133
EK202310120099,130.1071203594116
EK202310139982,174.31006835047774
EK202310172126,132.60625290186078
EK202310225892,130.38642885295997
EK202310204605,139.85943269106755
EK202310166382,152.39105756579178
EK202310164816,147.93040991842847
EK202310118373,123.84431424520348
EK202310141696,145.23062433761714
EK202310229964,129.55229262080252
EK202310127949,132.77654536795185
EK202310239375,171.92087863710333
EK202310173625,141.98620607997125
EK202310141849,161.12205275702024
EK202310115485,133.5558866955691
EK202310129234,156.22946405530752
EK202310105793,139.52806187546693
EK202310158046,141.19525077269356
EK202310192078,145.82296373320804
EK202310211785,138.62574354755097
EK202310194018,158.1026239754536
EK202310223067,137.6896749924315
EK202310131851,161.97509690296135
EK202310146819,131.58651557861592
EK202310240643,153.87264204932222
EK202310156305,131.39790100166837
EK202310207011,132.02265630627232
EK202310225288,130.90683878149213
EK202310246090,153.54615346360816
EK202310159743,142.11158607733753
EK202310160951,155.73378191789865
EK202310164394,149.6998639737764
EK202310172687,129.20740054255128
EK202310157664,139.82846559364066
EK202310186799,144.05532269771723
EK202310177813,148.07295214814891
EK202310135564,142.7434401144992
EK202310109869,137.98788169421542
EK202310232529,132.42501776021265
EK202310190796,136.33902259802778
EK202310157371,143.5133094777139
EK202310248440,128.98401415449484
EK202310236433,136.9001331488555
EK202310155362,145.6546442141995
EK202310178291,145.81383090206253
EK202310236912,143.16506081120804
EK202310104076,118.68885976512897
EK202310192380,129.6914041720817
EK202310138804,144.09159820822174
EK202310151241,141.29301812025125
EK202310199540,138.76057863748423
EK202310173988,124.88477810167866
EK202310173002,129.84979940110824
EK202310243625,144.1836345790054
EK202310193531,140.13696834954143
EK202310114242,136.07002508316677
EK202310138736,133.65931515532688
EK202310190347,138.4285592797769
EK202310236408,136.1015720155243
EK202310120734,157.00334765058167
EK202310199091,148.1320869514125
EK202310163422,131.79446151317362
EK202310204728,137.15781955279812
EK202310130979,153.77545484946023
EK202310183928,133.15601573980695
EK202310149172,147.48458472444145
EK202310112222,143.41625470853717
EK202310135593,168.79687177779863
EK202310116248,127.59438433933008
EK202310139060,156.819537719293
EK202310119677,155.34366576986037
EK202310158107,127.62853098110826
EK202310132346,154.01378439358038
EK202310134894,147.96080129454012
EK202310136486,138.2842107962322
EK202310129929,167.8699003249327
EK202310105561,132.65530760657043
EK202310154663,134.557989043238
EK202310170691,159.1693922833507
EK202310129385,148.60357542780517
EK202310201900,143.64664062193634
EK202310167771,140.13593231384587
EK202310157806,144.7960033339922
EK202310149813,182.48737032360805
EK202310176321,140.84740957977556
EK202310114996,144.66975187374834
EK202310190897,140.8645782663814
EK202310166461,128.27291440066446
EK202310137821,128.96042512269432
EK202310112150,134.59885533653056
EK202310192173,146.36678784040538
EK202310173654,145.6626694787891
EK202310220329,138.6139021453013
EK202310202774,159.11031767803587
EK202310150939,137.54585231872593
EK202310155941,145.444028905668
EK202310185382,161.140474447028
EK202310237219,140.751341279972
EK202310244185,129.68400819157256
EK202310221987,129.15004364890905
EK202310193216,137.42718610093422
EK202310145019,136.51481834634487
EK202310193312,146.97807010151317
EK202310121038,148.2786334499692
EK202310210609,143.5705987654794
EK202310198874,152.48202968164023
EK202310144516,150.2995616095672
EK202310110453,137.7434116270496
EK202310135805,138.32960579380537
EK202310128896,130.53938305075766
EK202310183544,142.79700485125298
EK202310181264,143.04259932704628
EK202310204958,152.77662091472988
EK202310168271,135.23248112548836
EK202310219179,124.14340752073254
EK202310224962,141.00154624269734
EK202310210604,138.91717706642652
EK202310159739,164.9393287254843
EK202310132707,133.04977900517918
EK202310105567,141.84372421289473
EK202310226814,149.37864016226425
EK202310217907,132.6124421324555
EK202310199396,139.13895704837608
EK202310105066,149.31153597308307
EK202310200675,128.9053432455289
EK202310237294,142.08536418519785
EK202310157377,128.78349148220698
EK202310229136,136.8479627698406
EK202310186430,135.60775710967815
EK202310163802,125.96131898458596
EK202310142202,153.24640650026583
EK202310195256,136.473373826508
EK202310004248,144.03829670308204
EK202310195944,142.08458670539707
EK202310152129,143.07574570338224
EK202310235567,151.47758031667504
EK202310239108,168.02197140197453
EK202320007089,143.35290000433292
EK202310188372,157.40950926473224
EK202310177026,131.15215397991477
EK202310130893,131.53126020168494
EK202310145973,122.64327971088794
EK202310168876,129.29529959578366
EK202320005981,166.91668057707702
EK202310158643,137.3146396896862
EK202310186188,145.86840474036495
EK202310134495,120.28463281193477
EK202310247686,149.16849348473374
EK202310150624,137.23246047909691
EK202310205684,124.51138413523104
EK202310130971,146.9487150915994
EK202310109938,156.55113769897423
EK202310157726,139.9960533787781
EK202310217250,144.4241365957325
EK202310232228,131.38921663564687
EK202310212931,134.61147148835377
EK202310224251,138.95791187317755
EK202310177088,134.4598490703239
EK202310178114,123.67284834271862
EK202310133902,150.66077942204947
EK202310243447,136.84469992087563
EK202310203833,147.14180340577263
EK202310205106,157.6529387041612
EK202310244839,152.45650643578423
EK202310153612,163.8999793107447
EK202310168129,126.91473451058147
EK202310210315,126.77260190348774
EK202310221450,131.57823346828096
EK202310229011,119.52731064351728
EK202310109445,133.67859633939133
EK202310172449,128.24171811326775
EK202310173624,144.746363310962
EK202320007778,142.29258564625252
EK202310191821,129.74875895932868
EK202310163402,152.82152059578456
EK202310198726,177.92299767166688
EK202310235035,129.26545882077252
EK202310190400,121.70193098967846
EK202310223143,133.47579983564728
EK202310134393,159.54667371449628
EK202310190107,152.05289391343786
EK202310199104,133.93224051003557
EK202310198171,135.57919801764976
EK202310126236,143.8129360822882
EK202310110975,128.45630032428286
EK202310163529,128.16220398797088
EK202310208517,123.44062259722746
EK202310229161,116.35367479430184
EK202310224145,142.47590595509672
EK202310245526,148.3121957092357
EK202310105925,136.46579166259576
EK202310241775,128.50526560986333
EK202310131256,137.01116347845218
EK202310167720,129.96187133506473
EK202310128585,139.40566353282009
EK202310171250,142.2772804118256
EK202310136309,143.40783336878215
EK202310159794,135.15240607020405
EK202310147802,170.7199932163223
EK202310217371,143.70914331481265
EK202310142272,130.99824182607142
EK202310192020,141.54503500489037
EK202310121935,138.85202237819905
EK202320007881,165.73840031172068
EK202310144741,138.92015529127315
EK202310237080,150.7502466989123
EK202310121787,124.14175319918029
EK202310157606,126.60513522743449
EK202310171437,162.96355923134692
EK202310108122,142.5194093046697
EK202310151362,126.27690492218173
EK202310115777,139.27612717832577
EK202310239193,144.83667947324898
EK202310233042,134.80678948661853
EK202310202833,170.81563178579066
EK202310113174,150.17315510150416
EK202310167499,139.77324106935762
EK202310126289,138.32454408786276
EK202310129491,134.76366334991508
EK202320005784,151.52119074489542
EK202310170372,133.08502093446256
EK202310213906,137.53151421760884
EK202310199476,141.6315822793944
EK202310247011,143.38667233291642
EK202310195117,157.47638535842006
EK202310120294,149.19397489479144
EK202320007259,158.66243592074198
EK202310188597,141.01663000305427
EK202310165978,142.21991483253592
EK202310115867,129.94255962897645
EK202310193317,162.7969333566693
EK202310203873,132.18146240245883
EK202310205284,132.94202830280864
EK202310111575,122.64208685762702
EK202310225817,131.23459900880093
EK202310231254,127.59514783168645
EK202310183664,156.00396370009625
EK202310104179,131.68490007263492
EK202310230497,133.61486307187258
EK202310193284,136.42853658578954
EK202310147738,146.5799745167649
EK202310241264,162.2677745756762
EK202310199094,146.97174302715763
EK202310128153,151.8861287402217
EK202310177426,140.49572955774426
EK202310106407,144.1727819578597
EK202310224168,166.32586473115614
EK202310182894,135.84502096528536
EK202310196624,160.9152189318499
EK202310174799,142.21910490202103
EK202310244287,145.00894404294533
EK202310158225,139.67840741823392
EK202310158700,174.42941586675042
EK202310194647,130.18833792106003
EK202310176945,136.85647197619033
EK202310242585,127.12410212676687
EK202310168424,147.3933320768783
EK202310155163,151.06512634410385
EK202310124200,128.6457101473125
EK202310167074,150.5313193636648
EK202310227610,174.41349745918174
EK202310172440,161.6007704612863
EK202310224828,127.41877948749679
EK202310125087,135.59894802483961
EK202310172624,137.18568253998345
EK202310212981,135.43739063283806
EK202310212038,130.32540559109708
EK202310181888,140.80267924940873
EK202310151373,148.732544354117
EK202310151400,168.28154914983537
EK202310129480,143.01042403608025
EK202310105531,143.95133041170854
EK202310168802,144.7750960473803
EK202310143364,147.18480311691906
EK202310124872,133.80777717713585
EK202310204355,137.56222241475172
EK202310151111,164.78126304339642
EK202310208992,130.14509302123986
EK202310214546,144.9087282688248
EK202310149411,127.88525969956181
EK202310142260,136.0506671162967
EK202310164059,136.64759188305968
EK202310109215,145.01276726412672
EK202310199582,145.95707987385615
EK202310127468,127.59727700587668
EK202310142858,139.71617864421145
EK202310203332,157.98251449441398
EK202310158565,145.350350006235
EK202310172619,146.1807888421976
EK202310107206,135.64424835383417
EK202310211213,126.1152948840452
EK202310172337,133.328984843667
EK202310220668,129.11541593125415
EK202310153800,148.05332350907122
EK202310211090,123.37036957969492
EK202310189907,145.9805903176568
EK202310187277,123.46110878899825
EK202310196375,136.2643362117891
EK202310133091,143.73752945527465
EK202310126566,132.89409548713866
EK202310157696,136.67243297971805
EK202310170462,130.43067658932193
EK202310187255,154.53818986562632
EK202310123459,138.35300445927712
EK202310145959,140.23560273136187
EK202310220363,140.41378257259788
EK202310139815,126.32063312606059
EK202310181913,139.16190157339105
EK202310109098,136.7082134357039
EK202310132727,164.90445900950957
EK202310122252,136.46530219646516
EK202310167093,169.2761152812598
EK202310139661,134.1949030530282
EK202310174818,176.17369309139482
EK202310166691,136.65085120330883
EK202310003691,151.86280761489002
EK202310237525,134.73596608873646
EK202310117373,132.0928890655516
EK202310179546,138.61251162803984
EK202310126077,137.6464385367733
EK202310184499,174.1060631142475
EK202310186109,155.87107984572168
EK202310106103,153.13342064815572
EK202310112500,142.37215461639744
EK202310133741,146.8472481940691
EK202310109783,137.55675955693874
EK202310117249,135.4550885468013
EK202310203878,137.92942787805794
EK202310196452,137.3993452457824
EK202310181760,160.06595915418507
EK202310112276,140.54445317247254
EK202310190428,139.26863062573676
EK202310217583,165.69833602904518
EK202320005844,141.54002306289632
EK202310206265,144.53212716664302
EK202310221855,134.92698492822046
EK202310152502,146.09850222443103
EK202310119997,137.73732455930593
EK202310234516,129.4349806531057
EK202310109706,165.1013842874931
EK202310148105,131.231657966807
EK202310154560,124.27171288427672
EK202310236829,128.49609437916814
EK202310167010,143.37923190818717
EK202310240372,150.17353254991232
EK202310129679,152.96174354034653
EK202310213367,133.54214547701457
EK202310198361,138.97472112040975
EK202310154494,125.58116486968798
EK202310247393,161.30140542041306
EK202310233217,128.6176135893177
EK202310147827,160.06908823971384
EK202310115117,160.5742219718847
EK202310148420,139.5914202057089
EK202310190832,152.7981607287595
EK202310134924,131.7858035576601
EK202310188986,154.47554269958601
EK202310129065,160.52230975757314
EK202310191867,130.71625805845218
EK202310134983,152.19807749952952
EK202310113731,144.8951478447235
EK202310201726,133.28205855777392
EK202310230201,161.62873518763487
EK202310168525,143.94006288570012
EK202310244486,120.23252508219058
EK202310189155,168.1783680960397
EK202310140440,134.50976827817564
EK202310106749,126.07179878611223
EK202310179762,146.8323990055122
EK202310129836,141.58469719264824
EK202310220701,142.09586206260298
EK202310186360,134.73120757206374
EK202310109349,166.01725262474463
EK202310201338,147.55934110711888
EK202310212253,129.76322407480484
EK202310155921,157.1871627287197
EK202310205532,162.8798148544993
EK202310128471,151.50835469682815
EK202310201094,133.25363389026575
EK202310190383,134.58053495964435
EK202310110189,119.78358560288173
EK202310147602,138.86820806727437
EK202310198097,129.23516795524418
EK202310216064,130.21246244554604
EK202310211013,147.78525439697148
EK202310160719,159.4841285518001
EK202310176494,139.50882649859327
EK202310145249,159.3184634262981
EK202310235596,134.60892044252836
EK202310110412,129.43026924542127
EK202310200832,146.5064226803653
EK202310204509,145.99102886189135
EK202310149049,158.99800251949782
EK202310183661,160.9553566863744
EK202310216447,129.14035464236662
EK202310200320,157.94620990279884
EK202310161067,136.956637439264
EK202310207130,138.04527303346322
EK202310145591,159.2557792818919
EK202310127977,136.94364422028514
EK202310161518,167.20257141885315
EK202310138156,123.69463360115968
EK202310244709,140.90772889086205
EK202310142566,137.40688819216777
EK202310124071,134.2383712637423
EK202310152858,168.83714882107915
EK202310190782,142.6693536295184
EK202310167544,131.08968762102285
EK202310192845,143.05397533407674
EK202310160817,133.83057684132558
EK202310196420,152.09844082171784
EK202310004827,150.46796989141998
EK202310227825,140.61970982444333
EK202310194467,144.81342081399436
EK202310113608,152.3077474616647
EK202310103781,128.53951834170525
EK202310221275,146.0852909999063
EK202310169673,136.64426020387072
EK202310190005,142.4080874258795
EK202310188898,149.74251302007252
EK202310183079,161.46405677400907
EK202310166912,142.91403008383062
EK202310142437,157.7625221162529
EK202310212298,141.5643543296021
EK202310109551,132.7991293617789
EK202310222094,138.1172226571878
EK202310202049,160.94014698900526
EK202310212471,140.66407978883313
EK202310187583,154.6978480415946
EK202310188837,135.93407923627157
EK202310220895,137.7237789420876
EK202310108270,148.16582568091124
EK202310186872,148.72432293801376
EK202310156937,149.08384052562664
EK202310242846,145.51794134110625
EK202310186481,133.92934145398823
EK202310221455,131.62679551181878
EK202310180574,136.55947327428302
EK202310168049,143.90020009984528
EK202310133898,152.4288438746768
EK202310168746,146.09646154183133
EK202310212474,133.8909265215128
EK202310161742,123.50279278624923
EK202310181202,155.18215083949298
EK202310200036,127.70466003591335
EK202310184172,152.28953079724047
EK202310239220,133.1934713434591
EK202310165958,128.14667884294425
EK202310212102,140.1554027739677
EK202310218823,167.30142119265582
EK202310151307,129.063991583726
EK202310204250,167.70768780118573
EK202310183865,154.16543891261804
EK202310149510,154.57573641996845
EK202320006769,157.30572118271866
EK202310227796,137.97476746288413
EK202310248710,134.9398563969044
EK202310198205,132.32727316654274
EK202310135989,126.69555419044413
EK202310124456,133.02777909245822
EK202310221007,125.30453262936052
EK202310126207,141.91936716265258
EK202310181795,155.45848211993123
EK202310168767,144.21993604699972
EK202310119332,126.01510518482362
EK202310135427,141.2680979628092
EK202310206685,137.3203050093899
EK202310241653,127.11028646832852
EK202310196379,134.78116381914685
EK202310120248,149.6702043183842
EK202310172212,150.60180671036375
EK202310181585,150.77545968188355
EK202320006780,165.0979767514233
EK202310133161,125.89360004379834
EK202310109841,141.4353335009644
EK202310152371,168.96779283673618
EK202310125316,129.37686556748096
EK202310127854,135.7434942978913
EK202310208551,144.47467072724618
EK202310172019,126.63804878092152
EK202320005655,149.82861586412318
EK202310117833,128.4475337930778
EK202310110950,128.98737257217854
EK202310244018,132.6136595805221
EK202310234592,130.75518852948034
EK202310136966,123.40396347679474
EK202310185914,144.59803040196337
EK202310236175,128.1106462516591
EK202310187917,141.98509299705418
EK202310004461,143.27516344126371
EK202310131974,155.42200252678148
EK202310184967,141.77235617403954
EK202310185067,142.87183336825242
EK202310236069,136.29603254751123
EK202310186869,135.61848146986236
EK202310149914,141.34298653692974
EK202310154439,130.71429649524097
EK202310117130,130.49073364763478
EK202310192819,145.2581006622096
EK202310158666,154.33808440059133
EK202310197005,125.87120648764078
EK202310203581,133.40944001408872
EK202310178102,130.76978755717008
EK202310224457,141.26030308162112
EK202310118618,138.098422077762
EK202310185500,144.49481997243274
EK202310213431,136.46909157566265
EK202310201151,157.73252447258625
EK202310228224,132.0739539320581
EK202310148041,151.29515521657783
EK202310178742,154.9577417931076
EK202310227550,135.53770627102588
EK202310119869,135.9257584412717
EK202310146474,137.2171363026734
EK202310123299,133.45272001049113
EK202310187842,137.95185857501923
EK202310155425,136.1440646211196
EK202310210739,137.9978969480495
EK202310177302,144.2529170342487
EK202310202123,151.8515109466318
EK202310104749,145.99723712492482
EK202310185079,131.60863952409713
EK202310132781,129.3671817450884
EK202310193932,137.10519481496038
EK202310189612,124.19090079947814
EK202310201902,153.29441704070646
EK202310208534,160.940857576962
EK202310189130,145.0852417244228
EK202310215684,128.8978490019709
EK202310160446,146.44691339515992
EK202310133958,155.65109011272185
EK202310176688,159.23360316760815
EK202310211793,127.14107942104441
EK202310210111,131.25091483935716
EK202310232666,127.31494124628176
EK202310128743,137.42925400944821
EK202310130719,123.311597539116
EK202310004334,146.72902801248281
EK202310126855,138.15131581005105
EK202310152426,145.75317943996748
EK202310188746,135.5448812104296
EK202310236429,133.4401257745924
EK202310170500,138.23382327030814
EK202310124582,136.86428282471024
EK202310181729,164.88119179121048
EK202310224787,131.45243460959077
EK202310108930,147.35569082942823
EK202310104434,125.74781989367291
EK202310115530,131.70915897842272
EK202310184629,162.03270775657617
EK202310217615,126.52442591625064
EK202310228010,119.70446991880472
EK202310199351,157.77826274930663
EK202310231067,143.60031485565904
EK202310215633,145.15848654213528
EK202310142323,164.83108551348502
EK202310244740,134.77189104977174
EK202310173913,151.27819946397696
EK202310218786,129.70523884342865
EK202310215448,135.15293996615588
EK202310114357,143.97034719787754
EK202310197601,147.16797660839998
EK202310247322,139.4346149038459
EK202310231270,144.12915798692993
EK202310142374,127.29845457482747
EK202310117138,129.20734509024763
EK202310176849,133.50869757781453
EK202310109114,149.7907074095957
EK202310182696,161.6254908822302
EK202310135900,139.4151944438652
EK202310123905,144.2767784070553
EK202310130761,135.39857490437538
EK202310122276,136.1437060211962
EK202310121513,160.94245389547612
EK202310168032,166.56016146706415
EK202310213827,140.0477084476624
EK202310115189,128.0648759725632
EK202310138716,136.79727947458164
EK202310246376,142.07479373534923
EK202310227795,136.06489232547096
EK202310138696,142.01800560707534
EK202310194234,124.39406484270161
EK202310184761,156.25865610093285
EK202310162543,155.25187175439552
EK202310236480,132.02142220115175
EK202310209507,123.99701731786888
EK202310136499,145.91614285577785
EK202310204660,130.92240799602038
EK202310111522,150.04786459131938
EK202310105606,125.9747752459918
EK202320007453,141.66374593066973
EK202310232384,130.73705996620353
EK202310206748,136.05919727678025
EK202310241912,167.5362540437509
EK202310124064,135.06528503628502
EK202310122759,143.3518248665307
EK202310190369,172.26008399835942
EK202310186879,145.87020252965246
EK202310149694,127.88534009174967
EK202310223534,135.20122676405236
EK202310159550,130.7604517936899
EK202310221243,138.29645218541805
EK202310244635,140.1297089897235
EK202310198162,119.90357640093944
EK202310125552,132.1202891343753
EK202310132850,129.11682773554267
EK202320005964,161.3358454720819
EK202310126781,162.19798746903533
EK202310147128,146.13692839214391
EK202310226818,139.83732269963508
EK202310124338,142.49453899858437
EK202310225790,129.88588238907795
EK202310144382,145.05389059490423
EK202310160141,153.99026339412825
EK202310177663,141.52816998865495
EK202310231419,133.47501594944487
EK202310141307,138.59911997500356
EK202310119017,160.7559721264138
EK202310219691,123.99617070027918
EK202310114034,128.61336704417238
EK202310207177,148.77680915776853
EK202310120353,136.41065701329512
EK202310003709,125.03717091272212
EK202310208102,165.74352225341605
EK202310117194,144.1963649688827
EK202310160414,145.27773977126787
EK202310128750,128.71459488913422
EK202310236926,158.77788809782874
EK202310230067,139.31847192769402
EK202310209445,129.0561869865787
EK202310237314,141.42751516944534
EK202310232234,124.14180389833415
EK202310150354,145.7381633583963
EK202310196951,154.59472797413036
EK202310194465,146.40573683548763
EK202310193016,158.18764536199308
EK202310151083,128.78549603225702
EK202310184367,136.41498093579278
EK202310112469,160.07405976286998
EK202310192489,129.0518703418125
EK202310224546,127.06324150932836
EK202310247421,162.50014633716813
EK202310194417,138.27299537977257
EK202310121339,127.54184149169927
EK202310190360,138.8711917732391
EK202310226836,153.44032359666576
EK202310168945,151.24766923405872
EK202310227078,136.12937555126854
EK202310232895,124.35420535441611
EK202310230495,138.0332216939485
EK202310246097,138.77381309551163
EK202310202842,129.02825736050957
EK202310220262,126.43470941169045
EK202310134200,138.73681198916688
EK202310203601,155.32979263577366
EK202310190558,131.1621389617713
EK202310232949,122.83674958915735
EK202310195423,143.065247771009
EK202310164136,145.08051074791217
EK202310111473,149.7090079789674
EK202310194752,149.1349933930368
EK202310139201,154.72296249905105
EK202310215712,134.7764306435321
EK202310126580,141.61055176506025
EK202310143206,152.9576182839614
EK202310222539,131.58980372400325
EK202310239797,126.81459084339424
EK202310157767,141.55472638058254
EK202310237925,135.9282495685393
EK202310227346,134.05399597705616
EK202310222227,151.66602848409767
EK202310231460,132.03278149982407
EK202310105762,148.01143947765286
EK202310149701,145.1137603976133
EK202310231185,135.04191733091565
EK202310187011,140.69429042085508
EK202310188048,143.0520897298401
EK202310147979,159.44939918639025
EK202310136963,158.49944163923277
EK202310223233,139.60480208039186
EK202310147717,136.3541804007832
EK202310235875,137.8323969527168
EK202310146872,134.24586201898228
EK202310114622,141.75330177399997
EK202310127235,137.78249565564505
EK202310170129,129.3704363925621
EK202310174462,152.995377255193
EK202310239145,141.79693712920692
EK202310103947,141.25612611865316
EK202310118725,160.49791520037542
EK202310181241,140.5169771846781
EK202310215016,160.0972083109354
EK202310197863,138.4554938049225
EK202310162387,131.50710067859902
EK202310108126,140.61712870910586
EK202310207445,157.6345267059708
EK202310003781,137.91701537308325
EK202310153594,131.02052190672507
EK202310234731,136.54514927029618
EK202310112047,140.96983665440808
EK202310246932,152.16068968235635
EK202310218014,128.1005435367016
EK202310159032,136.52234106208712
EK202310108938,139.75368697212528
EK202310126068,132.84960333567662
EK202310146294,140.74937476112763
EK202310197490,142.13361259836236
EK202310235805,172.48649239343257
EK202310244213,128.38515431447425
EK202310169974,136.22241889678048
EK202310180762,146.5503736757069
EK202310117588,135.80955258615597
EK202310146489,142.14758259672385
EK202310242008,128.84910561051464
EK202310175256,148.53703081662232
EK202310183438,145.62894311264137
EK202310216482,152.71463310240745
EK202310150432,140.32323298941688
EK202310224664,136.86020216832762
EK202310182573,159.5538731735035
EK202310227828,146.5765414411436
EK202310183759,158.44432587508183
EK202310168521,147.3755216036661
EK202310183715,134.36230792663144
EK202310142868,135.84664662646304
EK202310202199,146.18109233973632
EK202310167759,132.81061555898265
EK202310229275,130.93680235083067
EK202310229628,139.03782648388736
EK202310190352,139.71039879378526
EK202310234142,141.5875866219137
EK202310141693,136.10552551431874
EK202310133997,130.40819701644807
EK202310180676,133.53576265687866
EK202310127990,144.9168137294481
EK202310194053,152.58844475870558
EK202310240865,142.2345076669948
EK202310238191,137.49018600123122
EK202310218152,150.60941174107882
EK202310192642,134.52212597873765
EK202310113518,138.64966670700701
EK202310177048,144.46835214705536
EK202310003870,131.86225760313195
EK202310184101,138.3586627217671
EK202310123625,140.07173610590925
EK202310105534,133.77986036287447
EK202310130598,138.9679055857021
EK202310183150,149.16192935229193
EK202310223939,140.75084111670364
EK202310151237,146.66794784326635
EK202310150186,132.30121738397654
EK202310119286,150.13482528724398
EK202310147962,136.35046507649582
EK202310195618,148.38624753074595
EK202310146717,138.32783731400363
EK202310226225,130.15176691113496
EK202310108305,142.7033449614169
EK202310132381,129.49321174262894
EK202310130474,136.41621526553516
EK202310123530,130.9494474045691
EK202310207610,163.32447817824033
EK202310142942,137.85134348782555
EK202310181486,158.54319604471632
EK202310227391,133.0676233645821
EK202310219674,142.169662454664
EK202310231118,129.64874768089305
EK202310156122,139.13661928630017
EK202310168356,143.17190198708403
EK202310152965,152.47726703391146
EK202310240478,158.5492854296076
EK202310220260,137.65440726556648
EK202310166323,141.0289044762212
EK202310130108,153.41942049979167
EK202310139786,141.39779530081523
EK202310163761,136.55641099301732
EK202310221197,144.362033774286
EK202310194216,150.79823983482405
EK202310209659,134.43166534284887
EK202310214603,166.19477667338313
EK202310108794,146.6127256478776
EK202310152434,163.70924698135659
EK202310134754,134.95771845784074
EK202310236812,141.41086196834422
EK202310167567,138.757018534052
EK202310203493,146.18246288818852
EK202310175040,136.70411671863158
EK202310205734,156.5371134296667
EK202310104881,143.15550959077643
EK202310188034,144.48213284691275
EK202320007581,154.43060891391647
EK202310004300,136.467299548202
EK202310126491,136.94052577210238
EK202310236882,135.34049836975888
EK202310151164,136.24929590524877
EK202310106280,147.74857894908882
EK202310163693,143.88572920558505
EK202310168683,137.86975835906756
EK202310189719,178.7998814341299
EK202310233687,135.24734190566153
EK202310201579,157.87351580885615
EK202310202351,131.3807878311326
EK202310180846,155.56595337535012
EK202310170131,138.75348588781637
EK202310113992,139.67588866278737
EK202310225909,143.88430401133687
EK202310118201,142.40517766700512
EK202310184100,158.6248316237172
EK202310169994,138.21275701018013
EK202310186322,136.28384421757087
EK202310187689,132.32097598302457
EK202310241609,122.40462986232461
EK202310112492,123.13930455051336
EK202310216335,133.54786281716565
EK202310207022,159.639860242014
EK202310125948,136.06799596740547
EK202310127865,138.24303078999367
EK202310174681,135.86572445083993
EK202310233071,148.146377464888
EK202310193133,154.27834565235324
EK202310132000,133.54794240911372
EK202310103983,150.2721610115491
EK202310191233,163.0292870424851
EK202310231154,134.1621877169148
EK202310116716,135.46037180457216
EK202310179545,132.61510278894224
EK202310206643,125.74240009034898
EK202310134367,173.1621735388966
EK202310176122,153.77760878959074
EK202310214013,140.79644247127152
EK202310134741,140.33515022553104
EK202310174213,138.97634422779512
EK202310141096,158.02514833242637
EK202310206920,159.70364235836328
EK202310194809,167.5924504389212
EK202310202514,134.1493235047876
EK202310110026,142.60359799221314
EK202310104374,134.20504095578082
EK202310120332,134.11383060397395
EK202310157554,141.40839714020115
EK202310204383,126.80930269651203
EK202310208398,128.18439714511476
EK202310118265,143.72523338936907
EK202310231010,124.48619099307004
EK202310213437,129.16101125622248
EK202310146583,133.74349200624
EK202310195386,148.52099089570427
EK202310228443,136.9537580709173
EK202310123135,145.07753248588148
EK202310142556,144.0368581748355
EK202310245462,132.9265112918421
EK202310234824,130.95710422738716
EK202310197141,141.98843834072753
EK202310229145,142.76510735566995
EK202310209147,132.28766542889207
EK202310214152,160.17858818987543
EK202310164947,142.46315076456176
EK202310222842,136.19498785333911
EK202310211770,130.43482124614314
EK202310004960,132.67509859341368
EK202310239260,127.16032524931732
EK202310115431,146.1912540889271
EK202310202893,126.94022488360503
EK202310205187,131.99870752292517
EK202310202065,155.053263627812
EK202310127001,133.0922984176482
EK202310181721,172.50796986249566
EK202310161325,149.44311653826907
EK202310140540,159.017976994255
EK202310167097,162.09499202895884
EK202310140718,145.3169954167801
EK202310149480,133.01852858314996
EK202310183531,142.06818082955468
EK202310148864,144.1666355723134
EK202310003701,149.74779298937779
EK202310144900,137.13783700387162
EK202310144750,155.143010061229
EK202310162709,132.19343939316718
EK202310186895,135.4018417739559
EK202310226408,142.1840678858295
EK202320007110,155.1791233229461
EK202310162496,161.0912229539015
EK202310212196,139.15485430406542
EK202310239361,132.553289910583
EK202310125997,131.86973717657565
EK202310246168,139.4367044142346
EK202310193381,155.82300226645867
EK202310190604,129.16175756365544
EK202310111954,144.08260364307955
EK202310176791,143.04548843388983
EK202310141476,139.7825155550257
EK202310221421,160.86797524195885
EK202310129409,144.68404734757368
EK202310122129,132.69805950347825
EK202310149924,173.05842501633813
EK202310179998,149.48118103091755
EK202310195558,157.1809690763182
EK202310112050,142.69859819851027
EK202310136298,160.96135354642252
EK202310146636,143.44725838053716
EK202310239762,147.28747979714134
EK202310200996,142.0225603711645
EK202310223066,134.83129626520244
EK202310167187,134.2365983618723
EK202310124533,155.14454167807202
EK202310143956,161.09954897075733
EK202310178323,138.79483293985314
EK202310224950,158.6324693858594
EK202310179276,137.86308458669848
EK202310246017,142.67728664647336
EK202320006428,164.03966306703248
EK202310241114,123.86816272307456
EK202310217472,137.5568493906344
EK202310162260,145.50415980413567
EK202310240436,136.04529136987807
EK202310198123,141.08551858961076
EK202310156200,129.3730068924221
EK202310141977,161.91195608371345
EK202310223019,134.33641137177355
EK202310193508,146.99206374361748
EK202310222293,145.4012166980088
EK202310156492,164.53070621223105
EK202310180531,131.61426347207404
EK202310225433,131.10333845913453
EK202310127891,118.9792544995989
EK202310228056,132.08082399974492
EK202310106710,145.1296486905539
EK202310183113,132.73787183610426
EK202310180843,142.31098323687618
EK202310204705,135.35507280525133
EK202310140212,150.89328758319087
EK202310179669,142.11444308569466
EK202310212869,137.14325353645015
EK202310203115,150.660838770698
EK202310131490,148.79438474039435
EK202310109872,141.65890388919797
EK202310150034,171.21750442517973
EK202310174047,134.25379391582
EK202310247649,144.85681222593155
EK202310217502,158.55547566736047
EK202310133755,134.08342704234417
EK202310169961,140.5228776643297
EK202310188670,150.9788358561782
EK202310238912,153.00403318313278
EK202310113770,152.5825133452924
EK202310146729,117.11117240289713
EK202310185503,158.3884010276869
EK202310245764,131.25930894763283
EK202310242449,136.9572918084834
EK202310206998,130.25814779773955
EK202310215872,138.3229266257922
EK202310130322,160.48720637136586
EK202310107786,166.30710133356482
EK202310201622,143.20878098341686
EK202310125291,139.81463032622898
EK202320007483,159.42809863851033
EK202310232956,136.24603584640946
EK202310134707,158.94447663891802
EK202320007480,169.20589072847605
EK202310203884,133.37110034991667
EK202310209390,132.97500465546074
EK202310105328,138.1531043605935
EK202310144128,133.33685046418344
EK202310115260,156.60534882112393
EK202310136404,132.00891791269444
EK202310200686,158.2563869102241
EK202310149205,124.92607561842624
EK202310224673,133.02321491127694
EK202310233927,138.3374486917668
EK202310231452,120.72423760820443
EK202310147484,146.26910496956785
EK202310227688,132.12432941952062
EK202310119870,149.77877899024722
EK202310230862,126.27319761701159
EK202310124325,134.199560107942
EK202310174689,136.8409856627586
EK202310241097,131.15513468906815
EK202310201197,159.71174180898888
EK202310133296,159.7363441782066
EK202310233451,148.64227341470436
EK202310135940,125.36866628876277
EK202310107985,148.47234171235905
EK202310157602,137.6339785565419
EK202310139763,132.03667242051196
EK202310238145,153.0980490499811
EK202310168639,159.33338082599266
EK202310219394,163.35944387105147
EK202310216358,120.69506402119467
EK202310127032,134.39850206091387
EK202310148206,146.48066475275886
EK202310227757,146.03104187898455
EK202310112688,142.0238689898087
EK202310214245,154.49128455086688
EK202310124215,131.13384901162794
EK202310132325,135.9426086305142
EK202310245630,137.52738626479737
EK202310159135,114.00016912101951
EK202310153895,135.5040638673797
EK202310211988,137.41074488029818
EK202310185598,136.83098726896458
EK202310192392,137.924020423584
EK202310242881,150.64030242139953
EK202310153163,150.59249283921878
EK202310179601,145.8755658832065
EK202310241826,161.62806214234192
EK202310125720,135.64848784808342
EK202310106591,158.72684421958436
EK202310162420,137.66307600337925
EK202310133893,137.66402073993962
EK202310168619,157.15768294394223
EK202310142512,155.49804426700774
EK202310197943,133.41754503147888
EK202310176141,148.52678131304188
EK202310149618,137.78512914659777
EK202310226109,137.57143781623898
EK202310122228,141.27958141927638
EK202310176047,176.1944192081676
EK202310198997,145.96005850185236
EK202310232656,133.52857204575065
EK202310182446,142.29970676811075
EK202310139943,138.19968776242877
EK202310165615,129.04981604232313
EK202310142885,139.63228737931428
EK202310193296,152.67474282707727
EK202310121667,117.66336729397437
EK202310223883,141.17543572562406
EK202310143204,136.40107831984557
EK202310205226,132.81410459676715
EK202310119065,141.9774237562085
EK202310213461,133.2041924590902
EK202310120362,140.23419046863864
EK202310194154,139.08290857864202
EK202310107601,154.06005660702013
EK202310204833,141.6098544477114
EK202310176205,151.0775293232443
EK202310154960,136.14044947542524
EK202310130425,153.92377775747718
EK202310126003,140.6131753730957
EK202310192656,141.56153180571155
EK202310213037,136.4315766074891
EK202310243222,141.41298561486576
EK202310132202,119.22070472975494
EK202310235252,131.67412155043252
EK202310160890,139.23738957503969
EK202310198189,132.82519435259277
EK202310119695,144.08360639456674
EK202310172550,140.0330522854054
EK202310229494,141.64257706288126
EK202310004450,125.60384547837363
EK202310146462,144.48107912651295
EK202310113248,143.00966711117434
EK202310221078,130.1439318243374
EK202310124198,137.9731580449901
EK202310212260,125.67623117144862
EK202310134794,125.84922649869017
EK202310221523,129.1151828543351
EK202310219960,136.3614201707704
EK202310121234,152.85934770101954
EK202310233970,140.24086772259278
EK202310188001,136.82810414583386
EK202310163334,139.60578649504313
EK202310208205,138.61824420724625
EK202310130304,128.64116978737385
EK202310154503,154.38547929004122
EK202310170798,140.09475223010205
EK202310152846,156.49171198460473
EK202310130702,144.57475875700425
EK202310203151,156.13904681795523
EK202310217313,138.34535405574147
EK202310233757,133.7607413648947
EK202310138726,159.62594876629163
EK202310156939,158.33890163353652
EK202310129985,140.33499240554224
EK202310190426,132.43296749631145
EK202310171121,136.55448153049394
EK202310214542,139.92575149132944
EK202310168552,138.139379795319
EK202310183003,136.88787107872042
EK202310123726,148.4659075462383
EK202310181506,164.43478560589372
EK202310237990,131.69067495444025
EK202310162825,155.92677798562985
EK202310224013,126.71474887727625
EK202310158873,120.36364281993048
EK202310137354,139.94631058691533
EK202310123420,133.5341707174003
EK202310225576,140.8040563375854
EK202310229941,144.36928606364876
EK202310229623,131.28381330528813
EK202310107612,151.42262216693797
EK202310246113,139.19807926996137
EK202310144693,137.04053116744976
EK202310116502,134.1666700016317
EK202310139421,130.17898005276783
EK202310112631,144.6129673931985
EK202310106168,126.49181961819986
EK202310207682,152.11479860385955
EK202310157085,165.17237840856217
EK202310245691,142.21279695717104
EK202310200879,127.33817890591442
EK202310131443,138.2938242610396
EK202310196154,139.77634242845497
EK202310231226,140.91452073080248
EK202310210056,124.11010888012794
EK202310114898,130.99642596421916
EK202310203643,146.8381214101617
EK202310160283,140.48892571939297
EK202320005966,151.71193044958966
EK202310167009,143.01362086416816
EK202310191878,138.63433837542976
EK202310152713,160.1673284340813
EK202310179861,151.57119007143322
EK202310153872,137.64516517142903
EK202310106053,152.3815817349365
EK202310189085,129.24431808844417
EK202310212320,134.4207240690662
EK202310147327,148.83229981873606
EK202320006343,138.11957660750485
EK202310178068,159.45884699362452
EK202310216051,132.78161146168992
EK202310120390,136.13787433049217
EK202310150611,145.54027970256985
EK202310170657,161.53251929846473
EK202310132614,134.20292923472385
EK202310130044,141.91578743049783
EK202310230130,129.9261885958475
EK202310142200,131.1672276289556
EK202310142024,159.04195111127933
EK202310199015,146.5224451309629
EK202310129011,146.33665542284754
EK202310162645,147.95871689444346
EK202310165075,139.0366858067128
EK202310242200,156.82750134836573
EK202310216319,137.91032485457146
EK202310168191,133.6276254916895
EK202310173505,131.39017175123348
EK202310197116,141.87233029262856
EK202310196993,165.2115251654724
EK202310190097,148.41540344522582
EK202310243824,133.5291489765486
EK202310185884,169.82735319875056
EK202310115378,133.07536239654218
EK202310203204,163.36844503273844
EK202310118547,139.40651065132909
EK202310228351,135.70117277110722
EK202310243844,134.34946660618786
EK202310169224,124.36964700383031
EK202310173833,160.17094127687977
EK202310182027,133.7097957155678
EK202310128404,132.58206127832068
EK202310221581,165.13260813137714
EK202310202028,132.83305161086327
EK202310140548,129.72309242014896
EK202310134135,133.3497146618646
EK202310192158,147.89497833936537
EK202310112502,148.61591026414214
EK202310113790,156.15085604441424
EK202310218316,130.63839127950453
EK202310188343,154.32428091954623
EK202310176251,134.32857133786223
EK202310201210,151.60767921732173
EK202310231157,145.48235193809543
EK202310195345,151.27793552208848
EK202310151257,133.44080715810722
EK202310156988,129.42563257700567
EK202310225915,154.18764545117824
EK202310239080,131.11781108150902
EK202310210523,134.29552360855456
EK202310130378,141.06975683712213
EK202310152365,144.36735858370298
EK202320005984,164.09495600048126
EK202310228471,134.03736537398225
EK202310121673,123.22957231977541
EK202310239395,143.77325995362378
EK202310198842,154.7882780330566
EK202310241420,131.56992841660605
EK202310231742,136.36729894334053
EK202310131099,145.21733990094955
EK202310188446,128.3557337418269
EK202310190252,128.1506906796704
EK202310236866,131.3505921809056
EK202310207108,138.1012189576848
EK202310184757,157.2400417180397
EK202310104389,133.2075419142185
EK202310217076,132.03199113757697
EK202310106797,142.26611065404353
EK202310216511,141.61964699504858
EK202310209342,146.7852796402703
EK202310183200,150.12781669100343
EK202310145433,162.52745586976445
EK202310140014,135.32384299477886
EK202310125223,126.54161240626466
EK202310140119,144.03120135264575
EK202320005700,159.10412873980326
EK202310194061,141.67492052410353
EK202310195873,141.9065338690248
EK202310220232,133.55511649792552
EK202310216119,135.2301219297953
EK202310134968,143.1878839806095
EK202310174540,127.53344762286096
EK202310185424,129.3841134542917
EK202310125685,134.32705981992535
EK202310234710,137.32066076471972
EK202310214117,161.45854246749641
EK202320006910,147.68406825525224
EK202310231049,130.65786620165676
EK202310195331,166.60715160321695
EK202310194304,139.81216859699867
EK202310171159,133.37520326062096
EK202310138049,134.78835959201115
EK202310198003,135.36248070429937
EK202310159099,157.24618565881306
EK202310216629,141.78141003314346
EK202310191293,137.6086605791773
EK202310174065,131.60757558829414
EK202310191081,169.42104334185828
EK202310122728,121.8526541979616
EK202310244744,135.4363537297138
EK202310226033,126.32085712313982
EK202310232759,142.37561739270322
EK202310196945,144.445836627845
EK202310223385,135.10982205782028
EK202310219176,138.07465388619042
EK202310131076,168.68978465912423
EK202310204889,140.42553148185223
EK202310125633,167.64344040355056
EK202310153304,165.2323345314528
EK202310138923,136.70649312622578
EK202310110215,154.00362336424882
EK202310212666,136.81787325119464
EK202310219342,126.04671004018914
EK202310161803,139.08341399126675
EK202310120553,133.4916812956826
EK202310230584,128.94301601859513
EK202310224579,137.13549486081396
EK202310171422,133.64058546534474
EK202310106867,144.1194993026778
EK202310121769,150.7987969197609
EK202310215792,128.97703559906515
EK202310138205,124.12585199740762
EK202310189070,141.9809306963059
EK202310151230,135.64115800077207
EK202310108779,139.39523951115157
EK202310167488,151.96821491401724
EK202310243336,123.10819837793635
EK202310124223,125.15827724606929
EK202310240547,136.62212261774064
EK202310191562,150.5030604188886
EK202310140508,131.95620013361076
EK202310119457,137.01275513603747
EK202310179610,125.88682165845577
EK202310146453,161.98838614582272
EK202310163261,176.14606324790762
EK202310214487,160.54752431225398
EK202310195013,141.52498664877342
EK202310129643,128.69085824907665
EK202310106761,141.66012254972648
EK202310132636,125.89608269233383
EK202310205792,133.05371790819788
EK202310176096,149.587874546707
EK202310132675,132.62894752677713
EK202310203792,125.16941015433089
EK202310188904,144.29783812792925
EK202310233751,142.3890227602668
EK202310105923,128.67383082154976
EK202310176082,147.43280878796892
EK202310231901,138.28993374230586
EK202310117263,135.64143225350122
EK202310189853,165.4895641028329
EK202310161443,140.8345341297742
EK202310245106,151.7440394034355
EK202310203080,137.70399604904745
EK202310229771,135.5383735113441
EK202310178345,137.09718045483416
EK202310212555,144.8199825195062
EK202310183797,150.31338604111122
EK202310247956,121.89598920111318
EK202310137158,136.2401291436188
EK202310121175,142.47938817734018
EK202310142530,133.7354541941079
EK202310145622,141.71699564888567
EK202310110044,139.3788420099972
EK202310141565,150.41566916363334
EK202310203553,152.4765817686156
EK202310186294,161.69362251458207
EK202310232455,139.65914574370345
EK202310234707,126.55167423327727
EK202310190127,152.84283029854217
EK202310116984,133.28047918054548
EK202310113225,142.67010732955328
EK202310153087,144.12655168417402
EK202310162145,131.49161597277683
EK202310241242,161.3078625408388
EK202310199480,129.47623522025134
EK202310133097,142.13330056074662
EK202310148951,144.71368184539583
EK202310164526,157.7411280841613
EK202310157028,136.93235992333115
EK202310174361,142.06558744567633
EK202310186033,135.23739649432568
EK202310218703,131.68926272972283
EK202310179140,122.22202348528535
EK202310185393,135.6880307345598
EK202310109267,129.07162561392502
EK202310188479,127.45946278110705
EK202310132207,149.6763648105059
EK202320007399,164.15260303300462
EK202310118229,130.50895329841228
EK202310125154,135.5830149227457
EK202310140377,143.75562367959654
EK202310198868,150.10369482282277
EK202310209658,129.64291375181855
EK202310241949,161.17925584109068
EK202310179752,156.34251294775711
EK202310117086,130.93521960344037
EK202310166263,145.56926922622847
EK202310203482,139.71791056974627
EK202310164665,150.219897291479
EK202310168393,163.8055992914
EK202310131582,133.71044362943786
EK202310150017,148.64648182151825
EK202310150912,133.0000850308971
EK202310117341,146.67659921296558
EK202310181073,146.07752499533706
EK202310172053,135.64421919542986
EK202310239963,155.15082873293412
EK202310132072,138.28694340188343
EK202310192876,146.25427844283803
EK202310152121,152.01211791361644
EK202310213403,138.2300893051767
EK202310239334,135.54747499730266
EK202310148570,149.5879497048975
EK202310155053,136.86288495834464
EK202310132986,128.96750513496463
EK202310110729,151.27648148549542
EK202310174910,167.82076721837208
EK202310187690,135.8409934651787
EK202310127998,130.82527515741057
EK202310137683,135.90413716330383
EK202310108081,122.379201491346
EK202310239262,164.83663245790424
EK202310182783,131.87771592836103
EK202310204488,142.9420226093222
EK202310199126,158.48845409312787
EK202310107243,141.97209574135607
EK202310105267,128.66175815036254
EK202310152097,149.10223836841578
EK202310125739,130.30038960154857
EK202310170277,157.672475658395
EK202310237606,142.30662419581253
EK202310234522,132.7878580243696
EK202310161698,137.59162879248663
EK202310165822,136.71327374896552
EK202310248288,148.97881584504378
EK202310136063,178.81658974445466
EK202310117203,142.37376325871824
EK202310154981,139.25947273918567
EK202310232175,141.1642312502132
EK202310144896,127.7073212923396
EK202310142768,135.34361910946956
EK202310160960,121.81118153249002
EK202310163131,132.49066585767997
EK202310239813,137.6294006370133
EK202310144375,133.61270224404856
EK202310175307,163.9169861292733
EK202310227665,140.9626734490117
EK202310132201,145.5333512111788
EK202310143654,166.86011691279543
EK202310197398,129.77592295194412
EK202310247650,128.53098299253284
EK202310218583,149.0619033361356
EK202310185132,134.88143828545128
EK202310166220,138.9590199723666
EK202310183470,141.11109194743153
EK202310193070,151.91331006082999
EK202310127467,131.1816812392172
EK202310208200,140.91843362538773
EK202310230712,134.63063631014194
EK202310137427,131.45808460701164
EK202310140112,138.88979391072695
EK202310223686,134.74958614268968
EK202310176982,149.4544016017049
EK202310118244,126.24025860666525
EK202310151713,131.3270372955097
EK202310212261,136.00227707635312
EK202310134611,124.8892087296653
EK202310120945,143.90082088725615
EK202310151019,143.82038299345226
EK202310141095,144.29588139012853
EK202310137745,126.18189247803066
EK202310225567,162.7863137705147
EK202310216872,151.0915201092201
EK202310212300,141.40808082449183
EK202310225881,148.88475593276715
EK202310151821,124.04586881036332
EK202310129868,136.38604575540606
EK202310156170,148.295841679567
EK202320006992,140.18810016749674
EK202310173073,146.53335811448372
EK202310240592,132.3241009873956
EK202310128981,127.52352116693531
EK202310225347,163.19084810473376
EK202310107505,130.84932863428477
EK202310004769,129.83167222784792
EK202310192529,154.8985824479652
EK202310205344,153.48646745945268
EK202310241518,142.58658708644612
EK202310188554,154.7515052010482
EK202310185562,156.02747884027733
EK202310154855,130.00856946499042
EK202310175481,148.24053458562625
EK202310157901,149.57797484159647
EK202310221152,141.55899918978045
EK202310200465,149.3793246427209
EK202310183211,124.37748587917133
EK202310194651,136.18661166128572
EK202310116691,130.05737498745447
EK202310219488,136.07290273253446
EK202310155631,140.91404534807532
EK202310168504,139.1912898074874
EK202310199253,137.59898017052285
EK202310221668,137.92397085906276
EK202310212285,124.1006838346138
EK202310172945,149.71439670115168
EK202310186658,132.28065424758955
EK202310222256,145.09939428573912
EK202310224152,133.7910209552785
EK202310128793,133.91720141504368
EK202310120896,129.752184584399
EK202310120399,155.52324463962242
EK202310169743,134.8043676028705
EK202310248477,143.52752669997537
EK202310116273,129.26623455159577
EK202310247694,142.28399797311798
EK202310215708,129.61976099388013
EK202310236946,131.8395786634824
EK202310200762,161.3172311158677
EK202310178415,148.45164993747727
EK202310144132,152.37171909919076
EK202310225926,132.749339473304
EK202310148881,139.89627853829552
EK202310177347,150.4853824387155
EK202310213539,138.63915811471736
EK202310208401,137.48438709967274
EK202310238371,137.69375411925145
EK202310234534,136.03546927529482
EK202310136323,140.45430597619006
EK202310135243,139.1909416425606
EK202310202317,140.3258284159305
EK202310226279,133.62485913276905
EK202310203743,139.31954877405983
EK202310205749,157.76598185828635
EK202310004277,149.51981021482445
EK202310113847,129.75909397584903
EK202310194210,156.47218883206332
EK202310183278,136.1953693482969
EK202310145260,130.09362678319317
EK202310239730,141.01628174657537
EK202310228304,137.91867261192667
EK202310152088,133.5894613126069
EK202310154058,147.43083974937582
EK202310136681,143.50757438988586
EK202310117313,130.83483221681914
EK202310233274,133.26445867934325
EK202310179794,127.69820932719763
EK202310135084,162.4653435649734
EK202310206633,130.63072576018456
EK202310234183,123.69882257674206
EK202310143964,128.708727809778
EK202310158947,141.98119312957928
EK202310137263,137.98166533260965
EK202310203360,163.69557548472824
EK202310004905,144.94147976305527
EK202310140955,147.232153192725
EK202310214327,157.45823375931505
EK202310222556,128.5935150523679
EK202310128510,169.83278746765404
EK202310119821,145.30503368608925
EK202310120108,129.0779004026654
EK202310212000,128.7902348768581
EK202310105271,139.33092781153908
EK202310229500,130.6118927175697
EK202310110970,125.15870975801904
EK202310105364,147.70145456556017
EK202310108637,127.6131481300469
EK202310164376,171.21457447367644
EK202310230032,139.31271323891755
EK202310236376,134.03425036087776
EK202310181052,131.33783670805968
EK202310203281,135.87738048075036
EK202310181885,150.28067557224952
EK202310138885,127.78981969230759
EK202310121415,139.18191500339492
EK202310186231,128.22438944121112
EK202310212814,141.87439463528955
EK202310233197,133.79943909128957
EK202310184928,151.54187695123122
EK202310109218,137.71721283257475
EK202310189923,152.71811249793507
EK202310212951,137.95905308451643
EK202310166071,170.38757824052715
EK202310151335,120.57794287908189
EK202310106930,134.4601853910943
EK202310146184,147.88808581084962
EK202310178125,121.5624845421777
EK202310167170,146.042183156717
EK202310144047,158.21812017928247
EK202310161545,166.77860701517895
EK202310110114,141.32932093748178
EK202310197034,130.98631860703958
EK202310125522,136.32982169944307
EK202310239777,139.40460473969162
EK202310183013,152.6386961640717
EK202310201498,156.24883694474977
EK202310233357,138.12635156151185
EK202310193361,128.8571256218525
EK202310160811,137.05728886517525
EK202310167037,165.45173874337695
EK202310209597,135.34303676412046
EK202310196969,161.1094865233124
EK202310123103,129.14931471345884
EK202310122187,142.69739979083857
EK202310197780,163.84375120911065
EK202310217861,139.07065809215
EK202310239177,160.43229056209455
EK202310184410,142.06226453126195
EK202310198476,136.96000894371156
EK202310145712,140.18306560694083
EK202310125391,141.78407968292186
EK202310162973,135.0497788624238
EK202320007481,149.12093928462787
EK202310211032,154.7790462043323
EK202310184725,142.16681823919382
EK202310121942,132.1883637085053
EK202310146503,143.12167848115084
EK202310186497,148.31103163962825
EK202310141946,136.61830164474605
EK202310188222,153.31926063711273
EK202310237766,137.4461521067369
EK202310224087,139.13852670648296
EK202310245643,144.38354867024483
EK202310153868,136.38452565586155
EK202310117630,128.67207380046145
EK202310150168,130.52380177881136
EK202310104804,137.80164901609865
EK202310227586,133.97975821250745
EK202310226962,165.1840830124405
EK202310204684,129.41397228672832
EK202310106991,149.2758245470631
EK202310219834,158.96553242195887
EK202310240450,147.58124495454285
EK202310214713,144.47361914964645
EK202310153479,140.27545188188884
EK202320006589,172.8796143035481
EK202310151125,171.8621877789453
EK202310170205,126.9698959273849
EK202310174684,134.70169736473184
EK202310145286,158.62071971474884
EK202310174584,134.93256002938784
EK202310183058,144.26943099304364
EK202310233099,134.1021920368603
EK202310144550,157.12588112543966
EK202310207112,135.65232360622716
EK202310232978,132.85999677208085
EK202310115348,137.5932476671137
EK202310183741,152.51083751956173
EK202310144742,137.05210982058676
EK202310178484,160.34471649934306
EK202310151424,166.98087843237414
EK202310223346,142.4916189369589
EK202310138234,158.14549578032938
EK202310190044,167.64463766632852
EK202310210164,143.15800599344553
EK202310175594,160.8415283223981
EK202310139802,137.59353947013398
EK202310133593,169.03941278414237
EK202310236059,131.89832858963925
EK202310247892,135.93808392477519
EK202310228841,136.6222879549015
EK202310142116,158.11832166353486
EK202310139752,132.46699622063835
EK202310247535,156.68393422040361
EK202310204858,146.34336900004325
EK202310127198,148.687381852706
EK202310212663,132.02145628251148
EK202310133054,128.61946902342822
EK202310116254,152.4650717663326
EK202310140288,140.06447192879486
EK202310242550,142.10805251639434
EK202310208841,141.20053820708048
EK202310167295,147.6549029641814
EK202310109419,141.78614604789675
EK202310233386,137.80446239299692
EK202310214181,145.01815981033897
EK202310180240,145.21163954585057
EK202310181535,140.2500619885153
EK202310191715,148.50501460375415
EK202310157953,172.61794431835966
EK202310234893,134.60414231591764
EK202310160253,149.70080767460047
EK202310141553,132.69382272798435
EK202310207337,167.2219036237966
EK202310131278,127.2121855420577
EK202310178817,165.09963324799395
EK202310106002,134.33266262762115
EK202310166631,125.75427311657212
EK202310107493,126.44824787300234
EK202310194394,150.2195114864171
EK202310222252,140.79604107729529
EK202310247371,141.02391166590195
EK202310160792,135.79728844081987
EK202310225122,167.4756154719801
EK202310214184,164.58935814088412
EK202310191751,134.77391885132243
EK202310237163,130.27389125620317
EK202310225188,144.81705088665427
EK202310202616,158.85775337967667
EK202310143696,137.50753026875182
EK202310132352,146.59457039382303
EK202310214086,136.42218265960057
EK202310137011,168.89476659173565
EK202310248717,141.87000558745333
EK202310200235,131.8442219143791
EK202310144103,140.30419492949963
EK202310111910,137.41522693162148
EK202310225339,131.3861277418287
EK202310246108,135.2602382490859
EK202310180876,137.66324800159222
EK202310237122,131.19029963648143
EK202310112441,130.5175566937896
EK202310179395,150.38844394391725
EK202310157137,139.55574876859419
EK202310136914,167.04942744196472
EK202310127925,129.95802068622356
EK202310210485,130.0190521761213
EK202310215065,131.8431930129481
EK202310113641,142.04846284401364
EK202310204283,141.1256508701671
EK202310150194,133.4756546323409
EK202310118749,131.36321204550626
EK202310186678,148.43799688355188
EK202310110316,135.7138958386466
EK202310190151,126.59206694020644
EK202310119041,134.5319598006398
EK202310140703,137.5691916134548
EK202310236754,133.7316395656228
EK202310200936,133.87312786157273
EK202310200923,151.2743738842535
EK202320005983,144.51525349573242
EK202310173120,167.63173306160314
EK202310131266,127.55966326400664
EK202310182913,133.9649703827894
EK202310126468,139.12892183272317
EK202310240681,138.68124630459954
EK202310163541,130.6218150769565
EK202310133063,135.2784668785354
EK202310187205,140.62909226688618
EK202310176435,138.40367941460053
EK202310113625,145.83863214631955
EK202310153932,123.82159797776139
EK202310216429,165.9713615022149
EK202310124022,147.17856105691374
EK202310187335,169.18322020779888
EK202310227041,150.31935135962382
EK202310173817,138.27943002636093
EK202310131798,169.31247311204967
EK202310225142,133.58293275785203
EK202310180166,131.66525283325086
EK202310119416,140.87095237663078
EK202310200200,130.82192578631017
EK202310150439,142.04311930255804
EK202310130027,135.57140840750398
EK202310179043,145.79122249752348
EK202310183695,134.09508620411518
EK202310175077,147.99652367416235
EK202310112086,136.35449290613155
EK202310225730,129.8238980065416
EK202310215244,147.78856877324236
EK202310191753,141.84623475262296
EK202310174965,139.5892219102061
EK202310157557,154.95488067503348
EK202310159970,144.3323823333968
EK202310129081,166.80017668145575
EK202310107248,130.03860621285557
EK202310180853,154.58779305872383
EK202310181698,160.47207596710334
EK202310222641,138.58755662001448
EK202310189633,161.1696648150192
EK202310105178,141.82443212109254
EK202310109844,128.3408418441911
EK202310239039,156.78426660606013
EK202310114472,133.42445874724288
EK202310179622,132.90018149217337
EK202310115407,143.01807141630354
EK202310106728,133.33005484930075
EK202310206467,124.9240776306452
EK202310169318,134.19136875571456
EK202310113553,146.99496978871377
EK202310148432,136.6295024128872
EK202310224899,128.43910421486424
EK202310218411,121.07803722479615
EK202310108919,137.12060473011348
EK202310175334,130.09845427012587
EK202310225062,145.4647986776747
EK202310158879,142.65603663225343
EK202310226440,133.9911629344172
EK202310224115,122.6141465622699
EK202310148638,134.7113740230887
EK202310233064,149.67537963697268
EK202310158419,148.62902524608805
EK202310241484,143.06121571493406
EK202310163712,143.27080078056474
EK202310186217,158.47005712675033
EK202310142453,155.5941400722317
EK202310137405,137.72007580603378
EK202310185670,141.19707972828448
EK202310150583,121.9816827863606
EK202310227556,130.7916087577012
EK202310234889,140.660511910177
EK202310111783,141.96733125817897
EK202310127384,141.571083633624
EK202310113072,149.42010672574037
EK202310160328,131.902686160631
EK202310188693,162.11763514700172
EK202310104466,154.2393108234276
EK202310143296,153.034111449466
EK202310212529,151.26524393011448
EK202310207081,170.7139300043677
EK202310239036,144.4772780891268
EK202310114317,129.60545419008412
EK202310004599,141.90472235211485
EK202310165205,134.03000515853546
EK202310162068,167.44240762912378
EK202310109742,150.0545783513437
EK202310151519,164.10376975936126
EK202310164727,125.46183139115867
EK202310193975,153.21661206503276
EK202310176843,135.3214414581009
EK202310238118,143.23224336329704
EK202310231683,140.3140176410899
EK202310170288,151.5602300035771
EK202310233487,121.4927366318879
EK202310144532,133.1999592469213
EK202310118690,144.23590533506177
EK202310236135,148.73773428570544
EK202310220057,150.26851252668916
EK202310136020,158.63246617219227
EK202310120718,129.2420315091062
EK202310205363,139.3780068418684
EK202310110765,140.46403022548117
EK202310130164,161.28448865669068
EK202310170195,136.08166959501236
EK202310131195,131.77991507875652
EK202310197794,158.9381878928098
EK202310189698,165.74293299288726
EK202310180559,119.02299077989576
EK202310193333,171.02802400287462
EK202310164974,141.72849077090902
EK202310126083,134.64141653792578
EK202310189770,138.53661898320834
EK202310123085,158.74599408974805
EK202310130001,126.6736828198844
EK202310141464,133.38081033228883
EK202310116699,134.95975160143107
EK202310126001,122.96650782604465
EK202310153591,132.13717927582266
EK202310110843,137.97199787204838
EK202310234696,134.0314805704839
EK202310218654,128.4877649985345
EK202310160361,129.79005463415717
EK202310232799,137.6447506371755
EK202310172223,135.90295000020444
EK202310107432,136.32685496965837
EK202310115124,158.96300768984133
EK202310240700,137.81665451322877
EK202310166544,143.42522080273946
EK202310116517,144.55286812573186
EK202310209466,133.37184675341067
EK202310115034,148.19433763415387
EK202320007112,153.14275073618555
EK202310155572,138.3651822323162
EK202310184647,166.0922164696459
EK202310237715,132.46648489590288
EK202310140880,127.7149338099058
EK202310171935,149.25994709563264
EK202310110649,138.65502614493096
EK202310235243,154.37857494898688
EK202310222984,163.30154669838478
EK202310103848,134.84459306790845
EK202310200981,140.6098939164467
EK202310138670,151.96432374125257
EK202310116342,131.22434005313343
EK202310148866,142.9685504371433
EK202310136555,127.1261952167201
EK202310155446,164.96681251653118
EK202310147661,145.322437707452
EK202310168674,132.89038212394934
EK202310142524,146.08308714287003
EK202310248385,142.92984388184036
EK202310165956,141.28547480946764
EK202310120604,135.9652674657962
EK202310158534,140.6482680043159
EK202310138524,148.01595367444503
EK202310231297,144.4894676651813
EK202310231319,135.33877326373386
EK202310133278,132.53378095282775
EK202310142657,157.12460269096567
EK202310114071,132.7021642219803
EK202310116075,131.29700872603698
EK202310139321,130.86819365262375
EK202310232658,144.58880346999499
EK202310185531,132.60099140858708
EK202310231623,138.36331498389742
EK202310183491,148.64175034203456
EK202310171783,140.1767548504176
EK202310116076,132.52743678565537
EK202310200347,140.64621028468662
EK202310189649,160.65261395139177
EK202310135957,126.802399141758
EK202310245361,142.886966479587
EK202310138713,139.62136727083688
EK202310169366,174.6540370745698
EK202310246917,147.12036194210285
EK202310183943,160.0190481347635
EK202310110540,139.66380377493283
EK202310170711,124.96024463515707
EK202310246548,159.67638670523596
EK202310174376,146.36369494822875
EK202310180261,147.8479068665108
EK202310232346,116.8620840904774
EK202310237154,143.1757194460061
EK202310171359,141.20012775810545
EK202310136595,149.38863368823692
EK202310144015,134.6723402471631
EK202310209121,136.04166444031446
EK202310222216,122.71338797564643
EK202310107905,131.40165506972093
EK202310188461,122.58259196533662
EK202310222800,129.046203918743
EK202310217737,133.90335356455623
EK202310218371,136.17934366951204
EK202310208739,122.61780391962097
EK202310219741,147.66845855446454
EK202310211457,142.98412829727746
EK202310182740,146.21799483160166
EK202310163470,146.92796364321322
EK202310245687,142.40018133002613
EK202310168480,134.60465994764465
EK202310185027,166.6690641490861
EK202310194951,135.88817112475184
EK202310190588,126.75564762145561
EK202310177991,135.38423228991854
EK202310162069,137.79260394157828
EK202310125865,140.33831614597258
EK202310220126,137.55718887095537
EK202310158441,137.40557268067036
EK202310145659,148.49628434635497
EK202310129542,132.24830934693523
EK202310151845,144.72384917984047
EK202310230263,136.0648527302627
EK202310111108,137.86362211435747
EK202310171363,154.87184483641008
EK202310127866,148.32244953007464
EK202310129063,131.4923448347472
EK202310144099,137.00363075972584
EK202310140594,138.39197410695897
EK202310154125,165.1788984414562
EK202310131342,135.5531802419927
EK202310203912,129.0993041418935
EK202310118762,146.64628915511565
EK202310131877,161.22042112847242
EK202310106187,135.96809470043323
EK202310120319,124.79673685950152
EK202310209664,130.49656564385043
EK202320007072,155.81596716605895
EK202310121959,130.31273047008946
EK202310153089,144.205323649119
EK202310151971,149.58448213618652
EK202310151896,146.24807748360678
EK202310135751,129.46010371576125
EK202320005711,166.96421911184862
EK202310134604,159.74475711943137
EK202310130128,157.8737598689953
EK202310241667,158.96214761797148
EK202310140220,151.04511168588178
EK202310190478,160.66243306691828
EK202310162552,152.2347273251974
EK202310169398,136.3289787766841
EK202310110027,131.9141071825935
EK202310242977,134.2421683598873
EK202310182314,142.46809080980645
EK202310147967,150.86687077639223
EK202310107549,159.10549648818582
EK202310209315,159.7831020892854
EK202310216226,144.9375237526645
EK202310172171,157.8785601433119
EK202310198531,145.5851603443406
EK202310108550,127.83257429474709
EK202310201297,155.0859435082569
EK202310168808,152.84174194858838
EK202310212662,128.40738662606398
EK202310244470,125.01347182618045
EK202310111112,148.9566594370262
EK202310212061,152.43126544416816
EK202310131027,133.49163775529104
EK202310168347,153.9359855904913
EK202310138779,157.59261554425095
EK202310228854,127.56001460996244
EK202310156047,158.99811001584587
EK202310209290,131.61840942078715
EK202310121347,130.70115230162216
EK202310171158,141.42927920140215
EK202310233104,147.0888774795578
EK202310155615,129.60857876744257
EK202310179680,147.73450413229912
EK202310125362,139.26064322358084
EK202310107378,127.53455405444409
EK202310206995,164.78844221526532
EK202310205548,131.48722033546218
EK202310181487,162.41552187615994
EK202310165214,142.0421215824243
EK202310243818,142.83507349048705
EK202310139297,158.4525727339126
EK202310176765,138.96401269703526
EK202320006044,151.48366733047274
EK202310226154,133.50072173209037
EK202310246712,140.84379345867194
EK202310190930,156.50317297365305
EK202310216412,148.94122427065903
EK202310123615,136.29379654321812
EK202310155164,143.42006232405558
EK202310193422,165.86613695763316
EK202310183961,135.84307812867203
EK202310181902,147.91025990560382
EK202310123760,142.1321996066737
EK202310147302,142.7740537080003
EK202310210787,138.70687763249356
EK202310132847,124.71932612906657
EK202310126696,142.29432294244486
EK202310232230,134.94585174392768
EK202310223850,134.82001874419805
EK202310237551,132.63164178305104
EK202310188279,132.04597882290173
EK202310152561,145.01103873788924
EK202310197741,127.64793749149285
EK202310241557,142.05014490639192
EK202320005587,151.30474093283345
EK202310173993,123.79472644682146
EK202310139298,152.60229367456807
EK202310226418,129.2254713985142
EK202310120554,135.3311818169784
EK202310210326,132.01466675867394
EK202310124646,122.68744443750126
EK202310243187,122.91650246874605
EK202310111546,151.94758168034681
EK202310225889,132.48165803012364
EK202310239244,138.0445970235498
EK202310226952,132.79366915872953
EK202310154546,132.24966993070518
EK202310209747,124.54524385591245
EK202310208437,135.80465160646847
EK202310217996,144.16044836187797
EK202310154333,144.49622780329477
EK202310199044,147.5992051645234
EK202310193652,145.5399431970493
EK202310199108,143.48604734258052
EK202310138541,133.42455216637842
EK202310109275,148.66080816191428
EK202310241877,165.62596750599963
EK202310247060,148.48703832909712
EK202310233675,137.71309042201898
EK202310127980,135.09925594055355
EK202310216345,130.81430096906945
EK202310124692,132.57592117602326
EK202310214703,148.6317281165036
EK202310125176,137.68392318644032
EK202310230402,137.9969135385643
EK202310204376,133.53271376814794
EK202310003738,140.18929457654875
EK202310177361,152.02454972938395
EK202310142175,141.02830240479
EK202310121737,123.10595139226339
EK202310231332,138.05176038083786
EK202310126428,136.117557326053
EK202310208151,134.0006371171965
EK202310160932,157.13450550226904
EK202310201461,140.40165365062785
EK202310190429,135.2968003062349
EK202310180683,145.17024495027846
EK202310216976,165.03925740402678
EK202310125226,139.2422708421666
EK202310201559,135.7011572502956
EK202310201026,137.147431778956
EK202310241612,125.69023209289911
EK202310159055,137.98885191424438
EK202310128633,142.68651067147772
EK202310241584,143.3941169663788
EK202310124066,132.075089624528
EK202310143999,137.42643385891867
EK202310127055,127.69653054418455
EK202310109477,134.09064405111377
EK202310142422,129.85905624807833
EK202310170493,156.31355193834074
EK202310245660,129.5578717489952
EK202310174604,138.75121176922073
EK202310145956,138.38422245888907
EK202310170744,135.0324604829056
EK202310137459,131.54707025082632
EK202310205343,126.88467610160899
EK202310113624,152.10737382095158
EK202310230917,123.54381808768638
EK202310131938,137.16334477028846
EK202310192653,146.9090862192783
EK202310233709,145.68272122574672
EK202310125722,143.09591521907745
EK202310167315,154.4191831354657
EK202310155548,143.90741773648767
EK202310143279,136.15376412184486
EK202310150075,133.68875090268725
EK202310122318,138.29303122646027
EK202310126189,144.34156864679025
EK202310226757,139.640688569745
EK202310243030,137.97823495472477
EK202310130445,154.30237214159854
EK202310243191,133.5205716424528
EK202310203273,131.96316771253478
EK202310188485,130.81688974046773
EK202310230409,132.94938009798577
EK202310183553,134.6744482897239
EK202310220994,141.348658845162
EK202310207037,134.26216701290184
EK202310165758,131.54695534896683
EK202310106826,139.14182883200758
EK202310120683,140.43729899109863
EK202310134934,147.4397827139944
EK202310165051,137.58521899055827
EK202310189221,123.39584935285329
EK202310157513,153.24503086468712
EK202310190280,163.00108366338898
EK202310123034,129.18514025452947
EK202310206344,164.35250789816365
EK202310135546,150.0518928957228
EK202310246417,123.75207510111703
EK202310220955,133.8003041857609
EK202310109848,134.22349287141736
EK202310154849,140.27329916063422
EK202310110348,153.91879292496898
EK202310167034,158.45740797113103
EK202310113223,129.3379592482385
EK202310165666,134.75113190201927
EK202310235856,155.38461820994326
EK202320005842,144.0761580929653
EK202310154000,142.60776564744296
EK202310142071,142.078049164309
EK202310209033,149.1872735139456
EK202310196340,131.2550598688301
EK202310216529,155.16037195466518
EK202310164553,147.73934321296719
EK202310104021,133.43027117981126
EK202310239632,132.48211591188823
EK202310225277,163.79081291735903
EK202310175861,134.9475761094495
EK202310129169,161.92577700529884
EK202310122145,153.7422901439833
EK202310227448,128.5627666723411
EK202310177969,128.7455197921359
EK202310193062,140.7711071376034
EK202310182763,140.88778127764706
EK202310235087,130.87700288019346
EK202310121651,140.0389642568272
EK202310212604,132.02876841415585
EK202310226694,121.63343777174448
EK202310004579,146.50237218871254
EK202310159373,129.43924465495928
EK202310177799,142.87631968422755
EK202310119324,129.11349372329855
EK202310129405,142.16246507726694
EK202310237885,145.979795095174
EK202310135421,140.52572530376182
EK202310175226,146.51987705122067
EK202310173605,156.1462779817743
EK202310111658,127.36371564653436
EK202310185671,147.4286325075717
EK202310196715,132.1931519645192
EK202310196589,136.3366978699992
EK202310199584,137.68983523568258
EK202310143146,146.28993272297137
EK202310121051,132.25935898926093
EK202310231042,132.5070417969663
EK202310194606,126.20046829183572
EK202310212236,129.33573413028873
EK202310153083,153.6318472730016
EK202310141649,148.01432926561512
EK202310192808,147.1703073041807
EK202310169365,148.5761319132254
EK202310189768,141.58417513916396
EK202310233720,135.6501957386048
EK202310247878,166.1414255013544
EK202310178488,133.66018822202304
EK202310151955,144.4658490108311
EK202310104506,129.58772221242177
EK202310205228,121.23293119320763
EK202310116841,128.32219426493688
EK202310105208,159.06675754996363
EK202310168242,155.37789678852405
EK202310172150,163.40954335179876
EK202310199656,168.7911808604974
EK202310202819,136.86188887360058
EK202310118069,118.87644179055563
EK202310226761,135.16744208605004
EK202310158901,157.2741561687834
EK202310221031,141.76969353159043
EK202310204076,134.212844153235
EK202310146995,146.80921989133293
EK202310126768,135.84029036011472
EK202310167991,152.60599648814392
EK202310142215,136.04087449311325
EK202310128249,138.38784871023256
EK202310168392,171.3948462513204
EK202310241392,121.6449058968621
EK202310167654,130.9202418558766
EK202310124170,122.40437516326932
EK202310211894,144.58341312060205
EK202310213128,138.93387082339132
EK202310223813,133.3704056325479
EK202310106169,153.5993477321351
EK202310110167,152.28439530758698
EK202310237365,141.0110446564458
EK202310153054,144.90985337891263
EK202310138889,139.3495540900607
EK202310136676,126.93083470665066
EK202310177777,146.92637469190615
EK202310183311,166.66026733926546
EK202310192034,143.80446102604319
EK202310161294,145.6386112047356
EK202310215386,135.90945013230163
EK202310237862,142.11527953840215
EK202310124110,136.14473165739838
EK202310105757,141.75506726033018
EK202310131681,134.74866625555876
EK202310122852,128.80664871913297
EK202310106485,126.00655415556861
EK202310182695,124.53931673384864
EK202310238540,129.33166851372312
EK202310104101,129.87199840686077
EK202310121381,132.4436078742428
EK202310200186,134.27258845741204
EK202310190609,136.6947731548638
EK202310230288,136.4589382706427
EK202310166620,151.7438099514025
EK202310147442,159.92522920928016
EK202310137943,126.53122790860948
EK202310208851,138.1093696501932
EK202310128623,119.6749187396349
EK202310179932,131.3391871928366
EK202310191123,143.43988080619647
EK202310222467,136.49317785204394
EK202310120128,130.99772630322994
EK202310143211,121.61685894428102
EK202310158431,147.05160575356751
EK202310200191,143.92590453756893
EK202310121797,124.31124187152017
EK202310246836,130.33148008276407
EK202310122588,139.39889153895277
EK202310212376,133.30186155348187
EK202310202020,144.32537030231225
EK202310003990,147.95503481113863
EK202310195950,157.1030776573096
EK202310215709,137.6823562249943
EK202310140933,127.41522924531759
EK202310135948,126.59077466666116
EK202310156397,167.13302279088893
EK202310160468,129.2320566088479
EK202310181061,165.74899649832196
EK202310165217,141.03908310203855
EK202310221056,131.66324906252373
EK202310168493,129.5966657989588
EK202310136547,127.04769210246036
EK202310247972,136.7663717932009
EK202310167486,133.84048294518297
EK202310240744,136.75215725715879
EK202310148632,142.56639004157665
EK202310199792,145.0769831726071
EK202310200958,148.0697871525549
EK202310171502,149.78953268688196
EK202310164924,148.6420473641927
EK202310175724,122.55857347519066
EK202310139433,137.9388280136167
EK202310217068,164.39078249311834
EK202310110561,135.69135444369334
EK202310248008,156.00246186631836
EK202310157048,136.66369322942603
EK202310141117,133.28337997354834
EK202310195935,139.16730114549964
EK202310168643,126.9012140387987
EK202310004252,129.81414906696386
EK202310151231,148.437164590023
EK202310221120,124.34133709858952
EK202310115802,141.11265333946687
EK202310217669,136.95670757464092
EK202310179308,147.41969720588162
EK202310190511,155.15743763956172
EK202310189661,134.87404712665108
EK202310218561,135.32755024704434
EK202310216544,147.83870916635848
EK202310130093,139.8980477911637
EK202310227470,146.70244351136083
EK202310149720,138.22004867690603
EK202310123936,142.76537749700682
EK202310185139,142.1436428006868
EK202310164969,129.9618795053578
EK202310159566,154.23589357172318
EK202310153493,135.84321238025845
EK202320007009,159.80035206063513
EK202310149916,153.86005313726486
EK202310195613,125.3475596421281
EK202310234039,136.62410685645094
EK202310109288,134.76544918262516
EK202310212808,131.0630388237276
EK202310234197,127.68000436858502
EK202310157802,136.91324498320063
EK202310207417,145.81099262252766
EK202310245686,138.28796295772202
EK202310159054,153.32490639389547
EK202310183850,147.25780451389565
EK202310118502,168.64360110160442
EK202310128627,152.11050398050844
EK202310220287,138.10088176770466
EK202310199273,134.94771360615292
EK202310142033,144.16053539899926
EK202310229082,137.4011514497596
EK202310143807,135.06331421581604
EK202310206645,128.03376205057887
EK202310211819,135.54351919378524
EK202310197690,157.5765978275373
EK202310197678,129.08269787476883
EK202310234454,129.98757005210825
EK202310120882,145.18153242963476
EK202310169899,164.05969690244243
EK202310202826,140.7825845102274
EK202310161402,169.81745146983607
EK202310121220,123.43730120742606
EK202310125862,135.44585659432687
EK202310197968,123.56709288843211
EK202310237174,126.42338494679801
EK202310134475,142.0915385230205
EK202310247308,147.2109105599957
EK202320007435,134.89395670017262
EK202310164160,131.0603166833762
EK202310122449,157.12854518554263
EK202310139591,128.9508819618058
EK202310141624,129.99163672121395
EK202310138255,134.03020280735237
EK202310193958,147.35805533598645
EK202310222645,131.5673741601401
EK202310105689,139.01852625772742
EK202310219882,151.79983351786674
EK202310178757,160.1497644177881
EK202310241650,141.2918262952751
EK202310246447,129.41074946159443
EK202310217078,163.78837631581447
EK202310139978,147.85312662261663
EK202310241716,140.63182662808038
EK202310133093,139.67033863438968
EK202310243929,152.0133126155961
EK202310140929,168.62173737672958
EK202310191115,145.58301995721806
EK202310207003,137.27618181111376
EK202310145248,155.1045332448851
EK202310239401,164.16248658066775
EK202310155225,145.3814947818795
EK202310151560,138.73111122029698
EK202310177641,136.84378737759178
EK202310222696,130.4349259019548
EK202310150293,140.7721238153182
EK202310195144,161.4689953399126
EK202310243924,140.18089653735277
EK202310178439,145.48352866499152
EK202310195750,135.84893310808664
EK202310166551,134.3902963670118
EK202310217145,162.93923270255334
EK202310240066,143.9693762008697
EK202310199715,164.727974060417
EK202310132904,135.40439127894155
EK202310154841,152.1363598125006
EK202310234469,123.98704575352475
EK202310114515,133.8186456060911
EK202310117966,135.61398077233167
EK202310137867,127.68220195779621
EK202310205349,143.79434674028775
EK202310112816,149.84962902432338
EK202310168065,158.21976227869428
EK202310169737,144.13456001745323
EK202310148917,138.43815134598552
EK202310196463,135.14386840101997
EK202310231207,134.03357608502753
EK202310128533,137.7128571878561
EK202310197226,124.22241922048791
EK202310154933,148.15963289014306
EK202310117103,138.93504070838182
EK202310165309,160.80066442662854
EK202310104246,136.08030256077112
EK202310105130,137.83348412444994
EK202310216979,135.18974411033275
EK202310193989,128.52256481271087
EK202310147207,136.10469567752233
EK202310135301,155.01485816046585
EK202310180058,142.2921359193915
EK202310150495,154.95974337856057
EK202310184503,144.66906929078095
EK202310107823,138.59484537292926
EK202310241936,151.4313842305781
EK202310186182,133.7693030539154
EK202310003976,136.63640606099705
EK202310156046,134.26551863764806
EK202310129628,161.73290652345665
EK202310142854,138.0015428742967
EK202310241326,167.48798879675618
EK202310160722,149.85469004663238
EK202310143237,129.49291303511265
EK202310107245,157.5418639510709
EK202310114305,146.76648941200062
EK202310134035,139.92905946483663
EK202310199912,137.27942194002313
EK202310140410,151.880012853294
EK202310183615,142.37493109322185
EK202310147371,146.58621410521138
EK202310111631,141.4686825335195
EK202310139777,128.3367694367296
EK202310176357,137.101500468953
EK202310105349,149.62240626585515
EK202310238051,135.49156171832874
EK202310123087,129.3812462130731
EK202310199824,132.95263866047532
EK202310225713,131.7373548439865
EK202310156653,134.65976538674113
EK202310238527,145.34217751997465
EK202310148824,180.60403248481563
EK202310186203,164.0579233101979
EK202310105194,140.76236063849825
EK202310141266,138.25131140498405
EK202310126789,171.09032013421242
EK202310135067,175.48746454337487
EK202310222780,129.5832042310798
EK202310191104,141.06441629820327
EK202310244171,176.4843166437304
EK202310166225,146.16550154822366
EK202310217237,136.78822321466345
EK202310225459,133.00304096948517
EK202310109489,140.06299061537953
EK202310167581,165.5011805511172
EK202310127053,123.46575116508143
EK202310158488,139.95142544832188
EK202310134328,136.62108538129422
EK202310155326,144.8262980532237
EK202310181981,136.6261066413145
EK202310237066,138.35353731734895
EK202310123955,139.62116895816794
EK202310228593,127.78024536312262
EK202310190125,172.46671014978858
EK202310115548,141.67431078882393
EK202310111782,150.60826061410674
EK202310243482,152.23123296158585
EK202310163452,134.23104784165724
EK202310123894,144.01112645719923
EK202310154308,132.80017026310804
EK202310125766,130.71729437417156
EK202310176942,143.27899702793485
EK202310127476,148.84478970898797
EK202310158246,138.9758060872007
EK202310194016,165.69191574919697
EK202310227342,136.40501476210903
EK202310134667,150.32472489820003
EK202310123740,133.92103114922904
EK202310105769,140.10238154659643
EK202310228947,152.63738198602206
EK202310169454,153.63776873567235
EK202310104666,129.5252757224089
EK202310151168,131.717716889341
EK202310233283,137.1023241959298
EK202310172969,139.8600940860012
EK202310209511,141.0233186832055
EK202310185148,146.2503200165038
EK202310181055,148.41819734952077
EK202310153153,147.3151453238775
EK202310187550,163.04846489374125
EK202310107176,139.65880072064718
EK202310144598,128.61984623183648
EK202310139318,128.3871041253064
EK202310160272,163.98121020121872
EK202310195091,137.07498523500774
EK202310186267,130.30313873717253
EK202310204034,143.52030704875415
EK202310128110,145.33759886140538
EK202310119313,143.35276377876406
EK202310157152,138.6866257416667
EK202310189194,173.94727484517375
EK202310115332,142.80118576949639
EK202310213972,134.80956085959147
EK202310174634,151.77499087056648
EK202310141976,129.9193218725911
EK202310217725,135.875992312549
EK202310240779,142.8308609769871
EK202310133212,144.29607534384655
EK202310198208,142.04340554151233
EK202310185889,149.71349279276888
EK202310189206,140.46971074876797
EK202310177011,146.1312461639112
EK202310179732,141.77572506736988
EK202310224354,134.0452452994911
EK202310163111,135.00822281181482
EK202310194747,129.59218929125387
EK202310166854,141.93946420022414
EK202310242694,145.62153493227896
EK202310141362,133.24375125121415
EK202310183977,167.88883784009553
EK202310179207,141.67828059132628
EK202310247546,136.68840452203693
EK202310140989,143.54618586119847
EK202310196104,134.92798817738193
EK202310004793,133.59000680273243
EK202310185123,139.90608255753025
EK202310160604,143.0983886463208
EK202320005906,168.3090802072611
EK202310216868,129.79377189504947
EK202310164383,143.54240831363418
EK202310135531,139.87438526295142
EK202310225232,132.22988755496587
EK202310152968,138.35836450500565
EK202310193329,164.34101742591426
EK202310208494,130.3428980759792
EK202310120865,132.7108490395585
EK202310160731,141.08328367251144
EK202310143803,160.06860054337838
EK202310216607,139.1134475825615
EK202310183415,143.54814084979532
EK202310200013,129.5391411519687
EK202310104115,149.95308764362093
EK202310133379,136.67819933240617
EK202310131060,169.76422592889276
EK202310149753,151.5109919205131
EK202310148087,138.7306882533449
EK202310172156,156.21473596349347
EK202310118569,120.34123554040174
EK202310204670,135.27343428942368
EK202310234858,138.67318225434985
EK202310203722,128.02168306898798
EK202310232168,141.1533307002154
EK202310213536,136.43412183222603
EK202310113341,166.15952965167426
EK202310134517,147.26426685069683
EK202310175096,137.77376059256284
EK202310118503,130.36450341370394
EK202310206791,138.7313221253676
EK202310133225,138.68408771314316
EK202310139427,132.3208544893436
EK202310242973,140.1724256700333
EK202310230311,123.0318436376036
EK202310192098,149.68499238333592
EK202310139654,147.34955319304223
EK202310104039,131.18499547819107
EK202310218808,145.43502477847457
EK202310112932,136.06208018841008
EK202310139942,140.27481861601322
EK202310155659,147.67266871752147
EK202310225247,168.74157525342412
EK202310126309,144.040346274386
EK202310132111,158.96575675459027
EK202310242286,147.90296479867058
EK202310123840,133.38465249570922
EK202310210407,135.94417027249986
EK202310144692,157.98725243941558
EK202310132665,148.56265244808552
EK202310142951,156.12369455197197
EK202310239672,137.39842032483114
EK202310228540,130.5910110143591
EK202310134450,133.06502773889707
EK202310202201,158.17132463290352
EK202310237145,139.49097284005813
EK202310248506,136.35593739004034
EK202310181213,138.31187567133753
EK202310197495,139.73564142756783
EK202320006060,160.5896656319593
EK202310240535,154.83643909538972
EK202310238367,136.74575317946972
EK202310105848,131.53146410307448
EK202310153010,133.82053581121517
EK202310245093,130.81154158885823
EK202310133381,132.95807835324342
EK202310132940,142.18183806468633
EK202320007659,155.8487151622233
EK202310125644,159.74449216455616
EK202310141453,137.1575946537429
EK202310217985,123.07548513837772
EK202310105477,141.3910155429606
EK202320005870,164.8981665245459
EK202310148401,150.28564175882013
EK202310218056,127.21053846439719
EK202310104777,147.86771053530128
EK202310136506,126.55426238396545
EK202310243986,144.59057175084948
EK202310217742,153.47434533722375
EK202310149440,142.92968792428775
EK202310176195,124.35879640673748
EK202310147405,141.38632115121143
EK202310210916,140.89575567096801
EK202310136871,132.8528838462348
EK202310204028,135.6011109103005
EK202310236173,136.69245075368812
EK202310144792,128.5684420768843
EK202310199783,139.37716075065177
EK202310115630,122.41608176520619
EK202310171734,152.49250351111272
EK202310219359,142.12025350417525
EK202310136081,170.9617260028446
EK202310238195,153.5897223687447
EK202310168013,152.04329836937737
EK202310171083,157.45249685473192
EK202310211010,136.52472213658663
EK202310212579,135.62751308440247
EK202310129157,151.52053886370012
EK202310123465,149.03190043699445
EK202310192944,141.1988837055127
EK202310104057,129.0385011493683
EK202310140551,154.80673639718879
EK202310243448,148.3581981335087
EK202310238701,135.87089977885225
EK202310243934,141.831413214068
EK202310225403,138.7412970038785
EK202310194134,138.9606616929124
EK202310223407,131.00089024025348
EK202310164382,138.60203020735554
EK202310136103,179.06829552638195
EK202310208188,138.25698138514872
EK202310145816,131.07476478385811
EK202310214812,141.53998404755254
EK202310202835,155.53109002528316
EK202310125645,142.7075868864478
EK202310121206,144.66956053220375
EK202320006076,123.34077323745579
EK202310184640,157.09365214682632
EK202310141217,132.96788157384847
EK202310150527,130.70691986022035
EK202310125769,135.85384849065665
EK202310197697,156.64477124321922
EK202310206446,153.10572485509462
EK202310151327,139.41633293730845
EK202310175105,133.25877938635276
EK202310139134,163.48902121145423
EK202310119006,146.03592334875623
EK202310109789,143.2697928289428
EK202310205096,143.1732442982127
EK202310118587,139.1139896335921
EK202310171349,170.48211743190893
EK202310212106,136.17330337581012
EK202310191242,147.12575961195037
EK202310200352,137.71366943055193
EK202310128949,126.43156235800967
EK202310122161,144.95014541428125
EK202310201553,143.6549022111711
EK202310139788,133.6371384053261
EK202310244144,141.30842339565612
EK202310003717,164.24063456020968
EK202310130693,128.92605964216898
EK202310183999,158.730522175148
EK202310172800,143.18643721882634
EK202310161242,162.20948772687882
EK202310146441,144.9718921821965
EK202310117631,130.93442176102215
EK202310212373,143.3967990115504
EK202310113819,127.99821140394599
EK202310210848,138.03053435939236
EK202310158047,136.29887792771987
EK202310144950,140.7673720242306
EK202310229677,143.31850131425054
EK202310128529,142.5563258665603
EK202310224957,166.36779498751412
EK202310111880,141.6119583507897
EK202310104750,142.59100520583905
EK202310230949,123.9882838462607
EK202310123557,144.23917746836298
EK202310235606,134.50783212968577
EK202310198394,137.25767598661488
EK202310161777,143.59828565079948
EK202310134912,152.62005058180392
EK202310118238,123.65135113950062
EK202310154314,145.3861551575775
EK202310195062,132.97032298014716
EK202310144785,133.43032718517966
EK202310225938,129.90075286282547
EK202310145864,127.35937246517416
EK202310219409,128.7268246069642
EK202310140726,146.83191571308146
EK202310132055,136.82983350478824
EK202310176826,138.76671640463226
EK202310136603,138.6118012887015
EK202310131597,136.47515720110178
EK202310246396,158.84399368887122
EK202310238453,137.4414042354903
EK202310210356,146.66916936142977
EK202310238874,160.1144637255524
EK202310243980,160.41864269462937
EK202310130204,140.89278682752794
EK202310232972,141.92652286355468
EK202310132480,155.41485514499962
EK202310123064,157.7951717483452
EK202310116125,138.74643911869734
EK202310216605,133.7217695919389
EK202310135031,169.61570009789037
EK202310119678,150.7380379532297
EK202310156982,174.21759856127719
EK202310181434,157.50509267834965
EK202310160699,161.91863479482197
EK202310206737,146.85493213592903
EK202310179993,143.49855035748118
EK202310141387,145.53980924286637
EK202310210766,137.7645946461497
EK202310109069,148.57086567635633
EK202310183082,137.07695161362918
EK202310184893,144.92186358649826
EK202310246516,136.79190832818355
EK202310229143,139.93514095823085
EK202310131062,154.30958736798425
EK202310185681,150.62153581680062
EK202310185540,138.7031103680803
EK202310114449,156.4247459300391
EK202310165928,159.48894044983783
EK202310107191,150.68048538837766
EK202310228437,131.95137478695952
EK202310143843,143.53136425432282
EK202310180377,159.0646879199547
EK202310241530,134.1860144252411
EK202310162708,168.66662158536894
EK202310138305,137.74444060670007
EK202310103875,131.39341843749654
EK202310125471,137.74922481266674
EK202310152377,124.72748038279502
EK202310113683,157.08109114595055
EK202310181927,144.59655749147078
EK202310176699,160.87257723987162
EK202310179246,128.06289887575664
EK202310218837,140.0427521352548
EK202310156548,167.65241586608633
EK202310169871,131.4245499447605
EK202310183587,177.1091809676722
EK202310223255,143.02362901441788
EK202310174418,144.62482153377564
EK202320007116,152.0363520158119
EK202310224284,136.97708803443885
EK202310174549,136.0651953260698
EK202310161579,154.9642187249156
EK202310147194,160.11959156418231
EK202310112625,137.41979644903174
EK202310142795,137.44268723651328
EK202310187355,125.24896140564753
EK202310166085,160.96390250426427
EK202310173662,166.65100694867849
EK202310179128,133.3243963367517
EK202310178324,144.24931948733501
EK202310141982,128.53645504696516
EK202310200610,157.50462090468145
EK202310116989,141.48396795310086
EK202310148385,150.23346331537348
EK202310003411,129.2914615655921
EK202310247578,123.84513726971728
EK202310244685,164.93815163324803
EK202310129901,139.061634152845
EK202310200914,137.66300422359367
EK202310129257,141.81818591227213
EK202310240699,137.5516447528637
EK202310216215,145.4227672893494
EK202310156174,144.1744043817201
EK202310221194,136.98495283745092
EK202310103999,142.9746434211331
EK202310192191,123.05736553089886
EK202310140596,131.56011498948726
EK202310143276,138.71081572005824
EK202310234844,144.65349652711407
EK202310187581,138.81038021730708
EK202310140028,154.48378182056572
EK202310246026,127.75172795506055
EK202310227430,156.9464670089674
EK202310132042,135.75378481664865
EK202310177593,141.2124875488882
EK202310141118,129.91550423284457
EK202310247138,146.98698142483917
EK202310130201,150.25037733084469
EK202310131399,145.42074295005028
EK202310175507,138.65930779691712
EK202310216063,154.15155250453623
EK202310247001,140.96146414849164
EK202310003515,135.020293865632
EK202310174264,129.02745627420347
EK202310169815,138.12588628024506
EK202310110931,131.28924180810023
EK202310116115,140.41938877283573
EK202310124245,134.93898060259684
EK202310201777,123.48905434595221
EK202310166287,155.6138151823003
EK202310212681,159.3367192772915
EK202320006340,167.24706126721105
EK202310155270,133.06799630287597
EK202310115765,134.74242773402446
EK202310179416,132.23561941409335
EK202310115011,121.35811813141315
EK202310159851,145.88809874441472
EK202310185875,138.2355592263545
EK202310195751,150.66047273205527
EK202310212496,133.85558307976066
EK202310134077,130.9372569238027
EK202310125764,129.42355062249496
EK202310219281,129.73517302692488
EK202310138192,123.83578102862647
EK202310227717,130.89907832954594
EK202310178143,134.95531863253723
EK202310137761,143.63937307688454
EK202310239906,133.7702506153278
EK202310190459,144.5541063764543
EK202310115727,131.52116568175686
EK202310244833,157.64156362811664
EK202310107229,121.77201372443675
EK202310224274,148.96601725635125
EK202310194396,170.53771037474388
EK202310134831,138.89062504311985
EK202320007479,149.48305649439683
EK202310170018,147.80440755205305
EK202310177337,161.4320316431191
EK202310119476,138.00757377545443
EK202310213475,136.6614053248998
EK202310206650,143.74300214357842
EK202310231785,132.5357470792923
EK202310222833,152.2286651347801
EK202310187301,135.85872834185
EK202310111784,141.8516025026959
EK202310227788,144.25672400418307
EK202310150141,149.9707968659278
EK202310161536,147.2066971649427
EK202310137661,141.07933820748644
EK202310226163,125.29950165064884
EK202310223040,129.4481797689321
EK202310111512,147.5400739768119
EK202310211220,143.04423373092325
EK202310122194,141.71004363649115
EK202310182104,134.84408357093164
EK202310179334,163.32796796961992
EK202310179331,161.341558882696
EK202310145350,131.28586648626444
EK202310201986,126.22359971513295
EK202310196946,138.23988847273597
EK202310217855,127.9240898454384
EK202310236350,127.23749584479731
EK202310229165,131.41897594015603
EK202310171617,142.41611634385583
EK202310115459,151.85210195208563
EK202310196848,138.61164038723334
EK202310127398,146.6610882232725
EK202310205390,140.2527514043231
EK202310142325,150.63212726094102
EK202310196201,147.28545357678124
EK202310238646,138.86221496588942
EK202310230272,161.31394149936204
EK202310241132,137.95588397341638
EK202310212259,142.10332430435975
EK202310228514,140.94587558589075
EK202310238485,147.07811997737278
EK202310158861,145.09494175538953
EK202310227360,134.60783069446256
EK202310136436,137.46190879746186
EK202310231528,127.32192682629197
EK202310221158,146.41325071169274
EK202310211507,149.24748844500348
EK202310190845,141.23607827342877
EK202310157714,142.18975899019225
EK202310135990,133.49990661120907
EK202310164365,156.88952828756385
EK202310153926,150.81761644602224
EK202310150008,131.67809964607855
EK202310141032,141.58792095054721
EK202310193812,146.5212127083127
EK202310137931,141.27570652914153
EK202310156495,162.74679969847156
EK202310122480,144.21200130416045
EK202310216486,136.06521330016417
EK202310222820,162.74388906388222
EK202310111196,144.03817394383992
EK202310150248,136.31232302571274
EK202310136916,142.79481992378777
EK202310107139,122.1494942100532
EK202310181412,149.87780821306475
EK202310206211,128.52686580425063
EK202310109768,134.95119980622962
EK202310206447,161.71415648491433
EK202310211977,132.6638563143585
EK202310235013,132.56900988459526
EK202320007348,145.03120448500925
EK202310128131,140.06713162067632
EK202310107501,147.00750716549615
EK202310247682,138.64260235766557
EK202310227429,173.62868247509107
EK202310204611,144.91759465242964
EK202310133183,126.07335176860973
EK202310218119,132.57916545420633
EK202310183206,141.82172512160403
EK202310232942,130.69902912132596
EK202310205411,136.70665796511645
EK202310166033,153.41680379617725
EK202310134596,166.53841768880875
EK202310136873,170.59598957909802
EK202310203514,139.46445641370653
EK202310126038,134.77084354316665
EK202310191150,142.6242151988659
EK202310129389,143.8322699087782
EK202310222819,155.99300893506546
EK202310152891,166.37194635456174
EK202310157272,150.08529242747173
EK202310135873,155.12540860158927
EK202310197559,172.66715124946805
EK202310169845,162.27747572851737
EK202310165585,141.02356158476695
EK202310159036,141.48521213066587
EK202320007295,156.48430121002124
EK202310133662,148.98660098670118
EK202310189827,137.77329487940273
EK202310148841,163.41302861382965
EK202310146896,137.72004392679102
EK202310235090,132.38379160045073
EK202310119567,127.5364972897205
EK202310172433,153.6035296803461
EK202310247849,172.5010623069732
EK202310207306,133.60157659290093
EK202310183094,143.550645229115
EK202310216955,153.96788820584553
EK202310192760,165.64255952719992
EK202310164280,137.7645989587361
EK202310203989,155.3929185616876
EK202310239786,132.65541814826076
EK202310105979,155.18698363392738
EK202310003640,139.79068092601028
EK202310240750,146.0157831585675
EK202310179109,137.4059265276199
EK202310150944,140.30970480829134
EK202310201413,143.48965409880705
EK202320007436,154.71792321865357
EK202310113726,149.05120852165535
EK202310122262,123.78366278962686
EK202310224480,135.45511420137566
EK202310194020,119.5786359937497
EK202310183018,158.35832489695292
EK202310181414,156.8853847262085
EK202310113303,134.92523359032333
EK202310108976,142.7700756408013
EK202310160184,135.36210746523207
EK202310210774,127.77858675059612
EK202310161905,160.19514294832905
EK202310142271,140.31859364308363
EK202310172860,138.3211094546785
EK202310145464,130.96299144844767
EK202310004728,153.76188361624682
EK202310166310,147.57183429222917
EK202310105822,124.73535028168037
EK202310147953,148.16262424151648
EK202310108291,153.67243482682608
EK202310240186,141.73809416603055
EK202310136365,136.11549499390225
EK202310221390,147.2265765683644
EK202310229925,126.41796213980412
EK202310141278,129.55757435554912
EK202310246624,150.101229566517
EK202310220360,132.78636363599924
EK202310224653,141.97251132700606
EK202310160368,135.30787723411552
EK202310126911,144.62104756226992
EK202310222925,156.68695590490617
EK202310200594,135.79921336825032
EK202310150819,135.05723069456985
EK202310129913,157.9216437494781
EK202310187155,154.31699700320598
EK202310221177,128.918786206361
EK202310117855,142.72196352044514
EK202310114109,141.5372513089592
EK202310212056,140.67596431735814
EK202310235416,134.44672651032093
EK202310119909,141.1862403318246
EK202310234670,138.5998081278767
EK202310191663,158.36534965765554
EK202310157791,127.90139778972542
EK202310232045,133.5811689696065
EK202310177127,139.27875730214285
EK202310175989,121.16664927665637
EK202310127307,151.42850951678065
EK202310105741,136.05987251805828
EK202310174633,139.05858313492263
EK202310114332,131.40871820395074
EK202310176623,139.45779334939078
EK202310157384,143.16992714852825
EK202310230266,136.6096382251494
EK202310178822,150.75829719043713
EK202310174964,138.8044814531694
EK202310149670,128.96704075850846
EK202310189731,144.00025539250225
EK202310134729,165.01309185735104
EK202310198042,135.49416003513272
EK202310231499,128.49911755210374
EK202310155095,139.70855939932216
EK202310180485,145.87553220948635
EK202310198871,124.12460722950766
EK202310004386,139.35797612891338
EK202310165308,127.07856017999858
EK202310131429,134.4110091640245
EK202310141545,153.3794731678829
EK202310184517,142.01909064830105
EK202310199293,131.38772482527935
EK202310152428,154.71107829488795
EK202310148889,167.37630058575758
EK202310187273,139.40330632462258
EK202310179239,153.41015262585864
EK202310235514,136.70673626448863
EK202310169287,144.7002058853063
EK202310240454,166.85183952488455
EK202310206328,145.7526973424315
EK202310108495,138.240720396687
EK202310213966,125.73826149033876
EK202310196327,139.20101962561796
EK202310167665,150.87374027026542
EK202310171391,144.2076360670534
EK202310183683,121.39648878251776
EK202310157793,135.94798701352323
EK202310156197,138.41715984234622
EK202310198098,132.57422473663922
EK202310146704,140.70722087545406
EK202310218935,134.7456459161012
EK202320007401,153.22945364878058
EK202310137190,140.560935764831
EK202310154815,149.45935321736195
EK202310126612,133.50082359289814
EK202310120357,155.98371111371318
EK202310165826,144.28297072527792
EK202310214388,146.18657575564177
EK202310204549,146.56970806049188
EK202310209491,148.20584381745786
EK202310208295,142.64097830459426
EK202310196248,133.0598794858403
EK202310242787,151.75160140973782
EK202310225423,151.06598780360076
EK202310110863,137.92160124976633
EK202310117182,138.0795384540926
EK202310217191,146.88522273155422
EK202310193055,139.1265508185273
EK202310212058,144.74899039986133
EK202310103911,147.78764410292305
EK202310213355,125.83951917687419
EK202310175342,165.98110196482034
EK202310237346,129.59008552646526
EK202310186492,157.95684933233127
EK202310147951,149.9539056668663
EK202310191447,143.64231448077697
EK202310215972,138.2021081669864
EK202310199031,141.06859465294698
EK202310152507,150.60231559065522
EK202310143892,121.72133422821899
EK202310129112,142.66302482390438
EK202310152184,130.97922084752983
EK202310227166,124.92067009870615
EK202310182576,138.64110059182528
EK202310004383,128.38184280773513
EK202320005865,169.3143988468553
EK202310199455,138.59742669706213
EK202310230815,123.69057253000322
EK202310209305,141.00334511437498
EK202310138624,153.18202648245313
EK202310126039,131.98398482079625
EK202310131814,141.02446260778476
EK202310184163,163.88609570005437
EK202310118608,125.89595727708449
EK202310227117,122.99013459534761
EK202310152007,147.91289577596254
EK202310229187,135.57440412635947
EK202310139035,150.4326122754479
EK202310175328,158.80676565819272
EK202310159155,129.91117858797452
EK202310239122,127.67332913497896
EK202310167140,148.73910748458906
EK202310186155,141.08461953846708
EK202310193982,136.05917527124478
EK202310138270,145.41844960253937
EK202310117049,132.97475765067145
EK202310142284,139.65492440749676
EK202310164426,145.45217487124552
EK202310176396,137.56849587790975
EK202310201189,172.13981654301404
EK202310004591,135.7367182964164
EK202320005991,141.94042857745177
EK202310231608,122.82979796586753
EK202310136139,141.7385399651083
EK202310113238,170.72288362509556
EK202310158141,165.25383629500075
EK202310126316,132.93979496381527
EK202310123281,162.51781800733085
EK202310167569,145.3823806143212
EK202310174151,147.3835182710979
EK202310116527,132.32943966720256
EK202310193916,141.44871821011506
EK202310227923,140.8316577574772
EK202310240783,144.0117122050611
EK202310143752,125.63167849804115
EK202310106162,142.10001021436517
EK202310107199,141.92654358852772
EK202310213671,132.47078534563323
EK202310208384,139.53495971506248
EK202310196006,163.88781678553593
EK202310134465,161.29697371773582
EK202310151047,140.20246857152136
EK202310124565,132.40031006459685
EK202310183135,146.30309132064545
EK202310213685,136.62806813835496
EK202310143407,158.59782699913842
EK202310210115,163.1911582431342
EK202310110851,162.15408772641902
EK202310229392,147.38784303730074
EK202310204386,135.72694306708698
EK202310235968,160.0080636870667
EK202310199913,140.65068316299067
EK202310138545,126.78512872538118
EK202310116537,130.7709899528493
EK202310134658,155.76944275920854
EK202310224022,159.8756859141018
EK202310234186,122.19695881680471
EK202310163888,157.70215808077276
EK202310212249,135.99663073558847
EK202310140225,151.10651797345383
EK202310140896,157.71360274966102
EK202310186538,139.5588953080684
EK202310136216,147.2256370758593
EK202310108888,144.47301066494632
EK202310182062,144.9417394961815
EK202310163277,152.7956414676687
EK202310107567,135.27815624296025
EK202310120960,155.50768264964321
EK202310180719,139.05776733896198
EK202310131600,142.14483139647524
EK202310177372,153.7606327943446
EK202310126121,137.9782512978767
EK202310162878,143.0417511081563
EK202310201167,166.55480607714637
EK202310160968,151.8954862608082
EK202310197271,136.9848931505403
EK202310181868,156.5084507419799
EK202310151314,135.59379529736904
EK202310164572,160.7164845173462
EK202310205777,152.34551432354067
EK202310138104,138.84359338650228
EK202310167840,133.8463028683456
EK202310226831,149.7917590161914
EK202310147830,141.7993510632015
EK202310197709,126.35956600376423
EK202310213022,157.28990063483118
EK202310193283,140.0429946751839
EK202310205081,128.7461641660939
EK202310122178,139.5259304718867
EK202320006555,166.84593317955677
EK202310237774,132.3403248713138
EK202310124965,136.83199048005892
EK202310186156,134.6422746048915
EK202310117980,136.11749920760352
EK202310125951,140.95432230926502
EK202310151873,141.2757886266526
EK202310207092,136.1499796412367
EK202310117489,154.66456178814036
EK202310216348,159.12281042059905
EK202310220010,152.74848484232385
EK202310214618,151.89514551687404
EK202310206863,132.83590244713986
EK202310109000,153.2084717615598
EK202310188574,158.00625982011834
EK202310165717,162.1051377288872
EK202310128017,142.99913914790588
EK202310165060,135.16474121185723
EK202310200674,135.66098334337428
EK202310221350,132.00432712789816
EK202310235065,137.25913791249423
EK202310163335,169.8349176316413
EK202310120881,135.5561937275185
EK202310137678,128.7902827345464
EK202310128015,143.99934294519235
EK202310234830,129.5560415668012
EK202310167377,155.51720617387036
EK202310164502,153.09484938410515
EK202310127391,144.3061612932261
EK202310179523,152.62162338221535
EK202310223246,129.07240758171335
EK202310108837,140.57719467450144
EK202310200232,135.76973188596511
EK202310204659,149.35966913893122
EK202310189046,159.46880320430535
EK202310137247,144.53454235475363
EK202310132734,134.24730208177078
EK202310136878,116.30619318815963
EK202310236360,133.93532565504415
EK202310228358,135.16480133383536
EK202310134060,144.0201678244711
EK202310165565,138.3613171015296
EK202310226873,136.09009257729457
EK202310189864,131.801859762617
EK202310119822,150.56710434813021
EK202310139438,152.49126694355402
EK202310190768,124.28731137061588
EK202310165094,141.40295528596093
EK202310138047,133.6689376491245
EK202310166258,149.9049778141143
EK202310229510,140.9091125435524
EK202310226767,148.8881880856666
EK202310141133,143.39515033623778
EK202310109811,135.7325867632633
EK202310150474,173.0128250478718
EK202310179190,121.89707852279442
EK202310196236,134.6580216848636
EK202310209246,156.14579414980645
EK202310197990,145.9423333808686
EK202310207124,133.83878807094084
EK202310212257,135.44701785973757
EK202310108488,148.1186885876215
EK202310103709,132.46125760758326
EK202310232504,139.5542170545487
EK202310134238,136.2464374567767
EK202310123117,130.56809621734698
EK202310121605,143.63396914414656
EK202310173315,146.2428738935474
EK202310121739,133.7706899256678
EK202310208354,142.8123566657273
EK202310161392,141.17653781423033
EK202310234724,124.08829376166133
EK202310111484,142.28838936026344
EK202310187014,137.81445950316217
EK202310104426,123.43569792644891
EK202310145898,126.14431181629051
EK202320006067,166.78795271183048
EK202310188463,158.5911241726265
EK202310140762,142.34622256692916
EK202310218714,149.9880701829182
EK202310243661,140.13150546836926
EK202310177326,141.66207463185722
EK202310234236,138.95123571266552
EK202310227958,134.77980606825014
EK202310118900,145.74640906136804
EK202310165267,149.7781059272803
EK202310230827,144.87992198288538
EK202310171222,141.8772626097921
EK202310162860,145.73798014089792
EK202310235544,158.54645382703393
EK202310161220,150.01844181925009
EK202310121708,155.324368113822
EK202310179835,128.41970467454325
EK202310239604,133.13799447030746
EK202310219818,130.9808115984984
EK202310161568,151.40621957745628
EK202310160061,152.92194916144106
EK202310110380,140.67559496198237
EK202310246413,134.78356690428527
EK202310235850,146.5980018531506
EK202310165684,141.06108321818377
EK202310104090,127.5786178458398
EK202310243966,134.763360046411
EK202310228270,135.580020152024
EK202310110387,155.87567348919842
EK202310152984,138.28438066673914
EK202310223888,130.55198295327673
EK202310204934,139.50457087860408
EK202310162381,148.73181430429523
EK202310197868,141.81877346984152
EK202310107186,120.26341540865599
EK202310163263,131.68168305491744
EK202310198200,141.55741050877737
EK202310211345,146.5396481449916
EK202310226051,138.20538040338462
EK202310123297,150.39135290628795
EK202310140795,135.30937885101116
EK202310207289,127.71333903011309
EK202310225168,138.2955452197168
EK202310183349,120.45065764252571
EK202310105114,139.19042135362818
EK202310176080,152.07402042094762
EK202310179405,155.14357644245058
EK202310190274,153.65268782083052
EK202310132186,137.8670983535599
EK202310146444,144.05061356404948
EK202310225702,140.75422496109064
EK202310218239,134.7130621883729
EK202310147577,140.750522110477
EK202310183811,161.76562465629604
EK202310162937,131.3433634521786
EK202310157881,160.86671475913965
EK202310207952,125.43860765574155
EK202310141225,141.30126992934652
EK202310193030,154.44639073642765
EK202310122847,121.32299999641609
EK202310165669,135.62545735648627
EK202310114924,164.45604028780107
EK202310218309,142.88273508626068
EK202310208489,161.3803797773352
EK202310179997,144.07790179289105
EK202310147027,151.82910286252655
EK202310004319,126.5476766514368
EK202310175632,122.78184636546099
EK202310189340,158.5996974495175
EK202310177526,152.15692493217705
EK202310207611,153.65154023429352
EK202310194660,136.0246757906032
EK202310229979,137.90208493984363
EK202310240147,168.04595953758368
EK202310211637,137.43162105716524
EK202310149224,131.8267957399322
EK202310177662,135.82839600075786
EK202310179984,152.26984028451136
EK202310228864,155.01568301581116
EK202310180524,164.65447112847332
EK202310229356,164.20734838097613
EK202310149225,128.83391546951762
EK202310188850,162.77370938732724
EK202310237876,146.430500997767
EK202310219004,132.59332153548036
EK202310125299,123.2603078226086
EK202310156188,137.88794107640038
EK202310238230,139.6922519258167
EK202310187694,135.49366212336875
EK202310158043,129.16991934780697
EK202310214647,147.72990333151844
EK202310221207,125.0882570437206
EK202310173575,157.3208462803215
EK202310113008,150.80247046069636
EK202310239053,134.37955493829125
EK202310104640,124.71643906821025
EK202310241514,135.77330554870727
EK202310004700,167.40169860263666
EK202310162482,135.84490410290016
EK202310119906,135.9505850944788
EK202310153205,144.7477677596033
EK202310114919,132.87372144124802
EK202310235152,122.74871725728876
EK202310203791,131.4699371847391
EK202310123842,149.28386732133208
EK202310141447,155.21676203868185
EK202310192629,152.23627780352518
EK202310244491,148.26288235229399
EK202310216050,120.74999829803855
EK202320007061,139.9951129851911
EK202310217253,134.39742682008352
EK202310187351,157.0958568800772
EK202310247064,140.2071616475032
EK202310215396,144.01999908925032
EK202310109791,152.15826241376223
EK202310238972,153.71166470307872
EK202310210241,145.7990546409957
EK202310138585,158.36407817200373
EK202310215255,148.7887811959711
EK202310181801,158.19238155545827
EK202310124314,126.70604403546396
EK202310175289,150.0553591687542
EK202310198498,151.76744475183264
EK202310154216,160.81441581343594
EK202310226242,146.02791053172223
EK202310127354,144.12585774894254
EK202310179264,142.52916902993078
EK202310139507,153.7114046854604
EK202310129883,148.39511113531415
EK202310232951,149.1737542968918
EK202310233288,139.39852581744574
EK202310121403,138.3398261295617
EK202310158908,143.60858155233072
EK202310147431,151.86162152965755
EK202310138917,133.6598724160073
EK202310149611,147.15680381727086
EK202310221612,152.39553830518108
EK202310143554,126.768487370139
EK202310172722,133.5710027794996
EK202310199773,129.84641354461064
EK202310127375,151.45686304882145
EK202310225978,136.49088053276773
EK202310227248,139.55463212965728
EK202310116384,147.48025816654857
EK202310180690,158.45244047478846
EK202310122858,123.8919482266771
EK202310226310,136.13106542439812
EK202310195569,154.5298233433924
EK202310198823,137.9323573520683
EK202310121439,140.01014444102722
EK202310161947,143.19143111247666
EK202310232604,129.3058562535082
EK202310149617,139.90849867630556
EK202310146783,132.00543473332635
EK202310176164,155.28239312792928
EK202310135912,129.09355878960534
EK202310229257,164.19996557300877
EK202310235094,130.82152067332177
EK202310118246,135.35886890548804
EK202310185828,144.29609704537347
EK202310106494,143.63607340522174
EK202310146544,153.4777941130724
EK202310227579,134.88980343397972
EK202310248311,142.0864378673857
EK202310204884,140.13740701355786
EK202310117059,139.8610918050734
EK202310231772,132.65612684998288
EK202310139447,135.14452598513853
EK202310189968,154.01753739529266
EK202310185749,132.27645917525533
EK202310110703,127.65410935994244
EK202310237233,129.94872482184658
EK202310240881,151.83734347608026
EK202310125013,157.29994356426008
EK202310128536,128.07168218583968
EK202310153537,150.0555872312018
EK202310190471,145.62407879514248
EK202310151841,146.43780872029689
EK202310202685,129.77232059378468
EK202310105765,139.7972386384204
EK202310136470,124.28437299532895
EK202310202012,137.09926072672982
EK202310125711,149.24061703746375
EK202310157673,125.02684683845847
EK202310164027,145.35856595567546
EK202310151517,145.88622377449778
EK202310180147,128.5136769581516
EK202310198373,157.57750877903734
EK202310204349,153.16468599339134
EK202310219251,132.6409492523189
EK202310172594,143.6214258971841
EK202310179118,125.90007003559008
EK202310150133,136.676110939978
EK202310165331,161.78815741373512
EK202310163772,138.86117341094592
EK202310126377,132.20909279742696
EK202310145984,137.597321154255
EK202310246976,134.4035112600923
EK202310113703,148.0469505353705
EK202310232392,150.8919190773396
EK202310236403,122.94280830879826
EK202310139475,140.19982963501883
EK202310192609,150.98404899539358
EK202310224294,153.54645593191643
EK202310152213,133.85482305494693
EK202310108540,153.37729491099742
EK202310210085,155.08724250697418
EK202310226804,137.26856272296044
EK202310137397,139.65527572872298
EK202310117951,129.26703828341834
EK202310193300,153.57565102345495
EK202310106304,141.4714275626397
EK202310129954,158.39406062088256
EK202310215057,154.6386104403949
EK202310139115,142.87522548199973
EK202310212736,157.96136119118867
EK202310135023,142.1473581255243
EK202310139581,147.74445843293176
EK202310199274,126.60956507114875
EK202310211965,121.86210419155319
EK202310246061,132.43095663517235
EK202310203442,139.6239091940947
EK202310181526,150.90665506706887
EK202310193412,133.92458241419024
EK202310139031,125.00651859723348
EK202310221231,138.35026241214763
EK202310134998,166.81891927996972
EK202310141687,155.3537658475926
EK202310197304,145.24283754849688
EK202310201782,140.7722333447695
EK202310135431,161.54897694395572
EK202310208259,128.37412699320322
EK202310161380,124.38811486319999
EK202310186230,163.1753285296639
EK202310152403,148.12368380621825
EK202310116913,132.72467376086618
EK202310244061,119.88222342841974
EK202310135475,144.31560501283195
EK202310165270,140.15271254798634
EK202310138939,136.13871156708373
EK202310141892,132.42558740892918
EK202310124993,143.08550058675092
EK202310170388,139.60910629228547
EK202310157255,138.46056454645313
EK202310133503,163.8961902624573
EK202310175284,130.15773837031952
EK202310241462,131.27240028341646
EK202310154232,134.01491325725604
EK202310163615,163.84234412504904
EK202310197907,159.7743849536708
EK202310186389,132.96229930319964
EK202310245749,129.84724171624995
EK202310219676,141.2443341591432
EK202310190121,156.05509491173342
EK202310209264,138.4529895637061
EK202310210983,138.49240829206795
EK202310187936,138.04173957525902
EK202310133895,138.4333698175833
EK202310186472,168.90901245969886
EK202310206380,138.62945531912206
EK202310193643,147.25455901299188
EK202310225084,161.18294183166915
EK202310220518,139.10130089751533
EK202310169406,142.27946405589446
EK202310237549,132.63082205757692
EK202310109909,166.3119240734505
EK202310212592,133.04324044757888
EK202310179751,128.45752138676156
EK202310112820,140.23854027657433
EK202310195293,128.88539048411184
EK202310236702,131.7575350699089
EK202310145993,142.3171223251063
EK202310222902,136.05686831196724
EK202310189301,167.89987126963263
EK202310205807,143.09448607788102
EK202310163101,142.0052624723907
EK202310203688,135.60626799557875
EK202310174439,163.6116513926159
EK202310156353,168.7287743458573
EK202310162723,132.95914812218868
EK202310212065,132.88904322908286
EK202310004255,141.41484993710736
EK202310222006,133.4537956510385
EK202310194790,138.64313811821057
EK202310106043,134.5234388161687
EK202310242730,134.4678024955526
EK202310242586,156.50778925052575
EK202310176604,148.25744398732667
EK202310109635,140.31048517521154
EK202310216117,130.14920734067303
EK202310116981,148.7815395533708
EK202310221657,133.0910968053347
EK202310144341,127.83893340958836
EK202310228428,114.10439583847439
EK202310146265,141.8182758583883
EK202310209443,135.26040616864907
EK202310218588,129.9565569818935
EK202310108618,142.82303328427932
EK202310121760,139.82666480485307
EK202310107369,137.10871557122192
EK202310115437,146.45081570337442
EK202310187394,149.06106194280937
EK202310165757,134.75854314768276
EK202310195111,149.58639939729144
EK202310188262,164.55648529842503
EK202310124663,144.17025030860972
EK202310143110,137.33702201691023
EK202310211384,145.89475797820492
EK202310118553,145.1177039578627
EK202310149358,164.11185902972454
EK202310164859,142.56048056760324
EK202310207799,141.802529845424
EK202310172115,141.87967953085806
EK202310215359,142.2080672181175
EK202310161036,130.88380299714802
EK202310223447,137.24137044511195
EK202310181639,134.67102018699597
EK202310204435,148.6046696159656
EK202310104184,144.56868210448422
EK202310160295,154.82902047638387
EK202310192033,156.33893583185616
EK202310168110,154.09620016585214
EK202310189097,147.80331661133127
EK202310167385,135.09441116217857
EK202310109968,150.2213921591929
EK202310198949,142.50869595698418
EK202310197617,169.6198998746389
EK202310108360,137.70896601118122
EK202310159270,150.47119319354243
EK202310145269,145.6717097399489
EK202310188812,125.10005257429445
EK202310125988,139.73473780707639
EK202310112939,127.02160284187737
EK202310247895,145.13735642403213
EK202310131311,132.67705871525123
EK202310183854,144.69581557452423
EK202310219712,133.53837345139456
EK202310160911,160.02770000449323
EK202310231162,134.75577038497184
EK202310135041,166.12241846519626
EK202310212037,139.86575504574782
EK202310226698,134.22283449257688
EK202310134750,131.31150282792242
EK202310148234,140.58998665215302
EK202310174532,153.9114734437938
EK202310109167,128.3213207376681
EK202310197750,154.9614313992387
EK202310164476,138.50649951013207
EK202310233270,165.16932178282556
EK202310135322,149.00300065556254
EK202310209231,136.18945011361933
EK202310202820,138.88883812730427
EK202310174302,148.9765210110481
EK202310125602,134.21975359628624
EK202310158386,139.90972207436562
EK202310242062,139.91288229777243
EK202310141111,134.71090026079614
EK202310136233,138.24443744158125
EK202310236818,135.0072525783457
EK202310184555,133.2708585681322
EK202310198830,147.97726037952188
EK202310151478,162.36062294418005
EK202310231437,130.1695754088403
EK202310150468,152.43230167241754
EK202310241943,151.23318698040993
EK202310231053,132.80579081419035
EK202310154428,153.54085793321886
EK202310192603,163.12400170450496
EK202310161912,145.6422539419225
EK202310130902,128.53729805418786
EK202310183672,136.39419923366307
EK202310227046,156.74372561792475
EK202310166255,135.68935616101226
EK202310137864,121.5075073879765
EK202310116959,141.2662242833245
EK202310238412,139.67431506959502
EK202310171649,157.9764536150546
EK202310193766,140.20979342173365
EK202310123847,159.867343463268
EK202310146498,136.79017607319113
EK202310239626,140.88482785374688
EK202310195302,134.19944131648631
EK202310212103,133.7010607872213
EK202310192877,122.77865351029573
EK202310111009,135.04491432401653
EK202310136743,128.8320795952309
EK202310195641,144.27264588192256
EK202310227516,155.6169670826813
EK202310115577,143.0572592009711
EK202310215165,136.26657109064806
EK202310138284,170.11837890988795
EK202310126665,127.34446284189731
EK202310239150,128.88894843638118
EK202310203149,155.748125402418
EK202310193960,123.31759941048094
EK202310171451,132.79344692651406
EK202310121337,129.64229546735797
EK202310117375,135.61763875044144
EK202310220920,135.0375939387255
EK202310115368,135.9512352609013
EK202310156865,157.60019501550207
EK202310185189,139.08239907646742
EK202310122055,128.481877214703
EK202310215356,155.30629116764925
EK202310147958,142.55090695671817
EK202310121750,122.40978004828256
EK202310173060,136.7331143488176
EK202310163776,129.19777104395843
EK202310220192,139.38027592797678
EK202310218549,143.26926993541502
EK202310157001,170.78398455416155
EK202310225119,143.25984699842354
EK202310204051,142.71619394056165
EK202310122949,135.73182361610145
EK202310121503,123.17431531991083
EK202310131147,141.5937417591822
EK202310108909,146.5802799457365
EK202310151114,137.75227290017835
EK202310233392,133.60349567818176
EK202320007141,149.56660013939285
EK202310164522,146.91687422171938
EK202310177297,142.068415856343
EK202310210546,142.1061147327367
EK202310184589,131.66296169003334
EK202310212117,138.94208133090558
EK202310133272,135.06397287637313
EK202310205158,135.60333180677011
EK202310174636,140.15889508409325
EK202310140946,142.89384133386713
EK202310117042,133.87549098454704
EK202310134320,144.45712514371954
EK202310229429,144.75500220494334
EK202310106153,140.77589971944366
EK202310247761,170.83970645372798
EK202310227271,135.0441495837283
EK202310239428,122.78574434916794
EK202310215784,141.11026387718243
EK202310210318,132.21592330027482
EK202310141900,136.2242534799727
EK202310184802,176.27886196352057
EK202310165235,151.14310367707128
EK202310171404,133.27647114060076
EK202310210573,136.85879435004426
EK202310210122,140.24490181401595
EK202310150189,138.63001575441663
EK202310156048,150.75123013868745
EK202310172500,162.76651140874574
EK202310132244,130.09023600340643
EK202310245342,139.08968666227318
EK202310139313,134.0798665921434
EK202310207856,141.76905547201426
EK202310116311,131.6630554432903
EK202310208589,156.05677390560354
EK202310136325,127.59995613742718
EK202310248759,126.07768414338992
EK202310198653,148.82213124630846
EK202310195491,159.7498655096426
EK202310103816,139.84480066282578
EK202310207373,145.42341046526772
EK202310227064,137.8752206603615
EK202310138546,144.72086998614844
EK202310205952,129.91655410428777
EK202310212677,137.1871040606261
EK202310228148,131.4107882701941
EK202310107729,132.29155871129737
EK202310211277,149.98848630326395
EK202310195545,138.63968233706726
EK202310116564,155.57356943446825
EK202310184823,149.58470455000827
EK202310170543,168.38306139753288
EK202310193619,130.65064394189585
EK202310239035,161.04069373162673
EK202310133171,143.16275957101644
EK202310227136,141.38998980039437
EK202310142625,127.13962498219834
EK202310244169,135.0673423939743
EK202310246581,134.94305404856712
EK202310165380,158.21786358064534
EK202310193395,130.49989865177764
EK202310109332,134.78576098076604
EK202310163291,165.96104317297528
EK202310124290,141.13298776931904
EK202310215739,132.99698877832685
EK202310241146,145.14346054804648
EK202310124580,138.6432407687444
EK202310211475,136.32278606289597
EK202310004503,144.55773481291268
EK202310143151,136.57050992815303
EK202310136531,146.45370679331637
EK202310119568,137.47929959954567
EK202310107515,137.97675778168988
EK202310189886,150.1204462491226
EK202310124398,133.3261981952578
EK202310125848,137.94101060367402
EK202310211088,131.165575811084
EK202310156421,163.7880853504632
EK202310157177,151.53345256683724
EK202310211323,141.33039208914727
EK202310202592,132.42237550501287
EK202310194894,147.12607126433392
EK202310215071,139.01767458439923
EK202310202956,146.26103989249185
EK202310234488,128.5140951650994
EK202310187089,130.4637153970877
EK202310227517,145.95578930875183
EK202310170551,155.26687653140516
EK202310189993,145.68929698912686
EK202310149202,136.97934548142305
EK202310229780,128.58345373647225
EK202310245465,133.24724650453078
EK202310218891,139.599283314994
EK202310124812,166.82842345917317
EK202310208935,144.29801544447432
EK202310140658,134.55025588303513
EK202310183874,155.06797769913
EK202310107413,123.33158806273582
EK202310194042,137.50878853484048
EK202310157446,142.68516648109346
EK202310199004,129.17109282300734
EK202310135601,128.29955277918862
EK202310201970,145.19239031229552
EK202310139356,140.08551689405027
EK202310134175,132.10134838946954
EK202310108539,149.03451527342898
EK202310177643,124.1187351985945
EK202310103821,138.3317666263613
EK202310206740,169.08285496400086
EK202310131433,135.9788176322195
EK202310204350,135.2250848776429
EK202310225071,136.17472422908963
EK202310211718,131.81782358286435
EK202310131849,146.23805515965998
EK202310153172,150.48684167051616
EK202310132642,136.89744213132744
EK202310112845,138.70719248683156
EK202310177008,147.5088072727108
EK202310130444,147.6781653199898
EK202310147078,141.00150363863088
EK202310208564,148.74291239218394
EK202310194298,136.81727197647103
EK202310228548,141.91222236379028
EK202310187217,140.59277722614524
EK202310171794,132.72776723184955
EK202310174423,133.71034542616653
EK202310186521,149.4268649568273
EK202310189274,171.15171199612095
EK202310128594,129.53981693214484
EK202310213657,127.16300347523938
EK202310136140,121.32535353253412
EK202310144986,132.22165857080486
EK202310117312,139.0919661020349
EK202310165610,171.6688630728008
EK202310130595,135.23707717468537
EK202310004575,134.44853095508276
EK202310119145,149.64300099903838
EK202310179788,135.1760734144766
EK202310247106,145.9237792101756
EK202310118131,134.3468752407604
EK202310144354,128.49495352916364
EK202310192108,144.42520527707453
EK202310169582,132.67844668154913
EK202310227386,129.48429151973104
EK202310174182,139.93075543359186
EK202310222783,128.27878558087383
EK202310178639,149.60453558552464
EK202310245259,118.10872080202886
EK202310167257,136.54282955952047
EK202310162914,127.28383299797711
EK202310004463,138.80448343472088
EK202310207893,150.0355028046562
EK202310148230,142.24667510592323
EK202310116055,139.0613069539764
EK202310224157,156.29561413089718
EK202310114888,133.58583474629518
EK202310195337,163.0994783459384
EK202310216934,160.92309125691403
EK202310216677,162.21538716144335
EK202310188580,129.6134085610939
EK202310219727,150.16755721438008
EK202310166001,137.7452790768013
EK202310229705,134.46972332745338
EK202310209871,144.23091429360215
EK202310196361,137.18956453835085
EK202310234245,136.53095179133985
EK202310138920,134.4216794330874
EK202310122618,137.991356422419
EK202310175727,153.98058773395388
EK202310155478,145.56167313173572
EK202320005560,134.35011670945593
EK202310110719,154.06868779479913
EK202310136240,152.4489906894849
EK202310186251,155.67899863779135
EK202310216248,136.59226410354287
EK202310205301,149.00164270059824
EK202310211409,133.98719339531863
EK202310154889,133.5234063941491
EK202310133167,146.71950179837523
EK202310190742,135.89538803193147
EK202310181049,146.54270637186164
EK202310190345,146.92004540115047
EK202310223134,170.34337442581193
EK202310248510,138.5017321467536
EK202310177287,148.47274345836865
EK202310127550,127.47701670193821
EK202310118313,137.57468594347108
EK202310222760,140.0200507422644
EK202310112189,130.85176581378042
EK202310141089,124.66309758657633
EK202310132200,152.1185334609444
EK202310221040,140.27147274067724
EK202310111716,153.65255848481218
EK202310206062,120.74983463298132
EK202310209855,146.435089794695
EK202310104428,135.8289921123018
EK202310177723,139.9794432518275
EK202310003367,125.0644922166967
EK202310182125,142.4752908535963
EK202310194084,153.87890308044504
EK202310211789,140.04650468062633
EK202310132488,151.39120015259704
EK202310142803,133.13166095454116
EK202310181723,154.61628848096476
EK202310103735,128.03478257352225
EK202310219083,140.99101805903234
EK202310215988,130.0378446425382
EK202310234414,121.99310881648871
EK202310203900,126.67499513081727
EK202310137717,129.26638103114533
EK202310112769,136.82570689883227
EK202310160354,125.03537010248945
EK202310105028,146.64471989402458
EK202310128626,146.2136441257902
EK202310206626,152.63170844516333
EK202310247911,128.74211129639383
EK202310156966,145.99074385418913
EK202310111774,138.44853566481086
EK202310141388,134.09103868064344
EK202310105367,143.98162974147957
EK202310138470,135.36362939282466
EK202310238177,142.41872368900124
EK202310169946,156.83888441569457
EK202310189158,149.78469286898076
EK202310231981,129.50015773503986
EK202310174508,131.909873168759
EK202310110650,120.88815367313904
EK202310195172,156.62414661029987
EK202310188961,138.5153409310726
EK202310219185,137.2519201019292
EK202310208623,135.57117243983976
EK202310128662,129.66230483799322
EK202310185661,142.60538214471404
EK202310157894,138.92483029211783
EK202310200928,150.23381089320185
EK202310004224,134.98081252907807
EK202310150214,132.23067542236706
EK202310111969,136.03303348557907
EK202310129506,138.64488713542394
EK202310127186,153.35176656055646
EK202310173377,127.9324069697104
EK202310163570,132.90154473172478
EK202310196742,125.33824773405166
EK202310167664,155.04622543579296
EK202310148814,145.0651929081298
EK202310200567,170.0482732906991
EK202310168414,156.41103551147947
EK202310203613,154.5403920222323
EK202310247919,144.98264360260458
EK202310200083,175.96538570237036
EK202310148844,134.0281207201185
EK202310159721,151.11357734242625
EK202310131910,139.19844303231062
EK202310153522,128.19292362209998
EK202310212250,138.88676613455806
EK202310111147,158.59730062256057
EK202310170237,138.1414622165398
EK202310166954,143.39281503235935
EK202310193804,134.3129938467125
EK202310180730,164.07297015814103
EK202310004363,155.4658273727237
EK202310123533,126.45582218351062
EK202310235018,137.52643304537818
EK202310176008,139.1404695514206
EK202310151334,124.57667085622127
EK202320007865,164.38858306620716
EK202310236423,136.74259820952335
EK202310130270,158.84629867208443
EK202310220333,130.89990261552154
EK202310196344,133.18629992309715
EK202310218805,149.1319254450467
EK202310116838,136.2889629721237
EK202310185359,137.7064859026757
EK202310150318,152.26297129434442
EK202310121733,130.0755000694721
EK202310242000,158.4330196148306
EK202310193114,127.05739080787183
EK202310171559,132.10746273111204
EK202310122635,136.89278640915762
EK202310167040,161.95030504264074
EK202310166470,134.00756076748263
EK202310195612,147.6877023362186
EK202310233457,139.07489869135154
EK202310185055,142.74677583972922
EK202310177519,146.63535231865768
EK202310247329,168.17289467521857
EK202310195549,165.47281654317754
EK202310144213,134.8027371663787
EK202310135438,155.59373779913687
EK202310226468,136.71264172494614
EK202310105289,132.48696017207183
EK202310120252,147.74114860908705
EK202310176662,134.56787749847513
EK202310114289,138.25408608631093
EK202310126976,140.13501391345395
EK202310207593,173.00503343721218
EK202310114272,123.69229931379944
EK202310199080,139.40071134764935
EK202310122669,126.57930490983334
EK202310180804,157.20545638724982
EK202310204732,147.45288390282388
EK202310200464,138.35845613299162
EK202310203808,134.5274220445065
EK202310212010,130.64349427124944
EK202310245942,138.28366936738368
EK202310004694,136.7048470332359
EK202310155200,140.35461468904788
EK202310164369,143.297946077582
EK202310126268,142.1556283592235
EK202310170105,163.98961290312707
EK202310225963,144.7350833406589
EK202310114547,149.22271255195238
EK202310236239,134.09795527861692
EK202310112862,135.32968571606278
EK202310109972,157.8635690096926
EK202310132643,134.0197985955263
EK202310132419,155.85270509633622
EK202310161002,145.18523491232762
EK202310189189,134.67530526935195
EK202310148790,153.94062146892716
EK202310169154,167.2202726969479
EK202310196747,161.02819903935796
EK202310122266,142.91282974366646
EK202310115421,127.2691726849428
EK202310180521,147.52371464846766
EK202310167786,143.46781537005498
EK202310167076,152.76868609858968
EK202310168839,132.79777624895252
EK202310110674,134.77068459374522
EK202310236684,125.83635199864646
EK202310128770,130.77047682786178
EK202310244917,144.97318958062286
EK202310128367,148.20889962495878
EK202310129004,129.22269718877234
EK202310231478,130.33043484253642
EK202310178172,130.6913576546546
EK202310180564,153.381185297867
EK202310112326,130.26503885996442
EK202310200330,138.65199287959513
EK202310138725,137.73647539617664
EK202310177009,150.39031870844033
EK202310220598,160.80853610355692
EK202310200436,142.36371856240675
EK202310242674,144.98172054561533
EK202310222668,169.06678930061105
EK202310118184,135.01327413325905
EK202310138203,136.12503656943656
EK202310118829,147.05136790720616
EK202310185969,137.18533245520325
EK202310216351,132.24968080115846
EK202310187284,129.3941100552134
EK202310218216,150.10405811108546
EK202310219259,128.8631599221303
EK202310120929,139.4724879926264
EK202310108093,144.4150405596178
EK202310142267,148.1810560182701
EK202310174980,142.6559284161556
EK202310114009,147.4097229494434
EK202310242966,141.48887458332476
EK202310147064,143.67601250037595
EK202310223815,139.44454835504754
EK202310185149,156.8156675687708
EK202310173756,125.036387467042
EK202310212549,153.77258975096444
EK202310122123,127.1933055687023
EK202310148593,131.53715442916166
EK202310203858,135.42317376740448
EK202310194323,142.76890887341045
EK202310210067,134.3580799834481
EK202310247362,131.47196504416857
EK202310179728,167.2236293860669
EK202310135263,137.01430471254744
EK202310228041,160.0178218645235
EK202310198439,145.29129502218294
EK202310224121,132.81269905817985
EK202310176263,130.33950199277757
EK202310210520,134.94004611355902
EK202310153558,125.86815162536988
EK202310201528,146.234160425125
EK202310204700,135.9115417457584
EK202310199855,146.2533292940902
EK202310133334,138.22379339236704
EK202310125891,130.77980470068323
EK202310149237,138.09018488023716
EK202310207352,128.24890034010792
EK202310143244,167.11030532392056
EK202310173902,147.4992848300963
EK202310204441,123.84883840152568
EK202310154510,147.87238247225582
EK202310197593,158.7623913442451
EK202310139918,136.32013963003968
EK202310143944,131.30671506139385
EK202310182605,133.95234688731685
EK202310113041,138.44418757160474
EK202310108339,144.3079171568688
EK202310177699,140.19832382204208
EK202310158001,155.68581367212238
EK202310243619,134.30851877614992
EK202310225367,142.63462609437804
EK202310148561,142.0307321154694
EK202310242689,129.28729803365033
EK202310146006,149.29412203236853
EK202310200037,142.13398261867104
EK202310186473,132.52960225805484
EK202310105390,136.95188728717426
EK202310150556,145.46993881436302
EK202310180347,171.05097681450087
EK202310203230,157.07580083980898
EK202310200016,141.94890029520997
EK202310154269,140.15802517879814
EK202310128087,166.1159901332672
EK202310122816,147.4494775646256
EK202310134877,139.7397418402177
EK202310195490,139.5105086180475
EK202310209715,133.21366057567656
EK202310236837,140.1520968763807
EK202310196435,127.36893763216531
EK202310139068,156.90637002178033
EK202310171012,164.83959071708148
EK202310150360,141.00140773551226
EK202310222353,153.59223492840334
EK202310197842,157.88312284807967
EK202310188412,153.52315935712795
EK202310153874,139.25327508615734
EK202310213199,136.62883514466262
EK202310127730,154.25960336646827
EK202310215194,133.4733791193266
EK202310126576,131.94279303950884
EK202310248182,135.2904041200295
EK202310198801,168.53112130381515
EK202310198160,133.33957472269492
EK202310198294,159.57057030142667
EK202310167705,126.37629738182396
EK202310217704,139.00653409466904
EK202310145831,134.63134001074158
EK202310105308,138.53253631124832
EK202310230902,135.87617806906013
EK202310202412,133.01295843308955
EK202310130126,150.3934023395155
EK202310193563,141.7987081390058
EK202310130811,133.58206294585932
EK202310169126,147.62852446625365
EK202310107052,161.1071282811804
EK202310134315,124.55010274936657
EK202310230590,128.15976966585222
EK202310212377,135.6483189060843
EK202310227080,139.65823490507796
EK202310124256,169.98417678358197
EK202310219252,147.94617679326714
EK202310230033,132.2239122270411
EK202310117668,135.57994158192014
EK202310228344,137.27389222076636
EK202310233855,132.85357076733197
EK202310147814,142.56666322586617
EK202310107881,141.69492856983788
EK202310230203,166.46504795590914
EK202310177383,163.36740636604242
EK202310122567,132.7559119806358
EK202310207619,152.48711983084164
EK202310202333,132.59401563071805
EK202310189380,136.52748811574375
EK202310180057,139.60057940808218
EK202310202234,140.17879066546885
EK202310233426,162.13347300496127
EK202310175207,135.07124206750737
EK202310204631,150.72396533546097
EK202310194398,140.7096529303294
EK202310139820,141.89315419023075
EK202310116562,155.68611963581975
EK202310229058,129.88883262794243
EK202310247161,131.4149964667661
EK202310189860,139.41915062504458
EK202310104099,129.78951998627917
EK202310244738,155.2079609029814
EK202310247933,140.0236016042133
EK202310149446,143.8418586986116
EK202310161930,138.31736603647934
EK202310116286,155.344765604826
EK202310109850,132.70364869754368
EK202310204890,124.43850563762973
EK202310124176,128.40445138314465
EK202310231512,125.2553641606579
EK202310157031,149.62004608796687
EK202310219683,139.4309865810348
EK202310105922,127.70519395840492
EK202310003444,144.7636870948158
EK202310128205,118.79459182532143
EK202310136781,160.95885274448872
EK202310195373,161.12025990968218
EK202310140338,133.05402532450537
EK202310178676,146.531007716452
EK202310234329,149.30549295242815
EK202310115125,157.00421991117963
EK202310219503,122.66294228173255
EK202310201769,139.77252910127248
EK202310139458,127.73729955172765
EK202310194338,132.26712654317888
EK202310223572,134.09361802082387
EK202310125065,158.5426120932971
EK202310227016,131.52134817408026
EK202310176702,157.3341276682015
EK202310155243,147.3223435197888
EK202310192723,154.42510162073097
EK202310198191,150.01173664257374
EK202310105422,132.79742976290666
EK202310105777,144.65534243999156
EK202310187970,139.5921983903223
EK202310236294,154.36210721631255
EK202310210632,140.86287927932895
EK202310122661,149.78607747735825
EK202310132816,158.36998502601693
EK202310221993,136.17248411714328
EK202310235308,148.08208933189434
EK202310232426,131.45347161825754
EK202310225207,130.4556135891858
EK202310120329,134.10697374650658
EK202310174955,127.41945383280719
EK202310233002,161.17339322201468
EK202310226820,141.11420825421988
EK202310231561,130.4469957041877
EK202310178128,114.04211066217245
EK202310231088,132.89727531396136
EK202310147614,156.97122562273395
EK202310192044,137.37428803484033
EK202310207423,127.57709980727081
EK202310144998,137.70320448827772
EK202310160433,147.41645100254007
EK202310182388,134.21406722313176
EK202310004163,137.06812605839752
EK202310178635,142.58794346773342
EK202310147316,162.9789236093255
EK202310137625,137.10153112495135
EK202310234674,130.2578014847107
EK202310206395,141.13565899876704
EK202310198108,158.67527128342113
EK202310230135,126.96376506748202
EK202310124667,138.43684242911402
EK202310197608,163.99990047232694
EK202310239140,137.75346451164773
EK202320006708,148.71971983862326
EK202310141682,130.45799619036586
EK202310173078,141.8211817375274
EK202310180684,154.56391771239635
EK202310168825,154.08533618233005
EK202310196603,146.31027212296559
EK202310143301,153.98536468260437
EK202310198024,158.06664505332395
EK202310238866,162.16258213634734
EK202310174309,123.14669026368377
EK202310169127,144.42137302024517
EK202310118888,145.3135101216718
EK202310219211,121.80657501963296
EK202310117888,145.35983497964912
EK202310203714,127.15679891373316
EK202310212227,129.34206764207346
EK202310224375,131.88191877893786
EK202310169753,129.582994283073
EK202310218369,149.02116063740627
EK202310229422,152.9881703797431
EK202310114027,135.54270109243978
EK202310191499,130.99297689129574
EK202310123832,143.88484683817717
EK202310117550,142.46349533655476
EK202310153034,152.1894316841254
EK202310147526,156.8552920916036
EK202310240029,127.6869065009341
EK202310208321,136.42723215346967
EK202310110615,126.6616721697404
EK202310172001,146.95379550064146
EK202310245514,142.23791864819742
EK202310113405,143.08751726145485
EK202310133712,154.49466084735613
EK202310220573,135.2501574035254
EK202310127361,168.0665356988638
EK202310203296,127.20476627706155
EK202310205467,130.33830758434863
EK202310182859,139.4796672719101
EK202310116644,140.2598168993202
EK202310143055,155.9796244790719
EK202310137541,143.48934240147258
EK202310240346,142.42688036921277
EK202310231920,141.58433713824428
EK202310003793,139.34242024779562
EK202310179099,142.21692400007186
EK202310182101,140.19836057897032
EK202310180654,134.2234248067567
EK202310203568,151.60180732805662
EK202310201589,157.55329947339783
EK202310185227,144.6811284906922
EK202310204045,148.97297651623586
EK202310231962,135.1594316667824
EK202310206237,133.10006164531856
EK202310129023,156.35718047022374
EK202320005658,139.43304733988623
EK202310155013,138.69042515996966
EK202310207955,132.9224180109256
EK202310175039,120.98108280610639
EK202310189095,141.83420386234536
EK202310222588,139.85676851740345
EK202310194826,130.22241970448977
EK202310116127,133.9472187219939
EK202310186036,138.27808868663317
EK202310228425,118.5365519654115
EK202310142709,127.17989017084247
EK202310212132,121.7500994301618
EK202310106890,135.27764971717824
EK202310244866,134.51678007928032
EK202310185150,141.25922539436132
EK202310137324,128.29927638520334
EK202310171191,123.9129738911521
EK202310113505,132.39243024656486
EK202320007023,141.151566098593
EK202310119257,158.19896120851928
EK202310149918,141.12811326996396
EK202310223014,135.9635416916631
EK202310201000,149.03082146775267
EK202310172203,143.49530850274982
EK202310203943,147.83763639464433
EK202310120010,129.64447680102674
EK202310108002,143.74954019987797
EK202310241637,134.47497553408303
EK202310174800,143.9305472617777
EK202310127377,154.87790335608523
EK202310122799,150.35357760269608
EK202310229843,123.06132888596716
EK202310226129,146.7477372496505
EK202310140081,155.64715955596694
EK202310229999,130.84323688331665
EK202310203546,163.32034777628084
EK202310209757,145.9202149271527
EK202310116016,132.74808284961688
EK202310165012,169.4985943100244
EK202310122837,136.34038115198194
EK202310146822,150.65364073198833
EK202310112044,127.4335257367097
EK202310166309,150.21811979812873
EK202310172353,144.83951931936284
EK202310111013,150.37079658475398
EK202310134532,126.23016609258234
EK202310201623,126.4139528469339
EK202310207833,129.56671054961353
EK202310153627,147.0057574848453
EK202310173741,147.71701590776638
EK202310233377,155.24596980297258
EK202310108336,144.98065966451023
EK202310144097,128.29587837898453
EK202310242026,139.06876790124016
EK202310123987,168.1280466855684
EK202310201556,148.17216728655382
EK202310141802,144.293598933757
EK202310160116,151.27910886897365
EK202310208420,153.34235673870478
EK202310201286,143.6048667381421
EK202310242784,136.9154628512615
EK202310207678,129.74374313888626
EK202310235367,138.79562197775434
EK202310138835,138.34840528100597
EK202310126496,144.30666958167237
EK202310210203,141.96935160718658
EK202310160698,155.38534463734473
EK202310131627,144.27684227237052
EK202310192509,134.8617923685148
EK202310237182,148.41385221198698
EK202310195225,145.99480956561624
EK202310209548,136.51133636370716
EK202310170414,129.12397237897736
EK202310178511,135.51335609041885
EK202310169436,149.54580975084184
EK202310163299,136.3120509381905
EK202310197411,134.63304371963412
EK202310208679,154.07158623078573
EK202310178121,130.82849010858735
EK202310126051,136.444443527173
EK202310158375,131.45328152272975
EK202310190778,131.53156003213806
EK202310154851,126.20097558129945
EK202310179709,137.20952528009528
EK202310114702,139.47918219325794
EK202310167850,132.1262570814278
EK202310004729,142.58114865137458
EK202310183539,163.55522928393017
EK202310196615,138.2650509683182
EK202310162856,148.52537484611995
EK202310133076,138.05340647650604
EK202310230396,154.10330632679396
EK202310158633,155.29609532468717
EK202310161117,163.9444754873295
EK202310004351,142.58216401290383
EK202310174767,150.17894162311265
EK202310183707,143.2510887733744
EK202310201085,145.66124669512257
EK202310117365,131.95628877750252
EK202310211525,136.53270989860448
EK202310174033,137.31899168149437
EK202310133029,151.34257368870968
EK202310109257,139.35101919836933
EK202310208465,143.11767439778168
EK202310003437,142.63344650217294
EK202310147849,150.70115168479987
EK202310172875,151.31785207353195
EK202310195261,150.37620200662167
EK202310124700,132.8778019821049
EK202310209462,142.93144405569316
EK202310190370,158.87348030767436
EK202310166689,130.59251507882016
EK202310125440,136.88541169648053
EK202310242447,144.16236833828822
EK202310208224,125.41606358557851
EK202310164938,149.97409725683534
EK202310171017,138.87115611188284
EK202310221295,130.82848231116557
EK202310116789,126.11080273024236
EK202310245230,138.51237812952144
EK202310196239,140.04317202205158
EK202310217020,157.68697988924288
EK202310149091,134.97959730162128
EK202310188633,135.0346283710466
EK202310145175,131.3655307800299
EK202310184944,138.66232555528862
EK202310116881,137.8896127257311
EK202310133865,135.0639186387289
EK202310170575,159.4463548743296
EK202310217837,126.03330920363655
EK202310142127,136.33276588265588
EK202310220280,133.98138034589158
EK202310220011,145.66997604698471
EK202310136446,135.88560889699144
EK202310167400,144.0540332266804
EK202310136757,138.15711401828574
EK202310219947,126.02494795638026
EK202310215446,158.16082072326952
EK202310113390,161.55773893556702
EK202310231430,132.11429152243244
EK202310190750,149.27820124754788
EK202310218203,126.6555754082742
EK202310232673,150.87533723606134
EK202310172719,126.0444333793055
EK202310238088,138.89208611654718
EK202310122490,130.88516008984269
EK202310141767,136.3385809925527
EK202310164189,145.2523184262772
EK202310131789,149.62571734085262
EK202310131787,136.52783089370558
EK202310111463,147.106453281439
EK202310189888,133.1738826530652
EK202310123502,140.2142129097724
EK202310248489,141.76497406532135
EK202310104974,137.9736558210977
EK202310133434,147.71391127533025
EK202310122152,132.70405644725025
EK202310223645,139.55312531151705
EK202310218467,131.62589143928346
EK202310200984,133.26738110714942
EK202310246962,139.86464798967475
EK202310138658,142.53089381763218
EK202310135971,132.81729063571842
EK202310145071,129.61864995806897
EK202310236227,147.5478400453774
EK202310161820,138.29022016345084
EK202310116560,157.3768344763071
EK202310147855,142.397617069223
EK202310198848,144.72491247159638
EK202310126318,137.474679992148
EK202310168761,158.04279633937693
EK202310236060,140.37949470326407
EK202310194911,174.5630561810561
EK202310232213,142.1694913394486
EK202310123619,130.9786202721157
EK202310129238,150.94243664326947
EK202310239622,144.03824404785328
EK202310130274,165.298429588449
EK202310136862,129.22643807644832
EK202310144925,141.6487111425432
EK202310117994,129.39661482949265
EK202310145721,159.8548500593703
EK202310166110,134.4593003293203
EK202310153689,151.39271012950223
EK202310167524,125.5071009563088
EK202310171110,151.53805616630459
EK202310194242,131.59643274852252
EK202310128824,135.30363491012452
EK202310217802,146.09953612643676
EK202310174759,133.34453559795298
EK202310163258,140.34939373090157
EK202320007136,156.82253305778133
EK202310223074,132.0768130015169
EK202310127999,132.12660798561853
EK202310210697,133.66928399785186
EK202310187479,145.18990593797386
EK202310229648,150.7168112499414
EK202310223615,156.7823422607222
EK202310205259,165.87646353564628
EK202310207915,135.23003193024473
EK202310161035,159.76831582933934
EK202310211684,143.3990020055329
EK202310217627,132.4395648795709
EK202310188184,145.6085079411098
EK202310179703,139.21288803200397
EK202310191167,142.6648774357735
EK202310206412,125.11453931720054
EK202310138851,153.0556219914098
EK202320007328,155.21895738396339
EK202310211346,143.3169825330033
EK202310169209,140.8370629670018
EK202310145302,124.6476529618284
EK202310203140,147.60921209714172
EK202310209732,125.72522395179449
EK202310117958,135.47452831074838
EK202310155922,137.33882827482597
EK202310184930,133.80111858110064
EK202310150832,139.62803416350002
EK202310208806,152.56832494253092
EK202310172410,162.66090482141922
EK202310230235,141.2778744760658
EK202310203566,133.6825499906099
EK202310123801,135.40611623408284
EK202310141762,157.90943230234365
EK202310245120,129.53982961009308
EK202310183959,142.83732156426933
EK202310128037,149.3914488180476
EK202310004669,139.12153298119867
EK202310217022,130.4367904620879
EK202310110060,147.2225549781953
EK202310231754,124.11905658717598
EK202310132866,138.71339333061738
EK202310246978,134.69302262462477
EK202310111800,141.23082823960314
EK202310141316,138.64593499488672
EK202310225078,146.98003697959743
EK202310224113,126.61055674176004
EK202310229156,132.6023613135605
EK202310158924,158.1526637615446
EK202310193952,155.14728583444494
EK202310134851,150.95391848200623
EK202310107778,135.51054980573565
EK202310201914,154.45583429798566
EK202310226477,132.74838669312157
EK202310200818,144.4581365743148
EK202310178725,132.7078278145987
EK202310136843,134.5059078205351
EK202310188878,163.03431085273124
EK202310192998,148.8174899322026
EK202310123605,146.21253586785446
EK202310109206,134.36512435511708
EK202310110309,132.50022952677716
EK202310201669,153.8880097977885
EK202310228267,143.17775182567055
EK202310120920,135.1453732035733
EK202310239638,171.62851047265767
EK202310138789,155.99464425452837
EK202310187947,170.0987210865551
EK202310143793,134.68526458685815
EK202310231992,134.30363780110807
EK202310243082,137.3238479772126
EK202310174903,139.9833615817929
EK202310004153,147.3667206166178
EK202310211574,137.02889773969076
EK202310133648,137.31820134772912
EK202310145095,140.4735710970095
EK202310180354,170.44762821743333
EK202310111206,122.93468015543375
EK202310182140,144.04434979832646
EK202310202202,155.17234151126146
EK202310158892,130.76684138442351
EK202310193967,132.05200823304847
EK202310222297,126.16020129852438
EK202310121931,139.65052043971528
EK202310170526,170.1992826242079
EK202310119454,174.90915300096313
EK202310235204,138.85347541885352
EK202310123917,138.00180526945272
EK202310157703,143.80998346923775
EK202310149315,155.3234255260843
EK202310146815,148.52257424377208
EK202310126049,160.25476522017223
EK202310232396,143.03897782141618
EK202310199056,149.27050444023592
EK202310141228,138.90567248303753
EK202310196032,153.11257645077305
EK202310107291,142.42426398772264
EK202310122690,157.2444517484009
EK202310236528,137.49173999965615
EK202320007677,144.50155053155592
EK202310210488,141.1336085047259
EK202310207172,160.56791486761827
EK202310182902,131.6547970040123
EK202310139806,178.67113580540874
EK202310148583,149.4818605039704
EK202310220644,138.2910357992212
EK202310112733,141.6998528714671
EK202310204401,138.55158324006644
EK202310160356,130.31554001183642
EK202310225435,132.5541543245266
EK202310196076,133.5725992386027
EK202310203598,132.71661730447497
EK202310140544,148.80506173136834
EK202310212327,136.19193921407427
EK202310235705,151.9627574945361
EK202310202376,133.6312361474068
EK202310196089,146.569147569098
EK202310139122,142.57964841632014
EK202310176023,139.7804911790513
EK202310117387,126.76621277214102
EK202310192216,138.77119408731488
EK202310122067,146.50903487667767
EK202310224886,135.9634024869146
EK202310234937,143.69184019845292
EK202310196488,154.06634176559916
EK202310140986,134.59562344566675
EK202310104819,133.35795769388596
EK202310192016,146.18977240331
EK202310230705,129.46626829484933
EK202310191079,161.3408908283221
EK202310224030,137.84192558563294
EK202310116108,119.77575394659463
EK202310216944,146.71858575129855
EK202310239270,137.92830895304698
EK202310179674,143.04969375010128
EK202310135614,129.22680517414918
EK202310196625,126.91353433532517
EK202310244109,135.3957678414903
EK202310211711,141.74565626198117
EK202310175336,159.4604423958842
EK202310155402,134.45206903672323
EK202310110776,164.4990809065847
EK202310246416,136.02043144118664
EK202310180852,131.94494705479264
EK202310173163,142.50607026452465
EK202310146639,163.4027461651152
EK202320007618,149.2381642053355
EK202310245395,140.956164322134
EK202310175505,159.17489794061262
EK202310196444,155.02977355782983
EK202310172044,129.02034871244928
EK202310140972,167.3993514434881
EK202310236512,136.67981383123842
EK202310141653,145.49249616992884
EK202310236235,146.86904758455407
EK202310111947,139.25947273918567
EK202310129970,129.39823514278723
EK202310156921,137.60102748047998
EK202310111882,134.64926438074693
EK202310142671,136.97394588284826
EK202310225816,133.88357130202755
EK202310129016,153.7510076750704
EK202310216107,131.38978753679217
EK202310192345,126.49210217294736
EK202310115608,144.76199822193132
EK202310218293,132.8525806862463
EK202310105946,131.6223626680985
EK202310194919,143.87270898722912
EK202310138207,128.90756366180568
EK202310199908,140.07762498747653
EK202320006707,157.46957860518162
EK202310162516,152.9413782051186
EK202310121312,120.75843853101651
EK202310240696,144.3184798287975
EK202310124904,143.35433916503933
EK202310238291,149.51032434564306
EK202310127974,136.84602072590494
EK202310136024,160.66842911648908
EK202310187265,150.11060977813082
EK202310108072,126.32091732519689
EK202310240013,144.46008311165218
EK202310212042,141.08489475502688
EK202310237376,136.51328718133834
EK202310220612,125.30245150822458
EK202310194509,150.7192098271289
EK202310209569,123.56151986820853
EK202310114438,139.67139784775716
EK202310132881,149.58156060824706
EK202310175705,130.462402151692
EK202310004055,143.18450794027854
EK202310175229,147.1817443627382
EK202310174345,149.9495351973462
EK202310212490,134.77955893689384
EK202310136810,154.83003417602623
EK202310157304,140.08456523541372
EK202310169599,128.27037850169447
EK202310107717,137.3240888486256
EK202310105279,128.24928080609183
EK202310110848,123.37598537169029
EK202310178772,165.8466224767952
EK202310245828,117.67928950405748
EK202310219817,159.7834294833238
EK202310200575,136.34508761774208
EK202310105122,142.09887045809242
EK202310162052,132.34207413986326
EK202310150697,153.87769522503817
EK202310158553,140.91984177623524
EK202310210487,131.32766892641547
EK202310219594,135.49328563791263
EK202310234064,166.9075754427145
EK202310147076,161.43973623937663
EK202310168891,151.05189224704233
EK202310230477,170.17829181399063
EK202310151700,143.28008499734634
EK202310105830,165.15553383508419
EK202310150350,141.21743292916608
EK202310221753,140.95758958878557
EK202310117832,137.60233703226973
EK202310192005,131.63300918671123
EK202310236133,137.8476193206891
EK202310128003,132.9252079179447
EK202310192879,161.48327629375777
EK202310127978,132.11805775248598
EK202310145508,137.16998682291614
EK202310112586,146.84081982393965
EK202310241863,163.37687965712658
EK202310221932,146.11307751529438
EK202310132949,128.56731703294136
EK202310223688,155.6117676417057
EK202310143982,126.37344761720031
EK202320006378,153.9225742023868
EK202310104123,151.51534868355395
EK202310185565,150.6532472045823
EK202310229086,129.18609781915399
EK202310133226,158.8294869856621
EK202310118081,128.8912765362296
EK202310150049,143.99980356490477
EK202310135400,131.9396051895595
EK202310116088,135.85051093014403
EK202310231696,133.5787437019202
EK202310146749,146.53490575693482
EK202310111238,132.23714625567743
EK202310191666,158.5712556482937
EK202310135953,139.24259838676454
EK202310161122,166.27924707413842
EK202310228253,146.9544039180161
EK202310153608,147.94813295947563
EK202310138495,154.35800991835106
EK202310145050,133.796001814734
EK202310206747,140.83778494395145
EK202310203488,157.08029316473173
EK202310183419,157.77074738931293
EK202310129584,135.19870261406487
EK202310131950,117.03992031571653
EK202320006497,142.81703822008086
EK202310158313,146.6109214764655
EK202310156450,124.21455481367215
EK202310206931,160.8959837925278
EK202310224192,141.87754557995814
EK202310181248,150.92288659960923
EK202310139477,130.3501804491409
EK202310106863,133.00031392556627
EK202310113902,143.0992282569368
EK202310177431,135.90978189225646
EK202310189561,148.64486099262078
EK202310206223,131.97782197067093
EK202320005580,156.80181143211178
EK202310240584,131.90319275571977
EK202310193474,132.55791931079244
EK202310106515,135.9772537416592
EK202310134230,138.29068763650997
EK202310184191,139.83549149102979
EK202310120682,135.58852140698227
EK202310169684,151.44148136508792
EK202310119557,139.94107279961162
EK202310126983,131.47953467974148
EK202310167903,151.2280702491873
EK202310133442,139.61445646736277
EK202310210959,135.17951420555514
EK202310212306,142.68710795209807
EK202310230307,131.0497754193455
EK202310212565,132.64094421588007
EK202310192899,140.77757530865492
EK202310170190,144.58153753616637
EK202310153027,150.6862688908166
EK202310114380,135.14976775168626
EK202310133567,162.3577190063602
EK202310214756,152.45860524130543
EK202310114168,134.5971652313399
EK202310217065,154.66374060499652
EK202310169361,134.27751856980115
EK202310165708,149.57653231426386
EK202310228615,128.9698112966248
EK202310209019,158.56500950240996
EK202310132985,122.86852214222552
EK202310110233,136.11298734942497
EK202310143464,127.18605756971472
EK202310136141,146.975434904226
EK202310226017,152.27303146882946
EK202310155663,129.15199354749865
EK202310195009,158.86194875944355
EK202310126196,147.37172456001414
EK202310108026,145.91037203405813
EK202310172643,135.62107642748896
EK202310153423,136.4089318008617
EK202310243003,133.05276510335054
EK202310153678,135.020385136223
EK202310169206,144.80699070768142
EK202310196881,144.58851098371926
EK202310247696,133.4070488990189
EK202310160692,160.98315214056117
EK202310157186,163.6321359765972
EK202310156752,126.20648791823555
EK202310114419,131.40292498785402
EK202310117232,128.4218742871923
EK202310221881,137.92984738063595
EK202310202289,134.4504157351091
EK202310221155,136.89970699800375
EK202310197000,147.89442171779572
EK202310183680,124.77945968542781
EK202310166065,141.58383998847117
EK202310224104,134.98555256898118
EK202310198490,150.5930518076583
EK202310185320,136.83512860879387
EK202310112969,143.70373806216162
EK202310122531,125.25030555512905
EK202310223294,138.55417776126365
EK202310243257,144.06524501771776
EK202310227369,168.85532782960408
EK202310132379,122.53569509202558
EK202310207889,139.0079094828515
EK202310155220,137.3121532542749
EK202310149989,138.34718025425968
EK202310116304,139.43614613306738
EK202310207654,171.07697452248226
EK202310233148,134.4912929465741
EK202310133990,157.97625151017908
EK202310131881,149.98842528072754
EK202310147674,153.47186835852963
EK202310161848,154.38651207395372
EK202310113742,149.37097432546003
EK202310107292,129.27650069066237
EK202310157457,136.84977194677782
EK202310159983,129.30179296596316
EK202310222436,131.16890583119897
EK202310116722,139.57327249948213
EK202310228029,133.99651486665172
EK202310226778,137.5293412530213
EK202310223904,139.34878416702261
EK202310205019,141.55099753128817
EK202310119364,149.86520984761555
EK202310003651,128.05522989596756
EK202310212861,136.51855355122652
EK202310110710,132.61454799258016
EK202310131651,144.05273755852176
EK202310144906,141.60683467093483
EK202310188544,157.53300568802865
EK202310133839,145.09683986680056
EK202310118694,159.4463376900673
EK202310110720,137.5294610769951
EK202310128544,143.95120815470975
EK202310193628,131.13723604239453
EK202310148648,149.31157880044358
EK202310153778,145.13722732599967
EK202310188918,129.5450229085247
EK202310126546,132.38891982372658
EK202310214084,166.6823178709636
EK202310191915,150.79803854822526
EK202310230973,132.54530407287388
EK202310220076,132.2032553636169
EK202310198281,122.14901438356328
EK202310210973,135.68045121738965
EK202310116202,131.2739857492753
EK202320007382,154.84550664177095
EK202310140017,130.60866901494364
EK202310235458,128.7994741627121
EK202310224553,129.41445521374018
EK202310131411,133.00531223932634
EK202310172944,144.01615040691783
EK202310187715,144.32045530658993
EK202310117160,136.47318909272275
EK202310223783,137.95878324581616
EK202310208505,132.26357121387247
EK202310177144,150.7007184416575
EK202310141554,123.58374645800292
EK202310153806,150.54801292880416
EK202310178651,134.31566175587932
EK202310207053,139.37370458332353
EK202310121285,135.86362274867673
EK202310129917,132.67052170950893
EK202310178974,148.70492847294796
EK202310139959,139.1943939036087
EK202310240930,149.13572119136907
EK202310184143,159.8352779838505
EK202310141627,128.36747735609518
EK202310248495,134.30278895359712
EK202310210251,138.51523390517227
EK202310181393,135.0477932446721
EK202310203408,153.9489453356944
EK202310210221,136.79616604099778
EK202310153228,148.5941555872904
EK202310181161,138.79467379786615
EK202310122291,148.6133284415607
EK202310219649,140.90584716693698
EK202310108802,147.43110833619184
EK202310147915,152.45401518293633
EK202310219111,136.2241650765774
EK202310004516,131.97945137077895
EK202310187796,145.4762777886288
EK202310152632,148.8170466043266
EK202310234189,119.53329015729899
EK202310248401,134.63908625364408
EK202310198077,139.42224890959784
EK202310182281,159.03446377071901
EK202310173305,133.07554055663388
EK202310191194,138.6587803588931
EK202320006641,170.00255299026915
EK202310187839,165.89375155885574
EK202310166786,172.456583441814
EK202310104248,144.4763393813931
EK202310140808,146.93291983058685
EK202310154881,154.31931775629326
EK202310158734,144.419326819555
EK202310198034,135.35125940490542
EK202310210288,138.14207906517936
EK202310115555,151.50972006841357
EK202310122253,140.13521149582579
EK202310208001,150.77218334088775
EK202310247301,157.30210159787492
EK202310158412,140.17099100532764
EK202310133516,142.50045320489275
EK202310199724,159.20572568591362
EK202310203434,132.491971460915
EK202310149601,159.0417118215321
EK202310207662,134.99067305018494
EK202310155823,160.05795040994053
EK202310155070,141.2300305231419
EK202310003692,157.08637867466658
EK202310112220,132.3649149139912
EK202310210474,119.51343799684793
EK202310174563,150.26000448357664
EK202310178481,157.11815058573055
EK202310161746,154.23984817388185
EK202310184759,132.60222807647907
EK202310214382,158.05901166496722
EK202310220383,138.18125651465735
EK202310181896,145.50175264845416
EK202310109101,150.58706053639187
EK202310111874,132.90874508754797
EK202310239939,144.00658451927185
EK202310146648,124.8364460000822
EK202310147888,149.94201063628174
EK202310228585,130.77946144876535
EK202320006300,170.71761958574223
EK202310157823,127.7779960698475
EK202310175416,144.2267004146943
EK202310191246,156.26997470193044
EK202310241025,132.62318817149472
EK202310175713,113.51461929540008
EK202310165199,137.92517652605886
EK202310229611,136.95563066493338
EK202310167463,157.82801576814296
EK202310125411,135.96788231057172
EK202310247310,144.4324418788004
EK202310131556,138.25671829561742
EK202320007526,164.98021479078787
EK202310109396,150.01121014671642
EK202310243612,144.16987839473248
EK202320006821,162.66450489809125
EK202310191818,148.79794800485968
EK202310206573,133.75155208282627
EK202310176203,160.3603330119928
EK202310113063,162.9988310785429
EK202310152411,139.77176951832033
EK202310186297,153.07331557787785
EK202320006177,148.9792119413469
EK202310184504,153.48323588816683
EK202310118343,143.5107289201069
EK202310166342,152.4694678786883
EK202310238948,170.29675171433774
EK202310226471,135.64405408610332
EK202310153486,129.78890348814525
EK202310146780,137.08158084182412
EK202310129676,142.78129515540923
EK202310230251,134.6221373541007
EK202310227178,137.7420338861958
EK202310148962,149.32528724407413
EK202310235140,158.00479188968535
EK202310158736,160.5100136360408
EK202310208299,141.35202233748836
EK202310205311,129.2534028463388
EK202310140268,134.31811917026118
EK202310158411,137.638143073123
EK202310120168,133.58352039644723
EK202310120164,142.74440986449216
EK202310191318,141.81825126085405
EK202310124551,147.31116668575504
EK202310133393,127.29250748629369
EK202310244048,136.12086990463277
EK202310209487,136.86617653759842
EK202310130550,133.54224743097893
EK202310134976,155.21096536659792
EK202310113614,130.3215199884892
EK202310237767,145.17592086553285
EK202310120386,132.9356699304761
EK202310190693,156.85194049481325
EK202310158340,132.2036017313296
EK202310185631,139.79116553173884
EK202310193894,121.96702808957941
EK202310232391,134.99918170666353
EK202310129047,135.86352881909468
EK202310187052,137.1190824757068
EK202310174623,157.1860636878109
EK202310149978,138.2725949337043
EK202310238712,141.03110164375855
EK202310172389,166.61560713223543
EK202310187833,133.29142744356687
EK202310238335,172.9667289838648
EK202310232031,142.3661893526173
EK202310224185,138.90850394154995
EK202310166575,136.90536304904336
EK202310119974,134.16668740024363
EK202310195917,128.11559615546096
EK202310174762,143.52764069563668
EK202310237282,126.81727997530514
EK202310112142,146.0811933217574
EK202310107661,139.32667186552533
EK202310197179,159.4787400157209
EK202310154174,152.66142506851156
EK202310241892,137.82366303767557
EK202310178171,121.37758695930333
EK202310134220,147.125174157374
EK202310200711,136.0913629854411
EK202310190031,163.44858582639654
EK202310215938,164.9749825126359
EK202310125861,139.45693123106764
EK202310143873,153.69145193251435
EK202310165035,141.3600236289051
EK202310157391,135.6143764156896
EK202310216624,138.97717168735107
EK202310136516,127.89818610038004
EK202310175267,168.57460363718607
EK202310139527,139.6800755147454
EK202310145890,140.8305630014905
EK202310207934,142.48263863355805
EK202310216534,136.4113648018442
EK202310243402,139.8428240140704
EK202310125822,140.792477143373
EK202310210671,143.17088427901783
EK202310118842,140.4117479028778
EK202310242780,134.5404746356378
EK202310183963,130.385335470914
EK202310192132,140.26607800274212
EK202310158172,161.28516385522627
EK202310107920,152.9597996568311
EK202310116588,139.35251352422466
EK202310157004,149.5965334588704
EK202310203397,159.67808232740654
EK202310145727,159.06996249994802
EK202310134294,150.77665793665608
EK202310161573,164.54949408715507
EK202310163914,152.4737535385551
EK202320005749,144.43719684356444
EK202310004457,131.89756071322648
EK202310198895,132.2019169686611
EK202310200079,143.63190335450835
EK202310236220,156.98449773813596
EK202310167195,146.44721269912176
EK202310190621,146.29475328652913
EK202310126857,141.25162815916062
EK202310221597,149.36052202741027
EK202310139743,154.475704279984
EK202310173860,156.43586747684313
EK202310212130,138.82197903530576
EK202310238113,146.45611021257395
EK202310232782,151.60581393406417
EK202310231990,148.7322710891563
EK202310154189,134.68754232436217
EK202310111012,135.55871154404815
EK202310208334,132.44982177132124
EK202310222126,139.2274894413943
EK202310206217,134.4365413977389
EK202310185801,131.3544471338365
EK202310207901,130.24562580465658
EK202310121054,142.1182005024151
EK202310188410,160.63423856717114
EK202310203904,142.2741766077895
EK202310230514,131.50481891780922
EK202320007184,160.37120669981496
EK202310196925,154.86524635047905
EK202310201983,137.03820647742197
EK202310242071,152.04383285107915
EK202310242487,151.79902653334364
EK202310174134,164.87503954549246
EK202310221304,133.67982334223453
EK202310146366,145.74563074836183
EK202310242718,132.40439457638587
EK202310158582,142.49930836518922
EK202310182050,144.73420905037838
EK202310110321,135.3397448338641
EK202310126720,137.23691160537308
EK202310145134,160.53379109054168
EK202310134228,133.12499848652013
EK202310151176,123.54498552270243
EK202310159471,122.84770238529462
EK202310197298,142.24070123068861
EK202310114442,157.09643070484253
EK202310216170,129.30181960656518
EK202310126914,134.8472537075359
EK202310160897,169.55737538772084
EK202310241296,160.18193624797635
EK202310145492,138.27138168951402
EK202310142012,146.50956581972102
EK202310141538,139.17395221891223
EK202310154638,164.25678729706388
EK202310238848,165.8883566530985
EK202310139821,133.44453259024752
EK202310108173,139.11795196210147
EK202310119610,138.6277922705543
EK202310242565,162.54605665111157
EK202310186446,146.41652584457916
EK202310144153,130.5541497588871
EK202310234883,134.8119340899219
EK202310124017,167.30011416598205
EK202310163758,142.37087193096687
EK202310203597,140.84400376758683
EK202310104417,123.4448660314768
EK202310202155,146.07642667366503
EK202310245823,119.10667744371429
EK202310203079,132.28935999371325
EK202310161636,151.4407423534503
EK202310144165,133.53906572993634
EK202310204775,135.48922970159572
EK202310167770,151.39553839881256
EK202310215963,138.74032959306348
EK202310133633,129.65364956494201
EK202310214866,122.21915975831644
EK202310180646,150.42263882981317
EK202310167541,136.0351406767388
EK202310136641,154.7127217106899
EK202310148939,149.54665122014327
EK202310103722,149.61549349159247
EK202310179303,143.64991544209866
EK202310200620,154.34511107457666
EK202310125714,132.9720882095894
EK202310204522,145.63949748399946
EK202310150835,151.9876800798378
EK202310130780,135.84982434034265
EK202310105814,127.8543420650613
EK202310172033,145.0896081243823
EK202310201852,142.60176669697233
EK202310148715,138.8853175634496
EK202310221644,120.69286893288835
EK202310114274,147.51352697436977
EK202310178264,153.28655580262676
EK202310164025,141.3999169491682
EK202310204651,155.29112733831718
EK202310141344,146.46392751298333
EK202310185886,149.9696478887119
EK202310203443,132.33249261305588
EK202320007693,156.50567750753848
EK202310236673,147.55565069079543
EK202310205537,168.82142807940133
EK202310215661,136.05162579195303
EK202310116840,124.9588982744296
EK202310179840,147.17823825135346
EK202310178802,157.97481185321485
EK202310124043,136.0252204256977
EK202310160029,148.19650651609547
EK202310166756,145.5062670295036
EK202310234362,132.41444631748132
EK202310130046,125.27786895573908
EK202310175285,123.20323537654471
EK202310155324,138.5706925162269
EK202310110760,142.6951370905402
EK202310167871,136.63123484435843
EK202310111911,133.77465974986816
EK202310105964,137.7477861326236
EK202310187240,145.5374711163539
EK202310228002,145.19725897536193
EK202310202448,149.4330308139576
EK202310144304,135.9824327227827
EK202310132248,143.5620211622735
EK202310200767,134.9226288224053
EK202310246600,145.15549033068768
EK202310156024,162.2377903684521
EK202310124951,132.5500775630509
EK202310127803,131.8169521384504
EK202310212512,140.3708539740967
EK202310237901,128.3037999795926
EK202310123799,140.62007722223163
EK202310122255,137.00798310114214
EK202310140607,130.12844820959015
EK202310214168,136.34515533307663
EK202310205290,122.49765997476963
EK202310201590,150.35329219686167
EK202310246716,153.16968019598366
EK202310211043,133.16958436345698
EK202310245155,140.3002072950782
EK202310146684,144.23955252318416
EK202310224856,163.6677151413357
EK202310149244,136.940173857624
EK202310130714,122.41666083197323
EK202310185702,143.78229535158582
EK202310105075,132.58606487929444
EK202310103937,153.55534078557346
EK202310219458,128.43269749286588
EK202310220878,131.74232994581362
EK202310114846,147.93825639313104
EK202310165810,133.8223276260802
EK202310188784,163.68575247763127
EK202310119305,126.66407519083928
EK202310142173,126.89942684506751
EK202310218752,140.18616327256476
EK202310191456,139.11186589272222
EK202310110108,131.8906094835444
EK202310159818,154.46182288849548
EK202310151468,165.4366584145338
EK202310107315,131.02036994697104
EK202310200556,160.20941735352514
EK202310217485,143.06846367791925
EK202310206013,125.31144512871283
EK202310004134,153.21834106234593
EK202310124207,127.50376538707425
EK202310216869,146.90736656284744
EK202310112622,154.58388588232415
EK202310239660,133.59883760433883
EK202310236964,131.0478366119434
EK202310182396,151.50853085280957
EK202310213788,159.4934367957145
EK202310193031,161.19482201962362
EK202310181134,133.32896228001152
EK202310232914,134.727911580117
EK202310229534,142.85218265982408
EK202310187612,144.13123540459554
EK202310186706,150.21777907094813
EK202310146528,150.24940930297274
EK202310201671,132.061139983696
EK202310155878,141.24673030122116
EK202310186935,130.3982340534565
EK202310165048,136.35233399323053
EK202310214244,136.39172219932846
EK202310003448,136.31276192382737
EK202310237813,143.12792751160774
EK202310229380,146.01184227134996
EK202310136410,134.439800086058
EK202310181792,140.38982108733353
EK202310174073,143.58945122468987
EK202310230921,128.74239739006333
EK202310131346,130.2998304647161
EK202310167144,154.95197376461843
EK202310198792,130.76308324064038
EK202310230863,137.28214970458262
EK202310116803,128.93031855199789
EK202310161651,159.4205410884242
EK202310140098,132.88011996256967
EK202310147311,164.84980991858228
EK202310228798,127.77762802327251
EK202310166857,164.07690332398792
EK202310204207,142.7629951244967
EK202310181214,132.0153053507737
EK202310163102,150.7136882686398
EK202310132529,155.1732172037047
EK202310194194,145.8579133353129
EK202310185194,139.96147170942598
EK202310139315,128.2488674997413
EK202310133963,159.41609779901722
EK202310107375,128.1964978884847
EK202310183190,135.24772025024976
EK202310150967,134.43791102374587
EK202310235477,124.96172018572855
EK202310231329,135.49428400394328
EK202310151218,140.45755067586842
EK202310117961,136.70102161303328
EK202310115637,128.22360128513427
EK202310148316,139.0969196110903
EK202310189439,177.17940667766655
EK202310183291,154.86191424666586
EK202310180341,154.64665540487283
EK202310195359,153.41870702456325
EK202310168437,167.05101870345496
EK202310239724,136.24073282222642
EK202310120281,156.54989545604556
EK202310154084,136.11815385639431
EK202310202226,129.09922476718845
EK202310211847,127.42028127489496
EK202310225040,151.75098810936407
EK202310148021,130.56083523855347
EK202310219384,141.5584295469833
EK202310189651,170.32435321230898
EK202310172718,134.60570054590863
EK202310154499,138.52847727500506
EK202310199387,158.59122337060683
EK202310109346,134.55999793585048
EK202310151918,140.60524985158753
EK202310138435,135.058363406422
EK202310208281,136.0760311343971
EK202310144236,137.4859700748673
EK202310169290,131.7587406291213
EK202310120393,132.31441603793866
EK202310183688,142.05408656626378
EK202310192046,121.89178231349382
EK202310141942,138.8712637245101
EK202310120519,124.40239805429482
EK202310226413,135.9775834277944
EK202310177117,155.4330777305466
EK202310217940,136.3060183507836
EK202310170501,149.8228099128354
EK202310223357,142.346793094871
EK202310245835,122.42827767232328
EK202310137793,129.9841574893961
EK202310174008,147.90793918367572
EK202310209155,134.377431224449
EK202310177866,142.01613024392742
EK202310137396,142.37819920686852
EK202320006094,147.42722489524388
EK202310237036,145.75487894651374
EK202310177476,143.38661745981187
EK202310218927,141.18538749523256
EK202320007708,160.01164132961787
EK202310150749,159.58688029495553
EK202310226921,148.07592275182927
EK202310134168,143.1506005430904
EK202310198694,174.12352941291212
EK202310153758,136.0196928301101
EK202310164887,140.19997677975908
EK202310235542,161.62871951618104
EK202310175801,141.67571033429056
EK202310201383,138.74022612178226
EK202310003604,132.68393707115828
EK202310132259,154.24767046523476
EK202310223451,144.92755384985972
EK202310232766,149.83287088132604
EK202310162702,129.43962482709938
EK202310191785,132.55002326284531
EK202310222647,140.61783077412326
EK202310120606,131.04502355183848
EK202310196738,137.96749313127313
EK202310167031,165.25785419306152
EK202320006878,143.82389801042157
EK202310128617,167.73059750163137
EK202310156730,134.58929703219994
EK202310154328,127.93913035864769
EK202310199723,165.23127346889754
EK202310204015,151.42053357212012
EK202310165125,143.31638016256363
EK202310128837,135.93910196718068
EK202310109283,136.48352386041208
EK202310140754,147.97390878518237
EK202310133445,142.8625506552803
EK202310215163,143.66711365580312
EK202310152379,150.25092576306872
EK202310222153,128.59729800597256
EK202310168369,139.10677873974936
EK202310146927,128.0427924524374
EK202310233613,138.91176527430923
EK202310194475,138.9344677842017
EK202310176902,135.52899222735107
EK202310109845,131.99899697293304
EK202310143688,140.78276842892956
EK202310223718,130.99287013796751
EK202310114527,129.66138059095414
EK202310120556,133.4943079941387
EK202310228552,130.1209230029167
EK202310149970,142.62085493495496
EK202310199626,126.64212631679085
EK202310214977,145.97043365791626
EK202310184953,149.39023303467087
EK202310004437,136.1216254418213
EK202310213912,150.33237912675162
EK202310151119,134.42680577467618
EK202310171466,117.14023115175895
EK202310152063,156.56291842224755
EK202310137186,152.48939523279273
EK202320007104,151.16603249529064
EK202310202185,154.382482484139
EK202310226204,141.531298924591
EK202310189423,138.34102497787666
EK202310192491,132.72227291937838
EK202310187212,147.4632640457998
EK202310192179,153.05423014237587
EK202310126111,126.8291932948296
EK202310175586,158.48313898823173
EK202310194758,153.05565297086622
EK202310214384,157.25926511224418
EK202310179433,148.85733622668
EK202310118937,118.39190807731154
EK202310230656,135.25599541736793
EK202310212922,147.28253389684093
EK202310223591,127.26929186545492
EK202310182731,144.617617246958
EK202310197092,138.35258966081707
EK202310188601,140.10468191233795
EK202310185962,153.44158360681595
EK202310154873,135.72731542457126
EK202310140333,129.90570978983087
EK202310239540,132.98013752379165
EK202310207256,132.58711612833008
EK202310193996,147.69530492557303
EK202310196769,151.14618054960118
EK202310123958,154.53239877807448
EK202310240085,137.0356142453695
EK202310246484,125.54532123172466
EK202310147689,144.02621992353994
EK202310189701,123.4120260367645
EK202310237575,149.76101176472727
EK202310219357,137.79610980190492
EK202310120804,135.44704016730802
EK202310125732,142.19036554968082
EK202310167873,127.65685550247314
EK202310247821,127.60784057623894
EK202310206331,160.22357941193604
EK202310131746,148.6475699501648
EK202310125465,128.25559145462975
EK202310137591,137.0703939335791
EK202310146755,133.95743009830443
EK202310145331,153.0229956181902
EK202310126909,136.93871567295398
EK202310176521,134.79823974876626
EK202310160650,143.45036217584988
EK202310114819,126.12672319029194
EK202310218236,142.3700100158814
EK202310204841,152.45722936066787
EK202310004910,140.40489108918413
EK202310146653,141.11691209742494
EK202310188782,154.3466210930748
EK202310125945,142.30974688952506
EK202310176437,140.55665778954963
EK202310193288,135.85672760279104
EK202310178658,154.45948144379824
EK202310150054,133.71758520827507
EK202310142919,145.57193450602455
EK202310222262,132.47906965978302
EK202310235742,167.86569298336514
EK202310113166,141.34763159637242
EK202310224000,170.3464802240501
EK202310198993,142.10996685938895
EK202310228553,140.00213033458834
EK202310190794,131.8755833440718
EK202310201535,148.32004247227079
EK202310165775,141.6543886032786
EK202310173099,138.01488213328565
EK202310152431,147.60616762714076
EK202310232652,149.31874320988646
EK202310182578,126.73403634665033
EK202310176081,152.4789995975407
EK202310168495,130.92773110719116
EK202310243081,138.01730876510535
EK202310214666,151.78234511034142
EK202310173376,119.23347750280766
EK202310185049,131.9136426516616
EK202310151788,142.5804947941953
EK202310142398,142.37289309025837
EK202310191734,154.21243209924717
EK202310185366,140.95209085814733
EK202310110653,128.03520069903598
EK202310197984,140.92241903999
EK202310212461,128.8526202010049
EK202310220987,124.53449588840014
EK202310114458,124.71499392973725
EK202310167289,134.47679487392745
EK202310178582,136.5096293857343
EK202310135726,135.90871481523772
EK202310208307,128.38137849868198
EK202310186529,150.21841753324503
EK202310163685,138.86930253674592
EK202310204304,152.05092495064144
EK202310174269,138.6767965651924
EK202310169002,140.71472468860918
EK202310195183,162.401770510732
EK202310172158,148.57603047120844
EK202310195251,153.117366584581
EK202310217760,143.93047116104896
EK202310233545,136.580805699438
EK202310146187,136.79166098797478
EK202310201834,133.508643298609
EK202310172626,160.96243460082974
EK202310173313,145.9518833357557
EK202310151898,155.52974755384287
EK202310112427,132.41618338710484
EK202310202848,144.5327602186806
EK202310106441,144.2775643469532
EK202310200903,132.68912894719247
EK202310211769,135.38369990466575
EK202310210065,132.50932791125763
EK202310243416,129.20616143837628
EK202310178697,166.20773996570287
EK202310161358,129.87793539744166
EK202320006190,165.7412472006568
EK202310180462,153.24755957208373
EK202310162539,163.72701030923093
EK202310148977,145.06440876924592
EK202310194237,136.71953393991006
EK202310223514,137.99683009953293
EK202310162269,135.65684446840282
EK202310121844,128.11480681525214
EK202310124866,132.35744931260294
EK202310107700,162.49174010785723
EK202310221161,137.96883796449907
EK202310245562,129.6421848494716
EK202310179235,134.7979913300964
EK202310124532,141.99813350585197
EK202310128389,166.681380558912
EK202310129800,157.2396504933756
EK202310207578,140.39393985627945
EK202310193457,143.9402530778138
EK202310206549,142.80588716768435
EK202310192075,141.24801280068377
EK202310234817,138.2781437674518
EK202310152042,135.08901008451934
EK202310199732,136.65604060170276
EK202310106385,141.46786978091598
EK202310232034,135.77416202912235
EK202310225160,144.8772199714408
EK202310168514,167.08275415802993
EK202310196347,151.85697426749337
EK202310132598,140.55186584191108
EK202310193609,131.90132156544192
EK202310112508,142.15008490401422
EK202310155472,139.72715310856665
EK202310177321,134.43648517469416
EK202310128022,145.72441942555093
EK202310206990,130.49763527383055
EK202310142239,138.45720279634443
EK202310129832,139.82850015405097
EK202310213810,139.46296412924872
EK202310198404,137.80257132254033
EK202310003754,124.47189855183181
EK202310133307,134.64653006584354
EK202310155718,149.6880851067329
EK202310124975,144.36816287696905
EK202310238569,135.13485749346668
EK202310155626,144.90149172930802
EK202310109451,128.4554328846136
EK202310156701,118.25737980859893
EK202310112702,129.91075043858
EK202310219593,133.38271214718586
EK202310236091,133.715380040826
EK202310109465,145.95405944765776
EK202310239232,137.7328386479414
EK202310153092,130.76840225310488
EK202310142926,161.54150397383106
EK202310195282,156.8077584747859
EK202310144631,147.75523950774303
EK202310158174,138.6605981447288
EK202310130498,145.77037058327474
EK202310152250,138.98545663043393
EK202310154816,153.34881881349023
EK202310187452,138.06453241656178
EK202310130712,133.8609975062488
EK202310225931,134.5990030126375
EK202310212154,142.59183983178124
EK202310180982,164.33507745212563
EK202310187065,133.93930694982174
EK202310231143,130.96699160296257
EK202310244459,128.15636987335762
EK202310117863,134.94881429031116
EK202310104458,139.37273885482068
EK202310228846,132.3550145672055
EK202310129898,138.53358296353665
EK202310160315,148.53659084706047
EK202310146629,135.3836259779245
EK202310166930,166.86675950108216
EK202310242374,151.46366661766731
EK202310210376,147.22564455405788
EK202310197387,141.73976029540594
EK202310136364,145.37591687589628
EK202310204149,140.61960608452782
EK202310107806,153.44227781661064
EK202310233474,142.2807953602933
EK202310228559,142.07650060048675
EK202310138215,134.88619428995563
EK202310143063,134.47836908592774
EK202310157985,135.68512539102977
EK202310190599,136.69172740276073
EK202310114903,129.25935680382165
EK202310133276,130.44474038792714
EK202310132588,122.66079289197674
EK202310004157,143.5590098842411
EK202310152358,153.0417372319607
EK202310111141,157.0937009272133
EK202310200435,128.23569497171042
EK202310204982,144.35434485261564
EK202310212495,125.5654889917168
EK202310183601,145.58591530737175
EK202310214375,152.5052333760914
EK202310210198,134.72194999290087
EK202310167063,161.61071586470845
EK202310149576,154.8403724558356
EK202310132215,147.6462859424043
EK202310163904,158.03835127452555
EK202310200956,139.34411750199405
EK202310180120,154.12080040390111
EK202310121104,133.43669813884748
EK202310203655,159.32466487521808
EK202310194561,154.73373862580317
EK202310222799,139.57566435038137
EK202320007041,140.64116580525288
EK202310119052,140.07250607834612
EK202310137233,145.28765114933464
EK202310187775,146.33063098921016
EK202310232434,131.70289602927454
EK202310205717,143.50608084524873
EK202310221339,137.5507269892125
EK202310123835,146.64062418468882
EK202310232532,137.1002608962573
EK202310107165,141.94644399571646
EK202310203436,139.34141343947186
EK202310169851,137.0098474867301
EK202310193274,155.81049111425875
EK202310151878,138.7843949420018
EK202310180128,137.88842607366377
EK202310150220,135.10975836189147
EK202310187751,138.42995555206252
EK202310162881,139.63252232344917
EK202310192822,168.07203439601085
EK202310195620,138.03140815330698
EK202310135344,133.43188583521805
EK202310190721,137.45095107966316
EK202310121180,135.40821919248822
EK202310197995,144.35718621040115
EK202310238294,148.8530449462001
EK202310181201,129.38655764493606
EK202320006195,153.632906862438
EK202310144714,133.9821046266708
EK202310174694,166.22294433244582
EK202310130143,153.40182295225873
EK202310213402,128.41955859018577
EK202310164458,142.35116740410578
EK202310138233,139.14938385008176
EK202310196325,150.7782695068872
EK202310230287,136.1042560614353
EK202320007443,145.5389119810491
EK202310237310,154.2381933026947
EK202310188028,146.98173827428937
EK202310221385,135.3859709162704
EK202310201433,144.87608282593197
EK202310210894,128.0122334017296
EK202310144757,133.52183353249765
EK202310230555,122.63712021439557
EK202310127197,157.11804017578578
EK202310210367,146.8027473629507
EK202310107406,138.76428616310974
EK202310201552,147.35741466341997
EK202310163315,135.7946480481066
EK202310106204,139.72384408616452
EK202310189865,137.05067124274848
EK202310143319,159.99661040819868
EK202310187989,146.6452429242957
EK202310204280,138.12807763195627
EK202310166053,166.79881383654313
EK202310179719,152.37991216315544
EK202310119334,128.20484053448817
EK202310212088,131.0446333665909
EK202310123364,137.03338539828
EK202310235184,139.35204779038588
EK202310150098,130.51389655402176
EK202310219013,149.42422684649864
EK202320005598,141.19434081745814
EK202310122400,138.24512612340519
EK202320006069,152.7182904058559
EK202310240606,137.8774455914373
EK202310192122,151.43360918330148
EK202310239991,143.40986165360317
EK202310129077,139.58816402207074
EK202310246377,131.82211728640567
EK202310242482,152.75595049194726
EK202310162862,141.34120106469024
EK202310217556,130.70070486728196
EK202310136375,140.21497428623445
EK202310193072,147.3190005097667
EK202310232709,124.130501251889
EK202310137784,133.36992966089588
EK202310195933,162.11554895965472
EK202310190342,132.50677307526826
EK202310128675,144.8912267812092
EK202310156867,133.14122624509247
EK202310148670,127.93683380996043
EK202310176460,126.03460095269357
EK202310129961,162.94854610745054
EK202310146909,138.85581244567325
EK202310138497,135.46781274928267
EK202320005583,142.31842940257778
EK202310139679,148.23048204319468
EK202310138331,144.38036742679455
EK202310183937,153.76628364213576
EK202310180455,159.5241515013158
EK202310197763,131.18653636492914
EK202310196627,152.32612029103132
EK202310219790,142.17141865055703
EK202310185905,168.3441763969467
EK202310004706,126.36955460854128
EK202310181268,142.05938569292934
EK202310219922,134.01307976336724
EK202310149625,160.17471996665074
EK202310200086,153.96883512584228
EK202310214446,146.5340636925776
EK202310244555,136.70103033860934
EK202310203678,154.10583098678558
EK202310121725,146.83867874434696
EK202310178580,147.38985119297317
EK202310231258,135.55671182609055
EK202310116413,134.5342011014519
EK202310130519,143.13606529682232
EK202310114605,148.9908937760405
EK202310104328,126.86585060994715
EK202310217095,140.14812527478858
EK202310159014,148.78827409971422
EK202310240255,148.1210473043187
EK202320006678,157.66822158641287
EK202310127358,155.61811490388163
EK202310228371,142.090616290228
EK202310212880,138.55676153741476
EK202310184252,153.90636646614652
EK202310222457,132.36051094631725
EK202310106525,145.08070614695174
EK202310212900,129.3420837522662
EK202310164200,161.96902211321554
EK202310141506,135.1577142871191
EK202310124179,117.3063830604818
EK202310210747,131.5029014635288
EK202310104325,127.76028703951668
EK202310171837,140.5827933409902
EK202310183388,138.21018642433023
EK202310175474,146.71808809969804
EK202310161361,149.82116415568876
EK202310163883,136.93372609053606
EK202310233128,134.8410419109098
EK202310199650,159.2875574743519
EK202310107707,145.86451755627883
EK202310112036,155.10201957934706
EK202310152162,137.60320144420146
EK202310115154,142.80660847261595
EK202310106295,141.0665777632485
EK202310209811,137.04353296788057
EK202310170779,137.55333791316139
EK202310132319,129.93180719700868
EK202310176117,157.1290690693585
EK202310109117,125.55491617470703
EK202310146050,127.27696006411176
EK202310189377,175.7683909431655
EK202310108901,145.62430507112958
EK202310129280,134.10959724639181
EK202310186201,149.04186433815076
EK202310125879,146.9035690966879
EK202310223489,163.99964496897547
EK202310195362,155.1718027162868
EK202310168199,126.24451347685205
EK202310123430,142.00462314308035
EK202310169481,155.6029004913058
EK202310212350,132.96757569674944
EK202310204165,145.99730567722662
EK202310116597,145.149453131377
EK202310178940,151.05613668898377
EK202310181172,154.46407271657546
EK202310232407,134.71407568539965
EK202310120201,127.53983168781835
EK202310132088,180.70044871943335
EK202310176583,141.01991380071547
EK202310116485,143.01570375291178
EK202310232488,134.26595618465882
EK202310185248,133.02653731236356
EK202310114195,131.68939003997323
EK202310171527,134.51195969586698
EK202310239847,130.3116439957499
EK202310109025,134.41863575521438
EK202310188543,139.3184343928537
EK202310164772,153.8409779407572
EK202310220946,132.09472779662164
EK202310157893,144.31535169608108
EK202310130096,156.7906529559879
EK202310215475,131.0755539912174
EK202310175525,144.99316465110678
EK202310241739,140.50275958100775
EK202310149577,134.24258003070884
EK202320007764,152.2106805897963
EK202310162677,149.6717459078785
EK202310118455,134.59591663965256
EK202310144170,142.95876954822353
EK202310123446,150.8797855794683
EK202310111614,154.43974640989262
EK202310148681,145.375096565865
EK202310135706,117.49167573375176
EK202310169610,137.7751826424161
EK202310154626,164.07731108468045
EK202310186396,139.85183064205515
EK202310130384,138.5723094794905
EK202310139999,134.9625442933653
EK202310173443,146.38128033022778
EK202310172753,150.4614100706684
EK202310150539,137.14395959347195
EK202310197972,169.6739958968962
EK202310167038,143.4138686166955
EK202310121549,138.19721402594337
EK202310144749,142.03429055409845
EK202310129763,129.72849242474544
EK202310105138,130.8342679478312
EK202310145803,131.08082996636898
EK202310150239,133.5115159294445
EK202310169489,135.2944533421907
EK202310138665,150.30656016494783
EK202310123078,120.60464317072176
EK202310219135,134.02390210485473
EK202310116443,130.45862101514925
EK202310195859,137.17068240026833
EK202310118292,132.61570492513167
EK202310134982,159.82624073833156
EK202310236579,132.37851882564357
EK202310145251,155.43045881191256
EK202310144320,134.65093773382517
EK202310165413,130.60389391908967
EK202310164223,141.3025067870563
EK202310178660,147.1976437677533
EK202310152292,158.0642311972013
EK202310232276,133.19324424966166
EK202310227732,145.7921002381855
EK202310155773,146.3365619162956
EK202310188232,159.77127920103396
EK202310182770,134.16802897385676
EK202310202719,139.19159048096938
EK202310138556,144.37772887723838
EK202310239172,150.93936886063742
EK202310151877,142.45010201326357
EK202310116662,136.82183364612274
EK202310206983,138.61875127239207
EK202310161922,139.8506477441823
EK202310116370,137.16983397924648
EK202310216242,155.00957280886718
EK202310223914,129.8621375280933
EK202310183638,139.11376437948437
EK202310180955,163.6905782681099
EK202310135432,138.5494594614845
EK202310220264,128.4989102974887
EK202310241824,164.50403629010387
EK202310175340,162.6431026376161
EK202310123572,134.2752655791362
EK202310228745,139.00541072415606
EK202310150402,164.42576299972384
EK202310123048,134.75790009734186
EK202310245625,135.28328120812836
EK202310004596,140.60243444044332
EK202310187568,134.15944469877016
EK202310004796,137.80467863307106
EK202310206482,146.77372763472076
EK202310152723,150.90708963203522
EK202310144324,142.64335166924587
EK202310182703,146.60004495339905
EK202310207031,145.1442182170207
EK202310224829,130.6427945609953
EK202310194916,141.02175828695962
EK202310158171,157.5829702887196
EK202310237739,153.05968865792454
EK202310233535,159.69543573750164
EK202310159582,154.1838915760262
EK202310157407,132.65236744250305
EK202310222554,134.05581204029187
EK202310209992,136.32518086662068
EK202310197773,166.84905091775647
EK202310219559,148.86051610798506
EK202310149590,130.36536916532663
EK202310172229,136.09372859423306
EK202310179759,135.9472805524853
EK202310141351,135.22704040148568
EK202310202674,148.38229261580264
EK202310150237,140.06564287478622
EK202310131854,157.62219426550195
EK202310209299,142.17136376014713
EK202310152323,165.6080127432593
EK202310130424,155.34925517411006
EK202310219110,134.45958869380496
EK202310208971,133.8802160700293
EK202310175417,125.92440284810644
EK202310178979,130.55651569619945
EK202310149330,137.6983192922535
EK202310214732,150.68302582374275
EK202310151284,132.84691841960702
EK202310246323,141.7753597281714
EK202310162754,146.4338388833278
EK202310142435,145.29375120572846
EK202310218666,140.1633956077879
EK202310221049,152.4772143598043
EK202310173708,135.1479682062463
EK202310192941,140.64579054586864
EK202310126047,160.82316310203078
EK202310241369,143.5110617561805
EK202310183820,162.86943772876225
EK202310243559,137.87217301516165
EK202310148350,134.19523822554078
EK202310224931,140.21460336882026
EK202310236248,158.37337385621092
EK202310156811,137.49042756939744
EK202310224565,129.64451205167165
EK202310203958,138.06199494688966
EK202310119312,131.3060177496156
EK202310178028,133.8903555086769
EK202310186588,145.20347403189396
EK202310139697,142.30013753434804
EK202310197136,141.61112588844625
EK202310220806,132.34042778904077
EK202310222987,160.14673352028817
EK202310161970,119.02697699342637
EK202310208174,153.95301348939185
EK202310118068,127.24069716835014
EK202310131022,143.4346282626925
EK202310122159,143.45905519354594
EK202310216067,124.37648160913047
EK202310245924,136.4971064060604
EK202310111788,146.9872318958949
EK202310127853,138.80600000792387
EK202310106238,136.6729450679843
EK202310158124,126.75834870279888
EK202310132835,138.98420807718978
EK202310148914,143.3771716765062
EK202310231691,132.90914377405872
EK202310247000,149.90849122911004
EK202310192115,142.87252736709786
EK202310104130,139.84883168863058
EK202310139212,147.7858012664754
EK202310197454,141.9828344138571
EK202310192429,140.68174291855507
EK202310167625,132.1054465440884
EK202310199497,141.44043378334044
EK202310153618,142.63878429953957
EK202310181484,141.8078428668254
EK202310198186,127.56071227329078
EK202310152220,145.5786228184555
EK202310159039,138.83433142146777
EK202310191546,141.77605253902996
EK202310133158,130.94663448113812
EK202310201688,138.71425107855987
EK202310235017,136.46904842048107
EK202310135857,152.81478790794003
EK202310218208,176.80132730833088
EK202310118595,128.48901415087278
EK202310163828,140.55117919911697
EK202310141421,131.7335095852377
EK202310180807,124.98371905880722
EK202310205637,131.53370776750512
EK202310105788,148.01062165211613
EK202310216219,144.99607316964838
EK202320007125,173.0421811728313
EK202310104911,137.92275315259553
EK202310189159,167.64573599164765
EK202310195473,146.42696345840807
EK202310118604,129.43948122768623
EK202310195319,141.17567696079686
EK202310240500,155.0316311455259
EK202310113748,150.02464759519026
EK202310004313,144.06294954033
EK202310143650,141.07228122870725
EK202310165864,144.12497862351233
EK202310197618,148.97348756957862
EK202310147381,136.74048644339146
EK202310204456,132.84862189502184
EK202310168795,133.6754914615857
EK202310162071,175.23579200089387
EK202310155041,132.65809036755692
EK202310116293,138.3497538962335
EK202310111802,141.6237655891681
EK202310143876,140.40877333173944
EK202310170107,158.70930120533654
EK202320006604,170.7393638780772
EK202310181395,154.70044331762458
EK202310128405,133.3360032796945
EK202310172117,141.3532984769236
EK202310173280,144.56899701915907
EK202310114735,137.38369001784545
EK202310124558,125.85440954776043
EK202310122475,131.0147587283157
EK202310137618,131.43246674042678
EK202310105474,135.34147801164178
EK202310209280,124.88145573278402
EK202310142912,139.76157803893094
EK202310246004,131.7605579415822
EK202310186374,128.8098749575995
EK202310139853,152.75518185380113
EK202310243432,132.10068795444184
EK202310135700,126.72657843473014
EK202320006074,166.46536154857918
EK202310207199,151.93626258772514
EK202310114736,136.67248281343802
EK202310129145,143.78786319864184
EK202310135339,148.4203726676044
EK202310105627,138.46156076957166
EK202310114046,139.50638107172162
EK202310121749,132.37571975558157
EK202310160579,146.8458010281169
EK202310132059,142.54937637719203
EK202310158407,137.07196345117737
EK202310115805,133.62656484505595
EK202310165675,140.23428463998889
EK202310223393,145.3353231180919
EK202310166586,151.62277644624032
EK202310142763,150.71236490658114
EK202310169174,125.86539479672457
EK202310118007,131.3869195726744
EK202310188453,155.83257287201135
EK202310186603,131.57712210071554
EK202310115518,141.46441386379195
EK202310237777,152.67744638757392
EK202310245509,138.58909358513284
EK202310149571,150.87538560580415
EK202310238699,124.10857762616014
EK202310162044,138.95753082027898
EK202310178900,123.4881861822943
EK202310210189,139.711325215529
EK202310246044,153.61413900086728
EK202310169510,156.3198570224447
EK202310224019,141.66036315337038
EK202310196916,141.53282658932446
EK202310110545,148.27942090251804
EK202310158475,156.13748917724664
EK202310240666,141.8120597404633
EK202310147702,135.70846800975752
EK202310240541,133.9255713040229
EK202310165419,141.86902071807384
EK202310158944,155.36750380189773
EK202310154741,150.51079627246554
EK202310183411,140.04988605606937
EK202310150802,137.3020900069012
EK202310236647,131.96395218719934
EK202310168877,167.9530547872049
EK202310177550,137.83721868424618
EK202310161815,135.14789858158392
EK202310205936,134.40867031547097
EK202310236918,139.99887395960505
EK202310231978,128.19153947542497
EK202310145447,125.17376964184581
EK202310113081,141.76674401065392
EK202310245380,144.3083089796127
EK202310226536,128.0884809734741
EK202310171629,145.69508231244808
EK202310142578,145.23297564056548
EK202310154571,138.9241830812661
EK202310133424,142.77666936307045
EK202310205232,131.4563449553311
EK202310125353,134.3211362233061
EK202310129062,136.75984680291143
EK202310148286,148.02518751148966
EK202310217186,166.99784059107193
EK202310240058,143.14532894842787
EK202310004925,141.19033783774321
EK202310121900,136.0387870946171
EK202310193811,156.6319336730445
EK202310236073,136.85240952425724
EK202310209661,136.96973553232604
EK202310183452,123.09862387410323
EK202310198390,134.33022912110036
EK202310194814,138.46436543060634
EK202310154258,152.09008694378565
EK202310225570,157.72584771465998
EK202310236562,126.00212323127315
EK202310125786,136.309218292053
EK202310227228,131.08994460716127
EK202310104334,146.28345595637495
EK202310247598,155.71354219195257
EK202310163731,147.2061362273146
EK202310153854,165.30402750326516
EK202310209072,149.32533742032751
EK202310130417,132.60045726083536
EK202310161714,121.17714930553626
EK202310161726,144.1181022313931
EK202310214070,150.4272393622983
EK202310174019,135.75506500943723
EK202310197029,153.79188745567254
EK202310236341,127.5144965618895
EK202310218675,135.46532765463076
EK202310124319,129.72189689778085
EK202310231778,134.63249036032195
EK202320006401,133.43948795906337
EK202310107779,136.79562844918644
EK202310133015,141.3736816055383
EK202310181550,143.42458892078403
EK202310247332,144.10190030072025
EK202310111163,133.6559254409155
EK202310145310,144.24309690637804
EK202310126094,134.45427936048048
EK202310161397,132.01542388999488
EK202310146374,137.81807924511557
EK202310136414,147.5088118111171
EK202310141425,151.56366485568438
EK202310138405,147.1290523618067
EK202310173668,150.8747077333853
EK202310184285,143.94698824281167
EK202310176095,158.339584133441
EK202310211570,139.71981058024545
EK202310208829,133.92336119196435
EK202310147190,162.6827355486029
EK202310191735,134.5206806122485
EK202310213951,154.5873560092383
EK202310140049,140.74622212658343
EK202310169326,140.96224286010403
EK202310157230,171.83833404913543
EK202310124090,126.23001098101818
EK202310142146,132.15095121251983
EK202310107242,132.62925176718787
EK202310192993,130.71610317824863
EK202310149787,147.45358092402972
EK202310177888,141.31787004065123
EK202310212815,142.62078604591738
EK202310223609,146.40850412316487
EK202310189733,166.92104969353957
EK202310218104,130.0895805955073
EK202310111896,137.26373673571422
EK202310132753,149.30441323445064
EK202310112173,145.24551468133183
EK202310167323,159.86965140305483
EK202310140969,131.16748704674995
EK202310214853,144.38861565404005
EK202310105928,130.92228593407722
EK202310213446,137.73459968574707
EK202310134309,146.4518916078373
EK202310177619,148.0312012539323
EK202310004283,124.11396317609024
EK202310176874,136.15243283480277
EK202310160131,141.73663184468623
EK202310201219,175.6542484102075
EK202310004099,129.30368525474265
EK202310167947,153.20618483346172
EK202310155342,132.81551735820292
EK202310209163,139.67591103994417
EK202310242285,130.7533511535226
EK202310215045,164.81178574907565
EK202310245674,127.39854814990609
EK202310192087,157.14144586858947
EK202310182851,126.2282418225672
EK202310184176,159.07315585754478
EK202310205303,128.0782937022255
EK202310108199,156.28928733593767
EK202310124913,140.93538150578416
EK202310140458,130.44974366780167
EK202310142132,133.11686186816453
EK202310147065,158.38240894345782
EK202310143393,132.49431803032692
EK202310139964,130.54654920316545
EK202310225775,142.45447683298596
EK202310127142,149.90766425267597
EK202310179582,145.99260287483517
EK202310207922,149.5545038385587
EK202310195810,153.71715323252553
EK202310178849,147.3629986667787
EK202310229124,129.09197991232185
EK202310113502,136.84772985186584
EK202310223610,139.9924550196586
EK202310147986,153.35238223318956
EK202310236813,140.63556890028605
EK202310176936,162.80504427457134
EK202310199151,141.32350870978553
EK202310192534,146.1236775156636
EK202310217624,131.82311415083
EK202310003755,127.28816317176012
EK202310161830,131.69532791559976
EK202310243624,131.1173731220502
EK202310164105,132.78717522387834
EK202310179948,164.00227657870397
EK202310135310,144.1238789274633
EK202310004295,127.5288389059646
EK202310141079,140.6074288590696
EK202310225179,168.63082566348936
EK202310227335,144.32183476050344
EK202310161160,168.23435357544125
EK202310247623,146.72518703387865
EK202310206076,140.079704946978
EK202310119053,145.27502647133176
EK202310139617,129.22918436605136
EK202310143241,139.763560819363
EK202310115504,137.41365588566256
EK202320007161,146.3763821167377
EK202310183784,164.69470631392085
EK202310187344,161.8917613472491
EK202310185527,132.53092671931032
EK202310238290,146.51867838888455
EK202310140457,132.2623845317609
EK202310150648,137.76104711170328
EK202310223600,143.65233515669294
EK202310167530,136.11863089056263
EK202310224100,127.42695431760221
EK202310152786,142.03005106637775
EK202310135478,133.23340470077255
EK202310193078,129.75026858611818
EK202310155463,157.96644921114452
EK202310105582,126.01873966353183
EK202310135195,132.43095323461932
EK202320005552,159.50746899495184
EK202310228708,119.97351812067708
EK202310141498,123.30057282947234
EK202310193872,161.35926597192574
EK202310141414,160.58330112524476
EK202310151905,128.0752329359404
EK202310127407,158.526848153697
EK202320006299,141.71703605067415
EK202310212343,137.7936611885683
EK202310168454,147.27282283903864
EK202310171479,130.23412172509776
EK202310110727,157.52057046943008
EK202310109806,125.32309403101462
EK202310229172,126.24644277466818
EK202310221527,124.28812527178944
EK202310136692,121.16175407510009
EK202310225939,137.4970791929302
EK202310128011,135.05311534420875
EK202310119451,140.02938590645167
EK202310240016,148.45253189625626
EK202310137412,129.9162322471807
EK202320006473,161.73538003347497
EK202310133714,155.88751189047613
EK202310182002,134.41439447062928
EK202310146885,144.2307746012795
EK202310228765,154.8023413346107
EK202310199335,139.26778627988512
EK202310144286,143.02948945644513
EK202310120179,141.44236081456177
EK202310125242,131.14939934840527
EK202310129853,157.71905564451657
EK202310105724,143.14549573304834
EK202310177232,129.76245016361028
EK202310240889,139.2465701423518
EK202310135626,130.9922618404361
EK202310182429,131.73778735263727
EK202310160815,148.92166702580488
EK202310161842,140.84638811671263
EK202310194125,133.10329910711184
EK202310163430,129.32763582852337
EK202310207741,127.16362746310507
EK202310202036,126.9618364322428
EK202310165652,122.53763607092668
EK202310136570,131.75641503690377
EK202310139028,139.89611077586338
EK202310163487,134.21585908755998
EK202310177984,155.11115827430146
EK202310239997,153.77361207675958
EK202310176249,148.0601515112402
EK202310152361,156.08301590428823
EK202310151709,131.54526357432147
EK202310135268,145.43099827666538
EK202310171919,157.28510210348975
EK202310122006,150.34540282423305
EK202310127839,155.44278031261993
EK202310219814,163.55409276523847
EK202310187560,164.6571828468325
EK202310113366,135.46013019197204
EK202310134748,129.76865207912616
EK202310208843,154.80616252125952
EK202310175338,140.0960973009859
EK202310124470,133.34144591530136
EK202310121775,132.49061778396873
EK202310237332,125.02607536056944
EK202310141855,141.11231661391648
EK202310154289,136.17450858364145
EK202310120044,137.23223799386605
EK202310192432,162.84865501988565
EK202310160195,143.66786256642834
EK202310105413,137.47162552319392
EK202310004863,143.405695534417
EK202310138732,136.1232857876403
EK202310225944,129.57315320551092
EK202310239340,127.3147445781119
EK202310155959,163.63158426814644
EK202310177384,149.2994668949384
EK202310114746,128.8191641849058
EK202310156841,147.04534983253342
EK202310213654,139.8182444817312
EK202310210592,145.6653893928949
EK202310110296,133.63963434000235
EK202310240236,140.85647345771093
EK202310242957,140.8813893342243
EK202310163621,149.58510016547453
EK202310202691,151.18340395611847
EK202310127490,136.03918171525675
EK202310199512,149.3356832185258
EK202310155288,140.99479229667187
EK202310237968,140.4913840230403
EK202310118847,151.06509825915214
EK202310144769,128.7885371110483
EK202310212518,133.66948183887195
EK202320007577,140.49036633291763
EK202310244590,163.05971606874277
EK202310003432,128.58396883173268
EK202310242932,146.9911632547754
EK202310184880,162.198082947381
EK202310208839,154.65284532980905
EK202310225707,143.23088404342357
EK202310196085,168.27630969490545
EK202310111047,139.40987383096402
EK202310149321,155.22425836720691
EK202310214602,135.3694796017996
EK202310190162,144.10023489659082
EK202310203789,130.98256352841258
EK202310165931,141.7026255783815
EK202310143768,149.39844246133774
EK202310226420,141.17951646225268
EK202310206883,137.9749972653828
EK202310230191,160.8139648095825
EK202310223966,137.54443255801283
EK202310118804,124.82837941258369
EK202310224984,125.04536255600041
EK202310221101,137.82145016608482
EK202310241759,133.79208318109116
EK202310219986,153.2379737675226
EK202310247113,128.0066076831636
EK202310136489,141.91797967915178
EK202310189176,170.7210904083385
EK202310201813,153.1981158926623
EK202310167143,137.16592561880742
EK202310245156,145.87827920755365
EK202310149980,143.721900998662
EK202310238395,150.65965439342497
EK202310223767,138.50492183824525
EK202310118543,145.74444942949103
EK202310137202,124.97173371905684
EK202310245378,156.86773770819445
EK202310202917,149.03426811306318
EK202310120015,130.83498277385368
EK202310242744,143.4273687530766
EK202310170961,141.0081569048173
EK202310170849,128.65676264297653
EK202310108365,134.02135136669233
EK202310225302,139.96753580540496
EK202310141853,126.71757686843652
EK202310152952,155.2400098243617
EK202310118252,132.07171924902858
EK202310150764,149.6922053809144
EK202310188288,142.66898939289592
EK202310236699,142.47557900673675
EK202310228975,146.16418779526165
EK202310176364,136.0486912000052
EK202310148297,137.37817680641754
EK202310234706,128.89564964743423
EK202310202029,135.95633754317777
EK202310218635,121.32393836342631
EK202310187565,162.44328817859537
EK202310238217,134.9980399379665
EK202310144263,132.70541477271487
EK202310216046,122.54461094427566
EK202310240199,145.51915453688565
EK202310118761,138.48388839927756
EK202310118387,141.18425190976197
EK202310228319,127.97991933411404
EK202310188942,143.05001604864069
EK202310171922,143.9264443757687
EK202310205751,159.79407222095978
EK202310181387,153.88435823058202
EK202310194611,138.50869566387823
EK202310123903,140.00494119714227
EK202310201170,177.95915139911295
EK202310124579,135.9980170889429
EK202310225456,135.624877949877
EK202310224047,129.1490062983965
EK202310168185,128.25625666236598
EK202310149367,157.13730989539698
EK202310222236,144.61932898742205
EK202310191402,139.05285527086386
EK202310216518,132.0916472369367
EK202310116323,126.70021679424903
EK202310229479,131.32969812689214
EK202310242068,138.2203699743816
EK202310172108,129.31161315692952
EK202310148960,143.98358360023974
EK202310203368,154.36223512399016
EK202310248782,128.1343451835869
EK202310130742,161.8945565567969
EK202310127431,142.5383199473281
EK202310166666,153.66645799369982
EK202310142516,130.95689020503136
EK202310171160,167.8366264635161
EK202310131980,144.73530025067177
EK202310230754,130.6000149972906
EK202310205660,131.40249625910837
EK202310195938,155.24317713512974
EK202310223018,126.55646798497234
EK202310189611,172.55233104200218
EK202310114061,142.12275726591375
EK202310168186,140.03144210418216
EK202310123079,141.07107896214922
EK202310142507,129.44105176037397
EK202310192082,134.5396483406636
EK202310116417,152.5650623487681
EK202310152679,131.3157932446275
EK202310186123,146.7844387784764
EK202310187670,134.32024486676187
EK202310199114,132.4490223871846
EK202310144744,133.4011330312697
EK202310171906,141.5834358476045
EK202310222160,127.04516828012169
EK202310202383,138.8421037541835
EK202310133543,146.21298557702062
EK202310240197,144.575643179833
EK202310224654,146.82766491366112
EK202310159827,156.29495236089227
EK202310129302,155.64747382237707
EK202310220687,135.595193830045
EK202310137416,131.42292975831714
EK202310195263,155.94759353289925
EK202310226117,138.28308838251695
EK202310177937,150.63502018132877
EK202310224977,137.6179644144916
EK202310104811,156.88224224203265
EK202310202225,139.32452727566806
EK202310198252,138.78152017761735
EK202310169634,156.30444746210523
EK202310141724,139.65956462804678
EK202310132515,126.38258830192834
EK202310222595,136.10667033869086
EK202310245206,165.98097677932034
EK202310206384,150.51038982524867
EK202310131595,141.57148638172694
EK202310114450,143.75368939917394
EK202310193999,130.17859092902822
EK202310153211,124.24480279107568
EK202310168571,159.37522995129052
EK202310117487,124.17728960162923
EK202310147040,147.63956773418553
EK202310164747,147.21541148176965
EK202310185539,134.40527278235157
EK202310180947,162.12473319472537
EK202310209467,137.5591571385749
EK202310197453,133.33293810284601
EK202310241952,143.32204203611192
EK202310171659,130.18176804449138
EK202310121984,118.29737250627778
EK202310145988,145.73682795527176
EK202310227472,168.96606057822947
EK202310158925,141.0492159534267
EK202310161059,154.31791948346918
EK202310246350,140.1883103095894
EK202310204768,155.33962163480587
EK202310245196,142.02556029580106
EK202310134281,141.75917278430907
EK202310232567,152.1712915912177
EK202310187864,156.89712374165703
EK202310175599,147.43652832176724
EK202310137474,141.6017433120241
EK202310214594,155.0713355726023
EK202310176570,138.15691819865077
EK202310143525,135.38959777038613
EK202310216731,141.90978758261787
EK202310182951,162.9948479833692
EK202310195606,170.39061833672935
EK202310003354,135.6259469941268
EK202310003704,145.90210511370634
EK202310207753,154.03741515572287
EK202310108512,142.7617776452389
EK202310230571,128.50803454843566
EK202310210082,144.2705347850589
EK202310191492,132.52066871299218
EK202310113969,125.84995934949434
EK202310123941,143.0350794260909
EK202310135080,175.1246887780359
EK202310117802,134.0940347827976
EK202310158376,131.11794630205236
EK202310140051,164.87236249609398
EK202310230366,136.19963998837815
EK202310138959,160.63880051503241
EK202310112243,136.84089311505974
EK202310142973,151.20312367612033
EK202310179563,160.79698514738885
EK202310213686,132.7096802264909
EK202310207985,145.615536531818
EK202310169142,123.50887446302261
EK202310189846,139.90379476558076
EK202310217981,135.88534659600944
EK202310168427,144.6332952108742
EK202310165111,132.9127617274794
EK202310211489,136.3543818180291
EK202310164721,153.64525392813175
EK202310192084,144.45752366490996
EK202310155310,138.20375872142333
EK202310207807,155.89625162803648
EK202310167274,136.43427369061394
EK202310232098,148.41685711534868
EK202310246400,148.24353408033807
EK202310181247,151.1809551897793
EK202310146677,134.45071116487546
EK202310199983,149.6856447255124
EK202310198892,131.2003160377336
EK202310118490,155.8589066184844
EK202310218556,135.82922131988153
EK202310209766,154.9141076198987
EK202310201549,142.09412451251765
EK202310227205,130.04571602282186
EK202310201879,136.35999501102944
EK202310208984,128.35310405477475
EK202310172280,127.44157447854728
EK202310127074,134.38799858474667
EK202310003431,132.57005224704218
EK202310128481,126.84358223227059
EK202310191056,145.0548412404334
EK202310224670,132.65094573552017
EK202310148699,144.21926170770686
EK202310186655,162.09278331200323
EK202310145129,140.8851625139485
EK202310141368,132.75056656778042
EK202310215091,134.18868014343786
EK202310131768,139.68328768822903
EK202310169680,136.81195406045646
EK202310215558,153.08645621143194
EK202310235372,144.71940004134373
EK202310123185,131.0731924618192
EK202310188811,127.30572506790017
EK202310160442,147.24163558207044
EK202310190513,171.42676498537696
EK202310174071,145.39307699574314
EK202310226475,136.2221796491669
EK202310124362,126.98219236547696
EK202310217706,136.90137823320174
EK202310226498,145.86677755626457
EK202310237132,133.52362588088135
EK202310156490,176.66220270913962
EK202310161525,152.14771834046354
EK202310233261,143.47715524162695
EK202310183188,160.96302638496346
EK202310204179,142.80707364267934
EK202310221970,133.10042420582818
EK202310136055,135.17688631140456
EK202310192784,132.23829482255846
EK202310154098,150.2493258021726
EK202310195221,154.04762988073918
EK202310247669,165.4537302563848
EK202320006739,169.662051516359
EK202310143079,132.78723146003622
EK202310157780,135.0635304436802
EK202310122685,127.97251336840057
EK202310228079,136.57952994504987
EK202310178496,142.3685843010967
EK202310108793,147.44285788286476
EK202310243880,137.0159589989351
EK202310108022,139.15132428685217
EK202310127023,129.5405432954897
EK202310114813,132.40100066123875
EK202310211046,128.6078058710306
EK202310139161,142.96854443242654
EK202310165288,142.89610109414178
EK202310245913,128.26981609022943
EK202310216026,143.94410815422304
EK202310132021,142.90458448777846
EK202310206339,143.39851399691375
EK202310216740,139.75854517945942
EK202310210301,135.2095426618112
EK202310167900,160.02863051724088
EK202310173409,145.23890833359948
EK202310144428,157.31693555945404
EK202310194970,141.62536679635573
EK202310105005,126.92929582503228
EK202310108090,142.09844952472986
EK202310229406,149.5616714439205
EK202310152037,129.32270358945263
EK202310204361,152.9711904460595
EK202310114029,122.06579990055914
EK202310158725,161.3966743142627
EK202310158027,138.1575201587238
EK202310148586,131.12671257210687
EK202310237068,130.16570158193906
EK202310144709,136.34239045412224
EK202310161357,129.84988972521475
EK202310124452,128.3168202824232
EK202310131605,156.59711356898995
EK202310162054,143.607074025438
EK202310181680,159.84208982533036
EK202310117645,131.36129793047328
EK202310147699,134.851337601535
EK202310153309,135.46024933679678
EK202310184492,139.60546391853683
EK202310104645,141.96469005281634
EK202310137713,140.07029303263803
EK202310243221,128.30671578692514
EK202310156335,138.09063282141196
EK202310197583,165.5920813176073
EK202310137359,142.68125822871693
EK202310130956,127.90626689548904
EK202310171369,158.57126683959783
EK202310232324,137.60734982995982
EK202310172995,134.7249539707186
EK202310134239,136.49188628048393
EK202310243506,137.59875163308567
EK202310163154,130.10226264558898
EK202310127929,142.84318002089023
EK202310202227,128.85784808264629
EK202310139348,139.98510143373963
EK202310158547,140.98438009653913
EK202310236863,128.49118678327807
EK202310179959,164.14986521311135
EK202310195894,143.13493518497464
EK202310229850,138.59674004525692
EK202310242435,130.8785952728307
EK202310135502,125.13146460694229
EK202310229084,139.78153001852218
EK202310118049,142.05461090807688
EK202310201122,155.87458483671224
EK202310109875,118.98464337107939
EK202310196757,132.24598435207298
EK202310139569,161.94016620942816
EK202310107377,134.81635237917695
EK202310116923,138.5024197491401
EK202310228873,137.81049340100017
EK202310218754,125.34168278547072
EK202310154272,130.53432962747297
EK202310231169,136.93555045999983
EK202310217977,153.23418665700962
EK202310222555,153.62274222415184
EK202310162130,146.36370797099795
EK202310112323,148.1144810967111
EK202310159262,137.65555015909763
EK202310151594,141.30646201286234
EK202310163721,133.82513528149326
EK202310149061,137.99450670802764
EK202310147880,152.654099244851
EK202310212050,146.91757016572546
EK202310117729,124.70586383144393
EK202310107629,146.14279178371993
EK202310139317,132.0460078363021
EK202310179272,130.43833156577716
EK202310121894,126.37816491439118
EK202310139188,144.48297265728033
EK202310167435,160.7491546152891
EK202310228964,147.81799759215534
EK202310113550,143.4880404892909
EK202310180850,147.62317960875754
EK202310105563,130.45261453837
EK202310110748,135.0304311468747
EK202310234819,132.19168546211077
EK202310154339,143.03441728872886
EK202310210307,129.96597975619403
EK202310239873,129.36157515714913
EK202310183383,128.9804121443885
EK202310193557,127.23490184052771
EK202310228033,139.17848041540438
EK202310167532,144.90897420806223
EK202310222264,127.84843085686309
EK202310106581,127.98367007136156
EK202310221125,130.4419027365784
EK202310165054,147.66173652420554
EK202310150415,162.12016018299528
EK202310233802,148.40100599550587
EK202310190617,140.2122319477309
EK202310106410,135.36550151576017
EK202310216886,142.5545347495147
EK202310115900,121.69933270850946
EK202310104935,158.85579480543004
EK202310129722,162.06307780678125
EK202310120948,130.18781953885153
EK202310164436,134.90637198593575
EK202310122507,125.82572921288765
EK202310160593,143.96403291654664
EK202310210615,132.48511693433687
EK202310132871,131.10001383998338
EK202310237902,129.3988553970948
EK202310231150,131.1423152295537
EK202310165528,139.59454810023533
EK202310244497,129.85324664190952
EK202310107512,134.25859533749747
EK202310120477,127.50546415248168
EK202310229593,135.37754080088501
EK202310126986,139.78955901621748
EK202310175535,126.11746767361507
EK202310148104,131.64285326868068
EK202310201431,149.36278553571768
EK202310148767,155.66516230232523
EK202310113034,134.0815793382927
EK202310209227,131.93933497722685
EK202310114309,127.456352899275
EK202310174763,145.22419663341915
EK202310236793,131.65537446563926
EK202310177429,142.32718872089757
EK202310167536,131.7288815612227
EK202310141576,160.65468471647495
EK202310213488,131.5646526763085
EK202310162322,146.91030880728553
EK202310130610,137.2525153097717
EK202310152488,148.81358953977252
EK202310151734,163.58786783076636
EK202310155060,126.25185848410285
EK202310226481,141.2842465255961
EK202310119174,138.02567107913725
EK202310180130,136.09740593196392
EK202310104489,162.02615097318827
EK202310195688,144.34638459555296
EK202310132973,144.81332892613386
EK202310135035,167.562510000574
EK202310167150,136.57484880840613
EK202310195252,143.3182564809254
EK202310127294,155.94344318311775
EK202310140484,129.6464875976222
EK202310119854,136.15535797191527
EK202310248841,128.54532407721248
EK202320007808,143.8489038640382
EK202310199228,139.9918750428057
EK202310184715,135.490580055571
EK202320007242,141.6446238646265
EK202310147415,154.53645047734133
EK202310171570,139.75386585235438
EK202310110477,129.42932929372833
EK202310113604,149.68153905223636
EK202320006431,160.71166524989
EK202310121838,120.63841309421241
EK202310148733,143.98375950982938
EK202310148335,134.66582053656117
EK202310113968,122.19969838345342
EK202310231455,137.5565711849396
EK202310203454,134.12259553248242
EK202310191708,133.96706616753042
EK202310109582,153.43025757245582
EK202310203719,133.4961667164862
EK202310201332,156.98485114338135
EK202310204835,142.29285359136458
EK202310131213,163.7313619477839
EK202310155687,143.25231181738627
EK202310178634,135.18386628140152
EK202310115110,141.9117277708952
EK202310201445,170.381145879091
EK202310233989,137.78920489257834
EK202310226621,138.71508443281485
EK202310182124,140.2495253346154
EK202310129960,130.86136570923532
EK202310172024,142.39794854109618
EK202310124587,140.93685080721667
EK202310180490,146.5343529821697
EK202310218866,138.88687867695592
EK202310145486,134.92340285046086
EK202310243783,131.5739235376483
EK202310163544,134.05078913610893
EK202310245299,137.95743173150132
EK202310185466,142.9383847361505
EK202310114372,147.19364772700956
EK202310132954,140.68866551406668
EK202310156324,131.6145968583693
EK202310237016,141.97878744076792
EK202310214641,143.1517989663128
EK202310106858,138.3101233565825
EK202310182500,155.8745698158519
EK202310125749,137.58783648973593
EK202310201978,131.59712776424533
EK202310112112,128.47517845114814
EK202310243292,142.53083974629658
EK202310192897,132.2991481971494
EK202310173512,137.3641467835924
EK202310125634,125.79785140742713
EK202310165797,146.06068692195785
EK202310213138,136.59488470910577
EK202310211642,131.63183554495612
EK202310156317,145.04732087332673
EK202310154649,154.76891658261817
EK202310198938,147.2977359267726
EK202310175465,143.455877161742
EK202310187555,135.6745740184583
EK202310183448,166.15810317630283
EK202310205101,133.12781826575
EK202310201536,136.46497198347492
EK202310131221,124.53306926801126
EK202310242173,163.68940555044338
EK202310195317,131.33986388529064
EK202310139267,134.75145342823654
EK202310189575,162.24024719304438
EK202310186883,145.95870097452112
EK202310184286,156.70030493949756
EK202310194270,138.43738941927646
EK202310003611,135.22953169172246
EK202310189126,162.0230411601712
EK202310179964,160.36480759203388
EK202310118181,128.4239148124635
EK202310220832,137.62664091610475
EK202310203022,132.43813892672952
EK202310205592,163.53663159724923
EK202310128283,125.95631096969974
EK202310214279,144.61326227788365
EK202310175101,143.4106132813729
EK202310116399,132.53042889056417
EK202310132303,131.2931337367297
EK202310147925,143.11230620886533
EK202310219063,164.4485282851067
EK202310197713,149.6503881083068
EK202310165104,140.67035541059346
EK202310198835,154.4087668883602
EK202310230554,129.61444899994788
EK202310103890,129.36520702729615
EK202310152894,160.84460032895313
EK202310156771,155.40164977396626
EK202310239166,139.40699375656652
EK202310157043,161.27360963877106
EK202310158767,127.70788146969774
EK202310231819,160.92841042620088
EK202310162990,146.26485434563907
EK202310237033,158.95805792435402
EK202310220279,142.06663189648378
EK202310105088,133.42126058081814
EK202310183088,131.2855529777299
EK202310134719,139.42903831020993
EK202310126509,141.42323836697747
EK202310113028,143.26554136977973
EK202320007641,145.26738504019843
EK202310194771,128.05664797186915
EK202310193624,136.36370737845428
EK202310178811,163.7201594922396
EK202310127140,143.33769779701439
EK202310193675,147.8068960182533
EK202310208947,128.30857954515986
EK202310242072,135.31371168341926
EK202310129762,134.41934118555045
EK202310178638,159.79553185319378
EK202310208504,131.10094415878797
EK202310131365,140.63041646290316
EK202310118546,141.8294772271422
EK202310245144,135.52242365892405
EK202310142879,137.01136006420987
EK202310197920,150.30007595161678
EK202310182216,148.27797087347835
EK202310163824,141.13347771397213
EK202310247357,151.7628268816838
EK202310145691,152.9855692684567
EK202310176063,170.6140496132782
EK202320006459,169.34262952980197
EK202310227785,128.5314704473114
EK202310189723,173.51366255108044
EK202310182881,147.55422589076494
EK202310196251,143.3435192770398
EK202310212183,135.9389350656923
EK202310165884,143.0641462178836
EK202310162354,145.22348466484382
EK202320006915,167.86330432960824
EK202310152978,160.66483520464595
EK202310186596,156.8097237094906
EK202310184203,135.81195866536297
EK202310115228,139.9190748913177
EK202310187250,140.64386240612507
EK202310199882,135.5523567930044
EK202310247733,159.18340566511358
EK202310142093,135.29111256482838
EK202310192250,142.89794595807922
EK202310161127,170.7400247434993
EK202310227929,134.60182974585857
EK202310144416,128.29097661010155
EK202310129300,146.9769777809729
EK202310132887,130.99380684454334
EK202320007268,158.38965637976725
EK202310117763,126.96789603801219
EK202310135610,123.39221637983712
EK202310108226,144.194024998726
EK202310197484,174.59696285111653
EK202310220905,131.34451969726913
EK202310210612,144.8889925195535
EK202310199825,139.53599896367768
EK202310167815,138.900119437897
EK202310222270,121.34878237509344
EK202310218829,125.10742781378025
EK202310158524,147.7418952692304
EK202310227353,127.6723091591193
EK202310105993,147.51685293254118
EK202310128862,135.62687886816545
EK202320005603,170.40122743081895
EK202310145543,147.19534465534684
EK202310226964,126.07062917024784
EK202310106404,160.77804201382955
EK202310158792,144.3298583250995
EK202310169557,157.390049341206
EK202320007615,151.7785751264328
EK202310244340,132.25802794049054
EK202310241009,134.89044298137017
EK202310173004,140.90283658242433
EK202310229814,146.8703833345282
EK202310136774,144.55710058522394
EK202310134670,146.80421662525168
EK202310125653,138.7082014610447
EK202310104378,137.74319443468582
EK202310114092,139.4514118360729
EK202310242755,133.33724338124523
EK202310175831,137.28950817662462
EK202310123102,136.67932920826038
EK202310246196,134.0229634719198
EK202310164308,138.90181323474775
EK202310164001,131.04548917829368
EK202310127733,175.09638385381686
EK202310107896,143.68519693440575
EK202310196209,161.66395411578492
EK202310164751,132.10404842897188
EK202310180897,129.68368596549624
EK202310217788,139.71028706494636
EK202310193711,154.74485140213724
EK202310244316,134.5623155010366
EK202310224163,137.218549770994
EK202310104994,133.5361990232503
EK202310140073,153.52729165610094
EK202310188584,141.87035575417326
EK202310110511,130.3239225964274
EK202310231033,128.03587504269237
EK202310178461,160.3891394173503
EK202310167965,142.90402544271342
EK202310106027,131.57352934594428
EK202310193439,129.86721116407563
EK202310151107,137.37595446923748
EK202310196605,125.38627481122263
EK202310218318,149.40435473990084
EK202310195078,149.95720023988164
EK202310148837,171.93842892211805
EK202310127102,151.36709341115224
EK202310114514,142.66744936486782
EK202310121553,132.48714724587472
EK202310172559,125.4647772760007
EK202310151216,125.3723727393241
EK202310128073,132.40638709381943
EK202310108605,143.6857303761545
EK202310201812,141.35975434885117
EK202310190862,143.53934058125674
EK202310223367,160.46770637161129
EK202310217222,141.05104264361734
EK202310171756,147.3197846224987
EK202320006771,164.0022287329297
EK202310124052,151.1505055792655
EK202310221124,124.86212960624027
EK202310154368,155.9112736808205
EK202310155273,133.41817189338514
EK202310161608,158.8393035003512
EK202310176630,132.4341789428139
EK202310158951,149.3691476240899
EK202310223924,132.72749531022293
EK202310187178,145.61068491533666
EK202310189441,172.51755187542858
EK202310193808,171.75160472231332
EK202310117653,130.18848356722458
EK202320006281,155.10744224273438
EK202310104452,145.05313229746702
EK202310170998,160.9895445154259
EK202310247137,128.88375279477788
EK202310207587,154.05258268509192
EK202310224054,146.51017996716365
EK202310124503,128.05211111935412
EK202310111608,151.18764110470747
EK202310169517,134.891956355518
EK202310177572,159.9395746397302
EK202320005767,142.13114274986066
EK202310194290,126.85218536824075
EK202310115205,155.76968287672332
EK202310227698,124.06981363611843
EK202310120637,139.21681136933935
EK202310143976,129.99195139743264
EK202310246533,132.0352123360075
EK202310244741,125.56270767159164
EK202310163421,131.38614523698195
EK202310169247,164.95030184723032
EK202310136860,135.81669215185346
EK202310217749,127.40237211127148
EK202310128152,137.7765690754064
EK202310193309,160.036808848217
EK202310243321,152.75006118276076
EK202310152737,133.13918170410352
EK202310187887,151.83159462834203
EK202310150896,129.37806352672288
EK202310123219,149.5608659635595
EK202310166345,126.52322661292024
EK202310163457,163.77875625869714
EK202310218300,152.31761855699463
EK202310177093,134.22585330721532
EK202310123434,135.9545637965612
EK202310226930,135.58220646357813
EK202310210088,162.12414123901883
EK202310190936,143.35347647050477
EK202310127583,125.68391957224907
EK202310185141,133.82993773233764
EK202310138333,134.65555994914064
EK202310143408,147.97877340805132
EK202310147317,131.55539672717137
EK202310127752,135.19915212948817
EK202310248048,153.06519674513288
EK202310109094,143.48028324291207
EK202310230897,133.9621431138509
EK202310229240,151.4904026355579
EK202310158776,132.29373238795813
EK202310178235,156.4257793583253
EK202310153456,122.33738097008231
EK202310125365,134.96399331701733
EK202310228431,139.14938709804457
EK202310177613,156.11204252995773
EK202310230016,142.62948335245528
EK202310124464,126.88452904508675
EK202310160084,142.65562719911378
EK202310230147,142.76008989101172
EK202310154253,139.03394133050313
EK202310180390,135.83028803700574
EK202310126260,135.94469226663813
EK202310110447,140.44533283328548
EK202310225162,135.59600362008052
EK202310127787,130.6310287531869
EK202310127024,127.90750414269745
EK202310123897,136.6534258883445
EK202310191044,152.60077233242515
EK202310107279,144.14982375701007
EK202310222709,142.23700950097268
EK202310158190,134.61908976514954
EK202310226271,141.67877634368614
EK202310227119,135.01149911986982
EK202310180033,141.80587711786194
EK202310113831,122.91711358096454
EK202310127200,132.68011628014216
EK202310234951,136.11245874746226
EK202310113479,130.0078618142139
EK202310207326,148.82004275607042
EK202310227319,159.8749992904907
EK202310230874,135.98963477600057
EK202310139589,141.54733120042144
EK202310114753,148.47788312746692
EK202310121349,139.53885352407116
EK202310202957,155.91446656286377
EK202310159641,138.5936269548303
EK202310176020,137.38426214297618
EK202310163367,134.99506226395346
EK202310186524,142.77350133812567
EK202310221903,155.54627214272492
EK202310161048,150.65538962359247
EK202310187444,145.86024302550584
EK202310127440,138.94728982122913
EK202310218146,158.08190086968938
EK202310150639,170.84211467622518
EK202310233888,126.47824904165914
EK202310209197,150.97237328057983
EK202310143716,170.09670400671604
EK202310104198,137.20200150405634
EK202310154483,135.1965289237817
EK202310167981,152.76253376549911
EK202310180723,130.84548855860123
EK202310196829,130.3408806769767
EK202310115909,139.8384144297324
EK202310142747,153.5316859710485
EK202310168568,138.6015642304025
EK202310116790,126.57974590902329
EK202310246722,135.84112462406173
EK202310201508,143.56255269019462
EK202310184072,152.33437610892037
EK202310243865,123.4600267219906
EK202310210914,125.92825543254115
EK202310239276,134.00764823205813
EK202310215006,155.65677859289391
EK202310104899,151.98618731520403
EK202310123211,126.93596846671193
EK202310139857,139.84448154452534
EK202310229104,132.74659955694833
EK202310225758,149.35924831052512
EK202310154150,128.11265192569098
EK202310151559,149.7957385377783
EK202310121018,150.83361669004375
EK202310139751,127.4261082908686
EK202310130814,151.06499333361734
EK202310226459,140.14497846260312
EK202310144732,133.6101004351469
EK202310159300,160.23833383344063
EK202310216298,145.04710948853426
EK202310108276,129.71307444585014
EK202310132846,149.21524605635472
EK202310146926,129.99890478687675
EK202310205179,142.03478021490923
EK202310172161,151.96656156831227
EK202310206115,153.06855213624127
EK202310197301,127.32380772137061
EK202310172771,135.61341607259286
EK202310109812,139.51549637420018
EK202310152808,133.3095179409118
EK202310121442,145.830575397763
EK202310136433,135.5596240133693
EK202310242312,127.66381446219613
EK202310104384,134.67473034488756
EK202310199318,131.62521395780317
EK202310135620,149.94263175054533
EK202310153631,146.98026215705963
EK202310133022,124.38968582023094
EK202310112038,125.36800964494422
EK202310200944,145.08480001559641
EK202310209272,140.427343299351
EK202310221651,134.1233682056139
EK202310147889,144.14157952811695
EK202310004590,133.07747673003647
EK202310196915,155.81566900776724
EK202310186595,144.80465390839598
EK202310104696,147.476718990804
EK202310144577,150.17941936108667
EK202310169285,135.15504891901634
EK202310184084,153.25119428859335
EK202310132378,140.94644526584742
EK202310246159,173.5196811095833
EK202310202358,122.01570785028336
EK202310159800,143.70366122934814
EK202310209349,138.8130930056688
EK202310200523,136.69923185105444
EK202310231409,141.7105929973539
EK202310125721,149.65971560075945
EK202310150276,141.26783659025568
EK202310197223,131.98056421967271
EK202310160408,147.48440316074982
EK202310213557,137.9320001881164
EK202310218382,151.5434282767123
EK202310209694,159.1556642026295
EK202310211465,153.38437531356305
EK202310227036,144.40942662360726
EK202310168055,131.03023305243863
EK202310173868,140.37950494545765
EK202310235783,136.82170811966262
EK202310182758,147.51739096492636
EK202310202200,134.7036793299489
EK202310114988,135.97481519819385
EK202310176929,153.9173494034634
EK202310121237,154.7400193573467
EK202310152253,137.56733137525143
EK202310226416,153.54446967117303
EK202310140761,146.02609354361059
EK202310200743,145.9142451173071
EK202310165360,152.9924630987626
EK202310235685,152.37214129950905
EK202310238675,138.21031653460764
EK202310191990,148.96551415458438
EK202310149927,144.8583060556235
EK202310196613,147.04591853563383
EK202310138650,137.7215919459441
EK202310135837,132.1376352821497
EK202310004179,139.93322895518742
EK202310202844,139.17262433047935
EK202310156145,140.06081064267244
EK202310137772,125.17311061642631
EK202310139643,168.09286684674842
EK202310190140,138.7079509572895
EK202310182976,135.06281328396292
EK202310140267,139.2030654134279
EK202310149614,140.52468899892236
EK202310188618,146.52677708734942
EK202310153165,135.0707063915983
EK202310239729,140.1404587002321
EK202310104290,133.62203516468225
EK202310237254,143.2578505030795
EK202310127230,148.37917669898133
EK202310133287,140.4362478091901
EK202310196943,136.38780363136664
EK202310154405,137.34740966637625
EK202310235085,131.7820259481629
EK202310144062,138.28430221155867
EK202310185906,140.72034226518124
EK202310133676,150.92977192707727
EK202310196801,149.2932118879746
EK202310223356,141.11849568091216
EK202310174845,171.7441039961827
EK202310131724,134.68651359017565
EK202310227778,132.5577962671366
EK202310139935,136.25610328542697
EK202310109785,152.1891004522819
EK202310162467,144.11189721965383
EK202310190820,141.32764271199528
EK202310111438,132.4607691394135
EK202310202344,156.49996882895888
EK202310128622,148.8443307917096
EK202310239716,137.57894019856587
EK202310206350,156.2297837142379
EK202310137152,138.99353966750374
EK202310186456,158.40244558835835
EK202310247836,134.48221540915756
EK202310239485,138.57038014240868
EK202310192860,151.14044997900353
EK202310130413,135.24343760605356
EK202310193922,158.49431386196233
EK202310181806,162.86921707195617
EK202310121213,136.2980968958203
EK202320006017,167.38409053826078
EK202310123080,136.788360496985
EK202310155988,147.27395045654333
EK202310126966,163.75968315798963
EK202310189745,138.81278520831924
EK202310203961,143.46885947946774
EK202310118179,145.76788620399194
EK202310109004,145.90914233408063
EK202310003506,142.28513719718563
EK202310106808,133.7030056532687
EK202310242146,130.01202282329996
EK202310114687,144.72407890037186
EK202310139155,147.6783354520945
EK202310229903,142.89068778327223
EK202310170375,131.70742364412416
EK202310199839,144.80860054314988
EK202310112897,138.49316370923776
EK202310221448,146.73969444365167
EK202310191215,152.32042900885648
EK202310221051,143.97645901934862
EK202310221033,133.402675174919
EK202310224111,131.5529463408493
EK202310217504,129.72877206630136
EK202310179120,135.1722499905404
EK202310106293,137.66310626375335
EK202310228948,127.39787295117912
EK202310192129,148.23398834573212
EK202310109160,147.73547495203707
EK202310170771,139.73350841386545
EK202310242806,130.75919264302874
EK202310175538,149.22625180267272
EK202310149012,151.15622491164612
EK202310104532,137.87408944894753
EK202310212068,148.27287894238611
EK202310123340,133.52152019967087
EK202310131077,142.37053189231338
EK202310148068,140.93197003244737
EK202310190251,135.3727658157574
EK202310174004,169.3398796305167
EK202310156599,128.0965214833035
EK202310153023,154.4120199528962
EK202310145554,156.79104105238903
EK202310160744,170.41079215961656
EK202310185195,133.93710897688143
EK202320006590,167.6490334216884
EK202310129886,142.65974557378667
EK202310124625,146.987676862253
EK202310188309,146.45386044463902
EK202310142832,142.3405092835506
EK202310183119,149.30341097195708
EK202310105045,135.683121975317
EK202310170611,128.14206860452248
EK202310155999,149.22339342159006
EK202310230234,133.7313239705754
EK202310103794,147.18047700691878
EK202310241301,156.01312898123848
EK202310202926,165.8229321409584
EK202310247420,144.3217441876764
EK202310165584,161.59636845228346
EK202310179695,127.86077060542301
EK202310164314,157.40900829767688
EK202310155082,140.43892823099387
EK202310145770,144.92141589064948
EK202310247538,149.53359925606074
EK202310214111,159.92245801784108
EK202310181544,151.1880089151859
EK202310151024,131.75266703660978
EK202310229794,128.3304791556484
EK202310125839,138.93737384103054
EK202310128797,137.9783117264682
EK202310147449,150.37431703555632
EK202310211288,123.75069838701725
EK202310165604,127.8767248359086
EK202310140481,138.42925310732076
EK202310154542,144.49256379201643
EK202310213091,127.34198169260164
EK202310248733,138.59877665597293
EK202310152930,168.35791226768308
EK202320006866,162.00599614361695
EK202310216477,120.93296336801913
EK202310181197,144.69927917993516
EK202310244809,141.04255298612756
EK202310111806,141.26914809821832
EK202310106490,161.24883900789408
EK202310145258,125.55766108270012
EK202310205168,136.9028010958777
EK202310157331,143.222173790093
EK202310163882,127.6233341695028
EK202310129546,118.33720313479618
EK202310148414,132.74422157634578
EK202310224909,128.59276885392825
EK202310165479,133.02368982634005
EK202310170016,136.66197132898793
EK202310182759,140.4501737724759
EK202310111689,139.81040158372465
EK202310202711,136.0800071544111
EK202310201534,146.71378718922858
EK202310113940,136.07547194996846
EK202310114299,128.06248218320363
EK202310203251,153.25361417222115
EK202310143744,161.82468683453405
EK202310149498,158.83353191735978
EK202310217908,128.8429861598574
EK202310211929,123.47660131161612
EK202310149164,154.02616849515456
EK202310164565,133.55830152590485
EK202310210725,129.33423366592532
EK202310121120,138.47847407391782
EK202310216961,131.71123099869538
EK202310172951,155.5488249323252
EK202310230076,129.2993060963049
EK202310214365,141.819075222085
EK202310120411,145.9807102580721
EK202310233763,146.23643333774982
EK202310189756,130.6199504868497
EK202310180908,146.9054733733406
EK202310163595,137.80216033275528
EK202310117226,134.73693690408138
EK202310133078,137.40874938161625
EK202310214364,140.7231334152703
EK202310216563,135.74388622606963
EK202310233460,132.2100212920969
EK202310145609,146.83328011168405
EK202310224257,131.05318127075822
EK202310192247,137.365998756358
EK202310205631,133.51294940445976
EK202310231421,137.90221302881199
EK202310226086,131.99518507596915
EK202310237602,134.22679884289542
EK202310136602,130.2878981689829
EK202310122474,130.81825132608682
EK202310188932,151.43400651519806
EK202310138201,121.98815716538232
EK202310194378,170.14374396505866
EK202310214991,168.62521270622662
EK202310225525,142.21914991248198
EK202310134214,145.21106496859304
EK202310195862,137.88333652890805
EK202310159199,147.85266676301296
EK202310155737,138.1381017806453
EK202310170011,127.62896516251072
EK202310201630,134.13650074690455
EK202310226552,130.19746306874418
EK202310160002,130.47667913405004
EK202310151703,144.9475278516129
EK202310143816,126.47015299205937
EK202310232638,151.59785341020293
EK202310114002,141.43769648923498
EK202310129927,140.86632137647925
EK202310203267,139.9625467959937
EK202310177954,136.56213098593776
EK202310153060,145.00611027341552
EK202310111529,135.32881539013025
EK202310137725,151.0199883587058
EK202310166343,142.29632201976136
EK202310186809,159.7092365121893
EK202310144953,137.9169121687066
EK202310122463,131.78982568907966
EK202310134204,149.33007862881345
EK202310150378,134.63572565679723
EK202310237288,139.05360416386227
EK202310248480,147.76862156125057
EK202310004124,148.36302961178222
EK202310003566,123.63212385766249
EK202310213203,128.98236939183573
EK202310124344,130.40846358447027
EK202310228408,170.37563752216565
EK202310232131,134.8003780821547
EK202310118742,152.24305533789257
EK202310134004,147.55039148386325
EK202310247397,145.605809246922
EK202310239190,128.2162856537358
EK202310246475,133.164433783094
EK202310198578,148.18045121437416
EK202310215084,132.0141507592853
EK202310105260,136.30656026699617
EK202310165433,155.2595347291615
EK202310140038,161.71853138169033
EK202310107453,140.65409558077585
EK202310221064,137.59813442896248
EK202310120243,136.2615883084379
EK202310184845,133.35806123064555
EK202310176066,146.48568079359262
EK202310227077,137.6418798756727
EK202310144370,129.80003414625344
EK202310162124,133.68066743277174
EK202310110699,146.06397572239027
EK202310153084,170.2304949477791
EK202310160786,147.26034987375758
EK202310242308,140.3441596574943
EK202310194163,130.41388029594552
EK202310105869,148.69182377172925
EK202310214672,147.8446553250463
EK202310145840,139.97600457839172
EK202310178975,142.91612830770404
EK202310189351,175.6497363127876
EK202310180495,156.94501610835172
EK202310202435,129.96069569057758
EK202310111129,133.75261212880451
EK202310157646,141.98468171350615
EK202310227821,157.22886806374018
EK202310142018,123.68977576169695
EK202310176861,152.7755798204043
EK202310228822,138.63203839288008
EK202310142217,148.71082718883832
EK202310237859,148.7087301369007
EK202310146830,131.14575356724635
EK202310152183,147.05654243654075
EK202310179889,128.52648572534918
EK202310217535,145.50272487783056
EK202310111073,148.9234813671386
EK202310228103,141.3431725955876
EK202310171811,145.55160898382243
EK202310224290,144.36593431174873
EK202310108057,145.26427869194677
EK202310240225,155.51709089825982
EK202310240301,134.94785521896856
EK202310126961,135.76386325018117
EK202310235847,136.7365914323164
EK202310107011,144.60820497206444
EK202310185554,148.04359031165956
EK202310224213,135.7423227518152
EK202310132189,134.17755562965846
EK202310193327,153.1540619863868
EK202310230501,131.26311856587512
EK202310130145,159.26952590825303
EK202310188675,148.77611246574745
EK202310155036,136.61792519932393
EK202310177355,147.38103108118295
EK202310139948,132.70983813788854
EK202310119442,137.34401411048435
EK202310133620,133.37065482663598
EK202310202179,160.97326272341465
EK202310217546,144.5827947665133
EK202310182683,139.04049276113236
EK202310184843,137.25693409860912
EK202310108718,151.8710272223164
EK202310159849,149.293038625102
EK202310004889,128.47396149235317
EK202320006575,179.54235454561814
EK202310209060,146.97821071479785
EK202310104959,131.384227555035
EK202310182681,141.12095551810071
EK202310145101,146.81815989310414
EK202310134497,133.9815216074917
EK202310120585,133.55105109854463
EK202310198684,161.17481391566113
EK202310109466,129.51169155317623
EK202310106981,125.90979327397821
EK202310004230,128.49620328298698
EK202310173364,128.08130825688988
EK202310164220,140.51169868210866
EK202310207890,128.11006954831015
EK202310134470,146.94964791406673
EK202310124056,134.6187876007586
EK202310185859,133.78687821510565
EK202310160054,144.10763514424363
EK202310246219,155.48015726406481
EK202310196525,152.5541285809692
EK202310193933,148.09871777848608
EK202310144345,123.12645304782214
EK202310004466,164.98125753628273
EK202310168682,153.43011342742864
EK202310231230,134.18973054656664
EK202310206143,127.58442845988661
EK202310120180,143.55375947785163
EK202310208027,139.19088093949077
EK202310211315,137.25831698906498
EK202310176576,131.43568958289686
EK202310174969,146.4278866529814
EK202310210179,131.65518269874818
EK202310217528,137.5084454975733
EK202310238600,126.87209849144718
EK202310236054,137.7650852737703
EK202310137936,130.68320725961007
EK202310222493,126.96177655883855
EK202310171713,141.27858165303317
EK202310171703,130.34756277632397
EK202310132101,149.96497719234483
EK202310136177,127.59659324768978
EK202310222204,148.29255648142203
EK202310198438,148.92491820873536
EK202310198847,141.49875827200086
EK202310212204,124.41827070733859
EK202310158611,136.19594094102789
EK202310214429,140.99695996777828
EK202310197505,127.3686153542997
EK202310155317,158.94730735325874
EK202310103873,141.4362926155804
EK202310203439,133.680271034523
EK202310205578,161.87232003523283
EK202310114493,131.62111704345364
EK202310192330,131.59986626256102
EK202310150257,128.01046740494522
EK202310212345,134.08774631163124
EK202310166764,148.61497304383795
EK202310173381,134.70763761578303
EK202310129246,137.3254882315423
EK202310198977,167.5105182519217
EK202310111435,148.07103138343956
EK202310210569,145.64756635651378
EK202310216496,150.90204371069126
EK202310159176,142.03630804036607
EK202310205779,137.98846291873247
EK202310160097,172.3148656775804
EK202310144776,140.68874332553546
EK202310232327,140.81716242209998
EK202310177826,146.49852850395015
EK202310232783,136.8361738425129
EK202310247658,133.57598154125753
EK202310192257,129.44671340341586
EK202310105522,155.66897510595282
EK202310110676,135.50731794173038
EK202310175277,135.83763282704135
EK202310222480,135.12371441870727
EK202310244692,138.66554767381515
EK202310238299,154.48580705798182
EK202310196847,143.64722642936988
EK202310219030,132.13712559260546
EK202310003531,133.4882204036737
EK202310216422,147.09771788533848
EK202310112977,152.01405030563757
EK202310184951,154.4078120302478
EK202310195157,148.44116223011875
EK202310107454,139.47866623347173
EK202310139967,131.20876914133305
EK202310150754,135.429524473154
EK202310136822,131.09123868678188
EK202310219114,136.45225190616566
EK202310200603,166.86215311136215
EK202310141838,132.36494692715345
EK202310148763,155.29010949962705
EK202310234275,148.39754892398872
EK202310219816,140.72444517068845
EK202310105056,139.0721312231205
EK202310164743,147.33825791631932
EK202310132814,150.8489298124894
EK202310188510,137.50556387034936
EK202310190625,162.34201565774774
EK202310133363,135.3911914223104
EK202310164850,144.43714095719378
EK202310112766,131.95887286821304
EK202310242743,140.84486459232843
EK202310167944,145.07557316684318
EK202310174056,132.30135044635068
EK202310196467,138.0355669132332
EK202310112347,149.32395132538855
EK202310183616,139.91418477408823
EK202310169352,159.23864959958425
EK202310209027,145.26375976479196
EK202310223654,143.66862678015696
EK202310118853,140.05540898852686
EK202310161978,161.9388057872061
EK202310226345,140.75083697415033
EK202310229817,141.54529523726308
EK202310163424,123.02181494582696
EK202310230830,134.23633472690778
EK202310181485,155.5266531913654
EK202310173117,148.57081999867472
EK202310191342,141.16899108956474
EK202310205302,138.76789255988922
EK202310122843,135.66895771018378
EK202310201365,141.65644717263845
EK202310164039,132.85071138782143
EK202310176835,148.91378740745375
EK202310240788,134.09067355468952
EK202310112640,130.219043421815
EK202310181638,127.74564974473624
EK202310233877,136.00547513719084
EK202310107169,126.73789800154769
EK202310178789,156.87171725665496
EK202310152645,137.2323887263052
EK202310139143,145.98885199762725
EK202310185606,123.91761071396569
EK202310236253,125.50142406090686
EK202310188369,134.1901273480288
EK202310138500,152.54845046701632
EK202310231971,139.6115342832162
EK202310194339,144.44608288253096
EK202310175771,147.28552445098813
EK202310109100,173.83020394168022
EK202310196714,141.8056612947919
EK202310135780,136.3560682159671
EK202310177286,141.11185767693195
EK202310162248,141.2984642981153
EK202310113556,143.66625935933837
EK202310225632,144.93388003231698
EK202310247856,137.5205635411628
EK202310178852,132.46444951492313
EK202310163577,125.50108588222226
EK202310151357,129.2210125282895
EK202310111121,135.73601491195316
EK202310181600,142.73891052165303
EK202310194358,132.18820509633022
EK202310202153,160.705725534759
EK202310105466,117.56136851580297
EK202310216384,135.9633086664663
EK202310153150,159.0253984699892
EK202310230780,141.58501080087035
EK202310248548,127.57584851679424
EK202310121252,142.1769747571269
EK202310201045,140.77583489214817
EK202310208942,146.99058533685871
EK202310173243,137.86704608733962
EK202310183907,153.6391347519139
EK202310152258,134.40282294395942
EK202310151886,126.35485925417211
EK202310124883,130.30245794041684
EK202310206942,155.32623524856515
EK202310186343,129.2544639835747
EK202310199252,152.82781959761704
EK202310153785,142.89396009880565
EK202310119274,138.3165986434815
EK202310229019,123.21344348406623
EK202310003459,148.48950469149207
EK202310215837,127.94257177568022
EK202310104012,158.24046661200978
EK202310226825,158.5166249417476
EK202310112000,134.6397735227314
EK202310228139,115.9193877913066
EK202310195964,135.5049393235925
EK202310196447,136.8371188383409
EK202310133431,146.9578593620507
EK202310148207,142.20838302114015
EK202310208262,148.31193142553377
EK202310234548,127.59876739584215
EK202310110644,167.81969743055555
EK202310112284,145.98805709719016
EK202310185528,155.48590021798964
EK202310120181,132.8599171537762
EK202310155062,127.13306584988628
EK202310141339,132.23577242498433
EK202320007364,137.3177748447944
EK202310153420,138.25867501563283
EK202310168023,166.60617546339046
EK202310136980,171.06670884217976
EK202310109577,152.74119470992417
EK202310242836,144.31182758275003
EK202310245264,147.68894074428744
EK202310156259,140.04533853165248
EK202310190170,130.00325488251224
EK202310248085,126.47369977442857
EK202310236610,128.596377229334
EK202310127984,125.80139406933664
EK202310151526,166.65245481626476
EK202310183833,131.82848739410244
EK202310181035,119.27832220260169
EK202310209277,128.0553472093329
EK202310208187,129.3661612371199
EK202310113331,140.23897460596208
EK202310130050,148.9274869451548
EK202310210098,175.04432867318957
EK202310131769,129.80684829572013
EK202310182943,148.41911931728646
EK202310245900,139.25807201711663
EK202310112562,160.65718266147658
EK202310112368,138.60185318330565
EK202310153158,136.276267418043
EK202310246187,158.4625828164743
EK202310158259,170.73429568146597
EK202310191908,155.81813371410755
EK202310229177,119.03443427748205
EK202310173976,120.98649244869422
EK202310235029,138.42762254528176
EK202310160651,144.72335620235873
EK202310104176,133.2931011131107
EK202310163031,142.16230281911552
EK202310189284,149.85928994260865
EK202310203767,129.66106691207284
EK202310153903,132.0753352462731
EK202310163959,139.3208628089175
EK202310175696,146.1625140801015
EK202310196551,140.62434613760587
EK202310130357,136.7650473305636
EK202310227070,172.38166410319178
EK202310223980,150.80380152686007
EK202320005716,148.80350892407785
EK202310191016,141.8902023496192
EK202310159308,165.53637586272365
EK202310157506,129.37009274794383
EK202310205339,145.75348683036364
EK202310173591,138.35531014336277
EK202310212415,135.78250727130956
EK202310152400,133.94554244512145
EK202310116809,144.84890537694116
EK202310223921,174.17512042776647
EK202310136881,129.8092334130156
EK202310197683,162.09923018198526
EK202310119242,138.32655532752688
EK202310156431,141.88455708194584
EK202310142993,153.24190323644254
EK202310190357,125.68562538820017
EK202310138818,143.22513677533888
EK202310180708,137.05821869338874
EK202310171205,146.99366939615996
EK202310205536,136.83326104292595
EK202310178501,143.15640614120557
EK202310114516,147.3127701577421
EK202310217959,135.56529504930742
EK202310197130,124.87254422344229
EK202310175335,152.48726751490528
EK202310106557,154.40398342757265
EK202310228468,137.40014150509907
EK202310107166,138.58424828169578
EK202310187850,153.1933916376956
EK202310231655,133.73090866884795
EK202320005951,152.25082540714973
EK202310110395,120.56822533464528
EK202310229554,145.63870427848937
EK202310129150,134.35862341762322
EK202310245507,145.77413133316867
EK202310165967,139.53518721609493
EK202310139144,130.80704804383765
EK202310205378,130.06590824920283
EK202310118211,127.72995277790034
EK202310117975,133.95679960408663
EK202310246423,134.84755577017083
EK202310224264,133.87795481261392
EK202310157523,140.4650339805436
EK202310136806,137.1748089045224
EK202310209414,146.11971384221675
EK202310105657,144.39734649529586
EK202310227287,138.9534853818656
EK202310143495,150.1205128887594
EK202310104202,130.61969900815396
EK202310132179,142.88443177068916
EK202310192107,134.39435129153057
EK202310201701,155.00745558499653
EK202310204228,130.1817393368926
EK202310204465,158.24028922490618
EK202310220504,140.94707084727287
EK202310190283,126.51233813543038
EK202310220919,152.67254174612128
EK202310136224,144.47327244126052
EK202310229439,130.74067014968838
EK202310201973,135.5546564548203
EK202310233266,140.12080600565048
EK202310120402,157.73813985584303
EK202310203268,139.59272600888767
EK202310103759,134.12753075540934
EK202310206364,141.59460933766806
EK202310239486,136.08202668238204
EK202310167126,154.54544777027382
EK202310172738,128.62907844912144
EK202310225872,156.83886445682782
EK202310124187,130.91594965562672
EK202310230657,129.50421730589758
EK202310219193,128.787250494777
EK202310169804,152.71217863958893
EK202310214791,139.3042203505519
EK202310130499,138.1528532914772
EK202310125258,141.9314084724894
EK202310217221,138.69707423876233
EK202310244345,148.2706036682806
EK202310130692,145.8005714877258
EK202310225290,167.12467356881626
EK202310202584,144.8305511394292
EK202310165777,130.34212164685536
EK202310173066,147.85834152499964
EK202310142994,142.83117436202085
EK202310146665,136.45680284418455
EK202310213439,131.67622271187548
EK202310239350,139.0277634186781
EK202310187146,162.9526547438678
EK202310141831,159.83631121894626
EK202310181405,152.12379154529188
EK202310218983,134.9574810162364
EK202310224271,150.69866135190327
EK202310141723,151.58707434305865
EK202310191900,151.85668467353423
EK202310179485,143.73302042509766
EK202310162868,134.81487832126734
EK202310182366,130.81745968324495
EK202310148108,130.4302458254881
EK202310160133,156.41319233599606
EK202310166838,161.5794568467928
EK202310209189,136.69727457982077
EK202310135477,143.5395596264912
EK202310136211,134.03939907722113
EK202310211907,155.68969410512946
EK202310204224,138.38895076321262
EK202310003420,123.74998149406225
EK202310111245,174.26889542876603
EK202310155528,125.6119803383385
EK202310116420,163.33358461070804
EK202310163647,130.12642174465205
EK202310004316,128.01779281487214
EK202310136565,151.76095588093247
EK202310242785,130.51338862423447
EK202310142669,153.32237290441626
EK202310113336,132.35378225761508
EK202310147196,144.11790256829426
EK202310198324,164.90839768221613
EK202310143104,160.30993315553755
EK202310112994,137.63895191663656
EK202310175359,167.60236652952184
EK202310185406,154.0113806424925
EK202310179778,144.2831787674593
EK202310112667,148.3280644415724
EK202310194252,130.38936356258188
EK202310147035,124.13703447801389
EK202310111219,150.25903720199886
EK202310214524,134.15034130859573
EK202310232716,141.55724786584028
EK202310105019,152.09122904197332
EK202310234559,136.41805610660128
EK202310173427,162.48732532336447
EK202310195378,152.7953770833482
EK202310134112,127.99306432878166
EK202310181301,127.26355919061828
EK202310214980,143.11039089108735
EK202310238261,149.00471207912986
EK202310130718,139.2955318562486
EK202310147373,126.9314622016218
EK202310168667,155.10408533738166
EK202310225226,168.08092546676878
EK202310118349,141.48538565822926
EK202310157718,147.82832872823113
EK202310187448,138.96074431035188
EK202310181860,141.52106784346662
EK202310236193,154.26464241098162
EK202310152103,135.20807025605484
EK202310136089,162.49374999190528
EK202310238835,148.39283615005905
EK202310142264,127.46592572992637
EK202310198539,144.4788123089581
EK202310190468,143.21204856761258
EK202320006389,140.33336833765236
EK202310148444,124.16727598667936
EK202310149959,152.1576676417984
EK202310228555,137.16582040494612
EK202310105501,134.256902963697
EK202310119203,132.33938200830582
EK202310232306,144.9102500573374
EK202310182557,137.12119307298033
EK202310213342,130.83424038291938
EK202310167646,167.74741084361025
EK202310195462,143.64954041136934
EK202310171718,140.27827080492082
EK202310150737,152.81634740897337
EK202310207739,159.22064802363548
EK202310121660,139.67910358347706
EK202310205678,146.25864157083393
EK202310242815,126.10170395780278
EK202310193926,132.40427609935978
EK202310169215,158.52208998488848
EK202310121914,125.75336687246579
EK202310146443,137.08894021134307
EK202310186043,139.848071299841
EK202310242764,141.92164336268945
EK202310125734,122.9777048139086
EK202310188093,133.725286399271
EK202310247744,150.36105531416422
EK202310183732,172.46101623302556
EK202310120950,138.65759365688717
EK202310160943,139.3064066902175
EK202310223077,134.98530485726232
EK202310113322,137.60467177321436
EK202310171016,163.55404775197468
EK202310118992,142.59096557659424
EK202310210813,123.75538892831415
EK202310119393,148.86707144695438
EK202310165072,143.79678763683367
EK202310130476,143.35289201493532
EK202310176158,134.24791759668477
EK202310235070,144.72516102547493
EK202310108800,126.57132203522626
EK202310213698,124.35712886048174
EK202310211960,131.80372973649202
EK202310115107,136.93594651182858
EK202310154887,156.5491197090108
EK202310125964,131.54884300100292
EK202310197631,140.25128088430102
EK202310152495,143.45575803986992
EK202310138965,158.55413262540185
EK202310229751,130.80540958999444
EK202310243042,128.69045470671284
EK202310104932,127.69644316105035
EK202310196593,159.03002463417735
EK202310166871,132.56275829963784
EK202310148398,154.05466223941156
EK202310209486,124.10139516214072
EK202310136632,130.6346916817759
EK202310189646,152.76594001562793
EK202310225870,152.2725721701913
EK202310161755,134.7466773613383
EK202310228917,138.34550348223172
EK202310148074,140.7915717124377
EK202310127137,149.54212438632803
EK202310189248,129.83058639885047
EK202310125103,130.74229716329208
EK202310191210,132.70651705630073
EK202310218240,143.8582688673898
EK202310237275,127.38591887128914
EK202310162417,156.3523111154575
EK202320007302,151.24924732691142
EK202310198514,143.7915163779034
EK202310156654,166.05117020572328
EK202310171571,142.59340541726738
EK202310177305,138.14866630489854
EK202310246747,145.5143549701052
EK202310202758,165.51381781246658
EK202310106134,128.50966476919777
EK202310004263,157.95489919884952
EK202310167253,135.02177188818865
EK202310154950,143.03823083932474
EK202310104343,136.1020867044908
EK202310162981,156.42462584762652
EK202310170399,144.15852096972287
EK202310157462,143.6493188374329
EK202310222137,137.27072568343445
EK202320007745,153.9919035114222
EK202310220891,132.13190398301154
EK202310197465,145.65418546947203
EK202310169484,135.96382895609943
EK202310206857,135.49579933601188
EK202310246430,136.61504882914176
EK202310116674,127.7540058999366
EK202310143852,153.60951624840985
EK202310181630,154.1586499924483
EK202310208946,145.49936732263853
EK202310108868,146.74510768220375
EK202310175588,153.33254465189023
EK202310159547,126.06698147729662
EK202310188294,148.91708094885868
EK202310180437,151.2172181918244
EK202310212936,132.23862084024512
EK202310130231,157.6935259367011
EK202310127231,139.6021544759628
EK202310189985,144.93663756404794
EK202310116510,137.6717957444239
EK202310207462,166.37814156525724
EK202310218692,137.46151547505264
EK202310227138,129.2578556742628
EK202310209607,144.949434719869
EK202310119774,127.64045585876498
EK202310244607,144.44526988212934
EK202310113466,158.6083916595682
EK202310117710,118.09090750547017
EK202310175467,150.9666948796817
EK202310137952,138.30535161749123
EK202310235796,142.4183166966766
EK202310248336,138.76109066354954
EK202310185289,143.50392353995818
EK202310149146,142.11774505227058
EK202310129791,159.68120406305053
EK202310122547,140.9771761018456
EK202310131673,142.80413402441957
EK202310218477,165.244896500733
EK202310158788,156.58054538122792
EK202310243244,137.39231227706944
EK202310137064,134.1246128812948
EK202310178386,156.26353203419322
EK202310159003,141.76478103594863
EK202310127413,151.26701956680898
EK202310194146,130.4953893115465
EK202310232087,146.33595092726898
EK202310143601,149.41461197767063
EK202310127915,138.7894919276374
EK202310148535,135.17606166243405
EK202310127692,131.8914917639667
EK202310134785,137.1647618462667
EK202310196646,148.50365670571995
EK202310003600,130.68431401860698
EK202310246935,162.29498711682206
EK202310239761,138.61632410972808
EK202310216852,134.05113196964345
EK202310220984,140.41218427533042
EK202310144095,141.2978521403488
EK202310152597,149.63676861803347
EK202310168343,141.97945033066526
EK202310137883,125.0599988821055
EK202310193368,131.01232723840457
EK202310127993,148.7975300903081
EK202310141466,150.83739090139653
EK202310124906,135.99865414860005
EK202310121318,139.7581875817586
EK202310214552,153.68631220573766
EK202310242972,146.47529165468438
EK202310169356,173.89160130840872
EK202310141331,138.41995377800126
EK202310148511,171.27150393547606
EK202320006765,174.38883323328412
EK202310131274,136.76031775789903
EK202310126970,132.12847152911974
EK202310167321,153.1792175834509
EK202310215589,143.18477262831982
EK202320006107,147.02539233829694
EK202310147086,159.88979876767283
EK202310233859,155.91470137013795
EK202310141954,126.43313517424488
EK202310234852,125.6498792571806
EK202310136328,133.99909633976023
EK202310133047,127.57829559967692
EK202310136399,136.22767625257774
EK202310207760,139.71346865049276
EK202310139278,132.35196631249516
EK202310125356,136.4191652252391
EK202310146350,138.7158388114763
EK202310177090,137.4673748894329
EK202310138005,131.15300671655112
EK202310137985,144.27380782338858
EK202320005567,150.43143894555092
EK202310197087,139.51166469559382
EK202310157990,140.94838468650218
EK202310176214,158.69515280349725
EK202310128811,139.93667369872392
EK202310120029,137.49786993009673
EK202310144471,145.3035461865851
EK202310188230,140.59303480454645
EK202310154178,153.7130088979179
EK202310157814,133.5005730923679
EK202310130684,144.68490507745133
EK202310140639,140.39413488459428
EK202310233784,141.97894772165935
EK202310177044,132.43544207061538
EK202310204770,156.0979271831147
EK202310143193,118.50272226989696
EK202310229063,156.4484543267657
EK202310142428,147.50490885074976
EK202310142101,145.4675074136043
EK202310199185,139.25533206455685
EK202310122048,137.4072144134723
EK202310189594,170.02261330866895
EK202310105475,144.14863083795325
EK202310181985,145.40108576804525
EK202310111833,141.61731131800187
EK202310164318,127.78349474303161
EK202310170916,142.4921064161623
EK202310158358,163.6167610765228
EK202310106802,134.4985743812032
EK202310158510,144.07859958724137
EK202310212527,133.4475031376612
EK202310109926,145.86942973014624
EK202310114932,170.69328004578992
EK202310223038,133.2153010226718
EK202310193126,148.0758651456571
EK202310246777,138.31691628186474
EK202310189632,159.04716704804363
EK202310240945,143.34868266345566
EK202310239693,145.61542564242006
EK202310216494,134.79555140507858
EK202310183749,171.02064625396082
EK202310141275,128.4315723686467
EK202310131036,141.66384444067344
EK202310113828,148.82761100976975
EK202310207144,127.2768923387531
EK202310190451,126.94765784126979
EK202310229761,134.41199251202096
EK202320006392,163.57138151642633
EK202310227082,138.49685910250204
EK202310211827,133.928198462361
EK202310235192,142.1353663091004
EK202310198132,142.6870805286917
EK202310189905,161.42008769427534
EK202310193570,138.54459049157455
EK202310137822,133.0464152827307
EK202310206557,144.72695948395628
EK202310127272,142.34828629781532
EK202310195399,141.22244922772123
EK202310116174,161.39537083944327
EK202310112198,141.51767412092937
EK202310163418,142.34777838781693
EK202310003339,139.78134371354906
EK202310145884,149.80956009569857
EK202310210819,134.12665278783513
EK202310188596,145.46335225270005
EK202310227740,124.58863879926375
EK202310171332,140.4375174850746
EK202310107268,131.99552777099385
EK202310232122,126.46371299494817
EK202310145739,150.49000007885445
EK202310240638,132.3393256478219
EK202310174884,154.57193118710188
EK202310213193,124.78540670092036
EK202310218429,138.74667436510634
EK202310225216,126.45562535528995
EK202310235813,139.59602391934604
EK202310223825,142.0820392751393
EK202310165260,144.89851093981198
EK202310136218,151.5527124624337
EK202310138301,143.30292796717464
EK202310217412,154.15124425984794
EK202310224143,146.62903815790838
EK202310155730,149.61952079539998
EK202310246010,131.86195808854205
EK202310111437,134.99744051789423
EK202310162583,157.99815921408901
EK202310126440,138.09228816490992
EK202310104619,138.13294610314063
EK202310172843,145.14717041621066
EK202310147555,177.65735213611524
EK202310161054,151.09030881065698
EK202310209188,136.22710206108798
EK202310144583,127.44241673822991
EK202310113571,157.27908159932275
EK202310236906,141.5866009116479
EK202310236614,135.46302197018227
EK202310153224,154.45913143510967
EK202310139052,163.28691561424526
EK202310238192,131.74173653367976
EK202310233466,128.27557709561214
EK202310215038,149.59146085977184
EK202310179617,139.80457229718468
EK202310159717,135.35322716948323
EK202310152017,159.52616495738465
EK202310190439,119.17303847879784
EK202310193413,151.00429634475057
EK202310160170,163.37202233996757
EK202310123300,129.90416324500134
EK202310204445,137.66610710908563
EK202310214835,137.85469414952271
EK202310220520,130.8605633588307
EK202310003433,131.08064175863882
EK202310159797,138.262043001339
EK202310139535,151.16329190031556
EK202310118986,139.52077727832406
EK202310131290,131.1967589773666
EK202310145211,134.37667769097357
EK202310124121,136.21889776064458
EK202310164013,126.56782934335536
EK202310158539,150.7058622572482
EK202310157029,123.41277820477754
EK202310205071,155.67543462952756
EK202310237265,149.38248396853567
EK202310121334,159.77835337410497
EK202310169722,156.92770442768926
EK202310227972,138.23097572775424
EK202310148017,164.40554838638005
EK202310201744,148.54571638868734
EK202310178777,157.9619841804234
EK202310158599,132.93180337591542
EK202310223823,145.20751044444793
EK202310244269,142.20604194621566
EK202310145223,148.0332593689167
EK202310183001,137.43136811582886
EK202310144652,130.0829801815463
EK202310149925,143.9776286020025
EK202310232433,130.5886136152965
EK202310170505,141.76399821524538
EK202310213173,138.68514280072006
EK202310140978,147.1476744156652
EK202310003838,158.2440025323659
EK202310197038,139.60371282167822
EK202310144172,151.31574486323925
EK202310107554,156.49584085626162
EK202310145215,136.50235442211132
EK202310178423,142.1371565310119
EK202310135509,153.21254230581243
EK202310114244,136.00229449491104
EK202310143184,141.65648434815637
EK202310141247,122.88590238192897
EK202310202303,140.88669505167815
EK202310111325,140.5950652650601
EK202310167906,167.24904036624724
EK202310105431,133.0609448277082
EK202320005905,163.4969160367011
EK202310127826,155.40203121296244
EK202310104035,126.81627789432413
EK202310213387,125.46311303092631
EK202310109955,136.78558550926005
EK202310218233,134.8410451202085
EK202310115271,130.38853399803554
EK202310206248,143.0134701862297
EK202310158573,158.92999594590512
EK202310183224,147.86017981715545
EK202310231210,132.4005075234216
EK202310118684,151.55359796338428
EK202310242985,134.38605556944063
EK202310136035,135.43991989197212
EK202310231734,135.3384909586039
EK202310145163,128.1931822688796
EK202310211871,129.7979939649888
EK202310151737,135.7093023799539
EK202310165550,175.43647957752137
EK202310214955,142.1229985431649
EK202310112312,141.18507644462625
EK202310122742,146.71627947802799
EK202310202487,123.6164187313214
EK202310233089,138.2375126276776
EK202310166257,151.39317672036967
EK202310180021,138.85727548388638
EK202310149123,132.96525193138265
EK202310139242,149.0140741756788
EK202310140791,138.86794752289273
EK202310230828,137.7834298445948
EK202310242667,134.1211736304573
EK202310188077,138.79928718721052
EK202310184134,158.02770338879031
EK202310227767,170.21830079191804
EK202310206257,140.18861628139183
EK202310112535,146.996598355422
EK202310142903,140.29242958550518
EK202310109645,135.44021558266172
EK202310153020,160.80162276347778
EK202310106726,130.17751981354368
EK202310223842,151.09823366599326
EK202310194598,146.80993979047855
EK202310148450,130.8108174706955
EK202310120806,134.6571147538719
EK202310209691,140.75952310376246
EK202310114213,139.8565542158576
EK202310152335,149.7869290803895
EK202310232377,130.20769546753672
EK202310150359,142.63233039773607
EK202310172745,121.86125327884427
EK202310201411,161.85525042286403
EK202310152893,162.7794367396282
EK202310155212,143.60719676771416
EK202310182742,141.5723291476454
EK202310183087,142.08524759252978
EK202310200379,135.2243245248034
EK202310173094,120.76917886426091
EK202310227985,148.4343227676368
EK202310238336,170.81027067652002
EK202310184224,152.3002886681498
EK202310232915,152.23141194668497
EK202310219151,134.8779708547885
EK202310213370,124.58367353429406
EK202310219745,144.25163304577086
EK202310138780,142.5425347767728
EK202310203481,161.19509631142995
EK202310174922,135.05861550830426
EK202310233758,133.90561024310108
EK202310153471,129.78786299074252
EK202310151891,159.02967073213333
EK202320005592,148.31483486074424
EK202310105631,138.0062160635339
EK202310176003,138.50978613751278
EK202310181211,143.27855357864482
EK202310144399,130.75286011515843
EK202310240649,126.43214484398126
EK202310145192,144.8274900287268
EK202310206829,140.4531791252515
EK202310110211,124.82596326186085
EK202310234760,128.26047308297456
EK202310114319,138.61651542378993
EK202310135966,130.467427369777
EK202310183214,146.2333200048683
EK202310163942,164.86616333822167
EK202310219060,134.16281100917462
EK202310192350,143.98330548334016
EK202310130531,137.63367896055874
EK202310163172,131.11904413577497
EK202310240348,130.52213289780534
EK202310198945,152.196149952692
EK202310004178,114.6134026263607
EK202310199537,159.13294757939906
EK202310152430,150.43670500514693
EK202310200143,143.28075779109426
EK202310190524,141.88246283618187
EK202310116645,121.8426516417281
EK202310193204,141.60983274904783
EK202310148808,147.3927129594367
EK202310231781,134.47938839880416
EK202310129095,143.30684939136637
EK202310114613,148.4954731763041
EK202310190518,134.3230941873386
EK202310180509,149.08494714386316
EK202310220514,141.02022409900016
EK202310225336,127.3783121373586
EK202310237750,143.33087959188225
EK202310182363,144.47242627383534
EK202310196291,158.43021943042962
EK202310161270,142.24375441740202
EK202310132154,126.08604566187468
EK202310181652,145.2536275123326
EK202310238306,149.16350889703904
EK202310187861,130.23525953310022
EK202310196524,150.64143159062476
EK202310218151,147.11294243088457
EK202310176813,131.06003681823657
EK202310115338,148.8635421763523
EK202320007107,152.15440135306972
EK202310190744,157.6171320613013
EK202310242292,158.46659633307326
EK202310133848,139.6898197845922
EK202310173165,141.84477685482622
EK202310201969,121.95592134349101
EK202310194094,153.66853260892148
EK202310192787,136.50937067911903
EK202310107065,124.57722246879094
EK202310247670,158.67224763624088
EK202310200824,151.05005573093035
EK202310157197,133.07765715969543
EK202310192671,138.4327528738517
EK202310189959,175.62502861850967
EK202310242747,140.9727430163099
EK202310221418,142.85274013422102
EK202310178956,142.44756984133508
EK202310162978,162.83292056642998
EK202320006792,140.89943453812413
EK202310119199,139.27609133167752
EK202310229640,143.2737753650269
EK202310136912,144.39781301988668
EK202310193691,148.39374589403448
EK202310141736,132.15188989700204
EK202310159077,161.45359792722874
EK202310199320,137.65391531120414
EK202310205972,132.3565701798404
EK202310155578,144.33700159137203
EK202310115031,137.12318464070862
EK202310143815,136.62793343414546
EK202310133150,164.48594386249147
EK202310133982,139.88477829717837
EK202310216455,152.37847406490368
EK202310206390,143.4591630882331
EK202310204338,146.9736993996338
EK202310115162,138.380036490346
EK202310117837,129.92631501535334
EK202310211582,135.8930315786399
EK202310119713,151.05307969716227
EK202310136154,126.49736944185516
EK202310222178,129.75602841192884
EK202310143261,135.79720920389335
EK202310122388,130.87807859777558
EK202310125099,135.65801594691555
EK202310172723,135.41339460140193
EK202310226850,140.87693427230363
EK202310111054,151.22420884587348
EK202310187762,146.79585817305917
EK202310213222,135.62993391813626
EK202310105201,149.50441114336866
EK202310173124,159.42308669710482
EK202310180253,130.45497305460265
EK202310248026,177.3897775951185
EK202310177052,128.90998822086857
EK202310171106,150.32891395686804
EK202310136327,129.8930768906157
EK202310208120,134.5934958091478
EK202310004784,130.5186547641398
EK202310164690,136.23227899433064
EK202310214669,150.96269202063223
EK202310131706,144.93475715026807
EK202310104529,129.48101508814128
EK202310118248,145.995754184521
EK202310137915,133.78324148184453
EK202310247207,149.4724913196942
EK202310185211,157.2228579604847
EK202310121850,126.75631398225926
EK202310128165,147.31184499954028
EK202310123063,124.81180173679073
EK202310219511,125.87061309121424
EK202310242037,157.9708898946913
EK202310180079,141.0374111992763
EK202310193224,143.932192672668
EK202310191500,125.75364804466899
EK202310116444,136.1216130156643
EK202310130285,142.62855086846918
EK202310108568,129.7363181720203
EK202310136319,130.4893245390771
EK202310224242,138.31071004964434
EK202310227382,134.0568777009726
EK202310202780,144.7888698665458
EK202310137223,140.1849854744249
EK202310230312,130.63016066385995
EK202310234557,132.47429054966994
EK202310189352,166.98408681825285
EK202310226383,135.2255987124739
EK202310141535,150.46072539330027
EK202310184208,136.43915780396276
EK202310230152,142.06312301161398
EK202310160390,154.66962703438907
EK202310122632,127.01289395530443
EK202310165838,140.60454668881644
EK202310144483,159.6084331173148
EK202310108194,138.6749544056729
EK202310106793,132.82103636879697
EK202310120779,139.23162487597048
EK202310113163,133.6888514844563
EK202310115686,134.30813913410887
EK202310153049,141.84111774863777
EK202310177121,154.98939409117466
EK202310151267,143.572859240191
EK202310214589,160.46494684350634
EK202310208963,149.8990515129899
EK202310154044,139.39520851967393
EK202310198051,142.09688957614256
EK202310105305,153.332064366883
EK202310135168,138.9138737553517
EK202310200887,124.72877278657823
EK202310202015,134.63219496796418
EK202310211458,146.86755057174963
EK202310135559,141.6263404419016
EK202310135685,142.94651065556883
EK202310164450,129.9739139333359
EK202310195626,151.30032664285616
EK202310238957,134.50056547286786
EK202310131647,140.56610596867924
EK202310150387,141.8506913060743
EK202310121479,132.38015709943187
EK202310236900,157.70470935210633
EK202310159488,151.05032736757911
EK202310191125,140.00015056447697
EK202310132284,142.00209302256698
EK202310205918,132.52309524705305
EK202310192730,151.07220431731776
EK202310123751,149.2835081132672
EK202310157723,148.49961976607187
EK202310166159,160.3055928465786
EK202310217657,129.11620195450047
EK202310139130,158.058814046025
EK202310176465,135.97982253499185
EK202310135907,132.0554427773257
EK202310142364,132.232770471268
EK202310106377,136.29418572789072
EK202310246049,130.63718563606895
EK202310213693,136.61527518569434
EK202310164186,138.3826809098452
EK202310160898,153.79936400339525
EK202310217495,174.0928689281713
EK202310170927,125.88444665619356
EK202310164087,124.44898121665108
EK202310202710,123.96435548662687
EK202310161660,143.2439699843893
EK202310118714,150.10174100480177
EK202310208776,160.8568601455856
EK202310192073,150.46771657217238
EK202310149834,131.38685412743547
EK202310115300,138.59400217021212
EK202310137234,137.2556206265318
EK202310167336,149.1505827927294
EK202310130940,143.79480582496723
EK202310108363,138.67209086029885
EK202310240062,145.04678467031363
EK202310143711,143.23430264947407
EK202310126099,135.36859326662437
EK202310111701,148.72546571902558
EK202310109430,135.88151187156146
EK202310229241,136.42019555638493
EK202310224916,141.23974650393617
EK202310198104,142.97431520044623
EK202310146821,139.51543461942939
EK202310149423,171.78389764509947
EK202310189461,153.79796981765946
EK202310113093,129.37307057483116
EK202310203899,155.48325924357084
EK202310222972,130.62380126806107
EK202310122045,141.29863029570618
EK202310197655,174.9316833008074
EK202310207370,158.2213886982032
EK202310126718,139.69916293582253
EK202310239768,128.9787796523309
EK202310154953,143.1275911388768
EK202310104866,142.4493475695292
EK202310213299,130.3574467456261
EK202310152880,167.41239652423016
EK202310210510,136.3433494532057
EK202310003355,130.43322039460188
EK202310138578,137.49214316989764
EK202310221979,127.71337238438859
EK202310136372,147.91481651151562
EK202310240726,142.67864313793396
EK202310199316,160.74593799269326
EK202310180477,165.04633772614665
EK202310222146,129.23998526546515
EK202310195135,157.02023025359932
EK202310225124,129.41583319095258
EK202310197588,170.3747614435407
EK202310164715,143.88539530031576
EK202310224547,150.74426453199956
EK202310195634,171.009123791464
EK202310233272,127.39766368886905
EK202310133354,136.95768421338417
EK202310155274,144.02305562509608
EK202310187381,159.02056085262177
EK202310181622,132.67841674994258
EK202310180891,127.32237082015654
EK202310208781,159.73539272913385
EK202310138532,118.48295924574944
EK202310158039,143.07137054626648
EK202310234759,137.36710030391646
EK202310172371,138.91510237787654
EK202310004492,127.25344119012037
EK202310167403,161.56400243133226
EK202310224663,136.78964074651853
EK202310125319,138.21220431589185
EK202310148708,155.34907078637693
EK202310199777,155.71609848167475
EK202310121002,150.03140678167154
EK202310223457,124.32974018292177
EK202310241156,166.66265734415165
EK202310242414,146.57789176011815
EK202310233868,137.1025065536492
EK202310218542,132.8361323364936
EK202310181849,173.03765645454897
EK202310199972,134.4392577914355
EK202310219891,126.74697489464717
EK202310198598,152.29750867909644
EK202310192601,137.8227048350691
EK202310192902,142.1067396886836
EK202310186540,136.6232149031797
EK202310135637,135.76228989600222
EK202310224182,168.9316476116579
EK202310245468,150.69742303692303
EK202310187476,133.35085830079527
EK202310004176,133.379527309045
EK202310173306,138.15990333104259
EK202310174815,124.11002267771666
EK202310003528,136.9868805063955
EK202310106869,143.41549680221988
EK202310114334,135.35649984550864
EK202310128865,137.3389223692008
EK202310162698,148.9675281900745
EK202310246100,139.86031109188693
EK202310183029,136.081955845901
EK202310138016,124.86309113452572
EK202310003652,134.8988942801644
EK202310206206,128.91396687160474
EK202310152370,148.66077292380905
EK202310168292,160.54704300441472
EK202310198068,127.52693828409133
EK202310138206,129.85036338937007
EK202310199965,144.45204584839078
EK202310108649,145.27466256621764
EK202310120575,129.48706293672979
EK202310124777,129.9287752384011
EK202310165021,134.15237972100334
EK202310183112,138.7657314082297
EK202310105459,130.5460660328574
EK202310134757,126.59082452018552
EK202310103956,126.44872478306588
EK202310222980,164.34288691108213
EK202310199522,150.07558603330492
EK202310224732,132.463334441535
EK202310192783,144.0460428783389
EK202310194812,167.4223647052313
EK202310236020,133.67741470119907
EK202310108411,149.48127363446176
EK202310106942,154.80026128161515
EK202310110399,142.69924414762895
EK202310203809,132.99172330789384
EK202310126385,131.25768886030207
EK202310130826,136.56778052866238
EK202310143699,158.7676601423766
EK202310115466,138.24837302951428
EK202310201041,137.05872542078774
EK202310210566,166.78407951465516
EK202310142263,143.80078145975114
EK202310226772,131.58820816923293
EK202310174000,134.89733712164852
EK202310134341,150.85243812638024
EK202310213426,126.79892630175574
EK202310135863,145.321924130933
EK202310135242,159.86196653134257
EK202310146997,145.41437355895783
EK202310243667,158.68026883861228
EK202310229674,132.71917216005747
EK202310130805,128.1912637459601
EK202310220574,131.18178472725668
EK202310164649,146.9859532451967
EK202310134408,123.06576705377185
EK202310003474,127.80296610471139
EK202310118263,134.3790535622533
EK202310161867,150.1253911481523
EK202310181365,157.73217810542977
EK202310154801,155.8228131873456
EK202310219520,137.8732323240284
EK202310200310,145.953960327487
EK202310207883,156.92706791307523
EK202310146716,127.57878755358345
EK202310123679,131.5020609883667
EK202310240065,174.6123111687181
EK202310185668,147.5820094453536
EK202310182482,153.33639406305065
EK202310112781,139.98140638908686
EK202310105135,166.25747808019733
EK202310164531,125.85591056346439
EK202310150078,170.4616318905608
EK202310223094,176.17460546913682
EK202310247424,162.54810889032976
EK202310186061,129.29462458106664
EK202310173560,142.45579825303565
EK202310190249,149.27447895640225
EK202310160821,134.67621614443516
EK202310188946,133.4590564749078
EK202310149161,140.04013329657246
EK202310122403,136.14311871148195
EK202310195995,152.45869766789414
EK202310176442,127.29598834635348
EK202310146105,146.17187511425192
EK202310212801,156.88849910829697
EK202310227700,140.90370215384692
EK202310180756,140.56392233764598
EK202310140861,143.31273615410691
EK202310207186,154.37820795908218
EK202310225979,133.68727934981655
EK202310171463,136.0754911175025
EK202310123630,139.4100112961304
EK202310184360,131.47102993734418
EK202310176661,145.7696361624586
EK202310118436,131.51633446958607
EK202310106839,128.25901152181984
EK202310205589,136.07469392687557
EK202310224665,124.11562080350556
EK202310191707,137.97127673607667
EK202310108998,135.04775703966095
EK202310168084,146.43057030745993
EK202310222339,146.89950063161243
EK202310129697,133.41157154279531
EK202310170459,137.2301066557975
EK202310170867,144.43580802877815
EK202310004814,132.51620661859172
EK202310139330,126.09884655265294
EK202310243947,125.6572177439712
EK202310158812,145.39682118089732
EK202310246467,134.7220242309779
EK202310139605,129.283537914906
EK202310204546,148.5759866417633
EK202310247739,161.24800147968244
EK202310163645,144.3488060311186
EK202310213374,138.54910661706094
EK202320006854,172.63109997963866
EK202310003821,135.49372709682754
EK202310154988,134.17180059508223
EK202310141484,134.13467737976194
EK202310166793,145.98816705495545
EK202310216066,131.75667577501355
EK202310209262,139.45852880785742
EK202310216292,138.0011024266587
EK202310134069,130.1449581627754
EK202310177735,157.8264273976973
EK202310213634,136.4550897291686
EK202310162478,152.02128711104328
EK202310232091,134.37638216671886
EK202310138848,151.13985496633217
EK202310233671,139.6298006351455
EK202310142473,151.4808384152667
EK202310159684,157.34702870189096
EK202310180111,146.07949316479133
EK202310229192,157.46905678518826
EK202310119588,134.40244142200754
EK202310238495,141.11209174759554
EK202310209893,130.7994043471864
EK202310234545,138.28141431301194
EK202310174703,131.09010630893093
EK202310171373,133.79931186409212
EK202310150301,144.7441633582002
EK202310198468,131.99051863464004
EK202310142834,129.86140839247014
EK202310123180,142.02570430537017
EK202310205955,135.4718002188842
EK202310227181,151.5551656018184
EK202310147163,140.05824466498117
EK202310196863,156.36716375442134
EK202310107077,118.77312134982793
EK202310224123,132.09913891923992
EK202310178723,122.85417521056087
EK202310188726,148.98865314351093
EK202310145842,139.72426816795894
EK202310126848,147.04572919602606
EK202310149653,157.46079276413872
EK202310210321,125.24604199233515
EK202310138754,138.7407542274211
EK202310190404,139.8134890130347
EK202310142661,123.24079804036684
EK202310163611,146.0549844559323
EK202310192118,156.6794420465876
EK202310209339,127.73090754663647
EK202310211087,134.20958404460737
EK202310200565,162.17840394137437
EK202310162171,135.68838900932025
EK202310239766,114.84327959421638
EK202310242115,141.84928225448007
EK202310206840,131.5363617231433
EK202310186840,134.99836760028845
EK202310122626,150.6209910975293
EK202310247532,149.5523986478161
EK202310248321,138.60749435409926
EK202310137335,154.94131405089732
EK202310164720,138.08716722040944
EK202310164776,142.07621848904665
EK202310172694,141.5860077948274
EK202310115208,150.66765009854367
EK202310140400,135.32378652391313
EK202310217155,161.94592678583044
EK202310220114,170.22330721548354
EK202310145630,138.63121082081483
EK202310246549,138.43694586568589
EK202310204696,138.17880248397103
EK202310225296,125.26821051074529
EK202310195107,159.77099080731048
EK202320006795,172.92195738217765
EK202310108157,141.66240242803022
EK202310121697,149.4091882475377
EK202310106708,141.4360331907084
EK202310181363,131.11548688448084
EK202310106364,132.65308506270344
EK202310180893,122.08338541590498
EK202310183016,131.43600491951332
EK202310004166,134.75864358307567
EK202310199838,142.89315014607172
EK202310148423,143.56961106217602
EK202310181024,148.91278146163248
EK202310114930,131.3805417180471
EK202310128476,161.45825173554542
EK202310169523,126.05698391084684
EK202310168371,177.3788590172163
EK202310195418,151.64167122443035
EK202310176857,126.41308227400175
EK202310111775,146.38924435464384
EK202310153448,133.64276452084823
EK202310141648,141.85364515523779
EK202320005982,144.83268023332798
EK202310003582,131.11266082799997
EK202310222503,134.79490490232425
EK202310202091,150.69247243585872
EK202310115161,153.58693141343866
EK202320007144,140.92749631234827
EK202310120067,145.56267470778766
EK202310156517,140.85519389524978
EK202310248466,134.10172721917374
EK202310183536,162.28020254171048
EK202310237952,150.77332568672182
EK202310205472,153.0381840917919
EK202310170132,143.02381977691428
EK202310132623,118.79074632726253
EK202310227130,131.34873686066956
EK202310131693,153.35078419326894
EK202310212847,150.99320433168603
EK202310192454,145.41517678704977
EK202310151379,157.29011050029555
EK202310166887,135.0061263064364
EK202310151838,135.34159225133232
EK202310218637,133.12629365004508
EK202320006368,152.39342315566452
EK202310110191,128.88282494397004
EK202310123397,139.9254074348032
EK202310183798,161.1320118828723
EK202310142570,143.7815975644051
EK202310123542,131.04355653479834
EK202310189606,168.0958165372902
EK202310239154,157.45503316959054
EK202310218250,131.16272540763032
EK202310222212,153.42644772315634
EK202310213689,135.8441504024821
EK202310108905,150.94623655189892
EK202310201539,140.83453339989813
EK202310241773,130.41267045737715
EK202310136938,139.81318710446422
EK202310223539,142.30616954197666
EK202310175290,132.16868904598826
EK202310167269,129.49501136324704
EK202310136276,148.70244235330935
EK202310241802,125.61560871145834
EK202310159213,147.01798861598985
EK202310163058,140.07467097387098
EK202310204661,155.25362690454938
EK202310165933,156.25920757984298
EK202310123794,136.2966521164717
EK202310191803,122.39134441358203
EK202310158551,154.68104435587642
EK202310146637,136.19531003654075
EK202310214984,136.90945315436574
EK202310191267,145.6207121249379
EK202320005702,161.600892112326
EK202310112412,137.03056483095048
EK202310246169,151.59971240186374
EK202310173215,164.0152846260024
EK202310233468,130.80002055441105
EK202310197783,175.67740928676946
EK202310151122,132.5529016410567
EK202310248270,131.29114800433268
EK202310238332,122.36690248354051
EK202310194686,132.7459309398922
EK202310205802,132.74668902653622
EK202310205367,130.06570244416787
EK202310119704,141.00120646436758
EK202310149724,136.58392292233557
EK202320007846,150.45697896131887
EK202310108803,138.29068653022975
EK202310004799,140.16159857148367
EK202310198015,168.6156933611811
EK202310179913,133.9687315902005
EK202310180275,140.31657020540993
EK202310201100,147.59344653127656
EK202310203139,145.34450905155325
EK202310175999,145.64759102306684
EK202310205556,152.53863451154615
EK202310215029,164.22284220310328
EK202310246170,140.38015020620767
EK202310169135,148.15819964629293
EK202310132991,121.27117913743254
EK202310122441,151.58899865701247
EK202310004600,158.3268657308178
EK202310158154,162.01236000639048
EK202320006789,148.07918598915484
EK202310235205,144.2142335380375
EK202310241817,164.42538259213924
EK202310108496,142.18734687047626
EK202310159875,130.1151194093485
EK202310214914,131.18980144057488
EK202310145239,143.91413111913096
EK202310133595,152.20113032436137
EK202310144564,143.61274610337657
EK202310003645,146.083533807582
EK202310152554,144.22278604224422
EK202310234203,137.6405436497847
EK202310119736,145.62732160379238
EK202310111683,139.76923099594308
EK202310171365,146.0025959284489
EK202310145469,141.35850605786985
EK202310104013,153.78961583438084
EK202310162563,168.80828457830788
EK202310234855,119.85644918427205
EK202310165574,166.44764863663102
EK202310128252,124.0812403883907
EK202310230398,136.66030508580408
EK202310197359,165.65024902117227
EK202310184700,135.96354864885555
EK202310139238,142.0942346785392
EK202310189435,153.9026213758661
EK202310229589,119.36150954194606
EK202310238308,135.09820650560803
EK202310119072,140.33413681259518
EK202310106928,126.64066969091115
EK202310248344,144.246682349917
EK202310171179,163.7667694821322
EK202310247349,147.38293094497027
EK202310246070,130.49285371359167
EK202310003686,133.9784950041555
EK202310113178,129.84898007025637
EK202310228096,160.59092298442746
EK202310186013,125.78023354377092
EK202310106951,152.16670658622567
EK202310177362,157.3080145062928
EK202310158884,136.47769449582276
EK202310138608,146.1554336337494
EK202310143128,162.01843261563667
EK202310247561,141.53460245419856
EK202310204978,133.8402394878079
EK202310105695,135.78670475031674
EK202310108077,124.96479066221004
EK202310222072,127.97172151658174
EK202310140241,118.99568800290821
EK202310175319,146.85512619103432
EK202310122035,131.0027081804391
EK202310106538,141.94019968770638
EK202310178197,154.35776500693737
EK202310169222,126.7944892274156
EK202310216866,134.44976847581572
EK202310189689,143.71647576191623
EK202310228733,121.96250347138728
EK202310201271,127.17294673344759
EK202310119633,141.71095374536836
EK202310138720,129.32443458958238
EK202310108018,137.5522757911489
EK202310222345,132.47169107252873
EK202310210971,138.97159142741265
EK202310239519,139.05796386275458
EK202310111361,143.30084086854436
EK202310115072,150.5861660158468
EK202310152934,159.62027706016022
EK202310201912,153.39741562531083
EK202310213140,135.6952874339171
EK202310123466,147.10743688088277
EK202310212463,129.44452351676523
EK202310237675,167.76288646071006
EK202310161926,141.3436132608964
EK202310145150,136.40313713277308
EK202310185746,135.94670414460032
EK202310177566,139.03236317218963
EK202310244477,133.05281267308436
EK202310206745,155.86375084210238
EK202310174696,129.7812832895468
EK202310218448,128.32208754214645
EK202310131105,158.2296612015594
EK202310202457,130.06632199302743
EK202310107914,151.9277899310012
EK202310177630,123.58717063770028
EK202310167548,144.56012772096665
EK202310153531,130.29011907160955
EK202310119481,149.87864369346985
EK202310233113,131.3154891133662
EK202310200729,148.5524569946841
EK202310107842,141.7561894721799
EK202310145572,151.93998303486615
EK202310141270,134.64912510653974
EK202310180294,142.5929928002688
EK202310211781,140.46290893153687
EK202310130166,150.3683862143752
EK202310168426,151.6605228164216
EK202310238553,140.5892241409136
EK202310216542,154.1385471083438
EK202310188002,143.16991049111022
EK202310210328,131.5434593881655
EK202310125237,134.1425564051388
EK202310248501,120.31066160992444
EK202310178221,149.69113715353097
EK202310108029,142.7338902031702
EK202310111887,151.39582646240575
EK202310185328,138.66082772033766
EK202310104024,156.72669740419818
EK202310136271,133.5423003261153
EK202310204759,164.5320979462438
EK202310223434,135.34807732963307
EK202310195383,158.34173185006395
EK202310140709,132.193549432746
EK202310195890,155.6885597570124
EK202310208311,151.52560130686496
EK202310154808,130.78947265039398
EK202310125908,126.30906745716372
EK202310128381,136.8159279587893
EK202310126417,135.95548703142813
EK202310155257,138.18729087809112
EK202310180115,143.65167013542177
EK202310134943,139.7788252078042
EK202310146571,135.760417550634
EK202310151982,152.51306688749503
EK202310185006,140.62962072548498
EK202310141525,133.7077932182745
EK202310122362,150.80238713908065
EK202310131463,141.92383424412455
EK202310112675,135.9148793069054
EK202310214395,153.0850529705209
EK202310117362,130.08313250916208
EK202310195147,142.77110963614894
EK202310221205,133.82791099341685
EK202310108309,143.94103936902317
EK202310117176,134.0653650565245
EK202310197367,167.8464726089537
EK202310167645,158.2569532050078
EK202310216871,163.74921613827223
EK202310246466,129.26313637013834
EK202310174197,134.51101428125114
EK202310133708,158.1596234690178
EK202310214726,159.79106796030885
EK202310235715,134.3056935195675
EK202310144146,132.88688184262742
EK202310232336,130.2949864989517
EK202310126787,140.23915663248317
EK202310147504,130.8959051796448
EK202310205381,129.44770104712967
EK202310121997,128.09217606403098
EK202310212329,142.8863889114827
EK202310112068,156.33296286528636
EK202310136784,130.44352234220136
EK202310120002,128.06239826987454
EK202310226231,141.86424348749907
EK202310167029,148.59590890407978
EK202310232991,139.61617230624725
EK202310141646,153.75097351218437
EK202310217163,140.3846062261499
EK202310147198,139.55694941975986
EK202310228365,137.36369484015972
EK202310194716,142.5427450384384
EK202310199844,147.83591174949945
EK202310168777,138.2724994155141
EK202310192183,133.17188703850317
EK202310109241,154.07430558277616
EK202310222596,139.31815051026817
EK202310126978,134.8067509920029
EK202310152604,128.6581244781447
EK202310122324,128.60708830517467
EK202310112196,130.89859954521984
EK202310145565,149.47538858822438
EK202310207537,141.71610555806703
EK202310198691,163.3005185166631
EK202310193152,157.43731341414332
EK202310131752,146.64565370536914
EK202310201904,164.2837576564102
EK202310244465,134.21815738520255
EK202310233714,150.05096946135714
EK202310153449,131.33254856327676
EK202310217520,125.3855160642842
EK202310113415,139.2317728653093
EK202310172532,139.87905809191693
EK202310211969,136.3433573858128
EK202310199232,142.38431806689383
EK202310218608,135.92776766827976
EK202310122448,125.45032665691977
EK202310184841,141.8398372127066
EK202310130240,156.92638058936967
EK202310210575,129.59272459880611
EK202310175143,138.22048146153986
EK202310121434,138.831414653664
EK202310172273,132.13664157338314
EK202310175483,156.4303964691377
EK202310197679,129.50351733184084
EK202310155037,127.1678562288736
EK202310171911,151.1569198191168
EK202310191161,127.25512624231929
EK202310244157,146.4750698031844
EK202310189824,134.75087616450892
EK202310149560,143.40272620797356
EK202310179284,132.50394868187027
EK202310203064,144.6002008200188
EK202310185974,134.09877015716822
EK202310225562,132.6548715297764
EK202310153740,138.1601470801743
EK202310225206,139.24695357218044
EK202310193780,133.68876517513968
EK202310198553,140.1710034467919
EK202310174477,151.488757732912
EK202310200421,133.11835133374365
EK202310119138,145.9321249918457
EK202320005816,142.85284540168843
EK202310175740,122.07035749169908
EK202310116505,126.29413941398455
EK202310198911,138.6740353819316
EK202310127697,138.77053335932348
EK202310212650,154.04186400307844
EK202310150100,120.36169730992826
EK202310167937,153.1592267551225
EK202310221941,134.94488665505435
EK202310117495,136.6277645905875
EK202310143529,147.57141611470053
EK202310166968,153.46564984229585
EK202310129968,157.50569422165685
EK202310194131,133.02406304706685
EK202310186960,155.18334787968158
EK202310128028,149.56015290738154
EK202310105027,161.90241702673865
EK202310222774,132.77580564446626
EK202310244918,126.9497325622644
EK202310210086,154.68541126963055
EK202310179813,123.43688196251553
EK202310187059,155.5258454756316
EK202310195516,134.1102132129279
EK202310132170,127.69135758273306
EK202310183880,146.45595744368146
EK202310248278,136.08807684273077
EK202310221792,134.08942055202326
EK202310166778,141.27038177000307
EK202310148365,135.95623522202123
EK202310205442,123.93250875438358
EK202310201815,142.54613619127807
EK202310201915,160.9247366162889
EK202310183293,167.23634448861435
EK202310104337,141.18769191265946
EK202310120714,125.29020700944096
EK202310132745,134.48462951751102
EK202310241556,138.46797279408298
EK202310145559,154.7984667134736
EK202310140527,133.22602232066353
EK202310105180,137.35599422239542
EK202310115505,130.20744583332922
EK202310232969,139.09039040232832
EK202310168606,130.67926123369978
EK202310117990,130.7294680517848
EK202310143898,135.89712597948147
EK202310111999,133.86435368641298
EK202310133045,132.6464210221902
EK202310142041,137.57864115262052
EK202310216099,133.17574887103865
EK202310138895,137.02290344112257
EK202310147820,148.34628189760218
EK202310113918,142.99638724940513
EK202310226640,130.68104591186054
EK202310169991,164.04745501195316
EK202310195941,151.93250307932914
EK202310213195,134.5695169550327
EK202310161969,144.74334594717595
EK202310208345,149.42195863580704
EK202310180754,148.60826211576793
EK202310110267,130.18144094677416
EK202310194583,160.88448481296888
EK202320007655,144.03606124242606
EK202310142157,134.98940558802013
EK202310112664,134.1446244679498
EK202310136957,165.49246001149572
EK202310215766,127.2859394156463
EK202310167175,141.57197637163233
EK202310004831,140.67303625152658
EK202310159889,161.81675366470415
EK202310125472,140.35376792701553
EK202310166020,139.00746022902453
EK202310240418,135.95675931397713
EK202310156003,147.7669374034177
EK202310188199,150.76420723902544
EK202310213973,155.05722771567486
EK202310233649,138.71086819244445
EK202310124811,134.6790720273955
EK202310216543,148.63103025404646
EK202310121207,124.45190619294843
EK202310132104,136.5552633665796
EK202310138805,158.5137504622696
EK202310234030,126.9082396603336
EK202310172808,129.37224709180273
EK202310122536,135.65624833640334
EK202310189381,133.44899433954848
EK202310242706,145.11599354662064
EK202310239058,135.42718516839648
EK202310192990,143.016011901688
EK202310202471,139.67391650359866
EK202310222312,151.52437893393162
EK202310202945,157.99943438839367
EK202310199092,139.54113536037516
EK202310128375,154.77488524669988
EK202310107473,131.2474458282971
EK202310170279,154.0725459632679
EK202310149133,139.55034692988445
EK202310199648,169.62146609497464
EK202320006719,150.24211363784732
EK202310234669,142.46092176773516
EK202310149973,151.76184284189048
EK202310154407,133.9956370655515
EK202310192562,150.8568822797545
EK202310158354,134.4013530462855
EK202310202377,129.1045173245227
EK202310225193,134.74344117376913
EK202310117896,139.29023885334243
EK202310122973,137.27627706925477
EK202310163485,146.93497959537882
EK202310146561,124.68578529380379
EK202310248571,141.47460500341592
EK202310145328,155.49331053274204
EK202310229897,129.86550168017442
EK202310225899,135.0860678551984
EK202310154673,146.51766127105333
EK202310242080,134.4229691895694
EK202310234618,135.00635284821743
EK202310229514,142.97817528801016
EK202310199205,146.74786229714243
EK202310189908,166.10347921530786
EK202310227654,144.74640944979154
EK202310108175,130.44870679119623
EK202310165456,130.08546366785646
EK202310204739,143.60512365401763
EK202310124368,132.9985148617128
EK202310221567,134.6435835761194
EK202310111364,119.4960087996981
EK202310166449,132.89584014766086
EK202310104016,141.4172251039503
EK202310109663,142.25205610657062
EK202310233976,143.63670810068422
EK202310116602,141.75058781259492
EK202310206707,167.12706653541318
EK202310125360,131.68802451202095
EK202310141090,155.445980743518
EK202310187733,139.96779771987784
EK202310146874,137.59489844953194
EK202310199999,133.25257431613105
EK202310133984,153.05510996569183
EK202310239052,138.8795664187432
EK202310116872,123.55419770369373
EK202310170227,171.4858157862441
EK202320007825,158.04725365279472
EK202310247712,142.2020448046076
EK202310133557,141.5615929481208
EK202310122565,133.0644039112316
EK202310164010,128.88849645513227
EK202310176533,168.99082507818588
EK202310222265,131.9660159175648
EK202310164867,138.8440361944643
EK202310163156,132.92018149208428
EK202310183272,149.6384255692938
EK202310127914,123.68847889242132
EK202310245446,128.97143834787616
EK202310207443,153.04098452344422
EK202310197727,169.680010916105
EK202310172576,154.13726772061415
EK202310004885,137.8469099625464
EK202310233895,141.81839262027177
EK202310210570,161.88793828369415
EK202310199572,149.71139357694994
EK202310168376,178.33501470512894
EK202310196031,152.7643549622636
EK202310208454,139.6917421504222
EK202310218454,138.63186989501872
EK202310194926,128.7492810579014
EK202310150716,154.26352286472718
EK202310169424,171.59950916698637
EK202310141489,164.45544065534378
EK202310198731,176.36286617537297
EK202310224708,137.1373134259438
EK202310220317,161.91583356873963
EK202310158723,160.5838688695197
EK202310226439,134.03995040558922
EK202310155952,149.46065301382706
EK202310235925,138.85115679128438
EK202310149483,150.17938245991445
EK202310182940,142.95221733263472
EK202310233127,156.72135757205515
EK202310198223,160.39554352567413
EK202310206595,125.59247315515063
EK202310162953,145.6094131024151
EK202310124622,144.680477108132
EK202310199000,137.07221548447353
EK202310225515,139.02760178431802
EK202310200414,149.81014898840684
EK202310163151,135.233568075897
EK202310147583,126.04519978865169
EK202310175959,132.0060240774445
EK202310156571,161.94954085130288
EK202310159464,131.02124130898864
EK202310133803,150.9326675438721
EK202310143242,149.73594165544137
EK202320007862,138.16457700729268
EK202310137674,128.3311762201733
EK202310158748,154.25539608087857
EK202310134807,155.70131647011988
EK202310232180,128.46897088632377
EK202310115545,152.55668230855827
EK202310106800,142.9888039522968
EK202310164487,136.8118954096565
EK202310189669,150.7243750374442
EK202310183633,129.2520312020519
EK202310160528,142.2675436650778
EK202310157424,143.4891276201159
EK202310175169,144.1914629477776
EK202310230775,130.62877215132093
EK202310176300,135.7764996248901
EK202310154141,139.38666981025327
EK202310121636,131.66033490296735
EK202310117991,124.71293222650166
EK202310114748,137.51878359267215
EK202310182305,151.64639181197182
EK202310183422,160.49081832513644
EK202310196576,143.32435215247298
EK202310212365,138.80776921645128
EK202310157851,143.4380477912679
EK202310143833,152.1725452840644
EK202310162493,153.8840271868064
EK202310200657,150.21567933073788
EK202310164870,146.6005746445187
EK202310139418,151.99147792145
EK202310114290,148.64490551310593
EK202310206834,134.95710211404133
EK202310235641,151.43758423693126
EK202310179682,153.58004025255337
EK202310209582,136.1022976195721
EK202310225738,131.90707561086384
EK202310108381,138.5649863965729
EK202310125569,125.8841758189149
EK202310218417,137.65846788091787
EK202310228389,160.7252492702335
EK202310145963,146.44436387865775
EK202310109134,135.86898085196307
EK202310177470,141.51057738392646
EK202310162374,142.4460610078822
EK202310195949,122.22299360138403
EK202310122797,143.13245349456864
EK202310140758,127.62463964334727
EK202310232602,141.1670258569522
EK202310200151,136.75708058409018
EK202310166863,128.88004257104296
EK202310237243,128.43385830004829
EK202310120027,152.7735228292608
EK202310132524,148.3853307805275
EK202310204016,141.8269554299701
EK202310189020,144.05439247268788
EK202310202009,132.7536419555761
EK202310139108,162.34940839144897
EK202310181804,159.39485769609618
EK202310205040,143.42672549610677
EK202310141451,138.32829558076668
EK202310164866,147.847674614321
EK202310245490,134.82682862280814
EK202310181489,145.52411990587404
EK202310147345,137.51734167380462
EK202310148300,133.12825521257287
EK202320006124,166.20382315601637
EK202310196622,127.51098603944956
EK202310182658,155.45093541364452
EK202310227451,158.03819598853582
EK202310209633,129.57285230819292
EK202310180045,139.52530668040245
EK202310240543,133.01194355791498
EK202310115142,154.19973048617172
EK202310247768,131.11769000496668
EK202320005662,153.38594617543723
EK202310182225,151.96948768854955
EK202310187393,140.4949167860231
EK202310111676,131.34300706240595
EK202310234672,142.5727288902326
EK202310217174,157.63438467335595
EK202310169712,154.62031600261423
EK202310141144,141.4215565394909
EK202310204110,126.60423512972702
EK202310217308,139.5902693040138
EK202310117170,134.74879998553806
EK202310129087,168.84148190659513
EK202310221591,133.56284660850469
EK202310209271,123.6761505108739
EK202310219363,132.77474374707205
EK202310004090,142.3386653304053
EK202310211544,126.90142490926519
EK202310224956,150.9301359347569
EK202310141398,144.0747555059077
EK202310148915,145.56628114272317
EK202310170219,131.53843164735446
EK202310191982,139.47165434747816
EK202310223575,133.2449015696767
EK202310104511,131.86606552438604
EK202310152387,148.0987558850621
EK202310218082,152.94909673954015
EK202310217177,144.6614886992867
EK202310248357,140.14721590695996
EK202310129896,138.79917636037433
EK202310152480,130.46249389180565
EK202310239767,134.02148237501498
EK202310160883,139.4614305165508
EK202310140193,135.31293527179693
EK202310207625,141.313616396802
EK202310165482,139.78246006542685
EK202310158005,136.63950552298218
EK202310185420,130.43922100997307
EK202310187990,150.20330852480518
EK202310138441,153.48920981787535
EK202310147390,133.74904865140306
EK202310158825,132.29144956746094
EK202310183745,160.80510337801036
EK202310148680,141.0661518559342
EK202310129708,156.00761261180475
EK202310190440,139.35761601140916
EK202310157144,167.45407373207794
EK202310113257,134.42186507035368
EK202310141541,133.51718387997505
EK202310190438,137.01387278017665
EK202310243356,145.77032782161035
EK202310183196,153.36711554883124
EK202310196369,143.7384752746882
EK202310144897,133.36832499148554
EK202310144635,143.95350686285178
EK202310237276,131.5826879660691
EK202310196220,152.5300433120379
EK202310202228,145.18289183316134
EK202310123488,127.44958918709766
EK202310105805,137.92162955392598
EK202310142565,149.76763004383807
EK202310218967,132.26263843171674
EK202310120796,144.1643951728836
EK202310231531,127.92705057903676
EK202310199801,146.2115250068436
EK202310134790,133.34015190532938
EK202310203666,146.4077842927289
EK202310226666,143.24432452276557
EK202310232447,124.64590344312828
EK202310135897,144.29859137922784
EK202310168701,147.72320902481357
EK202310237343,142.1306711195458
EK202310154466,168.66177161190413
EK202310136457,137.37489272105864
EK202310121974,128.5709981119634
EK202310134631,140.87675979322483
EK202310213018,139.93240544786215
EK202310194001,136.62787031313525
EK202310136650,160.2094502507836
EK202310111505,151.27072673818063
EK202310209080,144.08633750072266
EK202310152444,145.4034347775382
EK202310121350,135.13387895316896
EK202310240365,147.69783954427368
EK202310159007,159.41017486710373
EK202310127159,144.15077585311298
EK202310226609,128.2059031517144
EK202310161102,162.3561463614314
EK202310103730,143.0718245361673
EK202310111243,152.0180754665309
EK202310156130,138.14949792090374
EK202310178873,120.34109022308807
EK202310176169,128.1842632963285
EK202320005724,171.71043915968133
EK202310150195,143.06728826521535
EK202320005792,144.0369483411684
EK202310117762,134.338989886356
EK202310234499,147.05670362908
EK202310176172,154.35181218137384
EK202320007254,142.36729161498513
EK202310128419,159.81766967532528
EK202310117754,137.3134335113331
EK202310222410,133.64423426038775
EK202310132750,125.43254003473994
EK202310195145,137.33169413946965
EK202310221266,132.67982719629444
EK202310156961,153.3698421751897
EK202310105175,147.83398998798893
EK202310167584,141.00264215628863
EK202310119050,145.32869962606105
EK202310127062,138.8362015048287
EK202310192052,126.1142567569234
EK202310118002,136.9767338599625
EK202310108997,133.80155645560245
EK202310160289,133.28146563840173
EK202310245922,143.6837281017258
EK202310116464,135.5723191327112
EK202310192195,137.1479775155153
EK202310237707,126.9565675821322
EK202310145422,142.70502337067305
EK202310245683,134.48590965077264
EK202310121291,126.4762998688154
EK202310209309,153.0366379888945
EK202310104450,155.90340007502755
EK202310123660,125.71193509128655
EK202310186410,128.73706761062996
EK202310151555,150.5641951036553
EK202310104952,137.0745027790916
EK202310115719,130.0322114033998
EK202310181542,144.4521538209618
EK202310150013,166.00089406456905
EK202310205849,147.0354483962586
EK202310196534,149.2876790925013
EK202310131464,142.05047937535468
EK202310210210,134.07444949735213
EK202310104249,140.8567984479382
EK202310207772,136.85240642527816
EK202310134829,141.0687444933576
EK202310179456,117.33249420320377
EK202310113484,122.71419882457953
EK202310182484,159.0028199344018
EK202310120445,128.0535726059432
EK202310213478,123.3726911596125
EK202310130129,150.1603058163355
EK202310197510,143.12503792777366
EK202310192959,138.5719753901039
EK202310203760,137.30902140205646
EK202310240021,161.79939286746844
EK202310160111,150.19098897911803
EK202310202544,155.90999863434465
EK202310195908,136.87292647022238
EK202310220917,135.82045206793123
EK202310146833,136.33328851882985
EK202310108791,133.7078601959962
EK202310225259,142.18987931197893
EK202310197958,169.2255847645627
EK202310157062,154.96865483511127
EK202310214170,143.943446957955
EK202310243954,141.33880786002777
EK202310110033,133.051985503977
EK202310144804,131.0971438106596
EK202310114117,141.08152322161018
EK202310165416,140.4741792012874
EK202310228479,133.0678036423869
EK202310188134,169.0513226871795
EK202320006372,152.4731901706675
EK202310111226,148.29847791351546
EK202310118404,139.58021544317592
EK202310160695,146.94603478418912
EK202310114408,142.66913930858678
EK202310182288,129.36513034568668
EK202310213633,131.3843197495582
EK202310229313,133.11875996026868
EK202310118665,146.8027061962704
EK202310233785,156.1111877492649
EK202310143238,124.33757371710053
EK202310128242,134.46267301287583
EK202310208336,137.88976124365726
EK202310216912,161.18619615995013
EK202310227300,135.23007102849732
EK202310196434,132.7067016451554
EK202310241940,161.36923093944245
EK202310140334,130.5878415643153
EK202310122524,125.01180879583409
EK202310211571,123.37069497674854
EK202310202080,145.540182933473
EK202310155180,165.65803506543557
EK202310209752,140.65350977230685
EK202310003753,140.61505758548
EK202310194332,159.21646447588478
EK202320005885,150.94622309954107
EK202310135026,165.91845920937058
EK202310225630,151.81152030576618
EK202310129248,144.12348488655502
EK202310118004,142.69897266361892
EK202310126344,131.98122202353966
EK202310125666,158.5390850573523
EK202310169951,135.87587457270416
EK202310159424,138.93179182331403
EK202310195617,149.94827200993598
EK202310240165,131.58102357370217
EK202310109583,141.3419817344192
EK202310127484,142.31635592820422
EK202310115422,128.02763298538028
EK202310189217,138.08463737936802
EK202310164467,129.68054872584287
EK202310160239,149.25130193729305
EK202310205148,145.12842112805538
EK202310177198,128.80658443072193
EK202310248326,133.0941694079307
EK202320007611,158.817133579195
EK202310216806,147.9754039271016
EK202310236444,129.37568532923757
EK202310202895,168.83228696389006
EK202310189069,136.44430917787636
EK202310164095,164.77332558124954
EK202310177139,133.6634910606659
EK202310150069,149.86002931753663
EK202310217651,132.91474234788177
EK202310104531,126.3695872403245
EK202310175593,137.4864600441443
EK202310128801,126.93896221974363
EK202310226079,172.41148888891425
EK202310195896,149.07741314686405
EK202310248307,124.5300952812228
EK202310213215,151.14334862187377
EK202310126761,136.31678197766882
EK202310138077,132.88144724764877
EK202310219983,137.5383841422221
EK202310155585,144.3262510174716
EK202310224738,164.7338122118988
EK202310121398,131.90670316368443
EK202310144202,129.48435881944278
EK202310171260,144.21975267071383
EK202310224405,125.68668147905623
EK202310168192,143.4120445671706
EK202310147878,146.23796265540028
EK202310190896,156.4775621224663
EK202310114382,140.10509917276843
EK202310115319,136.76207642046566
EK202310212295,134.1474464997996
EK202310145014,136.73087093609305
EK202310153112,136.99294205788172
EK202310181859,134.09173486931127
EK202310201638,128.90024489069418
EK202310217948,142.8454261361178
EK202310126418,133.86877986448692
EK202310147842,144.03755224927306
EK202310213180,137.264839125577
EK202310149555,148.36099451542498
EK202310162559,148.13670713528074
EK202310181969,151.17442318011905
EK202310239453,134.532542467443
EK202310185897,140.7516143068862
EK202320007785,136.0521813960809
EK202310181407,152.4728482285538
EK202310223290,140.69857732943737
EK202310197319,138.73967490017847
EK202310128098,148.62391735812923
EK202310131498,151.4127853297614
EK202310104275,144.704901377269
EK202310152898,165.87526389952032
EK202310207617,141.16966670684786
EK202310165239,135.31087290987875
EK202310161435,146.03089834886242
EK202310242971,147.47173154462445
EK202310111598,138.24743257086223
EK202310131958,130.96278896141746
EK202310186311,132.429919988675
EK202310157046,138.64242108076775
EK202310115828,128.72890216621323
EK202320005888,151.21009863363213
EK202310116165,145.37977782898182
EK202310127616,143.86478338065095
EK202310190516,136.0918605338742
EK202310181145,160.4595846561397
EK202310112674,133.16172370437803
EK202310108818,147.20235019123984
EK202310137418,130.63285441421436
EK202310234306,149.26527787349366
EK202310147271,142.9954685040151
EK202310228137,128.87759948736945
EK202310208396,130.40278851155324
EK202310129360,152.79041924785338
EK202310104685,127.40714456453607
EK202310240248,158.86042557302943
EK202310111851,138.83890733808593
EK202310110232,130.16857392739465
EK202310149631,140.78672768568305
EK202310111987,139.79180262182885
EK202310149812,155.69795307098389
EK202310125394,136.98786590153486
EK202310201038,135.29263218942714
EK202310196950,130.77516353612742
EK202310130689,139.89728584169876
EK202310162831,161.20716438714777
EK202310191124,121.75191950185365
EK202310137249,138.09533920888404
EK202310221302,135.51178677842086
EK202310119496,133.19714392511722
EK202310123089,128.2562574815561
EK202310201023,135.90808111209824
EK202310200056,136.03919987609237
EK202310124074,139.7954382179454
EK202310187451,161.8381314469229
EK202310178204,169.71597902959022
EK202310176034,161.61484066883216
EK202310105275,160.96172216709263
EK202310217600,161.70259218772378
EK202310145365,126.39160201960897
EK202310179864,144.03595733184633
EK202310146164,126.94158666487016
EK202310148409,148.88052441504675
EK202310160145,150.09185023788757
EK202310211569,145.58751190231885
EK202310191535,143.79322197487923
EK202310212337,142.9445096492954
EK202310186617,141.85549259192214
EK202310200499,134.81063208761867
EK202310190255,135.1669442344518
EK202310161517,162.38948446214738
EK202310167751,156.1217850042808
EK202310230575,132.82692162255213
EK202310160889,134.38695830456714
EK202310236418,127.04439171192982
EK202310176273,133.27263912964233
EK202310104700,137.3586877411902
EK202310107420,139.07605178426758
EK202310169267,155.69042112278112
EK202310187330,159.6998885962457
EK202310140279,133.27113702086123
EK202310201773,129.74384010880306
EK202310168395,160.27527525444245
EK202310166412,132.1080240652702
EK202310175402,126.95201119075291
EK202310128581,149.04532051572917
EK202310232461,130.947679244621
EK202310138340,149.76309903637596
EK202310175300,137.81596041169576
EK202310125041,140.7071205071644
EK202310177394,162.00011036674724
EK202310163068,140.98749263664638
EK202310128960,157.7043256105617
EK202310213859,146.88032740399348
EK202310153664,134.50036530453485
EK202310168885,135.30978414678546
EK202310211096,145.72222871659264
EK202310233212,132.23602869964958
EK202310204970,145.4768493598537
EK202310246566,134.38613801801117
EK202310181736,160.92384517446914
EK202310235583,144.1818917703151
EK202310235586,131.91471335158383
EK202310229567,129.04825221181932
EK202310237891,166.62282295158772
EK202310156320,135.12456881752894
EK202310200700,136.11946341922663
EK202310157317,132.87313034158802
EK202310165659,132.2180261080045
EK202310230462,171.86896680489488
EK202310107771,130.6526628612994
EK202310199945,131.56124385915712
EK202310239536,140.08623545445826
EK202310108719,139.819893188986
EK202310193930,138.1429953125153
EK202310153705,140.5577645412608
EK202310230423,137.85616070494552
EK202310142088,128.90212072836894
EK202310240261,127.84356079952977
EK202310234834,129.2709691146378
EK202310175123,134.01403615226118
EK202310223459,140.1608906076872
EK202310113022,147.5442919373995
EK202310139384,127.06186749667786
EK202310127365,158.24097009256198
EK202310175890,145.7834001890889
EK202310210471,126.65665478247816
EK202310124749,124.72478237373052
EK202310107106,154.5260161355307
EK202310199447,130.80608072735885
EK202310214057,150.8092600645964
EK202310158006,174.35969092051786
EK202310183095,148.54998321509572
EK202310122989,149.51934496967115
EK202310004181,132.77745506043647
EK202310221000,152.33843970123706
EK202310216704,127.51192717286774
EK202310218492,138.23522651202126
EK202310175061,141.9232079806005
EK202310144712,131.2575973789182
EK202310230385,122.8945882430136
EK202310154951,141.5130759524477
EK202310158887,150.23879964209118
EK202310132252,130.7576755295061
EK202310160262,174.86112845873797
EK202310153966,130.03118786397593
EK202310190560,135.7850692061538
EK202310124555,140.64368576829884
EK202310114555,138.97803718269284
EK202310190493,143.49613092900844
EK202310161137,144.06730850095593
EK202310224942,129.01435347489422
EK202310230466,155.1113715551998
EK202310216178,138.25636938237776
EK202310205948,129.58851712823957
EK202320006948,144.50908394723587
EK202310224873,124.76326145242753
EK202310231707,129.55247189656583
EK202310198816,149.34614546390912
EK202310239894,133.515869364575
EK202310212434,133.78291232595694
EK202310242399,150.93663217709747
EK202310126630,154.43862566267532
EK202310212116,135.53098633927092
EK202310116735,140.68532005138667
EK202310142424,134.86428337935766
EK202310126653,139.0653231267111
EK202310130536,140.9499767775575
EK202320007559,155.9321293479729
EK202310244114,129.3425823082319
EK202310194656,140.16980997054756
EK202310228023,139.27640393629477
EK202310184412,128.19736298929158
EK202310138297,132.54322826292253
EK202310233553,150.53332070910338
EK202310222650,131.60638605164525
EK202310148133,145.6483487647493
EK202310124138,161.28661688210698
EK202310210134,130.25572626967806
EK202310203676,133.89296354140197
EK202310120898,157.5824058719058
EK202310167341,161.4744239104373
EK202310180216,151.8402325983424
EK202310246916,141.47059185524316
EK202310157656,128.0177366006883
EK202310205414,137.99123570501098
EK202310152717,142.38584712264685
EK202310106791,153.79348583183548
EK202310105725,134.63748592277324
EK202310104432,136.98113539485453
EK202310194299,139.20550306417664
EK202310153184,142.19861532174588
EK202310240659,153.12373461535472
EK202310219840,138.640459910723
EK202310153949,133.8624026447619
EK202310132803,149.16964872530906
EK202310146592,141.75486438830035
EK202310172131,132.85204074787944
EK202310121613,127.78804163208432
EK202310167818,143.01375292615487
EK202310200796,142.7186946972583
EK202310116481,136.1145996948622
EK202310114639,148.76468848454817
EK202310212375,124.92375768562039
EK202310235321,132.01939776295154
EK202310222322,133.23741110928816
EK202310110700,124.71638394685772
EK202310189946,162.41316029108836
EK202310162874,136.3047765301734
EK202310130785,132.58904022034278
EK202310242378,141.6628779096868
EK202310241513,133.20507622572114
EK202310160539,140.9665965579842
EK202310222342,133.9082415006526
EK202310138062,133.6296130338596
EK202310231769,134.8156826028342
EK202310158224,119.82857315894358
EK202310224139,142.1886608490004
EK202310216169,139.44731658370267
EK202310139185,132.70523585153228
EK202310110485,139.44824962493416
EK202310239046,139.30504358283886
EK202310138942,137.39114993050168
EK202310169633,136.197756044474
EK202310109575,163.70133903536794
EK202310200090,150.5100080657476
EK202310163491,139.10166398016293
EK202310148729,141.8704762311754
EK202310140411,152.13570300589694
EK202310243532,146.18144198902021
EK202310125468,133.9901205438718
EK202310221117,145.05161131699236
EK202310232056,134.78734025050193
EK202310210091,163.04043793428178
EK202320006396,146.93653852212006
EK202310142016,124.08418751371401
EK202310235002,131.58503194207069
EK202310183074,127.52463987584365
EK202310182233,149.18321297034865
EK202310225556,131.6325746779614
EK202310179915,136.80981570590347
EK202310173349,143.55225832311473
EK202310212842,139.54566824699674
EK202310197784,158.64909469523144
EK202310138785,143.35912764849823
EK202310144444,133.58687540838068
EK202310181562,146.49844739704898
EK202310248524,134.22004121321766
EK202310216425,136.0907818253612
EK202310229912,124.20892392992207
EK202310139002,137.1781411175985
EK202310120982,127.1770999082425
EK202310221837,131.72152580473897
EK202310119947,155.11475119042925
EK202310149071,150.09602977032523
EK202310185898,146.33292383390463
EK202310117197,138.27999919307226
EK202310142908,145.117176108912
EK202310185756,161.732777951804
EK202310238913,162.5086005277281
EK202310204574,153.86924708063225
EK202310113564,149.42276131498974
EK202310118542,137.83482091419174
EK202310167688,145.1441630823115
EK202310212185,143.28673965107433
EK202310117088,128.19085531905944
EK202310229808,158.34645769901337
EK202310207582,153.4049052491871
EK202310154912,138.6803363938478
EK202310181168,132.43467098643038
EK202310149374,141.66611241523987
EK202310104396,142.20433449954172
EK202310109994,135.28094578551963
EK202310170860,137.0962062245611
EK202310115815,134.04605672040415
EK202310214779,157.2364051309802
EK202310109121,142.5716659384477
EK202310134158,132.23312175434077
EK202310167627,157.15949734849883
EK202310225236,133.86325562775804
EK202310181807,138.75147198221464
EK202310247389,135.8594944023143
EK202310235579,145.60148613013635
EK202310173291,140.60233867145035
EK202310192355,135.26877278640612
EK202310142541,139.4814413280562
EK202310150510,132.21449664654864
EK202310223761,139.07255274993648
EK202310175574,123.51350842372756
EK202310238511,135.42267961846267
EK202310157509,145.10133169524408
EK202310181989,144.28665207552328
EK202310003618,141.3997085167271
EK202310179471,157.18929844314056
EK202310230763,143.98659347948646
EK202310204971,148.53790987987009
EK202310233557,126.63565768008228
EK202310145292,145.63382365136962
EK202320005880,145.24083870665876
EK202310245241,137.87512860137352
EK202310212493,135.25010601213506
EK202310193001,136.06605360353274
EK202310199238,140.11310815447888
EK202310160941,141.88627262146466
EK202310155028,126.22977295609556
EK202310130868,147.52091835154295
EK202310200440,146.01221872930773
EK202310182060,142.7358250710073
EK202310111816,142.6806402303866
EK202310146969,134.62090717887784
EK202310158404,137.3543795308189
EK202310110705,151.3568012981642
EK202310186759,138.46251608166793
EK202310157536,134.54982387842193
EK202310140019,126.8160833463572
EK202310179351,134.54041268647907
EK202310183791,157.3747468168549
EK202310206480,171.3392510875883
EK202310133811,134.50507998380513
EK202310217540,138.92020453789632
EK202310132032,129.2772301129336
EK202310139504,157.04250755284912
EK202310161554,146.34740984466143
EK202310127921,144.1730957235728
EK202310140328,126.76442568851037
EK202310179259,140.94885818666395
EK202310110275,133.14959402890733
EK202310148522,145.8061858489849
EK202310245827,118.01269024877192
EK202310104601,141.4218927109997
EK202310158718,132.17745067570073
EK202310148204,143.20971192439094
EK202310152034,145.23630103326292
EK202310205880,135.24951743490874
EK202310150725,147.29714770891346
EK202310154400,154.4674390893576
EK202310120186,168.90821993942362
EK202310192712,143.03576897296583
EK202310165189,138.00551203519692
EK202310152937,163.28343524245122
EK202310234101,134.27594440395023
EK202310191564,145.49294776802387
EK202310174430,136.800417702029
EK202310208622,160.83261953522498
EK202310233831,144.92718102949905
EK202310136566,141.60881544644067
EK202310146005,136.54247766778795
EK202310221494,142.63005204794857
EK202310239849,131.28666321188788
EK202310176728,149.56860395960655
EK202310106909,130.63251604914797
EK202310208429,137.0127194727518
EK202310174444,143.99462881241038
EK202310242098,142.9169198286603
EK202310175190,135.6811498945441
EK202310177312,142.46589424523998
EK202310229607,139.11942924284327
EK202310121574,143.84617480604766
EK202310187339,136.74352935754334
EK202310227049,134.89962793758932
EK202310135213,130.8970338083111
EK202310128318,136.13335450328412
EK202310108701,134.47869801547316
EK202310114284,142.83462847809002
EK202310108473,131.19723575447148
EK202310160235,139.04826769872057
EK202310120842,124.35903514175791
EK202310142363,132.97516894207277
EK202310163562,134.8543131915386
EK202310192991,142.70368955479856
EK202310203468,140.84615253388588
EK202310188577,136.70773685093036
EK202310240344,129.17059604578975
EK202310113690,154.61154445310044
EK202310213117,145.07834996646957
EK202310222749,129.82813718319588
EK202310004635,125.55274862003948
EK202310141613,139.09630483521389
EK202310108032,148.42124575992963
EK202310233880,145.10371577928998
EK202310205163,156.15104715458665
EK202310104692,150.51221865222405
EK202310237071,119.82072662765415
EK202310111732,136.09016205527254
EK202310137404,132.250437485631
EK202310146556,132.223167653439
EK202310111180,152.20809123902836
EK202310190526,137.7891394842032
EK202310119701,145.96843029586606
EK202310182123,132.53528086893039
EK202310187615,165.43226981810344
EK202310201487,133.98953576815552
EK202310144094,132.19001076088264
EK202310116261,154.41931920985297
EK202310142783,135.61163848555768
EK202310192602,153.07155008057208
EK202310167866,146.89513347587393
EK202310145551,157.41669835020724
EK202310117731,125.65822591445809
EK202310125526,122.39201334175925
EK202310128615,128.6683366748568
EK202310180563,135.21458304817213
EK202310139532,132.82553167830125
EK202310224142,129.13156796412443
EK202310233781,159.14274043052924
EK202310157368,137.41183605486876
EK202310203603,132.57350347228137
EK202310180362,158.2324268816035
EK202310198397,135.08823511996675
EK202310124770,131.32212259395587
EK202310223755,129.89983124325357
EK202310106275,128.5081772542244
EK202310205161,143.42421330094032
EK202310139936,138.08227716044078
EK202310205611,141.2332599695927
EK202310134137,124.26403168701087
EK202310127542,151.85337285146784
EK202310193128,129.27806244795346
EK202310237157,134.29427534854386
EK202310107674,143.42178261504588
EK202310149217,134.7468288014342
EK202310129309,154.4662828420432
EK202310156886,144.07651291853114
EK202310117116,135.07370982279352
EK202310225911,123.14249066252339
EK202310145676,140.34191164811799
EK202310166738,143.55104004673444
EK202310158541,122.03503583849124
EK202310106511,144.57837923203567
EK202310131343,129.62539025983824
EK202310245992,131.58365230051396
EK202310140003,135.7836413902136
EK202310174342,135.4744470137346
EK202310208385,138.75332919853722
EK202310216439,140.79917526221485
EK202310211004,142.95981976289525
EK202310106760,138.72547114667708
EK202310176087,123.62450143446092
EK202310106317,122.26540970345054
EK202310215460,134.84605763852838
EK202310201661,134.6703550179268
EK202310166937,171.07445727973425
EK202310200307,142.475955019597
EK202310181766,172.44165344750581
EK202310214069,159.5499110231284
EK202310200177,141.23513262997517
EK202310123321,137.90587168975267
EK202310151256,145.0184871276851
EK202310171945,147.21680700874796
EK202310136311,133.40670553820098
EK202310150029,167.14505279973213
EK202310212078,132.82424132777126
EK202310210902,130.48022392296943
EK202310210594,141.41873861701598
EK202310127288,141.12818203341362
EK202310126517,138.28177025683962
EK202310161234,150.7831070009704
EK202310220266,133.16064653074
EK202310142494,160.7995549244004
EK202310217357,142.71638683575222
EK202310132692,131.10828246880374
EK202310227115,151.50846698450343
EK202310141700,121.81209073386495
EK202310115959,135.68869348752557
EK202310230099,133.23699067974184
EK202310211438,151.82562933627133
EK202310219042,133.49026613372544
EK202310177531,141.35206097464453
EK202310233521,165.65166293173513
EK202310128329,161.63929344000312
EK202310201328,172.76709213595663
EK202310171078,141.38065129423921
EK202310138130,147.11673234774764
EK202310177993,132.05342614725697
EK202310228196,177.81963038153253
EK202310170822,141.44490540667013
EK202310184514,135.36718602425697
EK202310208895,132.3158462661853
EK202310204293,155.1384489812762
EK202310163755,133.64095263841915
EK202310112893,144.37066238279905
EK202310207633,138.97623193840153
EK202310120935,131.86942047386148
EK202310198348,147.17608426464741
EK202310216671,134.78359013048583
EK202310203558,144.5478825775577
EK202310221470,130.94805196507377
EK202310134114,134.29177797481614
EK202310161904,150.94205561166262
EK202310121193,133.83019339705768
EK202310112380,128.19145319919133
EK202310123715,131.56981481572046
EK202310182522,140.58474884817375
EK202310165246,145.713365873012
EK202310165109,147.73754553121407
EK202310226207,131.07324683459734
EK202310189166,167.2866188642971
EK202310171824,131.42801357433444
EK202310212508,141.26973694863864
EK202310188289,142.95309593491456
EK202310161253,140.0062745399955
EK202310188025,150.53734029791
EK202310170339,131.93946818031156
EK202310103831,135.06585262204706
EK202310214220,128.14492473688938
EK202310149031,165.97234290135538
EK202310147724,145.85655464782872
EK202310142296,156.41981048523036
EK202310176974,147.50381376861424
EK202310161334,158.11633294776465
EK202310213866,133.96767744321687
EK202310225737,138.1240044934615
EK202310156109,137.24024156878892
EK202310200303,152.91863959560956
EK202310185044,171.07416048246856
EK202320006653,168.16220439221377
EK202310111122,137.3672136359245
EK202310120782,163.05909958596993
EK202310198165,142.44549976937347
EK202310228584,119.46316212202576
EK202310205188,158.14859248105498
EK202310121258,148.94100825801334
EK202310199633,131.05684520967094
EK202310143847,131.96861892089333
EK202310135571,144.65921053341387
EK202310206110,134.1715656911241
EK202310138447,141.06270699265175
EK202310192664,142.31229500369156
EK202310187215,145.76896008678264
EK202310151514,165.1265112533549
EK202310144726,151.86999887094353
EK202310207249,143.6386258323251
EK202310161306,161.39989535668352
EK202310158826,127.74273510822368
EK202310173556,156.80960989271617
EK202310125091,135.8521823594985
EK202310142377,133.43359143087847
EK202310236947,128.87145933118597
EK202310208442,133.29878723950074
EK202310118298,125.54873305443009
EK202310219483,121.04326228797458
EK202310211212,149.79299352083285
EK202310104173,135.9292542523682
EK202310201478,148.864701753368
EK202310158280,137.31039738940115
EK202310123070,137.74642251232584
EK202310138063,140.2170709739365
EK202310164203,142.53184886549096
EK202310190017,162.06988933788313
EK202310169668,130.68197060224438
EK202310113501,161.74730460436888
EK202310235684,133.85120371446703
EK202310137261,128.88263762572393
EK202310162355,143.8108380786867
EK202310217469,161.18185345099715
EK202310161201,126.66226337418806
EK202310157515,127.9192141935655
EK202310145284,150.42026397877834
EK202310227827,128.3658727425533
EK202310209456,135.69024731189003
EK202310211698,138.66242263098815
EK202310194731,145.0633734009858
EK202310248330,135.6643265667374
EK202310106105,127.91243406780778
EK202310160743,136.79135627422386
EK202310166605,134.20204980313304
EK202310212995,143.4213223248547
EK202310233144,138.26392424668896
EK202310230980,131.54949901468893
EK202310226067,140.07876390837382
EK202310120976,124.41941293888661
EK202310128266,133.76374369346348
EK202310106331,143.6280166493333
EK202310199325,142.0318381697646
EK202310204088,140.09675568526092
EK202310174720,130.85338125825115
EK202310240940,128.60846215395534
EK202310109263,146.4604398687275
EK202310106322,141.74121509187066
EK202310135599,123.45810526540696
EK202310145520,131.74029038509101
EK202320005632,140.8673247668887
EK202310199819,141.52383985943817
EK202310172008,143.17130420978063
EK202310199276,130.00101541287626
EK202310106548,148.18122629698
EK202310217167,149.58568230340282
EK202310176173,157.5421278436714
EK202310221378,148.99496296747392
EK202310201211,161.26129720468265
EK202320007715,139.57881049096696
EK202310182662,125.20159848541361
EK202310177694,137.33152159103932
EK202310156023,137.21688858604867
EK202310111848,133.1651963415348
EK202310129647,164.2650105858509
EK202310170544,163.7206262335138
EK202310242820,147.65767569029128
EK202310194133,147.1189762755775
EK202310216029,132.85116075209496
EK202310107349,131.07041734297025
EK202310208265,142.82953510375725
EK202310229154,135.29408752193186
EK202310107089,128.86979375711917
EK202310112252,134.2552210848256
EK202310148875,146.88730149664093
EK202310119051,142.3223199043212
EK202310147588,131.97898906497977
EK202310113617,143.59016689248196
EK202310147037,132.90358742227673
EK202310238313,123.93478805674437
EK202310192918,139.96365871262213
EK202310155166,130.4087082006941
EK202310177734,151.23761032592085
EK202310125003,127.18998465071353
EK202310204102,140.402445503834
EK202310127233,137.47348512684837
EK202310154507,173.19057738727997
EK202310208352,137.8757839333535
EK202310123745,146.61472121402682
EK202310147036,148.13102735437488
EK202310110497,126.91960537214722
EK202310246320,149.28871519216932
EK202310138361,133.99503814686565
EK202310167217,130.87651949022558
EK202310229839,141.4485102569476
EK202310204873,140.1813235311683
EK202310208025,136.84885827132095
EK202310139865,150.0251207191085
EK202310238834,142.40332829382606
EK202320007032,176.7788716362594
EK202310223956,123.31097999338446
EK202310205152,128.18242376972114
EK202310127859,141.87816555349647
EK202310122230,141.4826171823403
EK202310235039,123.1686416604124
EK202310172181,139.4980940690081
EK202310152472,147.95886323657356
EK202310163385,150.32790206530552
EK202310226473,126.9540152762879
EK202310196206,170.97123564084055
EK202310004942,124.4326405864041
EK202310141871,133.96222795184912
EK202310215986,133.14849633285525
EK202310211462,146.35545482194152
EK202310245537,132.91021176129823
EK202310204491,142.7908022138023
EK202310139744,155.7737329467795
EK202310138719,157.6832752710442
EK202310128437,132.48136865556964
EK202310138286,144.91568330093375
EK202310148950,137.02115982322454
EK202310225042,162.57881047172225
EK202310227372,150.27889216908937
EK202310184056,160.1722317388363
EK202310203882,140.65076571872032
EK202310108510,136.26280240741193
EK202310220594,136.2424857399263
EK202310119141,142.3249416022324
EK202310246490,153.00744211502268
EK202310143698,154.72355494846747
EK202310126746,147.81447133638963
EK202310233106,147.60896825156735
EK202310108410,146.07239826735577
EK202310186336,142.30153936968705
EK202310231142,129.36914419814585
EK202310126076,136.23187629438976
EK202310205622,144.68757508294755
EK202310220488,143.52423351040582
EK202310120527,141.9642042653419
EK202310220246,134.16518426232523
EK202310161188,143.69159952267577
EK202310155699,148.76500585801443
EK202310189021,128.23040227619865
EK202310236601,129.6861772031533
EK202310164905,142.82482606783208
EK202310128052,132.35143414422382
EK202310126712,154.62471200741666
EK202310239805,170.53970155865784
EK202310224857,144.4356070390014
EK202310173357,143.32371164475913
EK202310127584,138.0578952900511
EK202310229371,143.64212529686318
EK202310110882,137.51381265036727
EK202310160530,131.6470773944327
EK202310116477,128.37934603989993
EK202310118586,121.47726478381696
EK202310172703,138.91425681382273
EK202310136123,164.1636180284505
EK202310108114,142.30388164254845
EK202310208296,139.51512173237478
EK202310232508,137.53488106482692
EK202310220252,126.42123823086077
EK202310168728,157.81209146660058
EK202310165440,167.60308905277634
EK202310214684,141.78964275293612
EK202310107697,133.00157449739805
EK202310129545,123.47069157652983
EK202310163236,151.66356164448368
EK202310236802,140.64199530696803
EK202310153242,143.01688017268157
EK202310144615,158.83383162742268
EK202310129912,131.58539035185981
EK202310197325,135.69831675287068
EK202310216540,148.99453419392248
EK202310104778,137.66922229485255
EK202310114062,155.58531924337964
EK202310205213,139.21407183630538
EK202310227892,129.89707906093906
EK202310232305,139.39212393310333
EK202310185667,151.72567701436589
EK202310212219,139.42653821220196
EK202310214315,145.98007990974497
EK202310222807,133.50959911504745
EK202310192829,157.51319124114784
EK202310246736,132.01432462085629
EK202310144859,156.41874254185882
EK202310167652,125.99834981659122
EK202310120246,144.2798913949203
EK202310182888,133.5428796124392
EK202310150758,155.7740458078727
EK202310172256,138.68662227581441
EK202310143177,137.32665004995033
EK202310197462,136.53085567246845
EK202310196459,137.48055256598633
EK202310164019,127.1922458863425
EK202310139039,149.58147576104156
EK202310134361,172.95649910555034
EK202310147025,142.42312125869907
EK202310208999,155.08079305506058
EK202310142527,122.15467409578764
EK202310193745,157.15856097156347
EK202310167641,151.86100366339247
EK202310240938,137.7882935709923
EK202310112017,128.4598098775195
EK202310240024,154.98271583848984
EK202310244708,160.69107844932518
EK202310210230,124.07791411186452
EK202310004423,134.80197386758687
EK202310221224,146.14893911822642
EK202310157667,135.07755360039818
EK202310215430,148.19950058774734
EK202310182844,137.98824729468646
EK202310236293,134.9143177888233
EK202310123092,150.94797884955
EK202310125798,138.8364220745889
EK202310167474,157.80339584702207
EK202310124113,136.0765696976483
EK202310232206,130.254277614912
EK202310222185,131.70103570952645
EK202310149306,154.2402747064375
EK202310167817,161.30190297013445
EK202310212632,139.94717856046793
EK202310132358,130.01580364953338
EK202310145151,148.18177534925937
EK202310141011,151.85121866410998
EK202310200018,131.41638058921117
EK202310132356,153.40973759479354
EK202310149165,155.95879904121966
EK202310129607,126.13251480382372
EK202310194843,135.68992510516375
EK202310190635,139.6703991598049
EK202310207943,143.00154852617106
EK202310164644,134.63920742911262
EK202310241540,136.08783455723196
EK202310116312,129.220542943679
EK202310162974,141.52063103346464
EK202310151341,123.10255167262487
EK202310158724,134.58031014859392
EK202310247924,143.01994705335133
EK202310119010,118.71330547193305
EK202310186778,130.1177410520423
EK202310183764,169.1603051082698
EK202310151317,146.8981056696769
EK202310110771,158.38304574389585
EK202310180616,135.8480014348426
EK202310162283,136.33012881299712
EK202310228393,127.62033209993217
EK202310003867,135.95674717330024
EK202310162011,152.2381981143907
EK202310192785,149.9218172688528
EK202310205984,144.517578184076
EK202310191301,139.70534668494545
EK202310205696,156.83522144428
EK202310003384,166.61262939316353
EK202310244834,135.4816113121464
EK202310204220,150.88027112715747
EK202310110856,142.1348312137987
EK202310134787,127.32186120685704
EK202320007820,156.71084258455852
EK202310179208,127.52611941784603
EK202310223932,168.73610293209188
EK202310216781,140.01169874999655
EK202310187602,138.59420557820584
EK202310179844,154.8974150489642
EK202310163357,142.83054317081107
EK202310137800,132.44884653150623
EK202310202504,140.6421524262889
EK202310152435,129.3625539013152
EK202310138850,145.4470343845209
EK202310120464,132.4720451814878
EK202310200493,146.07350713492664
EK202310243016,139.72389380999965
EK202310168573,142.62349482326027
EK202310163051,135.18711384792135
EK202310188721,144.4090215271737
EK202310187647,142.06687448454156
EK202310194460,134.64035788403964
EK202310199853,140.7493214082366
EK202310199354,137.386644721031
EK202310156872,154.8137361466136
EK202310183296,139.91027213895717
EK202310105927,132.83874927661566
EK202310106682,136.05152380612776
EK202310127329,158.14033464332144
EK202310116459,136.19945891971932
EK202310192223,145.57539010812116
EK202310004549,136.13575858401677
EK202310108809,144.39646394790236
EK202310180902,123.27169973296726
EK202310104309,138.15408227478687
EK202320005779,174.22938210128626
EK202310145003,147.7203317533996
EK202310234434,137.64152512843773
EK202310228455,146.42166821341252
EK202310196294,160.2766039448733
EK202310214611,145.37026766156782
EK202310128897,142.8091936731114
EK202310140953,140.42609720541464
EK202310153523,129.9723382600577
EK202310107262,139.9192608281527
EK202310177695,134.9899645625582
EK202310133157,140.7235095695229
EK202310243662,132.5595924906223
EK202310155394,140.46514937467109
EK202310126776,134.6284246337695
EK202310241762,132.9502359963867
EK202310141862,140.38366788669086
EK202310151835,151.0974331794638
EK202310128935,139.3665590493598
EK202310114330,141.36211253339596
EK202310166988,130.18256787752475
EK202310201794,134.11509399669245
EK202310181313,169.7469246823096
EK202310186725,140.85710825351973
EK202310146475,131.44907403638453
EK202310109755,150.83096566199282
EK202310161538,152.01825277373325
EK202310186435,143.3509595274116
EK202310193897,140.38712432219828
EK202310160769,145.27773963137986
EK202310212581,136.5256827474404
EK202310248122,136.16704524657928
EK202310235931,131.61073002843125
EK202310181771,154.97631140273322
EK202310155768,144.38774753787462
EK202310111605,135.27037852767882
EK202310127306,167.45282026355235
EK202310150190,130.378591566371
EK202320005858,158.35755356577556
EK202310236072,148.6927958301416
EK202310225439,134.98900049797703
EK202310237893,155.84143163423505
EK202310136361,140.3110761839792
EK202310191072,142.5935004786044
EK202310181865,138.11107158501872
EK202310231592,142.41002388275223
EK202310207325,124.17952765687704
EK202310172714,147.09913834325056
EK202310224865,140.19281816625346
EK202310168576,140.84043202620612
EK202310103778,144.27793933888242
EK202310217586,157.68215008870024
EK202310231160,132.22333594964954
EK202310234098,141.91286475798697
EK202310178165,122.69337029039725
EK202310135798,139.4144519636307
EK202310207159,156.7997455917897
EK202310161503,162.14156756476655
EK202310164971,135.90739991560662
EK202310227797,137.2447202506549
EK202310138476,142.5129900499186
EK202310105436,128.66816255906792
EK202310171599,142.50948777007912
EK202310155833,151.15983829644566
EK202320007748,146.53753759126167
EK202310216275,138.6008461953733
EK202310178246,148.73338601299298
EK202310233952,137.79231250970835
EK202310236351,129.92881537939635
EK202310208975,128.30208855646478
EK202310210410,144.04961672876277
EK202310179531,140.30262627710104
EK202310207618,143.77731769649623
EK202310173550,167.58385601562088
EK202310226730,137.343984527573
EK202310129523,142.92951344570878
EK202310220746,140.92440581141116
EK202310248566,142.9949191483103
EK202310193943,156.0757223820898
EK202310119814,147.4257764799967
EK202310142248,152.17990459879442
EK202310186304,161.3172543530873
EK202310138557,158.2434670169471
EK202310245483,139.05284256500914
EK202310132300,127.59796562303481
EK202310208081,136.89400098082098
EK202310230460,164.79028061767642
EK202310140474,130.9730317723004
EK202310212083,131.8823494106332
EK202310136665,135.05820112610184
EK202310131251,140.38207953684972
EK202310232633,139.5018480550733
EK202310147477,156.71505495565162
EK202310205850,154.5477130291491
EK202310202041,158.24139216726806
EK202310173763,141.01272113356927
EK202310160578,160.39580823089545
EK202310191339,139.4888109922446
EK202310212270,136.56445828359122
EK202310145728,152.3167765882208
EK202310221046,125.45109342317005
EK202310188691,144.17160939499018
EK202310171896,148.29025610833992
EK202310139766,135.14040623572222
EK202310173220,146.87034028245952
EK202310162948,158.16799457422417
EK202310105701,130.14637913948872
EK202310197311,155.33358175924462
EK202310147640,164.6020515359136
EK202310183542,150.7235830018294
EK202310183535,164.60310008946666
EK202310245904,148.857572412472
EK202310133031,132.8469176198322
EK202310188018,152.8031122118129
EK202310135860,140.66603019436772
EK202310236943,129.54265148884923
EK202310156470,164.2954902016191
EK202310195857,159.51056337803422
EK202310187539,135.06993367655053
EK202310004424,132.57472048103705
EK202310217002,129.4707039430469
EK202310179415,124.38185524756244
EK202310120456,142.11804984909864
EK202310200863,129.6333723800468
EK202310147545,148.10539039337453
EK202310230822,135.77720079708672
EK202310121215,144.76355751762213
EK202310177411,160.46560568136633
EK202310224282,135.48359697019737
EK202310140227,124.13534580437765
EK202310129737,153.8935440852524
EK202310140849,131.89279085049483
EK202310189202,150.50713682001668
EK202310104642,129.42179504514684
EK202310208010,139.41325376286275
EK202310166940,165.55714443223619
EK202310162024,149.7115620369681
EK202310199815,132.2516025833837
EK202310152439,136.67812207701903
EK202310233448,137.02130994365194
EK202310242843,151.94743184629226
EK202310201491,141.28259525318623
EK202310107632,135.4935600852436
EK202310198770,179.64817421983304
EK202310137566,133.8444751350369
EK202310142121,118.95768055536803
EK202310190572,136.6757065970685
EK202310205775,139.68968910803747
EK202310220844,132.03308868321446
EK202310139338,137.9610438403363
EK202310108582,159.59619295498118
EK202310158552,132.4313064177048
EK202310184301,142.59212628673936
EK202310243616,136.68267944438878
EK202310151811,156.79933196355753
EK202310125407,133.0793002652671
EK202310139375,138.66743483098182
EK202310239439,137.70702814933946
EK202310155841,124.95221789722878
EK202310215149,141.00489443764008
EK202310107124,139.00180859324755
EK202310134118,127.27349966895572
EK202310194279,154.0574727970719
EK202310246720,130.8761892160156
EK202310162584,149.2812887437751
EK202310195982,167.888418246284
EK202310228933,129.83661769819494
EK202310116256,143.53350002035373
EK202310114568,142.37496190024717
EK202310131206,132.67833665805898
EK202310175053,144.45608893819255
EK202310221935,135.53451987891137
EK202310185735,135.73132477582607
EK202310223371,124.11721886867225
EK202310228532,137.98280260512783
EK202310201399,150.99055188097154
EK202310225779,145.76952310203237
EK202310223354,147.4374349883833
EK202310149880,143.13622381311689
EK202310182361,128.98463388486923
EK202310245495,126.66768094104714
EK202310004203,144.82331301906206
EK202310179618,137.58027920417607
EK202320007066,143.7050560589204
EK202310114050,141.6513052191687
EK202310191315,141.5651687818926
EK202310146983,150.40873812273043
EK202310130594,142.90636860769166
EK202310242203,157.9634003600504
EK202310241138,134.95635349443097
EK202310156504,152.54707911392637
EK202310197660,154.70803394563953
EK202310140136,137.5923491996832
EK202310143917,126.74031281042808
EK202310219192,133.85582005264675
EK202310134270,164.40471299274307
EK202310232270,132.0129368022753
EK202310173917,143.7433882822021
EK202310173711,130.61668496931796
EK202310112756,127.3040938861495
EK202310204172,139.3349393834018
EK202310159759,141.654774232444
EK202310186227,134.97633365903832
EK202310185665,146.44685928697558
EK202310117309,141.18789006546226
EK202310197672,136.13804979681365
EK202310153079,131.2053413137783
EK202320006035,159.64996350537473
EK202310247525,123.73835042224763
EK202310161438,128.64525456814346
EK202310218023,149.3906229277932
EK202310150064,145.65187063564574
EK202310142573,148.22816214827677
EK202310124576,131.33703869641818
EK202310219887,125.71273380431181
EK202310120184,153.83759255885622
EK202310112918,136.79627399826265
EK202310109372,158.0431004279517
EK202310107015,153.59052714096572
EK202310150353,148.83975544471122
EK202310204484,139.27301371707125
EK202310146488,124.37403154933916
EK202310124804,151.94700589709177
EK202310185666,146.96943390343458
EK202310195519,134.16776670321235
EK202310160733,131.2165185355341
EK202310104544,139.49207156533663
EK202310184750,136.9789838763249
EK202310003740,123.54644860190564
EK202310226854,136.99325782028518
EK202310125742,143.36291841046824
EK202310168317,133.2030385486641
EK202310149766,147.62113660673464
EK202310190272,156.5479661676189
EK202310146274,136.07417645623417
EK202310112851,136.8247382563819
EK202310175254,158.05885116853167
EK202310163259,123.66837717540423
EK202310133880,138.5959064554492
EK202310217079,121.64667639477709
EK202310170637,150.02897567872628
EK202310194778,121.00443674414448
EK202310218095,133.99502798854076
EK202310135253,144.8260455232517
EK202310197692,161.2702001918628
EK202310208639,142.80194252520153
EK202310246924,133.87041462093376
EK202310189081,146.30729550797338
EK202310186006,142.0094988601426
EK202310234924,136.30426254467108
EK202310159161,150.5240005404999
EK202310118361,130.2962735471286
EK202310103934,123.88441993177592
EK202310218075,141.69492052719815
EK202310151847,160.17427996489198
EK202310227485,150.62599461403818
EK202310215170,127.7141979171802
EK202310182285,146.75659838350296
EK202320006523,169.14387993880004
EK202310226724,136.29055924566867
EK202310144268,143.72046719341046
EK202310156630,165.56646946275214
EK202310245294,150.23059682617998
EK202310223363,139.84026107556699
EK202310237800,142.1171385051513
EK202310173460,140.63506313456318
EK202310209655,143.1652787305869
EK202310119136,143.13392295449202
EK202310127314,163.96644351261602
EK202310193844,147.03070196959598
EK202310162315,142.92458244843917
EK202310218294,136.9705729241287
EK202310151071,134.3976803155116
EK202310217686,139.17693725270402
EK202310154435,167.36453243836948
EK202310191927,139.12682624310057
EK202310181837,148.5105486244883
EK202310148256,165.12506988125222
EK202310230363,133.77600738884487
EK202310156095,133.180869373924
EK202310169939,152.22570374612843
EK202310141818,136.56215912356038
EK202310230706,142.0550889290914
EK202310138074,128.55413683951792
EK202310213136,147.17260964150782
EK202310245174,151.04804137202504
EK202310149067,149.1296679192988
EK202310215609,156.210809527213
EK202310170363,127.06586253998776
EK202310238402,139.46842288501205
EK202310117314,141.7420195383364
EK202310241750,158.9884934285654
EK202310154247,126.67833512103887
EK202310148755,155.98622241376958
EK202310150162,133.94809054546232
EK202310189110,130.72224277473134
EK202310168769,151.23857881778474
EK202310211938,128.74208905997867
EK202310176335,143.1089013318556
EK202310113812,126.5599854517322
EK202310123004,129.22276805835173
EK202310205174,141.4217928933923
EK202310168759,159.61645973312847
EK202310213442,130.81553042903022
EK202310239610,144.92864815018933
EK202310195241,124.77707286029867
EK202310153703,161.93642087670915
EK202310150341,130.52108115942588
EK202310208289,131.4387827055414
EK202310111014,157.10379915719628
EK202310221055,144.5190757345566
EK202310201138,177.44389991418535
EK202310004391,136.74620932702666
EK202310155939,154.92259357423228
EK202310148376,136.85238099545543
EK202310116871,144.41742772269572
EK202310197518,131.76053679128935
EK202310119757,139.60367464045123
EK202320007473,146.36305140501517
EK202310134809,138.84644442590454
EK202310189457,169.77504216549667
EK202310185033,141.56028226019538
EK202310229340,140.44657725159624
EK202310122288,152.38200681105343
EK202310120743,138.61178390988547
EK202310242075,141.21181249490806
EK202310140597,138.64189255199682
EK202310242069,129.83377459965064
EK202310136890,139.26165193374143
EK202310209810,143.6752505177695
EK202310223071,138.5054950862832
EK202310218487,149.32361983407128
EK202310232696,156.52981174636122
EK202310209345,132.26005072452617
EK202310170813,131.52704399064635
EK202310153786,160.513538633811
EK202310151789,133.0359920271568
EK202310151677,123.45218250783977
EK202310137204,133.48991593445086
EK202310218836,133.2321159135099
EK202310151080,129.4296175933003
EK202310164354,166.26898540549956
EK202310173775,151.45951841850405
EK202310121695,143.2365164528508
EK202310205477,130.87657809492924
EK202310157033,147.6446176260238
EK202310119370,127.50765599059048
EK202310126142,149.54110237010332
EK202310205658,148.113400574662
EK202310186719,159.96580527552248
EK202310144182,133.02357563376944
EK202310246415,141.4296477708365
EK202310227129,155.18318754544993
EK202310156707,146.88195338875144
EK202320005770,150.83926918141475
EK202310166383,159.20803510277833
EK202310210479,125.49282277583819
EK202310179571,144.37177868132355
EK202310187791,138.44249276807722
EK202310171969,141.6187970657921
EK202310132165,150.2897301558791
EK202310124907,142.3615639013595
EK202310208889,165.3241545765341
EK202310247697,138.60602097326645
EK202310194854,138.5616011392516
EK202310225021,165.6445379972185
EK202310238477,137.72085509593816
EK202310239246,131.60651002053328
EK202310176503,146.23127677982959
EK202310176496,130.9824986754125
EK202310198306,143.28704941994528
EK202310188583,136.56956923696984
EK202310207194,153.64774438182937
EK202310219806,148.6164619559846
EK202310227819,118.08252549647771
EK202310164368,165.5270042953275
EK202310239912,141.1264127154336
EK202310198458,131.36042666018096
EK202310142902,137.62251652834587
EK202310240388,135.0964184980373
EK202310222895,135.70217255324644
EK202310160875,140.89697885754313
EK202310167060,154.0663610794236
EK202310224028,175.1937871052864
EK202310151657,133.9320623753337
EK202310155117,127.79898081355371
EK202310136926,140.70598013853845
EK202310143427,163.60907207580692
EK202310172189,132.6013906226686
EK202310125542,132.91880167628577
EK202310217168,138.74161338011837
EK202310121975,130.10503106798782
EK202310182960,140.27899218021543
EK202310128220,124.31325695168982
EK202310112524,136.9968123121054
EK202310212379,142.23677895048033
EK202310207577,148.8320701186356
EK202310153262,154.20084986377472
EK202310198456,138.52278540972952
EK202310108358,134.0190363004119
EK202310160189,151.5264453703757
EK202310210891,125.51747569107577
EK202310193109,132.0696703606243
EK202310181289,142.7823249765181
EK202310131577,142.94526557620517
EK202310211895,157.7215573006424
EK202310190829,147.81022652406224
EK202310127301,147.33484123850099
EK202310116811,141.8274422134318
EK202310107250,143.28128480373906
EK202310107498,126.24274925161389
EK202310192130,149.67225062187947
EK202310132040,127.42736844054387
EK202310175120,121.83232700575752
EK202310246012,144.7021749922156
EK202320006537,161.96993752884313
EK202310129645,146.10541032858362
EK202310188742,135.69651048803422
EK202310196813,133.07514477097968
EK202310125413,147.14680632846697
EK202310166995,133.9597268779082
EK202310146585,134.77169387786893
EK202310229973,137.55674685550935
EK202310247518,138.2328242063831
EK202310198340,132.97198340215536
EK202310113811,130.35335080703237
EK202310188773,169.7713384239737
EK202310109282,144.06598537973773
EK202310240034,149.5103733977106
EK202310215437,137.9539295685669
EK202310194389,163.52497703918155
EK202310172196,129.54299947776926
EK202310165827,139.2716624637758
EK202320005561,146.15510129026305
EK202310149595,147.17757934221314
EK202310168288,165.26178025391425
EK202310140892,132.20202174437105
EK202310184756,143.82822475793918
EK202310155970,152.15634017482668
EK202310219701,130.07460305961027
EK202310174732,133.92124200438164
EK202310195694,153.2155087351228
EK202310213272,142.78853910052337
EK202310140437,152.52001250036113
EK202310235734,135.6145817127967
EK202310130236,169.96183194989771
EK202310144191,137.5125729234069
EK202310190014,159.7086777288976
EK202310244140,136.04794651269862
EK202310179886,138.7993266181988
EK202310124185,129.95789771295208
EK202310153209,123.41508903568446
EK202310153141,143.4719970788837
EK202310203881,137.63327263232904
EK202310166214,157.37640480085958
EK202310165860,153.51711148885332
EK202310221150,135.04420939019377
EK202310212669,124.18421342100451
EK202310183646,138.75452036569328
EK202310161293,146.05487290945152
EK202310123374,136.9072696445995
EK202310167702,127.05087589575832
EK202310218991,138.0180659874875
EK202310153681,119.01173647969762
EK202310132053,140.3120564203425
EK202310181558,138.72746153039606
EK202310234347,167.29502110691695
EK202310205398,136.57222804080857
EK202310236180,132.03575651508493
EK202310215127,136.44541674498367
EK202310184646,171.23092046247848
EK202310248044,139.91129582873987
EK202310232425,135.18965960629174
EK202310151757,134.2112490665299
EK202310134956,159.37785662217766
EK202310203447,134.2318756104053
EK202310125366,136.11664023707502
EK202310180083,139.98560352012493
EK202310170602,150.49505831090445
EK202310189329,130.62301803008154
EK202310152190,131.08451308165783
EK202310118845,142.91360342499897
EK202310202683,137.90855174106036
EK202310131733,143.53952990105142
EK202310151659,132.373702100744
EK202310111223,143.7631731491167
EK202310189015,146.91981581335085
EK202310204933,129.4337000977343
EK202310220311,147.37848795710593
EK202310153186,149.00949579958348
EK202310204998,140.1647569793909
EK202310206640,135.3348950342916
EK202310148731,156.25905929624707
EK202310177950,127.82596130923254
EK202310236764,144.57708292090493
EK202310149184,132.00799355710132
EK202310243178,161.98636539242705
EK202310149329,144.69017178009523
EK202310124506,144.61777251490466
EK202310175231,145.09311088608703
EK202310117163,136.62952029995714
EK202310235121,155.58050899119294
EK202310201963,140.06316267342635
EK202310177877,133.5161379027716
EK202310196442,138.6607653788575
EK202310165909,132.27669537286536
EK202310148120,151.14040784715453
EK202310165323,149.4058563487362
EK202310148717,127.38825835204081
EK202310110684,127.2707425296733
EK202310131621,155.83542886957736
EK202310155848,144.92466676371478
EK202310116241,124.98971542508792
EK202310139259,156.7241081188303
EK202310125773,135.30135131263344
EK202310233036,157.36237824678605
EK202310149022,148.5050223020597
EK202310189335,135.54776948340142
EK202310124884,131.21865285298998
EK202310120137,130.5183856699909
EK202310164298,159.82901447457334
EK202310210341,147.59461724314394
EK202310235088,134.25531725070465
EK202310187731,156.2405769393011
EK202310243618,136.4461124550628
EK202310246975,139.07673327850532
EK202310178699,175.10710059195495
EK202310208826,138.46804513181442
EK202310192931,155.13479994221066
EK202310144942,137.40773466309776
EK202310204406,145.2810605617094
EK202310228390,135.64142508396904
EK202310116598,170.69844015438812
EK202310168298,145.13446277631726
EK202310221487,153.46718198939627
EK202310129003,129.75324590305144
EK202310199518,143.48161491987082
EK202310230415,130.06641519616576
EK202310229198,132.24447036464431
EK202310191619,157.2388031203719
EK202310135624,135.09292213827158
EK202310188764,126.83437594510079
EK202310194928,136.909785855903
EK202310136019,143.5662909962925
EK202310193486,138.87722011216758
EK202310114440,129.20162590957287
EK202310233214,135.5459974643877
EK202310228766,135.0893723725553
EK202310149990,162.3427391036848
EK202310122654,133.68430289050448
EK202310221978,136.2498650983268
EK202310166235,130.35741554710864
EK202310165801,141.52921877677127
EK202310164057,122.47874710908276
EK202310168718,132.21572643728533
EK202310108201,139.25936918530635
EK202310206343,173.3579686820816
EK202310114675,130.2491594275378
EK202310188537,145.29484416836016
EK202310179087,144.88618388754278
EK202310187084,170.29505577921006
EK202310187925,124.07027871949433
EK202310170956,155.7241421150414
EK202310212887,138.32354243095713
EK202310137413,132.54394903970413
EK202310217648,132.70057967541095
EK202310174679,152.96335148023496
EK202310229265,135.20749064647478
EK202310148461,148.33801191188567
EK202310222772,135.735086541945
EK202310113407,146.6064848090447
EK202310206546,143.85450955658595
EK202310224810,136.21249542387434
EK202310228008,130.75849435099593
EK202310165670,134.7115556828316
EK202310188801,173.19588325543603
EK202310163428,134.5840672825679
EK202310155452,134.74710159655476
EK202310188057,151.29248473716288
EK202310191879,130.79148750484867
EK202310221170,138.34682593759715
EK202310231103,129.97586410322535
EK202310242198,158.13624865891978
EK202310187526,161.45275126920367
EK202310188098,131.46823164112695
EK202310203053,149.64770024102117
EK202310215291,132.2024512740361
EK202310175087,134.08125261706414
EK202310187624,174.42111083520695
EK202310190415,137.78631047627408
EK202310123309,165.70047042267842
EK202310148164,144.17635088369187
EK202310185918,134.53051496272712
EK202310122611,134.58900823388177
EK202310174402,138.24750188990458
EK202310165680,134.68474367341196
EK202310234342,162.79714178663485
EK202310196937,152.53559230973485
EK202310111601,133.9913704524411
EK202310115643,139.3628155488759
EK202310111554,131.48852441960054
EK202310128358,127.3989351845679
EK202310131862,137.81438956757492
EK202310207446,152.04608367781094
EK202310189921,163.59842108758266
EK202310129789,157.81949302931685
EK202310226523,141.2418445187711
EK202310231417,123.72807994451323
EK202320007285,168.66714961023018
EK202310217873,132.36810433019852
EK202310105042,139.52822202067765
EK202310136636,139.4072401745127
EK202310175915,151.27987033918336
EK202310003483,135.3373326989777
EK202310200419,141.20177134678855
EK202310117924,155.04255015956267
EK202310181210,130.4874832549864
EK202310202561,165.34803603482115
EK202310107499,142.1292615669305
EK202310107137,131.56313069557584
EK202310231924,130.75620325345673
EK202310144923,150.99224143764948
EK202310207718,140.4540692769503
EK202310212477,136.97093804762324
EK202310107846,134.90713151442057
EK202310185004,136.9228305308995
EK202310134355,139.67464527068623
EK202310170491,139.61010019104864
EK202310234495,137.51315277465258
EK202310126339,131.33936621874855
EK202310185015,137.2041845790346
EK202310208389,127.49207388878438
EK202310165712,170.77277092203306
EK202310168161,157.16639564377374
EK202310152314,142.51727816977788
EK202310207349,123.22722092952799
EK202310195623,135.6655696179196
EK202310187039,131.97883769212729
EK202310141159,141.50561280967102
EK202310209863,151.55765310281734
EK202310160465,141.4679619028206
EK202310171624,130.40266472244642
EK202310227086,150.5367280051273
EK202310177422,137.77162003359305
EK202310240033,127.29747933697331
EK202310147863,150.96538995969894
EK202310187436,146.26994664587505
EK202310210870,139.01028100450173
EK202310104543,140.91748001315517
EK202310136266,129.992344566843
EK202310169848,146.8652280122867
EK202310134804,132.58443884076877
EK202310128125,139.69521785331816
EK202310105804,135.32335604488972
EK202310240636,141.77147589681886
EK202310128250,125.29922080870723
EK202310167986,156.76292438244076
EK202310223738,132.0026637414234
EK202310194978,152.13138267788833
EK202310174109,135.78360521327798
EK202310234407,127.05988754663545
EK202310174138,134.38936459203435
EK202310167183,137.9354916893117
EK202310111941,138.93974846196014
EK202310199956,140.91348842464873
EK202310116743,138.6081118873307
EK202310140835,149.7109533467592
EK202310179216,161.24026058564368
EK202310205539,170.75255409961298
EK202310196566,139.65582999308575
EK202310224930,151.19409589139934
EK202310120947,141.23687167582383
EK202310170902,126.82732590130713
EK202310235028,142.8367891797961
EK202310113734,145.79209430761594
EK202310204036,133.78948331314916
EK202310230642,134.25097801829554
EK202310131709,138.04299365803195
EK202310226061,137.5353015060128
EK202310175946,125.297878638951
EK202310152205,159.44303077292892
EK202310188482,146.34690550563042
EK202310108311,125.21687979897435
EK202310191290,133.7836393828894
EK202310144489,129.30243933493415
EK202310172283,134.29667725815386
EK202310226719,148.99511176724485
EK202310159716,154.5025818914344
EK202310199594,149.12994735504586
EK202310173559,137.59006683691095
EK202310136955,137.9753409777919
EK202310116269,132.63205565767913
EK202310193704,147.41797242261492
EK202320007431,163.04997891097904
EK202310132812,157.01355922616955
EK202310180739,136.08921769588034
EK202310174941,166.51205112905967
EK202310178926,147.35430491538295
EK202310194112,141.83498487066484
EK202310133210,131.55640488094096
EK202310192212,127.53265875214625
EK202310120175,132.3094826986997
EK202310139063,137.0601997001498
EK202310110816,142.2929700996513
EK202310133264,142.12974156008264
EK202310104140,142.8696808203488
EK202310162125,147.4435689847542
EK202310144954,132.12426645245588
EK202310169762,130.760842332247
EK202310161221,151.45019285669989
EK202310216951,148.2389965494427
EK202310231726,139.423870831772
EK202310149140,165.77693779443854
EK202310129051,137.85855546819135
EK202310134433,132.94806907246172
EK202310247557,158.26651464662538
EK202310231514,122.72898075006113
EK202310224127,141.20077158839678
EK202310126711,131.76816736945025
EK202310145914,137.88770334584396
EK202310147010,155.341090719644
EK202310141199,140.53544528556102
EK202310163547,134.63310337354224
EK202310204148,135.08063379182744
EK202310159997,144.81912315137365
EK202310147517,140.8610191792422
EK202310120397,136.74303560451037
EK202310154029,146.15623682120895
EK202310208628,138.75626101592397
EK202310240529,139.12198953526158
EK202310119023,156.7180658491777
EK202310171849,131.7005384416587
EK202310180911,144.76626533715861
EK202310111220,129.10029915863686
EK202310155400,139.23906722041121
EK202310205379,137.1278781710586
EK202310151041,142.65316009173617
EK202310122951,135.02591079800087
EK202310196536,154.6420550223388
EK202310160766,128.79697177605638
EK202310209097,139.13993480258216
EK202310140289,126.93412935382712
EK202310133699,159.96316085032458
EK202310193965,136.76062211319987
EK202310201530,156.9278943518405
EK202310131280,134.39345076209767
EK202310225831,140.9746368388552
EK202310197460,136.9349225933459
EK202310225230,130.11976218818418
EK202310158454,139.34485566072547
EK202310245266,153.97309896136733
EK202310175415,136.39494803155077
EK202310194223,146.8014163591964
EK202310199942,138.57129808341134
EK202310233835,144.4777712514335
EK202310220027,141.29236027130167
EK202310119464,155.63568499575075
EK202310179368,135.71614464744385
EK202320006345,146.72119397803482
EK202310124702,124.99314771624049
EK202310197937,127.3037743417729
EK202310159091,137.23717106502335
EK202310138888,134.30106551452567
EK202310216680,142.04382798431226
EK202310240252,131.06936720271156
EK202310175387,143.22361118392038
EK202310199869,121.9182533195135
EK202310140275,134.36430083500323
EK202310151577,124.51993809994579
EK202310130981,127.09351816144382
EK202310131764,124.28694181441443
EK202310121874,130.11007165265488
EK202310171868,131.45966456344973
EK202310140109,159.41625272645888
EK202310120574,127.95925734382193
EK202310151566,136.8988570652368
EK202310124827,159.27122865625373
EK202310120607,143.45743093718926
EK202320006257,149.93674239697944
EK202310220130,152.37445289728817
EK202310144885,153.21967218978975
EK202310186525,133.02598513745716
EK202310219807,170.55767447722002
EK202310167657,132.3813740291541
EK202310123275,133.85133182182514
EK202310215234,146.35799205762163
EK202310146524,151.7505317819473
EK202310169940,143.42007946847113
EK202310243649,124.48519482860262
EK202310183687,142.79337056252092
EK202310130415,158.69679665677964
EK202310188385,137.12303819084283
EK202310158217,148.64145417911703
EK202310004449,134.93411024480326
EK202310193236,136.59968949800336
EK202310151651,136.92073873184938
EK202310106009,156.13534058938558
EK202310185711,149.62986464106186
EK202310104495,126.7697363772975
EK202310144848,152.71660570294023
EK202310180048,134.0422952779803
EK202310137754,141.2741218372443
EK202310156546,159.9075441696399
EK202310137352,142.46951249273894
EK202310182441,134.37945602861916
EK202310208167,145.70760320044204
EK202310223871,141.5807681578051
EK202310172342,135.50861546919725
EK202310219366,162.34043149986576
EK202310196187,148.54830019381697
EK202310138150,131.0493135160415
EK202310172299,134.99922073127954
EK202310127364,170.90604886275426
EK202310139869,136.6787997602763
EK202310128954,139.12382741366847
EK202310146322,146.6148329350406
EK202310162849,164.69565201351986
EK202310181038,135.25414514769983
EK202310170175,147.20694582223643
EK202310112098,157.52978344569976
EK202310176673,129.5312550311582
EK202310139559,147.20588617862404
EK202310233592,144.55250957185424
EK202310224263,155.14118213051952
EK202310110134,142.417068544462
EK202310226556,142.63693945881923
EK202310209883,140.7632507113862
EK202310231890,134.0292127614284
EK202310190968,143.99415661995678
EK202310136859,152.016344659649
EK202310247260,127.36129598705809
EK202310172360,125.43801179737909
EK202310210416,145.4469549355311
EK202310227699,141.87476116791802
EK202310213569,138.13800596004933
EK202310224874,127.23081735300518
EK202310169709,167.992704033878
EK202310228257,140.97358322784916
EK202310141038,143.21867103012627
EK202310129192,132.16242476804965
EK202310107751,143.07015688000212
EK202310140717,134.70395771723238
EK202310228229,143.69897154300895
EK202310207072,137.9355145183823
EK202310202830,148.325453083988
EK202310148905,155.24743506791276
EK202310127758,141.4183317226384
EK202310178020,149.24681813448063
EK202310193951,141.01639994316324
EK202310155292,134.38738041743088
EK202310144487,130.30513983397782
EK202310121253,139.65679786489434
EK202310148088,143.09737370041552
EK202310187124,135.4455750492948
EK202310229693,141.02230411280286
EK202310201484,143.1475863466137
EK202310129571,139.9388629253883
EK202310125950,138.26963136527797
EK202310185603,167.19097521788942
EK202310114453,154.81207905139522
EK202310117950,160.77511167822098
EK202310119043,140.00062698255695
EK202310198703,174.2673346121131
EK202310140299,135.39830968304847
EK202310135296,156.22195721719888
EK202310107227,131.16942688807165
EK202310240359,153.32942363928717
EK202310240921,128.91559062177663
EK202310128737,136.4277781673606
EK202310124258,137.25103577052425
EK202310220986,129.93657580677245
EK202310120232,147.30199161965373
EK202310164246,139.76865628561282
EK202310179029,135.92478090547226
EK202310162108,174.34238355869527
EK202310117566,135.12267774699797
EK202310232452,135.69469894929702
EK202310199397,161.77073369531277
EK202310150619,146.37344105988237
EK202310112912,133.02873290149063
EK202310196213,163.06696690181906
EK202310128306,145.12974827909812
EK202310186545,142.93092856814727
EK202310245338,144.01129117310066
EK202310126833,141.98180532728435
EK202310183324,130.22247990076252
EK202310206548,142.54158918625856
EK202310162684,134.97691538540485
EK202310158471,163.16366506160486
EK202310237583,131.91961388060358
EK202310142976,143.26382222156684
EK202310181877,165.49384707336932
EK202310193411,126.9419914945478
EK202310140403,126.31617520692194
EK202310223571,140.96530781409507
EK202310200630,139.18193051341106
EK202310219428,133.92630405973557
EK202310149680,136.85083974177454
EK202310109895,152.73484537274365
EK202310204098,147.0868503095763
EK202310177412,155.62771418199452
EK202310219692,123.19212368390784
EK202310103878,144.17761545302562
EK202310193630,139.86529356769657
EK202310109504,135.42942359047498
EK202310109364,132.86926268540023
EK202310239283,141.34289984899198
EK202310104478,130.09928081797779
EK202310204048,143.13264555307143
EK202310159059,145.87007023328704
EK202310156030,162.62448173151938
EK202310245545,140.5178310650933
EK202320007416,164.44869155199476
EK202310221846,143.62543878051224
EK202310132308,147.98744998336522
EK202310197059,123.77816908140917
EK202310234332,148.70240893877923
EK202310194822,163.41538254232782
EK202310148932,122.67896148318472
EK202310128434,129.34587803544508
EK202310238922,128.43998407975297
EK202310114232,140.88835897916033
EK202310175005,139.60937482608122
EK202320007002,164.4042773046431
EK202310197439,132.55176640229914
EK202310236355,132.29658103931928
EK202310003833,138.08359387598517
EK202310204832,134.44230477705887
EK202310004506,131.32084941995873
EK202310121065,139.69673329201797
EK202310127094,180.45924321008252
EK202310213840,151.66869390083346
EK202310114333,129.06204246457787
EK202310145274,168.01679475570398
EK202310222042,132.8254432258127
EK202310213433,130.47946350623033
EK202310146144,125.66875050989646
EK202310204047,134.4021964296692
EK202310212828,143.31151096783265
EK202310138593,132.35672027382674
EK202310226806,129.48417229768796
EK202310208095,142.1080922271669
EK202310114814,138.9150670430407
EK202310186543,153.91957610509766
EK202310110336,128.7661586262129
EK202310167478,153.67293489378883
EK202310236430,127.21668473435037
EK202310217023,135.81175294653147
EK202310153953,138.3426291368343
EK202310230502,132.83200482528952
EK202310247381,128.57707246041548
EK202310208704,141.7045019323809
EK202310139824,127.66976228297288
EK202310197168,134.66037292877786
EK202310128080,152.45693548340142
EK202310123269,150.1693459651932
EK202310121955,133.5368943581639
EK202310161214,144.79387995365488
EK202310133556,143.24274549842482
EK202310197481,134.99450531110494
EK202310246538,131.80559377841524
EK202310194330,164.51086109325144
EK202310178652,129.8844774686337
EK202310209776,147.5893529039233
EK202310242382,132.79298758165393
EK202310234518,138.80976099010184
EK202310217553,135.9331756308165
EK202310003369,130.16351121522126
EK202310207859,131.7865011370635
EK202310215266,139.35091712382183
EK202310191942,134.5418286318323
EK202310113737,145.06083992350554
EK202310128655,154.34836038068786
EK202310248203,132.41267359229766
EK202310170678,162.1963334959954
EK202310225376,148.9470122111153
EK202310198236,135.76934519206327
EK202310138567,141.69697911786875
EK202310148635,145.1512014846661
EK202310121362,146.79634270095207
EK202310216537,169.3093213049735
EK202310244010,132.9179299641329
EK202310199391,161.5834383750862
EK202310150957,127.72211822063711
EK202310160956,156.12948021176115
EK202310234204,129.6278010192468
EK202310230587,157.29107729999154
EK202310212166,148.94721226888862
EK202310164638,142.4057282510898
EK202310157872,145.44399501225237
EK202310206238,153.36127193827468
EK202310137733,130.6132825272355
EK202310123238,126.9952285692299
EK202310201665,132.73379696945187
EK202310150077,118.80695800825194
EK202310140491,124.05733951600928
EK202310183010,153.5778657309385
EK202310168338,134.5490984517545
EK202310146731,136.84937903663283
EK202310201575,138.2794862604808
EK202310151646,129.25609842746414
EK202310110613,137.53263814380745
EK202310107412,153.9356060997067
EK202310110590,117.7592992985614
EK202310127237,155.35827621152083
EK202310217513,140.60341727729474
EK202310148694,159.42965498580094
EK202310223185,135.3218647962782
EK202310172511,160.34924359724184
EK202310219014,141.2696213732374
EK202310134780,137.85737933020815
EK202310117915,130.47846655477227
EK202310153389,149.7383074574482
EK202310207296,142.9736328826887
EK202310132494,141.3358172731373
EK202310187803,136.10512540367895
EK202310233954,136.2941449462108
EK202310119049,124.44140334188192
EK202310243256,139.5235686906532
EK202310244548,124.81634241846874
EK202310240124,147.76197568676398
EK202310148734,130.73405462633872
EK202310131233,140.30092462796642
EK202310220058,140.5863418269938
EK202310217202,137.50637764094427
EK202310179774,137.5544703336976
EK202310227794,141.47935214511884
EK202310132105,134.405712518768
EK202310177761,160.04599925751916
EK202310227840,143.938072802992
EK202310169016,138.09887558068004
EK202320006837,167.56246243085138
EK202310108574,140.3728504112447
EK202310190548,132.58096255360093
EK202310109486,133.35367773092952
EK202310200259,156.42808390146124
EK202310162701,164.83645398203709
EK202310160336,130.47642836987978
EK202310212709,129.88880308452045
EK202310226725,135.945400798006
EK202310158681,147.1951163142156
EK202310107964,137.79353272151937
EK202310235518,141.40639928052465
EK202310123552,149.16965938941803
EK202310201865,139.8233620260567
EK202310145317,150.91808134557007
EK202310183030,164.91708771418695
EK202310200118,142.4442821279453
EK202310114422,145.64677045672624
EK202310157848,129.66503801696916
EK202310239370,135.15300108583565
EK202310131836,165.44395222878987
EK202310143421,131.31122470109207
EK202310205485,134.32780794600663
EK202310168662,171.2139184633238
EK202310154586,177.85822881769823
EK202310186744,136.21197942316385
EK202310233340,139.73545891073692
EK202310239910,128.67405012317616
EK202310245136,142.22349883560165
EK202310149851,175.75264656355125
EK202310149779,145.32666976225977
EK202310228990,139.64335481852487
EK202310242178,161.2451325439775
EK202310133873,172.59173109839622
EK202310164264,132.81375356348036
EK202310231632,130.79217022772784
EK202310144424,135.63329100688827
EK202310112760,129.79768099208522
EK202310212956,132.43756592180497
EK202310145964,133.4337164577109
EK202310126563,127.11386558558333
EK202310109694,150.2686667582266
EK202310128490,128.5071106499059
EK202310180704,163.49518583836974
EK202310126998,136.034627106825
EK202310112115,134.5669903569562
EK202310209159,135.898099820849
EK202310191498,126.9910306258533
EK202310216436,139.73233296458636
EK202310163197,130.69021506867483
EK202310151701,136.66375094617973
EK202310110130,122.00826351070634
EK202310226705,139.01860103426768
EK202310139340,152.01115316759456
EK202310110862,129.30240010215937
EK202310127381,157.74056903458862
EK202310202546,168.21382923575862
EK202310225643,143.51816652121101
EK202310213096,141.23317879676236
EK202310235079,140.70243374165454
EK202310109108,169.88797570177124
EK202310225137,153.3635912648982
EK202310187484,136.3867856042163
EK202310244698,155.108925118528
EK202310182643,141.1142112567065
EK202310172470,148.00992546483315
EK202310202542,130.32601778355232
EK202310240368,139.2861937634431
EK202310103843,139.96951356607318
EK202310219530,139.79004303558736
EK202310176306,161.5314796726641
EK202310239841,135.46726662343744
EK202310216087,139.7213460589002
EK202310153817,137.2270995327044
EK202310170433,141.6342735944422
EK202310219831,136.8577890621091
EK202310232545,148.96353420392748
EK202310128070,160.86054896048918
EK202310160215,136.20306855642409
EK202310233605,136.45217037012293
EK202310004309,136.88533223707242
EK202310162940,148.8571263570878
EK202310229901,126.74269424400167
EK202310155025,148.4910995322436
EK202310127004,139.58527838643775
EK202310247408,137.03939920729803
EK202310202128,143.57609065650502
EK202310178091,129.04895503565044
EK202310123328,133.32047356259977
EK202310228444,135.11438575160665
EK202310156135,144.2089536087559
EK202310164582,148.79309785557587
EK202310120354,133.19075976029737
EK202310225755,153.0601849705722
EK202310242750,124.74645216983814
EK202310142998,149.8177452171411
EK202310224125,143.18292652421414
EK202310169891,161.9731363852072
EK202310115679,124.21368104609387
EK202310198800,165.27161265812924
EK202310105498,138.0962422692462
EK202310178156,144.63070969931476
EK202310186930,148.09721693948742
EK202310133899,138.37170287336116
EK202310156394,140.61411243375966
EK202310122250,138.1457689751137
EK202310148614,141.52145739302122
EK202310195974,157.83991746662184
EK202310140125,125.11506389169548
EK202310210027,157.56403262763706
EK202310123730,142.86740263605435
EK202310116187,133.40843666288885
EK202310159940,135.00793670250886
EK202310120469,124.22941595344791
EK202310153614,144.23773456492165
EK202310233640,135.23584939843238
EK202310185515,147.97113698272923
EK202310205120,148.10314929607523
EK202310178305,151.19971993594663
EK202310184917,169.829500582553
EK202310194354,143.76108869280046
EK202310171208,142.15410592848315
EK202310154255,156.12800033795853
EK202310245884,132.45702703127256
EK202310179361,134.60477690784663
EK202310181720,154.3094790971808
EK202310198136,155.3875000611238
EK202310123723,145.52150675969287
EK202310162489,140.59424729359745
EK202310242175,159.84092410103403
EK202310224905,137.7885598711623
EK202310248091,134.18710804630828
EK202310123593,148.9055402709398
EK202310183684,130.58816036295536
EK202310235351,145.938972741757
EK202310169872,143.32798232894612
EK202320006484,167.94246392984212
EK202310199450,160.15845359465715
EK202310109127,137.6185792502748
EK202320007711,152.56098770656402
EK202310156432,126.1293701513516
EK202310233998,129.98170543094253
EK202310128218,135.09057693164485
EK202310121076,132.14771801713044
EK202310161013,132.17498479951647
EK202310116233,135.03846887907176
EK202310172825,132.179521309672
EK202310126048,169.55117854322597
EK202310238467,146.84229873303323
EK202310172112,141.15939896665762
EK202310105094,141.82683177669895
EK202310228653,129.09409517595674
EK202310166974,149.56072751082849
EK202310236937,123.76945033338228
EK202310155066,138.33989253042057
EK202310110822,136.30080929043723
EK202310117204,139.57086031850136
EK202310124699,135.2444512740977
EK202310201420,135.40855110065576
EK202310193066,152.74289187872333
EK202310103851,128.55934031260108
EK202310107858,135.611846442944
EK202310136568,156.64007218966083
EK202310108975,140.35942501000304
EK202310123028,132.839529053569
EK202310124327,131.2160756661701
EK202310127718,153.81498568518194
EK202310155357,141.6117214553766
EK202310230360,140.69479995889458
EK202310107277,137.61005658937341
EK202310140418,167.77684531353674
EK202310205320,149.66553749431256
EK202310111068,153.76679274697037
EK202310199336,146.28464479560148
EK202310124051,142.2246318325274
EK202310137534,134.11942362929608
EK202310134728,133.28427071260143
EK202310186537,137.40149572254126
EK202310212779,160.2627849334395
EK202310184455,146.98569904504288
EK202310243388,132.8308351295081
EK202310137422,134.13288092249869
EK202310241788,153.08362265050206
EK202310107922,149.64754582398547
EK202310193955,139.60487136429177
EK202310194721,138.02040552341126
EK202310146903,126.83122906380065
EK202310134637,133.78200417338738
EK202310115633,120.86017324685827
EK202310226326,132.18213628645506
EK202310191621,153.60433485916025
EK202310218537,154.9209198147213
EK202310140032,138.4777678217434
EK202310187906,150.64778643434218
EK202310160631,141.41013969858088
EK202310235165,115.52215147582875
EK202310226953,150.51417464521117
EK202310231462,130.8645762389419
EK202310131496,147.71071522871515
EK202310215576,153.01998093299827
EK202310122149,135.75858449919303
EK202310167024,138.5274489749229
EK202310201015,163.844891814527
EK202310139845,158.33597622155588
EK202310206739,160.8334523184673
EK202310107474,126.93550708067676
EK202310212444,138.86960414336693
EK202310160242,158.15359921788672
EK202310151058,142.01299671318873
EK202310107745,150.8489818848835
EK202310180777,139.6813597953816
EK202310118200,136.13525420683226
EK202310110288,145.2959399948683
EK202310133962,161.28374587944566
EK202310209998,151.65202162386217
EK202310113961,141.822305749355
EK202310125421,133.57595501257083
EK202310204604,131.04610596801717
EK202310120459,129.7181535238218
EK202310179318,162.53537122381798
EK202310188043,152.07748401933569
EK202310139621,148.70162689648166
EK202310223960,144.8255236103912
EK202310116277,143.49733837465294
EK202310173520,130.21528069206218
EK202310140244,128.44749085905886
EK202310172775,139.24965670711006
EK202310209021,153.65626586382245
EK202310137060,134.64174964234869
EK202310169472,157.59819303617462
EK202310220708,149.15663080314837
EK202310155346,141.507801302902
EK202310203724,124.90904043137724
EK202310174172,136.09625435346254
EK202310127338,139.99205569611368
EK202310231177,128.328439261574
EK202310110283,125.96162944962359
EK202310194192,146.64702916825237
EK202310179609,141.02446451256924
EK202310233542,165.7851080844285
EK202310223188,139.44875441717898
EK202310160161,130.61516760746088
EK202310142059,139.38948380620022
EK202310148973,144.1620839469059
EK202310185968,137.17174011866635
EK202310143375,146.87741609399282
EK202310223394,125.42281411011918
EK202310142935,141.65301805999775
EK202310128889,130.89481319339782
EK202310243694,121.11730283839049
EK202310168873,148.3295995695275
EK202310110255,137.33150857422552
EK202310217355,139.01463672374197
EK202310170477,124.58533634738879
EK202310126294,130.92782285665035
EK202310193447,146.623750729368
EK202310208452,133.45523924320088
EK202310121117,134.7519334138735
EK202310188124,131.95109109743908
EK202310200744,157.0870794180256
EK202310246111,127.69218730056167
EK202310161343,159.1363191554635
EK202310174717,160.61948640639605
EK202310162592,137.17174818682548
EK202310199334,146.07098662874336
EK202310004427,160.06296067397938
EK202310128231,136.44238984244208
EK202310159198,133.11232230880856
EK202310190595,136.13921064121467
EK202310234887,141.75799433625227
EK202310230530,134.878147566499
EK202310212245,129.93774690385817
EK202310247440,131.29876436666427
EK202310190679,153.1561980619018
EK202310215878,149.36181927094862
EK202310118270,137.95926258197935
EK202310109213,158.6757023183239
EK202320007685,164.97260153562402
EK202310125681,149.0887634574313
EK202310187523,145.1596901118853
EK202310185418,152.5126252184692
EK202310147002,136.9563735054461
EK202310171520,138.6296778363597
EK202310222521,135.2118031267553
EK202310200454,139.35619870440695
EK202310121658,123.15015522525994
EK202310147902,145.6721489454054
EK202310204527,134.09480810357707
EK202310202723,136.09114024547674
EK202310149975,150.49039508308445
EK202310157163,142.52583956069105
EK202310125893,133.19679618393815
EK202310121387,137.82557833767936
EK202310151762,154.576025643291
EK202310193998,163.18563844338507
EK202310106551,137.5756762837189
EK202310245044,126.90433720229969
EK202310207864,137.1453496337425
EK202310150519,132.5539198908995
EK202310180535,136.80713484918408
EK202310140574,158.47777459945559
EK202310152351,132.743507187881
EK202310119381,150.54691891926427
EK202310144308,129.25231472145177
EK202310204920,139.7508956276088
EK202310169039,161.09892908098468
EK202310126992,139.64386661417586
EK202310165821,136.50286513717157
EK202310218625,135.2182250414425
EK202310224581,140.2015888603036
EK202310104040,130.70402657111308
EK202310151985,145.76659806115896
EK202310151422,172.78235633709758
EK202310181497,130.6701297425509
EK202310143064,157.12439402199882
EK202310115232,156.029366658721
EK202310160598,147.3625361263905
EK202310153804,147.19701970680603
EK202310246991,133.3580331932781
EK202310205912,130.53468220034878
EK202310147949,154.28738146815505
EK202310147713,144.71170836199417
EK202310172130,130.53676588049544
EK202310193689,134.89464735615482
EK202320007377,139.71481836130948
EK202310234778,132.2047085591825
EK202310126968,136.38462443111382
EK202310168723,132.38282329894022
EK202310205210,125.02711837410885
EK202310236972,134.55579983030395
EK202310110805,132.32112315090146
EK202310110541,152.4719085434597
EK202320006784,140.59107839668536
EK202310169268,143.79870178556934
EK202310192717,148.89231912372225
EK202310134072,124.09999038426525
EK202310109817,138.15963805419943
EK202310111416,140.2313798703517
EK202310163760,132.6908899505279
EK202310206928,158.5210977916883
EK202310222806,166.51241135587284
EK202310245025,163.55590290257592
EK202310154335,129.80947049341427
EK202310122966,148.89551033387218
EK202310147154,155.44697976894085
EK202310161786,148.01985931203046
EK202310122057,142.7117582599728
EK202310206279,158.41076306940877
EK202310241236,163.24368236617275
EK202310107469,125.49446862535362
EK202310236549,139.22721176783023
EK202310144138,149.1483523490428
EK202310212131,137.22842672069063
EK202310112701,144.1619340380567
EK202310163659,143.38826243748423
EK202310172713,139.90928025567743
EK202310175303,131.21445989330564
EK202310129678,130.0536519501278
EK202310204116,138.32700948666172
EK202310226565,133.33693371268387
EK202310177622,131.8722011615851
EK202310173275,133.98410467305527
EK202310108694,128.63408766010372
EK202310124863,140.31029752958557
EK202310209698,128.84539761790887
EK202310155502,136.17570509958816
EK202310160025,146.03184574657462
EK202310219991,138.71554918618344
EK202310229114,131.62997383884237
EK202310179717,137.02278271837636
EK202310112666,139.78080687551216
EK202310122607,145.7725071232468
EK202310203774,120.95119637870505
EK202310167012,124.86683976539982
EK202310177207,144.90422671182037
EK202310108755,137.7519723116507
EK202310235791,129.90085390320448
EK202310193173,170.37858305651304
EK202310226669,144.0654822467399
EK202310241591,145.57316923634488
EK202310139673,152.19033419426088
EK202310245678,146.50984340009842
EK202320005871,151.70727215059182
EK202310146553,145.05391115376426
EK202310110812,159.24106933051885
EK202310163248,172.3221387375828
EK202310198120,141.86893387373135
EK202310130383,161.67000471400382
EK202310165453,150.65221567987697
EK202310129296,128.72261205642678
EK202310114158,133.3190583641261
EK202310206093,152.83185349569325
EK202310178733,153.8628399643802
EK202310148785,134.80864014909875
EK202310182839,142.07238440381693
EK202310243137,137.3920659447961
EK202310180781,141.60055085702183
EK202310221757,160.89491838796098
EK202310247595,156.4506122080407
EK202310119239,148.15543168717124
EK202310174112,140.67528016181527
EK202310195036,150.15219983157183
EK202310139240,149.83988980969187
EK202310161228,145.7541559784409
EK202310124628,173.39852734651998
EK202310216201,129.61878401142215
EK202310171177,164.16715949795397
EK202310217298,137.68925187757614
EK202310105105,152.29247172525248
EK202310121917,131.14262967876465
EK202310175901,122.75765594465904
EK202310248632,132.142990836942
EK202310168647,152.15015539423817
EK202310189433,155.30174754895478
EK202310219364,130.74751139688053
EK202310208149,135.9618356259463
EK202310115824,134.67514545715295
EK202310147437,161.3004119508372
EK202310131516,142.4526473314291
EK202310216229,148.65667580011447
EK202310143057,134.9816143622033
EK202310227618,136.33397315836157
EK202310105862,141.94308347477204
EK202310191429,154.22382110476428
EK202310114100,146.53812217551115
EK202310240658,140.07810514649026
EK202310221826,138.76383997655248
EK202310228005,139.41532731847016
EK202310114273,130.36255482785123
EK202310129611,147.00420673103469
EK202310106828,133.44071511166428
EK202310216849,152.9678406426899
EK202310217419,149.6435762927569
EK202310123260,126.98171290843453
EK202310189255,135.0059331636282
EK202310141612,138.78130115119
EK202310115638,125.70718279048
EK202310144626,137.30646882828205
EK202310128398,139.27978962853214
EK202310150599,146.62441599392363
EK202310209851,133.308378041186
EK202310142306,128.09904921112818
EK202310151733,150.64507172904857
EK202310115665,134.58724966855732
EK202310144016,133.39999214990885
EK202310194248,147.1344472276464
EK202310221662,138.76992332027905
EK202310239754,138.924887871205
EK202310183618,161.29041532833062
EK202310247966,128.38988239228726
EK202310144467,144.6882569226076
EK202310199980,138.58466994475668
EK202310147993,160.8793890219487
EK202310219732,134.47087395592868
EK202310201255,141.66771287277393
EK202310166834,158.19110382964712
EK202310188039,139.8876629402407
EK202310125812,131.98596528023
EK202310149327,160.72234652543892
EK202310186774,156.2036844340603
EK202310131937,140.16835310794028
EK202310136858,141.7396042235051
EK202310194737,165.87993850502264
EK202310227116,135.9892440128387
EK202310188953,160.84997038284283
EK202310152825,171.5461473162094
EK202310233830,158.07121372120062
EK202310175569,149.06223367014857
EK202310127649,137.96027728051521
EK202310189873,162.90859138211536
EK202310164363,138.95452713422887
EK202310122930,124.96409090342296
EK202310159410,125.25032928941232
EK202310150191,123.80730730001055
EK202310174699,128.93594336295985
EK202310184344,143.75510273821695
EK202310142972,142.47898354565268
EK202310136313,143.34781863505359
EK202310159605,157.3922396431563
EK202310211606,133.26039217250917
EK202310194487,136.99714796968357
EK202310109553,135.8135903187518
EK202310121906,124.8411667359653
EK202310132283,133.98389799152824
EK202310156330,152.31039928263792
EK202310109685,143.47887845814898
EK202310166453,160.26575519469895
EK202310235141,133.5770262376525
EK202310242155,140.53559771864758
EK202310171093,140.34193071757733
EK202310157094,145.7602860286471
EK202310157497,143.9331957953655
EK202310112679,140.1412121068848
EK202310201020,135.59871993020474
EK202310137760,142.1636667378013
EK202310152523,157.6661222263236
EK202310227728,129.57547479649975
EK202310194083,127.6668403706866
EK202310194984,168.46144505169036
EK202310145213,129.42498245385136
EK202310216337,131.26293994185875
EK202310189326,174.50013771344004
EK202310145361,135.06444048315367
EK202310209596,133.3461428337387
EK202310147914,147.42671127488617
EK202310210977,130.4091183286167
EK202310169601,131.0248421112884
EK202310218627,125.24507579960105
EK202310222818,147.84507671901082
EK202310175529,141.96758142408123
EK202310201612,151.21048595095453
EK202310174062,143.62719942102652
EK202310223170,134.12481566598365
EK202310225186,136.22266141055212
EK202310243838,142.97055603573813
EK202310241520,135.9809891685693
EK202310166518,125.7668209164719
EK202310113920,137.86170072411133
EK202310164784,137.62188073067773
EK202310159164,140.98566905001815
EK202310149463,155.36199448108755
EK202310227499,153.93912843910445
EK202310217794,129.81495748544424
EK202310225560,139.69208976128039
EK202310147201,150.12943167054263
EK202310128156,145.55949686547035
EK202310115240,138.08654744040504
EK202310238532,129.77581709526663
EK202310183846,160.55520892560733
EK202310144731,131.3134177565688
EK202310162390,142.03395695485509
EK202310197431,128.84490750158764
EK202310105951,123.41053824411723
EK202310204990,157.91078685162188
EK202310210191,141.13072070508224
EK202310126933,133.61757060825585
EK202310202480,126.45117518783029
EK202310111923,143.20744223517323
EK202310119216,137.79810371178314
EK202310157432,144.02827650002817
EK202310177567,145.82050137203206
EK202310131552,147.51689725397245
EK202310179248,133.83663466907925
EK202310151456,156.923021475047
EK202310168955,137.7310668829412
EK202320007813,151.13874758479233
EK202310117010,133.34444873962732
EK202310151990,140.35670417451715
EK202310125852,142.26865087493394
EK202310136345,133.98765761948556
EK202310107482,137.80634220678076
EK202310136674,157.2163890752605
EK202310162359,156.25773208632035
EK202310130813,131.7879163348364
EK202310242095,144.45583230741138
EK202310112314,130.84760098377316
EK202310234433,128.57885490759136
EK202310202458,145.50190177768724
EK202310129103,159.21451734720358
EK202310177132,152.87598340901317
EK202310242050,154.22465789652094
EK202310232456,128.81675266012186
EK202310200214,142.90909570011638
EK202310163472,165.302089622735
EK202310185311,140.5686713582689
EK202310228179,139.89910997906108
EK202310130371,138.75756670835167
EK202310179660,153.95259395936986
EK202310190711,156.2137865205449
EK202310246542,150.19939297472692
EK202310231496,120.15583932170898
EK202310222179,125.79929477464887
EK202310132158,139.2691289211764
EK202310167423,170.6712198895289
EK202310201349,159.4101829395975
EK202310142224,140.10001883267267
EK202310179938,139.3939353166688
EK202310223135,128.80166374784625
EK202310205817,170.66705611544853
EK202310246593,146.57587604656047
EK202310176304,149.9824057186297
EK202310130059,133.7352949287782
EK202310111192,141.2244516747609
EK202310165881,134.48921991121787
EK202310127812,153.01779673775025
EK202310190156,146.69662303922738
EK202310216483,129.84854988736018
EK202310144414,133.052553426853
EK202310132901,124.62660170173166
EK202310154231,131.06378008231283
EK202310145897,150.25433969453715
EK202310209392,140.56786454835915
EK202310178084,124.36344824054099
EK202310125343,133.15705981830658
EK202310146816,144.38500523464518
EK202310155084,138.6812541298525
EK202310168900,146.9384860458886
EK202310185047,142.0694762741383
EK202310237486,128.1233286873548
EK202310203671,178.04590005576753
EK202310135522,141.85964406035924
EK202310159093,141.66517560189843
EK202310189257,130.38135489487124
EK202310177736,140.34466730602608
EK202310105312,136.5262132381004
EK202310242607,149.54145963376536
EK202310206314,172.39486104279808
EK202310125578,131.78496472822673
EK202310217187,165.8962997578548
EK202310239344,120.80167918749878
EK202310148598,128.4295702806549
EK202310211006,143.9555345934977
EK202310141573,151.8743205896051
EK202310208369,141.35347360330184
EK202310143928,141.94250864892487
EK202310149152,138.59515674537104
EK202310150945,128.3349426102755
EK202310158400,134.50066878392528
EK202310117629,138.56242468163072
EK202310104031,146.79663090237707
EK202310110083,137.66338134949223
EK202310178368,145.98434736773854
EK202310119686,143.294293256813
EK202310143618,155.85632450842053
EK202310120487,132.55904106876326
EK202310219395,135.35425568971434
EK202310112376,140.0361392491141
EK202310201306,142.92606735329935
EK202310228811,170.19932911311338
EK202310171144,137.1309316554019
EK202310196110,155.40496543625463
EK202310115076,141.22078339308675
EK202310106850,123.36601193771419
EK202310224133,138.0313797098752
EK202310138595,132.64998131316023
EK202310197537,148.12909646573087
EK202310190665,146.3752563133565
EK202310148759,152.8997478072422
EK202310243283,139.21996520499212
EK202310159395,163.31404513327337
EK202310114620,143.4648918197975
EK202310111786,150.3269622680948
EK202310179340,135.396190168656
EK202310246360,142.22424386614765
EK202310165546,121.31778430864894
EK202310231626,133.20157008430266
EK202310154298,130.18395793637802
EK202310234468,130.33569495547727
EK202310216859,175.89689892964174
EK202310159904,153.89731128635816
EK202310122874,136.749639386951
EK202310226448,134.25899583257922
EK202310109658,139.9083098047252
EK202310248327,144.27275972849614
EK202310240275,127.98936503885389
EK202310160292,117.99424008245795
EK202310130749,130.17277668609898
EK202310208708,134.94908585732054
EK202310184600,137.3994396893716
EK202310136202,135.53441266431446
EK202310118993,144.45015198818027
EK202310135570,157.89434941165786
EK202310144234,140.70111579886205
EK202310232831,143.71516439537575
EK202310190714,129.18783852354233
EK202310237590,149.40868048793484
EK202310105068,129.28373716403055
EK202310233087,127.06363157230828
EK202310174797,146.3187104334702
EK202310241325,157.7152165318983
EK202310003548,143.02688755257876
EK202310226491,139.34728965600618
EK202310111356,128.64997340930412
EK202310246019,138.02568335437033
EK202310104422,126.58422252761827
EK202310140919,132.36164838146146
EK202310247367,142.4511015650064
EK202310108141,138.07302617298296
EK202310202875,157.95927118270845
EK202310132953,126.6096077643243
EK202310163551,144.92178092650747
EK202310155719,137.04010594625763
EK202310128169,150.53202045007538
EK202310227798,135.07342225757162
EK202310112895,150.19824101018838
EK202310110637,132.28298312378251
EK202310111099,148.73399841269617
EK202310160891,139.77301985291743
EK202310174833,141.4970636694824
EK202310133014,129.9457945242831
EK202310229258,139.19061424600542
EK202310191591,144.82535486391666
EK202310190178,133.71238943451482
EK202310227882,142.7043161619432
EK202310248423,138.6008815497919
EK202310199669,170.3155243163342
EK202310178419,139.09183988404126
EK202310229489,125.55751054762338
EK202310109158,156.68104718705834
EK202310167700,138.06043812617983
EK202310183769,144.82348230782586
EK202320007189,173.44330960726765
EK202310119946,137.82808215920275
EK202310171685,170.25313289342142
EK202310237171,144.89407035525323
EK202310114451,134.3996582144274
EK202310200193,137.83443140911078
EK202310211187,126.71805804852484
EK202310163649,141.07170689065435
EK202310128906,140.96983555856457
EK202310155349,150.9990843147687
EK202310226103,138.20059762997386
EK202310130867,132.6878748653984
EK202310144735,139.62243976153763
EK202310131002,131.17872737991547
EK202310147837,161.14465974131824
EK202310182788,124.26730972682554
EK202310130743,143.24247821166134
EK202310195554,150.54639528102092
EK202310111296,148.3609009486077
EK202310109329,140.02040347058409
EK202310003505,127.85272280528554
EK202310182130,144.41387840311003
EK202310158028,154.1524785402242
EK202310156165,141.43746761780096
EK202310210442,136.55513019647412
EK202310182184,151.1482934502262
EK202310198996,135.6442496940079
EK202310141171,128.11528613128942
EK202310223224,139.8949532948981
EK202310186527,136.67689781974067
EK202310155114,160.82108374794055
EK202310176069,160.69357952180235
EK202310129120,146.07913108906098
EK202310189707,130.8015288312189
EK202310116275,136.76398968661204
EK202310208833,135.82816309914833
EK202310197309,149.6959852794457
EK202310213895,147.6782497625176
EK202310208737,145.68294899478175
EK202310200447,131.2558976562126
EK202310152283,156.26646037644485
EK202310220449,142.64986902335954
EK202310110949,135.06171554987603
EK202310209106,142.99257389418625
EK202310223835,131.9713783957462
EK202310230881,143.22505470754172
EK202310122186,146.61200298346364
EK202310170304,158.36048185186965
EK202310193993,150.93233725450924
EK202310141761,144.99112217617576
EK202310127568,121.37603966870716
EK202310128895,135.0703147941896
EK202310228433,136.94024448986008
EK202310118632,138.62535059377578
EK202310104226,136.82808180318725
EK202310164491,157.013537855828
EK202310216438,138.0161535379594
EK202310214077,168.27715386928
EK202310247400,168.16309342536366
EK202310174422,147.3037590143889
EK202310122877,140.64998019632554
EK202310128301,161.38464550909586
EK202310121029,136.85507338160858
EK202310156904,132.88398121613938
EK202310228463,143.68505385145443
EK202310197399,136.5574603607662
EK202310210314,139.53320244455497
EK202310114247,150.2267995019378
EK202320005931,170.64980952101521
EK202310129928,142.99826981817512
EK202310213491,130.52729317460393
EK202310117524,154.75341250537855
EK202310118755,132.70985433109058
EK202310184404,129.6193392590636
EK202310227256,118.96950098212612
EK202310179166,148.41247712509207
EK202310136432,144.96747572555336
EK202310176274,134.28434915739257
EK202310151297,141.3447937841035
EK202310125109,136.7947154957271
EK202310116780,128.83307665551388
EK202310135569,139.47862940364368
EK202310134565,137.71895489064693
EK202310186448,140.05999371796673
EK202310178115,133.36680410573967
EK202310113148,162.90989106943363
EK202310228489,128.34614497506934
EK202310179723,139.1911377632778
EK202310157269,159.88660109046486
EK202310199275,132.65668626595587
EK202310233646,145.00577378073075
EK202310154900,144.27795816559356
EK202310140705,129.41075410274865
EK202310148303,120.02998194667498
EK202310216595,131.77256191302433
EK202310109916,138.8033674835929
EK202310115675,131.22200264396324
EK202310155830,135.3151028238014
EK202310218005,139.03932286843303
EK202310141563,146.1134447270597
EK202310228213,171.13084090768703
EK202310212791,132.0082965818656
EK202310194782,162.96881412884684
EK202310231645,132.17538367044457
EK202310241926,154.0541425180573
EK202310210213,129.2180367063568
EK202310134817,127.64899378988841
EK202310133386,145.11977342106076
EK202310142531,156.0917162343896
EK202310187663,153.8107998182745
EK202310117777,124.49038069547005
EK202310158245,120.3404662699178
EK202310195137,158.17780010831046
EK202310142488,156.6773981622228
EK202310187991,134.6004251500248
EK202310150662,137.83601190072156
EK202310217688,135.89524435177245
EK202310179171,130.27893480539916
EK202310127405,142.0732475845434
EK202310135392,157.95179893720254
EK202310171859,135.16720092907596
EK202310105858,134.68218636582404
EK202310158319,169.0440256975537
EK202310230414,134.04402299289134
EK202310118707,153.7728555859528
EK202310128139,145.64021894365683
EK202310186693,161.8738621279687
EK202310179495,162.6095914232924
EK202310199992,139.32520624179503
EK202310107900,143.55027014519715
EK202310139759,133.84563671952364
EK202310109278,138.35456204978854
EK202310126409,123.61098650161688
EK202310207784,137.00982472317517
EK202310236292,143.04636592843838
EK202310154556,129.16034600649863
EK202310134873,135.2981596978137
EK202310132640,137.37749312083793
EK202310228961,147.42781679686513
EK202310185810,149.84603967358603
EK202310149986,137.75357142476958
EK202310131518,135.9837256742612
EK202310121880,134.59276727452138
EK202310191180,166.4935792699774
EK202310177003,148.4105509603189
EK202310215011,171.9094767271737
EK202310146470,129.29175930948958
EK202310200272,136.03079894771093
EK202310172780,132.8397838416997
EK202310225929,130.34137258429982
EK202310145639,137.04604005208378
EK202310246707,131.86434858227278
EK202310196529,128.5670565294686
EK202310232839,146.6411898751912
EK202310140369,134.34083630453887
EK202310141325,140.96303587536048
EK202310151532,174.14718039215242
EK202310217721,134.24795260509083
EK202310189960,167.5454393983268
EK202310132726,135.73916171353866
EK202310182587,137.43061698322595
EK202310216789,151.21265830084604
EK202310187849,148.66170923306947
EK202310234305,143.29916469578
EK202310142640,136.69602157165647
EK202310211367,143.910895711911
EK202310237820,135.1331145730807
EK202310128311,133.95982549752313
EK202310234908,136.01239624602272
EK202310104928,142.94360370912725
EK202310124402,130.61456149288708
EK202310170954,120.35008967679032
EK202310238908,133.67596081706003
EK202310138176,133.8735349705928
EK202310150598,166.32103600615432
EK202310108952,147.4339191223954
EK202310147721,127.88689171322352
EK202310164148,140.62252945694556
EK202310164879,136.5679268480465
EK202310170715,147.31658154635764
EK202310169418,140.88085796572582
EK202310133466,135.9359409667831
EK202310133903,128.15838009397712
EK202310204671,153.87435791207847
EK202310156209,144.49265141334575
EK202310243873,130.53802739077258
EK202310134929,137.22779948925955
EK202310216695,135.40832474219206
EK202310158237,128.6768847784613
EK202310194292,136.62760308838196
EK202310103856,152.2884876574725
EK202310126627,157.34696923743817
EK202310121161,129.05546021312475
EK202310191392,132.71047176536166
EK202310245531,125.97522507594171
EK202310126763,128.08762121585508
EK202310161498,154.99061515860944
EK202310112456,160.82580038385552
EK202310191483,152.6658183403464
EK202310140746,137.84707141997936
EK202310175247,132.48810746791742
EK202310112978,132.84208751258174
EK202310115781,124.18266566137562
EK202310150028,129.07597915367992
EK202310204581,154.26376866439367
EK202310137480,139.60864942011568
EK202310191514,135.52523374696173
EK202310201678,142.44103941560803
EK202310117265,138.55881899898608
EK202310112369,130.73873595785813
EK202310208647,160.6561777421394
EK202310142602,120.57927295646874
EK202310113073,135.51529013653982
EK202310149092,127.7339047541713
EK202310162989,134.474928838346
EK202320006610,157.18365894643674
EK202310177443,129.26840769243765
EK202310104850,121.663033532216
EK202310126368,127.39590791872372
EK202310248204,138.53465811827346
EK202310190956,144.4408843868951
EK202310110980,132.41165460386796
EK202310154273,148.23093765186172
EK202310242223,150.44543555045402
EK202310117698,127.9272111868834
EK202310195417,150.36839673225262
EK202310145942,125.7981342953733
EK202310152887,163.78482277751579
EK202310169297,156.63011840055788
EK202310221863,129.30584076715687
EK202310199131,142.66762167165646
EK202310185529,144.45252512619004
EK202310113311,132.91390391352653
EK202310209762,139.3587702871523
EK202310164806,133.05953042906734
EK202310134642,123.03636902438815
EK202310146968,145.91917889664455
EK202310107027,132.15788483303697
EK202310226716,143.34664411600335
EK202310243795,139.55077832995664
EK202310138740,140.76911826720456
EK202310144607,128.98507851404588
EK202310244471,136.5077212713025
EK202310159052,154.75834706303758
EK202310123055,137.7322497739437
EK202310113885,135.8273407096907
EK202310199531,138.66612118540613
EK202310236118,129.42189032416724
EK202310137888,139.55722834658923
EK202310215531,150.3918995222869
EK202310185054,155.59712440694443
EK202310129573,133.81375260521483
EK202310163633,138.38530455004067
EK202310202282,151.55141534028377
EK202310143694,134.85225765971754
EK202320006080,156.17373807728683
EK202310232132,134.2003434038708
EK202310138363,154.38243461617537
EK202310193434,134.69560344006038
EK202310175511,144.4460266829192
EK202310133748,132.32459484846973
EK202310106718,144.17058061718498
EK202310188899,146.42077149005067
EK202310232574,150.79660095766837
EK202310212172,141.76473630641794
EK202310190446,113.9949686218909
EK202310113384,130.69001199650023
EK202310181368,162.76206770486468
EK202310003999,136.97078182614018
EK202310141115,143.45939592355938
EK202310109981,154.0691823687454
EK202310166769,125.64268116921713
EK202310138115,129.23026332483133
EK202310128203,166.23794450537525
EK202310206649,135.06997713646734
EK202310110780,144.25808627084882
EK202310240635,136.62899003751318
EK202310190614,143.4645874253392
EK202310129881,146.40679810061226
EK202310127835,122.04883988001633
EK202310121093,120.74018281365592
EK202310150408,128.0069388892983
EK202310164894,141.29560778433893
EK202310109584,133.25909089601697
EK202310173464,141.58449053823318
EK202310204837,150.28637538646888
EK202310152348,166.17566296097706
EK202310164097,143.4341462962375
EK202310127163,147.27149864724979
EK202310244695,154.39190051278317
EK202310229812,148.02887515498924
EK202310134538,137.6726956741532
EK202310210536,156.39124678049566
EK202310140667,161.63200937881288
EK202310141775,150.1483661261726
EK202310214180,136.79533057613074
EK202310164023,136.86642668254194
EK202310173588,137.91740200695503
EK202310170905,130.33082444147837
EK202310114396,147.56232328441033
EK202310183841,145.81106774152894
EK202310201453,149.9837371136509
EK202310113439,153.47111226771602
EK202310238212,125.590797129074
EK202310127261,144.60244376704057
EK202310238188,138.64983644022197
EK202310206294,159.37531756496242
EK202310144833,161.74548039625358
EK202310211732,133.02108408641388
EK202310224752,162.5736175513849
EK202310193699,162.86676196964748
EK202310143520,147.9359453610961
EK202310115211,133.56332960572408
EK202310164360,142.0445464508433
EK202310117381,128.37490529460146
EK202310229483,136.0363773175262
EK202310188649,146.25029416332197
EK202310200724,150.8903119300889
EK202310144431,159.30321949038168
EK202310133572,148.18998121081563
EK202310208802,131.09707907437803
EK202310248659,125.98219826899016
EK202310131585,133.84611551331278
EK202310233777,161.5403043710253
EK202310129212,128.21865472912626
EK202310155799,160.3449428477186
EK202310229572,138.6038715549914
EK202310128875,129.86681144082092
EK202310148223,153.29484674261806
EK202310142900,159.0510859451025
EK202310183384,158.12198233101356
EK202310111421,133.30515335747538
EK202310212086,140.70945131762676
EK202310239476,120.92088351545488
EK202310131957,161.56268988616372
EK202310204264,170.85673086180572
EK202310178704,154.3255556755645
EK202310227864,123.83010365523553
EK202310169538,122.76936484178059
EK202310173784,157.37030627574802
EK202310216416,140.81815573323476
EK202310196443,157.2540974535156
EK202310214690,150.4438608227068
EK202310224533,143.98566421132963
EK202310171089,155.69506338816697
EK202310213256,146.02878849552363
EK202310136488,139.7084572347237
EK202310199625,148.98520945112364
EK202310171589,147.30059866677203
EK202310226351,135.52105029933327
EK202310106984,146.765865714688
EK202310212070,127.58744718137324
EK202310183076,151.6918901625947
EK202310232081,125.1810460023918
EK202310126981,133.72094544072974
EK202310154523,142.02958445702652
EK202310184085,138.86223553756938
EK202310170300,160.88155849853692
EK202310218531,151.43975372801637
EK202310206452,155.79736910252234
EK202310004184,135.02832548753145
EK202310177618,120.36867930524501
EK202310222352,124.03564262274224
EK202310106506,132.8814625438877
EK202310186819,141.31213426432313
EK202310140723,130.709061862943
EK202310238611,131.17363643127186
EK202310120555,132.33287719485259
EK202310147094,134.54145611622516
EK202310155462,147.89140499765566
EK202310105723,143.84702864419435
EK202310136398,138.32562008963677
EK202310233819,141.92730625828332
EK202310133289,134.7518211245494
EK202310230003,130.51649241209668
EK202310144991,152.1999528430842
EK202310172964,153.5968101073897
EK202310238178,165.34053144537882
EK202310126938,148.4958178277017
EK202310231506,129.93413122860622
EK202310190088,135.04886134777658
EK202310172578,145.62266331155558
EK202310153732,138.52489805190717
EK202310179604,133.51966306218242
EK202310129682,127.0502606548538
EK202310143507,128.38392515512044
EK202310155560,143.69386205339106
EK202310127202,159.51349609316097
EK202310143252,140.57300001026005
EK202310217653,124.27562717266632
EK202310173062,170.13378694258066
EK202310105294,135.89329633863437
EK202310117821,124.92457270337314
EK202310215199,128.99671223642414
EK202310241483,134.46724567518865
EK202310174150,153.80216680906528
EK202310219893,159.48072802543385
EK202310219552,138.02329510399463
EK202310136028,132.03938516988157
EK202310225636,132.55750338780118
EK202310150738,155.8604244653226
EK202310176837,130.4707209645165
EK202310172368,141.2318131408491
EK202310184904,146.38687907512585
EK202310191265,155.12531311825902
EK202310144201,136.4492759383884
EK202310139926,129.55311295574018
EK202310133343,147.2303146234762
EK202310193942,136.93663879776582
EK202310181626,144.44066412486188
EK202310138065,128.76577450061004
EK202310175111,139.69480168524098
EK202310242001,145.47796626007107
EK202310160431,131.98428060311375
EK202310169578,140.5674501530197
EK202310137385,140.41606746995515
EK202310136468,143.8134703087877
EK202310158374,148.67569107847245
EK202310108318,143.93669475511177
EK202310122270,137.02053518945036
EK202310144491,157.35869013750664
EK202310123031,136.20944199302258
EK202310155418,137.4464032021441
EK202320006341,157.6518729788605
EK202310110341,129.57480609627086
EK202310103961,146.63323060367026
EK202310003695,166.92103220862512
EK202310200040,131.86927649918667
EK202310119278,174.63929185997762
EK202310174626,160.3803433298425
EK202310153937,137.1831824827469
EK202310189548,173.6928001817107
EK202310149005,155.5055407615243
EK202310184006,161.31657768751285
EK202310129614,144.5141887337587
EK202310178276,151.84855001080837
EK202310124293,144.8493287364267
EK202310199434,147.70456143175917
EK202310111178,148.85752381259428
EK202310143329,160.13108162846726
EK202310229141,138.15999769793453
EK202310225446,129.0332883802023
EK202310133140,159.33125530840263
EK202310204388,128.12798827243182
EK202310127528,137.15169347101738
EK202310175944,132.93016655685088
EK202310205185,150.137927519413
EK202310220142,139.75033596078026
EK202310188984,129.30462727058955
EK202310117484,166.06257769884823
EK202310222387,140.28934559219442
EK202310238376,142.0358129828119
EK202310190275,165.3963518123422
EK202310127517,139.07048939103217
EK202310148647,152.76775779185635
EK202310144619,141.78903466343212
EK202310172144,137.37851965359042
EK202310105902,140.61853293969082
EK202310169293,132.42334449127793
EK202310231168,135.9064145074305
EK202310147200,141.87491125577353
EK202310193258,134.10829093603223
EK202310134686,155.55168489562374
EK202310184958,153.02780713224146
EK202310172029,149.62222604412665
EK202310199176,128.79070723535818
EK202310232628,131.29442441195332
EK202310230800,130.24037005281346
EK202310169188,145.20286235590825
EK202310143652,149.3592859533117
EK202310210776,136.25855976588943
EK202310243268,126.61762816860914
EK202310219929,141.83749171425166
EK202320006873,148.13043126902997
EK202310142750,154.44138057648752
EK202310105033,143.3243967584281
EK202310171957,151.4033327018894
EK202310167819,148.78017143649242
EK202310224575,139.42357816815237
EK202310218984,121.12547216836978
EK202310148378,166.70039298660365
EK202310124296,124.94382856949626
EK202310153505,129.75860958699795
EK202310202475,170.92782246848424
EK202310105768,150.80214556665177
EK202310155150,148.5926482931536
EK202310131403,136.26734410855553
EK202310236965,128.2795636235181
EK202310128158,150.22606283853924
EK202310244898,149.88445570539676
EK202310168438,170.40356708890369
EK202310191063,135.13117284507123
EK202310247883,151.6690033176022
EK202310144879,127.80171175868784
EK202310248004,168.47389042605676
EK202310129311,166.5735610163998
EK202310159341,138.0984520012635
EK202310186599,135.8661710136469
EK202310003714,163.60443003352546
EK202310141937,142.14173001813012
EK202310141516,139.48561531639407
EK202310211399,121.78725614208142
EK202310133332,134.9772190030353
EK202310245637,145.97192099590993
EK202310195191,128.04163995087234
EK202310120028,146.1034891457501
EK202310238137,139.60165466746685
EK202310155822,150.91760172328955
EK202310178814,153.93642507894478
EK202310117251,139.30687614296667
EK202310134938,165.26489864374045
EK202310209690,138.48681894970815
EK202310203758,138.81033096265608
EK202310115669,137.26529866308172
EK202310104134,134.5843407173127
EK202310145861,124.94939466890273
EK202310150671,130.65880234891958
EK202310240589,136.98392350825338
EK202310212301,134.41219341583349
EK202310142614,146.47905354902153
EK202310141457,135.90972936836565
EK202310245972,141.68018984887485
EK202310150051,169.80256249646703
EK202310170670,138.64791422668688
EK202310211033,143.06905841706427
EK202310206028,162.5488423940043
EK202310116009,143.35791350085913
EK202310119459,137.54291082387434
EK202310205201,136.81468234303495
EK202320005999,163.6161792462198
EK202310137068,137.73677352208253
EK202310125205,143.36433087007572
EK202310111843,135.34430747187426
EK202310155744,150.53675383434265
EK202310189271,164.29339409513065
EK202310200042,150.56419910673674
EK202310234396,132.06669891977046
EK202310203600,137.90049087547138
EK202310206171,142.53611896212732
EK202310206072,135.950059571728
EK202310163819,152.6762786608422
EK202310241837,153.3031260706424
EK202310122958,133.003028229094
EK202310143934,153.65343615307373
EK202310108166,146.25098038717232
EK202310157169,160.9045628379155
EK202310152923,156.40053547442147
EK202310194312,134.9494135504329
EK202310176406,147.96338040304613
EK202310150358,155.97786562297435
EK202310219917,140.79288426301105
EK202310196050,130.99240066241515
EK202310199317,152.4924847433885
EK202310214061,151.81412635896646
EK202310122593,139.53432515200512
EK202310244955,138.4402352258283
EK202310156822,148.61505605710786
EK202310207476,137.79333703685927
EK202310158934,139.31304988036433
EK202310201930,146.39824522699968
EK202310119122,140.3128789499659
EK202310196169,150.74309607215278
EK202310201449,131.81733175411856
EK202310130630,136.30965911429527
EK202310216667,145.29604670173
EK202310109941,122.01513977346282
EK202310200400,141.14868642160283
EK202310137456,145.22223331848178
EK202310196853,137.1671768323442
EK202310215704,140.9362185432946
EK202310135405,133.3003786265945
EK202310169616,127.07309180175842
EK202310216148,139.87284340226594
EK202310243354,128.66002035417725
EK202310228967,141.2779068127567
EK202310243234,146.60752568826757
EK202310192532,162.26539702518255
EK202310214813,143.38732278949195
EK202310104914,136.89923498852733
EK202310153816,137.81783647383338
EK202310202614,134.25310522060263
EK202310210862,151.57944512234423
EK202310170135,135.2961638796428
EK202310188088,140.2310223914953
EK202310221249,138.58928695324036
EK202310232182,130.43763512724013
EK202310185589,136.7064555625734
EK202310220140,155.12998300518422
EK202310151225,139.4533939467325
EK202310120905,161.9392762722633
EK202310125281,140.90178754913407
EK202310129594,140.34541449180276
EK202310131652,134.79098531218423
EK202310178780,143.4640332174443
EK202310199546,148.6861213180831
EK202310184333,134.08139124656995
EK202310129518,144.04690677197914
EK202310125847,142.9591922612627
EK202310146303,151.7921054165864
EK202310175806,130.66524633411532
EK202310220347,148.35511802380958
EK202310225734,139.74597031379517
EK202310240284,132.33817961061723
EK202310114155,143.67957794505458
EK202310208667,125.32078670792939
EK202310247128,154.89150293343022
EK202310218283,138.5357188429338
EK202310227443,139.16858545674276
EK202310157358,143.46560209155047
EK202310205155,127.3627686351232
EK202310189640,157.279515220601
EK202310219047,123.28568213894944
EK202310155307,125.20254835088805
EK202310190346,144.38194544725334
EK202310186825,157.93165455385898
EK202310203583,156.1870633705249
EK202310122872,124.380754877213
EK202310223579,151.18933135112155
EK202310134595,169.5684982413189
EK202310199315,134.11280917885287
EK202310197280,131.54893139371546
EK202310105445,143.7358907902429
EK202310170127,132.52084432797608
EK202310124087,130.6059769863692
EK202310186812,142.25441763627873
EK202310175470,147.69853208295478
EK202310178249,152.80726773726437
EK202310246428,124.53423954902556
EK202310206906,151.51498786258995
EK202320007523,178.48188973592244
EK202310106696,121.68441683729894
EK202310139497,160.23045271586273
EK202310135104,131.49413445797174
EK202310165444,147.66506754603986
EK202310150670,152.15741502118377
EK202310141326,140.32709675658973
EK202310206479,128.07680550220894
EK202310182003,154.64847971031756
EK202310240148,157.34203032447084
EK202310246934,153.2333889987891
EK202310157908,150.63585491209514
EK202310233790,138.429999100707
EK202310227231,137.6385702733759
EK202310104197,132.77245733357526
EK202310003919,138.376851431764
EK202310134161,123.79336650905464
EK202310132637,144.71785865976
EK202310112692,144.2511776143282
EK202310004804,121.42073410385525
EK202310188449,139.05715833800198
EK202310161514,145.34656561364378
EK202310121257,135.96207690805127
EK202310165460,168.5283187891082
EK202310246582,137.42597811025888
EK202310182549,146.42211006739433
EK202310153021,162.9004396129178
EK202310155857,150.07589238875372
EK202310112710,134.1167967913294
EK202310193527,134.1971320500141
EK202310210851,129.78699311066907
EK202310166991,141.1117074768545
EK202310153617,145.04256701441608
EK202310162029,153.79527598827994
EK202310150898,145.59519205604653
EK202310119566,138.85518871854856
EK202310172046,155.23058792452585
EK202310113364,153.59429840520372
EK202310104697,157.56258432113566
EK202310110438,139.3600644519977
EK202310139792,134.11983115651262
EK202310108044,132.03031248209095
EK202310191154,145.00898224610046
EK202310162199,136.44020365153355
EK202310159050,129.5770544597714
EK202310127404,141.3534433539788
EK202310216583,136.05801739780517
EK202310233658,139.8147699443963
EK202310141492,140.0216314850791
EK202310203883,128.5294979939812
EK202310219043,163.1072532001139
EK202310145653,140.9508180737979
EK202310228503,139.53754030098833
EK202310179347,139.95138243428406
EK202310132009,143.38562418004432
EK202310212361,132.18676155250404
EK202310124879,133.6250199811075
EK202320006785,161.94064061135373
EK202310245990,135.2622799756307
EK202310177823,153.24335052376128
EK202310229376,133.9859313189556
EK202310181146,138.04941293423352
EK202310201989,122.10833440462078
EK202310192148,142.9978643729604
EK202310185865,134.33406914776154
EK202310149322,142.9831085040443
EK202310154759,143.3979797914264
EK202310142366,141.6593081825847
EK202310225136,157.38759346707687
EK202310140657,143.36258685336614
EK202310181056,138.05877366752316
EK202310147652,146.38432722883243
EK202310195069,143.05940008089357
EK202310186330,150.2009148559153
EK202310170880,139.17588756078032
EK202310104902,134.1885345154183
EK202310137021,155.67848562919036
EK202310112219,137.1632748480406
EK202310114567,141.50349558390957
EK202310174050,152.22698276086481
EK202310146459,138.55533735268776
EK202310125401,134.66634653639568
EK202310232042,128.82462175931508
EK202310137842,131.95149038785667
EK202310235166,128.04113531899608
EK202310123303,131.4796902401341
EK202310204672,155.52657455725023
EK202310147206,147.15962058763466
EK202310165103,168.13644677896997
EK202310246536,159.34071727870034
EK202310204665,138.87329006999417
EK202310139971,158.64424307588982
EK202310230726,129.9456827678455
EK202310217044,129.25695505372386
EK202310175720,137.81655020886743
EK202310208548,121.6374330464459
EK202310213825,134.35672752770625
EK202310196825,134.1141677583135
EK202310117004,131.6564169074908
EK202310164666,145.82720328589585
EK202310195792,145.21432358879127
EK202310195121,151.60155238530461
EK202310188217,149.32407312010082
EK202310178996,123.84780394886393
EK202310107580,139.79357696229602
EK202310163974,149.8872866684537
EK202310237799,132.39646278821112
EK202310232053,138.7865411636575
EK202310178319,152.9191262146412
EK202310126202,126.79125291054417
EK202310227911,137.06714324917166
EK202310109084,131.2301340773462
EK202310143067,151.51162416868374
EK202310206930,146.09454125301588
EK202310201884,141.52073955925675
EK202310130641,139.59845792482324
EK202310157121,161.2979136634339
EK202310220877,129.3000092712845
EK202310149540,149.85494068519537
EK202310169600,132.03220775262338
EK202310163175,156.04722237720938
EK202310106277,142.62422241225997
EK202310209667,131.2823831508159
EK202310119877,125.4641835436698
EK202310204499,130.44297164706686
EK202310190780,153.74491866426195
EK202310115565,146.67823531605612
EK202310195056,139.47950334697126
EK202310111373,154.8003221938226
EK202310161299,145.9359373182166
EK202310245424,143.770041932091
EK202310246906,118.18895985489034
EK202310120316,148.86524835685415
EK202310144965,139.77611963555424
EK202310211133,143.10746385308366
EK202310167406,156.24049585307955
EK202310162901,139.9608305098348
EK202310107075,124.85424831105767
EK202310140916,155.5342416683325
EK202310143120,147.35392693460122
EK202310114506,128.65912781877785
EK202310175480,153.73658469288708
EK202310118790,127.1100094086702
EK202310169280,138.12189009279606
EK202310129297,149.86013805416198
EK202310198282,134.90439551096784
EK202310240512,137.96995652255802
EK202310192236,145.40335789341574
EK202310177577,140.59841150102616
EK202310161068,154.65973067088595
EK202310111934,131.22597631753885
EK202310155260,137.19726728645148
EK202310124483,135.6491032065256
EK202310155315,136.4894420417352
EK202310123325,128.23037880540565
EK202310149045,159.87721835382249
EK202310222163,130.15106503053957
EK202310108935,134.92256071504139
EK202310188397,138.1750170877047
EK202310110895,139.71388162288608
EK202310146042,134.49629320794676
EK202310116291,132.82219019503944
EK202310214128,156.44359316611397
EK202310122572,130.30512209306355
EK202310246206,135.77294235486514
EK202310190227,142.37385392122604
EK202310137442,136.93647042452287
EK202310240613,140.32224390810916
EK202310171036,132.201366456381
EK202310165619,172.37090118739326
EK202310135508,157.93174888852025
EK202310203859,129.39661606859005
EK202310208937,130.15333817510106
EK202310190964,138.19632079163867
EK202310157232,138.38364649805138
EK202310233329,133.68548696395672
EK202310004857,125.96317883285681
EK202310114112,160.22147923124905
EK202310231381,138.67062727744403
EK202310183273,145.70179665444377
EK202310198133,123.936248002184
EK202310243118,126.24514069284196
EK202310179772,162.6462279165205
EK202310177045,135.16157307994794
EK202310129608,142.60343251408975
EK202310146699,140.1617583139603
EK202310118550,141.02291014772888
EK202310236716,126.34841324436566
EK202310225924,147.23815788506244
EK202310137908,122.12409058702595
EK202310136472,151.89457274416017
EK202310227498,159.12287381109888
EK202310197540,160.45403431558879
EK202310177606,141.11427376101878
EK202310233230,129.11428108814837
EK202310129471,141.14652052751106
EK202310240950,127.89098434706078
EK202320007590,151.14151326399826
EK202310163887,151.0768030289183
EK202320007425,163.96187090701815
EK202310127560,159.50865756232767
EK202310155824,141.34441200541988
EK202310187346,133.58302823976356
EK202310200413,146.63916689790972
EK202310185717,145.073664796523
EK202310217975,123.29627842938375
EK202310216468,145.85766410503587
EK202310201451,146.62813329746226
EK202310187386,141.81862284884397
EK202310113263,134.31404545417894
EK202310129498,131.70635299979207
EK202310168744,145.8848315982348
EK202310142626,148.97676816589953
EK202310190880,160.7568159045963
EK202310131573,144.3409515099583
EK202310220638,137.86404249145784
EK202310207069,156.37330523064048
EK202310116824,137.3413239953121
EK202310231727,138.26314742341648
EK202310184770,146.22758012666162
EK202310197350,150.81602660497552
EK202310147966,149.74683082771986
EK202310160556,154.08707073554612
EK202310242942,127.6432604376709
EK202310207659,145.83588804376916
EK202310189516,127.37495739320454
EK202310214218,149.65601423750505
EK202310105070,134.855542390574
EK202310218843,152.30712544732594
EK202310163176,167.06210650464175
EK202310109656,136.7506083701014
EK202310004202,128.81144400065452
EK202310203545,159.6173481104068
EK202310153518,123.18113095466825
EK202310119723,143.6521983558251
EK202310122303,138.6841367466601
EK202310113636,148.5836166904363
EK202310216948,124.48779451891082
EK202310154167,133.06500014115318
EK202310122355,133.09395241293416
EK202310150417,129.21176740351805
EK202310218226,137.07443090253778
EK202310191370,123.78216717589629
EK202310146010,139.47778973890138
EK202310242320,138.08574476191714
EK202310182162,163.5525085613485
EK202310129315,140.37471705972334
EK202310106705,150.41534590035315
EK202310240258,131.6562273564895
EK202310241039,162.87168129590899
EK202310204816,131.56586577353153
EK202310142491,143.8228037337907
EK202310200125,146.33498016293743
EK202310111662,149.68616088862652
EK202310141792,145.01863229043428
EK202310242215,163.28350160814648
EK202310227322,154.29883022645043
EK202310206010,139.60709664385533
EK202310220576,129.45943958359334
EK202310169744,150.82037703458764
EK202310236130,153.80859392455758
EK202310117603,134.56303133453548
EK202310164018,133.10598754273943
EK202310173758,150.10120283348954
EK202310169263,136.1344944127534
EK202310220742,136.25012172810375
EK202310234928,153.86906695786652
EK202310133036,130.09180443937447
EK202310134185,141.6802720304907
EK202310185530,146.60175006013438
EK202310218330,145.86593890596663
EK202310220164,132.47833726315338
EK202310136625,134.54986831064315
EK202310190327,130.82456840173387
EK202310156810,125.95452026288986
EK202310235883,164.33102369469935
EK202310135135,157.57647503814212
EK202310232747,133.01054331246942
EK202310146074,141.83243927015062
EK202310170263,135.39173137050128
EK202310117439,119.38690436789716
EK202310155695,135.51004571596695
EK202310180749,126.70260500200722
EK202310165733,160.4894212411576
EK202310122820,136.35328948869994
EK202310132148,147.4895513569274
EK202310174037,141.4377350835137
EK202310116351,139.79202569761182
EK202320007454,166.48346352212496
EK202310126404,139.64841621147815
EK202310179147,122.16261311391989
EK202310119107,138.94020233597104
EK202310232208,126.64878482587945
EK202310146308,146.85104873260826
EK202310221836,154.9334834922798
EK202310241730,126.87846132322457
EK202310126972,136.0197568160077
EK202310190112,159.8061475426171
EK202310189550,160.1434717951945
EK202310167601,165.22146167396735
EK202310129178,143.97355642038448
EK202310208362,138.54134751694824
EK202310108633,124.85144919582858
EK202310119330,124.55468875701602
EK202310241595,129.8541199269001
EK202310133580,153.08117092415662
EK202310184140,147.2618361583657
EK202310243629,141.50360946783067
EK202310240837,150.69133066335965
EK202310133514,157.16524673352896
EK202310248438,140.86390652409492
EK202310144323,139.27643481943718
EK202310199263,153.5057367530495
EK202310170561,138.07771478113997
EK202320006441,158.72411887923576
EK202310156158,146.22951319978242
EK202310160966,127.82421017680252
EK202310170924,138.10809430209844
EK202310166196,153.1604502883337
EK202310180519,152.4033225919361
EK202310163021,127.64532031677207
EK202310217277,122.20892278828912
EK202310182542,150.89235623363214
EK202310187706,138.27878910275746
EK202310177424,133.48509794862883
EK202310116469,130.56525256198336
EK202310126864,143.07308113113538
EK202310171044,137.83102888858153
EK202310159422,144.7373175235308
EK202310126564,144.44009806180853
EK202310136978,135.27256183120844
EK202310227254,151.6782295712756
EK202310241407,138.4584985618826
EK202310151596,162.0125793792107
EK202310143155,141.9475231488773
EK202310003368,145.58734323441894
EK202310225579,146.01802746504995
EK202310142662,130.1276400135448
EK202310124623,164.7517785018624
EK202310117099,133.8091345056451
EK202310209488,144.38406269005958
EK202310218949,151.69977619055427
EK202310163688,139.94938327625738
EK202310233616,145.50616338822064
EK202310181063,150.32391591535267
EK202310122017,145.2127832369534
EK202310232279,130.3630689167035
EK202310188255,145.7440441564914
EK202310222087,126.72238083926824
EK202310235863,139.15809003640925
EK202310142201,149.138595590018
EK202310142028,135.60133214836702
EK202310105750,129.13574324378268
EK202310192986,150.25878117425043
EK202310183238,145.7959314735378
EK202310184211,136.5258897172367
EK202310114501,126.7740611417769
EK202310183815,136.86060060281775
EK202310239065,128.89326762189614
EK202310203010,136.2769368402309
EK202310119934,133.86319504408712
EK202310245690,140.08892565697175
EK202310228481,136.12568431293897
EK202310115026,162.7311906685026
EK202310227715,123.30515690391807
EK202310147211,147.2693038229654
EK202310112774,158.0957823330335
EK202310213753,144.89720066950488
EK202310115799,135.97671671961075
EK202310158491,157.05840816177022
EK202310224855,137.6273115562155
EK202310175378,154.126209773268
EK202310120852,137.06368979221494
EK202310115724,133.08776869564318
EK202310188278,138.98251117573795
EK202310218258,135.39951547242353
EK202310187357,138.0532399492371
EK202310170314,137.8270018560428
EK202310219875,139.14506222866535
EK202310198138,141.6745399603585
EK202310238879,156.64463375349325
EK202310179039,134.32303132577937
EK202310221294,121.69431498589027
EK202310181636,139.55388390533443
EK202310180030,134.0379955266337
EK202310188261,140.3763304199544
EK202310109627,140.83644599111017
EK202310218359,148.8269005176736
EK202310221160,127.5765400587768
EK202310210517,135.9358096134311
EK202310231490,120.02330751708801
EK202310142904,145.13178177207502
EK202310228183,137.70246400141306
EK202310190608,145.03991226086043
EK202310229652,143.30313634804617
EK202310201677,145.97281178784846
EK202310161948,142.4321155895529
EK202310164852,139.63525691334308
EK202310130019,138.96304320621363
EK202310137201,136.11453347877213
EK202310199958,144.11204854739975
EK202310168651,164.68498502933411
EK202310163750,134.44897128257648
EK202310164255,160.55162586184133
EK202310112200,126.80235836690552
EK202310226582,135.81671515448113
EK202310150983,124.7321366496131
EK202310117868,141.30951632111424
EK202310104519,133.34363917328523
EK202310112900,150.93506125760763
EK202310175950,150.64612826055372
EK202310132832,147.803296050333
EK202310177022,143.5242682952316
EK202310224847,145.5601236133997
EK202310220893,135.74125219352496
EK202310140282,148.05910051842235
EK202310140130,157.8215741846717
EK202310111884,128.3752580586694
EK202310169119,132.18442890328262
EK202310114003,141.91815930930915
EK202310204840,151.31333353861916
EK202310227423,167.9781750633989
EK202310243266,136.24776402086727
EK202310224568,140.30823267500963
EK202310129159,141.92216622163212
EK202310216851,141.92932846865756
EK202310173637,141.83895838779708
EK202310137694,143.1256039633086
EK202310224949,147.16784075971358
EK202310182755,161.38626602582738
EK202310121872,137.4298089552922
EK202310199590,136.14106202376811
EK202310237216,137.99341040075456
EK202310152666,144.64428839022307
EK202310119202,148.77704588919826
EK202310154055,142.0129409124296
EK202310131194,125.17014377817497
EK202310205515,126.02147958305974
EK202310226482,138.71479581626005
EK202310131717,143.5817635334041
EK202310116461,144.4307685073278
EK202310209370,146.84580227844512
EK202310112844,132.83332609509142
EK202310148195,135.4193060985397
EK202310205500,125.35260046919501
EK202310180785,159.308109657305
EK202310114659,144.79676877403176
EK202310206704,140.0019616601299
EK202310194100,134.89349611909918
EK202310192316,131.72070594814053
EK202310227158,143.8205859918797
EK202310210960,131.07922652869138
EK202310201569,152.31665417811712
EK202310208440,144.8578442384208
EK202310159738,173.15600206636404
EK202310167571,172.08610819431598
EK202310133506,150.51563237555803
EK202310206074,159.75644420484502
EK202310189737,145.92915643785204
EK202310168575,138.59077780117602
EK202310159786,138.86162402008335
EK202310241528,130.45459079933673
EK202310135551,153.15153003282023
EK202310154421,169.98638754641215
EK202310229939,143.10424158934723
EK202310199977,138.73639445553928
EK202310212346,144.0878382488945
EK202310240842,131.09928757517858
EK202310188648,139.22928744830713
EK202310204867,138.38542753411681
EK202310221803,129.75069308992244
EK202310216991,130.09259336830456
EK202310234267,135.53223134188738
EK202310164050,136.4053793717685
EK202310160606,138.97531421651777
EK202310163801,146.06851643267214
EK202310202607,148.33982115242162
EK202310211679,142.0896632444715
EK202310161289,134.369526046045
EK202310216723,144.94303750028595
EK202310241675,133.07138535296633
EK202310227693,150.01216973635567
EK202310153006,132.42934678368874
EK202310152517,147.1413157529917
EK202310119296,158.37232701530857
EK202310135167,141.13378094169698
EK202310129365,149.5269898342971
EK202310224938,127.03675526962053
EK202310246031,130.74731426104572
EK202310227934,147.60994842467494
EK202310155888,151.3321196090993
EK202310112003,146.98587825634814
EK202310110042,140.3044232371009
EK202310202481,135.9739575719158
EK202310119852,149.99700526905363
EK202310191910,160.64941036209046
EK202310208404,134.63820981982414
EK202310175620,125.43289927813147
EK202310162522,151.98469045744457
EK202310141148,135.72817067000597
EK202310173552,130.040486296859
EK202310235762,132.79735052327229
EK202310170630,126.6997291876633
EK202310215013,165.59479237160122
EK202310233350,125.95185122501455
EK202310189297,164.1527775923859
EK202310201145,147.62450076771793
EK202310128701,127.30585573465335
EK202310135409,128.90660714173563
EK202310117705,135.36248223095228
EK202310122677,127.90972892750766
EK202310193307,149.56420032638152
EK202310150126,160.81961651314552
EK202310203066,145.18723100812258
EK202310243263,162.66526423835347
EK202310147744,137.5499225332998
EK202310115839,129.06378685109473
EK202310120766,156.45825285090834
EK202310141591,145.05638723575962
EK202310171912,141.25649290411974
EK202310105341,137.30409854297437
EK202320005577,168.3048652615091
EK202310168922,145.5237341857377
EK202310241884,130.1336944194203
EK202310231171,133.87230508151285
EK202310160293,135.40609169515866
EK202310177237,129.1670967596556
EK202310003836,122.44479397438184
EK202310159624,150.57071733672544
EK202310201626,126.81215864227406
EK202310109032,154.258728452301
EK202310139930,140.92597619800952
EK202310004116,129.79053823397155
EK202310186841,148.58764017894194
EK202310118029,140.12466680245848
EK202310239323,143.43996949332515
EK202310204171,120.68118536866864
EK202310190000,148.69636996833236
EK202310220235,139.40210732655018
EK202310200517,149.95524001234298
EK202310124822,144.76397763335478
EK202310206677,153.11772226032352
EK202310173092,135.17487852171058
EK202310140031,136.68834984400098
EK202310118392,152.7777715822188
EK202310241116,143.94309223109417
EK202310162167,127.43403399957141
EK202310165764,134.73303070286738
EK202310109757,151.28730202836755
EK202310166993,152.58349851127394
EK202310178462,163.60819319682042
EK202310236406,122.78405189683791
EK202310168692,154.76639967858975
EK202310221373,153.11063236884627
EK202310144973,123.13323296884677
EK202310125785,135.5645445744074
EK202310187049,140.37562860829598
EK202310216907,147.4735055191034
EK202310129517,144.33101778898924
EK202310195530,133.3932640350981
EK202310177392,162.03445219621733
EK202310224171,149.04288678538717
EK202310195298,126.95163457315309
EK202310196360,140.11825379459705
EK202310197685,138.45009114340232
EK202310127212,130.93951421149728
EK202310194711,145.9962105186384
EK202310134995,157.0445276381408
EK202310215322,130.39813735690979
EK202310129156,158.18752939561492
EK202310194573,165.49549160474294
EK202310107850,158.36097204437183
EK202310224151,133.99784250734916
EK202310236621,129.54043374456984
EK202310240110,142.13316040152475
EK202310151137,168.65297650797535
EK202310245976,127.7798533552081
EK202310201981,139.9792281708367
EK202310128852,139.89553920630956
EK202310105479,134.58085274684274
EK202310134237,126.25207469769688
EK202310186135,137.76776399439493
EK202310126691,140.26226614035824
EK202310230960,129.42036971816745
EK202310167746,139.06430858502645
EK202310220451,140.68783794023892
EK202310187367,121.95916380199267
EK202310211918,144.98612130659518
EK202310218758,135.39459020041278
EK202310170030,143.0282623534767
EK202310182773,136.47559175797244
EK202310132214,140.18070368715274
EK202310004044,146.28158813316364
EK202310210481,129.89019579524197
EK202310233818,136.2301032356752
EK202310134772,139.11783339195622
EK202310190788,132.52419355195718
EK202310245891,150.13903238565132
EK202310152473,137.36877929470396
EK202310173468,129.53817164638525
EK202310134860,137.93434778035646
EK202310219927,140.70541349028008
EK202310242547,129.57273465352864
EK202310190542,148.26132232548477
EK202310248304,142.85304731924234
EK202310234323,142.67071924587165
EK202310116774,146.8824971041314
EK202310162192,135.8991139290125
EK202310200226,135.01860647992456
EK202310223298,129.8609355267829
EK202310131109,140.7107177072253
EK202310170422,132.92782625628877
EK202310247958,130.69548386908576
EK202310150344,136.51942952508657
EK202310186547,144.18737618540496
EK202310159511,127.6150899630196
EK202310107832,124.81013665340205
EK202310157429,142.02862306422674
EK202310206031,133.00850735239166
EK202310153162,160.86415969446216
EK202310246453,129.96230791475188
EK202310169465,128.1736059135098
EK202310127917,146.0457629982827
EK202310230060,137.26113933772774
EK202310115986,134.10348940343633
EK202310231341,138.61157717798147
EK202310207431,146.21559528063477
EK202310115427,133.92476837627828
EK202310148216,159.4778011246112
EK202310236465,128.8917253529991
EK202310214889,139.84831512402351
EK202310183344,146.20010242408733
EK202310115563,138.01633984297726
EK202310204127,139.6515367054213
EK202310148558,172.38177951704301
EK202310239253,145.4759869955304
EK202310223421,156.0730896630576
EK202310164157,133.09085138902685
EK202310191038,133.92718836106013
EK202310206653,138.96554360598915
EK202310189587,132.22242030618187
EK202320007832,154.19245130691024
EK202310107195,132.8606755214029
EK202310154834,145.67843308244443
EK202310225399,130.13729870646668
EK202310200244,124.87057312241328
EK202310181369,149.74851874636627
EK202310238327,137.6280634946671
EK202310119929,134.52015679030922
EK202310199445,161.72717748599206
EK202310167881,139.48811292698554
EK202310134304,140.2536672483433
EK202310206774,151.53109116162776
EK202310217924,143.32838145578324
EK202310114025,127.34894643257878
EK202310153648,144.16349820089067
EK202310168223,160.62454310007232
EK202310217182,154.63989612381275
EK202310228108,134.70532617476118
EK202310106503,128.00728632719702
EK202310132704,137.59866492351995
EK202310146469,135.93400895122537
EK202310190547,133.75581965763664
EK202310131045,141.87565211620503
EK202310120149,141.63854238788554
EK202310188786,159.83312900965356
EK202310164309,153.1589575273534
EK202310141856,126.83563775422822
EK202310174571,157.16017736818654
EK202310191248,155.28405429028376
EK202310228497,120.74591124552929
EK202310248650,138.7192401716203
EK202310003518,138.87326166345525
EK202310184477,136.13715988363455
EK202310177306,136.6858494249193
EK202310124268,127.01853734301731
EK202310207962,158.17391467945788
EK202310187364,140.45064743984753
EK202310188630,163.65255912939722
EK202310183825,173.17079368468933
EK202310228647,131.03372173962703
EK202310242814,134.45956340008044
EK202310190403,143.45166765295306
EK202310152077,137.3578671688768
EK202310127706,131.9274822009484
EK202310142346,139.84667492076153
EK202310140834,145.21661607529418
EK202310124143,126.5867499476372
EK202310158418,156.10924639087128
EK202310104315,143.478627166849
EK202310186057,128.99468383297418
EK202310175318,146.56757191573539
EK202310170196,137.36626551176727
EK202310222979,163.50704914120305
EK202310179579,128.19520073819868
EK202310131268,141.72959722532488
EK202310232636,126.753086302621
EK202310240941,138.8236375325364
EK202310162473,130.3761855931421
EK202310214960,132.5222673570435
EK202310158148,145.07192243316823
EK202310240646,174.23043394891178
EK202310190660,136.3220505601914
EK202310137900,138.3745095693763
EK202310105369,138.8947975445423
EK202310182640,142.98729182555522
EK202310222831,159.47718471569772
EK202310158111,156.58894453672505
EK202310137268,137.5640876927422
EK202310172836,133.42426549103033
EK202310130602,126.72873089521714
EK202310116478,121.45537923962554
EK202310176354,147.82740003840217
EK202310136605,166.0856593338537
EK202310120400,148.819663742862
EK202310138807,144.57474604023125
EK202310158128,152.65750160937858
EK202320007743,152.82662200953575
EK202310240290,146.28352920127517
EK202310176995,157.66912594919592
EK202310178489,142.53920747632208
EK202310125320,133.87147762507928
EK202310158248,150.99302218375558
EK202310115199,143.82516800051295
EK202310214342,131.03018250780644
EK202310164698,131.73080607171346
EK202310181281,171.71994156651076
EK202310105605,140.6594290597414
EK202310117153,128.11848088019158
EK202310169108,150.72644974226327
EK202310135565,133.00008046525073
EK202310176476,127.4386178145583
EK202310245673,132.53842564121052
EK202310200545,127.71896698556398
EK202310147448,150.45945699309715
EK202310195084,119.1656550775501
EK202310228420,137.4228367385528
EK202310136789,128.74187743453308
EK202310141614,143.74517588689773
EK202310151545,162.7212980365218
EK202310183497,143.66963834260682
EK202320005693,167.76703772482202
EK202310160617,159.9371748062831
EK202310207236,137.9980717170513
EK202310123254,131.50841304693316
EK202310131721,134.42916146899887
EK202310129551,136.84448015857356
EK202310125982,131.56480956678544
EK202310129231,131.00914463101122
EK202310237005,117.62187457075777
EK202310138431,151.6911306657173
EK202310107167,135.08482216357496
EK202310180405,130.89558134537296
EK202310185138,135.3750053339385
EK202310207362,140.83742785327797
EK202310188914,161.109511994448
EK202310157622,139.8703012220646
EK202310209933,135.34336651965623
EK202310191168,146.2335637735334
EK202310168227,124.82807282651477
EK202310211342,143.52498792362633
EK202310166980,143.58064960672743
EK202310206475,140.31522850032331
EK202310186567,130.69925502309326
EK202310227651,137.52337631945477
EK202310157161,161.69919340323878
EK202310171211,153.34396418640176
EK202310132575,123.95839223305465
EK202310135453,137.40005405264532
EK202310219005,149.19653539586676
EK202310186299,138.76739122051947
EK202310122783,151.36547926888582
EK202310112879,132.86714435630188
EK202310236548,135.1870608524658
EK202310156862,164.47117164057676
EK202310158283,160.91589846767056
EK202310220175,139.7624424367624
EK202310205692,129.54200186809905
EK202310104703,135.2299406009166
EK202310201863,121.02308994483305
EK202310175191,128.53680830533202
EK202310143809,133.42519331358653
EK202310228164,149.9095735320509
EK202310227395,137.74649171902158
EK202310170797,150.58119906719963
EK202310147520,168.21121839537227
EK202310241613,138.35269513143263
EK202310135976,137.31068237039156
EK202310248616,132.87492735001607
EK202310246754,127.86372509017177
EK202310197862,135.25048241601732
EK202310177128,145.90896951235905
EK202310232113,127.83106640786815
EK202310141746,145.17490470784008
EK202310168387,162.8221819468355
EK202310245345,146.18946723928323
EK202310209506,127.53494292147815
EK202310180792,156.4913535425714
EK202310230504,142.89928428069433
EK202310207171,157.05375434947194
EK202310123678,137.81030180360688
EK202310116185,140.17748654371738
EK202310237515,135.96085520308387
EK202310168029,169.05638150894868
EK202310226787,158.7707953533368
EK202310171773,140.39944051502042
EK202310213797,138.10381443465386
EK202310210449,133.67127667962043
EK202310200138,141.68427426954122
EK202310124561,143.4186031474421
EK202310104095,141.67236439296923
EK202310173838,132.48595592214835
EK202310188790,143.00388850234629
EK202320006026,145.8883877260983
EK202310175964,136.71357300150729
EK202310246749,137.0184104184769
EK202310211166,128.1809450732081
EK202310130296,161.17756860530707
EK202310133656,131.88446134400678
EK202310162528,153.34206704824211
EK202310232172,113.5686458419402
EK202310126678,137.44089662897102
EK202310175006,131.92133426103945
EK202310195947,127.83658282673936
EK202310175965,161.26743485840538
EK202310194000,129.93834346645593
EK202310109642,131.0460108938913
EK202310234602,132.56563299583414
EK202310216505,148.40579039698457
EK202310182057,153.25971149072146
EK202310205348,150.9350172287721
EK202310231919,133.40790576555355
EK202310143248,130.86816149149408
EK202310170516,135.4694664261995
EK202310228644,124.09624628700735
EK202310162365,153.6736593056553
EK202310221959,136.96838118350837
EK202310135830,131.7271946660928
EK202310132773,125.7601687436424
EK202310116452,156.86515951470878
EK202310125827,144.83086393947303
EK202310153615,142.19000786429106
EK202310104234,141.4445043519943
EK202310171291,136.57702031795222
EK202310143530,139.8147075263475
EK202310199377,135.53615290736127
EK202310148675,132.52432822778925
EK202310136051,142.58837660907264
EK202310108210,139.31853150498947
EK202310199466,134.3479702422665
EK202310227747,162.68689039829636
EK202310247834,137.55830910049133
EK202310241529,136.03063730193116
EK202310112144,144.0548431060036
EK202310182993,151.21845350513829
EK202310189245,145.06288347950556
EK202310160406,134.7565253576057
EK202310200045,125.78457055019068
EK202310220419,148.19416849260287
EK202310139976,135.15558755040453
EK202310004037,117.08098100913207
EK202310151229,149.9596006607789
EK202310124255,120.16651979237425
EK202310112236,149.30951571314296
EK202310169836,128.68723612878276
EK202310206379,158.5889136658649
EK202310237044,128.0627122720242
EK202310156899,184.7165697565121
EK202310135286,137.07996694678795
EK202310233848,143.43388663151742
EK202310243867,134.19673574551175
EK202310193719,149.50883898542077
EK202310115856,125.63635166786692
EK202310152769,149.60197301856306
EK202310208931,140.20832297681275
EK202310166273,137.75137973278635
EK202310174146,157.59019459298355
EK202310216893,152.0009827424773
EK202310200816,152.81526678890486
EK202310117687,149.08865388685905
EK202310109308,124.36106152968668
EK202310130253,158.45162295968905
EK202310129353,145.87884250121544
EK202310232695,122.89567164780992
EK202310168934,134.2839244111965
EK202320006147,162.87632860227438
EK202310131865,167.53182659621436
EK202310154389,171.06974952021062
EK202310144452,133.23010510345347
EK202310109772,130.41109734119192
EK202310142187,162.70831739291887
EK202310220392,134.8102357096201
EK202310185327,131.8271054161147
EK202310147396,140.3723448977675
EK202310207907,120.13100512255929
EK202310137274,129.2176501927107
EK202310192264,144.7628118289925
EK202310217353,128.67327608512306
EK202310169024,138.28812103033917
EK202310168820,160.93820778568664
EK202310156728,128.8452134092427
EK202310172897,153.83242392974623
EK202310141606,137.0592937430227
EK202310209150,161.38683095780902
EK202310242727,135.18730623771214
EK202310172918,132.74395868650294
EK202310238608,140.5100961119198
EK202310118817,135.65283771190545
EK202310209232,136.991586741169
EK202310246528,144.16951779739478
EK202310225110,168.08911816080266
EK202310196139,146.99832991441153
EK202310183805,117.98847450022566
EK202310109611,142.14530554881492
EK202310165156,131.1932278581374
EK202310169977,153.12889922662646
EK202320005840,177.67342012574332
EK202310164548,168.54544116227484
EK202310200636,143.66434133751918
EK202310175371,154.66283073429588
EK202310149850,153.95237297001202
EK202310192563,146.88486713451144
EK202310150786,146.41928037518144
EK202310232852,136.98907383861504
EK202310129104,145.28802895024194
EK202310222400,139.99124813255102
EK202310238847,137.44771820002723
EK202310215409,138.79483243312342
EK202310132626,144.40407577128485
EK202310209457,134.77827597991399
EK202310191648,169.10830889435726
EK202310211924,136.39682765148564
EK202310123972,164.26361399978595
EK202320006941,158.3844898346432
EK202310172894,143.76908627000182
EK202310201352,158.3287350935959
EK202310246908,127.56857318488997
EK202310159957,141.19621221026347
EK202310208067,148.18272906666738
EK202310132399,144.02307076550778
EK202310154363,137.87194088592798
EK202310190672,132.595513576518
EK202310191938,140.4469382526423
EK202310190279,154.85480960836804
EK202310205127,163.93391567616203
EK202310202799,128.8995910697674
EK202310169811,160.90010366643597
EK202310131611,151.014824104777
EK202310124021,140.8112238063669
EK202310105652,132.61750598517085
EK202310133772,131.2026125662504
EK202310222132,132.4129896796815
EK202310187623,142.06857471595168
EK202310138088,125.07972553789287
EK202310203335,137.2844412912033
EK202310139562,157.70716333803094
EK202310239042,139.38394814324906
EK202310231151,134.32462414926673
EK202310142022,156.06034290067595
EK202310227265,134.00944114956667
EK202310122491,151.49948643193034
EK202310246498,133.27017789537177
EK202310237745,150.376646535132
EK202310230083,141.6592494432552
EK202310239818,125.88888089516773
EK202310109374,134.2854068112626
EK202310188938,151.13355953276928
EK202310239985,143.45519515566056
EK202310190536,151.91709864663258
EK202310108454,139.48731312004816
EK202310185187,143.5777572551858
EK202310214929,159.81313468319186
EK202310163742,146.37930568920174
EK202310133341,130.81152324495204
EK202310123932,126.89090397612699
EK202310224048,139.42581687265638
EK202310194734,129.08519156799366
EK202310233579,135.38968287016297
EK202310111120,141.99700754324516
EK202310202005,121.70044053600223
EK202310170430,146.5539513401114
EK202310215966,142.6569912567744
EK202310142957,156.7894119734324
EK202310238877,131.91693957400818
EK202310197380,151.2029619095635
EK202310242798,116.33290997922616
EK202310118054,145.7493704830345
EK202310171995,133.12922848525264
EK202310156378,130.38163386175074
EK202310209380,139.78083894934144
EK202320005988,161.40261360664087
EK202310132771,143.01931280660543
EK202310196985,172.70328792226908
EK202310209813,138.0401041540283
EK202310156025,157.82968019562932
EK202310119261,156.52861395150003
EK202310200800,141.6112451377393
EK202310113114,128.48424358863207
EK202310176337,165.98017696315227
EK202310116221,135.6203397631377
EK202310185787,141.80028902185774
EK202310161101,160.87188218815166
EK202310109179,135.08244943198125
EK202310211864,133.4225209896195
EK202310233086,142.74281891987667
EK202310203086,136.44495122107855
EK202310209153,134.74277250665787
EK202320006944,156.11009951097722
EK202310124624,153.00221989873143
EK202310160066,163.59411387756433
EK202310212610,150.9602010534489
EK202310176922,152.2449171041638
EK202310221476,169.31177012786057
EK202310178896,147.52662785320032
EK202310242101,131.59125848494742
EK202310208004,140.46389889318
EK202310217499,131.05637641351234
EK202310133817,130.37476053724595
EK202310169528,131.12977483018545
EK202310239561,163.106084479158
EK202310158179,137.23550223357046
EK202310145688,155.4054022190038
EK202310242791,137.56452130935673
EK202310152257,142.47850946026816
EK202310137070,135.74170877714295
EK202310146130,133.58498845789313
EK202310204201,153.493039104358
EK202310155505,137.20763495186895
EK202310154019,147.0429448358229
EK202310233453,161.4410340478436
EK202310217804,145.7304651817592
EK202310172949,149.77977460000736
EK202310188635,157.5579978636361
EK202310117443,129.69596858414351
EK202310160841,133.941108482662
EK202310125406,144.86061222731098
EK202310182154,138.938974190022
EK202310118807,147.45683340856542
EK202310159569,167.01339030300477
EK202310185202,167.6502586365724
EK202310240184,137.49598605129577
EK202310180957,171.00029799035957
EK202310208211,147.79285235787336
EK202310152382,149.06055125034712
EK202310174048,137.32456145509093
EK202310150319,158.27219756849604
EK202310152702,147.16545004460212
EK202310170820,134.95830996034027
EK202320007378,158.18183105365245
EK202310131773,138.09891818026767
EK202310185301,163.54815846699697
EK202310175383,149.15300467788884
EK202310170884,131.30185564335136
EK202310178300,158.56437884057158
EK202310246617,155.98203139933418
EK202310238047,129.58978528434216
EK202310208163,156.88838820761805
EK202310124260,128.02701219403616
EK202310128456,137.0355921503002
EK202310212256,128.73171685867086
EK202310234312,134.0960626209835
EK202310104195,129.12140877688307
EK202310148897,172.08013799350388
EK202310158080,137.56312766729818
EK202310219877,136.34855167725527
EK202310165158,131.1740715828433
EK202310109254,137.67566232093324
EK202310185727,141.3478552863658
EK202310143277,145.8914713472502
EK202310194994,156.7380674417323
EK202310243012,156.77582641451676
EK202310134903,134.58945867964457
EK202310231333,137.52973717989107
EK202310156732,163.8520980605126
EK202310216366,138.45295108803626
EK202310220643,145.22196256045868
EK202310165968,135.63732630374366
EK202310246411,130.46469179253492
EK202310155750,141.88985196155411
EK202310190049,159.07578661726302
EK202310004189,146.9191525339146
EK202310184691,162.16370276778326
EK202310111760,150.43106656335587
EK202310176428,131.256158122728
EK202310152951,147.87184586662585
EK202310104263,142.48912774596855
EK202310103997,134.40047360174097
EK202310229279,136.66261854243112
EK202310157826,141.77266091320737
EK202310142511,138.46295773427718
EK202310232992,129.67799700325054
EK202320007132,174.3312884066071
EK202310180745,125.88401535663444
EK202310225853,144.8230951258615
EK202310198235,138.50334501919983
EK202310196329,141.17406187723063
EK202310223113,134.33038246838817
EK202310166045,154.62190268457795
EK202310174983,134.3224416051196
EK202310197554,155.8557860319503
EK202310215823,145.39326618858595
EK202310122372,154.47956215069144
EK202310157463,136.1205518870649
EK202310175294,143.21200526659408
EK202310004183,147.86555066936086
EK202310111002,135.6816828023746
EK202310132507,168.98142608903612
EK202310226239,127.70729870785934
EK202310160993,121.98860081840155
EK202310177494,143.18613518494382
EK202310247179,151.34180406562876
EK202310159413,164.38939979702005
EK202310205675,132.34467619979628
EK202310204805,133.58873063298432
EK202310104970,130.8297047373253
EK202310143326,142.46296595381082
EK202310104508,142.59163092238632
EK202310109138,132.43476419043608
EK202310155067,134.92264702183363
EK202310180368,164.61565196428631
EK202310174283,157.72225548776527
EK202310164563,145.58926423548445
EK202310248605,146.38913878251893
EK202310144814,146.13947433377032
EK202310151103,139.50726163250687
EK202310137749,125.89515543660615
EK202310244871,141.7529917243846
EK202310231958,138.81424932691826
EK202320006420,158.75525459094897
EK202310180132,125.12124058065372
EK202310208818,132.05314730792205
EK202310242680,142.2397911044173
EK202310124810,166.18600005286996
EK202310179535,145.4857420337665
EK202310180039,128.8166955893245
EK202310142068,147.21171887543142
EK202310241810,139.60896195098965
EK202310142213,152.19388248566747
EK202310205835,135.5333953260816
EK202310176395,130.82643595782113
EK202310108817,155.10073511372048
EK202310144432,128.0393828334099
EK202310164208,142.24322977906232
EK202310125282,139.3862036444149
EK202310110364,134.4159637674352
EK202310147767,137.68566229777772
EK202310175310,153.94919667227552
EK202310169612,116.97060104993353
EK202310177089,131.88478836713904
EK202310164613,134.83088948786275
EK202310214491,155.16954067308066
EK202310159145,172.22737103656678
EK202310148143,150.409125946178
EK202310130196,163.3533038302027
EK202310140526,135.16785326711516
EK202310220135,143.80734490890123
EK202310116422,133.96816042546573
EK202310121781,125.4235611143076
EK202310108897,145.0814196148299
EK202310110908,150.28209607516442
EK202310219796,134.00564149460345
EK202310109152,152.00729245333096
EK202310217807,137.63451447062621
EK202310115494,126.18347945827334
EK202310221948,128.18341858680523
EK202320006012,151.49556054175605
EK202310119926,137.05271924100867
EK202310212680,126.70322296876584
EK202310004522,146.82804460296748
EK202310200665,156.06805169939614
EK202310159142,132.52394770725545
EK202310217394,140.12101429125337
EK202310247390,166.13230301748385
EK202310153429,130.65640216565058
EK202310133009,143.93572325845284
EK202310183153,147.9910664484027
EK202310223238,145.01009204984842
EK202310189167,150.24270836677667
EK202310167404,149.1631777380348
EK202310123436,142.58275938471692
EK202310201161,152.87966348209542
EK202310202874,129.89467408437764
EK202310205144,154.91706877429996
EK202310211825,130.70598792707227
EK202310119888,140.85390890519054
EK202310187594,142.9840142863056
EK202310127146,160.74236469430386
EK202310115361,144.74491555568898
EK202310122062,144.35322299297195
EK202310161120,169.76504849865162
EK202310119640,159.8321662996939
EK202310196025,147.92517855696335
EK202310239045,127.87134845961988
EK202310197374,155.3246350655688
EK202310201644,139.14261616204232
EK202310239463,129.34547828715142
EK202310234006,148.98092283624732
EK202310209744,131.73361118343053
EK202310138496,160.0524489703886
EK202310159749,167.03025639030454
EK202310199933,138.6628239999767
EK202310121772,143.5245696068234
EK202310150984,137.41587369036202
EK202310245852,131.17538248887587
EK202310129919,141.2185199881257
EK202310203657,158.52226294576678
EK202320007279,163.43473388641684
EK202310213923,134.12263829381075
EK202310004091,127.81643981067421
EK202310142372,154.8568136418155
EK202320007651,141.20443788010627
EK202310188243,154.57688420079882
EK202310162087,146.24506316226703
EK202310124791,143.8608040080648
EK202310111667,135.39839347011124
EK202310105642,125.43038318876609
EK202310196224,159.62905695124806
EK202310159474,127.99970179825252
EK202310137962,126.07232464004463
EK202310194276,145.40086586981374
EK202310155765,140.97364281756933
EK202310222240,119.5721098314052
EK202310175830,145.2849816476309
EK202310115286,136.18184206719005
EK202310179252,141.25798502724228
EK202310216929,154.02456639414874
EK202310158567,125.87928623249162
EK202310124273,136.21525129516914
EK202310162224,161.95484506401337
EK202310165570,173.86766965735436
EK202310151292,125.79177657458358
EK202310123293,135.35610692118797
EK202310151984,130.6895072847022
EK202310133891,147.97174991307068
EK202310108554,139.87209442402107
EK202310108056,153.21165503599246
EK202310208276,139.45273335052275
EK202310106720,132.4400827453339
EK202310164462,129.1822700619623
EK202310153370,146.8576203453271
EK202310156354,153.15528229698282
EK202310120895,150.21250494471968
EK202310204021,133.70790203802352
EK202310144453,163.37342610340707
EK202310187876,151.60817767677682
EK202310234386,137.62462790061454
EK202310223302,132.80927150896852
EK202310198885,137.83323859576743
EK202310133774,143.72219814234185
EK202310216355,145.1751030155576
EK202310170923,141.10077629650695
EK202310190308,144.63100928540808
EK202310116974,145.8574690752436
EK202310147600,155.58910230053652
EK202310134725,153.45482021438391
EK202310205939,123.91166497573252
EK202310166068,136.98568685387497
EK202310228965,138.82232556400535
EK202310106007,136.84577034860973
EK202310192113,157.66688704498563
EK202310168030,152.41595623354834
EK202310119751,149.7813981048795
EK202310196784,139.44446448261658
EK202310147073,148.48199479068998
EK202310215585,137.1163673739302
EK202310176737,134.75294368170785
EK202310191426,144.72698280506518
EK202310234686,133.53558600553635
EK202310173981,134.0674259608879
EK202310238285,141.53154201904476
EK202310004398,136.26603641116878
EK202310227760,148.8198263614541
EK202310228813,134.84251353602306
EK202310108999,162.31340173812598
EK202310170661,141.87268444849923
EK202310107069,122.08225181452555
EK202310107605,157.06422665601175
EK202310149427,168.15031774799291
EK202310235767,131.6113744971509
EK202310146513,145.77513830457596
EK202310134095,134.90600231078818
EK202310212824,148.2472606778018
EK202310187784,170.0795096862952
EK202310220588,145.1641575469384
EK202310171664,140.81740948535474
EK202310213580,139.19733870978592
EK202310117169,130.3801955211214
EK202310225689,126.6142256706589
EK202310228834,136.39888548222686
EK202310199085,145.07065414324578
EK202310115337,138.6553748965597
EK202310222451,139.17122916338317
EK202310120450,133.07517948944903
EK202310196902,145.71007081104773
EK202310213448,135.78005844782885
EK202310194551,145.9275500901875
EK202310210607,143.57189679586511
EK202310240625,132.61107621732882
EK202310232826,144.41107155202423
EK202310115580,145.90925083503262
EK202310230496,121.05272884920467
EK202310153896,139.40421362016653
EK202310167421,166.97241924670382
EK202310185386,146.17234946789034
EK202310226162,149.08904778795542
EK202320006296,147.96812325094024
EK202310122211,129.89276719236997
EK202310120410,124.07515469366962
EK202310135887,125.68352855516186
EK202310123262,135.8310587957302
EK202310116308,132.91227434170534
EK202310141964,133.97528866282312
EK202310114738,139.08417835894954
EK202320007799,139.05401327991208
EK202310135945,152.65740733124161
EK202310152049,140.19101997875123
EK202310159468,127.52224106000668
EK202310137922,132.4629587102472
EK202310137799,140.9217673711152
EK202310185003,151.77016678616684
EK202310183141,129.08653671961173
EK202310179706,132.75967640982898
EK202310226300,135.2728319177078
EK202310209408,146.41974006753608
EK202310224094,127.87844221905075
EK202310155840,124.61083023313215
EK202310153392,147.5881779485047
EK202310119916,132.70619364819618
EK202310189485,130.90796117179084
EK202310153973,165.40140769593907
EK202310143859,143.27939658059458
EK202310209322,156.23946207546942
EK202310219928,137.60837790598956
EK202310177843,149.13504710697597
EK202310235521,148.7482813519341
EK202310227218,137.98644549792198
EK202310120634,127.7116353089491
EK202310237236,126.79573135184083
EK202310174275,157.79299573834942
EK202310207517,142.27771528794588
EK202310197066,135.75829579894508
EK202310235418,137.52176118605738
EK202310229043,137.10409244904451
EK202310232518,134.79452380721148
EK202310127726,136.22340512176282
EK202310216259,151.8184078228475
EK202310132033,133.65546493153303
EK202310204271,165.6910548841564
EK202310194461,137.85437824740174
EK202310202541,153.0898776509799
EK202310201397,146.49075549243355
EK202310169275,134.81612122826408
EK202310115278,135.51934894686656
EK202310157300,154.38742589368522
EK202310111329,142.8019091366699
EK202310132731,158.33110120923078
EK202310107770,145.26831353332315
EK202310131063,149.03817857196984
EK202310212722,139.43121107402476
EK202310172610,143.90884854496912
EK202310243791,128.2456630811817
EK202310219499,129.41882656390462
EK202310131588,140.478868041175
EK202310217120,135.05496395567295
EK202310172169,149.31028230473603
EK202310133205,134.67863383250864
EK202310190824,164.87547771717686
EK202310119229,140.9595015074959
EK202310172059,142.34650173883023
EK202320006521,155.91930249809366
EK202310221989,149.87465738382684
EK202310178785,158.39205659671453
EK202310183830,129.31168750635265
EK202310168297,151.0962769044979
EK202310127675,134.76973499619592
EK202310172854,134.0321163763114
EK202310176515,155.9763328319151
EK202310154731,133.5197148041007
EK202310213784,154.13520483250633
EK202310150574,151.0174900663134
EK202310130454,143.44436708699035
EK202310131489,160.75174973298715
EK202310174498,150.05007767226456
EK202310103853,135.80978654156766
EK202320007395,159.05064398779948
EK202310182375,152.0556194562456
EK202310146376,145.41215283039722
EK202310236179,124.77741397466906
EK202310149241,141.69396927900206
EK202310135136,129.97353239281415
EK202310140867,152.5114800929145
EK202310223502,131.4718452928755
EK202310243943,141.44690780158845
EK202310174164,154.01627555549567
EK202310158044,145.15998062891154
EK202310148103,135.28730791574134
EK202310156336,150.4258622250369
EK202310190263,158.70430313625587
EK202310176162,159.53193698606745
EK202310129272,145.3050412095278
EK202310199173,133.37054052524022
EK202310150794,145.10604886397246
EK202310207717,150.85425660487647
EK202310109712,144.36964804230374
EK202310142567,139.27936893014862
EK202310117141,145.45113767908924
EK202310204093,127.28637491607935
EK202310241706,143.08415619965086
EK202310183611,162.39410053680655
EK202310233211,146.37399573332607
EK202320005748,155.5345058720956
EK202310124159,129.91826521150702
EK202310138315,129.58780236391883
EK202310193796,170.02744801088406
EK202310218166,160.1034478403245
EK202310229779,155.97183730376452
EK202310131658,151.7037251001196
EK202310229978,123.54354666294938
EK202310171658,133.5965979383957
EK202310121521,132.70544315484918
EK202310190841,145.11538521414275
EK202310104228,135.5372592586057
EK202310113040,143.08569259963923
EK202310131735,143.86511206874545
EK202310170151,154.16716625011162
EK202310124366,126.96345920096776
EK202310149451,142.81372042420057
EK202310206552,131.0923182738703
EK202310129905,135.44896912636693
EK202310227850,132.25062433985792
EK202310235398,136.31827328495524
EK202310218108,128.6703647950891
EK202310157681,113.93566705958074
EK202310214538,144.7105510150228
EK202310201752,150.3385842905983
EK202310105353,137.38764164112095
EK202310106768,125.62598541218168
EK202310200116,161.26463549401961
EK202310127715,129.86034137272102
EK202310105124,142.6717299008531
EK202310198102,135.21575887837128
EK202310106141,137.41025405657257
EK202310165059,133.88671765378078
EK202310163969,141.88769593910436
EK202310163911,156.80024429849828
EK202310160055,147.33942714871017
EK202310126497,134.1081412056701
EK202310189545,149.75095092150556
EK202310187535,143.99814715658218
EK202310224997,137.91689308064855
EK202310147587,144.90889768076798
EK202310130969,136.29456062115403
EK202310157178,161.26603920043993
EK202310150244,142.27605935792855
EK202310114255,157.206494018549
EK202310214855,142.27949772580294
EK202310158832,149.06794532841738
EK202310143631,126.53123113493803
EK202310206903,147.4893532113486
EK202310213965,155.4769174287154
EK202310140974,147.97254447541638
EK202310243752,148.2950827326685
EK202310230647,145.2968504196521
EK202310110490,131.94767405988532
EK202310168466,136.462701113174
EK202310138755,154.91663464507405
EK202310169502,122.62969680327451
EK202310203430,182.46154906019555
EK202310163679,141.45529314469914
EK202310157628,134.1705202770007
EK202310224841,135.19924885083333
EK202310153096,161.03533192851083
EK202310116043,134.5385771742519
EK202310201955,130.3898185777563
EK202310240755,133.29261049356435
EK202310215391,151.19923945448127
EK202310120508,130.38912641677152
EK202310166816,137.4441764795885
EK202310197615,167.14447230068777
EK202310149113,142.62881996063302
EK202310187571,138.09669033987228
EK202310234394,130.7745179298727
EK202310204787,143.17825830929826
EK202310170562,161.6789135016612
EK202310158575,148.02093199569038
EK202310200164,145.22425741137948
EK202310167493,136.56726448318636
EK202310181034,146.62117322223855
EK202310167070,123.35637459932602
EK202310221166,125.27733251455203
EK202310157175,134.1401260525976
EK202310148464,135.31701496135688
EK202310143208,133.18036250557367
EK202310139027,123.62369545191937
EK202310224872,135.3484873199992
EK202310173761,147.30395430339655
EK202310234649,132.38712049657016
EK202310134946,156.60444079595564
EK202310132145,154.77581245587456
EK202310124351,128.6010537666222
EK202310240711,137.86452973219141
EK202310228181,129.41482388343746
EK202310152792,142.98994943453997
EK202310218480,152.84509778090222
EK202310233680,178.65525520510295
EK202310226082,138.45090585721667
EK202310166293,153.78411675059792
EK202310178413,171.8739493310811
EK202310192848,153.97863025881847
EK202310169316,137.50653987566673
EK202320006913,146.83239020723457
EK202310108324,128.3120710635426
EK202310209693,130.1317931347588
EK202310108004,150.96160540872327
EK202310198846,146.80366453000866
EK202310219677,136.8124602945325
EK202310164857,135.5841197312855
EK202310147656,150.59361182630798
EK202310145013,134.70658186892186
EK202310147368,148.82535516443897
EK202310170036,135.1987461387048
EK202310120376,131.46717220109656
EK202310150683,133.05700881297426
EK202310240238,156.32122038263995
EK202310217185,162.98937328869542
EK202310164586,141.6767715197685
EK202310198428,151.960965908433
EK202310233407,138.5294688873967
EK202310163412,134.42897076961793
EK202310151118,147.86995837418382
EK202310206940,163.5085216355309
EK202310229350,121.72278500041361
EK202310118968,133.11796778429456
EK202320006106,163.0168998185127
EK202310201360,134.98622905572432
EK202310214617,151.20591441561638
EK202310230798,132.53153295783176
EK202310131993,126.18374784002135
EK202310165856,161.2245561992065
EK202310208421,123.054171045493
EK202310140732,135.94732687002872
EK202310134224,146.04099017883664
EK202310108759,141.72606759253145
EK202310115586,136.3723236646762
EK202310166328,129.49648235388483
EK202310104171,144.214116211084
EK202310218466,130.59828347440794
EK202310186769,143.07986792354637
EK202310231774,132.49004100903792
EK202310130856,127.07023267571059
EK202310199243,146.1254332341676
EK202310178583,144.42187340248992
EK202310231077,136.37911748588485
EK202310232984,136.34850464108726
EK202310204584,135.70370412240948
EK202310210808,145.68875714938287
EK202310243853,136.76937543678238
EK202310114871,134.29324092829958
EK202310220680,142.53058957670459
EK202310225716,136.7401371832945
EK202310171582,150.76552484283596
EK202310153093,143.86467962726536
EK202310170911,145.3181673913114
EK202310165452,171.648989457764
EK202310235729,140.84324571347395
EK202310175158,138.90827380472462
EK202310161650,165.459339637097
EK202310179057,136.94411210095933
EK202310173343,163.37804393330262
EK202310188221,141.73817097613014
EK202310207572,149.45586457156878
EK202310126999,142.99940024163323
EK202310121103,144.51875740199407
EK202310186391,145.49031625236026
EK202310210239,135.71155342458047
EK202310195085,137.67335855215194
EK202310160300,121.54862241770189
EK202310199891,142.7774285215514
EK202310163707,140.72932152550388
EK202310196523,154.47997551131223
EK202310234859,135.45213328315816
EK202310231803,134.12488023117433
EK202310136798,122.99186841365399
EK202310244538,140.3335505989116
EK202310004017,136.9022896362331
EK202320006492,151.5476986004277
EK202310185950,142.75891220172412
EK202310130639,135.03822543522801
EK202320005689,137.98310445282792
EK202320006687,156.605624829485
EK202310167248,127.84089265570935
EK202310134731,137.7906271879678
EK202310179818,125.64373453675589
EK202310147913,141.78762305083475
EK202310153980,147.9086855283413
EK202310117979,126.2114349597596
EK202310149501,147.03924770589353
EK202310236960,134.61978740957375
EK202310181994,137.44247092588486
EK202310170364,127.46782143412689
EK202310173530,155.7558355536756
EK202310111439,122.85319458369288
EK202310222093,133.0989860922531
EK202310144055,134.09056226167553
EK202310214164,130.17160666138557
EK202310177168,151.88329736716233
EK202310233756,137.08924965493716
EK202310154451,139.92713059990248
EK202310193603,140.9584769534233
EK202310210012,122.84071679201983
EK202310109490,137.05789091660674
EK202310161365,162.3979591143769
EK202310153596,137.60930047282787
EK202310171021,163.58017475753417
EK202310135046,152.2126032503878
EK202310105468,124.72649752475576
EK202310180678,152.62473723102713
EK202310123763,132.90440983464444
EK202310137466,144.14435307708428
EK202310138581,166.52776902143611
EK202310221347,142.64872329371224
EK202310175567,136.6698942138748
EK202310136752,139.25895383145388
EK202310129734,160.29903853107444
EK202310120365,137.22935821856078
EK202310127797,136.99129376683857
EK202310183416,140.68247127904556
EK202310239153,159.03812808452355
EK202310222246,142.12866904398277
EK202310144082,143.75474133184983
EK202310226435,133.65434557583396
EK202310110236,151.4421388628307
EK202310172009,142.5468133213733
EK202310152432,148.75953468702488
EK202310219667,142.89958773317548
EK202310202548,174.8975159902518
EK202310179444,132.3247584451964
EK202310110933,143.2900576946502
EK202310112714,145.97152589536395
EK202310129776,156.69355249445465
EK202310184025,153.64062944382837
EK202310199495,139.75096692420036
EK202310120853,148.0547745133055
EK202310110965,135.30016548009533
EK202310125670,137.34704024633916
EK202310129995,156.96170507988148
EK202310228248,138.39464955769498
EK202310128534,130.3505298485767
EK202310183479,146.08559438083665
EK202310159882,140.75208688084203
EK202310224442,134.1294941134296
EK202310119875,149.33523791436102
EK202310165118,140.79147508067084
EK202310003461,132.26579831498987
EK202310127902,124.64613815944327
EK202310241227,160.7741578316069
EK202310177075,123.17979478470242
EK202310195321,148.1923981122561
EK202310109724,163.17513430155685
EK202310224884,123.29057948329618
EK202310246986,142.70212229070157
EK202310180027,145.3373704668051
EK202310143531,137.64011516189166
EK202310180604,130.08316176892495
EK202310241988,163.20499307093286
EK202310109076,147.10899442787058
EK202310117902,139.31878034564758
EK202310215898,126.92297008743718
EK202310134539,131.836492568442
EK202310239440,134.71177059861614
EK202310230665,130.97535536717393
EK202310172063,142.64446746659476
EK202310126450,129.46298521222636
EK202310229116,135.25680176951496
EK202310178898,160.77242709325336
EK202310111721,143.05768716071543
EK202310170101,158.7355628989249
EK202310158581,137.614095432893
EK202310157015,159.79966213782723
EK202310229038,137.09008139377747
EK202310222680,136.59116596672476
EK202310111285,135.37478042151164
EK202310222575,149.0458206509409
EK202310156621,177.5636781081884
EK202310199481,136.7772133437384
EK202310204046,162.06095079876815
EK202310219609,132.24859041945834
EK202310222642,132.21071971076813
EK202310199140,132.7573263084158
EK202310200730,143.7251068632016
EK202310139007,134.85533843134039
EK202310126900,134.84894746763854
EK202310228039,136.13807132949046
EK202310177276,141.23904663963367
EK202310233570,129.27089181914187
EK202310237169,144.06884426403056
EK202310238023,160.79472279288777
EK202310127838,130.32748651728073
EK202310232618,132.46247017360764
EK202310114863,133.16658712117572
EK202310196485,134.7703558773641
EK202310128223,130.60521621974019
EK202310121663,143.00989339642155
EK202310111075,146.91005488926498
EK202310131404,132.21953030234914
EK202310104361,136.13087383936232
EK202310188771,133.64680239832634
EK202310166069,151.8135761886902
EK202310225476,120.30502819826658
EK202310118945,133.00757801563353
EK202310203625,132.6044482195444
EK202310245898,149.9905667591226
EK202310197749,129.55750339134525
EK202310185073,137.2732652028013
EK202310114565,133.79417667862447
EK202310151446,149.20015399044274
EK202310206021,136.6592943562467
EK202310179791,149.20213548182542
EK202310205394,134.8668075353271
EK202310166488,172.36255289368603
EK202310106840,131.87485305072366
EK202310115082,137.21251744892666
EK202310173564,140.68690817885792
EK202310205877,152.82745303294018
EK202310152051,140.67522743906335
EK202310144703,140.710096928028
EK202310130259,166.77047718621492
EK202310177228,140.30032199475167
EK202310218957,128.7715589646625
EK202310142498,166.7326513016046
EK202310119549,128.4337839167846
EK202310233725,125.79661311121534
EK202310233810,141.09803048116552
EK202310210342,138.85926299274914
EK202310142303,141.5236718519705
EK202310227362,135.87282694014382
EK202310212631,129.76004815993446
EK202310148066,145.83908372589684
EK202310115133,154.2742408546073
EK202310145502,127.5845152362052
EK202310151385,160.77175280331394
EK202310245859,138.3982106179233
EK202310222753,136.22198114113493
EK202310170556,161.4202109588143
EK202310186591,139.60306640277207
EK202310141795,156.13577954780405
EK202310129475,139.9887121466635
EK202310117335,132.298133653793
EK202310219091,140.73510713399165
EK202310224742,124.72548030812099
EK202310153827,158.36427090545564
EK202310159244,140.7751609223191
EK202310218618,138.16073701773595
EK202310229622,137.09587364900338
EK202310212905,129.43560439482002
EK202310190075,143.1458349788121
EK202310190265,169.1352354514708
EK202310168559,128.31752669281232
EK202310215223,142.1193289493114
EK202310231305,129.427480318668
EK202310220211,137.01270901344446
EK202310183222,133.0478090831409
EK202310141182,137.968905923931
EK202310227695,131.99123638420897
EK202310233303,133.89227194363377
EK202310108658,136.25799345527892
EK202310157889,131.44036774354
EK202310176473,134.04963631652578
EK202310235635,134.7243562536055
EK202310127390,153.34367104893897
EK202310137562,141.41431874612522
EK202310104205,147.50870559048354
EK202310174206,125.11634522289103
EK202310212816,149.2052244589508
EK202310147436,152.88421419047015
EK202310180611,144.43395071785818
EK202310210354,146.16545203684072
EK202310189663,131.0408962814758
EK202310119259,137.11082101989217
EK202310235125,128.5929968890409
EK202310246750,139.0757315295437
EK202310218896,146.0080953260334
EK202310203786,129.65218604869236
EK202310180913,138.9515469125034
EK202310124372,134.8483487379058
EK202310165379,149.39493091604248
EK202310180954,158.36656732961575
EK202310145852,134.96026602905692
EK202310236766,133.89128864650704
EK202310134276,153.13568479010954
EK202310121348,141.95662938025134
EK202310141601,135.99779142664886
EK202310128602,130.5324412030598
EK202310110423,130.78266286383436
EK202310145558,143.90927115491314
EK202310155126,138.5196047791722
EK202310148031,151.18244767616233
EK202310174648,142.01297071173096
EK202310107125,146.328619215992
EK202310206336,170.84791810013672
EK202310244639,132.0493219559999
EK202310225703,115.45749455011921
EK202310246590,146.70960960774954
EK202310162037,135.22778898500283
EK202310214389,153.1202978708337
EK202310186078,137.07945930401667
EK202310237892,125.09258224649187
EK202310139019,138.89855491048232
EK202310144411,144.145077031535
EK202310121887,148.9113087731322
EK202310182472,133.50174402607223
EK202310110577,129.34931264921025
EK202310217458,144.95913122023472
EK202310206751,160.51296371625438
EK202310135834,140.7322914144017
EK202310129936,132.74389556276066
EK202310193629,148.17348640350139
EK202310109058,142.69710813930314
EK202310229608,138.33553690737918
EK202310201686,147.3009582916165
EK202310206823,134.11691635213785
EK202310109660,127.6864492193646
EK202310202418,151.66773339365412
EK202310140335,123.45212040159348
EK202310198168,133.07447762847232
EK202310117989,139.48096337332998
EK202310110082,135.787763404733
EK202310227199,132.46044628292836
EK202310219307,166.38285974868543
EK202310236825,130.796525620205
EK202310114629,139.8455326601437
EK202310180370,161.7383317485906
EK202310145206,148.38877202719019
EK202310108111,141.2376903240678
EK202310226175,137.99461075315938
EK202310227223,161.28128683019693
EK202310199795,138.14863099469338
EK202310228694,125.99521428799531
EK202310217385,135.79701571910047
EK202310104812,129.1818572429761
EK202310216111,140.42494653286397
EK202310176703,159.2505570489434
EK202310240602,135.21469391415084
EK202310103728,142.8775068404848
EK202310220868,123.05570302190065
EK202310114579,141.90540475803485
EK202310165033,142.59299135842792
EK202310150030,144.4106794551967
EK202310201296,148.37790136122211
EK202310105195,143.97169658975932
EK202310213553,126.53039176330847
EK202310162788,143.37273830262464
EK202310216325,128.07698746895966
EK202310144613,149.35113778280967
EK202310226580,139.11387959553838
EK202310229109,130.81211487824743
EK202310124954,174.89564840526214
EK202310205954,139.15938907422105
EK202310179712,124.09798142745755
EK202310193847,143.2168468625701
EK202310175822,130.86702563460614
EK202310116359,124.06359692057951
EK202320006662,177.63929076869618
EK202310111520,140.8605686647938
EK202310213288,137.52561544584378
EK202310191137,153.35589999504901
EK202310132404,144.74734810215526
EK202310201570,173.27458316715146
EK202310203322,135.38002076186052
EK202310143258,145.80997668758548
EK202310241669,147.55214519805926
EK202310190261,153.4308070537497
EK202310145096,127.91200692128731
EK202310231686,142.36096895583006
EK202310163789,140.6379529170046
EK202310196402,148.45345245113808
EK202310230132,146.61443692553556
EK202310155673,135.556100927158
EK202310210437,137.62341326958733
EK202310107353,136.32980736234103
EK202310219475,140.15245537381224
EK202310232408,127.11258475640366
EK202310152774,125.72275876963569
EK202310200770,162.87128376889515
EK202310185372,148.34839328792353
EK202310119209,141.3145076552078
EK202310131238,142.5471084064098
EK202310162969,130.12757284273258
EK202310127182,131.1765618109367
EK202310245830,113.49870468984896
EK202310205893,134.50249766696047
EK202310104756,124.54051223749184
EK202310153892,144.4088122164479
EK202310244027,141.2259027421353
EK202310163145,145.8666255148039
EK202310165966,140.78617046136299
EK202310185338,162.14124410471618
EK202310004564,126.21419960933662
EK202310246545,124.33071564193997
EK202310243927,146.59657507425123
EK202310171098,137.55831649522247
EK202310226637,135.6091195549557
EK202310240501,131.8926393445421
EK202310213124,134.78704180951485
EK202310185369,141.82178286997132
EK202310184650,169.01005975509628
EK202310191710,128.15114128979508
EK202310186505,141.17505548486457
EK202310246315,151.49720087679484
EK202310128179,132.3605489337227
EK202310218717,140.57601290727996
EK202310140183,129.1855289081888
EK202310218416,130.17557461964927
EK202310104512,145.54253662566845
EK202310148024,145.79962983601015
EK202310211056,143.14010021254126
EK202310212788,138.18601577548887
EK202310151708,152.370117224581
EK202310192193,139.15671472247277
EK202310147119,157.22865011108814
EK202310134171,156.25323022047414
EK202310120405,143.46324185335646
EK202310197432,122.90746577732806
EK202310116473,135.95418845630982
EK202310148941,136.52578944036082
EK202310225424,139.3913699790602
EK202310160249,159.15429585383185
EK202310177564,130.71899750570378
EK202310147712,134.7111967761041
EK202310130033,139.04158370166647
EK202310161738,141.69779810389184
EK202310225844,126.73017366517823
EK202310200581,147.2530905719266
EK202310155845,143.55545839353138
EK202310121666,125.83172653721573
EK202310124396,136.87758508375566
EK202310234458,128.86238036288862
EK202310122157,130.10967722201545
EK202310122028,156.8111635704029
EK202310178168,121.55812243689532
EK202320006120,144.29263194488973
EK202310104089,132.11086605685801
EK202310130047,130.87624845783938
EK202310233902,126.8256179161805
EK202310145593,146.71496108873288
EK202310145435,132.60528181143133
EK202310121638,136.76101688423634
EK202310175711,121.72977688862424
EK202310178650,140.48211715168662
EK202310209932,127.72938213174349
EK202310150842,130.05428516911923
EK202310176075,121.22489618333199
EK202310225913,156.94522189315765
EK202310223616,129.4330830548783
EK202310177498,134.01988193499875
EK202310210293,135.16860511721552
EK202310243077,137.0404528183124
EK202310120981,131.46978431988
EK202310161599,151.3639575258346
EK202310199852,150.138366017011
EK202310152182,147.76517003393363
EK202310201657,162.15546500378142
EK202310108940,144.68132975389085
EK202310167429,157.2811615104275
EK202310245926,136.0536075847598
EK202310152784,140.38496823520978
EK202310124342,132.84854314344503
EK202310161267,139.94403732613603
EK202310145118,125.24953284141966
EK202310124701,137.3101771390744
EK202310144618,150.00937367878333
EK202310233384,140.2748994926021
EK202310207039,145.57015782388456
EK202310190234,133.05146263906826
EK202310198686,133.56697294622455
EK202310120341,151.6721582870026
EK202310247847,137.66921462257565
EK202310003450,145.33868107835693
EK202310134573,142.72999568616842
EK202310116321,123.74069759623455
EK202310202729,144.19317631239147
EK202310225102,172.64631392013703
EK202320007842,149.91619122025472
EK202310185093,139.86192140830312
EK202310147662,153.6420946906602
EK202310202843,136.46796630292528
EK202310233390,135.81567703438762
EK202310136750,135.2264878797675
EK202310132231,130.83687520921777
EK202310229820,133.123183337051
EK202310198900,127.21862547583848
EK202310112722,134.19618212042482
EK202310124481,132.81240620117558
EK202310168703,139.38425760484319
EK202310215506,139.7033799554431
EK202310227298,130.1577020131046
EK202310162425,144.29840075831822
EK202310147420,129.15411225128062
EK202310230006,146.31033280073552
EK202310107551,157.1177332538032
EK202310245496,137.90110600885654
EK202310121500,135.47292461015388
EK202310137045,123.13096131344265
EK202310004368,132.3913492574705
EK202310124048,130.8589712304517
EK202310123230,134.09779957752747
EK202310003475,134.69013868357624
EK202310129436,132.3764652655176
EK202310202223,159.5253062544181
EK202310135682,138.5958012417135
EK202310113775,154.35276223499048
EK202310143850,139.87699370441612
EK202310199362,163.53246265306308
EK202310206686,146.50105390247174
EK202310134277,130.26510617146056
EK202310244824,133.850568486838
EK202310127241,152.09448201185953
EK202310153015,137.72441992448387
EK202310183863,136.05469123527388
EK202310194062,120.77025073792562
EK202310137570,141.70431802428666
EK202310105406,154.33923455094134
EK202310211726,140.2863030548371
EK202310140163,158.65318892482165
EK202310151370,138.1534973266891
EK202310183307,132.59663714023046
EK202310209242,133.0130371727897
EK202310201596,140.20862182749585
EK202310148319,143.0333588180576
EK202310212091,130.2025300641416
EK202310231030,140.03710341374875
EK202310111993,142.6802720665533
EK202310156211,150.90193978280277
EK202310104592,139.13932061085396
EK202310133538,159.64264457720935
EK202310143489,124.48571716600648
EK202310108608,133.36265821587895
EK202310209410,144.07939447901333
EK202310196298,179.74288841059425
EK202310200348,142.2030501946508
EK202310130825,120.18446428226505
EK202310211388,150.77084247108937
EK202310151265,130.7746517178745
EK202310161779,156.14003334154606
EK202310117949,148.46332933124148
EK202310204507,156.20245080275015
EK202310104001,126.04727196435125
EK202310217266,131.60090806013864
EK202310210738,143.73584868417234
EK202310179516,144.75259208014154
EK202310185260,146.34180309840352
EK202310117134,131.32346851999566
EK202310218620,136.85374010595106
EK202310118920,139.77609814620243
EK202310174953,150.722841004214
EK202310235880,158.5653563233904
EK202310246765,133.36761924860784
EK202310151192,137.9829007401753
EK202310218327,137.70029885165746
EK202310184977,151.14932254187178
EK202310106156,138.9883470066352
EK202310174601,127.12525755289455
EK202310242933,136.16492152653348
EK202320006248,162.6192292746551
EK202310155266,144.26525078116003
EK202310118205,140.24646577021107
EK202320007868,141.13836739451042
EK202310122476,137.171880728522
EK202310246704,138.21842773914494
EK202310154390,136.2797439666701
EK202310208154,135.9308498433469
EK202310130903,137.11749152271574
EK202310244992,143.53037738413374
EK202310141315,132.84695239483415
EK202310119220,132.8373146002786
EK202310245411,139.33502288180338
EK202310122328,139.75551285875306
EK202310145979,121.25593036330777
EK202310137109,136.64486566274653
EK202310107808,136.94404408752774
EK202310237598,137.51329985452105
EK202310150637,141.85825896494836
EK202310115093,137.3332188586055
EK202310121973,132.6057110837309
EK202310201313,130.05088719533614
EK202310171481,159.15442275953401
EK202310151406,166.39301412310533
EK202310201141,162.63613317975398
EK202310179223,128.03753660774908
EK202310195934,166.32923477733047
EK202310142396,136.3585991848761
EK202310161167,169.4324537545294
EK202310166581,144.9543947417117
EK202310247520,151.8256783388688
EK202310113867,139.74813817666725
EK202310124498,127.18893570530021
EK202310156133,142.137176450857
EK202310199597,144.84250301953006
EK202310161135,155.44655983602166
EK202310215679,142.3007508984229
EK202310238774,131.91984458032618
EK202310196868,134.6530085652711
EK202310112295,149.91552713361543
EK202310235239,143.5374332904592
EK202310127731,142.25114367000154
EK202310230868,138.1506996200928
EK202310217903,145.8023713361105
EK202310172613,135.37544193434988
EK202310129229,155.4907507424848
EK202310190368,166.6943634115438
EK202310162297,130.0463730967289
EK202310222739,118.72416161164772
EK202310161749,127.6164860990153
EK202310155297,144.50450678762726
EK202310108502,155.6894607234534
EK202310130801,156.03960949273366
EK202310231593,126.0489327707575
EK202310125919,143.40129383774388
EK202310209411,135.36432967201262
EK202310179339,124.05184958629044
EK202310187200,146.86366358948598
EK202310146890,144.39691206182187
EK202310166979,142.2252979572834
EK202310237165,149.9553710139437
EK202310152579,143.99213895327844
EK202310003917,154.4016846182038
EK202310235269,153.43955911786
EK202310108468,144.73650934473284
EK202310143968,138.55742839120953
EK202310160042,127.7939793930406
EK202310203662,150.5386758185299
EK202310151437,150.11511569025174
EK202310144465,143.45260241442304
EK202310190402,156.61320382353475
EK202310134264,124.66004285652478
EK202310234082,144.9141524669223
EK202310210958,134.37049038576137
EK202310139701,129.70927030704445
EK202310143670,164.2260340018015
EK202310144634,131.4166377198044
EK202310141663,152.38909974143053
EK202310137665,141.04410273650743
EK202310205722,139.86137010102553
EK202310151909,143.2790339169917
EK202310221195,135.0202327598091
EK202310137582,133.29933394093646
EK202310194278,122.48623774936918
EK202310128272,135.77988898220056
EK202310106468,156.42591588511115
EK202310144004,134.43805091069527
EK202310128173,155.31017981255658
EK202310111420,138.46572093786168
EK202310120296,136.98851315242328
EK202310200950,153.91021745047573
EK202310175501,146.37924308628146
EK202310120331,150.4293704490348
EK202310228878,159.94273038415895
EK202310182513,156.0349392975686
EK202310146179,130.24627215249555
EK202310122722,149.37261375129023
EK202310105824,143.09996368125877
EK202310153125,161.9275615654988
EK202310245447,135.22805865231524
EK202310119032,138.10964317520984
EK202310121833,130.75564411222376
EK202310241687,130.34759930637674
EK202310239324,129.89972064242858
EK202310164441,125.27177412631963
EK202310140020,165.69295920700193
EK202310130010,135.447429912225
EK202310121272,137.22763684028908
EK202310155947,138.9791651888957
EK202310235396,151.66765585619038
EK202310142223,144.72212576071726
EK202310112225,143.38945855815157
EK202310169440,153.15407866575552
EK202310136706,141.88308728550334
EK202310216973,132.90162490525395
EK202310226784,144.08930059953053
EK202310221041,134.85922282872394
EK202310231770,141.48967909451093
EK202310145329,147.78928468845692
EK202310134603,147.3062451163853
EK202310186803,139.14592252564492
EK202310004747,124.71024377486195
EK202310140470,130.08205804643885
EK202310195581,127.0735902590815
EK202310150690,142.76189534491337
EK202310107903,131.55594262918302
EK202310192146,135.77508779237263
EK202310148551,176.308941608082
EK202310106261,141.37058818392302
EK202310146170,125.5517353171513
EK202310136162,144.13276052880232
EK202310113122,138.09071924466616
EK202310163718,143.44774967453301
EK202310183205,158.22263371776629
EK202310200858,158.9614020011867
EK202310196929,174.8646083467451
EK202310171438,161.73862860839634
EK202310174765,143.66394663087914
EK202310124046,139.21801506820827
EK202310152264,140.19687349147122
EK202310213792,159.40555129028178
EK202310165171,151.87046775313013
EK202310162758,137.40028859122455
EK202310143468,145.06764295324086
EK202310180043,125.3681387464819
EK202310147871,151.73464677392707
EK202310164549,134.89264411337945
EK202310201642,142.01974882431827
EK202310109113,129.51775704880407
EK202310174688,130.7742716981556
EK202310248259,144.3164987649134
EK202310185782,135.0872386558487
EK202310110936,137.70588702663377
EK202310117421,150.1610349569025
EK202310142478,125.11151904551242
EK202310141930,139.58116624321755
EK202310243981,131.20803237459077
EK202310172266,142.7158093420763
EK202310228140,143.0375835894493
EK202310176614,148.38638668169304
EK202310233607,176.33138796385526
EK202310106233,125.17421139000423
EK202310162621,166.7542198086659
EK202310190940,141.0755274630523
EK202310219344,166.74892242743095
EK202310154188,158.46815760820726
EK202310219915,139.96586928294388
EK202310166730,148.2095020033847
EK202310117725,124.94791896205443
EK202310166726,139.88971230544465
EK202310163657,153.87997801965832
EK202310228898,140.79308368791985
EK202310184184,133.40062967561252
EK202310125372,133.9698277898168
EK202310119495,135.10050136433395
EK202310117082,128.53537687421127
EK202310146291,141.51727622583246
EK202310241466,131.9642810007388
EK202310150849,134.59348880433572
EK202310202757,155.74829203177265
EK202310182560,142.90345055902432
EK202310112973,121.59050912106026
EK202310213514,129.73930278411575
EK202310221393,165.41782387930698
EK202310158310,148.31382566023674
EK202310140347,125.89761797836566
EK202310175551,142.48587556137852
EK202310180868,135.19561939961295
EK202320006868,164.16332600618165
EK202310248257,150.8554973946401
EK202310180309,145.20954759770328
EK202310229558,135.36737378639106
EK202310115971,135.99280577585333
EK202310160935,143.2370686999359
EK202310157633,139.5783339796856
EK202310146143,135.73341711825395
EK202310186183,142.51129081442735
EK202310211422,146.65141819500624
EK202310161977,170.08849363750704
EK202320006500,167.63758858994169
EK202310150314,145.48840079689668
EK202310110846,146.76659425697423
EK202310203222,141.3199855801847
EK202310129532,139.49820836240357
EK202310129904,152.69570575745672
EK202310186467,143.82312555309687
EK202310147117,154.18481745062417
EK202310116424,147.23224915404523
EK202310149442,145.9715681734466
EK202310104505,143.97585911543743
EK202310121773,143.96847034383725
EK202310127109,148.0836358465208
EK202310201894,157.8208794057178
EK202310188361,143.31572265664533
EK202310193295,166.74298105578546
EK202310177870,139.11376727406292
EK202310113628,142.14054496783424
EK202310139300,141.58027923752485
EK202310142961,162.6433188233768
EK202310105639,130.91785078904311
EK202310200187,130.94847934638676
EK202310235386,140.04503844601416
EK202310201587,164.6399219841907
EK202310139029,130.8034167569125
EK202310170332,148.8785147775072
EK202310104539,140.3449728412755
EK202310221009,153.54396259858174
EK202310111917,125.10491891994275
EK202310155020,147.45150334652593
EK202310209995,139.35309086364416
EK202310201277,155.4597720106685
EK202310142737,146.38368237027927
EK202310226601,136.82279669659607
EK202310248195,140.4049407118794
EK202310181017,155.33408817529428
EK202310141427,139.8030845282455
EK202310231407,133.54483457726363
EK202310137086,141.88624465219476
EK202310125507,137.34169744614493
EK202310122987,121.97909682679833
EK202310200912,135.6670875387013
EK202310104251,138.92148337137874
EK202310195674,157.6720332945927
EK202310223438,142.90411427671717
EK202310153194,159.72725194584822
EK202310213990,138.94782403722374
EK202310162781,134.7270574144301
EK202310187211,147.31464255710245
EK202310176227,142.16320154322997
EK202310234676,135.86599228680157
EK202310125148,138.08536878616775
EK202310177679,137.93980357038956
EK202310120787,128.06654820118098
EK202310145311,131.39066006151631
EK202310122627,146.36244126947634
EK202310201377,152.87501744470202
EK202310212640,147.84183605083422
EK202310123690,121.54839641687508
EK202310111428,148.77727923735992
EK202310231233,137.12770803412596
EK202310205587,138.94250975509917
EK202310126571,153.0141824339333
EK202310145090,143.8692949208439
EK202320006877,141.57934639116436
EK202310172065,140.71876533354137
EK202310198983,141.4107360841894
EK202310169546,129.80151158999354
EK202310111317,123.84445338182499
EK202310119424,127.95833719733342
EK202310135345,161.13605441951745
EK202310118372,126.19284998463002
EK202310170295,149.51699572388813
EK202310190557,140.46077703499122
EK202310200195,128.8211042538646
EK202310131868,155.28600284567742
EK202310158562,142.97441993669614
EK202310150891,133.54935846962204
EK202310151386,159.91645828017997
EK202310243101,134.83466520813477
EK202310146970,133.77999334931454
EK202310194638,143.7122603310473
EK202310142085,135.8142359555891
EK202310155341,137.98560532733262
EK202310226663,137.53085694243725
EK202310183726,164.20976933024102
EK202310189308,156.38076480097536
EK202310198713,180.00647841968802
EK202310202117,147.7822834406575
EK202310163684,138.04776982275467
EK202310111102,138.16504820435452
EK202310127044,122.54667289341077
EK202310118453,145.72794048240945
EK202310128214,135.40623705307826
EK202310135042,166.95308292307854
EK202310126915,134.03739942533548
EK202310147166,156.26207198045626
EK202310233052,136.68171900146226
EK202310141703,120.9757467445421
EK202310164168,147.4439720039377
EK202310156751,144.97661638706913
EK202310146541,139.75143182591043
EK202310184817,161.63194971576888
EK202310195187,165.51005259839766
EK202310168677,145.69648996398362
EK202310188486,142.05216656253353
EK202310224018,161.9014787210593
EK202310172986,146.77052383361084
EK202310161060,167.6899603076638
EK202310178666,128.06611031265624
EK202310166665,141.8924645388118
EK202310141091,160.88381116152271
EK202310191127,134.91541830571987
EK202310189382,132.182391902926
EK202310172890,155.2368667145487
EK202310171361,140.70270935615196
EK202310186346,133.9665115639514
EK202310189932,129.68035369023983
EK202310189293,171.97885627562013
EK202310171610,141.93368256485056
EK202310239231,132.17296028463264
EK202310201004,122.54564793682023
EK202310178301,159.04183174905208
EK202310246066,135.7766065954236
EK202310243993,151.48998326794128
EK202310240850,144.26508594082847
EK202310115127,141.65085896839605
EK202310232199,120.95261439851136
EK202310217063,132.9248205401172
EK202310115674,134.63103156277054
EK202310110226,123.16459588525862
EK202310181037,170.58699173045324
EK202310004136,140.89236308823993
EK202310159843,151.3036883768691
EK202310126952,128.81486113942893
EK202310230766,136.88018543210623
EK202310110797,134.1392062559455
EK202310231475,131.22287564194815
EK202310135719,153.06535369343666
EK202310145051,136.9316766903403
EK202310113543,153.26942925461614
EK202310159237,141.61034433823698
EK202310238856,128.64929613060193
EK202310121123,134.9140589767985
EK202310192625,147.431435802072
EK202310170391,135.24055639064446
EK202310141783,146.71806690913385
EK202310117317,125.80467385987824
EK202310159443,122.297613843607
EK202310224692,161.17489552775277
EK202310129133,138.73043073132985
EK202310118922,151.72199679012866
EK202310187333,137.05241415475584
EK202310149791,139.64989020535944
EK202310231752,141.98828271806292
EK202310130461,143.0792797278162
EK202310151790,141.701977867857
EK202310156693,133.8638163558346
EK202310138274,172.1955632653773
EK202310217407,141.24996753852068
EK202310115388,125.52694418749462
EK202310145689,148.19942515076556
EK202310104824,139.53101516209037
EK202310247570,160.70339653882687
EK202310197035,127.4053551266854
EK202310230114,145.1486465438627
EK202310105854,146.66279099754664
EK202310187457,139.51034936697155
EK202310192506,134.3939011343246
EK202310140455,131.9183130037056
EK202310226538,127.78360169754612
EK202310175408,141.4000573462859
EK202310132765,130.8759996074348
EK202310193721,139.68475490579618
EK202310151285,159.7412128323906
EK202310178760,164.23622883060798
EK202310149663,125.80671914706355
EK202310219711,127.14506497933404
EK202310217272,153.1831305701447
EK202310238355,135.59921464006123
EK202310188659,139.3580411704351
EK202310205449,126.84767869925614
EK202310233265,159.90051131084593
EK202310109651,137.32496582014667
EK202310226933,137.05933216788605
EK202310159603,126.84723727237342
EK202310105868,135.13939331376997
EK202310171812,140.34719344669054
EK202310176259,140.87228228642346
EK202310122912,172.84687503255995
EK202310184013,175.04703238503322
EK202310179868,145.21900588732396
EK202310176252,153.18312338920265
EK202310239466,135.66171743737144
EK202310228949,135.25432140230794
EK202310169903,168.17373339826963
EK202310209528,139.16713345573538
EK202310213123,135.63944297405058
EK202310173452,113.47778342708222
EK202310230252,138.11791218333565
EK202310106835,125.42514454611359
EK202320007700,150.04091550845703
EK202310198359,127.6163291247022
EK202310180758,149.92399337122174
EK202310227440,127.70995544054576
EK202310239839,138.4840840922236
EK202310145401,122.5394108353548
EK202310131446,138.0293962863458
EK202310121079,141.56819527361458
EK202310159312,170.57111510929772
EK202310167080,133.53828834203674
EK202310110131,136.31912855466288
EK202310173862,135.14402995450928
EK202310184021,162.89183736596306
EK202310223793,140.67868150258204
EK202310190740,155.88814911350093
EK202310165164,142.11804617772046
EK202310136762,133.5017884539698
EK202310187434,131.85343017806164
EK202310212919,136.6087632102553
EK202310147933,140.6931908158141
EK202310217428,136.06542844829093
EK202310163195,130.37952428639198
EK202310144020,142.22145628611423
EK202310226546,135.90702305293695
EK202310172034,132.99540801404243
EK202310113666,149.60587611809987
EK202310189588,129.73304375434333
EK202310107725,129.8327226307742
EK202310195274,140.30603988386918
EK202310180008,130.69499988811418
EK202310164031,128.37386449427603
EK202310229645,134.7272371690032
EK202310125934,146.49020171404234
EK202310218196,143.27489743356358
EK202310119725,155.29839079005382
EK202310133573,142.6566685344968
EK202310219254,161.81729191215877
EK202310105775,141.59266524955828
EK202310163730,144.3421399553901
EK202310119408,157.41425787249872
EK202310134331,137.56894900326196
EK202310138761,159.9543083365837
EK202310126020,133.87116948398628
EK202310128964,141.77146028340192
EK202310225868,161.82598474298126
EK202310217967,124.67896035969383
EK202310222323,167.44618148980115
EK202310206855,141.26646955747458
EK202310152085,150.87792293750326
EK202310004023,150.30172213604158
EK202310211193,157.7977746981935
EK202310189925,128.81045375865327
EK202310152235,146.17891339801167
EK202310189056,143.76677400420175
EK202310242595,129.20961946873663
EK202310140195,134.42616047519482
EK202310181500,141.16165864948806
EK202310171216,133.0826838117208
EK202310209110,138.43635366538075
EK202310246479,128.71850013281414
EK202310194938,157.97572959277605
EK202310224895,136.91199265144533
EK202310195509,139.09702981527718
EK202310173849,121.07649427344211
EK202310116837,148.34175838454848
EK202310105574,130.8568762579382
EK202310196041,160.25721374573993
EK202310122385,133.50668452585788
EK202310193454,138.11440160084436
EK202310124125,146.6161546398354
EK202310180862,124.11325784220139
EK202310234723,143.0587794967636
EK202310126036,129.91905346027727
EK202310171137,166.27325989834745
EK202310233393,130.991195300091
EK202310132926,144.5347413566848
EK202310160365,134.15919601247222
EK202310211274,141.3592007611497
EK202310225058,162.57220066782259
EK202310194840,143.37933366826917
EK202310216072,113.77261459152791
EK202310224888,158.62060454586398
EK202310003930,139.14224128351407
EK202310187789,162.15215663213598
EK202310237317,126.66006181989898
EK202310188643,143.476801681827
EK202310163618,168.67797819957644
EK202310216984,158.4927189399849
EK202310243216,139.14095785717348
EK202310111010,125.81874182019726
EK202310140852,135.20199367004312
EK202310114085,142.49569616560348
EK202310123385,138.98720517731525
EK202310222159,134.77665028647374
EK202310203038,143.65987095349732
EK202320005703,165.36402742006328
EK202320006527,159.397754949862
EK202310234277,145.99627589046096
EK202310135781,137.1259508116966
EK202310157465,145.27914933906132
EK202310178744,164.96570840796332
EK202310238253,149.36244818150612
EK202310122583,136.19084741993714
EK202310214372,145.39947587482544
EK202310174457,144.1454349619716
EK202310167149,138.7410007478185
EK202310228958,136.60446167404487
EK202310157246,153.675347597619
EK202310148323,144.80597067622904
EK202310174823,157.75613784727182
EK202310165142,142.4523309374243
EK202310207746,136.80887785073432
EK202310245090,130.60439322367137
EK202310181612,138.0138107403453
EK202310217652,125.28418549055726
EK202310161957,145.43943889915147
EK202310116818,137.68077930746327
EK202310180631,145.82924092148968
EK202310158422,164.67143016038327
EK202310195969,162.54319928523532
EK202310226142,132.33753666780706
EK202310199652,168.49806326475868
EK202310150930,147.99099141942534
EK202310148331,141.7314138131885
EK202310189171,155.68427105376242
EK202310194950,153.19085380807746
EK202310242729,140.4272735505014
EK202310221050,137.64547909441612
EK202310105169,144.71515824897128
EK202310231810,132.71923435972099
EK202310201600,162.27719814084918
EK202310173892,137.2649139987282
EK202310103909,151.59901055505014
EK202310207543,135.94647756345842
EK202310217532,121.57855850130021
EK202310131408,126.22850795821606
EK202310216303,131.59301623913635
EK202310207214,155.05397789546453
EK202310237069,144.51441073123056
EK202310130210,149.91404149358354
EK202310148179,157.69122904131893
EK202310230098,127.09218689627504
EK202310106540,134.00544853174182
EK202310247875,132.3755189316123
EK202310131197,151.99113714241386
EK202310213017,139.90441933662007
EK202310226797,145.27702713944197
EK202310124853,125.39768092178657
EK202310219648,124.38004405406922
EK202310242013,151.15948056170495
EK202310190443,131.5167602468007
EK202310142718,126.53707400561645
EK202310173178,140.94553552732793
EK202310125534,139.96134401040175
EK202310122118,137.5590492483411
EK202310151782,150.68371040001625
EK202310142165,134.97070133526262
EK202310120956,146.52509107508607
EK202310158163,143.7216607649981
EK202310110021,137.35886939663806
EK202310196057,157.53226544806157
EK202310199008,145.7219166563841
EK202310003987,154.5396367217088
EK202310240352,144.8458707221306
EK202310165694,138.8206510087238
EK202310232204,134.5490747364249
EK202310125243,136.85899388110454
EK202310171212,138.99599066139191
EK202310165904,137.62441650590492
EK202310156703,136.19429005643852
EK202310161254,140.5705251387617
EK202310141589,130.56548083949204
EK202310139870,148.8217470147637
EK202310003550,141.8546897881328
EK202310004721,140.19663330593139
EK202310237716,148.5426586845064
EK202310162213,142.79847229784343
EK202310231470,138.76391519612957
EK202310165710,160.65978526861232
EK202310219597,118.68238637217037
EK202310177018,146.35383364269939
EK202310113173,135.15809684167914
EK202310161177,143.22209255817128
EK202310105482,128.7471459128023
EK202310178942,151.42332794546584
EK202310105694,147.12645478612862
EK202310120998,142.77425531249435
EK202310216864,162.85339775143697
EK202310198211,141.67599306986676
EK202310118620,152.71002587723407
EK202310221238,130.26464676414287
EK202310161217,152.65286915639913
EK202310218766,134.68877288305814
EK202310128213,135.53811632992105
EK202310137523,164.0571466750838
EK202310210262,130.7940836068899
EK202310155407,132.44482223974987
EK202310156355,158.8887017584665
EK202310171504,149.69003226507016
EK202310205541,131.97876524998605
EK202310165351,135.06534339489656
EK202310247442,146.31507590203827
EK202310131239,139.62797506917926
EK202310169672,135.04430057609818
EK202310118977,136.74150532977822
EK202310235793,159.9823480025445
EK202310200392,146.88350420121878
EK202310164965,133.80895572806648
EK202310171249,146.64149196913132
EK202310106318,133.38406632736067
EK202310237266,126.14218225971176
EK202310147471,139.6977820826922
EK202310194031,121.71011470585903
EK202310192307,138.6209929251181
EK202310181117,119.16654574435022
EK202310116526,160.05619022411
EK202310194824,160.63167397804926
EK202310162842,163.91332366200834
EK202310181349,129.49265823549314
EK202310164261,150.8653710847083
EK202310131101,150.41092527695767
EK202310151625,139.96960790287326
EK202310141286,152.85962797182975
EK202310241249,156.99226921826622
EK202310212872,125.8477818715392
EK202310226815,133.81821800915992
EK202310141152,140.25107529170842
EK202310235794,136.0478369679009
EK202310229993,137.07305233921042
EK202310147668,155.46351320711372
EK202310164475,137.6356993763931
EK202310110039,143.90513011881146
EK202310187421,136.18871161350415
EK202310215044,159.11810778979032
EK202310105965,138.61613561073509
EK202310120150,141.56009639986064
EK202310201212,157.75320258721692
EK202310127536,136.48136954912854
EK202310165403,139.43723647577906
EK202310135385,149.4399325765087
EK202310159428,152.29856073361094
EK202310214834,159.8467850450073
EK202310130931,147.72971972285512
EK202310206054,157.7890543195296
EK202310112744,142.7812796212761
EK202310242341,155.27137697527922
EK202310159100,143.3087091137851
EK202310186817,130.57055590669384
EK202310187749,139.9395901669833
EK202310246213,151.1941348147166
EK202310202813,140.95346401413502
EK202310119983,128.39531581580667
EK202310241219,168.29968350260276
EK202310195435,163.87680678427924
EK202310199454,149.87274346545502
EK202310194920,155.50413485400705
EK202310151167,124.77711419625696
EK202310204930,159.4009341137631
EK202310210621,140.2215193263996
EK202310234981,138.75785151000184
EK202310218747,150.41019130063643
EK202310125674,131.1465032934557
EK202310004025,153.18624361336325
EK202310131481,151.05252374096108
EK202310162994,139.3283411715488
EK202310232677,130.23786271066874
EK202310004278,136.13694265051637
EK202310108810,151.691091036891
EK202310225683,136.77727905929694
EK202310115846,139.49201323137362
EK202310003668,164.12452720344066
EK202310153044,150.48745946475748
EK202310206782,159.74260267033534
EK202310198360,147.36027558856125
EK202310103708,139.54984367074033
EK202310138116,128.02732313262612
EK202310160576,136.58953565395637
EK202310183081,128.44008332741868
EK202310105137,138.24634302966882
EK202310170115,146.0144958045539
EK202310116604,149.60419757230463
EK202310236944,146.29452171512162
EK202310175444,155.31850537262562
EK202310150908,154.11113852673196
EK202310204946,138.02050091060852
EK202310139272,134.2219255506434
EK202310173841,143.109983230249
EK202310241566,135.61387895058246
EK202310140944,161.18782344476404
EK202310166702,131.43434438065526
EK202310172479,146.03111824101137
EK202310209418,132.5104621441989
EK202310165364,164.09547372368235
EK202310170685,154.124941275618
EK202310137383,135.23558836978768
EK202310208374,132.41957790091266
EK202310124992,144.14225187051142
EK202310227242,153.7819917505108
EK202310200684,136.73067134924605
EK202310137981,132.4777893057905
EK202310183855,150.368132489779
EK202310120432,156.69932688155635
EK202310128607,139.97566187267455
EK202310146775,142.15329932375897
EK202310175473,147.53413682195273
EK202310194578,171.88210885445545
EK202310199456,135.40466194962406
EK202310114576,144.94531875685797
EK202310232002,139.42901400226802
EK202310133113,158.24012163340325
EK202310177757,165.72361728198356
EK202310106035,139.92045068015454
EK202310161565,154.09782845956465
EK202310110506,136.02630150704084
EK202310206193,136.1392668891906
EK202310134593,162.06274665346888
EK202310157521,146.10744295736177
EK202310142924,142.43707249745242
EK202310237263,150.88539141955223
EK202310170297,163.41618369337806
EK202310106326,133.74329951650824
EK202310128380,132.97720204956786
EK202310222238,133.72712157753298
EK202310194876,137.5232687522536
EK202310228783,162.9829236328878
EK202310186905,158.6644832494725
EK202310116223,145.99591608316737
EK202310124674,140.31894823637887
EK202310164997,142.97912607672296
EK202310164834,138.58123649601276
EK202310207829,131.71194415967372
EK202310156532,178.14193700557482
EK202310129196,127.46661180230132
EK202310119383,170.3879589581668
EK202310246942,135.4855190348193
EK202310108008,139.32721691374118
EK202310209225,139.0447703617228
EK202310191622,156.53335561912172
EK202310207087,158.1137350605257
EK202310152145,148.98022448417282
EK202310130483,145.47322099260774
EK202310218772,142.09693058008287
EK202310202740,160.70810080102206
EK202310189738,134.62629111010662
EK202310150713,152.80764202982598
EK202310235780,135.35231332818566
EK202310245036,153.7466226748078
EK202310003439,122.87606460177774
EK202310231070,123.8204987693219
EK202320006731,152.29435551563472
EK202310244442,145.03621696922582
EK202310132886,136.23093070059227
EK202310147295,161.13907500144484
EK202310133587,169.39916701564633
EK202310186397,157.81688553944952
EK202310123728,151.32613672374117
EK202310232420,145.40281164743226
EK202310233200,132.33873386105617
EK202310187145,140.51094980296045
EK202310238519,123.6318812760731
EK202310122640,154.80441816594808
EK202310114892,137.04061476002704
EK202310172340,144.11029264644336
EK202310109402,141.1812869285748
EK202310229865,126.97341361893211
EK202310202666,151.92237608394612
EK202310106916,145.6964594790372
EK202320005781,170.75321876174064
EK202310127666,134.61274260322787
EK202310224319,125.77373701510177
EK202310164602,146.62298765693126
EK202310118941,142.4850812670438
EK202310234012,133.52279879578631
EK202310199233,133.13926907986593
EK202310214877,142.2864515672374
EK202310179245,142.84240435539976
EK202310160250,137.91294338025062
EK202310219316,132.22221793099712
EK202310175330,137.74193411016657
EK202310156975,150.12645719884878
EK202310115055,139.69983445004
EK202310112754,133.9688754635484
EK202310175770,141.98170736621114
EK202310218114,132.5963022802281
EK202310135889,130.40992666763194
EK202310245028,147.43738591406375
EK202310104852,155.55345043097762
EK202310216044,141.5760809039456
EK202310230940,124.10835881778839
EK202310198398,154.34512197635323
EK202310152619,167.27127878110167
EK202310168477,148.9653756977731
EK202310236502,128.82423608880433
EK202310112037,143.75065801077383
EK202310159871,138.4577789594969
EK202310213645,133.2009262548482
EK202310120040,140.20589507075738
EK202310183203,141.83321578736232
EK202310109200,142.51829760639808
EK202310132933,139.29541694774517
EK202310137560,135.05319470645819
EK202310177041,138.89387119948665
EK202310137910,137.27160828868188
EK202310104847,124.6148798995617
EK202310200423,135.3651054469071
EK202310187271,145.95901308300617
EK202310213803,163.23009343847463
EK202310246954,126.67464544060026
EK202310118188,134.43625029918647
EK202310134413,160.37093992005978
EK202310232546,143.0751326270136
EK202310158497,157.6835295875277
EK202320007533,144.35004976381722
EK202310174045,154.71275930116303
EK202310232493,138.0340367365929
EK202310121025,147.93379101922403
EK202310203256,159.14087480085985
EK202310142445,171.6056986659756
EK202310184247,166.28803613634304
EK202310192611,133.47243099575286
EK202310119937,149.66975823234276
EK202310231831,149.79612122147896
EK202310208214,141.92450400250937
EK202310237790,125.23250261618098
EK202310187705,121.8256368415702
EK202310209139,140.2186743746112
EK202310170634,133.19268809566796
EK202310146481,131.97783750810092
EK202310198380,135.5014888695241
EK202310226702,136.07964625334535
EK202310222936,138.4880069071452
EK202310197081,126.02053643347261
EK202310116985,136.99411803599557
EK202310223669,125.3433409573379
EK202310204735,156.97363008666517
EK202310184616,134.55235753861086
EK202310148138,142.41838905281827
EK202310134199,149.1454370468401
EK202310149246,136.98942956413538
EK202310237457,142.88531028389696
EK202310160240,157.7285019015563
EK202310177402,156.22263216111133
EK202310231985,134.84436938702814
EK202310171409,138.97847934526425
EK202310176316,145.46231902181282
EK202310164869,140.56899978045047
EK202310134160,127.71623332586763
EK202310213361,135.75260423630021
EK202310204421,137.8100842633592
EK202310209884,138.81827802645412
EK202310136308,144.14754940294293
EK202310242777,126.70973852758836
EK202310193657,129.7480608312737
EK202310188052,162.7475375625222
EK202310147057,127.02793509574535
EK202310153768,138.27739445703
EK202310144579,134.46412013003044
EK202310198362,158.04411878510695
EK202310105880,179.9194008530681
EK202310171799,144.00985665772467
EK202310120109,135.88879251912687
EK202310216065,126.61011834529766
EK202310170495,149.0473518115863
EK202310125667,167.77591183640945
EK202310105906,143.4511727871299
EK202310003424,138.162421071737
EK202310195264,138.5179606648759
EK202310130646,131.8510268279765
EK202310115346,149.23241967836097
EK202310106003,131.05185622943523
EK202310193189,170.38899831525856
EK202310120005,132.06446031468164
EK202310225659,142.29594148937545
EK202310187329,160.41214189518607
EK202310234854,139.35701848921434
EK202310245195,144.93547786850323
EK202310245177,128.42788427518414
EK202310229481,140.07669849105864
EK202310218683,130.3689757946844
EK202310232957,136.99102395729838
EK202310244525,137.92693869560733
EK202310238364,143.41468156194122
EK202310233731,133.9335637074614
EK202310114718,141.06957540901735
EK202310152186,172.35859216563634
EK202310217521,130.77168500091216
EK202310183796,166.82876379445915
EK202310218461,128.60820171630223
EK202310113523,149.36855039608645
EK202310149413,169.1832347651666
EK202310115324,145.58919902601497
EK202310104367,144.6851692502457
EK202310124772,130.30727506272942
EK202310195448,136.2541762151301
EK202310211731,127.0341695489621
EK202310162193,125.38561999214197
EK202310187308,138.15123320433267
EK202310129859,139.83705104517645
EK202310170962,161.82138937223684
EK202310235749,126.06967214793409
EK202320007870,156.9379753651365
EK202310154838,159.35748575268588
EK202310206242,154.38967975517207
EK202310209717,138.60337757115835
EK202310247573,144.8919530776288
EK202310113989,130.0953500462533
EK202310152196,140.42421530998783
EK202310183083,138.04235471506547
EK202310234475,126.68119944217312
EK202310234459,138.01384241111091
EK202310106650,167.1259605739535
EK202310117634,137.48338501618122
EK202310128279,136.59955586423362
EK202310158721,151.9515119309686
EK202310234607,142.2881998191643
EK202310149804,140.62648398812738
EK202310242352,136.2219205546718
EK202310126148,151.4443956970372
EK202310165882,136.95502213416913
EK202310137378,159.69917354450044
EK202310112801,135.86634612347467
EK202310119995,124.54511947772305
EK202310123123,136.90204657808073
EK202310190387,150.73865446012212
EK202310226519,134.30745591351376
EK202310129375,134.57862039842558
EK202310245192,143.05961562646124
EK202310215168,147.61276398805933
EK202310137434,142.37554587831877
EK202310194720,140.8218831969024
EK202310201666,153.8015861696774
EK202310193830,159.33063373172928
EK202310178910,137.8847610892206
EK202310110446,145.46580422705028
EK202310166237,131.0383239342491
EK202310180109,145.08548893432757
EK202310146375,145.98868009874468
EK202310227332,136.07008186448726
EK202310241765,149.2804660036468
EK202310229368,121.23124218625607
EK202310135373,140.27032967645093
EK202310169663,153.7117212258394
EK202310236365,120.59854222268751
EK202310182601,134.1121906337124
EK202310144591,126.25149497730303
EK202310203065,142.02628753471035
EK202310185758,140.01344787138686
EK202310105204,144.3095441912084
EK202310150175,144.9212046235057
EK202310172599,141.58142017745962
EK202310145266,151.90788775127675
EK202310004647,149.01097892591156
EK202310242466,145.7006793417006
EK202310167834,140.62817307928955
EK202310225932,128.8556534642314
EK202310132329,130.56443650191753
EK202310123888,141.29636435130897
EK202310208707,161.3856803161364
EK202310201294,147.70371291281222
EK202310233641,144.88403623697437
EK202310140113,140.53131383164728
EK202310218544,136.55524577528155
EK202310219472,137.6278935330795
EK202310143848,143.07143542084336
EK202310134434,138.06113271460933
EK202310236630,133.06857252343534
EK202310198379,137.49215014058643
EK202310222797,135.2193752163451
EK202310248842,138.25396683398716
EK202310132974,129.43722319908179
EK202310235130,138.60255598325728
EK202310238228,145.39875801339895
EK202310226782,137.17456733538248
EK202310210339,125.20836042693138
EK202310189790,126.91645043938559
EK202310187315,161.24959309341565
EK202310171801,127.10336584003754
EK202310123573,135.37467201052607
EK202310172773,137.10489669185424
EK202310139716,140.9542622492016
EK202310110431,130.52924159054922
EK202310189055,136.87940454580513
EK202310124983,139.66770384977485
EK202310190155,132.02671209125276
EK202310238929,161.5602818728366
EK202310180436,145.83173889597597
EK202310230021,145.62074632596847
EK202310181912,146.3695720772907
EK202310178377,147.50602369989983
EK202310145374,127.02841702438612
EK202310126596,125.24528950413244
EK202310225731,130.26148616754182
EK202310138678,151.3239499882173
EK202310172372,142.04480671076587
EK202310116119,129.62417403072246
EK202310167609,164.92156844174576
EK202310244078,148.44349723819477
EK202310217427,126.31660939757828
EK202310182904,140.53830661938724
EK202310208329,154.12671962834781
EK202310189009,150.73826498595136
EK202310114945,137.59495993274723
EK202310139882,137.71800680277008
EK202310206869,146.83972078307517
EK202310192874,158.2289044204977
EK202310216134,139.05032961250382
EK202310203212,132.90660327584874
EK202310156888,148.76230118305358
EK202310182240,139.17655654052606
EK202310141092,164.2843694652249
EK202310124359,126.03512938585871
EK202310152947,145.28731546659134
EK202310114595,134.97307686796955
EK202310146656,129.32759823991165
EK202310223051,134.95174776993284
EK202310134381,128.68164862896631
EK202310208234,140.49005267575924
EK202310169332,169.5719550935042
EK202310103907,145.89776197137934
EK202310143678,146.41190883776866
EK202310114762,132.53905259389828
EK202310120679,142.5984258017942
EK202310153376,151.48740166037604
EK202310207113,148.23527535826295
EK202310229661,122.17068731377894
EK202310219333,164.9723455456702
EK202310131040,133.31516401550053
EK202310120192,135.0610469145035
EK202310114032,135.43159501231054
EK202310178367,151.8089783033034
EK202310195835,155.40202711846987
EK202310154385,128.5265514907056
EK202310215393,160.80505117081054
EK202310107773,134.54350065670235
EK202310164250,148.27167924257728
EK202310158284,164.8616212432136
EK202310181120,142.56557539098912
EK202320007585,139.97058851122435
EK202310182248,163.41008771004934
EK202310178445,151.94013837898441
EK202310151607,142.89863388023116
EK202310114270,126.34312163023813
EK202310237697,128.50160279782463
EK202310141166,124.56522317237342
EK202310153773,142.07577176648408
EK202310129425,137.51191217413677
EK202310114483,141.46145571300727
EK202310235872,131.1929286329654
EK202310140448,136.05722558966332
EK202310140940,152.06422393545526
EK202310173832,132.95195964369947
EK202310131844,145.0552254556002
EK202310236956,126.59379844099836
EK202310166354,149.7000546627756
EK202310122182,145.76174791823763
EK202310212213,139.50342413875566
EK202310165400,154.41253036790786
EK202310148714,139.67718459259333
EK202310126880,143.43264740448114
EK202310191702,141.29680761372344
EK202310161903,137.95058325094584
EK202310223034,126.57041534093987
EK202310188051,169.9461944742605
EK202310205595,157.67479128163626
EK202310171306,142.3101282002225
EK202310246135,136.49362627569093
EK202310210097,173.41491640355986
EK202310191192,155.2108051500986
EK202310216619,147.87530150814376
EK202310153794,157.4793607872205
EK202310122914,164.4779123395403
EK202310122058,141.879031693718
EK202310138004,127.11516537478224
EK202310221367,176.20435478811453
EK202310158770,134.0354283443515
EK202310145695,143.5432455425053
EK202310125582,127.76781744339695
EK202310136243,131.78520912955995
EK202310194117,129.593158926219
EK202310107078,141.18304771274433
EK202310190139,131.64850836391298
EK202310156770,155.6829315462348
EK202310178929,161.88972337706184
EK202310164953,151.33708025003955
EK202310118034,130.5658754217857
EK202310227978,137.9214505656963
EK202310144597,137.89430674844368
EK202310176112,155.57999061393372
EK202310162357,131.73184214146883
EK202310176897,138.95469530485047
EK202310134145,127.6384109968413
EK202310129907,131.53563496969778
EK202310229306,143.41505259410044
EK202310198497,146.26139921612176
EK202310163561,126.15464511268873
EK202310221369,141.88839618444055
EK202310176645,137.87958022077385
EK202310157146,163.03441911257855
EK202310120273,153.41660383133313
EK202310192592,134.22051667657146
EK202310169221,150.47728456737815
EK202310191453,137.99326736367485
EK202310131848,139.05669597988359
EK202310127626,144.90383551892498
EK202310213244,145.00671095615263
EK202310137030,132.29256858955318
EK202310146412,128.82462425235826
EK202310173918,159.05599943273697
EK202310161898,165.7608294698617
EK202310106892,147.5609598596376
EK202310110349,128.3052742525433
EK202310209540,135.03726671464725
EK202310191336,136.9419177784922
EK202310114498,132.3204546862937
EK202310181006,160.66849831578452
EK202310212668,132.2689245422887
EK202310158230,153.981944012403
EK202310004318,123.49573428393498
EK202310247144,151.24202346913555
EK202310107710,148.49176176647123
EK202310228147,133.73577229727675
EK202310143106,147.27532421585823
EK202310167345,132.36189120099652
EK202310208077,127.99082836843756
EK202320006983,151.95077321657675
EK202310243790,131.36513870600518
EK202310126443,127.95491485555861
EK202310245699,130.73176269724263
EK202310194114,136.7748315752439
EK202310195998,156.62662538560815
EK202310198935,142.31208775895857
EK202310164465,145.70160827310602
EK202310181559,146.23377221511444
EK202310194595,151.6419861441626
EK202310158381,140.4300745197377
EK202310155757,132.01910026550593
EK202310180220,154.61198451269556
EK202310179540,141.38248308988446
EK202310161312,150.63115893893666
EK202310185555,138.06572962828187
EK202310186696,137.3933670004329
EK202310161004,146.1715243271909
EK202310124318,130.2849337691456
EK202310162537,160.74889159850207
EK202310246753,133.4685230762649
EK202310225958,120.40871698250346
EK202310186853,147.56336369149815
EK202310171921,155.89773184343264
EK202310114970,128.10811502719102
EK202310215111,164.0802914018416
EK202310211062,151.36436918373383
EK202310189772,165.02471211248007
EK202310136766,140.99933673959308
EK202310126300,139.11477023860851
EK202310221810,135.70045751337463
EK202310204369,138.38306899814017
EK202310169470,159.96050430329822
EK202310189339,142.52773957242636
EK202310190063,153.16404667505705
EK202310220996,117.65044830682892
EK202310164885,136.38585325528786
EK202310191557,142.76428195274016
EK202310210576,131.18639600967794
EK202320006385,148.2255621377849
EK202310192386,141.20345449052323
EK202310129301,141.22217077085594
EK202310212266,134.57732620043984
EK202310248678,129.75734908037956
EK202310121007,137.66056498619608
EK202310158409,140.74806967040607
EK202310230262,169.17771249478923
EK202310105099,145.01563767736744
EK202310225197,130.53145192521313
EK202310141113,135.37247992295895
EK202310112350,137.07890501059063
EK202310220805,134.99725982118142
EK202310220038,132.60228105479484
EK202310153113,160.09459161817136
EK202320006647,165.62110926121602
EK202310145953,144.92414961343798
EK202310209351,137.06117451426852
EK202310202126,135.472413273315
EK202310191102,141.72090385469323
EK202310127097,158.44872787704992
EK202310126540,133.35139564112558
EK202310202419,140.41204313920304
EK202310116857,131.96968741314197
EK202320006346,154.7582578228046
EK202310216539,152.11221297686564
EK202310224958,143.93959560147565
EK202310222877,159.1688553400339
EK202310104924,154.62662102989057
EK202310230930,134.63350628807254
EK202310176678,156.89979026307796
EK202310144934,130.48533471547003
EK202310148649,138.64447678604355
EK202310168500,163.1213635076778
EK202310150427,127.79757820939577
EK202310205648,137.7185914707457
EK202310159787,127.70205916548689
EK202310131529,144.31923300222735
EK202310173679,127.24882083001269
EK202310216340,134.355705704983
EK202310113807,154.7047017037109
EK202310189797,116.28736200169118
EK202310172848,131.37686529376163
EK202320007206,137.3869421331038
EK202310183124,138.4198638702892
EK202310202871,153.2586552614959
EK202310195901,155.46718131925215
EK202310108242,139.36967342536772
EK202310209662,135.61216010852056
EK202310186506,149.7484189473673
EK202310241427,135.5820635335061
EK202310104646,154.18825717967653
EK202310110500,147.9536194290915
EK202310140229,123.73788183316017
EK202310197951,125.92136563313345
EK202310204251,123.53234622177692
EK202310218413,139.1400307821554
EK202310111117,150.23818737141022
EK202310153521,148.57216855522208
EK202310163012,152.59255008251932
EK202310238189,166.27430817456244
EK202310139597,148.07797371247665
EK202310239588,136.7831188884805
EK202310197135,140.05245902983475
EK202310105473,148.10088617668737
EK202310142438,147.79229457321532
EK202310238026,147.51589504410984
EK202310194838,152.95537376594825
EK202310218361,136.42814802318068
EK202310192741,147.55227767253692
EK202310193265,143.83004863095252
EK202310216986,126.85756732323141
EK202310230537,145.64315641092125
EK202310119794,144.7402014173923
EK202310170043,139.3529876056709
EK202310108833,133.91517522178086
EK202310161240,159.565613568648
EK202310234010,140.7943634555958
EK202310109182,138.5788086388506
EK202310230972,127.58068093224554
EK202310149335,145.39079410882502
EK202310107970,137.8488103946238
EK202310149458,143.6076383169533
EK202310144815,130.11653235065074
EK202310155738,146.53677603369084
EK202310204043,133.91287061612206
EK202310150762,151.41220998936183
EK202310177738,134.44411724547513
EK202310156587,138.95732953294177
EK202310157016,145.60817564238306
EK202310206235,143.1684569224637
EK202310220646,129.7015050434362
EK202310173733,147.9291055946495
EK202310245161,158.9473771728778
EK202310246615,146.20117020970778
EK202310107283,153.60301670783065
EK202310172948,137.49817072734498
EK202310223104,131.0371778319772
EK202310137920,132.06789352221577
EK202310237485,137.61915694277508
EK202310185339,143.48616165086517
EK202310150373,140.8504842404268
EK202310181031,139.22183185133085
EK202310246036,131.4855231880741
EK202310211321,128.97383339115905
EK202310166021,144.2083881065263
EK202310104995,131.2040238645509
EK202310154804,139.36218480420337
EK202310207957,140.14108907864463
EK202310115976,140.51881807840616
EK202310146527,156.5532411538179
EK202310241764,163.06548128371648
EK202310242749,151.74460619997902
EK202310174079,136.21175445498486
EK202310246052,131.61007630693726
EK202310224322,133.1365533882255
EK202310136529,129.76913560800125
EK202320005962,170.97365843617067
EK202310220450,137.08015299461525
EK202310212212,141.27196144184936
EK202310153182,147.72228707774673
EK202310105480,125.90352254237672
EK202310125339,130.92999126617354
EK202310237988,154.18801824067566
EK202310159218,140.86359554786333
EK202310178861,150.8243690627414
EK202310146447,132.8384547865225
EK202310242533,124.15866604994656
EK202310239148,150.5438127859994
EK202310206069,156.03861623553922
EK202310209438,139.3035852283879
EK202310203458,141.35353778180428
EK202310139769,136.06031540144016
EK202310192295,148.9711130513109
EK202310213849,155.79341485555327
EK202310117386,130.08853090942188
EK202310148126,147.500725119806
EK202310141622,140.28029824234758
EK202310203974,155.0378868369859
EK202310124862,140.92129039240882
EK202310238082,136.8640266073659
EK202310131352,135.59499421513203
EK202310123750,163.36329963192912
EK202310165127,132.2219276707958
EK202310166390,160.4321186793795
EK202310245131,137.40888397896967
EK202310191228,163.83243691807155
EK202310218338,126.8972642627538
EK202310229880,135.20906390537007
EK202310139618,145.05761511312457
EK202310166418,132.0256386983682
EK202310114847,144.49999469560024
EK202310129128,136.26990865355927
EK202310129085,134.5244728891293
EK202310208641,156.465631755341
EK202310241385,164.51549688161757
EK202310231427,133.57654032033946
EK202310183819,141.58059046250992
EK202310103894,139.76171801701537
EK202310115562,141.9257026294822
EK202310153110,163.16333823436642
EK202310107637,137.77391557298307
EK202310003429,139.11491528599183
EK202310141699,139.65792013114748
EK202310200793,131.67192248211146
EK202310107984,155.5992358376189
EK202310113752,144.07868411487502
EK202310136157,135.42782827268843
EK202310207954,143.85232092776138
EK202310135579,159.3755933031024
EK202310166104,135.6876953355362
EK202310127366,160.06201496088707
EK202310121696,146.17958506057175
EK202310138993,139.42100970820704
EK202310207033,136.7898415395771
EK202310122660,137.45283884157226
EK202310132081,143.02427346531417
EK202310198420,129.8614311007541
EK202310144336,135.74431760146922
EK202310238656,162.19762873005075
EK202310230161,131.80000767061154
EK202310202206,147.89700221735438
EK202310213571,136.3682487886492
EK202310203092,154.37527300442179
EK202310194418,149.33277011442038
EK202310128430,154.62921626023953
EK202310225153,166.48409961168676
EK202310160344,126.68650927403374
EK202310130554,124.62310431810936
EK202310165569,169.3688500530385
EK202310199349,137.34413046194226
EK202310129160,163.34525387768673
EK202310169725,159.10595025108867
EK202310160348,145.36783063318393
EK202310126901,127.98544199736412
EK202310199923,145.66160996367987
EK202310214691,132.48434794133155
EK202310202989,167.05944929990335
EK202310117244,134.6376847076923
EK202310162223,131.65226707776156
EK202310178451,166.546447467059
EK202310233563,133.90762438807795
EK202310109378,151.96387457315848
EK202310177478,143.20680670738997
EK202310109053,129.76394024313083
EK202310125187,148.95489391198865
EK202320005814,157.28745962228592
EK202310211630,129.9526252787732
EK202310156552,155.77131792401653
EK202310148023,159.82414182169126
EK202310166593,145.05202426091134
EK202310215548,141.5891801359892
EK202310111952,141.82494184008002
EK202310187710,144.47879185897642
EK202310157541,150.30569682862114
EK202310171275,148.61141862459036
EK202310113025,134.2637432965444
EK202310197258,159.41246246171656
EK202310112846,132.75433589746038
EK202310127206,134.4668408422802
EK202310115243,140.06623626368327
EK202310124158,134.24246237486972
EK202310145344,148.13799971441057
EK202310115574,144.4046799330884
EK202310157721,159.10237327748422
EK202310122313,126.93596585306659
EK202310139139,162.51478719761647
EK202310225769,140.97040736780318
EK202310238365,121.77883257779303
EK202310237637,133.9232332051641
EK202310109616,160.32861225629142
EK202310133259,138.35437681778774
EK202310228157,149.97189662367023
EK202310198466,149.1953956390665
EK202310106809,154.40186359839024
EK202310165950,146.70752176993778
EK202310128641,143.058314450749
EK202310148916,137.28432496385997
EK202310114147,154.76691066031114
EK202310232304,134.94125600787336
EK202310188415,128.65881864553808
EK202310232540,138.60579666308303
EK202310207576,146.6222746741409
EK202310231963,137.2651995742058
EK202310229805,144.23732717584298
EK202310161625,136.22585490791894
EK202310223364,140.33821401323289
EK202310145207,159.05631871880894
EK202310154942,146.70089634726912
EK202310177414,153.39591903427413
EK202310151135,150.82012664073358
EK202320005867,136.12359408226973
EK202310199483,140.3054461308301
EK202310193069,147.19444972589952
EK202310231001,125.74642301112259
EK202310153397,126.22881086641306
EK202320006411,141.68989393891792
EK202310178129,120.66208404090328
EK202310158178,138.109365318676
EK202320006728,164.67464954374765
EK202310168603,148.86441100932504
EK202310188957,141.9479858980221
EK202310134962,149.21905585414282
EK202320006232,147.31011388517106
EK202310216197,140.65044813165133
EK202310205473,131.64633922214313
EK202310177138,129.11518661133127
EK202310003578,141.47510595124731
EK202310125915,133.56656885749712
EK202310163847,146.84006217439003
EK202310175723,128.2303626803149
EK202310167304,141.68711088095992
EK202310231580,127.06127223711094
EK202310224672,129.9814999780095
EK202310231849,160.1418937965492
EK202310118283,134.186204208844
EK202310108021,134.9548461511016
EK202310244191,157.55303176559354
EK202310176446,146.86444216664933
EK202310153144,150.73425901670126
EK202310192762,146.91930136180812
EK202310155944,137.94187515124904
EK202310122042,133.60119765318788
EK202310139279,138.8472867735747
EK202310124333,129.99642959524863
EK202310222309,137.7537845648316
EK202310237489,136.47823497375137
EK202310225285,149.9495895127674
EK202310205925,140.50293892537388
EK202310146849,132.74611080800722
EK202310155584,133.5248602377178
EK202310127840,140.0631516521546
EK202310159012,134.18891941924122
EK202310171367,139.10907282670553
EK202310179659,134.8599341402932
EK202310147533,140.20720987821045
EK202310134101,127.4627529164107
EK202310167244,141.51214897275585
EK202310134522,139.2975523316697
EK202310188890,173.59033398991332
EK202310152081,159.58004057041057
EK202310168749,153.62894305142768
EK202310185345,137.40455451698003
EK202310212863,142.3459996832059
EK202310104615,128.08238986693382
EK202310188714,135.7781568897046
EK202310148084,144.89514181568956
EK202310211875,155.22654374050597
EK202310134441,151.9986335469775
EK202310187368,145.6241308135678
EK202310142139,125.71309544052298
EK202310216736,170.54122317853745
EK202310148523,132.03849636147405
EK202310177638,136.62247488028072
EK202310191439,142.97495236878237
EK202310184957,149.9202753004127
EK202310229730,129.45886314658014
EK202310171653,150.2179029927343
EK202310119614,139.57131494090575
EK202310193277,138.47752841338925
EK202310221106,134.8476864464739
EK202310196517,146.08014929625693
EK202310186815,140.93769217953994
EK202310118791,138.94211751133585
EK202310236202,133.45339730482007
EK202310121642,150.07624187077545
EK202310228637,129.20530990512165
EK202310171042,156.97738302859764
EK202310218012,135.40135857132637
EK202310238955,138.35775981100056
EK202310169993,155.3174326101637
EK202310227859,137.31034117289676
EK202310175628,141.7165946031154
EK202310225536,127.63349796983344
EK202310194964,151.1135146233326
EK202310170946,127.04094542015146
EK202310201972,131.68046072726156
EK202310204049,145.6100462965763
EK202310238497,143.56935834211419
EK202310231256,135.37512321598666
EK202310231579,130.29338876664045
EK202310174311,135.55595891218428
EK202310192651,133.50328179866014
EK202310114496,143.5489915822716
EK202310230770,124.35167644333876
EK202310242388,146.05361158935577
EK202310114424,141.29011293676274
EK202310166798,144.25407449634108
EK202310246359,131.8376649266538
EK202310165038,130.12959228089147
EK202310197955,151.0599623452387
EK202310121307,159.8588531588353
EK202310151932,139.27427397057303
EK202310242488,135.10518452344297
EK202310105346,155.7010517345802
EK202310133118,136.59549053220698
EK202310125218,134.24610203467742
EK202310104440,136.65697004800876
EK202310238581,152.65345005737956
EK202310128830,136.13104414857185
EK202310111289,131.49888741789215
EK202310218154,148.4637485156815
EK202310184481,164.3504094315793
EK202310151857,138.25083463244948
EK202310107393,142.66072676301718
EK202310150289,151.83010763910627
EK202310113235,147.8951494891994
EK202310154628,154.05533384187294
EK202310183234,143.1911364935307
EK202310193060,129.97709145578418
EK202310142940,138.80893032546075
EK202310177291,143.73183447465755
EK202310214941,143.9007848262551
EK202310123810,150.40324915537838
EK202310234861,131.40500509211884
EK202310166088,157.33398702086683
EK202310175230,122.97464441460895
EK202310173351,150.4117570147168
EK202310246599,142.37688288923363
EK202310121468,142.10062363203747
EK202310115870,132.76848457353023
EK202310122689,130.58955523727238
EK202310104457,131.8036583099871
EK202310239958,139.7252711403975
EK202310108834,120.22263453168713
EK202310242150,125.707694866789
EK202310127460,147.85534759064592
EK202310150161,133.49707379386777
EK202310220593,136.7471795170169
EK202310208892,149.0693102644957
EK202310116640,150.91445020337136
EK202310228102,130.90765967890286
EK202310178599,133.4538433687356
EK202310211615,134.90070067103662
EK202310208762,146.7512216835469
EK202310118517,143.6313681775692
EK202310187114,133.8582561464361
EK202310119172,145.28137706089385
EK202310131645,145.04291627522
EK202310106254,141.70535397291707
EK202310132336,124.83732865857631
EK202310226404,143.8437556909504
EK202310196510,146.45748239725668
EK202310116508,131.91885431540007
EK202310188534,159.17355818192507
EK202310177793,129.607450621286
EK202310206591,145.83160802528172
EK202310192097,147.9260251601332
EK202310119525,133.20225829991642
EK202310168918,151.53617657373331
EK202310004052,141.60711872946615
EK202310155004,128.19280247911576
EK202310113224,128.6596230225411
EK202310168827,159.98892142289313
EK202310151452,142.0820252354409
EK202310233171,158.68181003966922
EK202310189316,122.57080332215725
EK202310165015,129.52820043054012
EK202310191520,135.62878654060668
EK202310154021,144.9558071385207
EK202310142035,141.303418215579
EK202310136677,135.7306823404622
EK202310193692,149.2081084397683
EK202310217638,127.81527268843288
EK202310152626,152.81321995184706
EK202310130527,138.18946231998044
EK202310219621,127.1418763693187
EK202310117231,138.27423875128346
EK202310184541,151.68653376795731
EK202310123337,137.69482421948837
EK202310004825,159.2662669573908
EK202310004105,136.61874491640472
EK202310222141,139.01835087520544
EK202310223687,121.65920928165283
EK202310004753,125.04691453239974
EK202310138231,125.96011683426106
EK202310230297,165.90720508125258
EK202310123109,133.96552741456256
EK202310118394,135.5474095219918
EK202310236285,133.83269777031865
EK202310142984,140.34233384783175
EK202310228922,137.66104096560917
EK202310180656,166.54174398178904
EK202310198343,132.936617602866
EK202310213613,139.01204830834104
EK202310143759,151.1469152109965
EK202310243098,137.38533141917415
EK202310140826,149.5421236563066
EK202310219432,130.99951909275424
EK202310235984,136.07751998225493
EK202310112132,148.27094176111785
EK202310207139,176.90696938826946
EK202310123515,134.79757326864933
EK202310147539,134.80934182094424
EK202310201614,145.84144981712723
EK202310242651,139.36611410167842
EK202310116831,146.42816416598137
EK202310142528,146.61573796143293
EK202310158275,127.78158505384228
EK202310119240,143.05958765963047
EK202310189798,136.9695593795698
EK202310140182,128.9045254828335
EK202310104020,124.03452250160808
EK202310144562,159.56335102112527
EK202310211897,137.97349338644347
EK202310209649,146.25755062575044
EK202310224584,142.0456081052308
EK202310149915,165.39016052984263
EK202310205659,142.54186459809716
EK202310150345,142.13344902863494
EK202310228952,136.34180112709151
EK202310126648,136.23956783761233
EK202310243579,116.47248189173747
EK202310164006,138.0371112007092
EK202310108668,141.66706987918582
EK202310137775,139.7140830298142
EK202310233150,130.19694517664198
EK202310152386,156.28224607067884
EK202310166882,135.19669673855444
EK202310231895,133.36054120961282
EK202310170539,159.5340734007069
EK202310115226,129.7643226005332
EK202310214376,163.15563284212976
EK202310137712,129.1138712657121
EK202310186209,139.47415018814354
EK202310205015,150.1441691022556
EK202310106040,129.7234398067622
EK202310170557,157.39763404331464
EK202310201318,149.07767382003317
EK202310230025,132.1371729297096
EK202310112264,143.904787223168
EK202310187559,162.11885687387618
EK202310126729,139.71960046178478
EK202310208910,133.0181438475959
EK202310131942,130.34976891176876
EK202310154020,143.49315018731036
EK202310245865,139.02401293289384
EK202310192165,146.71429236574718
EK202310172699,132.04937950718426
EK202310157236,154.52130024474837
EK202310131791,149.58699306791496
EK202310200367,144.59440611549587
EK202310152638,157.38846631654795
EK202310229854,143.53978411280295
EK202310176423,145.65717105116576
EK202310229737,135.87840943432306
EK202310203806,135.84681671351805
EK202310115409,124.14190368893921
EK202310118234,140.0179947120007
EK202310140636,162.98448310970065
EK202310240942,132.74495537342432
EK202310197687,155.19848049166276
EK202310124485,147.87427405383204
EK202310144257,150.00554638491514
EK202310218871,131.83176511250556
EK202310210772,134.76733917896573
EK202310195971,174.74649527528712
EK202310135577,141.9838499207695
EK202310203323,138.45132345158353
EK202310128855,117.62202764461487
EK202310209533,149.06064888127406
EK202310174860,151.30586245699317
EK202310132988,136.2661612587959
EK202310210555,131.67505561979584
EK202310229724,144.31846713431472
EK202310159406,150.2731121688871
EK202310206212,133.70724541310474
EK202310105258,134.80126393702196
EK202310197230,168.23364663779753
EK202310146776,131.12862438683376
EK202310171620,120.22314875408985
EK202310241357,144.38855409680326
EK202310138908,130.53609467279603
EK202310144141,156.08551652813912
EK202310183530,156.7342554919884
EK202310241996,135.7088099608459
EK202310143198,144.28636711904065
EK202310240754,149.74392763380612
EK202310120793,152.84268578549072
EK202310152995,152.5518495304699
EK202310168076,138.25883716980275
EK202310194434,143.72207682906904
EK202310231667,142.76881726066725
EK202310117230,140.47594608684548
EK202310188291,133.39285409819382
EK202310149424,157.05998583483918
EK202310128832,139.83023022357688
EK202310196168,151.22939344578398
EK202310197883,149.95261019188274
EK202310138276,152.4054632933586
EK202310170757,126.97437190593584
EK202310191340,134.03966323682616
EK202310145811,139.1195224734777
EK202310227194,143.47399075463892
EK202310111485,138.32480591829412
EK202310157083,164.91219110979353
EK202310171852,141.7808948328163
EK202310207366,130.88557503428444
EK202310145654,143.46490525452907
EK202310108850,133.9920951007764
EK202310231758,144.29687088714581
EK202310144301,137.1239758780593
EK202310201304,132.45789988825618
EK202310178159,111.42322600148053
EK202310239482,147.36107397786756
EK202310144262,142.6778517471985
EK202310143929,126.2862185520889
EK202310235952,123.31294356667985
EK202310183241,145.90094338041217
EK202310189101,159.3957831883334
EK202310171584,130.75426929599865
EK202310131328,132.09525720479755
EK202310226641,137.78987662258038
EK202310166552,135.64820029088912
EK202310196910,141.21956480855252
EK202310166692,135.9360250112924
EK202310184651,163.4410050618806
EK202310194347,138.29355086515517
EK202310208716,130.6227722182786
EK202310187760,146.40798576339944
EK202310243524,150.7027466772143
EK202310155787,141.61047919725988
EK202310114204,153.1060749210825
EK202310160396,147.03554115300807
EK202310172512,158.54508075327215
EK202310157332,137.54963829102786
EK202310209704,133.5024467850228
EK202310154943,150.40252955514293
EK202310189036,135.75322126510483
EK202310133173,131.74156790785142
EK202310130199,166.1937373484437
EK202310182622,147.40126208199695
EK202310167778,162.77180918731116
EK202310163301,143.21583522483658
EK202310184220,129.51581707829203
EK202310172679,151.47766542736397
EK202310171532,140.6070275253175
EK202310200942,133.41627322123725
EK202310141847,157.92622355434872
EK202310122343,139.6458170582223
EK202310174760,142.57533025022067
EK202310225953,137.58541304267223
EK202310159867,142.8470327754421
EK202310174529,152.45778909328308
EK202310239197,130.91151629124573
EK202310142275,132.8550815448269
EK202310235069,137.54485002652729
EK202310173910,144.58961092846806
EK202310155908,158.17194422349712
EK202310221001,128.09172738635328
EK202310113086,136.08136884124207
EK202310200755,150.93624093305723
EK202310152545,146.70269985996268
EK202310185434,154.8098648003152
EK202310110043,138.73724295748224
EK202310116474,146.87665495216265
EK202310203902,143.9744192224411
EK202310157771,159.7764367009396
EK202310209652,144.65605742179307
EK202310115313,129.46413047227475
EK202310149967,141.67874136887838
EK202310226488,135.05930934899595
EK202310004820,129.08234051605248
EK202310240136,144.4002542597132
EK202310201496,146.96225651785426
EK202310224644,139.67410257618795
EK202310168634,134.75480918540597
EK202310120438,135.46394207161032
EK202310104992,128.66234255253238
EK202310152772,139.06280075439676
EK202310189045,138.18269809436669
EK202310180854,141.99268015095865
EK202310162939,162.58658521556816
EK202310202787,156.24319751604904
EK202310132425,136.60632066847035
EK202310106638,140.242153752822
EK202310130488,150.03733830097818
EK202310216320,156.16317067145442
EK202310174034,147.24211247380964
EK202310167069,146.0307706783147
EK202310119791,136.92042894099413
EK202310191561,146.75948542251334
EK202310141924,141.3445259788857
EK202310155116,143.79897557424175
EK202310194530,144.25911187749725
EK202310148342,139.65887379430325
EK202310115218,132.5568694835783
EK202310208496,128.5120685298973
EK202310242665,138.53403348151076
EK202310247657,147.65606821039262
EK202310228469,131.89600452596142
EK202310233886,153.47424101322707
EK202310169400,152.91014317640744
EK202310161344,155.22565365143473
EK202310236712,124.71460222627981
EK202310118866,145.50180914642652
EK202310221584,147.02505371714992
EK202310107825,141.29338462395157
EK202310110196,141.41578777498984
EK202310159979,131.92186396630723
EK202310195875,144.8995702181906
EK202310163166,144.48985373833276
EK202310206462,144.57806928486963
EK202310109481,131.49260772507373
EK202310245477,128.43015272446377
EK202310129738,160.79317551691275
EK202320005730,167.28135370779333
EK202310104244,156.39456743497368
EK202310227658,130.28758066711336
EK202310227290,162.75609352054937
EK202310201250,136.65732065580025
EK202310170654,139.96758295990713
EK202310225211,147.60591633630054
EK202310181404,129.37212411167783
EK202310175856,136.48702295256996
EK202310167250,143.65003050121823
EK202310225198,126.25726441256876
EK202310247108,130.07004598191713
EK202310228244,141.6958176435552
EK202310206266,136.94081456954336
EK202310215876,133.79993214118676
EK202310130596,135.39422634739185
EK202310224249,124.1748626799826
EK202310154491,127.1182052459685
EK202310233669,143.45107569825743
EK202310111293,140.03911842220438
EK202310120077,125.29377706207558
EK202310190354,135.10269530696732
EK202310180848,137.6591258595345
EK202310206991,137.2350582762617
EK202310127954,127.47954583455332
EK202310125079,135.47760803061354
EK202310211424,138.2556799165155
EK202310134279,122.60202933772757
EK202310206851,130.44146334285958
EK202310164397,141.90351154872005
EK202310235148,148.26184570607896
EK202310190060,177.98065634248044
EK202310240587,133.34200510527822
EK202310234152,124.54279881089614
EK202310161209,164.85276947869107
EK202310187254,139.19638240750777
EK202310219785,157.25974594569098
EK202310160063,145.67276397569583
EK202310225782,157.62309847908608
EK202310166126,134.72413306239346
EK202310104397,135.73904519947908
EK202310195068,129.24026533546186
EK202310148964,145.1518071907915
EK202310105544,131.73792065976244
EK202310190157,136.27243815843002
EK202310177029,136.26282568316105
EK202310134822,159.02306516837072
EK202310188505,137.26469412824176
EK202310131430,144.8092158516058
EK202310197663,142.0806744898177
EK202310150719,146.6516751130232
EK202310004834,134.70805961501534
EK202310200921,137.03149678101244
EK202320005684,147.1949546596297
EK202310179009,123.42241782596915
EK202310248177,144.1733163184164
EK202310132766,139.05819311759723
EK202310237026,140.63766817208776
EK202310193021,132.09288031981103
EK202310190757,140.37658665925372
EK202310173200,124.22190622640392
EK202310219771,144.053946058149
EK202310109597,149.4154863267026
EK202310206771,155.8978007822641
EK202310127671,153.78493836227779
EK202310167676,136.57006864034105
EK202310232944,131.33930422760884
EK202310168061,158.37073751611172
EK202310105714,139.44210719400039
EK202310147632,161.97008115092152
EK202310244606,144.5903165397579
EK202310118560,142.27171387031004
EK202310194271,134.64152485633602
EK202310142720,161.10773135861365
EK202310166900,167.54448031343858
EK202310164794,160.45788992865002
EK202310115042,161.52379167114785
EK202310174373,136.54439108998483
EK202310214507,153.76797926610257
EK202310223225,143.6282744293393
EK202310107151,131.8586018445072
EK202310189175,163.7276787272084
EK202310161808,128.02114823245128
EK202310121994,126.56533200093655
EK202310219449,124.3001218841653
EK202310136206,131.79919794038724
EK202310111739,146.95571393684543
EK202310229388,136.47864619916245
EK202310224978,136.96733986126873
EK202310149730,126.75413955673598
EK202310163504,135.47052468757516
EK202310156148,137.07440349784156
EK202310150249,133.47408458220121
EK202310224329,139.5700899156942
EK202310147011,139.45693925966933
EK202310192326,136.88681750418237
EK202310245006,136.9124274206332
EK202310224053,133.06175414723216
EK202310228581,134.104230535683
EK202310113047,139.28370491102385
EK202310149808,140.30752856179168
EK202310175027,128.78673104803983
EK202310234758,129.91935110474407
EK202310175412,142.42396189847506
EK202310132176,148.83788061563644
EK202310205739,144.8391672500126
EK202310153994,127.94980716111687
EK202310200714,145.2540003841498
EK202310247869,144.5473367589206
EK202310186589,134.17666859142426
EK202310145135,145.11155314241975
EK202310193164,168.34635303881564
EK202310222960,140.98800937677524
EK202310116552,140.99609406631728
EK202310123971,167.17389784385594
EK202310113406,158.3877431057546
EK202310234777,139.19437193498135
EK202310109531,126.34696090225512
EK202310186502,139.24620145098166
EK202310190436,131.61764137582927
EK202310198804,166.3135531478566
EK202310188371,151.78107093146917
EK202310189870,162.20448012079726
EK202310179411,141.37000706352487
EK202310233363,137.19661286628838
EK202310104971,129.29476568043137
EK202310191357,131.4472339637679
EK202310172762,146.13639627490926
EK202310199936,139.25097800733397
EK202310153452,133.28894777847296
EK202310160325,148.83622046986196
EK202310240026,128.62085911630115
EK202310134117,129.155936868288
EK202310214971,132.89291239770833
EK202310210492,136.4259985610927
EK202310200943,140.11854001311335
EK202310233114,139.3106060927515
EK202310209755,138.72553332895404
EK202310114040,135.94652246520891
EK202310231262,133.8904664444463
EK202310196982,147.63189663763413
EK202310168935,145.28329128446387
EK202310209663,134.0985970229039
EK202310171963,162.88841031750277
EK202310128429,139.1807763414427
EK202310243988,137.83446097088296
EK202310131432,126.80917888820463
EK202310170157,165.42249128379305
EK202310135062,161.03701105489463
EK202310180073,156.56116157280943
EK202310154392,166.357629116622
EK202310211600,135.4033051228898
EK202310221370,147.19108724427662
EK202310135902,139.09616184990736
EK202310248071,134.52078004233692
EK202310140056,143.43487117020896
EK202310113087,151.9819625695468
EK202310140280,153.62705974282517
EK202310231029,138.5734312401825
EK202310003876,129.07461345968966
EK202310110872,150.4850230250419
EK202310110803,141.74644263412912
EK202310234005,135.9630653077293
EK202310195582,136.43635782501985
EK202310216699,125.0817169718128
EK202310161870,139.71959941801126
EK202310207634,147.49347477466713
EK202310154729,131.07772980028616
EK202310119219,140.53270327402785
EK202310216260,137.8232184788364
EK202310241741,140.86621695064528
EK202310127099,124.95383045889211
EK202310142543,155.52467576142976
EK202310159437,139.09054386650442
EK202310139226,136.64007377514983
EK202310145866,128.63450536526526
EK202310240067,146.3938408167929
EK202310242685,132.35197307346553
EK202310158289,143.82482227289972
EK202310145943,137.00602711184592
EK202310196762,155.58269477998036
EK202310141743,174.20949231427664
EK202310222881,141.87169826987522
EK202310170624,124.14844258229473
EK202310139072,147.44122998934694
EK202310168507,136.16761003543695
EK202310141768,152.1202420165199
EK202310111130,130.41056035457805
EK202310217027,141.04047025545074
EK202310224945,155.7930029332015
EK202310188108,144.2009513764771
EK202310200577,154.64016018269362
EK202310152955,151.3166517987011
EK202310184966,147.88078568487603
EK202310133181,130.60338644383688
EK202310209985,124.32482516544962
EK202310195572,132.2202149118901
EK202310199966,129.89856460482784
EK202310109052,146.79110895930512
EK202310173422,144.78976999442975
EK202310216493,146.3742544169418
EK202310234480,136.9243130199241
EK202310239882,130.21061866295432
EK202310151506,178.04438991719854
EK202310231481,127.26259124089738
EK202310173660,122.18460313302154
EK202310124885,123.47869835990603
EK202310226112,132.34616902353383
EK202310169770,167.10060885910988
EK202310112146,149.9021129797367
EK202310126447,133.77735858110748
EK202310197865,139.06618204748102
EK202310144993,130.10590947491522
EK202320007830,137.88493864399115
EK202310134803,147.0986618788659
EK202310247257,146.97006568975416
EK202310189213,152.91103934441674
EK202310163523,133.62035124351854
EK202310177884,137.4576441259868
EK202310168374,137.37501179676548
EK202310181460,148.54238838638847
EK202310164324,136.32209659627011
EK202320006373,151.72307129181976
EK202310240516,154.60609420898544
EK202310106433,160.3893420239025
EK202310104794,121.91907722557244
EK202310179826,138.76063767179735
EK202310220482,128.81166659837984
EK202310144501,174.99298249826845
EK202310236116,152.10973299913732
EK202310143566,131.61230721435473
EK202310244286,146.1963156412614
EK202310117364,130.6913100869004
EK202310182812,137.14922903704888
EK202310165290,151.3754157434468
EK202310175655,150.7033007222306
EK202310191765,142.2836485455838
EK202310175575,133.6285567789364
EK202310190556,137.34697578251792
EK202310109849,124.08416753430737
EK202310125361,144.90067388339025
EK202310117657,128.317618414847
EK202310166741,146.3084016534018
EK202310152997,138.40451895021846
EK202310197388,156.88836653735675
EK202310131984,142.39901013353878
EK202310219422,128.44205682891612
EK202310121522,125.97392712001361
EK202310175245,141.18085138443766
EK202310195205,151.87721614514112
EK202310108650,130.91619912855134
EK202310181782,139.0058418364246
EK202310115038,148.5193844014672
EK202310158797,123.1460609116194
EK202310170666,155.15962230117222
EK202310168966,130.63917420051624
EK202310214825,165.87874759774624
EK202310120494,127.50353189563383
EK202310220603,145.7383927974809
EK202310225685,125.23161042142922
EK202310223164,135.02256536635232
EK202310162099,141.60382556633314
EK202310181378,166.56110817144796
EK202310206274,165.213892362499
EK202310245110,124.53720598759968
EK202310149953,151.52827515046397
EK202310200512,136.8818866440716
EK202310195166,130.01307468585244
EK202310181696,138.15679575251244
EK202310246293,134.65773672408108
EK202310112958,133.3421900093488
EK202310144239,139.6770590612031
EK202310112531,130.3695349104666
EK202310215394,154.11657630423676
EK202310214916,139.55789918217903
EK202310135655,138.77670032125647
EK202310234936,129.89336083848957
EK202310216594,140.26786728662398
EK202310221025,134.56239235877538
EK202310111609,134.5945293751715
EK202310213129,140.96439349180943
EK202310117137,147.74851114630576
EK202310239490,128.09294210276406
EK202310157671,134.85209802858353
EK202310188165,131.5623273678576
EK202310134859,126.1355112522576
EK202310183908,148.33273391708312
EK202310147406,147.2735354268889
EK202310175129,125.55079019493367
EK202310164780,138.16636419336606
EK202310227743,131.58804759514908
EK202310120706,157.17537773134694
EK202310118366,145.30547043485564
EK202310106692,147.79661500515232
EK202310190791,147.0724576317947
EK202310208607,148.5157143648857
EK202310170692,153.48229312139608
EK202310225887,145.51812993187696
EK202310182352,135.69660208338442
EK202310185880,135.1123678519522
EK202310178297,155.86308434529693
EK202310195149,135.19139790018158
EK202310231610,140.41998655746596
EK202310137276,127.91154377739065
EK202310184484,144.3311370333692
EK202310121199,132.35292067989332
EK202310125536,139.49381763731301
EK202310213706,140.57649550596972
EK202310135204,160.14013772772643
EK202310247699,136.5236655530748
EK202310217787,137.7643172860332
EK202310182191,153.21695841953812
EK202310198529,155.45917101562893
EK202310220299,131.02925971503714
EK202310188677,133.7050595276527
EK202310232253,124.33475488194472
EK202310164691,139.89890564577095
EK202310103832,135.39990547087788
EK202310149722,140.21107185408067
EK202310198859,133.97207408405006
EK202310234749,136.17040380794322
EK202310104566,138.7630557284677
EK202310211383,148.01462939266017
EK202310170287,123.71762198573451
EK202310150824,147.39036171249487
EK202310171304,130.90073749243433
EK202310193205,161.62901168201302
EK202320006114,154.5272195133952
EK202310135524,133.0381784687812
EK202310192025,133.5161331453285
EK202310170020,150.3632751242736
EK202310198095,162.24558099764317
EK202310105801,140.24426068124885
EK202310177479,142.4444035877676
EK202310108455,132.3036278578182
EK202310165998,125.27857345381965
EK202310122714,137.3206782731395
EK202310164202,150.3733700301343
EK202310226026,130.10985073596999
EK202310223682,140.94913496111772
EK202310116148,135.2451053654471
EK202310210129,149.0640665651921
EK202310242087,146.12982696999788
EK202310116328,138.5061216921667
EK202310217261,158.40085563446303
EK202310106484,138.01498157317158
EK202310157473,139.07194402122727
EK202310198511,143.9385607434152
EK202310217751,133.1217018698176
EK202310168432,155.33929763251675
EK202310151251,145.0938906579816
EK202310120767,131.02276637151
EK202310127801,141.4549506876079
EK202310118354,134.40903900751027
EK202310209195,138.39757435802295
EK202310172035,125.35048926158659
EK202310114626,136.56034988594783
EK202310144629,149.8086967761288
EK202310185061,150.59550189640422
EK202310174592,133.90613760072216
EK202310164708,168.37824367011325
EK202310149304,145.73555955719624
EK202310170289,141.62906499365232
EK202310213861,153.03892764446917
EK202310126098,131.78614878965442
EK202310133915,134.3047769994134
EK202310148594,119.37004403305839
EK202310116687,135.73514774725882
EK202310171866,137.06720476665728
EK202310147735,141.68319560101222
EK202310105679,162.50019475318373
EK202310248635,132.36612780528202
EK202310139369,140.33765351535357
EK202310105974,161.72378649213346
EK202310104978,131.69355616107458
EK202310174467,131.67811184098863
EK202310124199,129.8186195756464
EK202310135676,135.3688531173045
EK202310146763,132.87192750423088
EK202310205937,126.38801260182541
EK202310135445,160.1485685739541
EK202310109193,136.7058752176259
EK202310161169,162.1630765024823
EK202310204092,149.1406118648688
EK202310202680,133.73555307124485
EK202310172794,148.23080404923977
EK202310217791,134.37015073830378
EK202310158468,149.58058816748334
EK202310149937,141.0264955262073
EK202310166789,135.52448278552046
EK202310159167,142.48179586656028
EK202310125029,141.58183930961644
EK202310203531,140.06432612286864
EK202310181665,120.42306433964767
EK202310142148,142.95813436703332
EK202310166843,154.7724357494031
EK202310161022,129.90555226642584
EK202310118997,146.10094347444422
EK202310239449,133.08435833742547
EK202310210440,144.60523870662468
EK202310205614,137.48009747683483
EK202310179227,128.8777982698681
EK202310143023,127.17033212202126
EK202310178605,139.17787331760798
EK202310151926,152.37199300276455
EK202310205156,178.9790300162757
EK202310227477,155.00753830593374
EK202310118582,137.89894327884474
EK202310145669,141.1494666106016
EK202310181578,168.98512945036876
EK202310193806,158.96843058579398
EK202310233863,141.673986366874
EK202310111982,131.50151333733447
EK202310228092,146.54416157529363
EK202310117791,124.28906128704881
EK202310174095,146.10665513954598
EK202310199167,129.85144713434585
EK202310147864,142.45471703671413
EK202310136545,135.4651887514712
EK202310004781,121.68152454864011
EK202310110648,129.73024519673837
EK202310187608,140.61355656896376
EK202310212121,130.36718277731472
EK202310200654,136.52836545525173
EK202310110670,125.83993428843387
EK202310148332,147.88098629747566
EK202310198602,131.68150874819628
EK202310162570,148.20167971835698
EK202310105840,145.47165766614728
EK202310216931,137.55532877763704
EK202310152841,168.7503404652302
EK202310107705,144.28298527423414
EK202310178316,144.54287387431046
EK202310147750,119.07401420896062
EK202310110434,127.98625422934089
EK202310219134,126.13996596740608
EK202310207502,137.74074441125785
EK202310137524,146.30277694509877
EK202310237806,126.51615909058403
EK202310248546,132.3804316543309
EK202310246510,149.25464347889846
EK202310215312,149.24641896099652
EK202310135935,125.19338014125678
EK202310246337,132.55168068179876
EK202310133292,130.01694716298172
EK202310208105,136.49923057151312
EK202310221927,151.08347369623118
EK202310185220,137.74429458970866
EK202310195012,152.38546920028253
EK202310220382,133.60461504040643
EK202310228071,125.95076533342211
EK202310139303,160.11625274585955
EK202310146446,139.69831842389016
EK202310113629,143.43051903021862
EK202310121125,141.52282295418053
EK202310179172,151.55702805940888
EK202310135030,166.2880560306521
EK202310154871,155.11136687055364
EK202310104446,132.54972099379896
EK202310112990,150.12884849534845
EK202310189753,146.42725262382004
EK202310239147,134.3786296893468
EK202310170148,165.72107772074867
EK202310227849,166.1363500502651
EK202310206204,136.0226309773539
EK202310160122,138.360840185115
EK202310131964,136.19308462959623
EK202310111949,135.92236629178478
EK202310122396,127.76618223364089
EK202310187780,133.75685309594306
EK202310205438,139.3529161524356
EK202310153038,168.39223529886402
EK202310152163,154.03474185901865
EK202310192310,132.62841356355895
EK202310174795,150.2024903534373
EK202310193009,142.18107939207547
EK202310150434,140.3772294981314
EK202310118338,129.53271634532288
EK202310197441,168.89770362100828
EK202310142091,149.8062873469133
EK202310117239,134.44507269068623
EK202310179745,140.70405553305412
EK202310219687,127.9518690423791
EK202310176027,146.59711262532076
EK202310104893,142.42413590583251
EK202310227192,140.82986062942445
EK202310146856,149.87456732319092
EK202310107173,129.8262030689051
EK202310211813,135.5652881793382
EK202310188253,137.4184097846211
EK202310233335,133.31110522789794
EK202310217329,141.6112347797563
EK202310155219,139.79629861294435
EK202310157321,150.9313955678956
EK202310153713,142.57366415527417
EK202310120830,164.00402541980108
EK202310229321,147.39283345407256
EK202310130365,158.909617213287
EK202310202308,155.254678707873
EK202310203388,175.77627330723712
EK202310185835,128.56410418047008
EK202310188805,173.19246739902604
EK202310159594,154.09617124778705
EK202310147573,125.74595922542646
EK202310190109,164.2512581792559
EK202310180140,149.68273978548024
EK202310149775,141.22611780383318
EK202310238274,160.69848988736223
EK202310242923,133.67373374752935
EK202310107321,122.4143142162316
EK202310204141,122.77571462279865
EK202310219133,138.9722957776998
EK202310139067,172.33112087092613
EK202310140520,135.03911954436916
EK202310248527,135.1576569827977
EK202310003682,126.05788036814742
EK202310162432,151.30993843330182
EK202310179950,167.61492918998303
EK202310240868,140.2403562133508
EK202310116267,154.75400382628615
EK202310221765,133.61466157078695
EK202310173563,130.64839636848257
EK202310143455,123.44688593078155
EK202310207343,135.1198888864695
EK202310217689,126.47043583508992
EK202310146102,131.36044149157405
EK202310168973,122.8016417737703
EK202310222519,127.52306218488613
EK202310129680,134.89662360245117
EK202310178200,148.2862458703304
EK202310170870,135.80015583960824
EK202310126872,153.5469514578273
EK202310148891,158.28674259516265
EK202310173852,139.4623044202495
EK202310125523,131.5425917568175
EK202310159491,147.2330614353075
EK202310157366,133.53450962645488
EK202310178992,138.00254243076955
EK202310143866,144.08512920395162
EK202310152326,136.4939112360381
EK202310202864,149.98581159639468
EK202310218888,143.1901373187631
EK202310209358,126.47785308476918
EK202310227775,156.2607102184057
EK202310186270,155.36003173404256
EK202310203414,152.94119649358117
EK202310225866,147.03128536461958
EK202310234055,144.26978126460693
EK202310129825,166.82719286553802
EK202310209772,152.6916776365706
EK202310182146,146.19735078124995
EK202310180456,161.1920734873997
EK202310182353,143.31177987669523
EK202310199926,128.21746379770468
EK202310226078,133.13725192946785
EK202310212125,139.59567461422836
EK202310149668,149.56492424297062
EK202310234903,137.98034312450122
EK202310205875,126.03977788685344
EK202310157799,144.20570503458092
EK202310211749,136.94450962033167
EK202310224314,165.9676241543313
EK202310124274,129.91760747875958
EK202310127800,151.24276565158868
EK202310238415,142.20569881568275
EK202310229891,144.51915176144703
EK202310145946,137.4968161286622
EK202310181109,147.31548830276344
EK202310147129,145.1583611304677
EK202310178177,154.35522721659012
EK202310113395,156.23712937991306
EK202310217919,144.53761884332206
EK202310154751,147.05534953928947
EK202310130965,148.08837551703306
EK202310190874,139.61637120328757
EK202310195521,141.3881994060519
EK202310201613,157.75113923750183
EK202310214697,143.2796055743404
EK202310191560,156.54565157071949
EK202310121406,132.9697925344591
EK202310114089,136.8916290442122
EK202310159340,124.9053472636719
EK202310113700,146.4868596407286
EK202310126654,126.42827855728719
EK202310144476,138.86879642880007
EK202310131321,134.50879355033086
EK202310187814,133.29662817180264
EK202310220881,125.82020021492181
EK202310189638,167.52205593808674
EK202310178407,138.130505972798
EK202310180651,159.8856127353865
EK202310239749,125.28146380404472
EK202310171046,136.7622702424073
EK202310164907,133.10565663110904
EK202310147112,163.76288574522408
EK202310181779,141.26579685733094
EK202310177716,153.8967467008722
EK202310211440,143.56565421448573
EK202310205701,163.2354603360558
EK202310116151,122.5472456653502
EK202310183859,164.60722512931648
EK202310135998,149.82768211830663
EK202310201975,132.42338290169673
EK202310170925,131.8318350525951
EK202310104593,131.4848131749415
EK202310110432,127.8979355662652
EK202310129862,135.74261398576942
EK202310189525,159.08615034490705
EK202310111229,141.61372060142924
EK202310188865,137.3466143432236
EK202310146283,135.8547529587279
EK202310178823,160.30554075339546
EK202310147049,141.61697554327498
EK202310221900,135.3129957032809
EK202310182664,160.2327079582328
EK202310115895,130.30184506058043
EK202310137882,133.0308382840483
EK202310142987,153.28243682918793
EK202310230693,141.51574318180815
EK202310105910,123.98808478071099
EK202310176888,138.80354870064508
EK202310179407,142.29734969582262
EK202310113511,144.61833565114122
EK202310226410,131.91241605476586
EK202310194828,148.47111132892732
EK202310209526,146.04687104572366
EK202310232266,138.11553350446286
EK202310190901,159.2251269678077
EK202310120320,150.54749405813462
EK202310109391,138.88427227401502
EK202310126276,134.65222040845603
EK202310223714,122.72197043793996
EK202310211517,152.33935863700535
EK202310110636,129.05986149134696
EK202310235623,123.18477766923705
EK202310186004,141.9735076457339
EK202310004261,127.77413090606582
EK202310193375,161.0620528288478
EK202310218449,120.27712650692432
EK202310179058,143.46273107544994
EK202310133795,121.43758332130174
EK202310164408,141.39200494001264
EK202310159492,153.15609966261744
EK202310214283,145.90261946847033
EK202310133551,147.82023546663356
EK202310190061,171.30863343212678
EK202320007557,148.37103877900313
EK202310114241,134.86834194026946
EK202310203894,137.67070398918574
EK202310186487,136.72340708247785
EK202310004631,143.1441585926106
EK202310172845,119.93217965218253
EK202310124858,142.09457336093075
EK202320006937,140.90409528958315
EK202310164626,145.26564145147003
EK202310109948,139.42410586885572
EK202310112053,134.27986736189686
EK202310184712,139.66402011266405
EK202310122821,146.8072334956868
EK202310179754,148.51933589710723
EK202310230071,139.55400447882838
EK202310169385,155.10720524158106
EK202310205297,136.21828247770844
EK202310176789,139.71444695491135
EK202310234641,121.93202219557195
EK202310216672,148.14680339873522
EK202310218187,154.05761216212585
EK202310163653,131.2566753713411
EK202310173938,139.03253780946858
EK202310144779,129.66600820636756
EK202310105452,134.72646137811319
EK202310203289,133.24162855345907
EK202310244916,140.43144253179568
EK202310212913,143.83396580903454
EK202310195593,149.55061546538323
EK202310109392,144.38869894945768
EK202310239794,170.25559927930544
EK202310156466,142.78184938849648
EK202310234091,138.97583177341193
EK202310202246,167.28006224396447
EK202310208070,135.66066155249968
EK202310199529,143.71518291914222
EK202310191597,149.85519375754654
EK202310232873,142.62450358778506
EK202310245305,142.46974887029748
EK202310196018,159.47856008044587
EK202310205608,138.1067677969169
EK202310211776,139.5127143990584
EK202310219819,131.17123277925907
EK202310152910,172.32592203253998
EK202310244549,140.07009555963518
EK202310123421,163.3700165345851
EK202310205600,136.7587091305763
EK202310219535,127.38630429997784
EK202310247105,132.0926017916068
EK202310223625,146.89510173538582
EK202310135177,148.10129511135983
EK202310167858,140.57732960084627
EK202310193232,127.10184843375994
EK202310144624,130.45381820232927
EK202310132627,130.9255359448088
EK202310213967,151.2742043547353
EK202310236061,127.90813619880336
EK202310177659,171.03152484048144
EK202310145236,156.91660047122264
EK202310118399,129.69944151121476
EK202310215365,137.24384815016603
EK202320006049,151.22364514131266
EK202310185900,133.80242734252127
EK202310133957,152.67019196562805
EK202310234170,121.66256285227317
EK202310126261,136.98512042940138
EK202310118103,168.64839956857355
EK202310118678,168.05626803559002
EK202310113678,146.87765358912304
EK202310111849,152.20431227028757
EK202310218593,127.65926567490666
EK202310145457,126.45927540959032
EK202310174907,165.25904907762748
EK202310004460,137.25486817412647
EK202310194109,122.39969836344494
EK202310108378,132.7249195079642
EK202310200664,138.00599164115062
EK202310167993,136.28200662642752
EK202310157089,171.06628765781045
EK202310210287,150.14229218465235
EK202310148250,141.00704614711543
EK202310207303,142.7970474726467
EK202310206507,148.51442934913925
EK202310243704,144.8928420225017
EK202310179019,126.92754212587313
EK202310243866,164.4251936056746
EK202310137648,140.16235331848313
EK202310173887,150.57426611410222
EK202310235491,153.8056652132775
EK202310212645,132.14858978616974
EK202310190281,155.68243013484053
EK202310220934,141.75309408470955
EK202310230719,130.97598470729847
EK202310201074,136.59073710902916
EK202310178051,132.72533349137026
EK202310181204,132.26778386623695
EK202310135829,136.26594903325423
EK202310170445,141.08954105977722
EK202310238141,130.37081953135547
EK202310135822,136.96833051269698
EK202310227546,140.4990225903379
EK202310140976,121.46020966813495
EK202310246668,150.0411068497309
EK202310105632,135.65196545956613
EK202310109270,151.79240324990306
EK202310131782,138.85002182079103
EK202310233567,147.8155875162421
EK202310161598,141.41885916804068
EK202310110724,134.37404961534668
EK202310229148,150.64459779675084
EK202310159146,144.5865309724834
EK202310195696,143.82796832000403
EK202310117218,138.12847880051655
EK202310205895,154.9078500372044
EK202310194401,139.69734250147783
EK202310126710,153.83092576906222
EK202310152278,150.28548626280087
EK202310190916,149.98010483962648
EK202310110549,127.48291981399457
EK202310177514,133.5757065700111
EK202310175686,141.01180249182684
EK202310223432,139.3212768520781
EK202310244466,149.04193058125628
EK202310134231,138.7693231113713
EK202310236274,149.9278067493101
EK202310195863,157.74066361892056
EK202310241144,161.07641031659784
EK202310202269,136.6352116637778
EK202310231316,139.331303553526
EK202310211605,141.30423304538965
EK202310200954,147.87096354614883
EK202310224489,134.9225937842221
EK202310165476,140.78211938351464
EK202310204173,133.60252653440966
EK202310178369,140.16128651976297
EK202310170774,124.45753278461297
EK202310205764,149.80389367395156
EK202310236659,146.5135555486254
EK202310170743,128.9739231417902
EK202310136793,136.34854306863505
EK202310187675,142.55428500757444
EK202310156962,131.0161373927802
EK202310216942,159.7075466604399
EK202310168321,144.264017850296
EK202310243793,128.75907672837891
EK202310235437,136.43778299663626
EK202310118510,150.75607384222164
EK202310139337,154.27572842558675
EK202310120961,146.61556522782763
EK202310214076,141.1508261659593
EK202310241228,151.3657347859394
EK202310212101,143.00669844066311
EK202310199696,163.5181384146028
EK202310163542,140.79684043269052
EK202310232836,134.83086527234212
EK202310189334,143.07887324475894
EK202310239101,139.3076518544531
EK202310156523,137.63474185265068
EK202310201002,147.29012719850164
EK202310003364,135.61969556251606
EK202310179389,146.24664308247824
EK202310163130,126.51956108813953
EK202310232481,123.96118320143661
EK202310186459,137.57133369141286
EK202310164481,139.20078047844217
EK202310169941,168.41608502784774
EK202310131128,145.29850152732632
EK202310228174,136.28408732111703
EK202310173249,140.5816269583636
EK202310202077,143.69347656025693
EK202310225477,147.37774006080713
EK202310247572,139.2291809780184
EK202310181799,149.72299242373586
EK202310119740,148.88268670117128
EK202310131395,137.03048720284556
EK202310224529,131.66563183630055
EK202310156156,144.5961968023175
EK202310200552,176.71196781906926
EK202310169146,140.8844036967456
EK202310143038,143.13919287276457
EK202310170406,123.50867752287687
EK202310200533,158.79167870609152
EK202310119387,131.03614896659207
EK202310202355,134.36142604090082
EK202310225013,130.50317740994407
EK202310214250,150.17997805349944
EK202310210556,133.8875856717812
EK202310201139,149.71139357429217
EK202310130429,151.76803737269637
EK202310224863,145.42053334023683
EK202310153482,131.180935990853
EK202310241062,140.5470963695331
EK202310164485,140.35972007987928
EK202310245636,135.59729307997105
EK202310157534,143.20537809720102
EK202310229118,134.80337093384315
EK202310171426,136.63155068394394
EK202310210127,140.15098620656605
EK202310111733,146.915671743352
EK202310141203,126.56763031854976
EK202310232387,145.49906615056102
EK202310188639,131.80772664810584
EK202310190835,150.12123071860415
EK202310201801,140.23324991640806
EK202310175974,133.03243504206375
EK202310187326,124.3718393849568
EK202310212155,132.44248269246486
EK202310151022,142.08786723946622
EK202310211125,143.55368295370613
EK202310219268,130.50103887527038
EK202310110245,134.87612583456925
EK202310238069,131.73559710880787
EK202310199559,138.85433879253608
EK202310167739,133.73664824960434
EK202310142979,134.22849623712926
EK202310191202,132.6233350454691
EK202310144654,155.93896544607549
EK202310224039,136.53628613498375
EK202310150921,134.26420523072179
EK202320006004,169.69059812247284
EK202310108116,135.83228774185136
EK202310226608,137.48256677232123
EK202310237947,142.14818605071812
EK202310245724,156.40466311354336
EK202310216589,130.55670027754613
EK202310242883,151.54728957826524
EK202310192702,148.89106906826814
EK202310168445,127.27803685768237
EK202310205542,141.24853206416486
EK202310150929,148.4878540066405
EK202310173039,124.4991843908327
EK202310139742,137.89991435246776
EK202310138564,138.6190007627268
EK202310145764,139.1451342890461
EK202310148134,155.5268506122292
EK202310180451,145.02363146694572
EK202310149802,144.4780123250443
EK202310247608,154.50293267925275
EK202310130999,135.09146151548242
EK202310141610,142.14963872734478
EK202310224015,166.48767615677448
EK202310229698,146.57465561622965
EK202310197753,151.62965564951742
EK202310152255,149.17615344422276
EK202310133838,161.99739773476333
EK202310192249,175.38689224015937
EK202310195834,157.09558019610324
EK202310186510,139.91981890676345
EK202310177054,138.35056229368797
EK202310107524,144.4144243490609
EK202310128174,142.79877096693622
EK202310187413,138.97246599279754
EK202310234580,135.25219030343723
EK202310104409,157.21848777025386
EK202310125276,135.2057142198498
EK202310113893,137.95183925092607
EK202310179353,142.46947083364591
EK202310240438,143.5591573241227
EK202310229420,149.2996026549161
EK202310116112,127.12447874297816
EK202310117942,134.75931385234932
EK202310163339,134.28248749006363
EK202310166509,144.81823681585112
EK202310185556,132.083321081695
EK202310227524,146.10405866114348
EK202310109010,164.8970370243182
EK202310183425,120.18042954790215
EK202310191714,156.2699409200135
EK202310155039,137.17952318132333
EK202310169140,148.53897612779423
EK202310177573,141.97827319096513
EK202310170318,135.85614472076935
EK202310207697,137.60565463728673
EK202310199740,158.9828040640304
EK202310149864,155.41143812501122
EK202310150264,149.53894957790845
EK202310189933,129.5733562533351
EK202310218127,153.87571475849015
EK202310108083,142.38919629677014
EK202310154872,162.09518783181431
EK202310160785,147.10343215261622
EK202310206282,149.70018574139226
EK202310124253,127.39105437398462
EK202310196633,131.47686892697294
EK202310105966,135.0707299251296
EK202310141033,145.94384791693108
EK202310197213,132.38746455704919
EK202310206024,129.14792747677805
EK202310113110,123.33153060094529
EK202310114366,139.86382540210255
EK202310133810,139.21962151641387
EK202310135192,148.21070619015248
EK202310233334,131.7477713018488
EK202310148079,140.6206549494342
EK202310109276,136.40953511699954
EK202310124568,137.80292401563176
EK202310162273,137.10080728196328
EK202310126242,129.79828920393055
EK202310106288,143.42016986656725
EK202310190761,153.5307450778119
EK202310003653,132.12721484974338
EK202310111116,136.8474769733817
EK202310193002,147.84135612713212
EK202310107463,131.09858327191813
EK202310237608,144.4625919858157
EK202310213418,124.16270153799077
EK202310204153,154.72982558981604
EK202310104707,141.23452719606118
EK202310238820,131.58653897657697
EK202310141697,141.17112221197254
EK202310178269,155.47697065153636
EK202310229367,134.32212820251675
EK202310172017,169.14126789020602
EK202310223139,135.85164472137987
EK202310125096,133.37705083044622
EK202310143070,152.55301812882155
EK202310234470,131.2154507203792
EK202310131911,135.26026731540077
EK202310176053,148.6585212608125
EK202310158201,139.1722082774102
EK202310113896,152.5842121742308
EK202310217246,129.45633959496752
EK202310202878,151.94072162410288
EK202310179418,166.5603794360364
EK202310106198,137.68408578606662
EK202310130287,151.18064039093687
EK202310203618,128.921692293112
EK202310144069,140.12409521655508
EK202310225997,169.43639581715072
EK202310137087,139.69633159199893
EK202310114093,146.3874716642136
EK202310125025,125.0238726576795
EK202310169960,141.36392871954808
EK202310211027,146.5374926941122
EK202310156374,150.8048671611537
EK202310184239,146.4653202984733
EK202310193887,140.8377396307912
EK202310169120,154.05805523010014
EK202310214116,167.1746054823868
EK202310004097,134.89467246986587
EK202310156682,133.14130489465154
EK202310154604,154.23678970140483
EK202310218245,142.33390514837728
EK202310224853,124.79098751276817
EK202310164480,140.56719997071482
EK202310130017,152.46667082040426
EK202310142314,136.46144614020733
EK202310104271,146.8513524696618
EK202310245758,132.703518993088
EK202310229784,139.00729120494162
EK202310110502,148.7020241738786
EK202310121032,173.26693412621773
EK202310233632,142.6975128467611
EK202310126266,131.98593495730594
EK202310109825,129.27352081315308
EK202320007054,138.4991343704083
EK202310166953,143.20858710395743
EK202310227160,153.77734573498762
EK202310215524,162.2544457779929
EK202310221415,157.47139619912915
EK202310224669,126.38007355359373
EK202310182834,146.33894098341062
EK202310155348,133.1479851471781
EK202310186571,151.3964233446397
EK202310130542,132.80581372654606
EK202310108675,128.2152861890991
EK202310147107,149.07219011318796
EK202310175270,144.53938342506254
EK202310223760,134.55283940210919
EK202310124746,131.1871715085118
EK202310170040,169.38731299036138
EK202310004065,137.9267471832898
EK202310221363,131.89730514957694
EK202310209500,145.63565003965286
EK202310178304,154.75381684161644
EK202310133005,152.88332217598625
EK202310120850,139.29437422301058
EK202310213264,136.00524751699925
EK202310149096,142.9130377089899
EK202310177683,132.73276359402558
EK202310242597,133.1837447983767
EK202310177919,150.1574731196617
EK202310134733,146.3276146745233
EK202310181823,141.12587048328842
EK202310136672,143.26718444919447
EK202310151585,146.7522503971237
EK202310117995,128.1902209399375
EK202320007252,165.37939762792956
EK202310231786,124.77552662563795
EK202310241673,132.616400545111
EK202310161732,164.12120770277158
EK202310161656,165.29112068517344
EK202310212063,122.72210060555906
EK202310217895,153.3167412456831
EK202310138774,139.25673002145177
EK202310126590,142.1337793504441
EK202310123141,136.33818994899994
EK202310224982,135.0911494095751
EK202310206262,145.8548008211107
EK202310139370,138.21355216976653
EK202310224820,138.24687998582533
EK202310130273,144.21785470820316
EK202310133523,130.18281200250252
EK202310239621,136.32196292947447
EK202310190678,148.35464641099432
EK202310125061,130.61824162871537
EK202310234940,129.18878361371085
EK202310178076,135.316535311105
EK202310153610,151.1423382428354
EK202310179234,148.05377397613927
EK202310159634,137.59578333269775
EK202310186548,137.4775062342038
EK202310135839,167.71828359479005
EK202310136969,148.61917478732983
EK202310145737,160.07133434105964
EK202310164062,140.90419061558293
EK202310237524,123.38423473613656
EK202310225600,154.53710597438243
EK202310130766,140.5602989123408
EK202310198060,122.43965572450294
EK202310202900,155.57911554020725
EK202310180295,142.84759340662382
EK202310161819,132.89765427613293
EK202310182490,153.75576525158868
EK202310151915,153.5766315926549
EK202310114135,142.05277906554593
EK202310155620,126.0090613391505
EK202310156539,157.75752336435397
EK202310164137,148.62518743686894
EK202310172602,155.77356866090594
EK202310161051,168.0476722497013
EK202310225217,159.2466291333846
EK202310220749,129.72029163387953
EK202310135024,154.5105967193225
EK202310236167,129.65475872473223
EK202310106428,128.4692100821626
EK202310191224,129.9008915605253
EK202310126171,148.12450532273286
EK202310152423,147.26349710907408
EK202310168273,141.781637310681
EK202310129168,143.38700640700685
EK202310176927,163.05445126527866
EK202310172428,150.66126315400484
EK202310181185,144.92567317234148
EK202310004161,141.9794246516748
EK202310221234,128.33122470145605
EK202310161711,149.9831235960303
EK202310240221,136.7432238454595
EK202310222828,129.83837657881406
EK202310210279,134.7441414027155
EK202310170097,147.32352584940932
EK202310188723,152.3140619611574
EK202310166478,154.15344136747336
EK202310221027,149.47328432847132
EK202310114979,144.13005880914645
EK202310242042,134.62133296245844
EK202310140021,130.2400507385919
EK202310130000,149.35185540274418
EK202310186640,146.5466156520791
EK202310004760,120.84936351317553
EK202310122844,153.88583026939224
EK202310153842,132.62305763621563
EK202310177802,136.95714102242528
EK202310004581,134.77003558674437
EK202310246710,141.15564699986697
EK202310113952,141.22685545390425
EK202310151035,138.4401719337088
EK202310216428,127.96284196030525
EK202310144070,156.57114093968292
EK202310169605,127.12722164681769
EK202310159620,127.94612610249415
EK202310105550,134.91440667758
EK202310240970,137.8384322552198
EK202310182151,140.73651659444485
EK202310231587,143.28765090855907
EK202310118075,127.39137330476238
EK202310133019,129.97700419776228
EK202310206992,142.48972892224648
EK202310220008,138.92014661414677
EK202310234156,119.07573959040286
EK202310162641,161.2998390520368
EK202310142907,149.23321632985346
EK202310154115,136.81771085356084
EK202310130815,118.83980427857507
EK202310150846,130.16112919674345
EK202320007669,153.63865441915127
EK202310227486,148.08179181950908
EK202320007572,148.64998776593933
EK202310137639,129.0469403938687
EK202310103836,127.45331734339274
EK202310202037,158.60023081023076
EK202310223420,140.65502069381876
EK202310185672,134.73036207677873
EK202310229956,141.51954994641852
EK202310183246,154.31024226416102
EK202310138498,136.1152463160053
EK202310191631,143.11562354558708
EK202310197089,149.33414597701235
EK202310133822,119.59958679591739
EK202310245494,140.57433262102342
EK202310207684,135.14289377418694
EK202310170631,135.75446125458063
EK202310230054,126.92930549077866
EK202310229119,149.94219247192234
EK202310162261,138.23660997413603
EK202310134206,153.1350190098007
EK202310126114,126.70020784403529
EK202310202130,146.927463378612
EK202310201610,144.48063975592217
EK202310140475,128.5483723996818
EK202310134356,144.17866743230366
EK202320007186,160.0620777410099
EK202310120790,129.41023907206701
EK202310245157,148.77513196675545
EK202310208016,139.07865319589618
EK202310174476,132.8366890439809
EK202310188403,153.66845749462865
EK202310142082,140.6021400717694
EK202310126792,133.44189039518818
EK202310182973,140.39249143742532
EK202310236318,130.7964517289193
EK202310191185,140.29128821220996
EK202310135600,130.077205608731
EK202310212912,152.5429349145907
EK202310109044,142.69518217843557
EK202310220665,144.3650694212739
EK202310209857,138.56649038363588
EK202310136210,136.88510174176872
EK202310241948,158.44388576323777
EK202310147383,134.70744346518075
EK202310119158,138.07785872613994
EK202310225656,120.7726410506225
EK202310115771,144.94812910440996
EK202310115861,136.35668033614314
EK202310156104,146.13896783024575
EK202310168339,127.50518882012587
EK202310186770,128.35670524125626
EK202310227679,144.50152424687425
EK202310198604,139.89118168373764
EK202310126896,156.60944917164224
EK202310119992,131.90612369100023
EK202310194849,131.26280957748972
EK202310224912,140.97670510479134
EK202310163124,134.5742448477556
EK202310181144,162.68895172350216
EK202310147897,139.2460063321753
EK202310177921,140.63642097216604
EK202310199607,148.453424131916
EK202310172680,137.92212009706193
EK202310129543,145.57839688339203
EK202310161704,142.16846215871615
EK202310193784,132.56744605143132
EK202310243291,135.66916490432516
EK202310208991,155.6532785592714
EK202310140086,129.00649500148268
EK202310136481,133.4032676163143
EK202310178220,150.20025661483277
EK202310210109,156.183008952282
EK202310128687,143.67160371372952
EK202310213632,143.40241032048178
EK202310215453,169.6714527354915
EK202310235764,128.5834238804428
EK202310216758,150.41713948446224
EK202310163056,154.73847331958007
EK202310125899,142.1287249616303
EK202310180181,160.14769766536872
EK202310224630,138.92373330418602
EK202310118929,147.26041489684442
EK202310178808,151.1110104450094
EK202310234570,128.87133254959437
EK202310127428,142.169613207288
EK202310213472,134.23216455324024
EK202310192759,137.29046288813768
EK202310210638,137.67534465162618
EK202310104955,127.73057513317067
EK202310124793,125.43503615406199
EK202310154265,136.2781035212563
EK202310136853,131.36612849264628
EK202310160020,131.57351832900008
EK202310129715,158.90301714392203
EK202310208844,145.80791775493412
EK202310165769,149.00142814035806
EK202310119276,168.5411207722824
EK202310155853,128.6708130210197
EK202310148019,142.98263326537688
EK202310158588,156.4729953224526
EK202320005915,161.50190684497167
EK202310139760,132.6513742945524
EK202310235740,135.70936530577575
EK202310163003,155.38247976134124
EK202310166151,136.09205656767875
EK202310205151,133.68569274348903
EK202310163809,134.4034432363748
EK202310195046,131.91502957911348
EK202310190606,135.0697982123422
EK202310201185,164.5892316983946
EK202310244204,133.8725030936288
EK202310221873,135.96735145271126
EK202310213079,136.50572672572613
EK202310167878,136.89084662935014
EK202310108748,136.09341561698403
EK202310231105,132.90238382615112
EK202310162450,132.49922507615673
EK202310106681,136.3033612392931
EK202310175585,147.4453366750753
EK202310216131,128.2110371446894
EK202310247112,135.43497957782793
EK202310133778,138.16394603235716
EK202310226737,156.85523402453788
EK202310149352,159.74799829822916
EK202310125918,140.63335198114774
EK202310163682,146.42910005243405
EK202310189571,166.7098831159674
EK202310128706,136.62496028344523
EK202310227554,137.65860530210514
EK202310149106,147.91756763335425
EK202310200290,132.30499287896632
EK202310192844,158.3156867953625
EK202310229985,127.17243408975007
EK202310196907,145.62721068660917
EK202310148131,157.765645031153
EK202310223289,137.14808530084304
EK202310169529,126.3318987854396
EK202310169806,166.8893006589098
EK202310212585,141.55430795005634
EK202310196857,150.4982223941105
EK202310190419,140.4856857486482
EK202310219008,127.56720331421589
EK202310142486,138.42099409250898
EK202310192709,161.1781704238283
EK202310182822,124.81006854831706
EK202310136899,136.431565528442
EK202310115463,131.16049475472687
EK202310146582,145.551603467939
EK202310132422,148.61840406280285
EK202310112592,138.2174455253945
EK202310226203,149.04423233386453
EK202310121586,152.16012030450963
EK202310181107,152.75384363087235
EK202310213474,137.18384083285727
EK202310138830,152.9495711082788
EK202310168849,125.9411931276255
EK202310229317,128.7254940112943
EK202310204390,130.13975026170365
EK202310192992,149.28405553048168
EK202310152280,148.50326743148327
EK202310155151,158.14962063474513
EK202310174087,131.0163532243079
EK202310212165,134.44237068560443
EK202310152752,142.81084725591336
EK202310168592,135.60651039836617
EK202310191895,135.80343254652414
EK202310200059,130.97667083129278
EK202310243745,131.80710061345133
EK202310158852,146.67720562997062
EK202310157579,151.34348539463787
EK202310225059,129.55240312671705
EK202310183337,136.15185561147266
EK202310198264,125.20846394915262
EK202310114412,136.8613400272452
EK202310227155,136.35299856099013
EK202310234975,165.93660992784962
EK202310197349,134.08421986801736
EK202310208018,146.86211062136712
EK202310200505,127.59951561930043
EK202310115897,131.89812012848654
EK202310202707,160.9754057559322
EK202310207442,161.87830303857513
EK202310185479,150.22214698873128
EK202310237037,154.93200038882483
EK202310136200,135.21556815592427
EK202310154113,136.582996678473
EK202310114492,132.87984298566346
EK202310176297,153.26466592777513
EK202310107640,125.03339538215761
EK202310209670,133.74523386309957
EK202310105256,155.94450427414432
EK202310108117,146.1856842302141
EK202310214550,136.0629886275939
EK202310175559,152.2962517441909
EK202310148239,133.43046779941778
EK202310181548,134.9798961377069
EK202310216342,142.30021788201026
EK202310160035,130.8774297008481
EK202310168843,157.0466791851566
EK202310131732,143.49009767002073
EK202310209477,159.1341077216709
EK202310237971,160.50199900652635
EK202310129891,159.55365281286842
EK202310171726,152.3842600182102
EK202310229665,129.44965941936243
EK202310204967,149.81060898943684
EK202310174899,124.33667996974506
EK202310116238,151.65937398717847
EK202310114560,139.43086609136327
EK202310238506,140.06523012900038
EK202310234905,133.1662329448958
EK202310229020,127.8518152813534
EK202320006240,155.93332734297394
EK202310142292,139.05942956854668
EK202310150080,167.434398485894
EK202310159478,133.65120500698538
EK202310158699,143.39814335780517
EK202310245027,159.9588498975307
EK202310152722,131.4666339236778
EK202310233081,130.75531828311784
EK202310246556,141.18144763583
EK202310105650,133.81932753030384
EK202310190838,137.61168572289958
EK202310218394,134.4341825290208
EK202310118154,132.43599142557764
EK202310131520,144.46612656202447
EK202310139487,132.6455667774929
EK202310146562,133.1879288470935
EK202310205269,158.94323368994287
EK202310139486,145.9856590589535
EK202310106738,140.68737350574403
EK202310196849,127.28828604102858
EK202310181949,157.2508654778494
EK202310201469,137.3534870633353
EK202310163916,144.7125814328728
EK202310221312,164.4279130906844
EK202310138582,150.02982970592868
EK202310135507,151.1828482304576
EK202310179372,127.91419828912578
EK202310004219,139.69769898584977
EK202310158089,129.83132596277935
EK202310150765,154.594511190757
EK202310191391,135.25824541035738
EK202310112611,142.6859470542835
EK202310107389,150.8705128578769
EK202310233851,134.89020296591474
EK202310151219,128.28293188903908
EK202310232601,132.27133959265726
EK202310202073,151.7285097919577
EK202310225289,141.53030288997172
EK202310166576,128.3600105672999
EK202310224067,136.9121218674218
EK202310136837,139.14322829581596
EK202310177674,138.70126674476387
EK202310246493,146.9769389795835
EK202310183092,141.39930361336607
EK202310109401,156.61643028165392
EK202310145629,137.82335800516427
EK202310130973,118.62767691068106
EK202310208348,136.21963485252047
EK202310184342,140.72345659037228
EK202320007150,159.68034289623222
EK202310237789,131.99130183131717
EK202310114883,133.50829490555918
EK202310205366,144.34780087333345
EK202310124191,123.0091911981805
EK202310155262,135.50699318042874
EK202310220998,140.90164334560657
EK202310220544,132.2635627087353
EK202310143757,124.46303762700602
EK202310106423,141.98930501132858
EK202310221380,123.5855801131969
EK202310126488,133.68565380511694
EK202310161364,137.09396676577768
EK202310239501,133.60082846321873
EK202310164868,147.1494975346612
EK202310203126,137.78027560018998
EK202310137546,123.86389905912174
EK202310121376,141.10755737217892
EK202310105109,136.8553229894714
EK202310205221,155.29051357437265
EK202310188382,166.01514911767904
EK202310241423,156.66623128699857
EK202310167391,140.8883973781384
EK202310228119,146.9521365155644
EK202310207564,142.29674822870962
EK202310141877,131.25693973483325
EK202310244134,135.2123562345978
EK202310148484,146.0174790292388
EK202310213947,130.39151755648322
EK202310189815,133.34685174258797
EK202310196971,165.6537389833772
EK202310170035,142.06266349316263
EK202310118616,143.83914029396703
EK202310202991,171.89896779081045
EK202310193605,139.60229228978443
EK202310142332,151.429970282756
EK202310107201,135.52827508972877
EK202310196602,139.9228004583833
EK202310112787,153.35287500743635
EK202310237416,122.33597817898323
EK202310234910,138.74835892100657
EK202310190727,137.02113317438037
EK202310114532,169.43721704549824
EK202310202380,126.45664419580864
EK202310196667,125.53511424689663
EK202310118771,133.25146200559234
EK202310112695,142.85708206567244
EK202310196403,127.34024327412915
EK202310214197,143.63195431507637
EK202310204797,130.44932090784218
EK202310107958,139.4107359685861
EK202310130013,142.09236685893362
EK202310135758,130.8433895486278
EK202310193054,126.26700036772387
EK202310148141,130.1329237681875
EK202310166034,163.00760221873898
EK202310158033,144.9012496850921
EK202310150288,156.50159920216282
EK202310113821,134.26607909311176
EK202310179440,154.63002209259784
EK202310217819,136.5259783851823
EK202310162109,163.41752807472093
EK202310200554,156.47843459489988
EK202310115242,135.061794694407
EK202310154839,151.3663964626112
EK202310208688,145.84303678161652
EK202310191490,131.97529786038817
EK202310137318,130.51038575817586
EK202310142738,160.39356157175013
EK202310180609,136.63143118553384
EK202310158752,148.76888637019348
EK202310181525,138.44522026823492
EK202310236876,135.55723863586653
EK202310151933,138.63557873665584
EK202310203259,158.88978093133554
EK202310158609,150.5601058285943
EK202310142468,142.5185450375141
EK202310178475,140.34980573295013
EK202310113000,150.89820980019056
EK202310112010,134.89146625205927
EK202310141067,147.78047561104285
EK202310228986,128.79120714633564
EK202310123898,139.64434355224444
EK202310247624,141.8611634159585
EK202310110313,139.16338289450812
EK202310148786,150.09218909483948
EK202310200971,125.09120124141836
EK202310202596,150.52923560221865
EK202310196164,161.53229328472577
EK202310106209,132.90148692270506
EK202310177374,161.4395669600351
EK202310179062,140.1573420175911
EK202310222889,130.2631157885809
EK202310144590,137.3829914505596
EK202310136010,141.04618014084585
EK202310157710,145.34107199674662
EK202310168920,129.78818855315478
EK202310194908,142.60694043006922
EK202310245967,126.48121929655514
EK202310210453,141.02349141189407
EK202310223279,134.6371041692472
EK202310146923,122.74820771738956
EK202310231717,127.02113983873272
EK202310133833,139.28199124883253
EK202310108447,122.11006938775743
EK202310156614,169.96381444667196
EK202310124987,140.38845856512313
EK202310215881,135.42805939157736
EK202310161152,169.09333000608206
EK202310224348,127.87215523773985
EK202310242122,149.21484738105923
EK202310173831,140.70504031289346
EK202310122353,131.46590557301167
EK202310238723,143.00416863073434
EK202310232778,141.19326450328745
EK202310198262,141.25312182703962
EK202310206795,137.67955022039783
EK202310105061,139.3895097424169
EK202310147550,163.80457915007094
EK202310169793,153.1924770079825
EK202310174721,129.96873075617808
EK202310197557,177.6096305041648
EK202320007058,156.01918009368487
EK202310201254,128.62755453721965
EK202310243393,141.9475001830162
EK202310225384,131.13528208440457
EK202310004551,130.68788041754664
EK202310187388,140.771534083255
EK202310221213,134.74474938785488
EK202310206186,131.00225551618334
EK202310118966,146.448148943619
EK202310126228,132.04475072089173
EK202310143806,139.89278626942172
EK202310134776,125.21247816207294
EK202310222461,131.00940301227368
EK202310125996,130.30213378592256
EK202310219494,124.47733122104798
EK202310110685,123.40691339902611
EK202310222225,130.56163453159002
EK202310191983,151.6638525780778
EK202310144685,141.27479091696264
EK202310179138,124.8290821763253
EK202310179457,138.81434342692177
EK202310217372,157.05333808984759
EK202310158103,162.07889779279478
EK202310167022,144.73011094394158
EK202310148101,131.84279389347734
EK202310174010,142.0454779945273
EK202310247906,175.13007681196765
EK202310146964,155.7317756262615
EK202310195616,151.36337114277592
EK202310187966,140.7971662418042
EK202310172204,128.89665444169006
EK202310201348,132.98792789491202
EK202310125866,143.01608367628603
EK202310107865,140.4024097594269
EK202310116596,160.3684192574295
EK202310247975,160.35160372981522
EK202310118528,143.8853881414723
EK202310148683,148.78599853772965
EK202310158367,164.46614573916494
EK202310126019,125.95912916508598
EK202310163868,125.07294909599266
EK202310125121,136.09437787117287
EK202310152576,149.06081742350617
EK202310170352,123.65252276538774
EK202310233529,144.29452044580864
EK202310186906,151.98958025484157
EK202310144083,155.72673002917733
EK202310184975,141.32828104264425
EK202310178056,140.7585509092902
EK202310188978,155.97893458440663
EK202310217567,132.16708896149396
EK202310184281,167.04504967875658
EK202310140673,142.05283632593049
EK202310228899,132.17554378717014
EK202310196162,123.96615114685915
EK202310135089,157.4266022529845
EK202310115752,137.30485754944667
EK202310214385,158.44675178088403
EK202310232516,130.87702692322296
EK202310220873,134.39575173490763
EK202310172989,149.62316594622158
EK202310240149,138.85083510361665
EK202310212616,134.136823023851
EK202310187474,151.99230119128495
EK202310156838,158.69881481410883
EK202310183007,160.93928721149584
EK202310227341,165.20025766702344
EK202310110343,159.63432049083622
EK202310198412,158.89761349902756
EK202310150894,145.23065806164473
EK202310181422,145.85024822153215
EK202310198432,131.34736745043566
EK202310187779,144.81034281736294
EK202310159706,157.91559046883285
EK202310127815,143.73512174225252
EK202310242438,142.87659828963032
EK202310145323,147.13534035898192
EK202310130401,153.26100410061196
EK202310116797,137.88869281668804
EK202310123002,138.3630741902897
EK202310152154,158.05607146758894
EK202310117372,145.06257848786692
EK202310116670,132.2488661316318
EK202310237203,127.1113249949303
EK202310162551,155.3541287445388
EK202310113370,144.35765182788168
EK202310228900,126.45740815369184
EK202310175209,147.61998781888178
EK202310236343,145.4692552150456
EK202310236383,135.24566133791083
EK202310131357,133.74653630746826
EK202310159166,133.67804773556952
EK202310170247,152.6182074251361
EK202310222379,142.4726915363589
EK202310154909,139.62066266570685
EK202310146442,140.0797319907914
EK202310003774,133.32777865879993
EK202310112911,133.82972239407087
EK202310227351,139.3161645816125
EK202310209062,142.2332679432438
EK202310238802,134.62974270738573
EK202310210919,139.90793348796143
EK202310232835,132.50316700556988
EK202310117128,135.1377197782953
EK202310219225,143.6659217875669
EK202310174933,158.8785262781568
EK202310204676,164.431470150942
EK202310107148,142.7056872832965
EK202310181371,163.5424323423569
EK202310146220,155.26554041921216
EK202310224369,138.29038607490787
EK202310114927,128.41409805803679
EK202310177552,136.9664122035556
EK202310221588,156.12220176629143
EK202310107465,133.1768143261696
EK202310135932,128.67536589089164
EK202310110876,145.67355180053528
EK202310237021,140.07739874494547
EK202310109014,135.42683433770293
EK202310140401,128.46298241774204
EK202310137294,126.22519997438897
EK202310163064,146.3715591198582
EK202310147482,162.67648243311666
EK202310127284,151.92543095462923
EK202310201694,154.80271262101962
EK202310198350,139.20191751627516
EK202310208750,136.2734599931297
EK202310004741,134.22311927754077
EK202310164975,139.53296138056749
EK202310219480,132.64259425481794
EK202310213044,145.7517771341066
EK202310225710,138.09531428565347
EK202310174791,150.95562609833436
EK202310110800,126.3438969202038
EK202310208627,154.886184077042
EK202310191043,141.39188135691992
EK202310154022,142.75857242136743
EK202310224070,130.43187040171955
EK202310119217,138.4772626608117
EK202310166221,138.33108478938107
EK202310135615,127.8706730759381
EK202310184260,133.67361453325745
EK202310123132,144.82486279901738
EK202310234461,141.65284793869833
EK202310167872,142.49358244785856
EK202310174913,158.73575852099557
EK202310199190,133.2949253029796
EK202310207044,139.612005077061
EK202310121394,128.1307203907581
EK202310191133,150.35653491701575
EK202310222955,129.75755790446428
EK202310193537,126.31759404406766
EK202310131922,132.7949291734946
EK202310241321,166.89899961330872
EK202310223125,139.93197834211347
EK202310177034,143.17568600816074
EK202310189208,153.2549910955491
EK202320006578,167.89673694035034
EK202310204325,147.88360674489635
EK202310104387,143.29888493705627
EK202310188941,166.69406580919733
EK202310163981,139.54622100272158
EK202310222266,138.9446488166761
EK202310108713,134.86272571103814
EK202310201346,146.79198485086326
EK202310218638,130.29290261500302
EK202310161345,149.87352004448883
EK202310241526,135.29509777988832
EK202310199356,126.87458480453415
EK202310134515,125.91843078762832
EK202310004519,125.61926264057973
EK202310135276,147.56753864154217
EK202310219279,129.0822415921189
EK202310136740,129.6465414555682
EK202310200952,147.2356303976682
EK202310110068,138.47728343925624
EK202310157132,153.70866188980602
EK202310149621,143.03352374563167
EK202310138788,157.13833683617736
EK202310224324,136.75368834277907
EK202310239811,143.92298961711214
EK202310201046,141.55369770024365
EK202310165503,135.8172136187831
EK202310238259,159.24649192651714
EK202310165302,135.93315608469464
EK202310191144,135.8872920155502
EK202310185640,137.66694165950454
EK202310120926,137.49163023774653
EK202310197879,142.35176609929852
EK202310196320,158.67472791556796
EK202310220563,135.10488229353555
EK202310221699,155.80404715659537
EK202310229519,140.88198197341916
EK202310108573,157.75299243770795
EK202310184582,145.02843501476434
EK202310211294,145.34346108436026
EK202310195625,138.6530263142212
EK202310139587,160.28066712962814
EK202310118764,126.01045746580417
EK202310110542,141.4648101880954
EK202310173704,158.88816453365703
EK202310136262,125.25798062547517
EK202310237271,136.44725232981466
EK202310205898,142.85825131152322
EK202310245831,124.42565118907547
EK202310193909,137.29591414723637
EK202310204263,142.0935140794482
EK202310105876,138.5941292050945
EK202310192947,143.92706460042632
EK202310183403,143.48206110083171
EK202310133788,143.5205454021125
EK202310222018,137.41555335121143
EK202310129042,144.70623937657197
EK202310227808,131.81517357657694
EK202310218437,166.23550398631932
EK202310237736,127.21596370662924
EK202310141333,137.93850239941736
EK202310156395,134.8537763249271
EK202310004469,137.37799952219643
EK202310114436,139.61963732140154
EK202310118411,132.72590807496582
EK202310163568,134.40924678821247
EK202310183481,149.40338202825075
EK202310124719,149.16658032054542
EK202320006725,144.10765980783896
EK202310166370,156.8025977562632
EK202310133824,142.24967284972013
EK202310210325,139.84219641877814
EK202310144287,136.07126106810108
EK202310130686,146.68894040105974
EK202310177102,143.87741521425244
EK202310168931,135.6793882484583
EK202310235183,136.5983270163422
EK202310228458,169.6217424005444
EK202310207703,151.21273351931052
EK202310203188,156.97260215471962
EK202310111430,140.98056028569587
EK202310244894,135.2191992978714
EK202310113983,138.9051740015104
EK202310202824,156.66153068737125
EK202310138446,126.6013133123704
EK202310176444,141.70761941406687
EK202310126844,138.44025724127164
EK202310226840,147.8106016030215
EK202310109459,139.3321586852587
EK202310118743,165.44371613748632
EK202310129553,137.9887891580192
EK202310199845,149.1116071675475
EK202310228563,138.8112267745592
EK202310218219,143.8078925073501
EK202310197921,139.92869636885848
EK202310233068,143.6576096984259
EK202310159242,150.9836030858693
EK202310198622,139.73318166470764
EK202310203352,144.80479258830565
EK202310164418,136.14587402173262
EK202310119871,146.47627272843962
EK202310207409,158.03423909141844
EK202310109177,155.25497695879156
EK202310165988,146.11102348777308
EK202310199785,136.23916642297925
EK202310196659,171.393585392662
EK202310169272,132.5220208220102
EK202310197425,129.76558033046115
EK202310175738,122.93625007842108
EK202310135941,134.27719706393486
EK202310139904,146.33874464839738
EK202310194855,124.91778112953644
EK202310221332,131.20118502917148
EK202310126755,137.046218647889
EK202310220018,148.95202170577798
EK202310134041,137.51700219041038
EK202310210951,146.8190370358514
EK202310122540,137.63004000234278
EK202310205978,129.7256541182773
EK202310159579,146.53206740405216
EK202310118408,138.17623430532365
EK202310115221,127.85660194551737
EK202310120155,147.89618967148016
EK202310163240,143.63015018930133
EK202310147464,147.80829668690598
EK202310248306,135.82500686578425
EK202310152592,133.68246264527946
EK202310192478,128.8802591914258
EK202310126785,135.38844397972247
EK202310110706,143.83361175351814
EK202310182765,147.45735952713778
EK202310248138,136.92923876593434
EK202310186154,130.96802341917393
EK202310181675,157.34148393860295
EK202310217987,132.83702617174188
EK202310179130,133.41503664930806
EK202310135992,145.68886267537138
EK202310221623,138.66779557157122
EK202310113128,144.1868187083914
EK202310210010,128.56072084838138
EK202310163945,155.05302319452497
EK202310239487,134.06317945958943
EK202310238588,135.752723666426
EK202310146898,147.76225148719755
EK202310147158,143.65108249920738
EK202310187097,125.16737327507364
EK202310195731,136.86284856838844
EK202310105999,136.39681233443162
EK202310200746,148.0359105124956
EK202310129579,136.52368900367478
EK202310197982,169.67727658639276
EK202310183465,140.35354725597026
EK202310105248,124.79088863320752
EK202310142138,127.56046448040007
EK202310171408,143.96093522977418
EK202310131832,143.9637881021708
EK202310211971,137.35392433704524
EK202310240690,140.89166064043513
EK202310003608,117.46733384485455
EK202310145836,132.23596635793763
EK202310171399,140.79422684523016
EK202310137705,139.4302575724613
EK202310136000,164.11457602628244
EK202310133882,130.29018119497096
EK202310141636,147.72680600183776
EK202310147290,136.81664450824962
EK202310241487,138.0992356082098
EK202310137723,138.3805409773049
EK202310140855,138.38338584013061
EK202310177098,147.1944458618603
EK202320006676,168.55969500628873
EK202310112514,143.10396381298665
EK202310141677,138.07026876487797
EK202310175682,149.54703022787336
EK202310236633,128.3595607237844
EK202310196176,123.99052875005867
EK202310156999,137.37114039617705
EK202310213305,141.9604708230222
EK202310200333,164.62501277898204
EK202310196550,136.65288622684918
EK202310226257,132.01281716952548
EK202310210514,135.6714718831668
EK202310185954,133.4350106575818
EK202310239737,136.8995536711702
EK202310231636,127.34609669346415
EK202310167744,135.75409329344964
EK202310227786,129.79747085835336
EK202310234832,142.16792249661563
EK202310126608,132.94989488405326
EK202310231942,135.50103225525342
EK202310107679,143.8996038710771
EK202310154939,148.22177239079724
EK202310191434,133.32858816097024
EK202310143462,132.43792386262473
EK202310228890,132.99322931433812
EK202310181791,131.10351875606736
EK202310147122,150.47570177322277
EK202310114485,135.22257754011798
EK202310104634,134.85366573303503
EK202310183103,138.65015924340167
EK202310003449,138.8604567832907
EK202310220154,127.10041330887356
EK202310215919,121.44548274409259
EK202310183173,119.02855258058702
EK202310136581,140.4484411504913
EK202310135891,164.42741526327308
EK202310234960,140.2300253048362
EK202310213672,127.7913473489247
EK202310160012,142.06826003572536
EK202310112248,140.61167998127576
EK202310136825,141.53283838737485
EK202310243733,133.24339050658017
EK202310235540,127.33468711298757
EK202310241172,123.74314933229303
EK202310189939,127.7592852259375
EK202310115473,134.70747465717372
EK202310188980,166.72959489415499
EK202310248520,138.48879986916617
EK202320006015,146.62752857282396
EK202310156531,136.66342130844686
EK202310146465,141.4122212566888
EK202310104718,155.0020525619413
EK202310208272,143.39420944700868
EK202310170862,139.43309635590228
EK202310235381,142.67549255480324
EK202310171376,137.3104022900569
EK202310167650,155.71544005218735
EK202310160990,164.88971043305435
EK202310195882,131.67574922012082
EK202310190552,137.19866757828777
EK202310120695,141.6675381817974
EK202310177689,136.78713771000224
EK202310116634,136.9162552438975
EK202310110519,139.2916953142343
EK202310125017,153.66581987110945
EK202310182959,133.6084752664317
EK202310181811,151.79300008590266
EK202310214725,156.122587993949
EK202310212263,136.43860456311873
EK202310122692,158.0267589493623
EK202310215131,137.39307030552263
EK202310202575,147.215935079539
EK202310167856,137.8802519103767
EK202310196698,148.81532577201511
EK202310226483,143.5987621492307
EK202310162014,153.80882354183927
EK202310125942,144.45567106941243
EK202310106367,135.19787114944552
EK202310229140,140.85511041427034
EK202310207884,143.25213173537583
EK202310152869,162.8551316849597
EK202310178619,139.44241271368068
EK202310211976,138.25979689328298
EK202310229203,128.90541051048655
EK202310192119,160.7642426173045
EK202310202715,143.61790670953624
EK202320007183,163.30480513934876
EK202310218337,127.5131777643408
EK202310146967,148.72002013108303
EK202310184808,152.68844113811923
EK202310190764,130.88331470312536
EK202310156823,142.89856564025877
EK202310199791,135.96610276042674
EK202310128548,137.5473364460902
EK202310156699,126.66322572383606
EK202310191011,158.3981970631917
EK202310192556,136.82367995255166
EK202310201947,135.36160769930265
EK202310180835,132.185021043932
EK202310218514,133.56598869942334
EK202310235403,141.03637285807633
EK202310222338,138.3064298585743
EK202310129625,131.7067853215264
EK202320005601,141.32198004991014
EK202310167199,158.70873925573028
EK202310216271,174.89467273372466
EK202310186219,167.51495139225952
EK202310200112,139.5476889521907
EK202310240709,131.95976077812537
EK202310140388,137.86166267105054
EK202310167460,137.74592023939385
EK202310207710,154.78795372197723
EK202310136954,133.23142274932837
EK202310238009,156.74623622011904
EK202310241135,143.68457269837882
EK202310118669,149.81173224312857
EK202310177676,130.80963617460273
EK202310110622,149.97433836315022
EK202310106125,149.51481285586846
EK202310137730,133.13722963626566
EK202310169952,140.5525685418202
EK202310201586,138.13106215034531
EK202310199082,149.7528227570494
EK202310110230,124.45906638917313
EK202310169093,166.56652903457962
EK202310151384,157.6584819237459
EK202310118353,128.87786867248337
EK202310217860,138.44731388715113
EK202310155832,156.74170927317698
EK202310192043,147.85424183291457
EK202310227031,126.03800952551549
EK202310181504,139.4302261443915
EK202310123944,141.70990294710037
EK202310155457,136.29284352300394
EK202310121127,162.13872138938524
EK202310004367,149.85846262396151
EK202310113745,139.0147871915845
EK202310121643,141.34818229704345
EK202310126640,139.680169510132
EK202310203242,159.60497701499096
EK202310144892,141.4768091208445
EK202310108440,142.2523903897594
EK202310169807,153.30137070755487
EK202310247122,145.2674257960791
EK202310129519,157.35242604912406
EK202310235954,146.3055067120521
EK202310122880,141.3327959513866
EK202310231944,137.64814023948284
EK202310244881,140.50219267478036
EK202310124312,133.3210123958414
EK202310193201,167.21002725161804
EK202310229571,122.06074978417875
EK202310157769,134.6637010104961
EK202310109164,123.52678449
EK202310188000,146.967789384797
EK202310109289,120.41163571271332
EK202310157844,141.87744885218473
EK202310237961,168.14341736034373
EK202310138503,157.08391851032187
EK202310155205,122.71102342328825
EK202310199658,169.1359355609021
EK202310168116,145.02532681130296
EK202310236349,130.47455616427223
EK202310003984,138.54209072849852
EK202310227800,151.7902126391151
EK202310238162,133.66204582535343
EK202310207863,136.52636622622697
EK202310104629,137.62749813171013
EK202310199877,137.9874514321663
EK202310242313,138.03591487328495
EK202310180497,160.43664073893086
EK202310205863,152.6054268443166
EK202310198959,153.68598067850363
EK202310150579,150.92880499669968
EK202310142769,167.89899698932848
EK202310198383,146.71110233502037
EK202310114099,135.03588344102775
EK202310189094,149.9951354543783
EK202310128005,121.77941932754251
EK202310210639,138.37429891342666
EK202310247606,152.3135925277817
EK202310161724,125.73891527703717
EK202310141881,127.43546989410117
EK202310131694,133.01481236366158
EK202310204730,138.05179992384498
EK202310171972,143.98930239390643
EK202310208602,143.03814381609934
EK202310154432,126.09635225698635
EK202310122263,125.20613159351386
EK202310192830,147.15630253063418
EK202310211505,154.3751958115565
EK202310247017,148.31233281458591
EK202310106742,138.7956278788654
EK202310160358,140.37600950258565
EK202310241263,166.9840079723891
EK202310109888,142.3648596099137
EK202310119208,133.74489874884648
EK202310138383,122.14338748275992
EK202310195693,159.99544448504454
EK202310150042,139.8105390189493
EK202310233867,155.43512524703098
EK202310151155,134.75271032303098
EK202310152450,143.37967345302883
EK202310216227,150.8378778880002
EK202310119674,147.84566668773044
EK202310151394,154.41189827822274
EK202310198198,136.31103443983145
EK202310231585,129.0773835931451
EK202310220310,167.29261911179753
EK202310133553,136.01581183834801
EK202310119758,135.5666344020204
EK202310154895,162.79943924107226
EK202310166029,141.8638969744695
EK202310209935,139.30238351057895
EK202310106150,150.11187915547717
EK202310220446,133.3550905638783
EK202310138946,160.02229652269673
EK202310136698,136.9189979850361
EK202310237887,132.53704941582262
EK202310133476,148.2001275191034
EK202310219601,139.1129062475879
EK202310171218,142.3250931096688
EK202310235182,132.92546451433768
EK202310132648,123.26418637302609
EK202310244452,122.89887353851329
EK202310138113,138.57544503154918
EK202310187317,129.17575926248034
EK202310179142,131.4139165619418
EK202310165891,139.2378881995591
EK202310177495,136.41875773535148
EK202310150032,157.6893926478026
EK202310133680,134.60295143211533
EK202310133975,152.07642422776044
EK202310203779,134.55971455156808
EK202320007546,135.08070998268346
EK202310191528,136.6314805210424
EK202310129147,147.96742151563475
EK202310181778,134.31943058198402
EK202310230476,152.7349921607044
EK202310110448,126.91444284003614
EK202310107980,141.90035029793484
EK202310150018,151.62291585494174
EK202310222076,127.54377138145627
EK202310178437,146.8657797816695
EK202310206209,127.03954515387069
EK202310211038,127.82329417246345
EK202310130172,174.5228300041658
EK202310166466,153.99643382718844
EK202310183473,129.52802278442138
EK202310196150,143.65473474353558
EK202310157693,124.93759090580022
EK202310104605,137.83948014960419
EK202310235306,154.33651698367248
EK202310107563,136.22758284241073
EK202310163320,131.42516265830906
EK202310136756,131.59003718864582
EK202310211564,134.14572768950333
EK202310232534,127.87935153512699
EK202310132550,130.77643662689866
EK202310160312,163.29231467903534
EK202310234805,138.95341538115656
EK202310185938,126.65185578807166
EK202310144699,152.88664814509437
EK202310191954,150.7860824258639
EK202310146126,132.50871108207542
EK202320006284,176.1007606350145
EK202310185460,155.55095580345645
EK202310191567,156.6008695970789
EK202310222307,143.9111663329298
EK202310105032,135.30675485671176
EK202310230256,132.6282039119876
EK202310220456,143.78776500331404
EK202310125059,141.92666626101058
EK202320006649,177.3895435519652
EK202310170919,142.50729003647754
EK202310244926,140.9246832918998
EK202310123389,131.1479150751428
EK202310122848,137.15380939061433
EK202310211774,121.58191011852291
EK202310197231,127.88885439108472
EK202310138568,131.59873510401374
EK202310198554,135.09462971173627
EK202310121478,133.42372618006746
EK202310236719,136.51294763208944
EK202310168801,159.47112764690223
EK202310224443,158.57918099624564
EK202310206512,146.77787289264978
EK202310220836,153.71594213067314
EK202310247269,137.24264692508223
EK202310131994,123.37703584900162
EK202310134008,122.84430631679786
EK202310157322,137.575971207607
EK202310143414,157.1583132858081
EK202310173429,139.14111840337847
EK202310217512,132.3894672298167
EK202310166684,145.82862302288117
EK202310203358,138.34077557443626
EK202310135525,149.5256118434546
EK202310190632,148.84705536657498
EK202310109605,150.3553322715316
EK202310209788,128.10954028528585
EK202310184706,134.26774196928318
EK202320006994,158.155665612134
EK202310184357,133.67508123226648
EK202320007190,144.25982165865523
EK202310105990,141.8830322942735
EK202310168348,123.7083619118397
EK202310138422,129.7784092702407
EK202310136152,139.15275881475782
EK202310126424,124.37445662490703
EK202310147111,165.48287793627946
EK202310231544,126.63588032979762
EK202310149122,139.16660458516557
EK202310212352,130.62492004002348
EK202310178385,147.43977660470296
EK202310224803,171.44719622651166
EK202310004063,161.1492950116016
EK202310206156,140.4350462819523
EK202310157699,123.88443015466571
EK202310154414,152.23757243113295
EK202310149221,128.3954295671914
EK202310171384,160.86020515389143
EK202310153408,141.42430587747543
EK202310109654,146.82567151952105
EK202310158683,131.31590197435764
EK202310206976,132.92735357837665
EK202310186788,134.17268957602187
EK202310187515,148.43721193809355
EK202310153792,150.69000416272942
EK202310144321,133.90003310781205
EK202310222822,132.63735260304853
EK202310152281,164.45565757688854
EK202310003851,164.56690428979377
EK202310205656,151.6643855752931
EK202310239556,135.79081685472923
EK202310145427,148.55779930799898
EK202310107329,127.84816713307
EK202310135305,146.68241955326508
EK202310225618,142.7805045918139
EK202310212945,129.0181492499263
EK202310244567,142.85492533632865
EK202310188392,125.83440087236433
EK202310188450,143.4450221313016
EK202310119188,139.67299719673986
EK202310156387,138.83493868606521
EK202310154237,135.24578314115743
EK202310232890,137.8341000881702
EK202310219207,120.22148659080322
EK202310247057,136.92400085180068
EK202310229305,138.6757060460401
EK202310128710,130.41576730044554
EK202310179533,138.04032713407338
EK202310115467,126.14642011392922
EK202310237723,131.95902358527223
EK202310197376,165.50857124619668
EK202310135350,152.0435455393919
EK202310135038,169.6394876153779
EK202310190843,146.66789587333207
EK202310148220,151.32281326379268
EK202310193335,163.13715842850885
EK202310201565,141.3571560969964
EK202310108505,136.72547523188277
EK202310236715,141.65341684210853
EK202310149792,150.17015684238467
EK202310193733,156.71599060730398
EK202310248391,140.01898425148636
EK202310134202,154.43961656246432
EK202310174938,159.93335870105133
EK202310104253,130.98196750898117
EK202310178227,152.84131593646862
EK202310200622,136.6737090324723
EK202310162938,158.8457369751075
EK202310136715,141.06694585510496
EK202310219551,144.66828713033019
EK202310213720,155.9957797316455
EK202310197334,181.86909478584798
EK202310162409,145.2746287613776
EK202310176758,130.02404622070213
EK202310106155,134.8313947195915
EK202310178600,151.46617146769756
EK202310181111,132.5578212332147
EK202310237737,117.46597957344257
EK202310135634,133.80735086922925
EK202310222019,157.99866581811182
EK202310211690,134.45949163791838
EK202310223930,139.559883072782
EK202310159564,139.46281678515757
EK202310123361,145.637013182252
EK202310154711,155.3340430650556
EK202310196284,170.05817639075087
EK202310142525,142.55261375922694
EK202310185635,143.84628037238826
EK202310163743,131.98404276117446
EK202310176119,155.56464003458157
EK202310243732,144.37992888478902
EK202310153106,155.23884051788605
EK202310105266,141.24859504540734
EK202310192211,134.55509205191004
EK202310109959,130.2862956161695
EK202310124347,129.01817034060647
EK202310215657,126.60556047538446
EK202310181609,139.06573252928038
EK202310166089,158.12523206803593
EK202310180562,146.43622429101282
EK202310220766,134.7028246095188
EK202310208527,134.4911029765918
EK202310197946,130.22445357082458
EK202310165805,131.2209971397984
EK202310184781,139.69716700049653
EK202310212044,155.72835608811303
EK202310182865,124.54216067200412
EK202310187564,148.54184666017878
EK202310187093,142.39274917007273
EK202310243295,140.09872949908183
EK202310156858,144.92768285727266
EK202310123996,162.46036818453754
EK202310120097,133.05360699223124
EK202310135094,160.34690840664646
EK202310189874,130.42446278433843
EK202310210390,140.55645493092453
EK202310108372,136.9745456840149
EK202310217559,144.47135928768552
EK202310136995,145.8588806164232
EK202310119918,137.35239525369252
EK202310108102,132.11734023529934
EK202310205335,141.6792011533234
EK202310192571,149.5819625679619
EK202310122214,151.72994040256017
EK202310111079,148.5146845785255
EK202310143134,144.2505576668567
EK202310244019,129.92965420484398
EK202310238237,136.26811785064012
EK202310136960,130.53994086868965
EK202310140905,149.1061802805092
EK202310207571,134.8845048470891
EK202310185887,156.63270393699676
EK202310179874,141.39048203698712
EK202310228155,137.0152943382304
EK202320006551,163.15590487520132
EK202310198810,172.35646849649336
EK202310197956,134.72550544848855
EK202310109446,162.84307128751757
EK202310145921,146.0199360657019
EK202310127078,140.19397388505485
EK202310106661,133.1191027973774
EK202310107868,140.5353818477707
EK202310137756,122.52258157864269
EK202310112214,132.60008065951752
EK202310223082,152.4764760213709
EK202310180270,146.41764488043685
EK202310164239,157.92006994364087
EK202310126360,131.31856583839604
EK202320007775,147.91281215081705
EK202310212210,135.148728228962
EK202310154670,147.09371398250858
EK202310225780,133.08466725503092
EK202310159250,145.75797122461125
EK202310189634,153.7115400675305
EK202310140814,136.84967591179097
EK202310127508,167.56552542911817
EK202310218677,138.6552754221864
EK202310128068,137.2896156856145
EK202310113414,136.06100043165856
EK202310127227,135.4614916576789
EK202310119514,146.51440906436622
EK202310228944,126.3083859789184
EK202310109272,135.37392338313273
EK202310181673,152.40003594783906
EK202310213638,133.01315941282385
EK202310244798,137.63335317156927
EK202310204831,137.03898591584
EK202310208541,126.89825764595703
EK202310226684,146.9531374845407
EK202310106021,123.04090703073085
EK202310186790,142.65321583630475
EK202310134623,135.12449919798635
EK202310004353,145.01449045730948
EK202310120823,126.30138608746792
EK202310193351,126.25564164812107
EK202310129759,138.60699233938325
EK202310211069,150.3898564820502
EK202310145710,131.08730488727096
EK202310129442,148.57801499208378
EK202310157511,127.69960534788657
EK202310210155,131.4008777788567
EK202310240481,124.0890306559281
EK202310182044,170.11448399164368
EK202310180996,150.58972439387833
EK202310130678,134.16293323773985
EK202310003775,125.33803345685611
EK202310155552,136.29028622905983
EK202310111202,142.09337127235204
EK202310108361,135.36374890166934
EK202310224126,141.8792409064216
EK202310115508,126.27351637444903
EK202310225464,125.9530195522525
EK202310198925,133.03813515918736
EK202310143314,145.73999323034946
EK202310231386,141.44948388151548
EK202310120970,127.70886651873808
EK202310179304,136.34196409824793
EK202310222188,138.17774374357847
EK202310173726,152.00644751288505
EK202310151318,135.9579671677763
EK202310139619,136.27525015882816
EK202310175938,157.584142609575
EK202310178847,139.50968613310923
EK202310191627,142.27621928542172
EK202310180100,132.93153062441158
EK202310237846,132.91805998985106
EK202310136435,142.68044558637226
EK202310104391,133.13702571830538
EK202310182074,135.48102841734686
EK202310197546,162.48499205806854
EK202310237183,150.26878680371223
EK202310113688,146.93675945568793
EK202310168496,131.7931565383285
EK202310140650,139.16476061266974
EK202310202579,144.5940559682482
EK202310173337,132.88302665317187
EK202310148159,147.7937020950149
EK202310177447,146.11896564180284
EK202310172439,166.97441870250387
EK202310193776,142.6856413416758
EK202310126160,124.33907792726143
EK202310129091,144.76356249643513
EK202310180011,127.01632535077056
EK202310219524,160.07148770336923
EK202310188997,132.6473792960521
EK202310183044,145.3537710449751
EK202310192813,143.64657877598438
EK202310148696,150.7207888843106
EK202310197244,166.412949953399
EK202310243949,127.9900802023814
EK202310223004,162.53263061593165
EK202310159964,140.35354909717853
EK202310226266,136.61938827449535
EK202310227381,152.7559285920301
EK202310143706,145.5757340661929
EK202310156505,141.09993475353687
EK202310146977,144.60076731421134
EK202310207164,156.11347932254267
EK202310115033,136.60514762414164
EK202310197774,167.74757395588202
EK202310183602,158.78506600031
EK202310163574,128.26316214306948
EK202310139474,133.6940676644019
EK202310139787,129.77415055824295
EK202310151771,134.3824260161892
EK202310141474,136.76940814520245
EK202310201682,142.10404034967445
EK202310235051,140.67788899342108
EK202310197036,131.05203869544215
EK202310208162,125.38948633695867
EK202310192736,139.93678201858836
EK202310239207,131.75031725716408
EK202310213359,127.1038975749951
EK202310165987,139.21514937264294
EK202310144351,139.59941103987742
EK202310192377,149.40321260160238
EK202310178661,146.39929657726142
EK202310133799,132.0697011170476
EK202310167137,145.19519334207354
EK202310196182,165.7764775944773
EK202310239217,131.94991943952263
EK202310163146,142.06391702326874
EK202310139455,145.4085516174703
EK202310164544,125.94988194470565
EK202310105037,164.22554543113668
EK202310168936,166.58712544512346
EK202310182321,135.88398929099026
EK202310223204,138.57954658239333
EK202310124648,132.60352561898011
EK202310133402,127.49853821794373
EK202310189249,131.66448431539587
EK202310211896,137.42227409682008
EK202310153695,135.61269983546353
EK202310197047,148.563854673458
EK202310115358,144.81799873979628
EK202310178231,149.01263218983266
EK202310140750,168.17622100836283
EK202310196690,127.88798319791424
EK202310180158,127.75844810378862
EK202310118819,155.00216742314967
EK202310129172,130.32516280747302
EK202310160427,154.02070755504792
EK202310217514,143.53625573295756
EK202310228544,132.36382868962698
EK202310129411,149.0265167735068
EK202310120076,126.28729638189446
EK202310147682,137.23907126754935
EK202310119579,144.9146623807558
EK202310231294,127.0232201649229
EK202310205896,129.95519158333326
EK202310168792,168.21808969392765
EK202310194600,129.93593473355276
EK202310231773,124.88158778252928
EK202310197094,142.97879519615998
EK202310159125,136.9172047007926
EK202310145220,140.60128194577925
EK202310109432,138.7720427256491
EK202310154128,127.41988239406581
EK202310226955,137.08177226527914
EK202310232457,133.5102518211762
EK202310196244,139.58469200205485
EK202310246079,137.96401544269293
EK202310168088,134.58274722223658
EK202310128614,131.08210040185995
EK202310156766,152.9031577543332
EK202310208139,137.2994803436689
EK202310167951,141.45060318079098
EK202310140914,136.77276174334304
EK202310123858,139.62551735419444
EK202310246678,165.1571381655525
EK202310231310,138.72042290563897
EK202310145596,143.2504413803971
EK202310227515,145.64579496996924
EK202310124946,133.45668960480074
EK202310146823,127.91834306649648
EK202310135586,142.99497620841439
EK202310201307,140.23683098346083
EK202310182403,159.69809031764245
EK202310215443,133.31669642409406
EK202310126298,136.23382062973366
EK202310189734,133.97895748204527
EK202310150496,148.4748761291588
EK202310201647,130.81034898367736
EK202310236856,133.94795649025102
EK202310141840,154.9324426589404
EK202310129012,135.87323951228808
EK202310191859,132.01062458023074
EK202310128135,129.28912828042866
EK202310140784,152.14488371874796
EK202310106371,136.7407743463998
EK202310189118,150.1865202380993
EK202310185786,134.61956861508526
EK202310177437,139.10473096168377
EK202310183495,134.0356404485313
EK202310183166,138.75797922349577
EK202310121858,124.76112460860645
EK202310128877,131.7791698204469
EK202310155995,153.82533276221986
EK202310158905,141.79006743090352
EK202310197700,137.34366653539607
EK202310135362,137.93406322444375
EK202310238208,156.21916287929216
EK202310225984,137.31275975037966
EK202310196965,155.03434503992565
EK202310244512,145.80423409594422
EK202310113816,133.01158263045062
EK202310141423,140.416707644124
EK202310226411,129.0778322954865
EK202310217081,136.40775130304849
EK202310161000,137.760868926303
EK202310141027,169.2236711960588
EK202310231746,140.9725543584301
EK202310209069,126.93697720464432
EK202310142345,154.63620855338033
EK202310117104,142.05171844796925
EK202310108603,134.74252856792825
EK202310196141,140.82393867160536
EK202310192522,143.40018754639595
EK202310144266,138.1734732781293
EK202310203451,164.61938927600144
EK202310161877,154.83227742890196
EK202310155543,146.5827478315106
EK202310123638,151.0687055291252
EK202310145309,147.057515984115
EK202310138293,142.52516315633721
EK202310227474,137.91961850762596
EK202310227560,127.90480546685939
EK202310152889,166.2181146324385
EK202310107200,133.08406907623709
EK202310205243,128.4094708371403
EK202310203128,138.90157150610167
EK202310176303,167.2981683554624
EK202310236159,132.68706422956137
EK202310146226,150.51527446251808
EK202310114477,127.73866545860668
EK202310193701,149.9991570582532
EK202310132862,131.15985086420673
EK202310146635,140.4108325782728
EK202310118476,151.40049857079845
EK202310207776,137.67522612121456
EK202310165877,133.75774730935947
EK202320006410,147.34092800877417
EK202310111513,153.81465491789098
EK202310143909,142.14712293954085
EK202310132541,131.55489570679737
EK202310209469,156.16588015261704
EK202310103777,135.2071349156209
EK202310138311,154.80940434902533
EK202310155715,149.9695853229271
EK202310161111,155.52943614247098
EK202310231380,129.11769857410465
EK202310129520,138.55151000015238
EK202310234907,141.23354875889268
EK202310107216,118.8395991869097
EK202310106843,137.6226805271542
EK202310204308,148.0063443912315
EK202310214592,162.2474540917407
EK202310116839,144.31168043251864
EK202310180647,132.04434682681875
EK202310142824,137.75425618152886
EK202310196639,141.0899702592703
EK202310231947,135.05860163158675
EK202310135996,153.8860792090091
EK202310225970,123.78351464560933
EK202310232921,140.54092416165557
EK202310229671,137.71194133227962
EK202310143117,125.98377388588001
EK202310235001,136.5777284551091
EK202310223296,141.63268764576983
EK202310166180,158.54740708228755
EK202310144778,133.28102686920036
EK202310140206,151.2928655013916
EK202310146221,138.63152779142155
EK202310191931,141.41850484834518
EK202310139195,137.22208139785386
EK202310110326,134.87814802346065
EK202310198683,141.41990704908335
EK202310108642,136.1298001175208
EK202310147919,150.78604114611096
EK202310120403,134.2390771895785
EK202310148663,138.02861279738843
EK202310194369,142.242818544667
EK202310188744,147.54618125600544
EK202310197143,137.63456998975497
EK202310188007,152.87625206055606
EK202310230690,129.2550048398801
EK202310109322,135.11504090078742
EK202310122503,141.74768779828514
EK202310208466,133.32197932464936
EK202310169759,135.7073016881823
EK202310004770,137.81336172988767
EK202310197055,138.45053136616585
EK202310190099,135.11300520306747
EK202310238226,138.43494697525608
EK202310166147,136.04784362053394
EK202320006000,163.20770339444522
EK202310214036,144.41267327314637
EK202310004510,137.35874402961622
EK202310144131,130.14263307958603
EK202310182006,162.84654848225316
EK202310115418,134.37419036052142
EK202310203399,152.7568754974771
EK202310219700,150.518853240164
EK202310141585,139.4336382005664
EK202310236911,157.48570037015284
EK202310153553,143.06692633309433
EK202310152777,154.7468091841088
EK202310216006,141.40892347388092
EK202310159334,145.06330891949668
EK202310200189,135.57381865461937
EK202310176376,144.31404503607237
EK202310177091,142.90569584989248
EK202310135092,169.646971140067
EK202310152730,156.3773441144263
EK202310194718,131.62982807942834
EK202310174761,156.23409737339117
EK202310187516,153.70205349578086
EK202310225948,146.84284134800322
EK202310159500,145.9596104848098
EK202320005628,147.89566192165782
EK202310150262,167.27202552088656
EK202310197555,162.31063528396106
EK202310224652,136.7456541074014
EK202310239239,124.26666091833144
EK202310222699,129.47413621171626
EK202310115560,152.09479163191284
EK202310179277,135.7842753831299
EK202310202696,160.66450387701119
EK202310154234,126.83694363884649
EK202310113254,127.91988447281089
EK202310139630,142.0714508763725
EK202310202764,157.560120564427
EK202310121640,130.5150253179758
EK202310142534,132.5853117827463
EK202310239215,141.27996356265604
EK202310244715,132.239267707451
EK202310185779,133.64065092407427
EK202310221201,135.1872610356362
EK202310206833,142.25899508272397
EK202310171904,142.84516048692532
EK202310178044,139.1346658031593
EK202310168114,153.94843799278945
EK202310138587,140.2175556781384
EK202310173356,133.42869310958193
EK202310197110,143.65994255229754
EK202310242357,144.55911185140212
EK202310208746,123.87341320953036
EK202310217847,133.34031682332954
EK202310199265,127.10122522829815
EK202310182895,131.93055816877444
EK202310107553,146.46586611527303
EK202310107608,139.1215998113344
EK202320005608,153.65727341822029
EK202310199563,133.36391230772884
EK202310141002,141.29504849473437
EK202310187238,150.56623671761585
EK202310187741,148.46473197204767
EK202310189994,140.28254309201316
EK202310147256,124.65946940385831
EK202310118527,142.4683225434414
EK202310229103,140.37960487413665
EK202310135696,120.95695358105395
EK202310165074,133.30244944949916
EK202310205649,143.01468942327224
EK202310174231,134.2990991125054
EK202310181105,142.54418540330855
EK202310173608,142.567643274393
EK202310147350,133.59870523100628
EK202310145408,128.70144905801345
EK202310163214,126.59428754447012
EK202310141179,147.86708631282863
EK202310235877,138.93460770283477
EK202310168519,164.8809526036145
EK202310111852,136.74824828045683
EK202310120721,132.9499024905202
EK202310239396,147.35310233536146
EK202310125811,160.9758918261426
EK202310122414,150.33288295495595
EK202310109063,144.8373370109203
EK202310136944,126.61464812118804
EK202310112504,134.13117300019533
EK202310187424,142.13281598476243
EK202310107467,135.0361011204724
EK202310170488,141.42152509485067
EK202310221856,128.40117765871523
EK202310146245,140.7740520494005
EK202310211446,134.8977623468889
EK202310234464,135.67692727824536
EK202310216823,144.0175981209719
EK202310158691,135.7597492648484
EK202310130435,131.22904418977473
EK202310173064,137.40066201649054
EK202310159177,152.31466948375956
EK202310164312,131.53555839796286
EK202310190628,142.30990737333343
EK202310108846,139.15200056997605
EK202310180445,160.00969090368136
EK202310131205,158.72587217303155
EK202310164126,132.07287879817392
EK202310107936,153.69212144887814
EK202310243521,132.24181564593758
EK202310208141,133.2837531283396
EK202310190781,136.3197887656645
EK202310172000,144.26306507156968
EK202310190053,158.67929592114805
EK202310233066,120.31278598821685
EK202310131018,124.69257168197905
EK202310149945,152.52244106194013
EK202310205501,121.95048799497674
EK202310248483,130.38049868597147
EK202310129538,134.6620857310139
EK202310167469,170.87927827166814
EK202310106330,128.9592188861584
EK202310225391,141.85269068398833
EK202310125703,156.7982433892158
EK202310208418,138.71099725695845
EK202310147781,138.65608345788496
EK202310164598,139.98277698125727
EK202310214120,157.7186894851268
EK202310118444,140.7246722421624
EK202310145109,135.6232086586003
EK202310150661,153.04499575315165
EK202310134650,132.8220412291852
EK202310170695,166.45132730074673
EK202310171347,150.58045292057935
EK202310118507,133.03346305114079
EK202310135088,168.7609183049683
EK202310169570,140.54397442137724
EK202310198285,142.11765538052884
EK202310244339,139.87550682050824
EK202310218458,142.97604247759875
EK202310167361,141.27993345241035
EK202320006358,142.6484153529827
EK202310155685,143.77917372049674
EK202310193521,146.80198328201342
EK202310178456,131.98551671866022
EK202310120435,131.67245981237969
EK202310229594,131.48900601286147
EK202310204793,143.6401718009515
EK202310128806,143.59632151128153
EK202310145561,142.25440069157017
EK202310218298,128.68276081156165
EK202310185508,144.19678244374526
EK202310169152,160.36140714745898
EK202310119338,128.47642565995736
EK202310172073,154.63329969243713
EK202310164403,160.85839199093138
EK202310228535,128.91848915823633
EK202310233245,129.72659074154762
EK202310247155,139.26273643894285
EK202310184707,144.51375736286272
EK202310244628,141.56769797969426
EK202310184991,134.640657304652
EK202310200030,141.84005886099098
EK202310131926,136.48950834210643
EK202310183294,165.26583251659954
EK202310156979,149.2333270357177
EK202310196008,154.07222525652153
EK202310124917,135.61263977420003
EK202310182478,135.03797587077415
EK202310206853,145.51347450583765
EK202310131555,141.56173973499799
EK202310134282,144.88161703015788
EK202310120141,149.25203865847757
EK202310246441,135.12561008984542
EK202310195921,142.95803121411348
EK202310214428,137.12097895220768
EK202310124519,143.9770248506169
EK202310153352,138.76684331571298
EK202310155554,136.86118877344396
EK202310193684,128.36290728456882
EK202310225319,136.07409523590565
EK202310148621,133.67800686237206
EK202310237907,136.58103034237553
EK202310202805,135.53521617114123
EK202310161990,160.79777372772736
EK202310200477,134.37946635828646
EK202310114915,136.13263058880617
EK202310242909,136.9395400902654
EK202310142330,137.54398048750184
EK202310221377,133.3337930004827
EK202310137957,133.80484657364073
EK202310151180,140.08399120206576
EK202310182686,130.2442946423604
EK202310244166,137.9533981677818
EK202310242349,133.1154550654121
EK202310121472,136.97711801127238
EK202310192151,157.1551689592086
EK202310112554,129.7474100389463
EK202310225810,137.18550622854536
EK202310235008,131.58286915139868
EK202310217946,163.25583986864277
EK202310197822,152.22790713217927
EK202310003944,150.26407755554973
EK202310135754,128.73542839155888
EK202310235898,127.30180038148566
EK202310171140,137.64757267581393
EK202310145149,167.04080104992602
EK202310202195,141.73549324303366
EK202310220091,147.32055851517615
EK202310232376,137.69057306129608
EK202310189509,131.95979793660484
EK202310113709,148.651040934895
EK202310119993,131.62711513312502
EK202310223647,154.98647958524
EK202310227478,145.6501107952555
EK202310174661,134.5626864183749
EK202310165728,164.84044319321964
EK202310182436,163.19432011568483
EK202310181591,126.96562186490522
EK202310233458,140.5965408732236
EK202310138708,141.24186188953342
EK202310107419,125.02632825831708
EK202310242771,133.90980250049012
EK202310110825,119.23995102655061
EK202310148516,148.4339266751876
EK202310169259,153.2519604891712
EK202310139428,146.27467557246368
EK202320005946,162.06450882075032
EK202310212395,137.25603145247948
EK202310211186,128.73918485110906
EK202310124150,132.71453357208594
EK202310172970,143.52459778764214
EK202310212383,146.33275226532456
EK202310152532,127.80262426231207
EK202310174856,128.92875521494426
EK202310150761,133.97964166602662
EK202310192707,159.47811137937032
EK202320006514,160.34225410930463
EK202310230857,129.89603643577092
EK202310209642,148.12845807188341
EK202310244831,140.45318805559413
EK202310004958,140.1790971524595
EK202310222994,161.44744299778876
EK202310122972,135.55899112082085
EK202310240517,148.2648668506408
EK202310154489,145.32542642844825
EK202310149568,156.0188682861005
EK202310173750,142.67598812458786
EK202310127136,147.5651706075381
EK202310162460,134.16923773469603
EK202310237884,144.75639601756697
EK202310128591,126.70528160779432
EK202310167782,153.02767774572254
EK202310173162,143.6967625702934
EK202310176040,166.4376525987409
EK202310180187,127.64677078322296
EK202310205385,142.95629983917098
EK202310189417,154.9890833511811
EK202310110265,130.6467535172419
EK202310175081,157.6491585108171
EK202310241247,159.35063488274128
EK202310210940,140.54637057658854
EK202310239869,122.23821501387981
EK202310208022,133.4435937523538
EK202310186683,132.6538385066723
EK202310244974,143.45569103171258
EK202310196503,136.5304962892474
EK202310147774,144.93845030097475
EK202310194263,152.16333905344183
EK202310188228,142.75422361278012
EK202310164624,134.314775708054
EK202310153042,141.89788383877547
EK202310157883,144.41725400846423
EK202310110532,143.5643328097524
EK202310166599,142.57924351201015
EK202310153767,158.89259780260625
EK202310126138,127.96752359269956
EK202310121044,161.1657377740096
EK202310133142,146.51860945396785
EK202310128385,125.09993614388478
EK202310175042,129.77788170645394
EK202310189448,170.23600605426495
EK202310190050,160.80466640423646
EK202310172092,146.72249123477306
EK202310207334,132.19932843330895
EK202310182559,135.03057829215015
EK202310137090,152.23466236476963
EK202310190532,134.13611335882973
EK202310236425,130.81432424641787
EK202310203185,131.53727791015976
EK202310168314,136.02028998765113
EK202310151263,164.82123032451733
EK202310108095,148.60061222123304
EK202310232838,138.864321833543
EK202310135295,145.06762491063384
EK202310163910,142.4497825468873
EK202310194553,143.56791384656447
EK202310174190,145.30353125134016
EK202310231328,137.17602436705002
EK202310147991,151.6053693364877
EK202310161571,157.07395471219232
EK202310240598,143.17936252861656
EK202310236106,134.28547410969773
EK202310109500,138.75816139010422
EK202320005589,165.71580555214766
EK202310143413,139.1636655224462
EK202310153498,152.3752579334184
EK202310181818,145.16460116924554
EK202310137951,134.99224263066307
EK202310158889,151.26671671813094
EK202310147118,155.78927681406935
EK202310153978,159.8955026763499
EK202310107126,139.63986226969362
EK202310145858,124.37700238788948
EK202310220104,140.7518167972335
EK202310112400,128.79769713293547
EK202310236894,146.40314843355674
EK202310217550,128.79344352377137
EK202310236693,131.32279859870937
EK202310217785,128.93325938905144
EK202310235143,141.9393323579606
EK202310182831,147.3003028077484
EK202310117677,147.07769192357222
EK202310207224,168.77643453023953
EK202310217694,144.9607878253768
EK202310144000,143.93012205547313
EK202310165837,150.60955828878588
EK202310211421,142.59833527075807
EK202310004270,156.15435081092474
EK202310189309,150.85418135860067
EK202310127417,139.69796251499926
EK202310197347,165.0570797995647
EK202310209401,156.9032221288721
EK202310180542,132.18077288725144
EK202310162786,138.6874216070492
EK202310223059,145.17939381723266
EK202310147692,134.37810636967154
EK202310244440,153.48049952168486
EK202310180779,132.45438906105483
EK202310189325,126.96629495914708
EK202310110924,134.78567814352866
EK202310157687,127.23579810477517
EK202310154799,143.48507720003852
EK202310169628,129.17827175567953
EK202310169107,158.2033571538345
EK202310105506,145.60490845425178
EK202310154969,135.6986786257616
EK202310122511,125.69287074829282
EK202310156453,160.34725704229768
EK202310246928,110.48422671621702
EK202310203362,170.38197251973386
EK202310138843,140.51770925910256
EK202310157857,143.49248693813828
EK202310236705,137.58928699576808
EK202310236064,124.27035480164355
EK202310190655,139.94603647247678
EK202310232773,164.689490835554
EK202310209352,124.21726715014364
EK202310196574,137.4915453231351
EK202310153431,131.92063109623652
EK202310213738,162.34752442831208
EK202310159195,162.3423224832851
EK202310192497,132.1231049986838
EK202310179803,129.26773791111793
EK202310122219,137.37318227109117
EK202310121778,151.4920607199154
EK202310240799,134.88076676861255
EK202310186388,139.34604134066583
EK202310227442,136.3526459076428
EK202310236831,137.2845692209688
EK202310146534,130.90681937826625
EK202310108548,137.22311704965102
EK202310127039,129.11864212328464
EK202310239867,131.44726621176832
EK202310140091,163.833703435916
EK202320007345,148.7793852720965
EK202310181587,132.2766846849569
EK202310183586,163.4505345636479
EK202310161537,156.31290947530442
EK202310221929,145.06064879359423
EK202310115533,135.8639553649266
EK202310245422,128.0954265424266
EK202310134303,134.25167107488028
EK202310206878,137.2668124141368
EK202310143077,132.2480522616331
EK202310187766,133.45115028980555
EK202310233861,154.0946824158894
EK202310145715,133.35020285908672
EK202310186238,133.95419404597254
EK202310168663,144.8372232734635
EK202310230983,128.9123108226343
EK202310139816,141.67050231467016
EK202310206473,127.37571361261625
EK202310153829,141.4816581972871
EK202310182371,148.46818407725019
EK202310173647,132.4921489270497
EK202310114150,131.26629234933537
EK202310242508,139.97409479802255
EK202310203427,152.19984676341682
EK202310132984,129.4626240518854
EK202310117793,124.38301828072517
EK202310138841,135.680816477098
EK202310139058,145.5002598413638
EK202310164995,137.19282276887353
EK202310202198,154.08845238202946
EK202310160037,135.48017337433404
EK202310138091,139.35093470087833
EK202310183753,154.8095797693107
EK202310211184,137.3545796282209
EK202310187233,155.17942760574266
EK202310225971,124.15261949282863
EK202310155927,135.74688717872115
EK202310123628,137.14827211619934
EK202310183593,168.13406981438476
EK202310196797,131.03464137442487
EK202310129620,137.15751868291463
EK202310157287,141.43591568827398
EK202310181152,118.59801663022415
EK202310203161,169.17283083031086
EK202310247889,133.58892521358214
EK202310205874,135.04206045861613
EK202310175828,139.12224417640041
EK202310141292,143.93636421586845
EK202310127480,133.09670432454635
EK202310112716,141.44790769675495
EK202310200229,146.72741003377843
EK202310112035,142.716679098882
EK202310204257,126.96626453846986
EK202310145471,141.37959256175458
EK202310210409,141.10537085381156
EK202310166832,135.6504756149857
EK202310248711,140.8228947108971
EK202310177732,129.92728075452345
EK202310160771,133.56274706460948
EK202310136073,138.90551521843398
EK202310182269,142.3454327710481
EK202310240985,141.94679647216154
EK202310106392,136.68946267380943
EK202310208908,120.8843544223484
EK202310113165,129.37918641437966
EK202310152602,132.06327202131556
EK202310210636,138.17657881595719
EK202310140721,132.46471285979882
EK202310148290,144.02981801521517
EK202310199880,147.14577846102077
EK202310227144,139.09433884115157
EK202310147589,139.9336471508477
EK202310004177,154.06008619179306
EK202310138763,135.28906894825914
EK202310172464,158.84611057798227
EK202310105200,136.20705989417067
EK202310184573,131.36486555085054
EK202310208816,131.09958928466483
EK202310109118,142.6642728521302
EK202310200139,133.49926213156988
EK202310133070,129.47932011337352
EK202310122855,151.5254525152857
EK202310233834,133.1631670105913
EK202310209821,140.1474672404924
EK202310124502,145.7978979476977
EK202310187088,148.92328002634824
EK202310133122,146.67322824495764
EK202310004846,139.5995279609748
EK202310147252,129.68604063223148
EK202310175414,123.69231579647057
EK202310181170,114.95489902667163
EK202310004408,128.6718786799542
EK202310125748,145.4680452632004
EK202310131440,143.1806028887832
EK202310192559,132.97344214305366
EK202310192910,159.70678909845535
EK202310180784,144.0797082354415
EK202310236540,137.62999363823576
EK202310175339,131.6155890937068
EK202310160527,158.63846562157212
EK202310236221,148.6457992732468
EK202310238864,167.1114707507974
EK202310166680,140.23907690925574
EK202310117287,128.41318541060622
EK202310192797,143.016151845643
EK202310200327,142.89478140286
EK202310176045,157.06825630872888
EK202310148346,143.1233389874387
EK202310142274,143.94320644956073
EK202310122242,140.48916595189547
EK202310126568,127.34733129964036
EK202310204418,141.283044995017
EK202310156236,147.48981584612127
EK202310189484,129.61643620940504
EK202310137543,139.36609426017364
EK202320007300,152.38551187263224
EK202310198932,141.90237031401915
EK202310108514,135.1235446847265
EK202310219932,135.09304591622134
EK202310132147,145.90359333864478
EK202310227649,172.00796749271504
EK202310224668,138.04202733403548
EK202310156447,147.26535220700316
EK202310210496,136.73941137262196
EK202310152297,143.12994094887398
EK202310187324,140.6557421129695
EK202310247309,127.85415569025449
EK202310190789,144.47436054189487
EK202310199601,138.22446481877938
EK202310239017,137.8625900116596
EK202310106841,129.33110307603752
EK202310182928,127.36282780410016
EK202310204568,141.42193076539053
EK202310243353,143.7804102252676
EK202310123522,136.56792740974558
EK202310162526,148.74454231405588
EK202310214114,155.90848994313234
EK202310197207,154.09949384079889
EK202310232110,126.33342882580813
EK202310179397,162.56869965035662
EK202310155653,131.13219695082026
EK202310004343,134.70591574191798
EK202310192586,158.23944105477025
EK202310186352,148.85596856374386
EK202310124214,133.12749348360563
EK202310228925,129.62536472910503
EK202310112746,167.4419488959574
EK202310158948,156.86920607599427
EK202310210700,131.3479162836483
EK202310164939,138.77199494816773
EK202310183358,170.5218523264388
EK202310144690,145.3460173705003
EK202310206169,144.8739220911315
EK202310107548,156.1783407249703
EK202310213425,138.1727234226883
EK202310127466,127.73707664576794
EK202310215414,179.36370846546092
EK202310113096,109.61205933741489
EK202310177778,144.8544025975434
EK202310225362,131.85213948297672
EK202310164338,148.85128612433957
EK202310247571,167.67913997807503
EK202310126985,123.30617628000874
EK202310226690,157.24967735229728
EK202310122754,141.65108183387306
EK202310114324,144.46293747775795
EK202310162544,158.36170879663814
EK202310185834,131.89604234709418
EK202310147784,135.29547433814253
EK202310122287,145.8323486734623
EK202310169104,154.739457647992
EK202310212851,154.81787840081822
EK202310004912,142.86831511416182
EK202310122676,150.85062452826025
EK202310241678,157.61660165453324
EK202310235919,138.62040671786446
EK202310200266,158.74547758840131
EK202310229111,130.97063778775185
EK202310143535,146.01280230086223
EK202310132424,124.54987224225735
EK202310150394,141.31853637467174
EK202310121122,146.41428883645577
