id,GLOBAL_SCORE
EK202310003556,129.76666666666668
EK202310170625,144.1
EK202310167359,151.06666666666666
EK202310118370,134.46666666666667
EK202320006361,141.3
EK202310003542,136.7
EK202310125266,140.8
EK202310144740,147.03333333333333
EK202310137443,139.5
EK202310159067,161.8
EK202310245067,130.2
EK202310240556,131.63333333333333
EK202310166743,141.16666666666666
EK202310247454,137.03333333333333
EK202310215702,146.9
EK202310142190,152.83333333333334
EK202310205417,140.06666666666666
EK202310119601,136.43333333333334
EK202310190356,137.73333333333332
EK202310158758,137.33333333333334
EK202310145496,140.13333333333333
EK202310164763,145.13333333333333
EK202310200188,143.7
EK202310238803,159.46666666666667
EK202320005607,152.13333333333333
EK202310225681,135.86666666666667
EK202310127174,138.66666666666666
EK202310204317,149.63333333333333
EK202310179355,134.36666666666667
EK202310176524,162.0
EK202310237228,133.4
EK202310172549,162.03333333333333
EK202310168863,142.03333333333333
EK202310185904,154.63333333333333
EK202310133615,148.83333333333334
EK202310122063,130.03333333333333
EK202310121770,139.86666666666667
EK202310125590,131.76666666666668
EK202310172269,137.13333333333333
EK202310147894,138.1
EK202310137986,140.86666666666667
EK202310150838,137.6
EK202310104915,139.53333333333333
EK202310170090,131.46666666666667
EK202310165637,138.8
EK202310134467,134.4
EK202310182637,154.0
EK202310112116,135.76666666666668
EK202310241220,151.2
EK202310103801,136.06666666666666
EK202310177448,141.8
EK202310157860,166.6
EK202310211985,140.83333333333334
EK202310232907,150.46666666666667
EK202310162917,145.06666666666666
EK202310211786,129.9
EK202310132171,159.6
EK202310153694,157.5
EK202310174960,163.93333333333334
EK202310121096,133.9
EK202310222475,137.13333333333333
EK202310146254,150.7
EK202310111466,141.16666666666666
EK202310004385,156.56666666666666
EK202310108961,138.06666666666666
EK202310203170,139.26666666666668
EK202310161424,162.63333333333333
EK202310206583,150.46666666666667
EK202310138840,137.93333333333334
EK202310221976,141.76666666666668
EK202310143972,150.23333333333332
EK202310175420,127.7
EK202310227655,141.36666666666667
EK202310163389,142.2
EK202310239480,134.53333333333333
EK202310146467,148.76666666666668
EK202310162597,136.03333333333333
EK202310194862,138.26666666666668
EK202310152448,148.56666666666666
EK202310245431,161.03333333333333
EK202310206822,172.76666666666668
EK202310166559,173.76666666666668
EK202310221701,161.56666666666666
EK202310231403,125.76666666666667
EK202310156027,136.06666666666666
EK202310135956,147.16666666666666
EK202310183176,134.66666666666666
EK202310206055,178.5
EK202310167360,143.03333333333333
EK202310142701,141.83333333333334
EK202310156629,164.43333333333334
EK202310241352,149.3
EK202310123587,151.36666666666667
EK202310003639,142.66666666666666
EK202310158269,146.56666666666666
EK202320007090,155.56666666666666
EK202310111707,135.56666666666666
EK202310104096,146.63333333333333
EK202310235404,126.16666666666667
EK202310108783,135.33333333333334
EK202310116298,132.4
EK202310156281,149.56666666666666
EK202310164483,143.53333333333333
EK202310108212,131.6
EK202310233950,135.0
EK202310157041,138.56666666666666
EK202310104522,138.56666666666666
EK202310175972,148.6
EK202310225965,136.63333333333333
EK202310138403,142.93333333333334
EK202310234452,138.73333333333332
EK202310104614,151.7
EK202310117970,136.86666666666667
EK202310128727,135.1
EK202310190230,133.66666666666666
EK202310201465,149.1
EK202310197534,162.96666666666667
EK202310171846,138.1
EK202310193751,153.9
EK202310242967,134.86666666666667
EK202310112852,170.76666666666668
EK202310132804,150.06666666666666
EK202310127612,147.73333333333332
EK202310136082,178.5
EK202310186665,156.6
EK202310156519,139.0
EK202310108430,149.33333333333334
EK202310164930,142.66666666666666
EK202310153971,170.93333333333334
EK202310129412,131.46666666666667
EK202310124383,139.06666666666666
EK202310215858,148.43333333333334
EK202310104131,138.1
EK202310185040,147.83333333333334
EK202310119251,137.63333333333333
EK202310191724,151.4
EK202310149922,135.93333333333334
EK202310176193,152.76666666666668
EK202310204311,144.7
EK202310248324,159.7
EK202310120496,138.76666666666668
EK202310233548,133.96666666666667
EK202310219178,141.9
EK202310114723,144.46666666666667
EK202310185832,158.66666666666666
EK202310106587,150.2
EK202310239252,137.3
EK202310208710,144.96666666666667
EK202310244056,131.1
EK202310223702,124.1
EK202310236969,148.03333333333333
EK202310196070,154.9
EK202310227710,141.86666666666667
EK202310119702,133.13333333333333
EK202310143351,135.43333333333334
EK202310144967,135.63333333333333
EK202310207097,129.86666666666667
EK202310193281,128.03333333333333
EK202310223068,144.8
EK202310158743,143.93333333333334
EK202310142353,150.13333333333333
EK202310154024,137.4
EK202310136326,144.66666666666666
EK202320006526,156.53333333333333
EK202310240160,140.46666666666667
EK202310230270,147.93333333333334
EK202310209591,142.93333333333334
EK202310201937,143.43333333333334
EK202310138686,134.86666666666667
EK202310125946,140.76666666666668
EK202310112949,148.7
EK202310128660,152.83333333333334
EK202310223565,144.56666666666666
EK202310155372,145.73333333333332
EK202310229467,136.83333333333334
EK202310232289,140.9
EK202310142439,147.96666666666667
EK202310128595,138.33333333333334
EK202310228661,131.0
EK202310220811,138.26666666666668
EK202310104677,147.33333333333334
EK202310108708,149.3
EK202310235044,127.9
EK202310141363,145.0
EK202310174855,152.96666666666667
EK202310154755,141.73333333333332
EK202310157326,145.23333333333332
EK202310228659,131.0
EK202310215026,157.56666666666666
EK202310177129,138.43333333333334
EK202310178830,160.83333333333334
EK202310222959,128.1
EK202320007347,141.56666666666666
EK202310153807,168.06666666666666
EK202310165563,152.43333333333334
EK202310240070,126.06666666666666
EK202310171642,138.6
EK202310221419,137.86666666666667
EK202310210258,140.66666666666666
EK202310108225,144.1
EK202310156515,149.43333333333334
EK202320006021,168.13333333333333
EK202310214746,148.86666666666667
EK202310166648,144.83333333333334
EK202310243041,134.9
EK202310227731,126.6
EK202310118513,125.26666666666667
EK202310240129,156.66666666666666
EK202310140813,148.56666666666666
EK202310181628,142.2
EK202310126085,142.0
EK202310246101,141.6
EK202310113312,141.66666666666666
EK202310217968,132.16666666666666
EK202310213114,141.76666666666668
EK202310219800,144.03333333333333
EK202310184495,152.93333333333334
EK202310119316,137.03333333333333
EK202310180007,142.43333333333334
EK202310199156,136.73333333333332
EK202310177234,152.2
EK202310226743,141.1
EK202310189141,128.96666666666667
EK202320006005,146.1
EK202310227823,141.93333333333334
EK202310174022,143.83333333333334
EK202310134374,138.33333333333334
EK202310200180,128.83333333333334
EK202310161433,155.36666666666667
EK202310121700,138.43333333333334
EK202310237451,138.86666666666667
EK202310192827,145.1
EK202310160428,145.6
EK202310205223,139.63333333333333
EK202310111659,150.8
EK202310218773,134.5
EK202310161247,147.0
EK202310109618,145.93333333333334
EK202310155619,136.6
EK202310135096,151.33333333333334
EK202310188704,146.46666666666667
EK202310198311,162.16666666666666
EK202310138345,129.46666666666667
EK202310187653,142.86666666666667
EK202310223676,159.7
EK202310165688,134.13333333333333
EK202310104779,135.3
EK202320007241,174.46666666666667
EK202310247012,136.96666666666667
EK202310115649,142.26666666666668
EK202310158687,140.13333333333333
EK202310139898,152.03333333333333
EK202310183012,141.83333333333334
EK202310189323,174.5
EK202310236084,152.16666666666666
EK202310187745,138.16666666666666
EK202310213754,147.03333333333333
EK202310207691,133.2
EK202310213360,138.86666666666667
EK202310134511,134.16666666666666
EK202310162421,140.36666666666667
EK202310137854,150.93333333333334
EK202310150901,141.1
EK202310114810,147.73333333333332
EK202310110564,138.0
EK202310188498,132.06666666666666
EK202310122137,126.16666666666667
EK202310234827,137.06666666666666
EK202310123845,161.53333333333333
EK202310117679,146.03333333333333
EK202310226733,134.3
EK202310146806,143.66666666666666
EK202310186532,146.1
EK202310198523,134.06666666666666
EK202310169242,143.6
EK202310189605,144.73333333333332
EK202310177460,141.7
EK202310156053,144.66666666666666
EK202310138997,130.5
EK202310231114,144.9
EK202310147763,141.16666666666666
EK202310119709,140.8
EK202310121129,158.83333333333334
EK202310137901,139.5
EK202310144077,146.26666666666668
EK202310110337,132.56666666666666
EK202310184408,146.1
EK202310215841,132.66666666666666
EK202310157214,151.66666666666666
EK202310193140,130.83333333333334
EK202310216105,138.33333333333334
EK202310246420,143.3
EK202310118424,132.63333333333333
EK202310144290,135.93333333333334
EK202310236171,129.43333333333334
EK202310161913,148.8
EK202310116195,142.3
EK202310140252,134.76666666666668
EK202310238025,147.03333333333333
EK202310146861,130.5
EK202310125756,133.53333333333333
EK202310211082,140.0
EK202310202590,138.23333333333332
EK202310212292,132.66666666666666
EK202310151188,139.26666666666668
EK202310186431,156.23333333333332
EK202310197054,142.43333333333334
EK202310229535,137.26666666666668
EK202310237693,130.93333333333334
EK202310127899,149.86666666666667
EK202310125513,137.63333333333333
EK202310143417,150.43333333333334
EK202310114922,146.4
EK202310185011,153.9
EK202310157380,138.43333333333334
EK202310242841,147.06666666666666
EK202310128764,129.3
EK202310160302,142.03333333333333
EK202310132265,133.9
EK202310142152,135.26666666666668
EK202310184138,142.3
EK202310218922,146.03333333333333
EK202310105732,124.26666666666667
EK202310202421,138.43333333333334
EK202310204745,136.53333333333333
EK202310231651,138.83333333333334
EK202310206373,145.8
EK202310231327,136.9
EK202310129440,144.23333333333332
EK202310229405,143.93333333333334
EK202310233561,132.83333333333334
EK202310141433,155.23333333333332
EK202310164651,149.53333333333333
EK202310201935,150.83333333333334
EK202310184574,126.6
EK202310223915,146.0
EK202310200908,153.23333333333332
EK202310128941,136.1
EK202310186952,176.43333333333334
EK202310193974,152.53333333333333
EK202310169879,158.53333333333333
EK202310172093,131.13333333333333
EK202310184529,134.33333333333334
EK202310230089,141.23333333333332
EK202310181118,150.66666666666666
EK202310204225,146.03333333333333
EK202310112100,127.63333333333334
EK202310222373,144.23333333333332
EK202310182126,141.73333333333332
EK202310169072,139.7
EK202310203100,152.83333333333334
EK202310228065,144.16666666666666
EK202310003374,122.06666666666666
EK202310231993,140.43333333333334
EK202310166999,132.26666666666668
EK202310113561,144.9
EK202310150384,167.03333333333333
EK202310204151,144.7
EK202310243179,154.1
EK202310229664,135.73333333333332
EK202310214850,139.2
EK202310203348,142.7
EK202310146725,131.33333333333334
EK202310134763,136.43333333333334
EK202310145729,158.56666666666666
EK202310246535,153.53333333333333
EK202310141577,138.36666666666667
EK202310216160,135.83333333333334
EK202310116782,138.86666666666667
EK202310211327,152.86666666666667
EK202310204090,150.3
EK202310175898,154.06666666666666
EK202310226259,141.2
EK202310151274,133.4
EK202310154215,144.9
EK202310174277,158.66666666666666
EK202320006496,154.7
EK202310141969,135.33333333333334
EK202320005622,145.46666666666667
EK202310157093,148.96666666666667
EK202310139909,145.03333333333333
EK202310209908,144.56666666666666
EK202310218730,142.26666666666668
EK202310229718,137.0
EK202310111615,142.9
EK202310138168,133.96666666666667
EK202310162118,160.3
EK202310164185,145.06666666666666
EK202310123341,140.53333333333333
EK202310154152,136.4
EK202310169662,139.7
EK202310195289,150.73333333333332
EK202310247758,156.8
EK202310223580,129.33333333333334
EK202310104690,132.2
EK202310234439,142.06666666666666
EK202310225052,157.5
EK202310139674,155.43333333333334
EK202310186662,141.8
EK202310198339,149.9
EK202310219978,139.5
EK202310205279,146.66666666666666
EK202310241147,144.96666666666667
EK202310225981,156.7
EK202310168112,144.2
EK202310226106,140.06666666666666
EK202310116095,124.86666666666666
EK202310114593,145.16666666666666
EK202310175636,126.0
EK202310117905,154.7
EK202310200614,150.26666666666668
EK202310137390,136.3
EK202310196458,154.93333333333334
EK202310212839,144.16666666666666
EK202310149449,155.53333333333333
EK202310172721,134.5
EK202310133382,128.03333333333333
EK202310171991,149.4
EK202310178147,140.5
EK202310210822,130.13333333333333
EK202310169958,134.96666666666667
EK202310216612,137.26666666666668
EK202310190351,137.86666666666667
EK202310128333,140.36666666666667
EK202310156052,132.73333333333332
EK202310207300,150.0
EK202310148098,142.83333333333334
EK202310236834,137.53333333333333
EK202310206502,142.56666666666666
EK202310232490,145.36666666666667
EK202310115920,128.93333333333334
EK202310155557,132.7
EK202310118792,149.6
EK202310213449,142.36666666666667
EK202310157956,147.4
EK202310202461,154.0
EK202310210080,162.06666666666666
EK202310123713,140.46666666666667
EK202310138636,146.46666666666667
EK202310197194,146.5
EK202310136131,167.73333333333332
EK202310194280,135.03333333333333
EK202310144073,158.16666666666666
EK202310196767,156.5
EK202310152659,135.86666666666667
EK202310119318,135.63333333333333
EK202310175079,144.96666666666667
EK202310246973,142.96666666666667
EK202310177069,130.03333333333333
EK202310228915,140.5
EK202310237967,140.1
EK202310004766,144.0
EK202310197580,159.76666666666668
EK202310163370,151.4
EK202310126258,134.73333333333332
EK202320006245,149.63333333333333
EK202310214455,151.9
EK202310225077,162.53333333333333
EK202310121345,131.46666666666667
EK202310118753,128.0
EK202310209148,146.63333333333333
EK202310235651,145.43333333333334
EK202310195584,141.7
EK202310131541,133.0
EK202310167958,153.6
EK202310232848,133.0
EK202310112373,139.2
EK202310247588,165.2
EK202310124781,142.53333333333333
EK202310187345,163.83333333333334
EK202310117200,150.43333333333334
EK202310103838,132.93333333333334
EK202310123310,137.96666666666667
EK202310193567,152.86666666666667
EK202310176987,142.86666666666667
EK202310217483,124.03333333333333
EK202310219653,136.5
EK202310189258,135.76666666666668
EK202310213235,133.73333333333332
EK202310148485,136.3
EK202310243846,134.1
EK202310157685,151.03333333333333
EK202310228217,176.23333333333332
EK202310167414,155.23333333333332
EK202310116553,140.7
EK202310154306,149.56666666666666
EK202310218246,144.83333333333334
EK202310214924,155.3
EK202310124301,149.56666666666666
EK202310132969,130.8
EK202310116665,151.5
EK202310126109,153.8
EK202310246626,143.13333333333333
EK202310165655,140.03333333333333
EK202310222900,137.63333333333333
EK202310183920,153.46666666666667
EK202310188655,136.96666666666667
EK202310140837,145.5
EK202310110105,136.2
EK202310166926,161.6
EK202310222571,151.06666666666666
EK202310130862,161.4
EK202310159918,142.5
EK202310191732,173.4
EK202310154430,156.96666666666667
EK202310209379,130.36666666666667
EK202310242826,155.53333333333333
EK202310127621,134.5
EK202310144269,148.9
EK202310168554,170.3
EK202310225096,125.0
EK202310004191,140.46666666666667
EK202310198832,134.63333333333333
EK202310166122,148.5
EK202310197812,181.23333333333332
EK202310173577,135.36666666666667
EK202310107780,135.83333333333334
EK202310200080,139.53333333333333
EK202310244832,154.93333333333334
EK202310153701,142.1
EK202310248897,147.26666666666668
EK202310238758,145.6
EK202310180956,163.83333333333334
EK202310133597,168.76666666666668
EK202310165926,151.36666666666667
EK202310113563,145.4
EK202310219177,140.86666666666667
EK202310215546,143.16666666666666
EK202310239803,130.96666666666667
EK202310170081,126.96666666666667
EK202310206625,143.63333333333333
EK202310104069,136.76666666666668
EK202310186393,152.56666666666666
EK202310173267,135.83333333333334
EK202310110426,152.6
EK202310164765,134.46666666666667
EK202310158220,135.96666666666667
EK202310168816,147.93333333333334
EK202310204071,140.26666666666668
EK202310157259,155.9
EK202310156843,138.7
EK202310223529,138.63333333333333
EK202310149961,139.4
EK202310108241,136.56666666666666
EK202310168245,145.96666666666667
EK202310191021,136.6
EK202310165776,137.83333333333334
EK202310172874,130.66666666666666
EK202310163779,143.93333333333334
EK202310188731,152.06666666666666
EK202310105850,169.43333333333334
EK202310129025,151.06666666666666
EK202310122251,146.3
EK202310233739,127.6
EK202310145467,139.1
EK202310125541,141.96666666666667
EK202310128736,153.33333333333334
EK202310157339,153.6
EK202310204674,151.23333333333332
EK202310199931,135.56666666666666
EK202310159776,154.53333333333333
EK202310233618,147.2
EK202310209554,151.16666666666666
EK202310147590,140.23333333333332
EK202310233558,136.53333333333333
EK202310141475,142.23333333333332
EK202310192184,153.66666666666666
EK202310121465,141.2
EK202310144674,147.1
EK202310225145,154.06666666666666
EK202310211862,134.13333333333333
EK202310218476,143.1
EK202310227106,154.0
EK202310184475,133.2
EK202310132027,153.13333333333333
EK202310134826,146.0
EK202310182784,153.9
EK202310236142,123.13333333333334
EK202310215997,171.5
EK202310218885,147.33333333333334
EK202310189497,135.26666666666668
EK202310242392,149.4
EK202310139831,134.56666666666666
EK202310159899,138.5
EK202320007536,155.66666666666666
EK202310205864,149.63333333333333
EK202310205412,144.8
EK202310178623,140.86666666666667
EK202310144137,147.23333333333332
EK202310156851,156.03333333333333
EK202310200692,136.73333333333332
EK202310221442,143.26666666666668
EK202310225402,149.23333333333332
EK202310128314,135.56666666666666
EK202310135585,149.9
EK202310230304,167.46666666666667
EK202310106564,149.1
EK202310195276,134.3
EK202310168561,140.0
EK202310238035,141.36666666666667
EK202310210412,140.13333333333333
EK202310193015,145.23333333333332
EK202310160429,150.36666666666667
EK202310203227,133.4
EK202310144260,140.53333333333333
EK202310231994,136.43333333333334
EK202310169556,143.03333333333333
EK202310112231,146.46666666666667
EK202310179305,143.36666666666667
EK202310111693,155.63333333333333
EK202310163778,142.26666666666668
EK202310197562,147.83333333333334
EK202310147780,139.06666666666666
EK202310165497,166.16666666666666
EK202310191527,136.13333333333333
EK202310106149,139.9
EK202310179787,133.83333333333334
EK202310247018,155.43333333333334
EK202310177578,141.46666666666667
EK202310138872,157.53333333333333
EK202310204378,134.66666666666666
EK202310146296,161.23333333333332
EK202310110160,147.06666666666666
EK202310179095,152.96666666666667
EK202310220481,134.03333333333333
EK202310227227,139.3
EK202310234336,154.46666666666667
EK202310145809,143.6
EK202310209306,151.36666666666667
EK202310225649,131.23333333333332
EK202310226704,145.93333333333334
EK202310157072,163.4
EK202310121530,130.6
EK202310165600,136.86666666666667
EK202310197233,138.86666666666667
EK202310184332,127.96666666666667
EK202310143743,147.63333333333333
EK202310154640,148.36666666666667
EK202310158286,147.16666666666666
EK202310123880,132.36666666666667
EK202310182423,150.93333333333334
EK202310124053,138.5
EK202310206144,136.56666666666666
EK202310140890,153.4
EK202310127015,129.4
EK202310134941,151.03333333333333
EK202310119304,133.13333333333333
EK202310212796,135.36666666666667
EK202310108377,136.86666666666667
EK202310174180,143.66666666666666
EK202310239157,149.46666666666667
EK202310216632,138.43333333333334
EK202310172285,140.16666666666666
EK202310150279,145.0
EK202310186491,132.23333333333332
EK202310197932,147.43333333333334
EK202310120172,144.26666666666668
EK202310216664,147.83333333333334
EK202320006884,181.46666666666667
EK202310178918,143.96666666666667
EK202310144935,135.8
EK202310141510,141.8
EK202310216762,145.7
EK202310106406,130.66666666666666
EK202310111996,146.33333333333334
EK202310208681,140.33333333333334
EK202310226247,130.66666666666666
EK202310113253,163.26666666666668
EK202310122999,141.23333333333332
EK202310155079,140.76666666666668
EK202310160222,140.66666666666666
EK202310210742,142.73333333333332
EK202310156801,150.56666666666666
EK202310159360,142.8
EK202310180024,145.4
EK202310213928,140.46666666666667
EK202310152334,146.36666666666667
EK202310245937,132.3
EK202310164808,164.93333333333334
EK202310146870,138.56666666666666
EK202310163950,149.76666666666668
EK202310195716,154.63333333333333
EK202310150305,155.4
EK202310229713,131.7
EK202310188916,153.96666666666667
EK202310121395,143.63333333333333
EK202310160376,145.63333333333333
EK202310244651,142.66666666666666
EK202310150169,135.6
EK202310110958,139.2
EK202310143966,134.36666666666667
EK202310221741,159.23333333333332
EK202310187012,148.33333333333334
EK202310193822,150.73333333333332
EK202310172094,136.1
EK202310178633,144.6
EK202310117674,139.66666666666666
EK202310133805,142.3
EK202310180948,166.83333333333334
EK202310203849,135.13333333333333
EK202310149491,167.83333333333334
EK202310216830,156.43333333333334
EK202310229432,130.53333333333333
EK202310109652,133.9
EK202310181925,142.5
EK202310196245,141.96666666666667
EK202310248098,138.7
EK202310183221,166.6
EK202310196195,167.16666666666666
EK202310197137,139.46666666666667
EK202310110247,146.03333333333333
EK202310144126,146.06666666666666
EK202310156911,159.43333333333334
EK202310224215,138.96666666666667
EK202310236337,144.83333333333334
EK202310188431,158.1
EK202310137114,165.83333333333334
EK202310115030,139.33333333333334
EK202310117460,125.66666666666667
EK202310162361,130.33333333333334
EK202310130281,172.93333333333334
EK202310148428,138.3
EK202310163311,137.86666666666667
EK202310145526,142.23333333333332
EK202310235374,134.1
EK202310156223,144.63333333333333
EK202310151269,136.96666666666667
EK202310150741,142.16666666666666
EK202310225372,146.0
EK202310133344,144.36666666666667
EK202310127071,138.93333333333334
EK202310152237,135.96666666666667
EK202310244229,131.66666666666666
EK202310167190,142.86666666666667
EK202310154488,157.83333333333334
EK202310211108,130.66666666666666
EK202310114416,149.4
EK202310222978,163.46666666666667
EK202310187337,163.63333333333333
EK202310195712,171.06666666666666
EK202310176238,147.86666666666667
EK202310204719,156.06666666666666
EK202310184298,141.66666666666666
EK202310215525,149.43333333333334
EK202310154861,136.86666666666667
EK202310200739,129.86666666666667
EK202310242424,127.03333333333333
EK202310247300,137.86666666666667
EK202310116475,143.63333333333333
EK202310225458,133.93333333333334
EK202310126918,140.93333333333334
EK202310185579,124.53333333333333
EK202310241455,141.73333333333332
EK202310209465,140.63333333333333
EK202310142842,144.8
EK202310185122,138.06666666666666
EK202310223530,136.23333333333332
EK202310188514,145.43333333333334
EK202310171731,138.76666666666668
EK202310130376,149.56666666666666
EK202310222189,140.1
EK202310106430,146.3
EK202310127369,152.13333333333333
EK202310236443,137.8
EK202310182405,149.6
EK202310210187,130.93333333333334
EK202310116888,133.56666666666666
EK202310173132,139.3
EK202310108743,132.03333333333333
EK202310125006,132.33333333333334
EK202310213574,135.76666666666668
EK202310165356,145.13333333333333
EK202310149418,162.33333333333334
EK202310198882,138.06666666666666
EK202310231320,144.2
EK202310205653,141.23333333333332
EK202310198599,142.0
EK202310199963,129.9
EK202310173699,145.5
EK202310245726,135.63333333333333
EK202320006040,166.06666666666666
EK202310154743,151.23333333333332
EK202310188160,135.23333333333332
EK202310214367,166.7
EK202310103702,136.86666666666667
EK202310127965,149.23333333333332
EK202310203245,168.83333333333334
EK202310139888,137.1
EK202310108972,145.0
EK202310004612,129.16666666666666
EK202310143552,149.03333333333333
EK202310120024,146.3
EK202310221518,149.66666666666666
EK202310180966,167.7
EK202310193489,138.1
EK202310117005,135.63333333333333
EK202310213271,142.96666666666667
EK202310120394,148.66666666666666
EK202310183259,151.4
EK202310125697,140.5
EK202310110553,143.7
EK202310150138,143.33333333333334
EK202310169349,142.9
EK202310224959,141.36666666666667
EK202310003872,144.4
EK202310189922,166.63333333333333
EK202310196746,161.93333333333334
EK202310189397,131.86666666666667
EK202310154076,148.5
EK202310003409,137.66666666666666
EK202310132461,142.33333333333334
EK202310114430,148.0
EK202310207939,134.6
EK202310219274,129.86666666666667
EK202310226342,140.7
EK202310127397,149.36666666666667
EK202310237125,129.13333333333333
EK202310214068,158.86666666666667
EK202310184942,148.1
EK202310113334,139.93333333333334
EK202310121808,128.3
EK202310134472,140.03333333333333
EK202310213189,135.7
EK202310200986,134.4
EK202310183319,136.53333333333333
EK202310138451,131.93333333333334
EK202310134480,132.56666666666666
EK202310248001,136.6
EK202310215511,138.93333333333334
EK202310148692,147.4
EK202310003356,146.1
EK202310186363,154.33333333333334
EK202310117649,140.53333333333333
EK202310107222,125.66666666666667
EK202310140103,132.2
EK202310162055,147.2
EK202310160543,141.66666666666666
EK202310104526,140.06666666666666
EK202310111072,146.66666666666666
EK202310144115,150.43333333333334
EK202310227753,153.53333333333333
EK202310168401,142.43333333333334
EK202310225278,143.43333333333334
EK202310121727,141.36666666666667
EK202310209068,133.63333333333333
EK202310117324,145.63333333333333
EK202310119649,139.86666666666667
EK202310154151,143.93333333333334
EK202310235668,138.46666666666667
EK202310197052,137.93333333333334
EK202310133218,143.26666666666668
EK202310228623,137.26666666666668
EK202310236771,124.3
EK202320007756,146.8
EK202310123680,137.23333333333332
EK202310153796,153.73333333333332
EK202310184256,151.76666666666668
EK202310189360,152.86666666666667
EK202310169170,155.06666666666666
EK202310238568,163.1
EK202310147463,142.3
EK202310246348,139.2
EK202310146645,137.1
EK202310112043,148.53333333333333
EK202310126693,137.1
EK202310105633,139.46666666666667
EK202310108187,146.26666666666668
EK202310142659,150.7
EK202310154109,135.16666666666666
EK202310187961,170.8
EK202310138151,148.1
EK202310145768,132.3
EK202310204437,135.3
EK202310234444,131.83333333333334
EK202310146920,146.86666666666667
EK202310191972,143.1
EK202310135664,135.2
EK202310136647,156.8
EK202310149136,153.86666666666667
EK202310004755,131.06666666666666
EK202310003806,140.43333333333334
EK202320005862,151.26666666666668
EK202310238222,130.3
EK202310165638,160.56666666666666
EK202310195278,137.73333333333332
EK202310191050,148.43333333333334
EK202310165081,164.13333333333333
EK202310141108,138.8
EK202310225501,138.26666666666668
EK202310190006,142.36666666666667
EK202310232901,147.43333333333334
EK202310183145,143.33333333333334
EK202310133834,173.0
EK202310111865,137.93333333333334
EK202310233162,138.36666666666667
EK202310144096,142.4
EK202310241460,142.86666666666667
EK202310148061,147.83333333333334
EK202310123096,149.56666666666666
EK202310168745,130.76666666666668
EK202310232533,139.6
EK202310238139,141.53333333333333
EK202310107671,148.56666666666666
EK202310003635,143.2
EK202310160939,141.96666666666667
EK202310165138,147.63333333333333
EK202310177363,155.93333333333334
EK202310140380,145.96666666666667
EK202310127640,125.8
EK202310145483,140.1
EK202310144142,140.06666666666666
EK202310182466,151.76666666666668
EK202310134774,140.76666666666668
EK202310239504,151.9
EK202310179694,127.1
EK202310105818,141.06666666666666
EK202310206801,145.73333333333332
EK202310133427,145.7
EK202310172349,140.3
EK202310144166,142.23333333333332
EK202310118960,124.93333333333334
EK202310199115,143.0
EK202310213777,154.8
EK202310232118,130.83333333333334
EK202310204757,143.5
EK202310241858,154.83333333333334
EK202310204589,156.13333333333333
EK202310224131,140.26666666666668
EK202310160384,162.4
EK202310158733,148.7
EK202310139320,139.43333333333334
EK202310186373,156.1
EK202310207408,133.56666666666666
EK202310202032,138.1
EK202310191726,145.73333333333332
EK202310237659,152.16666666666666
EK202310202929,157.53333333333333
EK202310138221,136.26666666666668
EK202310213944,141.23333333333332
EK202310217592,142.43333333333334
EK202310156873,137.43333333333334
EK202310154026,127.1
EK202310227896,139.4
EK202310165724,157.53333333333333
EK202310160534,132.1
EK202310238733,141.56666666666666
EK202310187242,161.86666666666667
EK202310160829,143.56666666666666
EK202310160276,149.06666666666666
EK202310137939,130.93333333333334
EK202310200291,141.23333333333332
EK202310238138,133.8
EK202310217144,142.36666666666667
EK202310196491,149.6
EK202320006298,149.0
EK202310228178,130.7
EK202310138802,148.53333333333333
EK202310240713,138.63333333333333
EK202310175243,144.36666666666667
EK202310207967,123.13333333333334
EK202310107352,132.26666666666668
EK202310211309,136.8
EK202310131783,143.26666666666668
EK202310166826,158.7
EK202310112512,130.76666666666668
EK202310153955,147.1
EK202310223762,145.43333333333334
EK202310220803,137.46666666666667
EK202310191806,145.03333333333333
EK202310139794,143.76666666666668
EK202310004495,144.16666666666666
EK202310165321,142.36666666666667
EK202310152644,155.7
EK202310107844,137.93333333333334
EK202310224636,156.73333333333332
EK202310182912,151.73333333333332
EK202310227725,134.0
EK202310129401,139.9
EK202310132710,140.83333333333334
EK202310167591,147.93333333333334
EK202310209362,143.13333333333333
EK202310191553,151.9
EK202310191129,137.66666666666666
EK202310229273,137.76666666666668
EK202310177141,149.63333333333333
EK202310210987,134.53333333333333
EK202310246808,137.9
EK202310186424,144.96666666666667
EK202310243671,146.86666666666667
EK202310157978,135.1
EK202310141176,136.03333333333333
EK202310166632,161.6
EK202310188518,139.33333333333334
EK202310176726,161.73333333333332
EK202310232858,162.76666666666668
EK202310203103,140.63333333333333
EK202310172581,143.36666666666667
EK202310129669,137.7
EK202310149026,145.3
EK202310151271,138.86666666666667
EK202310164311,143.26666666666668
EK202310193156,146.13333333333333
EK202310183315,145.96666666666667
EK202310129742,170.63333333333333
EK202310244163,136.33333333333334
EK202310162820,144.76666666666668
EK202310158627,154.6
EK202310195793,134.06666666666666
EK202310243898,145.1
EK202310211036,133.46666666666667
EK202310231066,130.83333333333334
EK202310188792,158.5
EK202310181166,147.5
EK202310240476,134.6
EK202310197771,161.03333333333333
EK202310141037,143.7
EK202310204780,140.7
EK202310191058,150.03333333333333
EK202310173228,140.13333333333333
EK202310197491,150.26666666666668
EK202310156720,148.36666666666667
EK202310244219,141.43333333333334
EK202310119128,136.3
EK202310241327,154.1
EK202310152238,151.63333333333333
EK202310179839,134.73333333333332
EK202310238196,140.4
EK202310153091,171.66666666666666
EK202320006753,183.16666666666666
EK202310123570,143.43333333333334
EK202310163341,137.86666666666667
EK202310162440,152.23333333333332
EK202310151053,137.7
EK202310188188,148.73333333333332
EK202310127289,150.33333333333334
EK202310248374,137.1
EK202310167393,148.1
EK202310192930,135.93333333333334
EK202310113187,141.86666666666667
EK202310174516,145.7
EK202310187588,134.03333333333333
EK202320007750,146.63333333333333
EK202310189741,169.4
EK202310174859,143.26666666666668
EK202310195086,150.06666666666666
EK202310183873,164.43333333333334
EK202310171631,148.3
EK202310123283,126.1
EK202320006306,173.23333333333332
EK202310139834,128.1
EK202310239785,146.8
EK202310153276,148.0
EK202310180328,147.6
EK202310207645,155.5
EK202310130192,167.8
EK202310154977,141.36666666666667
EK202310139793,142.0
EK202310243107,141.1
EK202310209482,147.03333333333333
EK202310241115,130.9
EK202310214880,139.56666666666666
EK202310240253,138.63333333333333
EK202310226088,150.5
EK202320006633,178.56666666666666
EK202310245104,152.9
EK202310112870,143.43333333333334
EK202310161734,152.16666666666666
EK202310225927,141.86666666666667
EK202310145336,143.83333333333334
EK202310137212,135.2
EK202310190306,133.2
EK202310172851,154.7
EK202310231101,135.56666666666666
EK202310212990,129.3
EK202310122658,138.33333333333334
EK202310176278,148.63333333333333
EK202310200882,138.9
EK202310152325,140.03333333333333
EK202310151272,148.4
EK202310194215,160.63333333333333
EK202310185678,144.96666666666667
EK202310243281,140.0
EK202310120514,134.26666666666668
EK202310126433,141.56666666666666
EK202310122944,132.06666666666666
EK202310236394,131.26666666666668
EK202310218087,148.66666666666666
EK202310151593,160.93333333333334
EK202310110201,136.9
EK202310131708,144.16666666666666
EK202310111333,144.76666666666668
EK202310183969,151.46666666666667
EK202310161113,164.16666666666666
EK202310184302,139.7
EK202310152148,144.53333333333333
EK202310236146,123.73333333333333
EK202310229823,134.76666666666668
EK202310133950,166.73333333333332
EK202310176959,135.93333333333334
EK202310003859,145.8
EK202310185070,154.5
EK202310004826,142.16666666666666
EK202310192593,132.36666666666667
EK202310212457,129.43333333333334
EK202310133750,128.53333333333333
EK202320007484,165.7
EK202310190675,152.36666666666667
EK202310129882,149.43333333333334
EK202310216142,132.63333333333333
EK202310197446,156.86666666666667
EK202310243332,146.4
EK202310139113,154.03333333333333
EK202320007314,154.26666666666668
EK202310192244,145.63333333333333
EK202310209792,132.3
EK202310218921,149.33333333333334
EK202310128700,141.9
EK202310219548,136.06666666666666
EK202310230864,134.0
EK202310141941,151.56666666666666
EK202310206423,138.56666666666666
EK202310188250,138.73333333333332
EK202310180278,128.2
EK202310123620,144.3
EK202310180928,131.7
EK202310148298,129.9
EK202310124265,148.56666666666666
EK202310125883,149.36666666666667
EK202310128123,142.7
EK202310234185,126.76666666666667
EK202310141809,161.1
EK202310125724,144.46666666666667
EK202320006085,164.56666666666666
EK202310232099,141.26666666666668
EK202310193331,148.1
EK202310205400,149.83333333333334
EK202310160975,145.2
EK202310203863,147.56666666666666
EK202310126413,131.63333333333333
EK202310118450,148.06666666666666
EK202310133563,142.2
EK202310239448,129.23333333333332
EK202310114694,140.06666666666666
EK202310158288,160.56666666666666
EK202310122422,134.83333333333334
EK202310235320,138.16666666666666
EK202310201960,129.0
EK202310194645,151.0
EK202310214962,160.96666666666667
EK202310247868,157.8
EK202310126826,141.66666666666666
EK202310120690,148.16666666666666
EK202320006557,159.1
EK202310224482,137.03333333333333
EK202310188666,132.96666666666667
EK202310167967,157.83333333333334
EK202310240200,141.4
EK202310183867,142.76666666666668
EK202310195682,133.26666666666668
EK202310108034,161.8
EK202310143324,137.6
EK202310139977,137.06666666666666
EK202310134578,138.76666666666668
EK202310003485,136.16666666666666
EK202310127332,150.76666666666668
EK202310195959,144.3
EK202310173389,133.2
EK202310120326,126.66666666666667
EK202310228101,132.2
EK202310194577,136.3
EK202310230845,134.56666666666666
EK202310144430,135.7
EK202310155784,148.46666666666667
EK202310160254,153.13333333333333
EK202310118458,143.36666666666667
EK202310134107,146.13333333333333
EK202310247672,145.76666666666668
EK202310233715,138.3
EK202310192802,157.33333333333334
EK202310226073,133.73333333333332
EK202310112128,142.96666666666667
EK202310214142,165.86666666666667
EK202310205070,145.6
EK202310191656,141.16666666666666
EK202310108700,128.0
EK202310121333,143.53333333333333
EK202310153942,142.03333333333333
EK202310228151,141.63333333333333
EK202310185062,146.1
EK202310133213,165.56666666666666
EK202310242233,140.73333333333332
EK202310143796,132.23333333333332
EK202310202444,154.76666666666668
EK202310166800,146.0
EK202310191020,139.43333333333334
EK202310122069,136.0
EK202310221793,151.03333333333333
EK202310235848,143.53333333333333
EK202310205016,142.43333333333334
EK202310119021,157.96666666666667
EK202310222995,153.53333333333333
EK202310114479,133.53333333333333
EK202310182453,150.76666666666668
EK202310143133,134.16666666666666
EK202310175194,139.16666666666666
EK202310144671,131.23333333333332
EK202310245023,148.5
EK202310144979,145.06666666666666
EK202310235216,137.8
EK202310247586,136.0
EK202310105223,141.13333333333333
EK202310163741,165.73333333333332
EK202310141732,151.06666666666666
EK202310142505,140.66666666666666
EK202310131799,163.13333333333333
EK202310209090,157.8
EK202310159139,155.03333333333333
EK202310214093,146.46666666666667
EK202310199515,141.86666666666667
EK202310228095,137.9
EK202310173578,131.56666666666666
EK202310170010,149.33333333333334
EK202310164861,138.3
EK202310167580,136.9
EK202310225936,127.03333333333333
EK202310147008,137.7
EK202310187537,143.1
EK202310170479,146.96666666666667
EK202310238268,140.8
EK202310231268,129.06666666666666
EK202310167280,144.36666666666667
EK202310203266,138.8
EK202310179810,133.66666666666666
EK202310107445,152.4
EK202310107969,154.63333333333333
EK202310127481,132.36666666666667
EK202310180706,132.6
EK202310125230,146.4
EK202310127751,137.3
EK202310172588,151.96666666666667
EK202310202984,158.0
EK202310104212,128.0
EK202310106923,135.6
EK202310147971,148.6
EK202310243146,134.0
EK202310171023,151.53333333333333
EK202310109775,151.03333333333333
EK202310205700,142.7
EK202310143997,140.83333333333334
EK202310132126,130.96666666666667
EK202310127316,154.33333333333334
EK202310107147,132.16666666666666
EK202310151185,147.1
EK202310228200,130.36666666666667
EK202310117856,153.06666666666666
EK202320005717,155.9
EK202310129616,140.26666666666668
EK202310232791,137.76666666666668
EK202310243834,144.9
EK202310246208,143.7
EK202310160233,149.7
EK202310149219,147.1
EK202310108589,145.86666666666667
EK202310204725,138.63333333333333
EK202310243502,142.53333333333333
EK202310114320,123.76666666666667
EK202310202291,134.36666666666667
EK202310237771,138.86666666666667
EK202310216760,146.83333333333334
EK202310244222,146.06666666666666
EK202310113733,144.16666666666666
EK202310138119,139.43333333333334
EK202310219085,121.06666666666666
EK202310153944,137.8
EK202310161644,172.36666666666667
EK202310204382,144.23333333333332
EK202310229663,131.13333333333333
EK202310156198,144.26666666666668
EK202310148211,133.8
EK202310152274,132.56666666666666
EK202310197042,128.3
EK202310163556,142.56666666666666
EK202310197960,171.33333333333334
EK202310232731,137.36666666666667
EK202310147947,145.43333333333334
EK202310144176,128.33333333333334
EK202310237272,141.96666666666667
EK202310195596,140.8
EK202310231682,142.86666666666667
EK202310114178,142.16666666666666
EK202310165798,124.4
EK202310177163,144.36666666666667
EK202310161995,171.93333333333334
EK202310130803,136.5
EK202310225601,136.1
EK202310139718,134.6
EK202310146622,138.53333333333333
EK202310113181,133.03333333333333
EK202310179401,172.93333333333334
EK202310202908,149.76666666666668
EK202310171925,138.3
EK202310136543,136.76666666666668
EK202310119266,132.5
EK202310144770,143.36666666666667
EK202310217594,148.23333333333332
EK202310224918,159.0
EK202310116728,144.03333333333333
EK202310136368,144.7
EK202310242872,157.13333333333333
EK202310226098,141.63333333333333
EK202310243029,139.06666666666666
EK202310234838,144.5
EK202310103797,141.63333333333333
EK202310159666,129.0
EK202310234494,134.73333333333332
EK202310134806,135.83333333333334
EK202310191437,149.26666666666668
EK202310125110,137.83333333333334
EK202310217366,149.6
EK202310191101,117.6
EK202310179382,145.4
EK202310137469,130.56666666666666
EK202310137658,141.36666666666667
EK202310134629,142.03333333333333
EK202310104525,128.96666666666667
EK202310151444,173.46666666666667
EK202310237636,146.5
EK202310143439,125.06666666666666
EK202310149845,129.63333333333333
EK202310128851,146.2
EK202310237330,135.2
EK202310117295,145.76666666666668
EK202310243270,138.93333333333334
EK202310187106,144.7
EK202310137652,134.46666666666667
EK202310217947,141.93333333333334
EK202310215368,150.93333333333334
EK202310113202,150.26666666666668
EK202310122109,135.8
EK202310121040,141.4
EK202310226711,132.8
EK202310132709,119.73333333333333
EK202310169984,159.06666666666666
EK202310198212,144.86666666666667
EK202310158003,149.1
EK202310214974,152.06666666666666
EK202310134360,154.26666666666668
EK202310178688,162.7
EK202310171682,163.2
EK202310103768,148.26666666666668
EK202310209555,137.03333333333333
EK202310151086,126.83333333333333
EK202310201836,157.6
EK202310174895,137.0
EK202310138537,145.93333333333334
EK202310111581,136.06666666666666
EK202310219638,141.8
EK202310154214,148.4
EK202310200463,138.16666666666666
EK202310172356,129.23333333333332
EK202310164996,135.7
EK202310140375,140.0
EK202310216009,131.8
EK202310113207,132.2
EK202310132100,153.33333333333334
EK202310126863,150.8
EK202310146868,131.4
EK202310108177,151.1
EK202310166280,162.16666666666666
EK202310182008,161.7
EK202310162197,138.03333333333333
EK202310147752,145.43333333333334
EK202310003947,129.3
EK202310176472,136.3
EK202310234387,142.03333333333333
EK202310170022,128.86666666666667
EK202310171056,139.03333333333333
EK202310180973,171.1
EK202310166464,138.93333333333334
EK202310123184,128.3
EK202310192128,151.53333333333333
EK202310207232,132.1
EK202310133397,131.13333333333333
EK202310113037,147.26666666666668
EK202320007617,173.96666666666667
EK202310128691,119.26666666666667
EK202310234443,129.2
EK202310163599,146.46666666666667
EK202310124529,144.63333333333333
EK202310195861,141.56666666666666
EK202310004652,136.7
EK202310128598,149.23333333333332
EK202310219754,151.3
EK202310153907,149.13333333333333
EK202310210564,141.8
EK202310119285,141.03333333333333
EK202310236273,131.8
EK202310205597,151.7
EK202310232930,131.1
EK202310191886,156.4
EK202310236382,128.5
EK202310174764,150.96666666666667
EK202310105490,144.93333333333334
EK202310177012,162.93333333333334
EK202310128378,137.56666666666666
EK202310165398,138.13333333333333
EK202310142395,149.9
EK202310220861,142.13333333333333
EK202310209523,141.66666666666666
EK202310122997,139.66666666666666
EK202310205282,148.46666666666667
EK202310131435,145.83333333333334
EK202310203906,142.06666666666666
EK202310236413,127.26666666666667
EK202310156951,149.9
EK202310106622,133.66666666666666
EK202310189975,160.2
EK202310225784,133.06666666666666
EK202310219294,132.46666666666667
EK202310105442,136.66666666666666
EK202310132208,128.9
EK202310105616,137.2
EK202310174736,129.7
EK202310196913,140.83333333333334
EK202310137961,146.33333333333334
EK202310176163,152.6
EK202310110032,136.03333333333333
EK202310157504,135.43333333333334
EK202310233635,135.76666666666668
EK202310248436,148.43333333333334
EK202310202168,136.36666666666667
EK202310155766,134.23333333333332
EK202310139190,138.96666666666667
EK202310178893,134.53333333333333
EK202310194060,168.16666666666666
EK202310118567,138.43333333333334
EK202310127903,140.56666666666666
EK202310236053,133.0
EK202310156969,152.06666666666666
EK202310113094,146.46666666666667
EK202310117682,136.2
EK202310175150,141.16666666666666
EK202310190181,148.06666666666666
EK202310144477,152.56666666666666
EK202310167953,148.96666666666667
EK202310123207,145.1
EK202310211120,136.26666666666668
EK202310158476,144.96666666666667
EK202310245986,137.9
EK202310141979,154.23333333333332
EK202310210627,143.83333333333334
EK202310131358,132.63333333333333
EK202310108863,147.13333333333333
EK202310106507,162.0
EK202310219636,130.46666666666667
EK202310206075,145.5
EK202310164374,144.43333333333334
EK202310247640,131.56666666666666
EK202310128033,168.0
EK202310202213,159.76666666666668
EK202320007199,155.53333333333333
EK202310148351,146.53333333333333
EK202310167191,152.0
EK202310191728,138.43333333333334
EK202310200275,135.56666666666666
EK202310240207,148.46666666666667
EK202310169132,144.8
EK202310144609,153.03333333333333
EK202310198534,151.63333333333333
EK202310117322,135.86666666666667
EK202310111311,145.33333333333334
EK202310132198,139.3
EK202310123213,135.6
EK202310175579,145.16666666666666
EK202310179611,145.63333333333333
EK202310162505,153.2
EK202310192578,147.26666666666668
EK202310106746,144.4
EK202310131965,129.0
EK202310193615,134.53333333333333
EK202310196394,153.1
EK202310219201,130.2
EK202310223123,139.76666666666668
EK202310193426,147.26666666666668
EK202310118739,156.56666666666666
EK202310106117,140.53333333333333
EK202310104981,148.03333333333333
EK202310210450,138.1
EK202310174407,150.8
EK202310104567,144.53333333333333
EK202310127432,133.8
EK202320005737,159.0
EK202310191941,137.63333333333333
EK202310153855,137.36666666666667
EK202310207694,148.66666666666666
EK202310227244,132.46666666666667
EK202310153520,133.63333333333333
EK202310160923,155.93333333333334
EK202310105321,131.63333333333333
EK202310134289,150.03333333333333
EK202310221860,138.26666666666668
EK202310127051,112.16666666666667
EK202310004011,125.06666666666666
EK202310106438,126.8
EK202310223885,145.5
EK202310147175,140.73333333333332
EK202310172305,140.6
EK202310233355,126.43333333333334
EK202310175639,151.83333333333334
EK202310119187,131.96666666666667
EK202310208266,136.63333333333333
EK202310218780,142.83333333333334
EK202310208314,142.53333333333333
EK202310231800,133.13333333333333
EK202310128055,150.06666666666666
EK202310239898,130.86666666666667
EK202310216957,143.83333333333334
EK202310209441,132.0
EK202310123208,138.53333333333333
EK202310209923,136.7
EK202310133751,136.3
EK202310245312,134.93333333333334
EK202310115764,151.46666666666667
EK202310207764,130.3
EK202310240599,160.03333333333333
EK202310147315,148.73333333333332
EK202310131500,130.03333333333333
EK202310176669,142.36666666666667
EK202310123945,143.56666666666666
EK202310209731,142.86666666666667
EK202310144605,142.1
EK202310122549,137.0
EK202310145497,137.5
EK202310140293,144.76666666666668
EK202310139650,141.76666666666668
EK202310157829,130.06666666666666
EK202310106995,145.0
EK202310124413,164.46666666666667
EK202310214088,149.9
EK202310164191,146.76666666666668
EK202310226197,130.46666666666667
EK202310004226,140.56666666666666
EK202310108441,136.5
EK202310135386,143.3
EK202310129306,167.2
EK202310235944,141.76666666666668
EK202310247944,144.0
EK202310165677,130.66666666666666
EK202310199534,133.86666666666667
EK202310126380,141.43333333333334
EK202310154011,137.26666666666668
EK202310132506,157.53333333333333
EK202310108076,137.26666666666668
EK202310160457,146.43333333333334
EK202310208714,148.2
EK202310154569,142.26666666666668
EK202310144642,138.4
EK202310190051,158.43333333333334
EK202310117172,143.2
EK202310177405,156.33333333333334
EK202310213301,139.66666666666666
EK202310137198,159.83333333333334
EK202310151042,150.43333333333334
EK202310168461,128.73333333333332
EK202310243164,142.3
EK202310179023,137.46666666666667
EK202310160904,143.86666666666667
EK202310171189,154.26666666666668
EK202310239158,138.93333333333334
EK202310167988,143.5
EK202310226837,142.66666666666666
EK202310135580,137.36666666666667
EK202310246488,158.96666666666667
EK202310003762,140.16666666666666
EK202310134904,147.43333333333334
EK202310136330,149.33333333333334
EK202310217816,134.03333333333333
EK202310122041,131.0
EK202310246474,143.13333333333333
EK202310157040,132.4
EK202310198401,164.63333333333333
EK202310117127,137.8
EK202310105754,142.56666666666666
EK202310166261,144.06666666666666
EK202310168044,141.66666666666666
EK202310220538,137.0
EK202310139280,145.16666666666666
EK202310135523,148.33333333333334
EK202310236682,136.6
EK202310244877,131.1
EK202310107483,139.23333333333332
EK202310175451,140.76666666666668
EK202310180461,165.06666666666666
EK202310144697,134.1
EK202310123532,135.7
EK202310123754,162.26666666666668
EK202310206309,145.03333333333333
EK202310239121,146.06666666666666
EK202310104310,148.9
EK202310211761,140.76666666666668
EK202310191013,157.46666666666667
EK202310240312,141.2
EK202310217200,147.8
EK202310114563,145.36666666666667
EK202310161367,131.23333333333332
EK202310144122,140.83333333333334
EK202310212504,130.0
EK202310177497,148.93333333333334
EK202310236237,140.16666666666666
EK202310198587,142.03333333333333
EK202310163062,152.66666666666666
EK202310164746,144.23333333333332
EK202310201875,137.43333333333334
EK202310172081,154.36666666666667
EK202310239571,149.26666666666668
EK202310135582,144.43333333333334
EK202310168412,149.9
EK202310207958,134.13333333333333
EK202310192851,153.3
EK202310192868,131.8
EK202310240745,140.73333333333332
EK202320007142,146.86666666666667
EK202310242152,144.33333333333334
EK202310158334,151.36666666666667
EK202310202840,154.46666666666667
EK202310135210,161.5
EK202310140844,141.36666666666667
EK202310231684,135.5
EK202310220876,136.63333333333333
EK202310135369,150.9
EK202310163963,137.6
EK202310126679,134.9
EK202310162655,155.06666666666666
EK202310154642,141.3
EK202310178024,130.36666666666667
EK202310168498,151.3
EK202310220365,135.93333333333334
EK202310111380,131.36666666666667
EK202310152697,157.16666666666666
EK202310246759,135.23333333333332
EK202310111419,137.36666666666667
EK202310218578,129.7
EK202310110262,123.83333333333333
EK202310112025,169.3
EK202310219733,136.76666666666668
EK202310188715,155.33333333333334
EK202310120824,152.96666666666667
EK202310115460,142.5
EK202310243920,138.56666666666666
EK202310177399,148.83333333333334
EK202310187981,138.03333333333333
EK202310245247,136.6
EK202310121751,133.3
EK202310157398,141.2
EK202310146316,144.53333333333333
EK202310147009,137.4
EK202310186969,140.3
EK202310137065,159.26666666666668
EK202310121746,133.5
EK202310156291,147.13333333333333
EK202310214011,153.6
EK202310214233,140.9
EK202310119619,140.9
EK202310179742,120.76666666666667
EK202310182000,138.13333333333333
EK202310200585,150.7
EK202310152222,147.5
EK202310149190,152.7
EK202310187819,161.06666666666666
EK202310124003,160.9
EK202310201545,141.93333333333334
EK202310171385,141.36666666666667
EK202310238751,138.56666666666666
EK202310140367,127.3
EK202310237130,136.06666666666666
EK202310198345,147.83333333333334
EK202310247133,141.86666666666667
EK202310137734,128.6
EK202310148474,136.8
EK202310150325,137.56666666666666
EK202310208250,141.8
EK202310232333,137.76666666666668
EK202310226045,134.03333333333333
EK202310158994,146.33333333333334
EK202310198109,141.76666666666668
EK202310193685,143.06666666666666
EK202310178796,163.96666666666667
EK202310168028,156.76666666666668
EK202310106830,134.73333333333332
EK202310181540,122.23333333333333
EK202310182066,154.53333333333333
EK202310206663,142.6
EK202310219839,154.46666666666667
EK202310201710,151.3
EK202310187487,146.3
EK202310202274,141.2
EK202310137558,138.9
EK202310190906,143.3
EK202310223424,148.9
EK202310178941,132.36666666666667
EK202310184440,134.6
EK202310155782,141.13333333333333
EK202310122432,152.46666666666667
EK202310182848,138.23333333333332
EK202310164226,144.2
EK202310173490,137.33333333333334
EK202310213090,137.93333333333334
EK202310153722,154.83333333333334
EK202310173472,150.9
EK202310167875,139.13333333333333
EK202310133234,128.43333333333334
EK202310223308,136.43333333333334
EK202310205100,152.2
EK202310198402,133.5
EK202310110225,151.2
EK202310171586,147.5
EK202310122356,140.46666666666667
EK202310163392,134.7
EK202310183719,148.26666666666668
EK202310003951,153.26666666666668
EK202310138515,155.36666666666667
EK202310170831,144.1
EK202310133182,131.06666666666666
EK202310111516,133.96666666666667
EK202310125263,128.33333333333334
EK202310240055,139.2
EK202310180483,139.13333333333333
EK202310204716,130.63333333333333
EK202310187018,144.26666666666668
EK202310158527,150.4
EK202310122260,142.53333333333333
EK202310234650,138.56666666666666
EK202310144474,140.8
EK202310237894,129.53333333333333
EK202310106091,167.13333333333333
EK202310188317,135.83333333333334
EK202310158850,138.66666666666666
EK202310186426,169.03333333333333
EK202310169750,133.7
EK202310206676,165.16666666666666
EK202310155928,160.5
EK202310230978,125.5
EK202310233369,124.2
EK202310129476,147.5
EK202310133048,139.93333333333334
EK202310165488,134.2
EK202310143637,162.83333333333334
EK202310214266,144.76666666666668
EK202310126225,138.83333333333334
EK202310152458,173.1
EK202310223231,136.5
EK202310120167,129.26666666666668
EK202310143015,151.53333333333333
EK202310158308,152.23333333333332
EK202310173081,142.1
EK202310189028,141.06666666666666
EK202310132273,166.73333333333332
EK202310128353,143.6
EK202310174810,140.56666666666666
EK202310239062,157.1
EK202310120641,129.5
EK202310244227,136.8
EK202310118757,131.13333333333333
EK202310129075,133.96666666666667
EK202310224814,141.36666666666667
EK202310004731,137.96666666666667
EK202310156915,171.66666666666666
EK202310115641,138.23333333333332
EK202310118147,160.4
EK202310248390,170.53333333333333
EK202310218403,137.03333333333333
EK202310155441,153.86666666666667
EK202310230283,144.93333333333334
EK202310162794,142.66666666666666
EK202310182211,157.86666666666667
EK202310143073,145.6
EK202310177848,149.1
EK202310003966,146.73333333333332
EK202310194839,159.73333333333332
EK202310233597,141.0
EK202310160959,128.56666666666666
EK202310225528,148.13333333333333
EK202310108255,137.7
EK202310166709,135.16666666666666
EK202310203616,145.0
EK202310189898,153.8
EK202310135324,166.46666666666667
EK202310183856,161.66666666666666
EK202310178334,149.3
EK202310112277,136.96666666666667
EK202310116332,134.2
EK202310174408,133.13333333333333
EK202310225395,143.43333333333334
EK202310179921,134.8
EK202310136896,139.16666666666666
EK202310246946,158.43333333333334
EK202310132878,134.53333333333333
EK202310132936,130.83333333333334
EK202310117215,136.6
EK202310194744,134.4
EK202310239667,140.76666666666668
EK202310137081,138.66666666666666
EK202310195120,151.53333333333333
EK202310244943,138.93333333333334
EK202310216463,138.43333333333334
EK202310175023,154.43333333333334
EK202310123452,147.7
EK202310120759,135.93333333333334
EK202310200555,155.56666666666666
EK202310183159,144.96666666666667
EK202310237119,143.86666666666667
EK202310241465,138.9
EK202310185913,148.26666666666668
EK202310207534,146.7
EK202310158605,146.93333333333334
EK202310193608,142.6
EK202310238219,150.23333333333332
EK202310142209,148.6
EK202310158659,151.76666666666668
EK202310196102,151.0
EK202310244335,135.83333333333334
EK202310151300,148.7
EK202310135647,132.5
EK202310208600,141.63333333333333
EK202320006689,181.46666666666667
EK202310208813,159.76666666666668
EK202310154438,132.66666666666666
EK202310165804,137.06666666666666
EK202310124724,129.4
EK202320005923,173.4
EK202310193868,144.7
EK202310243558,128.76666666666668
EK202310213393,134.8
EK202310142913,157.33333333333334
EK202310168870,157.2
EK202310246882,143.8
EK202310123829,141.66666666666666
EK202310125993,140.26666666666668
EK202310148678,132.2
EK202310214338,131.16666666666666
EK202310118609,134.93333333333334
EK202310223350,144.6
EK202310161314,135.56666666666666
EK202310172634,168.36666666666667
EK202310218585,144.13333333333333
EK202310004027,133.66666666666666
EK202310177913,140.13333333333333
EK202310195749,140.43333333333334
EK202310176453,135.93333333333334
EK202310213885,153.23333333333332
EK202310137118,146.06666666666666
EK202310219450,134.93333333333334
EK202310228378,160.3
EK202310157141,165.83333333333334
EK202310131718,161.73333333333332
EK202310165083,130.86666666666667
EK202310004821,139.46666666666667
EK202310115195,139.9
EK202310179460,138.93333333333334
EK202310204918,147.93333333333334
EK202310126066,133.23333333333332
EK202310147822,142.53333333333333
EK202310233974,139.1
EK202310152337,151.46666666666667
EK202310121597,143.66666666666666
EK202310113315,143.46666666666667
EK202310172487,161.06666666666666
EK202310208865,148.0
EK202310178856,126.1
EK202310163216,139.96666666666667
EK202310192275,135.63333333333333
EK202310123629,144.96666666666667
EK202310118365,152.66666666666666
EK202310205626,147.96666666666667
EK202310197305,139.16666666666666
EK202310168104,144.8
EK202310147731,159.5
EK202310202905,138.9
EK202310240860,140.2
EK202310003646,157.36666666666667
EK202310241992,135.16666666666666
EK202310139823,142.4
EK202310229599,129.06666666666666
EK202310183516,158.66666666666666
EK202310224914,122.93333333333334
EK202310191077,141.33333333333334
EK202320006964,165.56666666666666
EK202310237895,135.7
EK202310176057,149.1
EK202310165954,143.23333333333332
EK202310122162,130.6
EK202310126238,132.6
EK202310121795,143.4
EK202310161976,141.96666666666667
EK202310191508,128.86666666666667
EK202310176644,135.23333333333332
EK202310152467,160.46666666666667
EK202310219240,138.33333333333334
EK202310208125,130.06666666666666
EK202310159439,148.23333333333332
EK202310112020,139.9
EK202310131152,154.26666666666668
EK202310231176,134.23333333333332
EK202310119600,156.1
EK202310142740,168.46666666666667
EK202310190305,134.83333333333334
EK202310181410,145.23333333333332
EK202310195269,134.83333333333334
EK202310154821,118.76666666666667
EK202310247409,139.56666666666666
EK202310146034,139.1
EK202310193073,149.4
EK202310184666,170.9
EK202310107982,149.56666666666666
EK202310118565,132.8
EK202310189557,149.23333333333332
EK202310176523,159.03333333333333
EK202310199098,158.2
EK202310192444,156.93333333333334
EK202310201510,155.8
EK202310152404,162.7
EK202310159084,175.66666666666666
EK202310241360,138.13333333333333
EK202310216628,143.8
EK202310228907,137.86666666666667
EK202310129890,160.83333333333334
EK202310151590,131.4
EK202310145359,137.63333333333333
EK202310157050,141.33333333333334
EK202310176488,137.36666666666667
EK202310130834,136.8
EK202310209574,145.56666666666666
EK202310111176,139.1
EK202310147278,137.23333333333332
EK202310208597,154.9
EK202310196533,135.76666666666668
EK202310195547,149.93333333333334
EK202310176613,128.13333333333333
EK202310164726,143.23333333333332
EK202310243633,138.93333333333334
EK202310196133,142.73333333333332
EK202310147029,146.76666666666668
EK202310218892,148.83333333333334
EK202310140920,146.73333333333332
EK202310155482,131.96666666666667
EK202310135200,127.56666666666666
EK202310172820,137.53333333333333
EK202310105543,130.16666666666666
EK202310172387,144.2
EK202310176697,132.96666666666667
EK202310218951,166.6
EK202310103784,145.93333333333334
EK202310230023,139.43333333333334
EK202310164692,149.03333333333333
EK202310104542,141.63333333333333
EK202310176068,145.13333333333333
EK202310244683,154.13333333333333
EK202310119149,145.43333333333334
EK202310191861,131.16666666666666
EK202310199949,134.13333333333333
EK202310161393,162.66666666666666
EK202310125111,146.26666666666668
EK202310199054,153.2
EK202310004487,139.16666666666666
EK202310183184,134.13333333333333
EK202310201897,161.2
EK202310210681,123.13333333333334
EK202310171699,135.13333333333333
EK202310136344,131.23333333333332
EK202310142799,142.56666666666666
EK202310003358,150.33333333333334
EK202310177915,142.0
EK202310233198,140.73333333333332
EK202310180154,135.8
EK202310174450,130.6
EK202310136841,144.73333333333332
EK202310121016,152.2
EK202310165032,144.93333333333334
EK202310228963,135.73333333333332
EK202310121559,144.63333333333333
EK202310181916,140.76666666666668
EK202310145575,175.43333333333334
EK202310239181,146.6
EK202310188158,142.76666666666668
EK202310128251,131.66666666666666
EK202310132218,164.73333333333332
EK202310171818,142.86666666666667
EK202310104717,148.1
EK202310166536,151.5
EK202310165544,157.8
EK202310106140,132.56666666666666
EK202310120542,129.13333333333333
EK202310200432,138.6
EK202310137688,137.0
EK202310199770,141.8
EK202310151234,144.93333333333334
EK202310239824,144.63333333333333
EK202310109979,141.16666666666666
EK202310222377,129.4
EK202310129765,152.93333333333334
EK202310004768,122.96666666666667
EK202310161683,154.26666666666668
EK202310111657,146.83333333333334
EK202310233223,134.06666666666666
EK202310191113,165.2
EK202310133283,150.66666666666666
EK202310196259,147.03333333333333
EK202310180866,141.96666666666667
EK202310219289,133.26666666666668
EK202310195465,165.0
EK202310163110,141.5
EK202310236924,133.33333333333334
EK202310175544,142.5
EK202310106368,142.03333333333333
EK202310187622,144.06666666666666
EK202310204563,154.3
EK202310169494,143.3
EK202310151846,145.13333333333333
EK202310239299,141.8
EK202310145012,123.56666666666666
EK202310110945,134.2
EK202310198659,143.1
EK202310130369,134.43333333333334
EK202310191235,142.76666666666668
EK202310171717,131.93333333333334
EK202310235589,151.93333333333334
EK202310114348,148.86666666666667
EK202310232893,154.76666666666668
EK202310164789,152.63333333333333
EK202310236042,166.36666666666667
EK202310004445,136.16666666666666
EK202310172245,131.63333333333333
EK202310224823,132.8
EK202310136877,142.9
EK202310123423,147.86666666666667
EK202310153225,151.96666666666667
EK202310145756,141.96666666666667
EK202310146568,145.4
EK202310163087,132.83333333333334
EK202310245297,169.83333333333334
EK202310209644,149.13333333333333
EK202310140290,135.9
EK202310221072,144.03333333333333
EK202310135414,147.4
EK202310187378,156.73333333333332
EK202310133530,145.26666666666668
EK202310224364,148.6
EK202310195517,151.73333333333332
EK202310204169,138.43333333333334
EK202310210323,126.36666666666666
EK202310200422,131.66666666666666
EK202310151056,136.76666666666668
EK202310227277,141.03333333333333
EK202310247028,142.6
EK202310180050,144.33333333333334
EK202310127868,154.36666666666667
EK202310234685,144.03333333333333
EK202310223304,126.3
EK202310222628,135.73333333333332
EK202310132162,151.06666666666666
EK202310107313,151.1
EK202310193034,142.76666666666668
EK202320006263,157.33333333333334
EK202310180508,147.86666666666667
EK202310126699,138.3
EK202310161588,154.3
EK202310230044,142.3
EK202310131679,161.2
EK202310130402,137.13333333333333
EK202310186216,145.83333333333334
EK202310104460,142.8
EK202310138193,128.9
EK202310190994,151.96666666666667
EK202310235895,149.66666666666666
EK202310129828,149.5
EK202310188700,166.73333333333332
EK202310162187,128.06666666666666
EK202310137095,134.56666666666666
EK202310142210,144.2
EK202310197331,149.3
EK202310224439,157.36666666666667
EK202310202545,155.16666666666666
EK202310172841,140.76666666666668
EK202310185316,152.7
EK202310193096,130.33333333333334
EK202310239366,134.76666666666668
EK202310157680,143.9
EK202310216245,136.9
EK202310122188,130.6
EK202310229644,136.4
EK202310205871,142.46666666666667
EK202310215556,141.53333333333333
EK202310158679,162.2
EK202310147755,136.36666666666667
EK202310186194,144.2
EK202310117620,131.76666666666668
EK202310194359,138.6
EK202310198922,135.96666666666667
EK202310116214,142.8
EK202310162259,142.13333333333333
EK202310157059,168.93333333333334
EK202310128924,149.9
EK202310141619,173.36666666666667
EK202310221578,136.96666666666667
EK202310138618,141.86666666666667
EK202310183482,141.13333333333333
EK202310152447,143.83333333333334
EK202310237940,132.7
EK202310150193,127.83333333333333
EK202310183803,167.23333333333332
EK202310111372,135.83333333333334
EK202310201263,148.06666666666666
EK202310124638,136.86666666666667
EK202310178960,143.4
EK202310210327,130.6
EK202310201273,142.03333333333333
EK202310222624,133.3
EK202310180840,131.5
EK202310185078,149.06666666666666
EK202310168572,154.5
EK202310170490,135.86666666666667
EK202310232989,128.5
EK202310162228,156.13333333333333
EK202310175459,144.23333333333332
EK202310165474,138.4
EK202310243395,138.93333333333334
EK202310127631,143.73333333333332
EK202310186924,124.43333333333334
EK202310163431,130.53333333333333
EK202310189463,156.26666666666668
EK202310190842,153.4
EK202310185696,137.33333333333334
EK202310111713,148.03333333333333
EK202310193617,155.33333333333334
EK202310125805,134.23333333333332
EK202310151745,144.1
EK202310175297,137.86666666666667
EK202310196724,128.2
EK202310233146,164.16666666666666
EK202310143125,150.26666666666668
EK202310162683,143.33333333333334
EK202310105844,142.46666666666667
EK202310137395,146.56666666666666
EK202310234360,148.96666666666667
EK202310169711,153.53333333333333
EK202310229840,134.8
EK202310108815,141.76666666666668
EK202310173350,134.76666666666668
EK202310221654,139.73333333333332
EK202310117503,126.46666666666667
EK202310118377,134.06666666666666
EK202310193948,154.93333333333334
EK202310157293,151.33333333333334
EK202310229924,137.3
EK202310207252,124.86666666666666
EK202310112063,151.7
EK202310211575,131.66666666666666
EK202310121865,138.9
EK202310229242,136.66666666666666
EK202310217753,135.16666666666666
EK202310154203,151.46666666666667
EK202310119526,145.56666666666666
EK202310233019,139.16666666666666
EK202310110136,138.73333333333332
EK202310136917,143.53333333333333
EK202310232125,131.16666666666666
EK202310195652,146.1
EK202310003341,147.16666666666666
EK202310172729,137.03333333333333
EK202310106011,153.63333333333333
EK202310226908,128.2
EK202310160952,161.1
EK202310123901,143.06666666666666
EK202310219883,126.26666666666667
EK202310239294,145.5
EK202310191292,156.23333333333332
EK202310242675,140.43333333333334
EK202310159365,141.6
EK202310207357,135.8
EK202310134219,154.26666666666668
EK202310204692,160.23333333333332
EK202310145833,148.7
EK202310232367,139.4
EK202310133942,168.7
EK202310116957,148.96666666666667
EK202310113990,146.3
EK202310110317,138.7
EK202310183678,128.9
EK202310210475,135.53333333333333
EK202310215753,138.5
EK202310172041,148.9
EK202310127368,155.83333333333334
EK202310133141,176.6
EK202310166184,159.03333333333333
EK202310123460,139.03333333333333
EK202310159288,172.53333333333333
EK202310224966,144.23333333333332
EK202310169548,138.13333333333333
EK202310157945,169.23333333333332
EK202310208906,140.63333333333333
EK202320005732,151.2
EK202310140120,142.0
EK202310153086,148.93333333333334
EK202310230330,124.93333333333334
EK202310213318,137.66666666666666
EK202310178418,140.7
EK202310155143,138.4
EK202310183350,152.9
EK202310171243,159.23333333333332
EK202310241995,142.73333333333332
EK202310166956,134.46666666666667
EK202310239455,148.23333333333332
EK202310230110,138.3
EK202310232654,138.8
EK202310230579,131.53333333333333
EK202310230165,148.7
EK202310150438,140.83333333333334
EK202310114432,130.3
EK202310178701,169.63333333333333
EK202310193862,137.96666666666667
EK202310133458,144.2
EK202310126585,127.36666666666666
EK202310114949,140.16666666666666
EK202310239835,138.7
EK202310198418,171.5
EK202310164005,135.53333333333333
EK202310108538,142.73333333333332
EK202310248296,134.96666666666667
EK202310164825,137.03333333333333
EK202310202468,135.4
EK202310179750,148.36666666666667
EK202310178078,138.4
EK202310224170,169.46666666666667
EK202310108711,136.1
EK202310107024,140.16666666666666
EK202310229155,136.6
EK202310109556,141.1
EK202310202152,140.43333333333334
EK202310237189,141.83333333333334
EK202310147644,154.93333333333334
EK202310161108,179.56666666666666
EK202310122907,164.46666666666667
EK202310108647,139.46666666666667
EK202310116234,152.76666666666668
EK202310180820,145.06666666666666
EK202310185427,134.86666666666667
EK202310156227,170.96666666666667
EK202310121246,135.76666666666668
EK202310135704,138.93333333333334
EK202310225359,131.6
EK202310205195,142.76666666666668
EK202310201515,146.86666666666667
EK202310195070,142.53333333333333
EK202310185184,145.2
EK202310233163,134.96666666666667
EK202310169236,147.9
EK202310113651,141.9
EK202310105373,133.0
EK202310106115,131.36666666666667
EK202310245413,139.3
EK202310219987,137.8
EK202310142576,151.43333333333334
EK202310158268,141.76666666666668
EK202310156894,150.53333333333333
EK202310004886,153.83333333333334
EK202310154420,128.73333333333332
EK202310210832,141.53333333333333
EK202310220049,148.9
EK202310181921,169.43333333333334
EK202310201324,150.86666666666667
EK202310191459,138.33333333333334
EK202310128368,145.86666666666667
EK202310175128,125.2
EK202310172288,134.6
EK202310216634,135.1
EK202320007004,171.2
EK202310244935,128.23333333333332
EK202310176831,129.2
EK202310119255,139.23333333333332
EK202310225916,139.63333333333333
EK202310159227,144.63333333333333
EK202310208285,150.26666666666668
EK202310139560,164.76666666666668
EK202310122710,132.36666666666667
EK202310121289,130.13333333333333
EK202310124642,134.93333333333334
EK202310232850,138.63333333333333
EK202310162749,166.23333333333332
EK202310114861,144.86666666666667
EK202310147672,152.26666666666668
EK202310146693,144.43333333333334
EK202310229560,147.93333333333334
EK202310153109,156.93333333333334
EK202310159133,137.83333333333334
EK202310147681,137.1
EK202310154454,145.63333333333333
EK202310215971,136.9
EK202310176116,166.5
EK202310108965,141.43333333333334
EK202310117311,137.3
EK202310205689,143.36666666666667
EK202310196959,162.26666666666668
EK202310208747,169.73333333333332
EK202310220306,145.93333333333334
EK202310229825,140.4
EK202310156765,171.56666666666666
EK202310123916,154.76666666666668
EK202310208563,140.36666666666667
EK202310176612,128.63333333333333
EK202310150270,173.76666666666668
EK202310167920,128.4
EK202310004780,127.66666666666667
EK202310228392,160.4
EK202310162764,144.23333333333332
EK202310178248,151.9
EK202310161854,124.7
EK202310184896,138.13333333333333
EK202310196454,139.63333333333333
EK202310166252,152.9
EK202310224266,131.83333333333334
EK202310228300,142.63333333333333
EK202310228517,133.63333333333333
EK202310119762,127.7
EK202310197634,144.06666666666666
EK202310163433,130.76666666666668
EK202310205791,145.56666666666666
EK202310198433,135.53333333333333
EK202310205023,137.3
EK202310139454,138.86666666666667
EK202310201839,141.73333333333332
EK202310197547,157.36666666666667
EK202310233724,146.8
EK202310153252,144.5
EK202310190922,150.53333333333333
EK202310142523,141.86666666666667
EK202310219846,140.8
EK202310198901,135.83333333333334
EK202310167227,151.56666666666666
EK202310111384,143.66666666666666
EK202310136046,170.4
EK202310214121,145.13333333333333
EK202310118169,145.93333333333334
EK202310183250,139.23333333333332
EK202310188579,129.03333333333333
EK202310131031,134.86666666666667
EK202310104480,143.06666666666666
EK202310239710,162.26666666666668
EK202310234691,128.13333333333333
EK202310168972,138.2
EK202310120008,132.33333333333334
EK202310212233,134.96666666666667
EK202310215929,137.13333333333333
EK202310211484,130.76666666666668
EK202310222506,135.36666666666667
EK202310202763,148.43333333333334
EK202310220490,144.9
EK202310116375,143.16666666666666
EK202310175337,161.53333333333333
EK202310240580,140.56666666666666
EK202310109905,150.86666666666667
EK202310192597,144.1
EK202310114800,135.96666666666667
EK202310132205,137.7
EK202310110193,130.06666666666666
EK202310165102,151.86666666666667
EK202310116663,142.9
EK202310218315,137.56666666666666
EK202310113156,151.7
EK202310231146,135.4
EK202310180373,136.2
EK202310232424,134.63333333333333
EK202310224878,141.0
EK202310103830,142.83333333333334
EK202310240706,133.5
EK202310120776,142.13333333333333
EK202310160117,132.6
EK202310132998,130.23333333333332
EK202310003968,162.33333333333334
EK202310209613,139.6
EK202310241092,131.5
EK202310123771,143.43333333333334
EK202310245280,132.36666666666667
EK202310244377,139.16666666666666
EK202310109713,169.13333333333333
EK202310228232,145.23333333333332
EK202310148652,122.3
EK202310243472,127.53333333333333
EK202310170765,141.6
EK202310170088,130.13333333333333
EK202310004315,133.96666666666667
EK202310217178,143.33333333333334
EK202310108775,140.46666666666667
EK202310180920,143.86666666666667
EK202310246305,134.2
EK202310206922,158.9
EK202310167783,144.83333333333334
EK202310129574,146.3
EK202310174308,137.33333333333334
EK202310161413,143.9
EK202310148150,156.03333333333333
EK202310141044,158.06666666666666
EK202310231588,139.9
EK202310118970,128.2
EK202310181033,142.46666666666667
EK202310194383,139.73333333333332
EK202310183986,148.7
EK202310150419,133.6
EK202310194684,148.4
EK202310123982,167.96666666666667
EK202310167254,133.0
EK202310170710,130.0
EK202310112450,156.0
EK202310220586,143.56666666666666
EK202310189665,140.33333333333334
EK202310117974,141.83333333333334
EK202310131602,139.0
EK202310162096,148.66666666666666
EK202310243659,142.23333333333332
EK202310187107,132.86666666666667
EK202310188591,130.2
EK202310130729,141.13333333333333
EK202310207612,138.46666666666667
EK202310190165,145.73333333333332
EK202310240918,137.1
EK202310138933,139.33333333333334
EK202310124424,131.63333333333333
EK202310207452,130.96666666666667
EK202310149692,163.46666666666667
EK202310122269,156.03333333333333
EK202310178206,152.46666666666667
EK202310236928,133.53333333333333
EK202310108129,152.3
EK202310242986,140.0
EK202310153555,139.9
EK202310135472,146.43333333333334
EK202310135151,151.76666666666668
EK202310121132,150.36666666666667
EK202310159808,143.16666666666666
EK202310111940,141.8
EK202310211823,132.13333333333333
EK202310208954,155.6
EK202310174925,146.9
EK202310139934,133.76666666666668
EK202310128204,136.4
EK202310207948,140.03333333333333
EK202310194132,150.0
EK202310213757,131.63333333333333
EK202310210438,133.23333333333332
EK202310144525,146.16666666666666
EK202310125105,146.66666666666666
EK202310120299,133.16666666666666
EK202310246727,135.96666666666667
EK202310200847,151.73333333333332
EK202310181091,134.63333333333333
EK202310130669,126.6
EK202310164111,164.43333333333334
EK202310141945,145.36666666666667
EK202310238865,156.8
EK202310107320,135.4
EK202310220000,153.66666666666666
EK202310180826,159.23333333333332
EK202310117534,146.43333333333334
EK202310148403,153.03333333333333
EK202310235756,137.5
EK202310215153,134.7
EK202310215909,148.96666666666667
EK202310232668,137.23333333333332
EK202310169331,165.6
EK202310168151,137.33333333333334
EK202310218890,135.83333333333334
EK202310186779,148.9
EK202310114858,130.4
EK202310152341,148.73333333333332
EK202310128217,131.56666666666666
EK202310193271,130.8
EK202310180464,146.46666666666667
EK202310205276,152.8
EK202310125640,134.26666666666668
EK202310141600,154.63333333333333
EK202310141981,161.3
EK202310167795,151.13333333333333
EK202310192334,146.83333333333334
EK202310241694,146.26666666666668
EK202310196935,139.9
EK202310180151,139.53333333333333
EK202310106774,152.33333333333334
EK202310215027,168.96666666666667
EK202310216078,152.5
EK202310163711,143.33333333333334
EK202310109770,151.26666666666668
EK202310215501,135.16666666666666
EK202310163977,131.63333333333333
EK202320007174,157.9
EK202310205844,142.56666666666666
EK202310139223,140.76666666666668
EK202310244458,136.06666666666666
EK202310131387,151.53333333333333
EK202310143831,138.86666666666667
EK202310147793,145.0
EK202310219748,141.8
EK202310155389,141.73333333333332
EK202310134466,149.0
EK202310151903,141.53333333333333
EK202310234772,139.26666666666668
EK202310131775,169.03333333333333
EK202310134952,158.56666666666666
EK202310118242,131.93333333333334
EK202310107035,132.06666666666666
EK202310131515,141.2
EK202310244132,134.13333333333333
EK202310201654,154.3
EK202310237041,152.16666666666666
EK202310171334,160.8
EK202310104916,131.8
EK202310182983,143.83333333333334
EK202310164359,151.0
EK202310112552,136.43333333333334
EK202310201546,135.66666666666666
EK202310202954,136.5
EK202310134253,138.2
EK202310004718,148.3
EK202310242169,158.6
EK202310188966,128.53333333333333
EK202310179423,135.46666666666667
EK202310218744,155.2
EK202310193025,156.73333333333332
EK202310232272,138.3
EK202310217104,140.8
EK202310245973,140.43333333333334
EK202310108124,158.33333333333334
EK202310195074,157.23333333333332
EK202310177534,158.66666666666666
EK202310220572,125.6
EK202310176418,143.36666666666667
EK202310159967,152.03333333333333
EK202310163800,172.33333333333334
EK202310154402,151.13333333333333
EK202310212424,135.7
EK202310115194,134.2
EK202310157002,148.83333333333334
EK202310236493,136.5
EK202310209384,144.6
EK202310153699,140.7
EK202310140162,131.76666666666668
EK202310191690,152.83333333333334
EK202310164321,137.23333333333332
EK202310167679,133.56666666666666
EK202310118401,130.96666666666667
EK202320006231,160.66666666666666
EK202310158105,135.96666666666667
EK202310179352,146.4
EK202310112735,148.3
EK202310144319,130.86666666666667
EK202310173893,148.3
EK202310160526,140.76666666666668
EK202310147338,133.3
EK202310164737,143.63333333333333
EK202310226429,140.7
EK202310119510,139.86666666666667
EK202310111353,145.63333333333333
EK202310121601,141.5
EK202310138216,122.16666666666667
EK202310222532,144.23333333333332
EK202310138949,139.36666666666667
EK202310214912,153.3
EK202310121057,137.13333333333333
EK202310231318,131.53333333333333
EK202310137231,132.33333333333334
EK202310136824,144.6
EK202310115476,136.83333333333334
EK202310195522,170.13333333333333
EK202310130890,130.03333333333333
EK202310161838,162.23333333333332
EK202310158188,146.1
EK202310184190,130.03333333333333
EK202310106659,142.13333333333333
EK202310134400,134.36666666666667
EK202310209267,141.23333333333332
EK202310241209,142.7
EK202310214760,159.86666666666667
EK202310151809,160.2
EK202310198002,134.56666666666666
EK202310228621,137.36666666666667
EK202310162885,138.3
EK202310133298,155.5
EK202310126484,137.86666666666667
EK202310196380,127.13333333333334
EK202310143373,135.03333333333333
EK202310202385,142.53333333333333
EK202310131648,135.93333333333334
EK202310116966,138.4
EK202310134410,154.03333333333333
EK202310191544,143.03333333333333
EK202310196047,141.46666666666667
EK202310119440,134.03333333333333
EK202310132919,144.26666666666668
EK202310156448,150.33333333333334
EK202310198177,139.63333333333333
EK202310148838,145.06666666666666
EK202310171364,137.06666666666666
EK202310120500,126.3
EK202310247151,139.63333333333333
EK202310144904,135.8
EK202310174989,137.0
EK202310133355,139.23333333333332
EK202310226353,155.46666666666667
EK202310176858,139.36666666666667
EK202310227114,144.46666666666667
EK202310187693,145.56666666666666
EK202310109711,167.76666666666668
EK202310181780,142.93333333333334
EK202310163147,157.56666666666666
EK202310190696,143.06666666666666
EK202310165868,144.06666666666666
EK202310110400,132.13333333333333
EK202310135537,154.6
EK202310169217,159.96666666666667
EK202310195878,153.5
EK202310189489,136.73333333333332
EK202310205257,129.96666666666667
EK202310239304,157.56666666666666
EK202310132417,131.6
EK202310221095,126.76666666666667
EK202310110398,134.63333333333333
EK202310240389,154.43333333333334
EK202310185614,155.36666666666667
EK202310213110,137.83333333333334
EK202310154463,150.8
EK202310177140,166.8
EK202310175268,144.03333333333333
EK202310199152,132.6
EK202310128676,143.86666666666667
EK202310168399,143.43333333333334
EK202310201459,138.16666666666666
EK202310235106,152.0
EK202310232368,133.86666666666667
EK202310127908,131.9
EK202310182464,146.6
EK202310184852,135.26666666666668
EK202310170955,137.33333333333334
EK202310185265,146.5
EK202310114431,151.93333333333334
EK202310124741,148.9
EK202310193561,147.23333333333332
EK202310113830,147.86666666666667
EK202310229300,146.66666666666666
EK202310176918,138.96666666666667
EK202310222543,139.06666666666666
EK202310240095,150.93333333333334
EK202310208448,145.76666666666668
EK202310201172,184.7
EK202310125525,143.5
EK202310221529,129.2
EK202310120352,138.1
EK202310140711,136.5
EK202310211389,141.86666666666667
EK202310124018,170.4
EK202310143340,129.56666666666666
EK202310180385,157.23333333333332
EK202320006974,161.53333333333333
EK202310159693,149.5
EK202310181459,132.03333333333333
EK202310182182,148.46666666666667
EK202310141048,149.0
EK202310211604,133.0
EK202310141173,132.2
EK202310151648,138.46666666666667
EK202310243583,153.56666666666666
EK202310133700,131.36666666666667
EK202310152960,145.13333333333333
EK202310192543,137.53333333333333
EK202310131141,127.23333333333333
EK202310134377,141.76666666666668
EK202310174653,139.8
EK202310218574,140.9
EK202310191005,144.0
EK202310104855,143.16666666666666
EK202310178218,154.36666666666667
EK202310166318,156.1
EK202310202248,137.8
EK202310234490,167.33333333333334
EK202310225442,144.8
EK202310123331,144.96666666666667
EK202310238951,138.8
EK202310114122,126.76666666666667
EK202310202645,149.86666666666667
EK202310221624,144.06666666666666
EK202310147534,145.03333333333333
EK202310197356,165.5
EK202310222430,136.16666666666666
EK202310225523,124.2
EK202310177178,156.3
EK202310153665,127.0
EK202310196238,143.33333333333334
EK202310244577,147.13333333333333
EK202310172448,159.23333333333332
EK202310225799,144.16666666666666
EK202310183968,150.86666666666667
EK202310203019,144.63333333333333
EK202310109776,152.3
EK202310111537,144.66666666666666
EK202310124731,164.5
EK202310213643,137.16666666666666
EK202310146267,141.63333333333333
EK202310245701,131.23333333333332
EK202310177157,127.83333333333333
EK202310153114,162.66666666666666
EK202310004024,151.86666666666667
EK202310240323,135.86666666666667
EK202310116344,136.33333333333334
EK202310174344,139.36666666666667
EK202310166165,147.66666666666666
EK202310122743,151.53333333333333
EK202310226015,138.93333333333334
EK202310152541,146.03333333333333
EK202310189773,148.16666666666666
EK202310232097,147.6
EK202310155304,131.0
EK202310200289,136.33333333333334
EK202310208997,136.83333333333334
EK202310176430,140.23333333333332
EK202310205504,131.2
EK202310241123,141.4
EK202310160664,145.76666666666668
EK202310235837,135.86666666666667
EK202310190225,136.13333333333333
EK202310218794,124.53333333333333
EK202310244811,132.26666666666668
EK202310144333,138.36666666666667
EK202310134916,133.4
EK202310133279,149.06666666666666
EK202310230299,133.26666666666668
EK202310181539,154.13333333333333
EK202310137837,140.7
EK202310142434,166.73333333333332
EK202310108559,136.16666666666666
EK202310172173,132.43333333333334
EK202310170541,141.9
EK202310106066,133.2
EK202310242004,138.7
EK202310114374,154.16666666666666
EK202310147018,142.93333333333334
EK202310193730,147.5
EK202310155054,137.16666666666666
EK202310211249,137.13333333333333
EK202310203058,157.66666666666666
EK202310224924,164.13333333333333
EK202310153934,139.33333333333334
EK202310192789,142.5
EK202310176566,144.06666666666666
EK202310215186,140.0
EK202310159944,140.43333333333334
EK202310209677,133.56666666666666
EK202310137062,145.46666666666667
EK202310209003,153.63333333333333
EK202310236143,130.86666666666667
EK202310159540,146.2
EK202310141923,135.93333333333334
EK202310214900,151.1
EK202310150311,133.93333333333334
EK202310145121,151.7
EK202310138102,148.73333333333332
EK202310195227,145.83333333333334
EK202310215003,139.63333333333333
EK202310133345,145.13333333333333
EK202310241621,144.2
EK202310232734,138.03333333333333
EK202310192752,159.53333333333333
EK202310155287,134.56666666666666
EK202310230367,140.26666666666668
EK202310204826,127.26666666666667
EK202310217569,171.36666666666667
EK202310239151,134.0
EK202310225087,168.13333333333333
EK202310142211,158.56666666666666
EK202310143872,149.7
EK202320006692,143.83333333333334
EK202310243470,141.7
EK202310202312,162.93333333333334
EK202310172400,145.6
EK202310175257,155.2
EK202310156574,149.16666666666666
EK202310195996,160.36666666666667
EK202310207174,156.9
EK202310221440,152.4
EK202310229365,136.76666666666668
EK202310184849,144.46666666666667
EK202310186317,147.2
EK202310122351,131.66666666666666
EK202310147942,144.26666666666668
EK202310204767,130.33333333333334
EK202310151776,148.5
EK202310162542,163.13333333333333
EK202310149376,157.46666666666667
EK202310188687,142.66666666666666
EK202310126040,141.73333333333332
EK202310132787,129.76666666666668
EK202320007196,154.63333333333333
EK202310194184,156.43333333333334
EK202310148035,150.56666666666666
EK202310242086,152.23333333333332
EK202310158984,147.9
EK202310123998,166.7
EK202310143322,145.86666666666667
EK202310169220,165.33333333333334
EK202310163343,126.9
EK202310195035,155.73333333333332
EK202310244095,140.46666666666667
EK202310004865,153.96666666666667
EK202310202516,143.66666666666666
EK202310170156,139.76666666666668
EK202310217210,148.7
EK202310139116,145.6
EK202310181676,168.86666666666667
EK202310117650,136.63333333333333
EK202310126117,127.93333333333334
EK202310145631,127.16666666666667
EK202310194552,154.13333333333333
EK202310231065,136.86666666666667
EK202310243723,142.33333333333334
EK202310150462,148.36666666666667
EK202310175160,145.26666666666668
EK202310145549,137.63333333333333
EK202310218100,132.13333333333333
EK202310172122,141.96666666666667
EK202310195049,148.66666666666666
EK202310179443,142.73333333333332
EK202310149733,145.8
EK202310115695,135.4
EK202310149488,147.53333333333333
EK202310154087,146.5
EK202320006192,164.76666666666668
EK202310125278,139.36666666666667
EK202310241332,142.8
EK202310143810,139.2
EK202310105018,132.23333333333332
EK202310237785,157.46666666666667
EK202310223864,163.83333333333334
EK202310226433,145.86666666666667
EK202310157972,157.63333333333333
EK202310174015,142.53333333333333
EK202310183160,139.33333333333334
EK202310191076,155.53333333333333
EK202310172756,131.36666666666667
EK202310104599,134.66666666666666
EK202310238264,154.93333333333334
EK202310127187,147.2
EK202310165833,148.86666666666667
EK202310195179,143.73333333333332
EK202310153898,160.36666666666667
EK202310170585,137.06666666666666
EK202310245910,137.33333333333334
EK202310170174,140.83333333333334
EK202310115207,141.06666666666666
EK202310120317,128.56666666666666
EK202310236898,141.4
EK202310146305,152.83333333333334
EK202310112140,143.93333333333334
EK202310143217,132.63333333333333
EK202310150540,164.73333333333332
EK202310223717,139.53333333333333
EK202310219843,143.9
EK202310198855,141.83333333333334
EK202310191446,139.0
EK202310190334,169.16666666666666
EK202310184752,143.96666666666667
EK202310160416,149.26666666666668
EK202310173011,138.53333333333333
EK202310128863,134.96666666666667
EK202310190262,137.73333333333332
EK202310110902,153.1
EK202310193520,158.56666666666666
EK202320006543,152.9
EK202310187711,128.2
EK202310200254,137.66666666666666
EK202310155513,132.83333333333334
EK202310180642,137.96666666666667
EK202310196569,143.93333333333334
EK202320007271,164.3
EK202310179403,140.4
EK202310241241,153.83333333333334
EK202310192182,145.8
EK202310203673,152.73333333333332
EK202310163605,140.56666666666666
EK202310108085,146.76666666666668
EK202310195692,159.43333333333334
EK202310190401,128.66666666666666
EK202310192575,140.0
EK202310227513,150.83333333333334
EK202310130882,147.33333333333334
EK202310104224,145.23333333333332
EK202310144297,146.3
EK202310210525,139.3
EK202320006267,175.36666666666667
EK202310150061,144.06666666666666
EK202310189465,138.06666666666666
EK202310239884,137.33333333333334
EK202310137344,133.3
EK202310212273,136.56666666666666
EK202310205202,168.76666666666668
EK202310147736,144.5
EK202310138489,166.33333333333334
EK202310169998,157.96666666666667
EK202310123563,135.06666666666666
EK202310162573,148.16666666666666
EK202310122865,162.23333333333332
EK202310189811,150.83333333333334
EK202310160895,160.8
EK202310153256,139.7
EK202310216969,138.5
EK202310152260,154.8
EK202310141709,134.5
EK202320007373,142.16666666666666
EK202310193336,151.73333333333332
EK202310164703,151.53333333333333
EK202310103814,143.16666666666666
EK202310200017,130.6
EK202310218767,134.4
EK202310188858,135.16666666666666
EK202310192187,142.4
EK202310194207,151.93333333333334
EK202310130206,158.56666666666666
EK202310110494,139.6
EK202320006130,169.13333333333333
EK202310211320,136.56666666666666
EK202310224161,143.2
EK202310240472,148.3
EK202310209032,159.26666666666668
EK202310167634,134.0
EK202310180571,138.5
EK202310229017,135.03333333333333
EK202310131345,134.4
EK202310138019,130.46666666666667
EK202310004554,140.3
EK202310132971,136.43333333333334
EK202310141635,142.93333333333334
EK202310194247,149.3
EK202310148311,165.9
EK202310121972,136.3
EK202310142685,145.96666666666667
EK202310106949,140.26666666666668
EK202310163326,142.73333333333332
EK202310220547,138.3
EK202310104514,141.1
EK202310145431,147.56666666666666
EK202310117273,148.5
EK202310166607,138.46666666666667
EK202310189589,132.66666666666666
EK202310196074,132.13333333333333
EK202310153363,137.16666666666666
EK202310162392,147.3
EK202310229624,132.26666666666668
EK202310195898,174.16666666666666
EK202310219784,133.63333333333333
EK202310184116,154.5
EK202310223449,148.76666666666668
EK202310163821,158.23333333333332
EK202310183192,144.86666666666667
EK202310226918,135.76666666666668
EK202310154785,150.03333333333333
EK202310179367,154.66666666666666
EK202310195531,144.0
EK202310130452,140.36666666666667
EK202310121734,130.93333333333334
EK202310133991,140.53333333333333
EK202310210591,153.4
EK202310139555,171.4
EK202310228357,162.03333333333333
EK202310125608,139.26666666666668
EK202310107185,127.23333333333333
EK202310235572,130.8
EK202310230158,138.86666666666667
EK202310145383,136.86666666666667
EK202310143147,139.5
EK202310164771,141.33333333333334
EK202310144247,145.8
EK202310220979,126.13333333333334
EK202310149131,134.53333333333333
EK202310196632,151.3
EK202310131051,163.06666666666666
EK202310134659,141.1
EK202310200213,137.73333333333332
EK202310146862,133.63333333333333
EK202310188949,146.83333333333334
EK202310137016,165.13333333333333
EK202310239591,140.8
EK202310160714,158.93333333333334
EK202310120187,126.26666666666667
EK202310171815,140.83333333333334
EK202310197107,150.63333333333333
EK202310135357,150.23333333333332
EK202310139656,129.23333333333332
EK202310210779,164.8
EK202310238374,131.86666666666667
EK202310232468,126.23333333333333
EK202310170608,133.8
EK202310161875,145.73333333333332
EK202310154794,151.2
EK202310178981,124.43333333333334
EK202310115024,133.46666666666667
EK202310198317,159.43333333333334
EK202310176549,139.5
EK202310125448,133.4
EK202310223899,134.6
EK202310240237,149.9
EK202310194815,156.73333333333332
EK202310245437,131.26666666666668
EK202310109463,140.23333333333332
EK202310126220,140.26666666666668
EK202310162672,140.96666666666667
EK202310106706,138.26666666666668
EK202310230813,138.63333333333333
EK202310229853,149.33333333333334
EK202310183987,150.3
EK202310130317,156.03333333333333
EK202310104984,139.73333333333332
EK202310174152,133.13333333333333
EK202310228308,143.0
EK202310111938,150.3
EK202310191965,173.33333333333334
EK202310125325,137.3
EK202310235246,140.83333333333334
EK202310108851,141.63333333333333
EK202310139648,152.23333333333332
EK202310116135,139.7
EK202310195391,140.46666666666667
EK202310139056,154.8
EK202310201109,148.36666666666667
EK202310247192,158.36666666666667
EK202310119623,153.73333333333332
EK202310174223,131.2
EK202310150628,156.86666666666667
EK202310166077,149.6
EK202310178835,138.8
EK202310184672,169.13333333333333
EK202310245587,129.73333333333332
EK202310211153,128.6
EK202310148852,142.33333333333334
EK202310237982,136.76666666666668
EK202310212607,135.73333333333332
EK202310188439,148.16666666666666
EK202310244428,147.63333333333333
EK202310187031,133.23333333333332
EK202310114894,151.66666666666666
EK202310140044,149.16666666666666
EK202310223861,142.83333333333334
EK202310184954,132.33333333333334
EK202310229341,142.5
EK202310193100,144.73333333333332
EK202310154175,131.4
EK202310103979,140.53333333333333
EK202310210100,138.26666666666668
EK202310112422,134.16666666666666
EK202310147941,144.66666666666666
EK202310109450,132.4
EK202310227736,135.5
EK202310147053,149.56666666666666
EK202310219645,133.76666666666668
EK202310213369,139.53333333333333
EK202310154826,162.66666666666666
EK202310119234,140.26666666666668
EK202310210678,133.36666666666667
EK202310106182,157.5
EK202310132534,136.3
EK202310220157,140.9
EK202310108493,144.43333333333334
EK202310192669,161.83333333333334
EK202310172385,133.96666666666667
EK202310133787,139.53333333333333
EK202310172222,138.26666666666668
EK202310183649,151.2
EK202310135892,129.36666666666667
EK202310129170,158.53333333333333
EK202310209741,131.33333333333334
EK202310129427,144.4
EK202310192393,151.46666666666667
EK202310245714,139.6
EK202310130517,144.06666666666666
EK202310178411,169.76666666666668
EK202310189618,162.46666666666667
EK202310143288,154.7
EK202310199193,132.96666666666667
EK202310227313,156.3
EK202310213919,161.23333333333332
EK202310244481,131.86666666666667
EK202310120478,140.26666666666668
EK202310107634,138.83333333333334
EK202310157691,133.83333333333334
EK202310215874,141.33333333333334
EK202310246981,133.86666666666667
EK202310153195,166.53333333333333
EK202310242256,157.36666666666667
EK202310123017,125.86666666666666
EK202310205136,147.53333333333333
EK202310170231,157.63333333333333
EK202310168120,133.3
EK202310003727,154.3
EK202310217369,149.76666666666668
EK202320006688,161.83333333333334
EK202310230112,128.76666666666668
EK202310177152,123.06666666666666
EK202310106847,146.73333333333332
EK202310228061,146.56666666666666
EK202310233311,142.23333333333332
EK202310226138,138.36666666666667
EK202310200931,147.1
EK202310219804,145.86666666666667
EK202310141658,150.23333333333332
EK202310207757,135.16666666666666
EK202310147486,155.2
EK202310239005,146.86666666666667
EK202310129712,161.8
EK202310148369,140.46666666666667
EK202310155404,129.36666666666667
EK202310218716,147.73333333333332
EK202310188882,138.73333333333332
EK202310221316,131.23333333333332
EK202310137120,148.16666666666666
EK202310217405,152.23333333333332
EK202310149231,145.86666666666667
EK202310174189,130.1
EK202310138929,137.46666666666667
EK202310123610,136.76666666666668
EK202310200717,139.7
EK202310190751,147.96666666666667
EK202310146784,145.53333333333333
EK202310132879,154.33333333333334
EK202310133709,168.96666666666667
EK202310128722,137.76666666666668
EK202310103790,158.53333333333333
EK202310218931,131.3
EK202310218663,144.6
EK202310247844,163.9
EK202310190812,159.86666666666667
EK202310208756,145.4
EK202310156744,135.93333333333334
EK202310228838,143.3
EK202310136171,138.6
EK202310126151,144.83333333333334
EK202310173890,119.46666666666667
EK202310235680,130.36666666666667
EK202310156616,166.5
EK202310134563,139.83333333333334
EK202310211003,141.2
EK202310185632,143.8
EK202310241758,129.03333333333333
EK202310148534,139.5
EK202310182316,146.76666666666668
EK202310191280,148.83333333333334
EK202310129812,149.66666666666666
EK202310004693,139.6
EK202310172541,166.33333333333334
EK202310201639,139.76666666666668
EK202310204202,143.83333333333334
EK202310129486,149.66666666666666
EK202310203423,160.7
EK202310169919,142.6
EK202310174297,143.43333333333334
EK202310172937,142.86666666666667
EK202310109427,140.1
EK202310131119,156.16666666666666
EK202310151810,147.9
EK202310137213,136.53333333333333
EK202310136572,140.13333333333333
EK202310132184,146.73333333333332
EK202310238825,128.06666666666666
EK202310160725,158.8
EK202310127240,169.53333333333333
EK202310115224,143.83333333333334
EK202310127515,127.13333333333334
EK202310130232,158.63333333333333
EK202310176152,128.76666666666668
EK202310189265,135.56666666666666
EK202310121845,143.4
EK202310248808,132.63333333333333
EK202310216603,137.4
EK202310106462,144.16666666666666
EK202310186070,145.43333333333334
EK202310200271,133.4
EK202310222232,144.5
EK202310224303,145.36666666666667
EK202310108205,145.16666666666666
EK202310213223,153.06666666666666
EK202320007747,144.8
EK202310195798,143.7
EK202310172690,133.0
EK202310139602,144.46666666666667
EK202310124892,141.4
EK202310136630,128.3
EK202310133236,128.86666666666667
EK202310109780,141.33333333333334
EK202310139773,146.93333333333334
EK202310138601,144.46666666666667
EK202310192309,138.83333333333334
EK202310201720,143.43333333333334
EK202310246040,163.63333333333333
EK202320005733,173.86666666666667
EK202310119837,131.8
EK202310235139,145.56666666666666
EK202310129171,139.96666666666667
EK202310204107,142.33333333333334
EK202310206346,157.16666666666666
EK202310126908,138.13333333333333
EK202310201951,133.6
EK202310185504,144.56666666666666
EK202310139015,150.36666666666667
EK202310164756,147.03333333333333
EK202310207001,143.13333333333333
EK202310217541,136.0
EK202310149840,138.3
EK202310218711,140.53333333333333
EK202310133519,133.03333333333333
EK202310168888,154.7
EK202310209126,145.8
EK202310189031,133.16666666666666
EK202310217455,145.86666666666667
EK202310155271,140.4
EK202310215067,147.2
EK202310161595,127.7
EK202310120502,132.5
EK202310241869,161.23333333333332
EK202310103712,153.66666666666666
EK202310150266,170.73333333333332
EK202310119972,136.56666666666666
EK202310179290,139.3
EK202310192440,155.36666666666667
EK202310131793,151.3
EK202310109571,164.13333333333333
EK202310230188,158.36666666666667
EK202310119855,142.93333333333334
EK202310138704,169.6
EK202310118159,133.3
EK202310166249,145.16666666666666
EK202310187053,149.2
EK202310165742,152.06666666666666
EK202310183750,138.7
EK202310205405,139.26666666666668
EK202310131038,155.13333333333333
EK202310207627,151.4
EK202310220460,144.33333333333334
EK202310239483,144.06666666666666
EK202310141073,156.26666666666668
EK202310217239,132.63333333333333
EK202310146989,156.16666666666666
EK202310160800,130.8
EK202310190813,161.46666666666667
EK202320006164,160.66666666666666
EK202310143973,151.0
EK202310111799,145.8
EK202310208269,139.6
EK202310159828,162.96666666666667
EK202310113945,142.5
EK202310168361,145.46666666666667
EK202310176103,146.86666666666667
EK202310136310,135.43333333333334
EK202310200326,149.43333333333334
EK202310179044,144.16666666666666
EK202310197944,143.23333333333332
EK202310183295,170.66666666666666
EK202310240215,155.23333333333332
EK202310225695,133.56666666666666
EK202310138029,129.36666666666667
EK202310208987,144.13333333333333
EK202310156602,168.9
EK202310239059,149.73333333333332
EK202310185901,146.03333333333333
EK202310200662,135.5
EK202310109920,119.7
EK202310188247,132.13333333333333
EK202310183201,149.73333333333332
EK202310104073,154.8
EK202310183040,137.36666666666667
EK202310200329,143.1
EK202310108982,158.3
EK202310214848,152.56666666666666
EK202310194212,142.7
EK202310155460,160.03333333333333
EK202310179825,140.4
EK202310183614,149.4
EK202310233580,142.3
EK202310223060,133.06666666666666
EK202310110018,134.5
EK202310219086,146.06666666666666
EK202310210708,130.43333333333334
EK202310206894,142.83333333333334
EK202310176692,132.76666666666668
EK202310211237,137.4
EK202310216145,137.1
EK202310174790,160.53333333333333
EK202310130432,139.6
EK202310176912,140.5
EK202310239861,144.86666666666667
EK202310201821,140.9
EK202310194140,151.2
EK202310201014,144.9
EK202310211210,151.13333333333333
EK202310210215,143.9
EK202310109048,130.33333333333334
EK202310115364,147.96666666666667
EK202310125998,143.36666666666667
EK202310113308,127.7
EK202310166014,140.5
EK202310240961,127.1
EK202310192526,149.8
EK202310118614,135.43333333333334
EK202310208485,137.03333333333333
EK202310113185,142.76666666666668
EK202310123009,142.2
EK202310131866,147.83333333333334
EK202310246596,139.93333333333334
EK202310144786,130.83333333333334
EK202310188069,162.36666666666667
EK202310161238,154.0
EK202310108065,138.73333333333332
EK202310176554,149.53333333333333
EK202310172801,150.7
EK202310231997,152.06666666666666
EK202310150544,144.7
EK202310242116,135.03333333333333
EK202310228121,132.06666666666666
EK202310163938,147.06666666666666
EK202310208770,154.03333333333333
EK202310162906,134.4
EK202310171122,131.83333333333334
EK202310136574,131.26666666666668
EK202310168247,150.33333333333334
EK202310116653,145.46666666666667
EK202310225365,148.56666666666666
EK202310154568,136.06666666666666
EK202310144616,136.4
EK202310123329,139.96666666666667
EK202310184908,146.33333333333334
EK202310176975,153.96666666666667
EK202310244230,145.93333333333334
EK202310139801,170.7
EK202310140231,137.6
EK202310163109,136.16666666666666
EK202310133245,129.7
EK202310003719,133.43333333333334
EK202310128658,137.9
EK202310196514,142.2
EK202310136745,131.26666666666668
EK202310135739,131.56666666666666
EK202310167219,150.36666666666667
EK202310188340,141.7
EK202310233341,150.46666666666667
EK202310207484,141.3
EK202310145893,148.86666666666667
EK202310137850,138.16666666666666
EK202310228098,142.53333333333333
EK202310123631,153.03333333333333
EK202310233006,130.7
EK202310236781,140.66666666666666
EK202310184351,145.4
EK202310197215,149.83333333333334
EK202310134606,136.63333333333333
EK202310124613,151.63333333333333
EK202310176760,133.53333333333333
EK202310181242,150.4
EK202310146018,133.26666666666668
EK202310118057,138.73333333333332
EK202310241929,140.56666666666666
EK202310134625,167.53333333333333
EK202310226675,145.63333333333333
EK202310200650,145.56666666666666
EK202310202459,137.16666666666666
EK202310165871,137.6
EK202310190177,140.53333333333333
EK202310221650,141.13333333333333
EK202310195755,137.4
EK202310128800,145.23333333333332
EK202310103775,145.03333333333333
EK202310117228,148.03333333333333
EK202310151800,143.5
EK202310210424,140.86666666666667
EK202310208507,138.5
EK202310003803,138.53333333333333
EK202310171322,156.96666666666667
EK202310168526,157.73333333333332
EK202310197721,154.23333333333332
EK202310238027,141.23333333333332
EK202310172276,140.53333333333333
EK202310124247,131.8
EK202310158194,165.2
EK202310167282,144.63333333333333
EK202310173439,140.56666666666666
EK202310125677,149.26666666666668
EK202310210177,133.73333333333332
EK202310238899,142.36666666666667
EK202310113985,146.53333333333333
EK202310209990,156.86666666666667
EK202310228124,139.0
EK202310104190,126.0
EK202310201389,133.7
EK202310123163,145.6
EK202310191131,161.23333333333332
EK202310203502,148.2
EK202310123878,138.83333333333334
EK202310247275,137.56666666666666
EK202310227023,128.56666666666666
EK202310175135,132.16666666666666
EK202310226835,150.9
EK202310109034,152.46666666666667
EK202310186583,154.03333333333333
EK202310107744,143.33333333333334
EK202310220042,138.36666666666667
EK202310202298,143.0
EK202310189344,162.16666666666666
EK202310148801,141.93333333333334
EK202310172716,141.43333333333334
EK202310179116,142.76666666666668
EK202310174016,137.13333333333333
EK202310108847,138.1
EK202310232003,139.73333333333332
EK202310126703,138.2
EK202310106477,131.3
EK202310123106,136.66666666666666
EK202310169334,166.26666666666668
EK202310231339,135.26666666666668
EK202310175772,142.26666666666668
EK202310196241,162.83333333333334
EK202310143871,152.26666666666668
EK202310142265,139.36666666666667
EK202310163563,135.13333333333333
EK202310244604,131.8
EK202310247610,144.26666666666668
EK202310116133,124.56666666666666
EK202310144893,127.83333333333333
EK202310138511,165.26666666666668
EK202310178199,152.7
EK202310238970,167.93333333333334
EK202310137277,164.7
EK202310195419,153.33333333333334
EK202310234603,138.33333333333334
EK202310137485,132.23333333333332
EK202310221268,127.6
EK202310166447,149.16666666666666
EK202310163342,135.03333333333333
EK202310160258,150.16666666666666
EK202320007173,153.86666666666667
EK202310166608,143.16666666666666
EK202310190777,141.16666666666666
EK202310228415,141.1
EK202310160470,145.53333333333333
EK202310199928,142.36666666666667
EK202310139397,131.06666666666666
EK202310103828,137.93333333333334
EK202310198546,160.93333333333334
EK202310168601,142.5
EK202310199500,139.66666666666666
EK202310130735,123.46666666666667
EK202310203344,146.4
EK202310149177,134.33333333333334
EK202320006908,157.53333333333333
EK202310182119,138.76666666666668
EK202310108526,144.26666666666668
EK202310123316,135.36666666666667
EK202310175509,148.4
EK202310115166,149.03333333333333
EK202310169504,143.36666666666667
EK202310191512,140.1
EK202310111425,142.33333333333334
EK202310192823,158.06666666666666
EK202310159703,144.56666666666666
EK202310110465,137.5
EK202310217003,145.9
EK202310187166,142.86666666666667
EK202310225739,141.76666666666668
EK202310125501,136.13333333333333
EK202310118486,129.3
EK202310221279,140.03333333333333
EK202310194956,142.73333333333332
EK202310178722,126.2
EK202310182533,142.83333333333334
EK202310138053,143.93333333333334
EK202310231131,132.36666666666667
EK202310212157,143.53333333333333
EK202310125603,135.13333333333333
EK202310136248,148.66666666666666
EK202310115244,133.03333333333333
EK202310132254,129.93333333333334
EK202310178792,166.46666666666667
EK202310191023,146.6
EK202310162415,135.2
EK202310125102,131.63333333333333
EK202310208134,139.26666666666668
EK202310105586,134.4
EK202310213166,134.53333333333333
EK202310247801,142.5
EK202310247262,135.46666666666667
EK202310126467,140.6
EK202310176266,141.1
EK202310109933,155.26666666666668
EK202310161495,154.5
EK202310205248,138.63333333333333
EK202310224138,136.46666666666667
EK202310212586,137.73333333333332
EK202310131904,138.33333333333334
EK202310120534,135.2
EK202310109184,152.56666666666666
EK202310198723,169.53333333333333
EK202310190770,163.2
EK202310114461,139.5
EK202310223578,141.4
EK202310133222,147.56666666666666
EK202310136866,143.96666666666667
EK202310176700,151.46666666666667
EK202310126084,138.3
EK202310196727,158.73333333333332
EK202310225009,127.13333333333334
EK202310207005,152.23333333333332
EK202310222794,143.03333333333333
EK202310171893,151.2
EK202310172296,130.0
EK202310139698,172.13333333333333
EK202310128914,137.46666666666667
EK202310235545,136.33333333333334
EK202310109242,137.36666666666667
EK202310177486,144.43333333333334
EK202310199539,136.53333333333333
EK202310188301,141.23333333333332
EK202310201859,156.4
EK202310170159,142.1
EK202310148167,143.7
EK202310155933,156.8
EK202310149269,154.03333333333333
EK202310188885,138.1
EK202310109274,136.3
EK202310162745,156.8
EK202310146260,144.63333333333333
EK202310168090,129.86666666666667
EK202310219761,124.73333333333333
EK202310230205,129.66666666666666
EK202310114523,133.73333333333332
EK202310201162,164.1
EK202310188350,148.96666666666667
EK202310178664,133.53333333333333
EK202310125253,142.3
EK202310194315,137.86666666666667
EK202310178855,144.83333333333334
EK202310114913,140.9
EK202310209479,151.5
EK202310207800,167.83333333333334
EK202310205487,133.7
EK202310168431,152.0
EK202310235593,142.8
EK202310235602,147.36666666666667
EK202320007124,175.16666666666666
EK202310207771,132.83333333333334
EK202310228788,144.03333333333333
EK202310227982,143.93333333333334
EK202310194813,152.46666666666667
EK202310241087,142.33333333333334
EK202310148405,142.93333333333334
EK202310140778,150.1
EK202310198551,134.8
EK202310120216,139.16666666666666
EK202310154323,144.4
EK202310158123,164.26666666666668
EK202310215528,152.96666666666667
EK202310237307,146.93333333333334
EK202310144499,160.93333333333334
EK202310200349,157.2
EK202310199428,161.7
EK202310205917,149.83333333333334
EK202310123848,134.66666666666666
EK202310171335,159.83333333333334
EK202310113026,143.73333333333332
EK202310227460,135.1
EK202310218273,154.83333333333334
EK202310211553,140.33333333333334
EK202310196786,147.86666666666667
EK202310237300,147.06666666666666
EK202310125146,133.63333333333333
EK202310118100,138.4
EK202310186326,139.83333333333334
EK202310128919,131.93333333333334
EK202310198759,136.46666666666667
EK202310236246,136.13333333333333
EK202310149187,155.86666666666667
EK202310182726,153.1
EK202310152601,139.8
EK202310220436,141.23333333333332
EK202310193514,158.6
EK202310246478,137.36666666666667
EK202310243128,151.93333333333334
EK202310127415,142.3
EK202310213162,147.43333333333334
EK202310137235,133.4
EK202310178654,147.26666666666668
EK202310118153,147.03333333333333
EK202310004571,136.06666666666666
EK202310151403,175.83333333333334
EK202310245278,149.7
EK202310143897,143.66666666666666
EK202310218277,134.93333333333334
EK202310162879,147.6
EK202310136599,147.73333333333332
EK202320006442,166.8
EK202320007344,152.56666666666666
EK202310189969,158.7
EK202310166949,171.26666666666668
EK202310114939,130.26666666666668
EK202310226036,140.3
EK202310166986,142.7
EK202310217723,135.46666666666667
EK202310137499,156.36666666666667
EK202310132371,140.93333333333334
EK202310197508,145.93333333333334
EK202320006448,160.56666666666666
EK202310217287,143.56666666666666
EK202310210663,129.93333333333334
EK202310104277,148.53333333333333
EK202310200683,153.4
EK202310225623,147.53333333333333
EK202310207191,150.13333333333333
EK202310129539,137.1
EK202310128514,156.43333333333334
EK202310140966,130.2
EK202310129386,147.76666666666668
EK202310179691,136.7
EK202310188920,138.16666666666666
EK202310247484,137.5
EK202310193673,147.0
EK202310170091,124.56666666666666
EK202310172920,162.83333333333334
EK202310223477,146.93333333333334
EK202310171073,157.1
EK202310194158,142.86666666666667
EK202310207919,167.7
EK202310120306,138.23333333333332
EK202310207223,149.46666666666667
EK202310244280,134.86666666666667
EK202310106527,140.0
EK202310142859,156.43333333333334
EK202310168389,146.96666666666667
EK202310143594,133.86666666666667
EK202310167480,148.1
EK202310156995,134.7
EK202310119214,138.86666666666667
EK202310148853,140.1
EK202310217497,135.73333333333332
EK202310120366,148.46666666666667
EK202310217526,161.76666666666668
EK202310195002,145.0
EK202310169241,150.0
EK202310159114,150.6
EK202310192176,134.8
EK202310159110,141.1
EK202310158664,132.06666666666666
EK202310192338,134.9
EK202310230524,132.86666666666667
EK202310210362,172.4
EK202310212895,157.56666666666666
EK202310193440,143.43333333333334
EK202320007869,144.03333333333333
EK202310167916,136.36666666666667
EK202310206630,145.7
EK202310157459,145.6
EK202310216902,148.06666666666666
EK202310198965,154.16666666666666
EK202310201874,150.43333333333334
EK202310117999,132.63333333333333
EK202310204212,161.7
EK202310183852,143.73333333333332
EK202310219321,139.03333333333333
EK202310235218,137.2
EK202310106655,133.7
EK202310109169,160.06666666666666
EK202310229525,132.26666666666668
EK202310234441,141.66666666666666
EK202310119016,145.06666666666666
EK202310003723,131.76666666666668
EK202310177973,136.3
EK202310143560,160.83333333333334
EK202310245405,153.66666666666666
EK202310123670,128.76666666666668
EK202310125143,153.63333333333333
EK202310162721,136.3
EK202310121368,148.2
EK202310207810,169.23333333333332
EK202310110877,136.4
EK202310207642,144.76666666666668
EK202310236676,130.33333333333334
EK202310178731,156.4
EK202310166361,149.46666666666667
EK202310221798,150.7
EK202310177403,157.7
EK202310134022,138.36666666666667
EK202310167333,144.53333333333333
EK202310166210,133.3
EK202310110220,128.36666666666667
EK202310145795,141.26666666666668
EK202310164123,152.23333333333332
EK202310196621,155.26666666666668
EK202310120415,143.4
EK202310148912,139.96666666666667
EK202310179102,125.1
EK202310196322,134.2
EK202310157568,154.26666666666668
EK202310146998,138.7
EK202310223698,144.4
EK202310234532,146.96666666666667
EK202310138792,155.3
EK202310246869,128.16666666666666
EK202310126504,132.36666666666667
EK202310113606,143.03333333333333
EK202310131578,134.23333333333332
EK202310156389,139.43333333333334
EK202310138943,145.53333333333333
EK202310105288,152.56666666666666
EK202310188558,159.9
EK202310234995,146.3
EK202310181950,164.46666666666667
EK202310157098,155.4
EK202310132543,138.03333333333333
EK202310174319,137.9
EK202310225811,148.76666666666668
EK202310157066,154.1
EK202310205138,148.1
EK202320007203,154.46666666666667
EK202310227039,141.1
EK202310106033,130.23333333333332
EK202310146183,159.06666666666666
EK202310226180,133.93333333333334
EK202310162385,150.2
EK202310235946,134.26666666666668
EK202310182408,153.73333333333332
EK202310155735,143.9
EK202310190520,151.3
EK202310146058,142.93333333333334
EK202310202633,140.43333333333334
EK202310196099,145.66666666666666
EK202310129632,135.66666666666666
EK202310138166,120.1
EK202310148720,148.66666666666666
EK202310145781,142.63333333333333
EK202310140364,131.13333333333333
EK202310152526,125.23333333333333
EK202310109041,122.8
EK202310239518,148.83333333333334
EK202310187894,132.46666666666667
EK202310140674,160.6
EK202310133919,138.03333333333333
EK202310183378,138.5
EK202310232538,136.23333333333332
EK202310203159,145.73333333333332
EK202310114364,136.06666666666666
EK202310165382,143.06666666666666
EK202310212412,130.93333333333334
EK202310106291,132.7
EK202310136964,153.5
EK202310114872,137.43333333333334
EK202310211044,137.56666666666666
EK202310196962,161.53333333333333
EK202310229743,142.43333333333334
EK202310180091,136.66666666666666
EK202310113899,143.06666666666666
EK202310238528,158.16666666666666
EK202310167500,146.53333333333333
EK202310184018,158.2
EK202310194972,141.43333333333334
EK202310120304,138.5
EK202310142049,128.4
EK202310178765,176.3
EK202310182864,138.23333333333332
EK202310192331,139.0
EK202310164774,141.73333333333332
EK202310156817,165.5
EK202310237151,143.63333333333333
EK202310234802,138.16666666666666
EK202310210106,156.23333333333332
EK202310195014,148.16666666666666
EK202310147893,147.43333333333334
EK202310113010,139.46666666666667
EK202310183485,147.93333333333334
EK202310123549,139.9
EK202310215820,134.23333333333332
EK202310174861,146.4
EK202310170243,146.1
EK202310139779,132.2
EK202310226387,141.7
EK202310126951,126.6
EK202310122461,130.7
EK202310137617,147.56666666666666
EK202310232607,131.16666666666666
EK202310188917,163.43333333333334
EK202310230010,131.06666666666666
EK202320007620,146.06666666666666
EK202310179514,128.36666666666667
EK202310200726,128.26666666666668
EK202310145542,142.06666666666666
EK202310140934,146.13333333333333
EK202310141993,139.2
EK202310202052,138.83333333333334
EK202310206128,148.76666666666668
EK202310129191,153.8
EK202310132531,131.9
EK202310145895,146.8
EK202310150717,158.5
EK202310238478,133.5
EK202310215961,150.03333333333333
EK202310140355,156.33333333333334
EK202310107109,136.13333333333333
EK202310245704,138.0
EK202310140078,147.5
EK202310201205,169.86666666666667
EK202310105811,132.66666666666666
EK202310213056,153.4
EK202310218710,140.76666666666668
EK202310212505,143.26666666666668
EK202310222413,131.33333333333334
EK202310172293,128.73333333333332
EK202310109647,135.3
EK202310188891,151.9
EK202310137965,137.93333333333334
EK202310107117,120.16666666666667
EK202310207869,142.6
EK202310169495,161.3
EK202310114538,146.16666666666666
EK202310165920,132.23333333333332
EK202310130807,142.3
EK202310170628,130.86666666666667
EK202310117370,133.6
EK202310239420,141.23333333333332
EK202310108908,137.0
EK202310124380,132.23333333333332
EK202310114384,148.26666666666668
EK202310176015,166.86666666666667
EK202310213032,137.26666666666668
EK202310191795,135.2
EK202310203571,147.3
EK202310138185,132.3
EK202310182667,151.26666666666668
EK202310178540,148.43333333333334
EK202310173419,138.46666666666667
EK202310171759,142.36666666666667
EK202310230057,140.36666666666667
EK202310239289,131.83333333333334
EK202310203690,159.9
EK202310109021,140.93333333333334
EK202310126805,151.23333333333332
EK202310213809,135.76666666666668
EK202310174863,171.56666666666666
EK202310221636,132.83333333333334
EK202310171548,132.3
EK202310194319,148.6
EK202310233853,166.7
EK202310158671,157.4
EK202310230596,135.86666666666667
EK202310221893,130.43333333333334
EK202310227172,144.33333333333334
EK202310231306,137.9
EK202310158074,145.0
EK202310104860,147.86666666666667
EK202310216640,146.1
EK202310200103,141.96666666666667
EK202310141785,135.63333333333333
EK202310145978,126.46666666666667
EK202310004077,172.53333333333333
EK202310133888,144.5
EK202310125723,151.16666666666666
EK202310136090,166.7
EK202310246571,140.66666666666666
EK202310243027,132.7
EK202310109649,149.0
EK202310176461,134.4
EK202310122952,154.8
EK202310243326,144.4
EK202310135058,168.86666666666667
EK202310200094,139.4
EK202310146558,131.66666666666666
EK202310121295,134.16666666666666
EK202310214783,150.1
EK202310172681,136.8
EK202310241971,140.56666666666666
EK202310188843,135.76666666666668
EK202310136447,138.76666666666668
EK202310231662,138.8
EK202310157790,151.53333333333333
EK202310120107,164.1
EK202310225152,158.8
EK202310200264,162.2
EK202310134521,148.86666666666667
EK202310173584,148.3
EK202310196666,144.1
EK202310164106,129.1
EK202310138379,160.8
EK202310228204,139.16666666666666
EK202310125152,149.33333333333334
EK202310216720,137.26666666666668
EK202310228063,140.83333333333334
EK202310169786,144.43333333333334
EK202310176342,144.03333333333333
EK202310163187,150.5
EK202310124025,150.96666666666667
EK202310171872,148.2
EK202310137265,137.23333333333332
EK202310209292,145.53333333333333
EK202310137925,133.36666666666667
EK202310199295,133.56666666666666
EK202310152826,178.83333333333334
EK202310104368,127.93333333333334
EK202310187730,139.96666666666667
EK202310181862,142.63333333333333
EK202310165938,135.9
EK202310183431,149.03333333333333
EK202310236615,138.63333333333333
EK202310189593,132.1
EK202310221069,137.76666666666668
EK202310205373,144.73333333333332
EK202310142031,149.26666666666668
EK202310128716,132.96666666666667
EK202310202961,159.63333333333333
EK202310205295,143.66666666666666
EK202310116568,132.3
EK202310209928,141.0
EK202320005639,150.13333333333333
EK202310133603,173.0
EK202310196192,173.03333333333333
EK202310133688,152.7
EK202310107855,152.6
EK202310138935,148.0
EK202310204089,149.5
EK202310219313,139.63333333333333
EK202310189726,134.86666666666667
EK202310152282,149.06666666666666
EK202310180251,132.43333333333334
EK202310165981,152.66666666666666
EK202310137451,132.53333333333333
EK202310126122,145.76666666666668
EK202310243998,134.2
EK202310184231,161.43333333333334
EK202310228417,141.46666666666667
EK202310241091,139.9
EK202310190393,147.8
EK202310211537,139.76666666666668
EK202310147678,129.5
EK202310242270,134.06666666666666
EK202310149069,140.9
EK202310163921,149.13333333333333
EK202310133083,129.96666666666667
EK202310224140,144.5
EK202310152867,140.7
EK202310203736,125.43333333333334
EK202310165596,138.16666666666666
EK202310214453,139.76666666666668
EK202310164740,149.76666666666668
EK202310214137,172.76666666666668
EK202310146679,144.06666666666666
EK202310104097,137.56666666666666
EK202310200834,154.53333333333333
EK202310163017,155.0
EK202310165977,152.46666666666667
EK202310243475,135.56666666666666
EK202310241365,160.7
EK202310244319,149.93333333333334
EK202310120396,133.33333333333334
EK202310241624,143.33333333333334
EK202310198761,185.33333333333334
EK202310150943,140.7
EK202310248679,149.7
EK202310215685,141.3
EK202310104356,135.46666666666667
EK202310206239,132.6
EK202310157180,126.96666666666667
EK202310131514,144.76666666666668
EK202310244801,153.93333333333334
EK202310116569,133.5
EK202310123027,132.23333333333332
EK202310223311,139.3
EK202310174904,142.83333333333334
EK202310133194,155.4
EK202310184130,142.53333333333333
EK202310194455,161.3
EK202310106381,140.93333333333334
EK202310227001,150.83333333333334
EK202310153912,135.63333333333333
EK202310193865,142.2
EK202310232459,140.66666666666666
EK202310198400,133.43333333333334
EK202310182607,143.46666666666667
EK202310225129,134.66666666666666
EK202310197516,140.13333333333333
EK202310131801,171.8
EK202310212554,156.46666666666667
EK202310227543,147.8
EK202310130530,143.03333333333333
EK202310193825,140.4
EK202310211045,142.93333333333334
EK202310129373,148.56666666666666
EK202310147392,135.33333333333334
EK202310187904,151.03333333333333
EK202310208503,142.93333333333334
EK202310110837,155.3
EK202310229225,127.83333333333333
EK202310164336,129.9
EK202310195313,156.63333333333333
EK202320006926,153.46666666666667
EK202310174594,139.66666666666666
EK202310187599,149.13333333333333
EK202310198391,128.1
EK202310224871,131.33333333333334
EK202310128469,139.76666666666668
EK202310108118,139.8
EK202310164855,137.96666666666667
EK202310157619,147.16666666666666
EK202310212148,130.96666666666667
EK202310241888,142.0
EK202310200720,145.63333333333333
EK202310178703,165.96666666666667
EK202310208199,144.3
EK202310200707,142.43333333333334
EK202310222186,143.63333333333333
EK202310235687,154.4
EK202310169723,159.7
EK202310242395,147.06666666666666
EK202310202866,153.26666666666668
EK202310137258,132.46666666666667
EK202310209819,157.06666666666666
EK202310111291,142.83333333333334
EK202310210190,136.4
EK202310181968,142.2
EK202310173847,136.93333333333334
EK202310170341,128.7
EK202310112839,138.2
EK202310207240,148.66666666666666
EK202310122514,127.36666666666666
EK202310190722,133.76666666666668
EK202310186422,133.26666666666668
EK202310154379,166.33333333333334
EK202310245323,146.86666666666667
EK202310122299,137.13333333333333
EK202310125100,141.5
EK202310118253,137.13333333333333
EK202310238969,152.16666666666666
EK202310168188,168.7
EK202310160206,167.63333333333333
EK202310222871,148.3
EK202310209611,154.6
EK202310212974,132.6
EK202310128407,138.0
EK202310222412,133.23333333333332
EK202310200939,133.26666666666668
EK202310003959,130.3
EK202310190302,152.53333333333333
EK202310186405,164.8
EK202310138957,139.7
EK202310105023,130.2
EK202310236632,134.96666666666667
EK202310162662,145.83333333333334
EK202310198218,161.06666666666666
EK202310186500,144.0
EK202310138863,139.76666666666668
EK202310241224,144.36666666666667
EK202310171644,137.9
EK202310239875,140.1
EK202310187156,161.86666666666667
EK202310174507,137.33333333333334
EK202310139245,154.93333333333334
EK202310161355,156.9
EK202310131302,134.46666666666667
EK202310106366,142.3
EK202310180236,162.4
EK202310146739,144.3
EK202310122526,135.83333333333334
EK202310171449,142.5
EK202310158382,153.83333333333334
EK202310003648,142.06666666666666
EK202310203626,129.46666666666667
EK202310105539,134.3
EK202310172856,147.8
EK202310247114,165.53333333333333
EK202310169299,165.73333333333332
EK202310216048,161.43333333333334
EK202320007664,144.66666666666666
EK202310106821,134.46666666666667
EK202310201424,137.46666666666667
EK202310177794,153.4
EK202310225174,141.3
EK202310236955,136.56666666666666
EK202310216158,136.4
EK202310176370,139.83333333333334
EK202310139805,119.36666666666666
EK202310129688,118.86666666666666
EK202310114179,140.83333333333334
EK202310004734,142.4
EK202310153706,161.4
EK202310159985,140.26666666666668
EK202310207436,166.66666666666666
EK202310172357,143.43333333333334
EK202310137540,144.0
EK202310246082,141.36666666666667
EK202310231504,125.36666666666666
EK202310180342,166.96666666666667
EK202310149538,148.7
EK202310236300,145.2
EK202310184866,147.5
EK202310236107,151.6
EK202310177453,144.23333333333332
EK202310171178,137.6
EK202310146756,129.83333333333334
EK202310147896,149.93333333333334
EK202310167599,153.03333333333333
EK202310165277,128.06666666666666
EK202310213182,145.13333333333333
EK202310231983,132.06666666666666
EK202310119961,128.13333333333333
EK202310168921,150.2
EK202310152986,141.7
EK202310222123,137.56666666666666
EK202310165121,138.33333333333334
EK202320006143,149.83333333333334
EK202310136406,135.3
EK202310113171,140.26666666666668
EK202310178750,162.43333333333334
EK202310184720,135.8
EK202310135947,133.03333333333333
EK202310106555,140.1
EK202310147773,142.73333333333332
EK202310166654,134.93333333333334
EK202310231220,142.8
EK202310179554,160.9
EK202310121805,133.36666666666667
EK202310221539,145.1
EK202310109095,140.53333333333333
EK202310228094,147.96666666666667
EK202310128632,127.33333333333333
EK202310168239,149.56666666666666
EK202310229923,137.73333333333332
EK202310182545,152.73333333333332
EK202310111819,137.63333333333333
EK202320007299,170.73333333333332
EK202310113423,146.56666666666666
EK202310141017,147.5
EK202310236316,139.2
EK202310108216,142.9
EK202310192703,147.7
EK202310123050,135.86666666666667
EK202310221659,142.43333333333334
EK202310195354,152.16666666666666
EK202310218205,138.93333333333334
EK202310142204,146.13333333333333
EK202310169069,150.1
EK202310110164,138.53333333333333
EK202310242272,140.2
EK202310171541,165.33333333333334
EK202310164252,161.8
EK202310230378,137.46666666666667
EK202310162807,155.83333333333334
EK202310125970,156.6
EK202310232037,132.66666666666666
EK202310179302,141.3
EK202310113416,140.13333333333333
EK202310120907,136.06666666666666
EK202310131914,137.8
EK202310246477,150.2
EK202310210578,145.9
EK202310224656,136.9
EK202310134643,135.1
EK202310165344,143.06666666666666
EK202310128094,144.06666666666666
EK202310212344,141.23333333333332
EK202310163429,138.26666666666668
EK202310142109,128.26666666666668
EK202310148011,158.53333333333333
EK202310177720,134.53333333333333
EK202310130679,145.46666666666667
EK202310128185,167.03333333333333
EK202310157906,148.23333333333332
EK202310219715,142.13333333333333
EK202310107586,139.1
EK202310236962,138.13333333333333
EK202310133594,164.46666666666667
EK202310124136,135.9
EK202310147276,149.16666666666666
EK202310209860,156.13333333333333
EK202310170014,134.33333333333334
EK202310125838,140.53333333333333
EK202310176810,151.06666666666666
EK202310104451,151.2
EK202310181648,149.16666666666666
EK202310148857,145.73333333333332
EK202310161540,165.56666666666666
EK202310109347,142.0
EK202310143168,139.8
EK202310182799,141.83333333333334
EK202310183847,146.83333333333334
EK202310231882,138.63333333333333
EK202310236483,122.9
EK202320007850,149.03333333333333
EK202310171115,131.73333333333332
EK202310138799,139.33333333333334
EK202310229790,147.96666666666667
EK202310120135,134.63333333333333
EK202310165362,153.4
EK202310160759,135.63333333333333
EK202310128908,145.03333333333333
EK202310126950,139.93333333333334
EK202310210878,142.36666666666667
EK202310144127,135.86666666666667
EK202310103769,136.03333333333333
EK202310224658,152.43333333333334
EK202310158660,139.13333333333333
EK202310115044,135.56666666666666
EK202310225928,125.73333333333333
EK202310131183,151.66666666666666
EK202310191329,137.83333333333334
EK202310247806,146.7
EK202310128359,141.9
EK202310158015,134.66666666666666
EK202310216742,138.36666666666667
EK202310180156,129.43333333333334
EK202310156742,161.93333333333334
EK202310206889,144.9
EK202310141595,141.0
EK202310213331,136.4
EK202310110177,129.06666666666666
EK202310177752,146.53333333333333
EK202310143528,139.9
EK202310121245,141.66666666666666
EK202310121730,135.46666666666667
EK202310166696,163.06666666666666
EK202310139416,131.2
EK202310137350,150.56666666666666
EK202310173056,136.26666666666668
EK202310183242,137.36666666666667
EK202310181856,143.16666666666666
EK202310187043,156.4
EK202310146563,135.06666666666666
EK202310210145,139.4
EK202310149292,151.96666666666667
EK202310219306,148.03333333333333
EK202310180670,148.63333333333333
EK202310154730,145.53333333333333
EK202310220947,136.3
EK202310202735,138.73333333333332
EK202310123527,126.96666666666667
EK202310120644,136.26666666666668
EK202310129017,153.53333333333333
EK202310162431,158.66666666666666
EK202310150024,146.23333333333332
EK202310237610,132.86666666666667
EK202310228863,135.0
EK202310114239,137.86666666666667
EK202310111704,138.33333333333334
EK202310175377,135.13333333333333
EK202310128857,140.26666666666668
EK202310141561,130.9
EK202310133921,143.06666666666666
EK202310143422,138.2
EK202310222897,131.13333333333333
EK202310127138,152.23333333333332
EK202310185976,137.33333333333334
EK202310118702,143.53333333333333
EK202310112998,151.86666666666667
EK202310134460,164.83333333333334
EK202310198419,147.8
EK202310116533,141.7
EK202310152035,148.76666666666668
EK202310186167,142.33333333333334
EK202310174777,138.83333333333334
EK202310241957,141.7
EK202310194759,140.83333333333334
EK202310209627,139.93333333333334
EK202310110386,144.36666666666667
EK202310183168,134.96666666666667
EK202310230042,152.43333333333334
EK202310173070,139.1
EK202310118014,146.86666666666667
EK202310201071,118.0
EK202310151104,122.06666666666666
EK202310150451,149.96666666666667
EK202310185662,168.4
EK202310152420,141.8
EK202310004807,136.13333333333333
EK202310123731,148.53333333333333
EK202320007290,148.63333333333333
EK202310159273,150.76666666666668
EK202310241776,142.23333333333332
EK202310240911,129.86666666666667
EK202310128834,144.46666666666667
EK202310128400,141.63333333333333
EK202310233118,146.93333333333334
EK202310234404,132.83333333333334
EK202310158169,156.3
EK202310168826,140.23333333333332
EK202310223636,150.73333333333332
EK202310228740,157.9
EK202310115835,132.83333333333334
EK202310131407,131.2
EK202310150935,135.9
EK202310225345,152.66666666666666
EK202310146990,155.53333333333333
EK202310227539,142.03333333333333
EK202310145038,132.93333333333334
EK202310134905,141.9
EK202310176247,143.33333333333334
EK202310238587,151.16666666666666
EK202310208338,137.36666666666667
EK202310202600,150.3
EK202310244941,140.3
EK202310121341,161.43333333333334
EK202310142598,168.36666666666667
EK202310198678,143.53333333333333
EK202310243034,136.96666666666667
EK202310188200,148.0
EK202310248513,119.56666666666666
EK202310247587,136.56666666666666
EK202310175167,146.8
EK202310248135,137.53333333333333
EK202310116341,136.73333333333332
EK202310187249,152.33333333333334
EK202310117946,138.76666666666668
EK202310120013,142.26666666666668
EK202310168464,140.03333333333333
EK202310188127,141.43333333333334
EK202310234954,139.0
EK202310240694,148.1
EK202310156774,141.83333333333334
EK202310242931,144.0
EK202310120909,140.2
EK202310213600,137.7
EK202310185790,146.03333333333333
EK202310189010,135.83333333333334
EK202310198849,129.5
EK202310110578,138.93333333333334
EK202310197754,139.96666666666667
EK202310224146,135.6
EK202310174258,142.73333333333332
EK202310190295,140.23333333333332
EK202310215366,141.66666666666666
EK202310236141,135.0
EK202310235081,140.6
EK202310113404,139.6
EK202310147836,164.1
EK202310119847,143.3
EK202320006154,151.26666666666668
EK202310181606,138.0
EK202310108458,146.7
EK202310191692,158.26666666666668
EK202310137028,143.23333333333332
EK202310186568,148.73333333333332
EK202310193659,152.83333333333334
EK202310201443,140.73333333333332
EK202310171284,148.66666666666666
EK202310162022,144.43333333333334
EK202310124310,136.13333333333333
EK202310150577,149.46666666666667
EK202310180293,163.03333333333333
EK202310233601,142.23333333333332
EK202310218244,142.46666666666667
EK202310147274,145.36666666666667
EK202310144827,152.5
EK202310188705,135.73333333333332
EK202310171879,141.0
EK202310004380,153.83333333333334
EK202310124117,142.46666666666667
EK202310139515,152.46666666666667
EK202310223076,144.46666666666667
EK202310189237,141.53333333333333
EK202310158900,163.93333333333334
EK202310172965,136.36666666666667
EK202310133331,147.1
EK202310139550,137.0
EK202310182260,136.3
EK202310240459,140.9
EK202310129723,160.46666666666667
EK202310140428,135.93333333333334
EK202310116169,128.43333333333334
EK202310121335,134.93333333333334
EK202310154424,138.33333333333334
EK202310171495,153.53333333333333
EK202310230777,131.46666666666667
EK202310207460,138.4
EK202310194955,135.43333333333334
EK202310233382,135.73333333333332
EK202310126476,141.73333333333332
EK202310112541,137.43333333333334
EK202310211941,153.9
EK202310160649,136.86666666666667
EK202310147152,148.1
EK202310226978,141.93333333333334
EK202310156779,148.6
EK202310160400,154.53333333333333
EK202310113592,133.0
EK202310173652,149.26666666666668
EK202310159519,139.76666666666668
EK202310124262,131.2
EK202310205506,130.23333333333332
EK202310219097,143.16666666666666
EK202310226057,129.5
EK202310153736,130.13333333333333
EK202310180775,134.56666666666666
EK202310169348,151.73333333333332
EK202310131502,142.0
EK202310121729,122.0
EK202310159565,153.26666666666668
EK202310204448,130.03333333333333
EK202310153462,138.56666666666666
EK202310144316,147.56666666666666
EK202310135075,169.93333333333334
EK202310221375,142.96666666666667
EK202310163745,160.56666666666666
EK202310128307,154.5
EK202310117545,163.26666666666668
EK202310135049,172.56666666666666
EK202310168241,159.0
EK202310212910,142.13333333333333
EK202310201819,147.13333333333333
EK202310159317,149.2
EK202310205644,140.9
EK202310154083,137.13333333333333
EK202310229522,138.26666666666668
EK202310110884,149.93333333333334
EK202310157913,134.7
EK202310178487,165.63333333333333
EK202310159316,149.3
EK202310109379,133.56666666666666
EK202310188031,137.6
EK202310198040,163.76666666666668
EK202310175083,156.63333333333333
EK202310155364,141.03333333333333
EK202310204163,151.23333333333332
EK202310199502,141.3
EK202310204489,152.6
EK202310179081,135.2
EK202310233796,124.53333333333333
EK202310166659,154.76666666666668
EK202310160108,144.53333333333333
EK202310189609,152.03333333333333
EK202310104591,142.1
EK202310241388,133.93333333333334
EK202310141772,143.93333333333334
EK202310193970,137.1
EK202310115247,135.8
EK202310205518,134.86666666666667
EK202310169284,141.56666666666666
EK202310148744,159.6
EK202310190361,132.36666666666667
EK202310174521,171.26666666666668
EK202320005722,168.16666666666666
EK202310223637,145.26666666666668
EK202310206779,149.63333333333333
EK202310205588,147.5
EK202310173304,139.03333333333333
EK202310168176,150.03333333333333
EK202310213786,144.66666666666666
EK202310193979,156.2
EK202310126924,126.83333333333333
EK202310130529,138.9
EK202310119471,142.9
EK202310196749,143.9
EK202310113250,157.06666666666666
EK202310155906,134.2
EK202310105766,123.93333333333334
EK202310201584,152.86666666666667
EK202310106175,136.26666666666668
EK202310178826,156.56666666666666
EK202310184322,135.36666666666667
EK202310106188,135.06666666666666
EK202310124482,127.26666666666667
EK202310186934,139.56666666666666
EK202310190559,147.7
EK202310247940,130.7
EK202310161261,158.53333333333333
EK202310167492,135.33333333333334
EK202310117822,129.13333333333333
EK202310185255,139.4
EK202310209656,136.63333333333333
EK202310161945,156.46666666666667
EK202310214665,152.66666666666666
EK202310146073,144.4
EK202310160721,159.4
EK202310245095,147.03333333333333
EK202310239697,131.7
EK202310196401,152.9
EK202310245200,138.56666666666666
EK202310151874,157.46666666666667
EK202310127590,157.73333333333332
EK202310172784,130.7
EK202310217741,134.43333333333334
EK202310118696,149.16666666666666
EK202310175680,153.96666666666667
EK202310248407,135.63333333333333
EK202310116779,134.66666666666666
EK202310230914,138.9
EK202310121682,134.76666666666668
EK202310124137,129.56666666666666
EK202310138758,133.73333333333332
EK202310115217,147.56666666666666
EK202310165227,135.13333333333333
EK202310198606,134.16666666666666
EK202310139887,135.2
EK202310235696,137.73333333333332
EK202310140862,136.5
EK202310245296,151.2
EK202310178643,153.4
EK202310109769,126.3
EK202310168383,132.56666666666666
EK202310173293,146.73333333333332
EK202310199278,155.83333333333334
EK202310188364,170.03333333333333
EK202310226539,133.23333333333332
EK202310104626,153.23333333333332
EK202310113611,136.8
EK202310155381,128.66666666666666
EK202310207381,154.06666666666666
EK202310232919,136.7
EK202310239683,138.43333333333334
EK202310131225,137.0
EK202310173001,139.06666666666666
EK202310194749,139.3
EK202310103766,134.1
EK202310173848,146.96666666666667
EK202310134143,131.56666666666666
EK202310233093,156.26666666666668
EK202310184337,148.13333333333333
EK202310129410,140.76666666666668
EK202310118391,130.0
EK202310222008,143.43333333333334
EK202310172498,133.83333333333334
EK202310187928,134.66666666666666
EK202310159483,132.1
EK202310110871,145.1
EK202310146779,149.3
EK202310155616,132.0
EK202310137460,151.26666666666668
EK202310209877,138.43333333333334
EK202310140666,141.63333333333333
EK202310122918,156.7
EK202310170046,141.23333333333332
EK202310143434,137.66666666666666
EK202310140495,136.2
EK202310174705,168.63333333333333
EK202310228168,147.76666666666668
EK202310127824,124.3
EK202310235975,142.9
EK202310190602,139.53333333333333
EK202310106408,140.56666666666666
EK202310233717,141.43333333333334
EK202310203927,133.43333333333334
EK202310106512,139.76666666666668
EK202310208972,141.1
EK202310156588,171.76666666666668
EK202310242168,149.1
EK202310123091,145.2
EK202310199389,156.93333333333334
EK202310154978,148.46666666666667
EK202310158716,136.3
EK202310159396,158.6
EK202320005678,167.5
EK202310110183,129.8
EK202310225959,143.63333333333333
EK202310225303,139.3
EK202310108877,156.53333333333333
EK202310237629,142.56666666666666
EK202310211593,130.1
EK202310151540,160.76666666666668
EK202310149041,152.26666666666668
EK202310147417,140.46666666666667
EK202310229267,132.76666666666668
EK202310194169,128.46666666666667
EK202310130855,142.3
EK202310218381,145.83333333333334
EK202310131759,134.5
EK202310159130,156.1
EK202310181380,148.23333333333332
EK202310154840,164.26666666666668
EK202310155113,141.7
EK202310190213,129.93333333333334
EK202310125761,161.7
EK202310228436,154.63333333333333
EK202310245583,156.93333333333334
EK202310138440,146.13333333333333
EK202310153292,135.16666666666666
EK202310114994,136.33333333333334
EK202310172366,153.5
EK202310124479,135.16666666666666
EK202310184003,163.83333333333334
EK202310179734,137.96666666666667
EK202310185315,143.2
EK202310247954,155.8
EK202310146620,144.53333333333333
EK202310171244,160.1
EK202310134666,156.16666666666666
EK202310220005,135.5
EK202310156110,137.26666666666668
EK202310207825,169.9
EK202310168883,147.63333333333333
EK202310136483,135.53333333333333
EK202310196952,168.83333333333334
EK202310196373,133.66666666666666
EK202310118816,147.1
EK202310165110,137.36666666666667
EK202310142607,162.2
EK202310168946,141.6
EK202310105295,148.63333333333333
EK202310106334,131.06666666666666
EK202310105612,137.76666666666668
EK202310119938,135.56666666666666
EK202310192361,167.96666666666667
EK202310195020,146.4
EK202310129686,141.03333333333333
EK202320005926,174.46666666666667
EK202310210500,139.46666666666667
EK202310139090,143.96666666666667
EK202310138528,156.5
EK202310201466,135.4
EK202310230750,131.13333333333333
EK202310148719,142.0
EK202310150803,138.16666666666666
EK202310216988,134.33333333333334
EK202310111431,128.36666666666667
EK202310185972,150.56666666666666
EK202310195667,167.13333333333333
EK202310140854,160.8
EK202310210882,147.2
EK202310233837,144.8
EK202320006073,171.5
EK202310196309,162.1
EK202310206916,145.3
EK202310226122,140.73333333333332
EK202320006289,166.4
EK202310226436,135.33333333333334
EK202310169442,157.83333333333334
EK202310241543,141.4
EK202310217591,141.36666666666667
EK202310140276,136.6
EK202320007784,142.63333333333333
EK202310149529,139.13333333333333
EK202320007633,149.9
EK202310119859,153.9
EK202310230599,126.2
EK202310140256,131.86666666666667
EK202310155491,126.03333333333333
EK202310132167,155.9
EK202310224240,171.06666666666666
EK202310110704,134.76666666666668
EK202310140659,135.13333333333333
EK202310209654,145.0
EK202310210751,138.46666666666667
EK202310114252,139.06666666666666
EK202310131050,132.7
EK202310176400,140.8
EK202310225146,136.23333333333332
EK202310218218,142.96666666666667
EK202310199879,142.16666666666666
EK202310233661,139.83333333333334
EK202310225646,134.03333333333333
EK202310141379,137.53333333333333
EK202320006182,146.53333333333333
EK202310173692,136.4
EK202310177607,138.4
EK202310233946,132.56666666666666
EK202310126324,128.76666666666668
EK202310191584,143.86666666666667
EK202310162051,149.7
EK202310217086,135.56666666666666
EK202310175283,147.73333333333332
EK202310161464,170.7
EK202310175429,145.3
EK202310162548,163.5
EK202310124184,132.23333333333332
EK202310175929,151.83333333333334
EK202310162414,140.9
EK202310243129,127.36666666666666
EK202310157428,171.8
EK202310155573,139.53333333333333
EK202310163052,138.63333333333333
EK202310206064,141.06666666666666
EK202310248323,137.3
EK202310168056,169.83333333333334
EK202310128927,143.73333333333332
EK202310139485,154.8
EK202310242735,142.76666666666668
EK202310134082,132.9
EK202310104455,127.0
EK202310159631,158.93333333333334
EK202310212803,144.6
EK202310104486,141.43333333333334
EK202310194508,143.96666666666667
EK202310147608,152.13333333333333
EK202310150343,145.4
EK202310231361,137.26666666666668
EK202310170149,147.53333333333333
EK202320005932,164.33333333333334
EK202310211081,129.86666666666667
EK202310164819,154.9
EK202310182415,142.13333333333333
EK202310129406,149.16666666666666
EK202310186466,128.2
EK202310116340,136.1
EK202310177218,152.7
EK202310207532,140.06666666666666
EK202310222391,134.7
EK202310176449,155.53333333333333
EK202310245955,132.23333333333332
EK202310193130,139.8
EK202310158757,134.46666666666667
EK202310227627,133.9
EK202310136426,132.06666666666666
EK202310130279,167.76666666666668
EK202310140320,139.33333333333334
EK202310208976,138.73333333333332
EK202310140233,144.3
EK202310111236,145.06666666666666
EK202310106947,150.66666666666666
EK202310225392,142.7
EK202310156828,154.16666666666666
EK202310169518,132.26666666666668
EK202310112332,139.8
EK202310157079,166.8
EK202310113908,135.8
EK202310228518,128.1
EK202310162931,137.86666666666667
EK202310209191,129.76666666666668
EK202310170787,137.7
EK202310123235,133.36666666666667
EK202310155678,127.16666666666667
EK202310164712,138.16666666666666
EK202310124306,135.26666666666668
EK202310209118,144.73333333333332
EK202310198258,140.36666666666667
EK202310234831,130.3
EK202310226914,138.43333333333334
EK202310202181,133.96666666666667
EK202310181074,122.43333333333334
EK202310231524,132.6
EK202310159999,137.36666666666667
EK202310214159,157.7
EK202310104655,141.43333333333334
EK202310191665,156.8
EK202310226912,133.0
EK202310229568,142.0
EK202320006366,164.73333333333332
EK202310158803,140.56666666666666
EK202310218310,140.53333333333333
EK202310204232,144.43333333333334
EK202310186641,148.3
EK202310145275,137.93333333333334
EK202310215048,149.33333333333334
EK202310155714,136.36666666666667
EK202310154842,149.36666666666667
EK202310131202,145.0
EK202310166844,143.4
EK202310209974,149.26666666666668
EK202310111411,141.76666666666668
EK202310208383,130.93333333333334
EK202310228239,142.83333333333334
EK202310220185,145.83333333333334
EK202310177863,132.16666666666666
EK202310191386,164.66666666666666
EK202310176540,137.0
EK202310128361,143.56666666666666
EK202310127737,158.16666666666666
EK202310205567,146.4
EK202310110038,139.16666666666666
EK202310135018,169.86666666666667
EK202310152829,170.66666666666666
EK202310106061,133.63333333333333
EK202310234328,157.46666666666667
EK202310179105,166.76666666666668
EK202310106635,140.33333333333334
EK202310133437,114.23333333333333
EK202310163497,147.3
EK202310170389,131.3
EK202310176900,148.36666666666667
EK202310218778,144.86666666666667
EK202310188856,149.43333333333334
EK202310195987,175.4
EK202310139386,153.36666666666667
EK202310220080,144.86666666666667
EK202310132718,137.63333333333333
EK202310184630,171.73333333333332
EK202310175811,128.86666666666667
EK202310109074,131.8
EK202310237543,138.46666666666667
EK202310229949,136.4
EK202310174243,134.66666666666666
EK202310185313,140.63333333333333
EK202310150933,159.43333333333334
EK202310114721,150.23333333333332
EK202310168635,135.73333333333332
EK202310188341,147.46666666666667
EK202310213705,137.46666666666667
EK202310239073,139.0
EK202310163500,133.56666666666666
EK202310208351,137.86666666666667
EK202310106450,136.03333333333333
EK202310115408,123.76666666666667
EK202310223788,137.7
EK202310243905,135.46666666666667
EK202310173232,135.63333333333333
EK202310147240,149.06666666666666
EK202310170514,150.06666666666666
EK202310150951,127.86666666666666
EK202310116493,142.66666666666666
EK202310195983,163.36666666666667
EK202310152131,128.1
EK202310104754,141.5
EK202310205406,138.96666666666667
EK202310160153,147.6
EK202310221221,125.93333333333334
EK202310160257,156.76666666666668
EK202310137708,146.5
EK202310115489,147.83333333333334
EK202310137151,142.56666666666666
EK202310227780,128.96666666666667
EK202310214472,162.23333333333332
EK202310133088,158.93333333333334
EK202310239663,149.26666666666668
EK202310215474,137.43333333333334
EK202310183236,135.7
EK202310214837,134.36666666666667
EK202310187923,135.53333333333333
EK202310197935,150.3
EK202310140273,143.76666666666668
EK202310117788,131.13333333333333
EK202310170592,139.56666666666666
EK202310156315,133.4
EK202310166296,142.33333333333334
EK202310156678,153.03333333333333
EK202310197364,145.16666666666666
EK202310004739,135.9
EK202310133626,140.2
EK202310199623,143.06666666666666
EK202310159296,166.3
EK202310192767,149.4
EK202310148778,144.66666666666666
EK202310156041,144.4
EK202310186950,143.36666666666667
EK202310236558,140.36666666666667
EK202310213585,137.8
EK202310184418,144.56666666666666
EK202310140115,140.46666666666667
EK202310163224,136.13333333333333
EK202310228835,142.26666666666668
EK202310162030,143.3
EK202310168987,129.66666666666666
EK202310221729,153.03333333333333
EK202310181909,136.23333333333332
EK202310149566,157.7
EK202310149852,140.56666666666666
EK202310246189,131.76666666666668
EK202310173822,155.93333333333334
EK202320006684,159.0
EK202310151342,155.1
EK202310004964,142.06666666666666
EK202310167966,138.63333333333333
EK202310184397,131.93333333333334
EK202310200638,140.56666666666666
EK202310181195,145.03333333333333
EK202310149384,140.23333333333332
EK202310192111,150.86666666666667
EK202310119248,152.23333333333332
EK202310150757,141.56666666666666
EK202310105899,130.13333333333333
EK202310109147,147.2
EK202310003890,137.23333333333332
EK202310136861,152.9
EK202310209403,138.9
EK202310143496,123.5
EK202310171668,143.83333333333334
EK202310168536,132.36666666666667
EK202310216195,152.03333333333333
EK202310117347,140.23333333333332
EK202310208923,143.8
EK202310239643,143.3
EK202310206445,134.86666666666667
EK202310104049,143.63333333333333
EK202310228180,140.86666666666667
EK202310116347,143.53333333333333
EK202310205059,143.36666666666667
EK202310248120,130.56666666666666
EK202310171398,154.3
EK202310161887,137.6
EK202310208795,153.3
EK202310211198,140.43333333333334
EK202310175547,147.86666666666667
EK202310168520,153.1
EK202310212595,128.23333333333332
EK202310116251,143.46666666666667
EK202320007851,145.53333333333333
EK202310106764,129.1
EK202310187318,132.43333333333334
EK202310158705,148.26666666666668
EK202310185110,137.93333333333334
EK202310170152,145.16666666666666
EK202310195607,151.03333333333333
EK202310111449,125.26666666666667
EK202310153841,167.23333333333332
EK202310167617,171.26666666666668
EK202310114265,146.36666666666667
EK202310133143,147.73333333333332
EK202310158293,151.1
EK202310181702,147.76666666666668
EK202310212416,134.26666666666668
EK202310231600,135.06666666666666
EK202310230507,131.83333333333334
EK202310223031,136.33333333333334
EK202310180391,134.86666666666667
EK202310177543,154.0
EK202310218831,149.83333333333334
EK202310223265,140.73333333333332
EK202310109405,142.0
EK202310138084,139.73333333333332
EK202310144834,135.36666666666667
EK202310119130,151.16666666666666
EK202310241445,141.23333333333332
EK202310187813,119.43333333333334
EK202310233825,144.16666666666666
EK202310163582,134.0
EK202310152391,134.9
EK202310236241,134.63333333333333
EK202310179557,128.9
EK202310004239,159.46666666666667
EK202310218905,128.13333333333333
EK202310132305,129.76666666666668
EK202310230005,142.5
EK202310210560,141.33333333333334
EK202310216882,145.03333333333333
EK202310176911,143.0
EK202310136229,143.2
EK202310106054,136.23333333333332
EK202310195370,141.56666666666666
EK202310173198,134.2
EK202310173224,150.13333333333333
EK202310192049,158.83333333333334
EK202310119480,140.86666666666667
EK202310173031,141.03333333333333
EK202310141972,158.56666666666666
EK202310146369,146.8
EK202310242801,140.73333333333332
EK202310206809,138.93333333333334
EK202310185734,130.46666666666667
EK202310139207,156.26666666666668
EK202310210887,128.4
EK202310105956,149.23333333333332
EK202310163503,133.56666666666666
EK202310123765,131.5
EK202310232619,148.03333333333333
EK202310205867,141.36666666666667
EK202310158665,154.7
EK202310236631,141.76666666666668
EK202310190792,140.4
EK202310210386,138.86666666666667
EK202310200450,140.46666666666667
EK202310174140,128.9
EK202310138770,140.86666666666667
EK202310237110,122.23333333333333
EK202310164459,145.0
EK202310132579,140.5
EK202310196378,146.76666666666668
EK202310193320,144.76666666666668
EK202310232595,166.43333333333334
EK202310130509,140.0
EK202310109357,154.2
EK202310231395,139.9
EK202310193035,160.93333333333334
EK202310213027,145.66666666666666
EK202310138622,141.5
EK202310193234,142.1
EK202310185497,148.3
EK202310228201,138.76666666666668
EK202310230916,136.16666666666666
EK202310219136,133.43333333333334
EK202310229694,140.9
EK202310242998,145.43333333333334
EK202310118461,143.63333333333333
EK202310147273,147.1
EK202310112383,146.73333333333332
EK202310161078,166.6
EK202310164392,149.76666666666668
EK202310111127,129.66666666666666
EK202310169688,137.1
EK202310111033,144.86666666666667
EK202310118526,132.23333333333332
EK202310190143,151.16666666666666
EK202310232739,139.16666666666666
EK202310199403,146.53333333333333
EK202310168879,148.7
EK202310140593,130.43333333333334
EK202310003734,145.26666666666668
EK202310234646,140.9
EK202310133170,136.8
EK202310181389,132.63333333333333
EK202310173177,147.63333333333333
EK202310164882,134.7
EK202310191760,158.13333333333333
EK202310234933,155.46666666666667
EK202310164012,139.9
EK202310207434,151.06666666666666
EK202310198243,134.13333333333333
EK202310162062,150.4
EK202310124086,148.63333333333333
EK202310159310,141.5
EK202310241058,148.63333333333333
EK202310179083,143.76666666666668
EK202310175051,137.6
EK202310149452,150.63333333333333
EK202310230416,138.36666666666667
EK202310187500,152.66666666666666
EK202310183313,139.4
EK202310237296,146.06666666666666
EK202310214789,142.8
EK202310180222,134.13333333333333
EK202310122939,152.03333333333333
EK202310181965,148.56666666666666
EK202310228380,143.6
EK202310159058,140.16666666666666
EK202310188976,153.33333333333334
EK202310172452,136.4
EK202310215052,150.63333333333333
EK202310247517,152.63333333333333
EK202310156349,135.06666666666666
EK202310242723,135.3
EK202310107972,143.33333333333334
EK202310153284,143.3
EK202310142419,150.53333333333333
EK202310202260,142.13333333333333
EK202310169840,161.3
EK202310229959,140.0
EK202310112101,145.76666666666668
EK202310170405,143.16666666666666
EK202310187604,142.6
EK202310226938,141.33333333333334
EK202310170407,137.4
EK202310188787,142.8
EK202310157751,151.16666666666666
EK202310110049,138.43333333333334
EK202310171605,142.36666666666667
EK202310225647,143.43333333333334
EK202310160034,145.3
EK202310104086,137.53333333333333
EK202310133846,136.13333333333333
EK202310149687,152.3
EK202310237643,142.83333333333334
EK202310240693,141.46666666666667
EK202310209107,148.9
EK202310152954,140.66666666666666
EK202310107042,138.43333333333334
EK202310147766,131.63333333333333
EK202310157864,135.26666666666668
EK202310132609,144.33333333333334
EK202310198224,132.53333333333333
EK202310181372,150.13333333333333
EK202310107536,144.06666666666666
EK202310107339,133.83333333333334
EK202310231880,157.1
EK202310121562,141.23333333333332
EK202310219911,127.16666666666667
EK202310111456,146.23333333333332
EK202310230174,132.4
EK202310123273,142.0
EK202310130394,140.86666666666667
EK202310125858,141.33333333333334
EK202310148270,146.46666666666667
EK202310158632,132.83333333333334
EK202310131026,128.63333333333333
EK202310204177,142.56666666666666
EK202310116255,148.0
EK202310149497,138.26666666666668
EK202310105304,158.3
EK202310188432,125.1
EK202310153241,164.96666666666667
EK202310143739,151.1
EK202310157045,144.26666666666668
EK202310221281,136.26666666666668
EK202310183812,155.96666666666667
EK202310237731,127.26666666666667
EK202310157369,135.26666666666668
EK202310162985,147.36666666666667
EK202310120645,135.16666666666666
EK202310222168,136.63333333333333
EK202310185855,150.73333333333332
EK202310208538,146.06666666666666
EK202310176660,148.86666666666667
EK202310004357,132.36666666666667
EK202310131180,146.66666666666666
EK202310239429,139.2
EK202310143219,147.3
EK202310117261,136.86666666666667
EK202310185385,151.9
EK202320006967,157.03333333333333
EK202310133649,148.26666666666668
EK202310124686,136.03333333333333
EK202310158040,123.03333333333333
EK202310196688,149.7
EK202310191616,137.8
EK202310115678,128.46666666666667
EK202310147246,147.76666666666668
EK202310143506,142.23333333333332
EK202310151678,129.3
EK202310154413,144.6
EK202310140205,137.2
EK202310220100,138.6
EK202310125163,148.06666666666666
EK202310220961,131.4
EK202310230382,130.7
EK202310235095,137.93333333333334
EK202310161057,155.26666666666668
EK202310118114,148.4
EK202310170808,130.8
EK202310134456,141.4
EK202310200301,146.2
EK202310159200,144.26666666666668
EK202310238472,133.53333333333333
EK202310128987,137.06666666666666
EK202310108858,136.36666666666667
EK202310226102,133.9
EK202310113124,133.93333333333334
EK202310225235,138.76666666666668
EK202310179343,140.86666666666667
EK202310178389,153.53333333333333
EK202310119599,130.46666666666667
EK202310244023,135.56666666666666
EK202310156102,142.43333333333334
EK202310130216,160.96666666666667
EK202310234897,135.2
EK202310187102,132.13333333333333
EK202310239290,134.86666666666667
EK202310136586,141.5
EK202310108466,140.46666666666667
EK202310230613,141.96666666666667
EK202310152593,147.1
EK202310196010,164.43333333333334
EK202310226253,132.03333333333333
EK202310203216,150.1
EK202310166883,136.93333333333334
EK202310129487,142.33333333333334
EK202310105043,151.3
EK202310138902,133.5
EK202310202724,143.9
EK202310201811,154.23333333333332
EK202310175242,134.66666666666666
EK202310114269,125.13333333333334
EK202310231260,138.03333333333333
EK202310104135,142.16666666666666
EK202310157818,130.2
EK202310182339,150.93333333333334
EK202310147937,132.26666666666668
EK202310200292,135.5
EK202310230177,135.26666666666668
EK202310162469,132.7
EK202310204330,144.23333333333332
EK202310139204,157.03333333333333
EK202310130100,129.6
EK202310155710,149.6
EK202310233995,139.33333333333334
EK202310184497,142.63333333333333
EK202310164378,146.5
EK202310219862,153.26666666666668
EK202310125493,137.36666666666667
EK202310154947,145.63333333333333
EK202310177743,142.43333333333334
EK202310183365,126.96666666666667
EK202310195017,135.13333333333333
EK202310111369,143.46666666666667
EK202310225082,172.86666666666667
EK202310155429,137.06666666666666
EK202310226852,136.76666666666668
EK202310180504,157.46666666666667
EK202310181743,172.03333333333333
EK202310003997,153.36666666666667
EK202310205645,144.3
EK202310115820,138.73333333333332
EK202310162941,141.46666666666667
EK202310180586,139.03333333333333
EK202310220916,129.86666666666667
EK202310202555,159.46666666666667
EK202310149995,138.93333333333334
EK202310119295,163.93333333333334
EK202310187858,148.13333333333333
EK202310237992,140.86666666666667
EK202310213952,147.56666666666666
EK202310123029,139.66666666666666
EK202310147096,147.66666666666666
EK202310223097,132.53333333333333
EK202310166215,132.66666666666666
EK202310004720,145.93333333333334
EK202310163572,131.23333333333332
EK202310162607,140.03333333333333
EK202310126965,155.86666666666667
EK202310140141,141.93333333333334
EK202310177046,141.66666666666666
EK202310197851,152.66666666666666
EK202310117189,134.03333333333333
EK202310210540,148.03333333333333
EK202310177596,143.46666666666667
EK202310155696,140.43333333333334
EK202310175690,147.03333333333333
EK202310219739,127.93333333333334
EK202310003649,136.53333333333333
EK202310175576,146.76666666666668
EK202310178878,137.66666666666666
EK202310211266,131.53333333333333
EK202310141670,147.43333333333334
EK202310159615,154.2
EK202310234233,146.0
EK202310229461,137.96666666666667
EK202310205036,150.2
EK202310225181,148.36666666666667
EK202310191452,148.4
EK202310146939,141.56666666666666
EK202310182164,154.13333333333333
EK202310170225,148.63333333333333
EK202310194220,141.33333333333334
EK202310197061,159.26666666666668
EK202310173373,140.9
EK202310209119,143.86666666666667
EK202320006628,154.63333333333333
EK202310136886,124.33333333333333
EK202310159668,137.43333333333334
EK202310204891,140.93333333333334
EK202310246209,148.4
EK202310198151,154.23333333333332
EK202310111528,131.13333333333333
EK202310181657,143.43333333333334
EK202310110692,140.3
EK202310187777,164.2
EK202310180038,127.2
EK202310107931,126.36666666666666
EK202310186808,138.5
EK202310229289,147.4
EK202310223469,148.56666666666666
EK202310124329,132.46666666666667
EK202310181534,141.5
EK202310132729,134.46666666666667
EK202310121382,141.96666666666667
EK202320006815,167.8
EK202310199820,149.63333333333333
EK202310148775,146.43333333333334
EK202310160487,129.76666666666668
EK202310225148,170.6
EK202310144291,144.83333333333334
EK202310177549,158.93333333333334
EK202310195485,136.73333333333332
EK202310183864,163.2
EK202310120532,133.86666666666667
EK202310170076,133.86666666666667
EK202310195740,137.96666666666667
EK202310179595,124.4
EK202320007837,148.0
EK202310184046,132.9
EK202310171869,145.96666666666667
EK202310223256,136.1
EK202310233904,135.43333333333334
EK202310247327,163.03333333333333
EK202310127761,141.23333333333332
EK202310131174,129.86666666666667
EK202310112799,134.36666666666667
EK202310121242,141.83333333333334
EK202310220124,139.9
EK202310118386,141.6
EK202310111074,157.06666666666666
EK202310182197,144.63333333333333
EK202310138009,136.0
EK202310205273,162.8
EK202310118039,142.33333333333334
EK202310126134,141.3
EK202310130337,136.93333333333334
EK202310106788,137.7
EK202310167682,147.9
EK202310146264,133.63333333333333
EK202310138461,122.96666666666667
EK202310218689,128.76666666666668
EK202310176319,166.8
EK202310118958,132.96666666666667
EK202310167604,141.2
EK202310205793,131.03333333333333
EK202310104740,136.53333333333333
EK202310166561,139.1
EK202310110675,137.16666666666666
EK202310201775,151.56666666666666
EK202310188302,172.1
EK202310167994,142.53333333333333
EK202310135487,149.36666666666667
EK202310168143,141.76666666666668
EK202310204808,148.3
EK202310151944,157.36666666666667
EK202310224341,147.83333333333334
EK202310111538,175.63333333333333
EK202310122316,132.56666666666666
EK202310178272,155.76666666666668
EK202310174655,145.26666666666668
EK202320006786,178.43333333333334
EK202310170761,156.4
EK202310117836,146.06666666666666
EK202310197808,151.76666666666668
EK202310236038,171.4
EK202310147177,153.06666666666666
EK202310226210,137.36666666666667
EK202310128001,134.8
EK202310150524,156.5
EK202310128526,135.83333333333334
EK202310126204,132.43333333333334
EK202310117271,139.23333333333332
EK202310176809,140.03333333333333
EK202310169896,151.33333333333334
EK202310241503,132.63333333333333
EK202310159411,166.5
EK202310168543,153.03333333333333
EK202310196558,135.23333333333332
EK202310163150,158.33333333333334
EK202310235581,137.26666666666668
EK202310233161,140.36666666666667
EK202310190473,155.63333333333333
EK202310196173,139.83333333333334
EK202310208613,130.66666666666666
EK202310177724,134.6
EK202310175056,140.63333333333333
EK202310111228,143.66666666666666
EK202310234828,137.56666666666666
EK202310121915,142.5
EK202310220373,145.06666666666666
EK202310145989,144.23333333333332
EK202310246664,154.63333333333333
EK202310239676,150.73333333333332
EK202310223963,135.43333333333334
EK202310210083,147.16666666666666
EK202310165601,135.2
EK202310211271,139.46666666666667
EK202310179038,130.83333333333334
EK202310112961,153.6
EK202310141004,142.63333333333333
EK202310150784,162.1
EK202310174865,147.3
EK202310123688,129.2
EK202310190962,157.1
EK202310192255,133.76666666666668
EK202310192265,141.6
EK202310193019,149.83333333333334
EK202310114602,134.96666666666667
EK202310110286,133.33333333333334
EK202310163569,135.83333333333334
EK202310174927,162.36666666666667
EK202310204027,148.93333333333334
EK202310197637,142.5
EK202310190376,139.36666666666667
EK202310146945,131.93333333333334
EK202310149841,139.13333333333333
EK202310170965,161.4
EK202310107183,148.53333333333333
EK202310163517,139.36666666666667
EK202310203286,140.9
EK202310146022,138.53333333333333
EK202310111432,126.66666666666667
EK202310202147,149.9
EK202310139521,171.0
EK202310214439,156.03333333333333
EK202310178903,141.86666666666667
EK202310123729,131.73333333333332
EK202310199058,149.73333333333332
EK202310136770,152.4
EK202310226727,150.43333333333334
EK202310223073,130.3
EK202310200813,145.63333333333333
EK202310123891,136.63333333333333
EK202310122410,137.76666666666668
EK202310213591,139.83333333333334
EK202310247671,167.4
EK202310168753,133.83333333333334
EK202310227492,143.0
EK202310121230,140.53333333333333
EK202310162300,159.4
EK202310138673,145.26666666666668
EK202310177419,144.9
EK202310221047,145.16666666666666
EK202310199069,139.76666666666668
EK202310124433,155.1
EK202310152193,169.86666666666667
EK202310221750,135.0
EK202310111508,140.56666666666666
EK202310225858,142.16666666666666
EK202310244419,169.26666666666668
EK202310139413,150.6
EK202310156930,135.0
EK202310160323,160.96666666666667
EK202310140167,140.23333333333332
EK202310106834,144.63333333333333
EK202310116024,127.0
EK202310221867,128.3
EK202310158833,158.86666666666667
EK202310123702,140.46666666666667
EK202310192686,131.43333333333334
EK202310210956,151.43333333333334
EK202310142282,152.16666666666666
EK202310138282,151.76666666666668
EK202310224531,135.56666666666666
EK202310165971,133.1
EK202310161662,147.9
EK202310109830,139.5
EK202310149086,161.76666666666668
EK202310128457,146.63333333333333
EK202310146894,143.56666666666666
EK202310153536,136.26666666666668
EK202310137317,135.53333333333333
EK202310109096,138.63333333333333
EK202310188535,145.16666666666666
EK202310193279,142.3
EK202310229951,146.33333333333334
EK202310110507,130.83333333333334
EK202310158912,141.83333333333334
EK202310121939,149.76666666666668
EK202310133006,150.3
EK202310123534,135.5
EK202310116590,131.66666666666666
EK202310225727,144.3
EK202310121585,117.0
EK202310204778,140.3
EK202310185473,154.9
EK202310210130,145.83333333333334
EK202310148836,155.33333333333334
EK202310119653,141.93333333333334
EK202310198898,140.3
EK202310248089,149.46666666666667
EK202310139296,147.96666666666667
EK202310179982,174.83333333333334
EK202310237915,134.73333333333332
EK202310158701,137.8
EK202310200383,140.2
EK202310123263,132.03333333333333
EK202310120640,134.26666666666668
EK202310164686,161.53333333333333
EK202310172560,137.86666666666667
EK202310112120,145.16666666666666
EK202310111450,133.6
EK202310127176,172.26666666666668
EK202310155228,140.96666666666667
EK202310122785,172.7
EK202310129726,157.8
EK202310202138,144.3
EK202310174059,132.06666666666666
EK202310241322,148.76666666666668
EK202310240201,148.86666666666667
EK202310152861,171.16666666666666
EK202310190128,154.76666666666668
EK202310142222,154.23333333333332
EK202310239282,146.0
EK202310123815,128.96666666666667
EK202310135342,147.1
EK202310165056,148.53333333333333
EK202310197918,136.4
EK202310152287,147.33333333333334
EK202310118776,153.76666666666668
EK202310204594,143.03333333333333
EK202310207755,136.73333333333332
EK202310202942,139.1
EK202310115468,139.06666666666666
EK202310196078,157.86666666666667
EK202310208592,148.7
EK202310138579,140.96666666666667
EK202310221870,129.96666666666667
EK202310104365,151.06666666666666
EK202310240461,141.66666666666666
EK202310189760,137.3
EK202310190187,144.83333333333334
EK202310221590,144.66666666666666
EK202310195095,142.06666666666666
EK202310209962,137.76666666666668
EK202310236666,130.6
EK202310163532,136.53333333333333
EK202310200231,123.83333333333333
EK202310166801,134.96666666666667
EK202310137829,138.53333333333333
EK202310178645,141.6
EK202310132257,134.2
EK202310116109,132.26666666666668
EK202310170340,140.5
EK202320005685,169.03333333333333
EK202310110254,126.5
EK202310142286,151.83333333333334
EK202310113972,136.46666666666667
EK202310173627,174.53333333333333
EK202310161526,162.3
EK202310199255,146.96666666666667
EK202310127635,140.23333333333332
EK202310230652,142.93333333333334
EK202310162047,149.56666666666666
EK202310187427,140.0
EK202310183777,163.3
EK202310209587,145.03333333333333
EK202310206498,146.76666666666668
EK202310212354,132.7
EK202310124840,133.9
EK202310120474,137.03333333333333
EK202310145470,135.06666666666666
EK202310193235,146.1
EK202310173946,139.16666666666666
EK202310139407,142.06666666666666
EK202310172298,132.6
EK202310172477,166.43333333333334
EK202310136836,131.56666666666666
EK202310153000,151.36666666666667
EK202310227011,145.0
EK202310116524,142.43333333333334
EK202310182080,149.0
EK202310172447,151.83333333333334
EK202310202778,142.86666666666667
EK202310173634,140.46666666666667
EK202310233498,153.33333333333334
EK202310147033,140.63333333333333
EK202310229276,136.96666666666667
EK202310149539,137.83333333333334
EK202310169898,148.63333333333333
EK202310140444,142.5
EK202310148794,142.16666666666666
EK202310168225,147.16666666666666
EK202310122509,133.73333333333332
EK202310200433,155.16666666666666
EK202310147275,148.93333333333334
EK202310173524,144.96666666666667
EK202310172383,141.5
EK202310162443,158.93333333333334
EK202310136680,156.2
EK202310145392,132.26666666666668
EK202310128822,141.56666666666666
EK202310178947,127.76666666666667
EK202310161017,137.16666666666666
EK202310117154,140.13333333333333
EK202310191847,140.73333333333332
EK202310235861,146.53333333333333
EK202310144219,134.3
EK202310163279,151.7
EK202310123158,133.93333333333334
EK202310130523,145.33333333333334
EK202310149646,151.7
EK202310135587,135.03333333333333
EK202310206712,147.36666666666667
EK202310114144,140.6
EK202310143984,134.73333333333332
EK202310247715,146.6
EK202310166729,148.03333333333333
EK202310166588,132.8
EK202310104103,142.8
EK202310180245,163.03333333333333
EK202310147372,153.4
EK202310153045,137.13333333333333
EK202310218342,134.6
EK202310178452,144.03333333333333
EK202310215610,161.9
EK202310125820,139.53333333333333
EK202310145000,137.43333333333334
EK202310123565,138.0
EK202310119232,138.6
EK202310121655,132.16666666666666
EK202310220009,152.33333333333334
EK202310108478,170.9
EK202320006810,170.73333333333332
EK202310164302,131.56666666666666
EK202310127527,139.0
EK202310158421,151.2
EK202310130473,130.06666666666666
EK202310191209,150.2
EK202310151031,125.73333333333333
EK202310242418,136.36666666666667
EK202310117038,153.4
EK202310169468,163.26666666666668
EK202310155518,129.33333333333334
EK202310160439,145.4
EK202310137675,136.73333333333332
EK202310129243,141.76666666666668
EK202310161476,151.76666666666668
EK202310117393,136.6
EK202310183468,147.43333333333334
EK202310136137,139.9
EK202310186954,151.53333333333333
EK202310149506,146.4
EK202310138751,141.16666666666666
EK202310210563,144.83333333333334
EK202310153823,158.8
EK202310109991,139.13333333333333
EK202310163957,172.43333333333334
EK202310213655,141.1
EK202310200962,159.36666666666667
EK202310161409,165.36666666666667
EK202310153656,151.76666666666668
EK202310135461,127.5
EK202310192428,149.4
EK202310125512,137.16666666666666
EK202310217273,154.23333333333332
EK202310154096,151.36666666666667
EK202310230788,133.36666666666667
EK202310178884,128.26666666666668
EK202310172461,145.63333333333333
EK202320007592,141.3
EK202310199895,143.46666666666667
EK202310239443,138.03333333333333
EK202310123294,133.7
EK202310177951,143.03333333333333
EK202310203901,164.56666666666666
EK202310133270,144.66666666666666
EK202310150003,148.2
EK202310173535,144.63333333333333
EK202310177996,139.6
EK202310177998,138.3
EK202310105111,142.76666666666668
EK202310132782,142.26666666666668
EK202310147465,151.9
EK202310189373,136.36666666666667
EK202310212915,144.7
EK202310192950,138.56666666666666
EK202310116860,135.26666666666668
EK202310219235,144.36666666666667
EK202310159602,171.83333333333334
EK202310004247,143.13333333333333
EK202310108971,137.13333333333333
EK202310188852,153.46666666666667
EK202310139403,148.76666666666668
EK202310234630,138.46666666666667
EK202310003419,137.26666666666668
EK202310240718,133.53333333333333
EK202310139149,142.56666666666666
EK202310191432,144.83333333333334
EK202310150654,169.73333333333332
EK202310106818,145.56666666666666
EK202310238168,136.3
EK202310164496,137.43333333333334
EK202310187495,157.5
EK202310103974,155.03333333333333
EK202310109251,143.6
EK202310120857,127.63333333333334
EK202310170330,146.16666666666666
EK202310173297,147.86666666666667
EK202310140255,143.16666666666666
EK202310139229,133.46666666666667
EK202310174339,148.56666666666666
EK202310241642,156.36666666666667
EK202310124888,149.06666666666666
EK202310182131,147.43333333333334
EK202310204239,129.86666666666667
EK202310168111,137.5
EK202310121789,137.36666666666667
EK202310140719,139.76666666666668
EK202310192995,143.73333333333332
EK202310117846,132.06666666666666
EK202310116879,135.3
EK202310146348,138.16666666666666
EK202310161368,172.26666666666668
EK202310176187,153.33333333333334
EK202310003798,135.66666666666666
EK202310147169,151.66666666666666
EK202310130622,140.06666666666666
EK202310246544,162.46666666666667
EK202310153051,153.6
EK202310185995,144.5
EK202310110814,135.8
EK202310151121,137.53333333333333
EK202310219095,130.73333333333332
EK202310110404,129.83333333333334
EK202310144409,138.63333333333333
EK202310187391,141.76666666666668
EK202310149764,141.56666666666666
EK202310201310,155.83333333333334
EK202310236862,138.0
EK202310137394,141.16666666666666
EK202310141967,148.53333333333333
EK202310116050,126.33333333333333
EK202310207103,137.63333333333333
EK202310004907,143.2
EK202310151090,148.83333333333334
EK202310172058,147.26666666666668
EK202310115937,136.93333333333334
EK202310200500,141.3
EK202310197265,173.9
EK202310156808,147.06666666666666
EK202310210778,133.13333333333333
EK202310178848,147.36666666666667
EK202310189222,143.66666666666666
EK202310245286,140.66666666666666
EK202310201625,131.26666666666668
EK202310245649,144.23333333333332
EK202310149643,137.0
EK202310136510,148.73333333333332
EK202310122753,135.5
EK202310246817,143.83333333333334
EK202310210226,132.06666666666666
EK202310172695,144.53333333333333
EK202310170665,150.26666666666668
EK202310142911,143.83333333333334
EK202310169874,140.4
EK202310198233,156.26666666666668
EK202310207245,133.7
EK202310123010,148.63333333333333
EK202310237178,134.06666666666666
EK202310199794,142.6
EK202310150744,141.96666666666667
EK202310230791,143.23333333333332
EK202310219009,130.33333333333334
EK202310156827,160.33333333333334
EK202310128134,144.4
EK202310106985,128.0
EK202310169339,155.96666666666667
EK202310235910,151.66666666666666
EK202310234586,138.2
EK202310225660,130.03333333333333
EK202310004833,136.36666666666667
EK202310197506,143.73333333333332
EK202310165175,152.96666666666667
EK202310133623,161.96666666666667
EK202310188944,135.5
EK202310195388,153.7
EK202310136775,150.53333333333333
EK202310123115,129.7
EK202310236860,143.46666666666667
EK202310144494,139.03333333333333
EK202310229026,140.66666666666666
EK202310135882,135.63333333333333
EK202310212362,138.03333333333333
EK202310159458,137.46666666666667
EK202310208432,141.36666666666667
EK202310157240,122.83333333333333
EK202310209343,157.06666666666666
EK202310214206,144.56666666666666
EK202310178372,149.63333333333333
EK202310243735,138.53333333333333
EK202310148264,139.8
EK202310137796,142.36666666666667
EK202310124924,143.83333333333334
EK202310236432,141.1
EK202310175676,146.0
EK202310235955,139.36666666666667
EK202310198947,131.53333333333333
EK202310134055,148.33333333333334
EK202310174001,146.53333333333333
EK202310115167,155.36666666666667
EK202310127593,148.23333333333332
EK202310158302,156.76666666666668
EK202310212755,145.93333333333334
EK202310240947,132.43333333333334
EK202310149996,139.03333333333333
EK202310150238,124.5
EK202310235315,145.23333333333332
EK202310112303,141.0
EK202310162832,152.1
EK202310168734,130.76666666666668
EK202310144612,128.16666666666666
EK202310141463,134.76666666666668
EK202310186157,132.06666666666666
EK202310196629,169.33333333333334
EK202310177781,132.63333333333333
EK202310214576,168.2
EK202310213457,132.43333333333334
EK202310109319,141.33333333333334
EK202310140409,150.83333333333334
EK202310159595,146.9
EK202310221635,141.43333333333334
EK202310156425,152.0
EK202310151139,130.86666666666667
EK202310122849,140.16666666666666
EK202310149074,160.0
EK202310242259,150.26666666666668
EK202310164229,172.83333333333334
EK202310193843,158.7
EK202310206163,138.76666666666668
EK202310226035,132.26666666666668
EK202310152221,148.8
EK202310105803,145.36666666666667
EK202310226363,140.46666666666667
EK202310154688,151.76666666666668
EK202310176650,129.56666666666666
EK202310145747,133.46666666666667
EK202310211584,124.8
EK202310220442,134.46666666666667
EK202310205364,138.2
EK202310247943,137.16666666666666
EK202310211494,140.93333333333334
EK202310223193,138.83333333333334
EK202310192188,166.16666666666666
EK202310182827,154.0
EK202310232562,160.73333333333332
EK202310133290,121.1
EK202310158696,138.63333333333333
EK202310217289,143.13333333333333
EK202310160255,150.2
EK202310153931,135.83333333333334
EK202310152474,134.7
EK202310202098,148.46666666666667
EK202310222372,146.6
EK202310122551,129.33333333333334
EK202310189977,170.26666666666668
EK202310235124,140.03333333333333
EK202310230811,142.76666666666668
EK202310139101,147.06666666666666
EK202310172491,141.26666666666668
EK202310217910,135.03333333333333
EK202310111343,133.0
EK202310003655,137.16666666666666
EK202310143114,136.2
EK202310199189,130.0
EK202310216615,137.73333333333332
EK202310191841,146.56666666666666
EK202310125751,152.23333333333332
EK202310138803,147.9
EK202310164581,143.0
EK202310208664,152.76666666666668
EK202310110520,139.86666666666667
EK202310121702,144.5
EK202310217544,135.2
EK202310230128,140.86666666666667
EK202310143116,137.7
EK202310240904,127.06666666666666
EK202310119417,155.53333333333333
EK202310140166,137.13333333333333
EK202310173685,140.4
EK202310183555,147.6
EK202310184119,139.36666666666667
EK202310107937,148.73333333333332
EK202310212966,136.8
EK202310161552,158.36666666666667
EK202310176844,140.73333333333332
EK202310106215,131.86666666666667
EK202310114075,135.66666666666666
EK202310130063,137.26666666666668
EK202310205703,137.56666666666666
EK202310197515,134.43333333333334
EK202310211815,133.13333333333333
EK202310201003,140.86666666666667
EK202310230991,133.53333333333333
EK202310117518,146.36666666666667
EK202310197246,153.1
EK202310172663,134.36666666666667
EK202310139483,147.7
EK202310129316,168.3
EK202310152009,155.46666666666667
EK202310202611,135.7
EK202310226354,140.0
EK202310117193,131.2
EK202310118713,141.16666666666666
EK202310172411,171.73333333333332
EK202310219644,137.8
EK202310213531,140.4
EK202310242803,133.36666666666667
EK202310152661,148.6
EK202310152241,138.3
EK202310229787,136.5
EK202310242437,139.63333333333333
EK202310108706,143.4
EK202310185541,157.7
EK202310164254,156.26666666666668
EK202310169434,142.56666666666666
EK202310140161,136.0
EK202310140926,159.1
EK202310144378,135.9
EK202310207675,128.86666666666667
EK202310176041,134.0
EK202310179507,156.5
EK202310217262,136.1
EK202310212384,133.23333333333332
EK202310236809,138.53333333333333
EK202310210937,126.1
EK202310146509,147.06666666666666
EK202310208359,144.7
EK202310196964,143.76666666666668
EK202310121297,141.66666666666666
EK202310125054,135.3
EK202310150801,142.4
EK202310124068,140.33333333333334
EK202310217152,145.2
EK202310213127,141.66666666666666
EK202310138002,134.86666666666667
EK202310137999,134.66666666666666
EK202310120368,146.7
EK202310139442,144.8
EK202310130726,133.73333333333332
EK202310227013,137.7
EK202310120427,144.5
EK202310178312,143.7
EK202310174421,137.63333333333333
EK202310152720,169.1
EK202310244641,136.9
EK202310207759,139.66666666666666
EK202310150664,148.83333333333334
EK202310130175,158.96666666666667
EK202310218396,137.16666666666666
EK202310200848,140.3
EK202310169858,137.96666666666667
EK202310167529,156.2
EK202310105681,146.23333333333332
EK202310120146,131.93333333333334
EK202310119589,143.13333333333333
EK202310116721,130.26666666666668
EK202310167292,136.3
EK202310184949,168.13333333333333
EK202310114495,141.6
EK202310196817,141.06666666666666
EK202310247795,138.83333333333334
EK202310182295,155.23333333333332
EK202310104403,135.43333333333334
EK202310145319,137.96666666666667
EK202310180791,154.03333333333333
EK202320006323,154.63333333333333
EK202310240533,146.46666666666667
EK202310127909,157.5
EK202310127901,146.2
EK202310152050,130.2
EK202310129455,142.56666666666666
EK202310109106,155.93333333333334
EK202310131756,147.43333333333334
EK202310237136,139.8
EK202310120314,141.33333333333334
EK202310148251,153.96666666666667
EK202310138226,141.6
EK202310109018,136.5
EK202310208749,140.13333333333333
EK202310003722,143.86666666666667
EK202310231839,139.23333333333332
EK202310221232,135.23333333333332
EK202310216059,131.23333333333332
EK202310225575,149.13333333333333
EK202310106813,137.1
EK202310165461,145.3
EK202310233667,150.46666666666667
EK202310155049,135.56666666666666
EK202310114377,152.26666666666668
EK202310231905,132.96666666666667
EK202310205554,131.9
EK202310158652,134.13333333333333
EK202310178116,132.36666666666667
EK202310206509,151.7
EK202310203355,156.06666666666666
EK202310242205,155.36666666666667
EK202310133154,128.26666666666668
EK202310227076,147.3
EK202310138977,143.36666666666667
EK202310227762,131.63333333333333
EK202310176853,135.73333333333332
EK202310162306,143.13333333333333
EK202310210652,137.73333333333332
EK202310231471,129.3
EK202310198811,154.7
EK202310194755,144.86666666666667
EK202310213637,142.76666666666668
EK202310216935,160.7
EK202310148553,163.66666666666666
EK202310118079,128.8
EK202320006148,180.03333333333333
EK202310169315,147.66666666666666
EK202310215478,133.2
EK202310193163,147.03333333333333
EK202310166480,147.03333333333333
EK202310121860,144.16666666666666
EK202310229325,138.33333333333334
EK202310178140,144.23333333333332
EK202310217881,142.36666666666667
EK202310172603,143.23333333333332
EK202310172232,137.16666666666666
EK202310215413,148.23333333333332
EK202310200194,163.2
EK202310212870,142.73333333333332
EK202310152587,140.8
EK202310138105,140.66666666666666
EK202310184620,144.3
EK202310120222,133.26666666666668
EK202310181510,143.86666666666667
EK202310209297,142.3
EK202310114316,133.2
EK202310122992,141.3
EK202310169594,136.33333333333334
EK202310130080,134.96666666666667
EK202310133522,136.73333333333332
EK202310248335,142.93333333333334
EK202310146609,137.33333333333334
EK202310125379,138.7
EK202310138254,155.9
EK202310148644,132.7
EK202310142229,134.46666666666667
EK202310179390,156.06666666666666
EK202310122502,132.56666666666666
EK202310132067,134.76666666666668
EK202310139033,148.56666666666666
EK202310174868,151.33333333333334
EK202310135426,151.93333333333334
EK202310159611,135.16666666666666
EK202310201750,141.93333333333334
EK202310182771,153.93333333333334
EK202310168375,134.23333333333332
EK202310238925,135.76666666666668
EK202310220283,130.6
EK202310141586,145.03333333333333
EK202310121160,141.6
EK202310231913,142.13333333333333
EK202310180283,141.3
EK202310131842,162.36666666666667
EK202310188406,141.53333333333333
EK202310154032,151.9
EK202310108823,158.03333333333333
EK202310120117,149.4
EK202310247965,163.56666666666666
EK202310229128,164.43333333333334
EK202310150441,141.96666666666667
EK202310211128,144.76666666666668
EK202310185601,136.93333333333334
EK202310160008,144.6
EK202310229066,142.8
EK202310180392,126.66666666666667
EK202310119754,150.06666666666666
EK202310156284,138.83333333333334
EK202310202853,144.66666666666666
EK202310122376,165.23333333333332
EK202310233034,143.43333333333334
EK202310201718,137.5
EK202310195404,142.7
EK202320006623,162.5
EK202310172346,127.6
EK202310220369,148.86666666666667
EK202310133576,152.1
EK202310203386,167.03333333333333
EK202310125524,134.26666666666668
EK202310183338,136.66666666666666
EK202310199400,164.8
EK202310232929,127.36666666666666
EK202310144777,139.3
EK202310206148,134.53333333333333
EK202310163892,131.23333333333332
EK202310226194,130.13333333333333
EK202310229083,138.8
EK202310242355,150.23333333333332
EK202310153019,133.36666666666667
EK202310133725,156.5
EK202310237397,135.13333333333333
EK202310108761,140.2
EK202310202125,139.26666666666668
EK202310223149,148.23333333333332
EK202310211064,153.0
EK202310206726,160.16666666666666
EK202310239457,136.66666666666666
EK202310131359,135.26666666666668
EK202310225966,163.56666666666666
EK202310162670,136.53333333333333
EK202310112377,150.36666666666667
EK202310161138,126.76666666666667
EK202310143575,132.96666666666667
EK202310140582,132.13333333333333
EK202310106691,145.66666666666666
EK202310106388,132.5
EK202310132651,131.83333333333334
EK202310235986,155.16666666666666
EK202310116284,145.63333333333333
EK202310243775,162.1
EK202310129332,162.43333333333334
EK202310004513,132.8
EK202310148366,129.56666666666666
EK202310127277,146.16666666666666
EK202310197024,146.8
EK202310132043,129.5
EK202310109603,132.0
EK202310119816,143.9
EK202310183299,144.73333333333332
EK202310157782,143.53333333333333
EK202310240073,154.06666666666666
EK202310124263,135.03333333333333
EK202310118878,141.03333333333333
EK202310159933,129.13333333333333
EK202310235851,141.63333333333333
EK202310199705,172.33333333333334
EK202310121857,146.06666666666666
EK202310135337,151.23333333333332
EK202310116218,140.7
EK202310247152,130.96666666666667
EK202310213364,156.93333333333334
EK202310117331,150.16666666666666
EK202310220060,146.13333333333333
EK202310113433,151.96666666666667
EK202310200316,147.6
EK202310204117,149.53333333333333
EK202310142962,139.33333333333334
EK202310149474,149.2
EK202310156319,131.96666666666667
EK202310111297,140.56666666666666
EK202310149401,165.43333333333334
EK202310141738,140.13333333333333
EK202310219293,141.13333333333333
EK202310228805,138.46666666666667
EK202310232975,124.16666666666667
EK202310238431,145.1
EK202310191477,142.66666666666666
EK202310107521,149.66666666666666
EK202310126862,149.23333333333332
EK202310116842,138.16666666666666
EK202310220332,134.56666666666666
EK202310191222,154.46666666666667
EK202310142584,138.96666666666667
EK202310181821,137.66666666666666
EK202310193376,130.56666666666666
EK202310220744,138.53333333333333
EK202310146397,130.93333333333334
EK202310168910,143.3
EK202310230593,139.26666666666668
EK202310228617,132.03333333333333
EK202310155826,137.33333333333334
EK202310211936,138.63333333333333
EK202310210374,146.33333333333334
EK202310143369,137.13333333333333
EK202310226681,141.23333333333332
EK202310222110,147.63333333333333
EK202310237461,144.46666666666667
EK202310004906,142.0
EK202310242700,150.43333333333334
EK202310205947,134.26666666666668
EK202310178378,144.06666666666666
EK202310165711,156.06666666666666
EK202310169499,127.86666666666666
EK202310146580,150.16666666666666
EK202310213522,135.56666666666666
EK202310236119,168.26666666666668
EK202310223991,144.2
EK202310121767,155.2
EK202310188210,145.43333333333334
EK202310160523,131.63333333333333
EK202310109762,144.46666666666667
EK202310171055,142.3
EK202320006726,144.33333333333334
EK202310210705,133.46666666666667
EK202310152215,142.9
EK202310125726,132.23333333333332
EK202310172100,141.96666666666667
EK202310003880,143.8
EK202310128330,141.76666666666668
EK202310112999,136.13333333333333
EK202310201791,154.43333333333334
EK202310124897,142.33333333333334
EK202310218886,149.26666666666668
EK202310166286,148.36666666666667
EK202310214269,146.2
EK202310131160,146.3
EK202310189137,133.96666666666667
EK202310118145,145.4
EK202310182255,141.6
EK202310177007,159.0
EK202310205755,139.0
EK202310135629,139.73333333333332
EK202310232047,141.53333333333333
EK202310171967,147.2
EK202310184827,160.4
EK202310131897,176.83333333333334
EK202310152600,150.23333333333332
EK202310184315,158.36666666666667
EK202310106757,139.53333333333333
EK202310145774,135.63333333333333
EK202310134477,138.53333333333333
EK202310221434,135.03333333333333
EK202310183603,145.66666666666666
EK202310191157,143.83333333333334
EK202310182657,121.53333333333333
EK202310174889,167.33333333333334
EK202310118138,146.36666666666667
EK202310157349,144.3
EK202310143539,135.7
EK202310106752,143.73333333333332
EK202310163158,152.46666666666667
EK202310132302,139.2
EK202310198764,162.1
EK202310237390,140.76666666666668
EK202320006875,169.8
EK202310144420,137.66666666666666
EK202310238324,139.63333333333333
EK202310199756,152.03333333333333
EK202310226741,141.56666666666666
EK202310207205,165.2
EK202310180418,134.26666666666668
EK202310110312,129.43333333333334
EK202310119768,135.76666666666668
EK202310225430,148.1
EK202310217204,141.4
EK202320005824,164.13333333333333
EK202310199269,149.63333333333333
EK202310199501,133.73333333333332
EK202310158676,147.2
EK202310224293,136.26666666666668
EK202310232892,135.5
EK202310225252,168.8
EK202310113567,143.1
EK202310224840,139.03333333333333
EK202310109292,135.1
EK202310226200,137.6
EK202310239680,128.93333333333334
EK202310173548,147.0
EK202310235032,136.36666666666667
EK202310153501,134.03333333333333
EK202310124943,147.8
EK202310164539,134.03333333333333
EK202310230792,124.93333333333334
EK202310218099,139.66666666666666
EK202310229998,143.66666666666666
EK202310157394,148.13333333333333
EK202310226677,131.73333333333332
EK202310165785,134.1
EK202310148800,148.83333333333334
EK202310140528,153.66666666666666
EK202310110007,141.36666666666667
EK202310218212,134.5
EK202310237319,142.46666666666667
EK202310113425,140.0
EK202310193343,135.1
EK202310111647,145.13333333333333
EK202310219959,133.96666666666667
EK202310171010,154.8
EK202310113418,146.56666666666666
EK202310220109,141.2
EK202310231986,137.0
EK202310163423,134.53333333333333
EK202310155174,132.8
EK202310184525,137.8
EK202310229347,155.26666666666668
EK202310142923,155.46666666666667
EK202310210269,137.23333333333332
EK202310196636,140.53333333333333
EK202310158355,137.9
EK202310150025,163.16666666666666
EK202310208520,151.73333333333332
EK202310144006,138.83333333333334
EK202310142308,141.03333333333333
EK202310205760,152.66666666666666
EK202310237299,136.8
EK202310163552,148.33333333333334
EK202310221189,135.56666666666666
EK202310129583,140.16666666666666
EK202320007854,152.63333333333333
EK202310177946,143.73333333333332
EK202310184968,156.16666666666666
EK202310146300,133.76666666666668
EK202310104019,131.23333333333332
EK202310197813,141.2
EK202310175869,136.36666666666667
EK202310179266,139.0
EK202310167362,131.03333333333333
EK202310104210,134.13333333333333
EK202310202549,139.5
EK202310191743,144.7
EK202310166413,144.96666666666667
EK202310203749,139.5
EK202310165306,146.0
EK202310216846,139.13333333333333
EK202310198888,143.63333333333333
EK202310229697,132.16666666666666
EK202310105578,147.03333333333333
EK202310214588,147.03333333333333
EK202310201136,150.36666666666667
EK202310228123,138.2
EK202310110127,136.73333333333332
EK202310247206,153.76666666666668
EK202310121901,141.5
EK202310166880,164.36666666666667
EK202310118097,140.03333333333333
EK202310142606,157.23333333333332
EK202310181131,144.13333333333333
EK202310211240,134.66666666666666
EK202310240803,145.66666666666666
EK202310188331,143.33333333333334
EK202310190398,138.96666666666667
EK202310192965,144.2
EK202310238010,141.76666666666668
EK202310184509,149.9
EK202310156014,131.8
EK202310175583,137.13333333333333
EK202310155000,138.73333333333332
EK202310243443,166.83333333333334
EK202310218044,138.83333333333334
EK202310170653,147.7
EK202310182360,148.8
EK202310170068,131.7
EK202310217301,136.26666666666668
EK202310227388,138.73333333333332
EK202310168221,155.76666666666668
EK202310182297,138.83333333333334
EK202310222399,140.1
EK202310231989,133.56666666666666
EK202310170400,129.26666666666668
EK202310192873,157.23333333333332
EK202310227069,130.16666666666666
EK202310167053,132.4
EK202310127994,138.66666666666666
EK202310158796,145.6
EK202310185789,137.9
EK202310111478,143.93333333333334
EK202310175233,155.86666666666667
EK202310129973,142.06666666666666
EK202310172495,139.23333333333332
EK202310107866,147.53333333333333
EK202310124298,128.53333333333333
EK202310225001,130.96666666666667
EK202310124145,136.43333333333334
EK202310127463,123.36666666666666
EK202310136106,158.8
EK202310105453,134.6
EK202310175015,138.1
EK202310230922,140.56666666666666
EK202310238898,172.56666666666666
EK202310208522,164.73333333333332
EK202310178681,162.4
EK202310141116,146.16666666666666
EK202310004001,163.66666666666666
EK202310191798,136.86666666666667
EK202310201918,148.03333333333333
EK202310108606,148.9
EK202310220064,143.2
EK202310120614,133.53333333333333
EK202310131340,134.06666666666666
EK202310151419,171.1
EK202310221165,144.23333333333332
EK202310192641,145.53333333333333
EK202310191435,150.6
EK202310232224,130.23333333333332
EK202310224387,135.86666666666667
EK202310145906,139.46666666666667
EK202310230764,136.33333333333334
EK202310236583,133.9
EK202310157601,132.0
EK202310166668,151.33333333333334
EK202310244790,140.53333333333333
EK202310127133,139.3
EK202310004413,165.3
EK202310238475,130.93333333333334
EK202310136559,137.16666666666666
EK202310152026,152.03333333333333
EK202310180741,138.46666666666667
EK202310221752,139.06666666666666
EK202310228294,127.5
EK202310231601,146.3
EK202310238106,133.5
EK202310175909,146.46666666666667
EK202310165153,128.9
EK202310105565,131.9
EK202310185347,154.2
EK202310184004,152.1
EK202310183138,141.16666666666666
EK202310113152,148.2
EK202310199569,149.86666666666667
EK202310151037,146.23333333333332
EK202310106219,137.66666666666666
EK202310106185,141.63333333333333
EK202310164530,149.9
EK202310166239,146.96666666666667
EK202310108760,156.8
EK202310108861,142.3
EK202310177413,148.36666666666667
EK202310211129,127.73333333333333
EK202310229184,143.23333333333332
EK202310209428,153.06666666666666
EK202310228583,139.1
EK202310120692,151.03333333333333
EK202310137642,121.6
EK202310245435,132.13333333333333
EK202310159599,142.46666666666667
EK202310148010,148.76666666666668
EK202310129728,168.46666666666667
EK202310114201,140.1
EK202310207474,157.43333333333334
EK202310158602,150.7
EK202310197691,157.63333333333333
EK202310235040,139.9
EK202310129119,144.76666666666668
EK202310142174,148.46666666666667
EK202310191253,141.93333333333334
EK202310241141,139.26666666666668
EK202310144017,138.0
EK202310182852,140.0
EK202310243301,135.93333333333334
EK202310176307,158.1
EK202310209283,142.2
EK202310216003,145.83333333333334
EK202310246200,137.63333333333333
EK202310173196,136.4
EK202310122833,130.8
EK202310118540,139.6
EK202310168622,144.9
EK202310174271,141.76666666666668
EK202310201560,154.23333333333332
EK202310113325,130.0
EK202310172664,133.3
EK202310192162,155.9
EK202310134544,134.1
EK202310222337,158.73333333333332
EK202310199226,139.7
EK202310214101,158.36666666666667
EK202310188611,149.2
EK202310220799,139.26666666666668
EK202310184861,150.93333333333334
EK202310106782,132.9
EK202310232084,137.63333333333333
EK202310178435,147.9
EK202310165952,149.06666666666666
EK202310141382,145.8
EK202310163439,140.8
EK202310205428,135.93333333333334
EK202310178086,129.16666666666666
EK202310004022,167.9
EK202310114303,145.96666666666667
EK202310104436,140.73333333333332
EK202310240015,146.26666666666668
EK202310202741,160.96666666666667
EK202310226747,139.9
EK202310148639,139.66666666666666
EK202310117683,133.2
EK202310232945,130.13333333333333
EK202310220108,149.06666666666666
EK202310172683,138.63333333333333
EK202310104609,129.43333333333334
EK202310182165,133.46666666666667
EK202310112029,140.8
EK202310157969,143.26666666666668
EK202310120703,131.13333333333333
EK202310191410,135.26666666666668
EK202310156166,138.5
EK202310248074,148.63333333333333
EK202310175176,134.46666666666667
EK202310194239,144.33333333333334
EK202310162582,134.76666666666668
EK202310218787,132.83333333333334
EK202310228638,142.46666666666667
EK202310139489,164.66666666666666
EK202310210571,137.36666666666667
EK202310143902,145.9
EK202310198163,139.0
EK202310166041,156.96666666666667
EK202310242789,162.56666666666666
EK202310202040,158.5
EK202310194102,140.83333333333334
EK202310210845,133.4
EK202310193409,147.3
EK202310241561,138.8
EK202310129327,147.2
EK202310145599,169.26666666666668
EK202310155246,149.33333333333334
EK202310204706,135.0
EK202310218784,148.8
EK202310243990,147.36666666666667
EK202310137899,133.13333333333333
EK202310175650,132.9
EK202310234991,136.8
EK202310221501,141.03333333333333
EK202310117760,136.4
EK202310209924,138.4
EK202310158508,138.5
EK202310188607,148.2
EK202310176707,148.16666666666666
EK202310241804,148.56666666666666
EK202310130229,151.66666666666666
EK202310196748,140.53333333333333
EK202310226961,138.63333333333333
EK202310126275,135.63333333333333
EK202310182346,166.06666666666666
EK202310215287,152.03333333333333
EK202310186469,172.4
EK202310147351,138.13333333333333
EK202310227063,143.03333333333333
EK202310239630,139.36666666666667
EK202310202315,147.26666666666668
EK202310151573,138.76666666666668
EK202310229182,138.06666666666666
EK202310197801,140.4
EK202310247336,169.3
EK202310183064,136.6
EK202310200957,149.16666666666666
EK202310112953,135.73333333333332
EK202310185221,136.93333333333334
EK202310176129,157.03333333333333
EK202310171777,132.66666666666666
EK202310186071,144.76666666666668
EK202310206123,132.56666666666666
EK202310217431,151.23333333333332
EK202310171470,122.76666666666667
EK202310246028,145.33333333333334
EK202310145970,141.33333333333334
EK202310234938,130.0
EK202310156116,141.73333333333332
EK202310116714,142.9
EK202310212797,138.93333333333334
EK202310138938,145.73333333333332
EK202310148128,134.1
EK202310175673,136.53333333333333
EK202310238664,135.73333333333332
EK202310190836,134.66666666666666
EK202310196156,142.3
EK202310132459,140.43333333333334
EK202310159062,129.86666666666667
EK202310147832,168.56666666666666
EK202310116029,144.4
EK202310203822,140.33333333333334
EK202310223388,147.66666666666666
EK202310208656,151.36666666666667
EK202310003650,135.73333333333332
EK202310163159,133.56666666666666
EK202310188703,140.86666666666667
EK202310144864,135.76666666666668
EK202310156884,140.63333333333333
EK202310216506,149.5
EK202310220197,137.4
EK202310234667,141.06666666666666
EK202310203255,154.06666666666666
EK202310105960,129.16666666666666
EK202310115804,134.93333333333334
EK202310246112,140.16666666666666
EK202310168025,134.1
EK202310178472,144.06666666666666
EK202310181975,132.53333333333333
EK202310132905,138.8
EK202310113841,121.63333333333334
EK202320007828,173.9
EK202310192867,149.53333333333333
EK202310109054,132.46666666666667
EK202310236216,131.6
EK202310170777,137.36666666666667
EK202310166144,139.56666666666666
EK202310201844,139.7
EK202310123470,147.03333333333333
EK202310224526,133.4
EK202310151158,139.4
EK202310184295,151.23333333333332
EK202310124272,138.23333333333332
EK202310162944,141.36666666666667
EK202310224817,138.7
EK202310172859,149.8
EK202310137191,128.46666666666667
EK202310140281,130.76666666666668
EK202310114907,138.76666666666668
EK202310122165,132.53333333333333
EK202310215454,136.36666666666667
EK202310243142,133.96666666666667
EK202310164187,151.0
EK202310225253,137.56666666666666
EK202310174458,163.4
EK202310176969,144.23333333333332
EK202310219479,130.0
EK202310119494,154.13333333333333
EK202310123405,139.56666666666666
EK202310231534,130.96666666666667
EK202310222489,135.03333333333333
EK202310111149,150.7
EK202310184714,143.73333333333332
EK202310196844,153.43333333333334
EK202310232521,139.56666666666666
EK202310184622,168.1
EK202310118852,144.5
EK202310168516,149.2
EK202310178071,131.7
EK202310149839,138.06666666666666
EK202310184305,153.3
EK202310222961,129.1
EK202310197108,144.26666666666668
EK202310244680,136.7
EK202310164685,156.13333333333333
EK202310153568,152.9
EK202310204533,153.6
EK202310243304,142.96666666666667
EK202310122606,143.23333333333332
EK202310107843,148.53333333333333
EK202310195481,143.0
EK202310195622,136.76666666666668
EK202310185200,135.46666666666667
EK202310127597,147.8
EK202310145627,125.83333333333333
EK202310157400,131.8
EK202310226857,138.73333333333332
EK202310127964,140.8
EK202310179573,139.66666666666666
EK202310212013,137.93333333333334
EK202310226545,141.23333333333332
EK202310166825,144.26666666666668
EK202310163867,158.8
EK202310196745,136.6
EK202310109208,150.63333333333333
EK202310205143,148.33333333333334
EK202310136525,135.4
EK202310159137,143.46666666666667
EK202310238980,141.3
EK202310121185,142.4
EK202310142061,139.73333333333332
EK202310198507,136.56666666666666
EK202310184870,150.03333333333333
EK202310155208,156.16666666666666
EK202310124725,131.0
EK202310103880,145.86666666666667
EK202310246880,140.16666666666666
EK202310190191,131.9
EK202310241383,139.76666666666668
EK202310109761,148.03333333333333
EK202310218045,148.6
EK202310208985,137.23333333333332
EK202310126092,134.6
EK202310247678,151.33333333333334
EK202310137747,140.2
EK202310201825,145.26666666666668
EK202310130845,143.36666666666667
EK202310239295,130.86666666666667
EK202310166294,144.9
EK202310211671,142.33333333333334
EK202310248376,131.3
EK202310188903,141.9
EK202320006661,175.26666666666668
EK202310157204,162.8
EK202310222542,134.8
EK202310182598,135.56666666666666
EK202310128634,154.03333333333333
EK202310137926,134.9
EK202310197018,137.0
EK202310184643,162.03333333333333
EK202310217014,144.7
EK202310200280,134.9
EK202310183028,137.8
EK202310106142,135.43333333333334
EK202310103822,140.83333333333334
EK202310157052,142.06666666666666
EK202310122614,140.1
EK202310155664,139.56666666666666
EK202310165913,134.8
EK202310191203,138.63333333333333
EK202310119226,135.1
EK202310234080,153.9
EK202310196735,139.3
EK202310149314,144.46666666666667
EK202310155188,142.16666666666666
EK202310114860,142.13333333333333
EK202310118865,150.66666666666666
EK202310160832,133.6
EK202320006619,168.06666666666666
EK202310127739,129.6
EK202310115501,132.06666666666666
EK202310166491,167.63333333333333
EK202310197828,158.4
EK202310242137,140.5
EK202310235787,138.86666666666667
EK202310220464,158.9
EK202310112649,141.13333333333333
EK202310110214,135.96666666666667
EK202310164835,142.5
EK202310204462,130.16666666666666
EK202310187862,163.06666666666666
EK202310131273,131.66666666666666
EK202310128020,141.53333333333333
EK202310204211,172.5
EK202310208246,138.23333333333332
EK202310166450,138.4
EK202310171141,145.1
EK202310159355,152.6
EK202310194303,162.66666666666666
EK202310214928,136.4
EK202310122215,137.5
EK202310175732,147.96666666666667
EK202310195150,142.73333333333332
EK202310160826,135.4
EK202310159966,154.13333333333333
EK202310158608,129.6
EK202310243112,145.33333333333334
EK202310109607,144.26666666666668
EK202310149652,142.03333333333333
EK202310110860,143.06666666666666
EK202310232156,142.56666666666666
EK202310178087,134.43333333333334
EK202310196125,137.73333333333332
EK202310178589,142.96666666666667
EK202310146655,134.26666666666668
EK202310176638,140.86666666666667
EK202310183451,145.06666666666666
EK202310238783,139.86666666666667
EK202310180591,133.63333333333333
EK202310180161,151.53333333333333
EK202310160060,141.23333333333332
EK202310234699,140.5
EK202310113916,144.53333333333333
EK202310227268,133.46666666666667
EK202310237635,144.53333333333333
EK202310182258,135.46666666666667
EK202310193859,139.0
EK202310153659,146.63333333333333
EK202310203955,148.2
EK202310236094,134.5
EK202310187734,159.06666666666666
EK202310216149,148.8
EK202310168413,150.63333333333333
EK202310116401,141.3
EK202310201191,166.66666666666666
EK202310190480,124.6
EK202310161074,165.6
EK202310140353,144.93333333333334
EK202310173633,145.46666666666667
EK202310158068,137.03333333333333
EK202310154103,138.96666666666667
EK202310113546,150.83333333333334
EK202310204238,126.23333333333333
EK202310104944,129.06666666666666
EK202310234535,137.23333333333332
EK202310126859,163.16666666666666
EK202310117542,142.56666666666666
EK202310210903,131.5
EK202310157130,137.53333333333333
EK202310145116,140.3
EK202310208124,139.43333333333334
EK202310245982,144.53333333333333
EK202310133043,146.7
EK202310149054,142.13333333333333
EK202310190190,141.86666666666667
EK202320006047,158.66666666666666
EK202310134850,132.2
EK202310202384,120.63333333333334
EK202310154117,142.86666666666667
EK202310133365,137.16666666666666
EK202310108193,143.93333333333334
EK202310203056,151.33333333333334
EK202310149046,140.83333333333334
EK202310165578,156.66666666666666
EK202310186659,163.83333333333334
EK202310196955,150.26666666666668
EK202310197552,170.5
EK202310212202,132.36666666666667
EK202310224513,140.83333333333334
EK202310004468,164.13333333333333
EK202310216094,133.5
EK202310230966,130.66666666666666
EK202310118412,142.2
EK202310247101,141.66666666666666
EK202310178117,150.7
EK202310219876,141.6
EK202310215307,148.96666666666667
EK202310218134,163.66666666666666
EK202310221530,137.23333333333332
EK202310154982,142.2
EK202310182970,131.7
EK202310214235,159.96666666666667
EK202310220158,136.06666666666666
EK202310104394,140.8
EK202310111159,126.03333333333333
EK202310158577,136.06666666666666
EK202310110382,131.8
EK202310133639,135.53333333333333
EK202310246509,153.3
EK202310149660,146.63333333333333
EK202310168884,136.93333333333334
EK202310243940,140.2
EK202310191906,143.2
EK202310127477,140.73333333333332
EK202310225432,134.76666666666668
EK202310233319,144.2
EK202310162668,152.4
EK202310148695,166.23333333333332
EK202310178807,166.3
EK202310106771,140.56666666666666
EK202310155396,143.56666666666666
EK202310189899,158.1
EK202310106717,145.33333333333334
EK202310232588,140.36666666666667
EK202310226348,135.3
EK202310109931,137.63333333333333
EK202310226884,146.5
EK202310213466,141.36666666666667
EK202310121691,129.03333333333333
EK202310198701,165.73333333333332
EK202310131737,150.33333333333334
EK202310166136,160.03333333333333
EK202310116855,139.06666666666666
EK202310138351,140.4
EK202310191381,149.03333333333333
EK202310003663,142.46666666666667
EK202310172884,168.36666666666667
EK202310185550,140.26666666666668
EK202310148380,133.53333333333333
EK202310149387,170.76666666666668
EK202310236333,136.36666666666667
EK202310199352,149.33333333333334
EK202310137894,141.33333333333334
EK202310133727,161.46666666666667
EK202310178526,155.53333333333333
EK202310189610,164.1
EK202310109350,147.8
EK202310218617,139.63333333333333
EK202310109125,162.53333333333333
EK202310163826,143.23333333333332
EK202310130248,168.83333333333334
EK202310221541,139.8
EK202320006518,169.83333333333334
EK202310229391,142.66666666666666
EK202310211450,146.9
EK202310193482,148.93333333333334
EK202310198828,149.73333333333332
EK202310183006,133.13333333333333
EK202310003501,130.5
EK202310121041,135.7
EK202310211350,131.36666666666667
EK202310246075,140.6
EK202310127204,147.96666666666667
EK202310234563,129.76666666666668
EK202310139042,144.2
EK202310171256,151.2
EK202310139647,139.5
EK202310122462,133.73333333333332
EK202310144293,139.13333333333333
EK202310168436,131.06666666666666
EK202310120536,133.06666666666666
EK202310166379,135.96666666666667
EK202310180256,145.4
EK202310246761,155.4
EK202310219864,151.0
EK202310190068,175.86666666666667
EK202310181556,143.4
EK202310230597,129.86666666666667
EK202310130866,145.03333333333333
EK202310205037,147.96666666666667
EK202310209585,141.73333333333332
EK202310185564,164.7
EK202310176944,143.63333333333333
EK202310176381,138.16666666666666
EK202310141448,138.93333333333334
EK202310148056,140.6
EK202310182965,141.1
EK202310135422,142.43333333333334
EK202310122191,132.9
EK202310145667,160.23333333333332
EK202310202035,133.03333333333333
EK202310136887,132.36666666666667
EK202310200020,138.8
EK202310184127,151.06666666666666
EK202310107122,131.53333333333333
EK202310134379,146.73333333333332
EK202310211319,143.43333333333334
EK202310212855,151.53333333333333
EK202310242461,151.8
EK202310200853,138.13333333333333
EK202310200401,161.56666666666666
EK202310189295,169.76666666666668
EK202310105500,134.3
EK202310128584,140.36666666666667
EK202310209825,145.23333333333332
EK202310204586,146.3
EK202310179426,159.26666666666668
EK202310180912,146.3
EK202310173571,158.4
EK202310112070,153.2
EK202310199038,141.2
EK202310126021,140.4
EK202310155509,145.83333333333334
EK202310197401,137.7
EK202310107626,145.06666666666666
EK202310105142,145.06666666666666
EK202310243059,137.76666666666668
EK202310174039,139.0
EK202310201047,142.96666666666667
EK202310204579,148.9
EK202310187739,144.7
EK202310181773,151.83333333333334
EK202310128097,146.96666666666667
EK202310222975,144.8
EK202310132503,150.36666666666667
EK202310188182,168.7
EK202310133046,151.9
EK202310176947,149.7
EK202310167628,138.33333333333334
EK202310134899,128.56666666666666
EK202310115714,142.86666666666667
EK202310225258,127.96666666666667
EK202310181522,139.4
EK202310190839,153.7
EK202310217264,141.93333333333334
EK202310123146,155.73333333333332
EK202310142906,152.53333333333333
EK202310165063,140.66666666666666
EK202310004149,148.23333333333332
EK202310222025,123.33333333333333
EK202310201396,147.2
EK202310140521,170.63333333333333
EK202310190410,152.4
EK202310237623,140.13333333333333
EK202310207648,141.73333333333332
EK202310150068,149.5
EK202310199516,153.2
EK202310214499,166.13333333333333
EK202310193968,137.0
EK202310199178,127.33333333333333
EK202310226312,139.16666666666666
EK202310171202,149.0
EK202310136385,151.06666666666666
EK202310240675,155.93333333333334
EK202310131075,141.53333333333333
EK202310213481,140.4
EK202310212831,150.5
EK202310163142,141.9
EK202310107446,135.23333333333332
EK202310157890,141.43333333333334
EK202310214663,140.4
EK202310163666,132.66666666666666
EK202310117353,137.13333333333333
EK202310209794,135.4
EK202310123734,142.66666666666666
EK202310224602,133.83333333333334
EK202310218073,151.53333333333333
EK202310247816,155.66666666666666
EK202310234711,144.23333333333332
EK202310145443,155.2
EK202310246298,161.8
EK202310110010,143.43333333333334
EK202310159895,151.13333333333333
EK202310111143,141.73333333333332
EK202310209834,135.4
EK202310209444,149.46666666666667
EK202310192938,138.23333333333332
EK202310132559,129.53333333333333
EK202310152101,148.93333333333334
EK202310180196,138.33333333333334
EK202310194423,129.63333333333333
EK202310200390,142.56666666666666
EK202310180474,141.7
EK202310116603,147.23333333333332
EK202310171924,135.36666666666667
EK202310212746,151.03333333333333
EK202310146529,136.76666666666668
EK202310215859,152.26666666666668
EK202310141533,144.63333333333333
EK202310233067,137.8
EK202310214675,147.6
EK202310148386,135.33333333333334
EK202310168758,143.46666666666667
EK202310222971,138.43333333333334
EK202310109333,141.46666666666667
EK202310243241,144.53333333333333
EK202310146985,145.96666666666667
EK202310232878,170.3
EK202310234120,136.1
EK202310162882,154.83333333333334
EK202310190206,141.66666666666666
EK202310159348,166.06666666666666
EK202310201231,145.5
EK202310178530,173.2
EK202310189794,153.43333333333334
EK202310236784,133.6
EK202310175553,129.26666666666668
EK202310241797,138.93333333333334
EK202310114344,142.8
EK202310239590,143.4
EK202310227224,163.7
EK202310121744,135.46666666666667
EK202310003715,143.36666666666667
EK202310116073,142.36666666666667
EK202310197067,141.5
EK202310115532,143.93333333333334
EK202310217365,152.06666666666666
EK202310148754,154.96666666666667
EK202310109024,134.6
EK202310004073,138.26666666666668
EK202310198767,153.7
EK202310125904,135.0
EK202310189747,135.0
EK202310121824,147.8
EK202310183939,136.93333333333334
EK202310207963,139.4
EK202310004477,129.03333333333333
EK202310184855,139.5
EK202310121710,132.8
EK202310155103,139.36666666666667
EK202310127606,152.73333333333332
EK202310237460,132.23333333333332
EK202310189005,137.73333333333332
EK202310163144,170.0
EK202310195358,159.5
EK202310114203,123.9
EK202310200907,150.1
EK202310149290,145.3
EK202310186674,147.13333333333333
EK202310219434,133.83333333333334
EK202310113939,148.1
EK202310144604,132.66666666666666
EK202310202520,154.33333333333334
EK202310199251,145.56666666666666
EK202310171909,142.56666666666666
EK202310197493,144.56666666666666
EK202310200738,156.33333333333334
EK202310242193,149.83333333333334
EK202310166469,144.36666666666667
EK202310179577,159.23333333333332
EK202310199333,141.43333333333334
EK202310208438,135.53333333333333
EK202310243666,144.46666666666667
EK202310113305,136.5
EK202310189666,169.9
EK202310233041,134.7
EK202310127498,147.23333333333332
EK202310208207,139.9
EK202310161596,131.03333333333333
EK202310175979,155.5
EK202310222437,138.03333333333333
EK202310139352,144.9
EK202310120360,133.2
EK202310183484,146.56666666666666
EK202310206451,127.66666666666667
EK202310163448,156.4
EK202310113067,140.96666666666667
EK202310217739,121.26666666666667
EK202310120891,131.73333333333332
EK202310144456,136.26666666666668
EK202310243976,153.0
EK202310126697,139.86666666666667
EK202310221562,133.76666666666668
EK202310245501,134.03333333333333
EK202310227085,142.83333333333334
EK202310124539,138.93333333333334
EK202310113359,152.1
EK202310127238,145.8
EK202310186281,160.33333333333334
EK202310231780,136.1
EK202310218693,138.5
EK202310166062,137.8
EK202310194807,143.76666666666668
EK202310145164,155.26666666666668
EK202310139520,138.46666666666667
EK202310202232,141.9
EK202310106234,136.33333333333334
EK202310150099,136.26666666666668
EK202310148854,138.7
EK202310207751,142.7
EK202310119385,160.4
EK202310247407,137.06666666666666
EK202310187815,145.1
EK202310180649,150.36666666666667
EK202310169614,134.7
EK202320007494,154.43333333333334
EK202310123604,134.56666666666666
EK202310115115,139.13333333333333
EK202310247203,149.36666666666667
EK202310128939,144.3
EK202310151766,164.36666666666667
EK202310154684,147.9
EK202310147564,145.63333333333333
EK202310217040,148.76666666666668
EK202310219269,130.26666666666668
EK202310177587,133.06666666666666
EK202310172628,140.8
EK202310193264,152.7
EK202310204129,143.76666666666668
EK202310227714,140.33333333333334
EK202310174368,163.93333333333334
EK202310115514,138.3
EK202310114314,145.8
EK202320007053,154.9
EK202310196358,151.16666666666666
EK202310223590,135.2
EK202310186191,150.73333333333332
EK202310169460,165.0
EK202310206652,162.86666666666667
EK202310176776,164.33333333333334
EK202310112945,128.46666666666667
EK202310243798,144.5
EK202310173522,134.7
EK202310147691,139.83333333333334
EK202310221131,138.9
EK202310193542,135.43333333333334
EK202310110806,130.13333333333333
EK202310140872,150.46666666666667
EK202310115723,131.2
EK202310227673,136.26666666666668
EK202310104188,152.46666666666667
EK202310176128,136.73333333333332
EK202310179757,158.1
EK202310217690,131.4
EK202310114918,138.76666666666668
EK202310160022,149.63333333333333
EK202310117222,139.0
EK202310181651,146.03333333333333
EK202310202302,140.06666666666666
EK202310141935,130.0
EK202310166006,144.93333333333334
EK202310141835,163.56666666666666
EK202310113039,162.8
EK202310171526,137.73333333333332
EK202310231390,143.5
EK202310111326,134.16666666666666
EK202310104950,135.66666666666666
EK202310234139,147.3
EK202310207302,148.23333333333332
EK202310202018,122.6
EK202310205260,153.93333333333334
EK202310221441,161.43333333333334
EK202310174816,136.8
EK202310138649,141.8
EK202310208013,150.93333333333334
EK202310181493,151.56666666666666
EK202310243648,138.4
EK202310113262,144.2
EK202310171352,156.76666666666668
EK202310189555,135.6
EK202310154506,141.1
EK202310227922,133.63333333333333
EK202310243180,150.3
EK202310145403,142.56666666666666
EK202310229261,135.76666666666668
EK202310125086,143.9
EK202310188059,132.53333333333333
EK202310175935,150.43333333333334
EK202310104930,140.8
EK202310207696,145.43333333333334
EK202310176769,140.03333333333333
EK202310241580,133.7
EK202310128189,132.43333333333334
EK202310116358,134.1
EK202310203206,135.46666666666667
EK202310224617,132.63333333333333
EK202310216139,134.36666666666667
EK202310175157,138.3
EK202310148792,140.5
EK202310127748,139.4
EK202310183427,149.23333333333332
EK202310151784,132.2
EK202310202141,159.23333333333332
EK202310211204,147.03333333333333
EK202310230323,127.83333333333333
EK202310109892,129.36666666666667
EK202310187574,143.03333333333333
EK202310174395,138.8
EK202310205384,145.06666666666666
EK202310139355,140.93333333333334
EK202310161479,160.0
EK202310135561,138.96666666666667
EK202310165218,139.76666666666668
EK202310183022,157.93333333333334
EK202310125772,122.4
EK202310105325,139.7
EK202310205291,150.33333333333334
EK202310183115,134.06666666666666
EK202310142673,131.2
EK202310144959,136.1
EK202310156704,136.83333333333334
EK202310132122,134.16666666666666
EK202310174428,162.03333333333333
EK202310238510,142.73333333333332
EK202310004299,141.16666666666666
EK202310225687,154.36666666666667
EK202310152553,149.2
EK202310180231,143.7
EK202310189895,146.5
EK202310115789,136.23333333333332
EK202310107016,147.53333333333333
EK202310174702,138.8
EK202310184083,131.26666666666668
EK202310193580,162.03333333333333
EK202310217608,142.8
EK202310143791,141.9
EK202310171379,141.56666666666666
EK202310151018,134.93333333333334
EK202310167547,144.1
EK202310113875,147.46666666666667
EK202310242027,157.43333333333334
EK202310236948,140.36666666666667
EK202310241638,137.43333333333334
EK202320006399,141.1
EK202310155475,134.56666666666666
EK202310183498,144.86666666666667
EK202310175183,135.96666666666667
EK202310212112,144.5
EK202310219895,147.1
EK202310136160,155.86666666666667
EK202310237484,145.16666666666666
EK202310165481,132.46666666666667
EK202310240928,130.66666666666666
EK202310103807,148.46666666666667
EK202310138400,145.3
EK202310206371,120.5
EK202310194193,147.03333333333333
EK202310148048,148.13333333333333
EK202310215728,133.6
EK202310131760,138.4
EK202310123574,148.3
EK202310141515,140.9
EK202310237561,151.96666666666667
EK202310217955,139.53333333333333
EK202310208062,141.83333333333334
EK202310163578,138.73333333333332
EK202310116460,146.4
EK202310181932,171.83333333333334
EK202310190411,157.9
EK202310229861,140.93333333333334
EK202310246656,136.4
EK202310118260,146.43333333333334
EK202310115843,143.23333333333332
EK202310170542,147.9
EK202310189836,177.1
EK202310176951,142.66666666666666
EK202310116213,150.33333333333334
EK202310128876,122.2
EK202310210854,141.03333333333333
EK202310217897,151.03333333333333
EK202310213279,144.0
EK202310203346,141.43333333333334
EK202310111168,147.5
EK202310205607,142.16666666666666
EK202310181632,176.9
EK202310163875,136.83333333333334
EK202310106796,134.56666666666666
EK202310172056,171.36666666666667
EK202310195599,134.86666666666667
EK202310140727,135.1
EK202310208341,139.46666666666667
EK202310129380,137.23333333333332
EK202310140408,165.53333333333333
EK202310196671,151.13333333333333
EK202310164630,137.86666666666667
EK202310147505,141.7
EK202310110408,133.63333333333333
EK202310189343,144.23333333333332
EK202310232277,147.6
EK202310113134,131.93333333333334
EK202310154457,159.5
EK202310192875,138.43333333333334
EK202310116376,135.63333333333333
EK202310198131,139.56666666666666
EK202310200171,141.83333333333334
EK202310200642,153.2
EK202310123172,149.56666666666666
EK202310182386,146.5
EK202310148751,153.6
EK202310109301,135.83333333333334
EK202320007005,156.76666666666668
EK202310118442,145.66666666666666
EK202310132586,130.13333333333333
EK202310137853,138.06666666666666
EK202310175957,148.9
EK202310137878,140.56666666666666
EK202310141392,159.1
EK202310150895,137.06666666666666
EK202310234943,123.96666666666667
EK202310180019,158.4
EK202310118936,144.1
EK202310140493,129.96666666666667
EK202310175748,138.06666666666666
EK202310139140,146.76666666666668
EK202310194407,139.03333333333333
EK202310174235,129.23333333333332
EK202310171740,140.96666666666667
EK202310135496,163.8
EK202310219315,140.16666666666666
EK202310209481,145.9
EK202310142378,157.46666666666667
EK202310213131,145.86666666666667
EK202310126847,156.1
EK202310139757,136.43333333333334
EK202310166582,162.06666666666666
EK202310177776,144.26666666666668
EK202310179499,142.3
EK202310243445,133.9
EK202310176421,133.43333333333334
EK202310219058,136.9
EK202310108023,131.13333333333333
EK202310140417,163.86666666666667
EK202310130436,162.23333333333332
EK202320006321,167.83333333333334
EK202310220044,142.96666666666667
EK202310131037,139.63333333333333
EK202310248111,138.2
EK202310106861,140.23333333333332
EK202310110253,140.13333333333333
EK202310201245,142.0
EK202310138402,127.46666666666667
EK202310233866,169.43333333333334
EK202310003560,128.33333333333334
EK202310120345,140.8
EK202310201242,133.76666666666668
EK202310190427,139.43333333333334
EK202310148725,123.06666666666666
EK202320006763,149.3
EK202310196906,155.2
EK202310241763,150.73333333333332
EK202310204305,148.53333333333333
EK202310190705,159.13333333333333
EK202310107647,134.13333333333333
EK202310178205,150.06666666666666
EK202310226329,133.76666666666668
EK202310155075,148.46666666666667
EK202310161375,152.16666666666666
EK202310184194,155.06666666666666
EK202310146287,133.56666666666666
EK202310151428,161.23333333333332
EK202310169581,132.03333333333333
EK202310159986,150.53333333333333
EK202310235054,143.3
EK202310232794,154.06666666666666
EK202310237245,139.46666666666667
EK202310159951,165.16666666666666
EK202310137689,133.7
EK202310104122,129.83333333333334
EK202310237215,140.2
EK202310224167,153.63333333333333
EK202310165353,144.23333333333332
EK202310003464,133.2
EK202310146423,144.86666666666667
EK202310175125,136.26666666666668
EK202310229556,150.16666666666666
EK202310227408,137.96666666666667
EK202310243062,138.53333333333333
EK202310213464,130.7
EK202310111472,150.76666666666668
EK202310108233,141.63333333333333
EK202310223065,137.73333333333332
EK202310230558,139.26666666666668
EK202320006897,154.4
EK202310200032,135.4
EK202310187191,157.03333333333333
EK202310161900,157.23333333333332
EK202310121241,138.76666666666668
EK202310225448,138.56666666666666
EK202310227739,151.2
EK202310216508,146.06666666666666
EK202310233619,138.83333333333334
EK202310233918,137.43333333333334
EK202310202411,134.2
EK202310186765,164.26666666666668
EK202310241519,146.96666666666667
EK202310203547,149.1
EK202310186570,169.23333333333332
EK202310146153,119.73333333333333
EK202310226412,139.43333333333334
EK202310214773,156.33333333333334
EK202310141684,141.43333333333334
EK202310149333,148.03333333333333
EK202310144706,139.86666666666667
EK202310104027,139.86666666666667
EK202310109413,145.0
EK202310193755,141.4
EK202310166019,147.43333333333334
EK202310203410,150.6
EK202310211531,138.93333333333334
EK202310196157,145.83333333333334
EK202310244349,148.16666666666666
EK202310145494,136.63333333333333
EK202310212588,134.6
EK202310139780,143.46666666666667
EK202310240088,151.03333333333333
EK202310111166,153.26666666666668
EK202310188435,128.16666666666666
EK202310177633,144.73333333333332
EK202310112926,135.96666666666667
EK202310234867,120.33333333333333
EK202310185802,130.76666666666668
EK202310162594,161.26666666666668
EK202310180089,150.6
EK202310217336,134.26666666666668
EK202310192546,144.83333333333334
EK202310214169,137.96666666666667
EK202310140770,151.76666666666668
EK202310133498,154.16666666666666
EK202310118801,153.26666666666668
EK202310142404,153.93333333333334
EK202310147891,153.46666666666667
EK202310210538,132.7
EK202320007456,145.6
EK202310144587,141.3
EK202310124235,143.73333333333332
EK202310158438,158.8
EK202310215490,133.33333333333334
EK202310174451,146.43333333333334
EK202310212066,134.06666666666666
EK202310222526,144.16666666666666
EK202310188934,128.46666666666667
EK202310227893,134.2
EK202310181260,150.46666666666667
EK202310202577,138.56666666666666
EK202310120212,154.9
EK202310149119,153.23333333333332
EK202310154393,167.1
EK202310152225,132.06666666666666
EK202310105646,131.0
EK202310119351,129.46666666666667
EK202310148657,143.23333333333332
EK202310196509,136.53333333333333
EK202310194902,155.76666666666668
EK202310148288,140.86666666666667
EK202310215542,156.33333333333334
EK202310167939,156.46666666666667
EK202310167455,165.5
EK202310117792,130.23333333333332
EK202310173362,143.06666666666666
EK202310124739,162.06666666666666
EK202310175587,150.7
EK202310213185,144.63333333333333
EK202310152468,146.2
EK202310131120,150.1
EK202310124976,163.13333333333333
EK202310112499,161.3
EK202310195528,134.9
EK202310239210,137.8
EK202310142674,145.53333333333333
EK202310243104,146.03333333333333
EK202310237267,143.4
EK202310169374,135.86666666666667
EK202310234090,135.6
EK202310233816,151.66666666666666
EK202310196376,148.1
EK202310148225,146.33333333333334
EK202310228837,127.43333333333334
EK202310181830,141.13333333333333
EK202310191899,137.63333333333333
EK202310229263,129.26666666666668
EK202310141990,139.86666666666667
EK202310169654,144.93333333333334
EK202310123584,137.26666666666668
EK202310109674,133.36666666666667
EK202310106658,146.76666666666668
EK202310237324,136.0
EK202310133847,154.83333333333334
EK202310177544,132.3
EK202310123823,138.66666666666666
EK202310240866,130.66666666666666
EK202310200799,141.3
EK202310004956,128.3
EK202310109116,153.13333333333333
EK202310181159,139.66666666666666
EK202310128546,153.0
EK202310206764,144.33333333333334
EK202310203787,134.53333333333333
EK202310193227,148.16666666666666
EK202310157337,167.66666666666666
EK202310190691,162.5
EK202310126193,140.2
EK202310223219,133.06666666666666
EK202310161546,150.0
EK202310220676,141.96666666666667
EK202310142344,133.7
EK202310182666,133.6
EK202310217828,133.96666666666667
EK202310240257,143.26666666666668
EK202310125068,136.06666666666666
EK202310166358,149.6
EK202310177216,166.26666666666668
EK202310146952,140.73333333333332
EK202310199886,166.26666666666668
EK202310147741,160.3
EK202310143091,141.5
EK202310199575,134.96666666666667
EK202310187305,162.53333333333333
EK202310222496,156.66666666666666
EK202310216424,135.93333333333334
EK202310104377,150.06666666666666
EK202310227219,130.33333333333334
EK202310140922,156.53333333333333
EK202310165008,162.86666666666667
EK202310135583,137.83333333333334
EK202310171535,131.93333333333334
EK202310219272,148.1
EK202310120647,152.3
EK202310140490,142.46666666666667
EK202310173840,136.0
EK202310208109,126.93333333333334
EK202310175605,149.2
EK202310194297,144.9
EK202310116012,131.53333333333333
EK202310133738,135.1
EK202310003422,146.8
EK202310186980,151.2
EK202310157421,140.76666666666668
EK202310145922,127.36666666666666
EK202310203349,143.56666666666666
EK202310230457,176.83333333333334
EK202310230009,134.0
EK202310144393,153.86666666666667
EK202310155684,130.63333333333333
EK202310243499,138.96666666666667
EK202310148155,131.63333333333333
EK202310162141,146.16666666666666
EK202310202043,140.8
EK202310165608,144.16666666666666
EK202310193544,138.86666666666667
EK202310164222,140.1
EK202310154530,143.9
EK202310185022,151.26666666666668
EK202310167516,155.46666666666667
EK202310165006,144.56666666666666
EK202310138314,160.1
EK202310213702,139.63333333333333
EK202310223111,139.63333333333333
EK202310183009,118.93333333333334
EK202310175427,139.63333333333333
EK202310198303,130.13333333333333
EK202310142355,162.13333333333333
EK202310190847,143.56666666666666
EK202310165750,159.36666666666667
EK202310163376,137.2
EK202310146237,142.2
EK202310228171,140.2
EK202310222340,145.73333333333332
EK202310119317,139.93333333333334
EK202310209759,147.43333333333334
EK202310188992,141.7
EK202310236787,129.73333333333332
EK202310235111,146.33333333333334
EK202310192259,148.3
EK202320005738,146.83333333333334
EK202310143173,154.53333333333333
EK202310188740,148.06666666666666
EK202310106354,126.76666666666667
EK202310235348,140.46666666666667
EK202310234038,141.03333333333333
EK202310172622,170.16666666666666
EK202310172486,145.2
EK202310121194,127.83333333333333
EK202310221290,145.76666666666668
EK202310207879,142.6
EK202310114510,141.23333333333332
EK202310179068,140.93333333333334
EK202310163368,140.6
EK202310232807,140.76666666666668
EK202310120523,128.5
EK202310103969,148.93333333333334
EK202310004188,138.33333333333334
EK202310170648,150.23333333333332
EK202310139767,134.63333333333333
EK202310138473,166.33333333333334
EK202310235505,135.03333333333333
EK202310178729,135.33333333333334
EK202310246801,127.66666666666667
EK202310120603,134.53333333333333
EK202310114895,141.1
EK202310223798,141.13333333333333
EK202310128963,134.86666666666667
EK202310133013,134.1
EK202310180731,164.06666666666666
EK202310113860,136.83333333333334
EK202310201583,119.06666666666666
EK202310137449,126.8
EK202310149678,155.0
EK202310199061,147.1
EK202310206139,132.16666666666666
EK202310178048,149.6
EK202310206902,139.66666666666666
EK202310135879,144.16666666666666
EK202310118974,132.66666666666666
EK202310240661,168.3
EK202310247702,126.8
EK202310108959,143.43333333333334
EK202310139148,143.9
EK202310213608,136.43333333333334
EK202310200833,136.9
EK202310205491,163.03333333333333
EK202310151833,174.6
EK202310170507,138.73333333333332
EK202310204695,146.23333333333332
EK202310190993,154.53333333333333
EK202310181846,143.1
EK202310191614,149.46666666666667
EK202310146281,145.56666666666666
EK202310239715,142.9
EK202310224583,136.1
EK202310225752,134.03333333333333
EK202310004050,154.76666666666668
EK202310112334,129.9
EK202310178782,125.33333333333333
EK202310162090,136.23333333333332
EK202310221447,137.56666666666666
EK202310219812,150.36666666666667
EK202310161855,141.5
EK202310127861,145.63333333333333
EK202310114282,148.8
EK202310105617,131.96666666666667
EK202310209302,141.7
EK202310115118,159.56666666666666
EK202310003916,141.8
EK202310153698,143.66666666666666
EK202310229027,131.9
EK202310125705,139.66666666666666
EK202310123526,136.1
EK202310226530,136.5
EK202310136267,128.93333333333334
EK202310126875,148.86666666666667
EK202310219223,129.06666666666666
EK202310169669,146.3
EK202310136907,139.06666666666666
EK202310167168,133.23333333333332
EK202310225793,131.33333333333334
EK202310178640,149.9
EK202310130165,135.9
EK202310154261,138.93333333333334
EK202310220444,153.16666666666666
EK202310237028,143.4
EK202310165818,135.7
EK202310122598,146.16666666666666
EK202310220372,147.73333333333332
EK202310137417,132.26666666666668
EK202310143378,142.0
EK202310175009,147.43333333333334
EK202310211432,133.36666666666667
EK202310207842,137.16666666666666
EK202310180149,137.53333333333333
EK202310190554,138.66666666666666
EK202310223988,132.56666666666666
EK202310130954,148.56666666666666
EK202310116904,143.63333333333333
EK202310161528,165.36666666666667
EK202310148911,131.43333333333334
EK202310153873,155.83333333333334
EK202310144622,136.93333333333334
EK202320007179,161.26666666666668
EK202310213291,141.2
EK202310248459,146.46666666666667
EK202310129665,137.1
EK202310105584,130.7
EK202310223037,127.36666666666666
EK202310173189,131.76666666666668
EK202310174998,150.3
EK202310128550,133.33333333333334
EK202310192354,133.93333333333334
EK202310118760,127.36666666666666
EK202310131373,139.1
EK202310168865,141.63333333333333
EK202310105103,148.93333333333334
EK202310242757,137.26666666666668
EK202310164146,167.03333333333333
EK202310165707,151.46666666666667
EK202310157341,149.06666666666666
EK202310161673,163.66666666666666
EK202310203730,130.43333333333334
EK202310165334,148.36666666666667
EK202310149964,143.03333333333333
EK202310109435,133.5
EK202310105784,133.13333333333333
EK202310004512,144.03333333333333
EK202310129345,146.7
EK202310168741,137.7
EK202310225441,143.53333333333333
EK202310189863,134.8
EK202310181790,142.6
EK202310223107,140.13333333333333
EK202310117337,136.73333333333332
EK202310247125,154.06666666666666
EK202310146172,140.16666666666666
EK202310229871,140.53333333333333
EK202310167352,166.53333333333333
EK202310197659,170.6
EK202310237148,142.03333333333333
EK202310204685,160.4
EK202310241003,131.16666666666666
EK202310148969,141.23333333333332
EK202310217817,146.6
EK202310154285,138.16666666666666
EK202310241422,146.33333333333334
EK202310238083,157.33333333333334
EK202310177368,155.16666666666666
EK202310161506,149.06666666666666
EK202310159694,138.86666666666667
EK202310233873,137.93333333333334
EK202310159627,131.6
EK202310204809,145.46666666666667
EK202310221148,143.33333333333334
EK202310203840,134.13333333333333
EK202310175485,152.86666666666667
EK202310157943,150.8
EK202310166246,140.6
EK202310104784,139.93333333333334
EK202310123376,150.4
EK202310204029,161.66666666666666
EK202310185358,153.3
EK202310108669,143.96666666666667
EK202310236018,168.2
EK202310238742,143.2
EK202310111453,138.7
EK202310113005,145.33333333333334
EK202310234668,139.46666666666667
EK202310231883,129.6
EK202310170221,160.33333333333334
EK202310004896,131.2
EK202310161173,144.63333333333333
EK202310145172,145.3
EK202310173181,139.0
EK202310188825,141.76666666666668
EK202310179888,143.56666666666666
EK202310232212,134.6
EK202310162487,144.1
EK202310136794,150.16666666666666
EK202310169969,139.83333333333334
EK202310165477,134.03333333333333
EK202310177712,147.36666666666667
EK202310129186,138.6
EK202310127134,147.7
EK202310228641,135.0
EK202310195004,138.4
EK202310196656,135.7
EK202310129468,142.3
EK202320007200,147.76666666666668
EK202310153589,151.8
EK202310212764,152.66666666666666
EK202310205885,158.6
EK202310198505,133.93333333333334
EK202310222811,145.5
EK202310168127,159.36666666666667
EK202310143599,140.13333333333333
EK202310227359,139.33333333333334
EK202310135358,136.76666666666668
EK202310171217,160.66666666666666
EK202310191424,150.9
EK202310149689,162.63333333333333
EK202310195376,154.8
EK202310178299,154.26666666666668
EK202310210228,141.43333333333334
EK202310107326,141.53333333333333
EK202310152535,139.53333333333333
EK202310154473,144.56666666666666
EK202310174554,154.6
EK202310163286,143.56666666666666
EK202310111638,155.13333333333333
EK202310196108,161.2
EK202310212686,144.63333333333333
EK202310231718,141.5
EK202310137776,145.46666666666667
EK202310178405,149.03333333333333
EK202310117455,140.26666666666668
EK202310118568,142.16666666666666
EK202310222315,142.33333333333334
EK202310160822,146.83333333333334
EK202310118020,136.76666666666668
EK202310194677,162.13333333333333
EK202320006977,151.36666666666667
EK202310214502,161.5
EK202310146297,138.26666666666668
EK202320005953,180.5
EK202310200023,142.5
EK202310147399,142.33333333333334
EK202310110181,137.7
EK202310225409,171.5
EK202310107374,151.4
EK202310235775,136.23333333333332
EK202310154935,149.56666666666666
EK202310160129,149.86666666666667
EK202310136819,151.56666666666666
EK202310212339,134.16666666666666
EK202310186377,153.0
EK202310149686,164.7
EK202310137146,142.6
EK202310219413,132.6
EK202310224119,134.53333333333333
EK202310124397,137.7
EK202310118844,149.13333333333333
EK202310178888,131.26666666666668
EK202310203695,132.53333333333333
EK202310215102,132.53333333333333
EK202310116309,139.0
EK202310177340,155.0
EK202310155692,128.76666666666668
EK202310209761,132.63333333333333
EK202310192459,147.23333333333332
EK202310166094,137.66666666666666
EK202310106639,136.86666666666667
EK202310122597,131.23333333333332
EK202310176641,138.43333333333334
EK202310128106,132.6
EK202310164373,141.43333333333334
EK202310172650,136.06666666666666
EK202310161760,138.53333333333333
EK202310175173,141.9
EK202310220355,136.93333333333334
EK202310134340,133.83333333333334
EK202310200856,156.63333333333333
EK202310198775,162.96666666666667
EK202310237814,164.06666666666666
EK202310144745,147.3
EK202310116937,143.43333333333334
EK202310180183,151.06666666666666
EK202310123116,150.86666666666667
EK202310111360,135.3
EK202310218124,156.83333333333334
EK202310146929,157.8
EK202310144079,152.06666666666666
EK202310212540,157.46666666666667
EK202310206504,165.0
EK202310126991,134.8
EK202310159652,143.6
EK202310132965,146.96666666666667
EK202310203675,154.73333333333332
EK202310003467,134.63333333333333
EK202310178560,140.23333333333332
EK202310115094,136.26666666666668
EK202310127215,140.23333333333332
EK202310116379,135.16666666666666
EK202310121118,145.33333333333334
EK202310196670,133.16666666666666
EK202310159655,129.13333333333333
EK202310201991,144.36666666666667
EK202310173068,148.36666666666667
EK202310117260,145.8
EK202310130209,139.4
EK202310183122,132.83333333333334
EK202310216257,140.5
EK202310176511,155.7
EK202310187962,148.03333333333333
EK202310245277,151.5
EK202310181710,141.26666666666668
EK202310227487,136.36666666666667
EK202310210107,157.1
EK202310175757,137.63333333333333
EK202310229135,139.16666666666666
EK202310150766,146.16666666666666
EK202310164086,131.2
EK202310121488,137.1
EK202310122656,135.93333333333334
EK202310176310,148.6
EK202310207786,139.63333333333333
EK202310116196,135.03333333333333
EK202310166658,133.4
EK202320007269,171.5
EK202310240222,141.26666666666668
EK202310233074,134.6
EK202310003785,141.4
EK202310218333,137.46666666666667
EK202310199829,146.36666666666667
EK202310141201,128.4
EK202310152509,149.73333333333332
EK202310213008,136.7
EK202310234244,141.43333333333334
EK202310185496,141.9
EK202310123939,136.83333333333334
EK202310245118,138.7
EK202310126945,141.26666666666668
EK202310192940,137.73333333333332
EK202310154479,141.53333333333333
EK202310238968,141.4
EK202310220804,149.0
EK202310121547,144.8
EK202310156977,142.8
EK202310220913,134.03333333333333
EK202310153791,147.66666666666666
EK202310231371,134.13333333333333
EK202310155012,147.83333333333334
EK202310106729,140.86666666666667
EK202310121458,119.6
EK202310129298,141.96666666666667
EK202310185168,144.03333333333333
EK202310171342,161.0
EK202310182043,150.6
EK202310159692,149.26666666666668
EK202310198219,132.93333333333334
EK202310186486,161.43333333333334
EK202310194185,136.76666666666668
EK202310135060,170.86666666666667
EK202310151875,139.66666666666666
EK202310148212,134.46666666666667
EK202310158337,149.2
EK202310160093,151.0
EK202310176986,143.6
EK202310142751,175.53333333333333
EK202310186987,146.7
EK202310213398,136.16666666666666
EK202310227507,158.8
EK202310230539,138.46666666666667
EK202310233022,134.83333333333334
EK202310112067,140.1
EK202310191571,150.03333333333333
EK202310128575,141.33333333333334
EK202310116429,153.46666666666667
EK202310222260,128.26666666666668
EK202310167112,160.83333333333334
EK202310197671,138.3
EK202310133983,144.66666666666666
EK202310125081,139.06666666666666
EK202310165303,145.2
EK202310245022,135.1
EK202310168737,153.76666666666668
EK202310224066,139.5
EK202310112653,139.16666666666666
EK202310163794,136.7
EK202310177672,150.53333333333333
EK202310113138,131.66666666666666
EK202310198082,147.06666666666666
EK202310186324,144.7
EK202310245063,136.46666666666667
EK202310162008,147.96666666666667
EK202310187033,147.3
EK202310165002,141.5
EK202310179112,137.9
EK202310136261,142.0
EK202310107886,146.73333333333332
EK202310178081,157.5
EK202310107978,152.0
EK202310186291,161.9
EK202320006194,152.16666666666666
EK202310162147,134.96666666666667
EK202310145820,138.96666666666667
EK202310208270,138.9
EK202310244610,139.83333333333334
EK202310115965,132.23333333333332
EK202310173325,132.6
EK202310200487,143.3
EK202310151600,151.76666666666668
EK202310174873,147.83333333333334
EK202310154656,147.93333333333334
EK202310186158,168.16666666666666
EK202310159695,150.66666666666666
EK202310153171,162.96666666666667
EK202310116138,158.13333333333333
EK202310241920,122.0
EK202310172803,131.63333333333333
EK202310003408,131.66666666666666
EK202310113293,142.46666666666667
EK202310199063,143.93333333333334
EK202310151401,162.83333333333334
EK202310154601,134.33333333333334
EK202310111616,141.13333333333333
EK202310135809,140.36666666666667
EK202310123689,131.63333333333333
EK202310125344,133.23333333333332
EK202310204834,137.46666666666667
EK202310154600,136.36666666666667
EK202310171105,137.76666666666668
EK202310192374,144.96666666666667
EK202310137424,140.93333333333334
EK202310004414,136.43333333333334
EK202310157406,135.2
EK202310194870,162.5
EK202310184853,139.66666666666666
EK202310176587,142.8
EK202310211243,136.4
EK202310116843,145.83333333333334
EK202310167978,138.03333333333333
EK202310199028,160.6
EK202310178842,140.56666666666666
EK202310003563,156.56666666666666
EK202310113491,143.06666666666666
EK202310202425,138.06666666666666
EK202310156026,158.4
EK202310235868,129.9
EK202310129923,138.23333333333332
EK202310115347,142.7
EK202310136092,150.96666666666667
EK202310212411,128.43333333333334
EK202310198783,173.5
EK202310154295,135.16666666666666
EK202310132080,144.93333333333334
EK202310115510,131.83333333333334
EK202310186713,125.33333333333333
EK202310246486,113.36666666666666
EK202310220909,143.0
EK202310133930,149.13333333333333
EK202310230327,171.4
EK202310227578,154.06666666666666
EK202310147328,167.0
EK202310174500,129.86666666666667
EK202310121141,138.5
EK202310218136,150.3
EK202310187497,145.33333333333334
EK202310219497,129.0
EK202310158430,156.1
EK202310232072,139.8
EK202310161910,163.36666666666667
EK202310232257,133.93333333333334
EK202310109324,145.63333333333333
EK202310117586,137.76666666666668
EK202310145201,149.4
EK202310191458,142.06666666666666
EK202310163905,157.03333333333333
EK202310200681,144.2
EK202310190561,135.8
EK202310144363,147.33333333333334
EK202310196397,138.9
EK202310168831,131.6
EK202320007357,174.53333333333333
EK202310125955,137.0
EK202310210692,131.96666666666667
EK202310202677,143.93333333333334
EK202310212296,135.53333333333333
EK202310228282,132.6
EK202310198392,145.86666666666667
EK202310189017,136.2
EK202310184070,153.3
EK202320006398,161.03333333333333
EK202310221409,162.93333333333334
EK202310229971,138.86666666666667
EK202310202941,140.4
EK202310131905,139.23333333333332
EK202310112775,142.63333333333333
EK202310209245,132.03333333333333
EK202310185710,146.36666666666667
EK202310155827,136.76666666666668
EK202310158156,165.73333333333332
EK202310143080,147.36666666666667
EK202310217821,135.76666666666668
EK202310205060,142.46666666666667
EK202310152230,145.76666666666668
EK202310215647,136.9
EK202310216568,145.0
EK202310173496,143.4
EK202310132220,138.0
EK202310229606,137.43333333333334
EK202310197847,139.96666666666667
EK202310114444,137.16666666666666
EK202310212587,135.06666666666666
EK202310128678,134.1
EK202310129009,164.9
EK202310135868,139.63333333333333
EK202310004655,146.13333333333333
EK202310004666,135.1
EK202310172312,138.0
EK202310212324,128.93333333333334
EK202310234071,146.9
EK202310237714,139.4
EK202310227143,133.2
EK202310106080,157.23333333333332
EK202310115972,142.63333333333333
EK202310223416,141.1
EK202310185745,151.5
EK202310108584,159.9
EK202310244398,139.43333333333334
EK202310104476,142.93333333333334
EK202310243111,149.83333333333334
EK202310182118,119.8
EK202310231776,139.3
EK202310114793,136.26666666666668
EK202310107506,131.23333333333332
EK202310203271,138.26666666666668
EK202310206441,144.43333333333334
EK202310197006,131.46666666666667
EK202310213977,131.4
EK202310174608,153.0
EK202310126126,135.06666666666666
EK202310230545,142.43333333333334
EK202310103903,138.1
EK202310234105,151.53333333333333
EK202310165010,150.2
EK202310181940,146.6
EK202310118673,137.86666666666667
EK202310188868,145.16666666666666
EK202310170989,151.06666666666666
EK202310213961,146.3
EK202310236748,136.1
EK202310128144,154.1
EK202310131032,128.03333333333333
EK202310199927,137.8
EK202310228569,140.03333333333333
EK202310137099,140.76666666666668
EK202310216503,150.76666666666668
EK202310225348,141.96666666666667
EK202310188082,143.36666666666667
EK202310107466,150.96666666666667
EK202310119468,157.06666666666666
EK202310177435,136.23333333333332
EK202310226065,180.56666666666666
EK202310238474,137.06666666666666
EK202310178935,138.93333333333334
EK202310111288,144.53333333333333
EK202310231278,143.43333333333334
EK202310195743,156.66666666666666
EK202310177642,147.0
EK202310159731,154.0
EK202310233199,155.73333333333332
EK202310164963,153.13333333333333
EK202310108728,141.6
EK202310241516,142.7
EK202310114502,135.43333333333334
EK202310163597,135.46666666666667
EK202310194099,153.03333333333333
EK202310191390,148.26666666666668
EK202310136653,151.46666666666667
EK202310132780,152.26666666666668
EK202310192296,141.86666666666667
EK202310210820,134.86666666666667
EK202310157545,153.23333333333332
EK202310117978,137.23333333333332
EK202310128805,127.73333333333333
EK202310239206,138.96666666666667
EK202310184728,149.46666666666667
EK202310188346,134.83333333333334
EK202310115220,129.6
EK202310136091,167.56666666666666
EK202310187000,147.06666666666666
EK202310004481,145.36666666666667
EK202310142481,128.0
EK202310241665,121.76666666666667
EK202310172530,132.3
EK202310242247,154.53333333333333
EK202310201108,142.0
EK202310157151,147.16666666666666
EK202310248777,136.0
EK202310234150,136.26666666666668
EK202310245991,133.9
EK202310196183,140.13333333333333
EK202310112151,140.86666666666667
EK202310240040,153.73333333333332
EK202310122111,141.76666666666668
EK202310237646,148.5
EK202310236751,137.66666666666666
EK202310110678,124.33333333333333
EK202310175472,137.86666666666667
EK202310104032,142.96666666666667
EK202310130367,135.1
EK202310218178,178.63333333333333
EK202310190059,162.7
EK202310154040,138.03333333333333
EK202310104704,141.86666666666667
EK202310234675,141.46666666666667
EK202320007076,143.2
EK202310117416,143.06666666666666
EK202310106592,150.9
EK202310218855,142.36666666666667
EK202310112951,142.5
EK202310198510,135.9
EK202310170591,138.13333333333333
EK202310171607,144.76666666666668
EK202310188047,147.13333333333333
EK202310106176,138.03333333333333
EK202310139729,139.3
EK202310188177,147.26666666666668
EK202310216551,132.36666666666667
EK202310190746,157.53333333333333
EK202310198445,159.3
EK202310167557,137.6
EK202310232345,143.4
EK202310205089,166.63333333333333
EK202310200704,141.33333333333334
EK202310168328,171.3
EK202310117660,133.2
EK202310241204,144.8
EK202310219555,123.93333333333334
EK202310108822,141.83333333333334
EK202310178261,158.4
EK202310170803,150.56666666666666
EK202310180578,148.1
EK202310183233,152.53333333333333
EK202310214067,169.1
EK202310177910,135.76666666666668
EK202310184628,159.8
EK202310236640,129.7
EK202310189443,153.56666666666666
EK202310219770,134.8
EK202310188035,155.53333333333333
EK202310110194,141.46666666666667
EK202310244334,136.8
EK202310196346,158.66666666666666
EK202310239240,131.6
EK202310190697,145.93333333333334
EK202310183845,139.36666666666667
EK202310173568,146.86666666666667
EK202310122648,139.03333333333333
EK202310138573,127.03333333333333
EK202310107238,151.06666666666666
EK202310123716,142.0
EK202310222719,135.53333333333333
EK202310119574,137.16666666666666
EK202310106379,137.63333333333333
EK202310179487,166.16666666666666
EK202310204316,147.9
EK202310112072,142.1
EK202310103891,148.56666666666666
EK202310121527,161.23333333333332
EK202310147901,161.03333333333333
EK202310129747,158.86666666666667
EK202310216313,142.03333333333333
EK202310138904,141.43333333333334
EK202310148441,152.36666666666667
EK202310153870,136.96666666666667
EK202310108732,136.16666666666666
EK202310180949,154.66666666666666
EK202310108710,134.56666666666666
EK202310198670,137.43333333333334
EK202310150197,167.8
EK202310213492,137.86666666666667
EK202310136448,136.76666666666668
EK202310131230,145.0
EK202310231399,141.73333333333332
EK202310121599,149.4
EK202310179738,157.13333333333333
EK202310167476,157.96666666666667
EK202310131623,147.93333333333334
EK202310140730,143.53333333333333
EK202310144389,154.6
EK202310245102,137.9
EK202310132691,134.73333333333332
EK202310106449,139.63333333333333
EK202310167353,135.2
EK202310236989,124.36666666666666
EK202310111119,134.1
EK202310186689,162.56666666666666
EK202310209031,151.73333333333332
EK202310139037,145.8
EK202310158574,140.33333333333334
EK202310235776,127.7
EK202310149594,149.96666666666667
EK202310106989,148.36666666666667
EK202310207828,151.06666666666666
EK202310129283,143.86666666666667
EK202310103761,151.63333333333333
EK202310117820,128.8
EK202310170386,141.23333333333332
EK202310200918,144.66666666666666
EK202310104618,134.0
EK202310211311,141.7
EK202310217151,154.8
EK202310197688,169.3
EK202310141161,131.23333333333332
EK202310200723,144.56666666666666
EK202310192613,145.83333333333334
EK202310231385,138.56666666666666
EK202310161421,140.9
EK202310185090,144.76666666666668
EK202310118323,141.93333333333334
EK202310179435,142.03333333333333
EK202310246748,151.03333333333333
EK202310203308,129.6
EK202310166549,152.93333333333334
EK202310231043,137.56666666666666
EK202310144171,137.46666666666667
EK202310171076,153.2
EK202310234671,134.0
EK202310178258,156.56666666666666
EK202310123111,135.16666666666666
EK202310105273,150.63333333333333
EK202310232779,128.43333333333334
EK202310245923,136.56666666666666
EK202310232934,142.56666666666666
EK202310206444,145.03333333333333
EK202310199292,156.86666666666667
EK202310172407,152.93333333333334
EK202310110982,135.1
EK202310136670,150.86666666666667
EK202310196416,157.7
EK202310147370,137.63333333333333
EK202310203187,134.56666666666666
EK202310127574,142.53333333333333
EK202310223109,140.96666666666667
EK202310210815,142.83333333333334
EK202310132728,166.66666666666666
EK202310195728,140.86666666666667
EK202310162562,159.83333333333334
EK202310122166,143.7
EK202310133502,156.5
EK202310176748,135.13333333333333
EK202310149681,140.66666666666666
EK202310133367,162.83333333333334
EK202310233308,143.9
EK202310111956,144.2
EK202310213087,129.26666666666668
EK202310163861,140.26666666666668
EK202310183017,134.43333333333334
EK202310148049,146.43333333333334
EK202310159587,149.56666666666666
EK202310120104,154.0
EK202310173791,139.83333333333334
EK202310120609,135.03333333333333
EK202310120220,131.26666666666668
EK202310164643,141.8
EK202310242480,135.2
EK202310237393,126.6
EK202310110258,136.56666666666666
EK202310203310,151.83333333333334
EK202310244388,141.83333333333334
EK202310142420,153.13333333333333
EK202310127247,150.7
EK202310245410,132.7
EK202310198231,150.3
EK202310224714,137.0
EK202310112152,139.76666666666668
EK202310219634,138.2
EK202310120507,141.26666666666668
EK202310121024,148.6
EK202310162609,156.13333333333333
EK202310198139,136.56666666666666
EK202310115733,140.83333333333334
EK202310197648,169.5
EK202310152061,157.06666666666666
EK202310246184,132.33333333333334
EK202310175646,138.23333333333332
EK202310195357,148.7
EK202310180995,146.63333333333333
EK202320007602,163.13333333333333
EK202310125780,147.56666666666666
EK202310141209,134.86666666666667
EK202310241145,151.8
EK202310214473,168.0
EK202310104412,138.93333333333334
EK202310145300,133.23333333333332
EK202310178546,126.5
EK202310222192,133.3
EK202310003791,137.33333333333334
EK202310164084,141.26666666666668
EK202310247625,127.03333333333333
EK202310179777,126.9
EK202310204086,133.1
EK202310199051,147.86666666666667
EK202310199503,143.96666666666667
EK202310124201,143.83333333333334
EK202310111462,140.23333333333332
EK202310149507,156.63333333333333
EK202310149626,144.4
EK202310196221,147.7
EK202310241259,154.33333333333334
EK202310110599,138.46666666666667
EK202310234816,140.13333333333333
EK202310179926,141.56666666666666
EK202310158821,156.16666666666666
EK202310203000,139.83333333333334
EK202310162317,131.0
EK202310125499,143.5
EK202310171521,145.66666666666666
EK202310155121,131.3
EK202310246662,143.06666666666666
EK202310222404,135.3
EK202310119271,148.13333333333333
EK202310179293,139.06666666666666
EK202310162370,146.9
EK202310185317,140.86666666666667
EK202310192836,146.36666666666667
EK202310197187,151.9
EK202310119438,139.16666666666666
EK202310154800,136.16666666666666
EK202310162887,136.4
EK202310114407,141.83333333333334
EK202310107541,152.03333333333333
EK202310165391,148.66666666666666
EK202310114222,147.56666666666666
EK202310108463,148.23333333333332
EK202310160505,145.26666666666668
EK202310175819,131.26666666666668
EK202310224211,139.03333333333333
EK202310181094,153.66666666666666
EK202310209683,146.73333333333332
EK202310144068,171.8
EK202310185016,160.63333333333333
EK202310242866,129.23333333333332
EK202310136700,140.3
EK202310129667,145.7
EK202310185490,145.8
EK202310180615,131.56666666666666
EK202310106120,141.2
EK202310139529,122.5
EK202310208712,157.16666666666666
EK202310202493,145.03333333333333
EK202310127493,143.43333333333334
EK202310185646,152.2
EK202310236048,124.83333333333333
EK202310215422,143.73333333333332
EK202310154768,153.53333333333333
EK202310156660,138.86666666666667
EK202310215522,137.1
EK202310191431,160.13333333333333
EK202310219661,147.3
EK202310111217,124.76666666666667
EK202310142283,144.2
EK202310152451,142.16666666666666
EK202310131900,141.03333333333333
EK202310118813,146.66666666666666
EK202310158474,141.36666666666667
EK202310206038,174.03333333333333
EK202310140824,144.13333333333333
EK202310193053,131.73333333333332
EK202310239738,149.6
EK202310183514,174.83333333333334
EK202310228473,142.5
EK202310187727,133.23333333333332
EK202310208678,140.5
EK202310151445,151.5
EK202310129744,137.03333333333333
EK202310242221,139.36666666666667
EK202310140908,139.76666666666668
EK202310213034,144.73333333333332
EK202310162066,141.63333333333333
EK202310166091,139.73333333333332
EK202310168349,138.76666666666668
EK202310204830,135.73333333333332
EK202310119237,139.1
EK202310177687,137.06666666666666
EK202310194046,138.73333333333332
EK202310120099,130.83333333333334
EK202310139982,158.13333333333333
EK202310172126,136.16666666666666
EK202310225892,138.43333333333334
EK202310204605,144.26666666666668
EK202310166382,149.76666666666668
EK202310164816,152.2
EK202310118373,125.1
EK202310141696,139.16666666666666
EK202310229964,145.0
EK202310127949,150.33333333333334
EK202310239375,169.73333333333332
EK202310173625,146.73333333333332
EK202310141849,166.73333333333332
EK202310115485,140.03333333333333
EK202310129234,150.83333333333334
EK202310105793,143.03333333333333
EK202310158046,137.96666666666667
EK202310192078,142.9
EK202310211785,135.16666666666666
EK202310194018,155.13333333333333
EK202310223067,146.93333333333334
EK202310131851,158.26666666666668
EK202310146819,131.8
EK202310240643,155.36666666666667
EK202310156305,141.16666666666666
EK202310207011,133.03333333333333
EK202310225288,137.23333333333332
EK202310246090,151.93333333333334
EK202310159743,137.96666666666667
EK202310160951,161.03333333333333
EK202310164394,144.16666666666666
EK202310172687,133.66666666666666
EK202310157664,138.06666666666666
EK202310186799,138.76666666666668
EK202310177813,146.06666666666666
EK202310135564,147.96666666666667
EK202310109869,132.5
EK202310232529,138.2
EK202310190796,149.9
EK202310157371,145.7
EK202310248440,146.2
EK202310236433,128.83333333333334
EK202310155362,142.33333333333334
EK202310178291,152.4
EK202310236912,143.16666666666666
EK202310104076,134.63333333333333
EK202310192380,135.16666666666666
EK202310138804,152.1
EK202310151241,139.1
EK202310199540,134.86666666666667
EK202310173988,129.63333333333333
EK202310173002,134.03333333333333
EK202310243625,144.6
EK202310193531,146.8
EK202310114242,134.93333333333334
EK202310138736,140.23333333333332
EK202310190347,147.83333333333334
EK202310236408,138.83333333333334
EK202310120734,165.13333333333333
EK202310199091,151.03333333333333
EK202310163422,133.76666666666668
EK202310204728,139.93333333333334
EK202310130979,136.7
EK202310183928,142.73333333333332
EK202310149172,158.3
EK202310112222,150.06666666666666
EK202310135593,173.26666666666668
EK202310116248,130.4
EK202310139060,161.6
EK202310119677,163.86666666666667
EK202310158107,132.66666666666666
EK202310132346,154.2
EK202310134894,146.03333333333333
EK202310136486,145.46666666666667
EK202310129929,167.76666666666668
EK202310105561,131.63333333333333
EK202310154663,137.93333333333334
EK202310170691,149.33333333333334
EK202310129385,137.26666666666668
EK202310201900,153.9
EK202310167771,148.76666666666668
EK202310157806,146.33333333333334
EK202310149813,163.56666666666666
EK202310176321,135.2
EK202310114996,138.46666666666667
EK202310190897,143.26666666666668
EK202310166461,136.23333333333332
EK202310137821,130.8
EK202310112150,139.8
EK202310192173,141.5
EK202310173654,145.13333333333333
EK202310220329,147.93333333333334
EK202310202774,154.16666666666666
EK202310150939,135.86666666666667
EK202310155941,130.26666666666668
EK202310185382,156.06666666666666
EK202310237219,136.43333333333334
EK202310244185,134.13333333333333
EK202310221987,136.43333333333334
EK202310193216,150.83333333333334
EK202310145019,138.7
EK202310193312,157.76666666666668
EK202310121038,141.76666666666668
EK202310210609,155.36666666666667
EK202310198874,141.43333333333334
EK202310144516,145.7
EK202310110453,136.63333333333333
EK202310135805,143.23333333333332
EK202310128896,142.26666666666668
EK202310183544,150.86666666666667
EK202310181264,149.66666666666666
EK202310204958,152.4
EK202310168271,143.06666666666666
EK202310219179,132.03333333333333
EK202310224962,147.26666666666668
EK202310210604,137.53333333333333
EK202310159739,165.23333333333332
EK202310132707,145.93333333333334
EK202310105567,155.5
EK202310226814,140.13333333333333
EK202310217907,136.6
EK202310199396,145.06666666666666
EK202310105066,141.93333333333334
EK202310200675,133.6
EK202310237294,140.36666666666667
EK202310157377,142.06666666666666
EK202310229136,139.73333333333332
EK202310186430,140.66666666666666
EK202310163802,125.66666666666667
EK202310142202,170.86666666666667
EK202310195256,145.8
EK202310004248,156.56666666666666
EK202310195944,138.23333333333332
EK202310152129,140.96666666666667
EK202310235567,139.43333333333334
EK202310239108,161.6
EK202320007089,148.6
EK202310188372,165.73333333333332
EK202310177026,139.76666666666668
EK202310130893,135.8
EK202310145973,147.76666666666668
EK202310168876,139.86666666666667
EK202320005981,160.46666666666667
EK202310158643,144.1
EK202310186188,152.96666666666667
EK202310134495,136.36666666666667
EK202310247686,137.53333333333333
EK202310150624,136.9
EK202310205684,134.5
EK202310130971,142.96666666666667
EK202310109938,144.03333333333333
EK202310157726,138.93333333333334
EK202310217250,145.6
EK202310232228,140.76666666666668
EK202310212931,147.1
EK202310224251,140.76666666666668
EK202310177088,140.36666666666667
EK202310178114,138.76666666666668
EK202310133902,148.86666666666667
EK202310243447,138.93333333333334
EK202310203833,141.9
EK202310205106,167.6
EK202310244839,162.2
EK202310153612,169.06666666666666
EK202310168129,134.26666666666668
EK202310210315,137.43333333333334
EK202310221450,133.93333333333334
EK202310229011,135.26666666666668
EK202310109445,136.13333333333333
EK202310172449,139.66666666666666
EK202310173624,136.53333333333333
EK202320007778,138.96666666666667
EK202310191821,132.33333333333334
EK202310163402,145.96666666666667
EK202310198726,175.46666666666667
EK202310235035,138.86666666666667
EK202310190400,135.2
EK202310223143,130.53333333333333
EK202310134393,161.6
EK202310190107,138.6
EK202310199104,140.63333333333333
EK202310198171,140.5
EK202310126236,141.9
EK202310110975,131.2
EK202310163529,133.26666666666668
EK202310208517,136.9
EK202310229161,126.66666666666667
EK202310224145,140.36666666666667
EK202310245526,154.86666666666667
EK202310105925,146.7
EK202310241775,134.5
EK202310131256,139.73333333333332
EK202310167720,158.16666666666666
EK202310128585,147.8
EK202310171250,137.2
EK202310136309,142.9
EK202310159794,163.4
EK202310147802,174.2
EK202310217371,140.86666666666667
EK202310142272,137.96666666666667
EK202310192020,138.93333333333334
EK202310121935,151.1
EK202320007881,173.2
EK202310144741,143.16666666666666
EK202310237080,155.36666666666667
EK202310121787,126.43333333333334
EK202310157606,137.83333333333334
EK202310171437,155.3
EK202310108122,132.93333333333334
EK202310151362,133.46666666666667
EK202310115777,144.06666666666666
EK202310239193,138.06666666666666
EK202310233042,142.36666666666667
EK202310202833,168.83333333333334
EK202310113174,142.5
EK202310167499,151.76666666666668
EK202310126289,142.46666666666667
EK202310129491,128.2
EK202320005784,158.86666666666667
EK202310170372,136.0
EK202310213906,140.06666666666666
EK202310199476,150.56666666666666
EK202310247011,148.0
EK202310195117,154.03333333333333
EK202310120294,142.7
EK202320007259,157.06666666666666
EK202310188597,144.6
EK202310165978,140.36666666666667
EK202310115867,139.23333333333332
EK202310193317,166.4
EK202310203873,134.63333333333333
EK202310205284,132.86666666666667
EK202310111575,132.53333333333333
EK202310225817,135.96666666666667
EK202310231254,127.1
EK202310183664,169.26666666666668
EK202310104179,129.63333333333333
EK202310230497,135.1
EK202310193284,135.03333333333333
EK202310147738,150.83333333333334
EK202310241264,157.26666666666668
EK202310199094,154.83333333333334
EK202310128153,148.93333333333334
EK202310177426,164.06666666666666
EK202310106407,147.53333333333333
EK202310224168,155.43333333333334
EK202310182894,152.3
EK202310196624,171.1
EK202310174799,144.3
EK202310244287,144.13333333333333
EK202310158225,134.56666666666666
EK202310158700,157.23333333333332
EK202310194647,134.2
EK202310176945,138.93333333333334
EK202310242585,138.56666666666666
EK202310168424,144.0
EK202310155163,149.56666666666666
EK202310124200,138.7
EK202310167074,148.3
EK202310227610,163.83333333333334
EK202310172440,144.8
EK202310224828,140.53333333333333
EK202310125087,135.23333333333332
EK202310172624,154.03333333333333
EK202310212981,141.96666666666667
EK202310212038,133.03333333333333
EK202310181888,144.56666666666666
EK202310151373,145.1
EK202310151400,175.36666666666667
EK202310129480,139.93333333333334
EK202310105531,142.73333333333332
EK202310168802,157.16666666666666
EK202310143364,145.2
EK202310124872,142.13333333333333
EK202310204355,147.1
EK202310151111,163.26666666666668
EK202310208992,134.16666666666666
EK202310214546,140.53333333333333
EK202310149411,131.03333333333333
EK202310142260,141.33333333333334
EK202310164059,136.86666666666667
EK202310109215,133.93333333333334
EK202310199582,148.86666666666667
EK202310127468,135.63333333333333
EK202310142858,138.6
EK202310203332,150.6
EK202310158565,149.4
EK202310172619,135.63333333333333
EK202310107206,149.86666666666667
EK202310211213,131.83333333333334
EK202310172337,136.06666666666666
EK202310220668,135.96666666666667
EK202310153800,142.4
EK202310211090,133.2
EK202310189907,142.83333333333334
EK202310187277,135.1
EK202310196375,139.8
EK202310133091,149.93333333333334
EK202310126566,132.0
EK202310157696,137.73333333333332
EK202310170462,135.2
EK202310187255,151.86666666666667
EK202310123459,136.76666666666668
EK202310145959,141.8
EK202310220363,148.23333333333332
EK202310139815,132.96666666666667
EK202310181913,140.66666666666666
EK202310109098,142.33333333333334
EK202310132727,169.3
EK202310122252,154.7
EK202310167093,159.03333333333333
EK202310139661,142.93333333333334
EK202310174818,170.43333333333334
EK202310166691,143.2
EK202310003691,169.63333333333333
EK202310237525,131.43333333333334
EK202310117373,160.66666666666666
EK202310179546,147.53333333333333
EK202310126077,137.13333333333333
EK202310184499,163.26666666666668
EK202310186109,146.03333333333333
EK202310106103,147.66666666666666
EK202310112500,144.7
EK202310133741,139.73333333333332
EK202310109783,144.93333333333334
EK202310117249,139.23333333333332
EK202310203878,134.66666666666666
EK202310196452,136.53333333333333
EK202310181760,159.63333333333333
EK202310112276,137.43333333333334
EK202310190428,136.63333333333333
EK202310217583,154.7
EK202320005844,150.23333333333332
EK202310206265,142.36666666666667
EK202310221855,134.2
EK202310152502,147.76666666666668
EK202310119997,143.83333333333334
EK202310234516,135.26666666666668
EK202310109706,164.13333333333333
EK202310148105,139.46666666666667
EK202310154560,136.96666666666667
EK202310236829,133.3
EK202310167010,144.76666666666668
EK202310240372,148.1
EK202310129679,146.0
EK202310213367,135.93333333333334
EK202310198361,151.13333333333333
EK202310154494,136.9
EK202310247393,169.8
EK202310233217,137.7
EK202310147827,171.9
EK202310115117,146.06666666666666
EK202310148420,133.26666666666668
EK202310190832,147.5
EK202310134924,133.43333333333334
EK202310188986,153.06666666666666
EK202310129065,149.63333333333333
EK202310191867,129.86666666666667
EK202310134983,156.23333333333332
EK202310113731,140.6
EK202310201726,139.46666666666667
EK202310230201,161.3
EK202310168525,149.33333333333334
EK202310244486,116.46666666666667
EK202310189155,166.66666666666666
EK202310140440,135.9
EK202310106749,141.16666666666666
EK202310179762,152.66666666666666
EK202310129836,139.66666666666666
EK202310220701,133.53333333333333
EK202310186360,143.26666666666668
EK202310109349,160.96666666666667
EK202310201338,156.4
EK202310212253,136.43333333333334
EK202310155921,154.53333333333333
EK202310205532,177.26666666666668
EK202310128471,150.73333333333332
EK202310201094,139.4
EK202310190383,152.23333333333332
EK202310110189,114.76666666666667
EK202310147602,139.26666666666668
EK202310198097,138.76666666666668
EK202310216064,137.8
EK202310211013,143.33333333333334
EK202310160719,145.9
EK202310176494,139.86666666666667
EK202310145249,150.66666666666666
EK202310235596,144.13333333333333
EK202310110412,135.9
EK202310200832,148.76666666666668
EK202310204509,143.73333333333332
EK202310149049,167.93333333333334
EK202310183661,148.96666666666667
EK202310216447,141.7
EK202310200320,143.43333333333334
EK202310161067,135.53333333333333
EK202310207130,134.73333333333332
EK202310145591,173.66666666666666
EK202310127977,154.83333333333334
EK202310161518,163.73333333333332
EK202310138156,126.43333333333334
EK202310244709,144.1
EK202310142566,140.66666666666666
EK202310124071,130.53333333333333
EK202310152858,167.93333333333334
EK202310190782,136.2
EK202310167544,140.66666666666666
EK202310192845,129.46666666666667
EK202310160817,139.3
EK202310196420,143.26666666666668
EK202310004827,131.56666666666666
EK202310227825,151.46666666666667
EK202310194467,139.96666666666667
EK202310113608,144.16666666666666
EK202310103781,144.7
EK202310221275,137.3
EK202310169673,137.76666666666668
EK202310190005,131.33333333333334
EK202310188898,157.16666666666666
EK202310183079,157.5
EK202310166912,142.33333333333334
EK202310142437,153.03333333333333
EK202310212298,134.33333333333334
EK202310109551,139.16666666666666
EK202310222094,133.3
EK202310202049,148.06666666666666
EK202310212471,135.1
EK202310187583,157.7
EK202310188837,134.43333333333334
EK202310220895,138.2
EK202310108270,138.26666666666668
EK202310186872,146.36666666666667
EK202310156937,144.86666666666667
EK202310242846,144.83333333333334
EK202310186481,132.1
EK202310221455,141.3
EK202310180574,134.96666666666667
EK202310168049,133.9
EK202310133898,173.7
EK202310168746,135.16666666666666
EK202310212474,140.4
EK202310161742,141.26666666666668
EK202310181202,159.46666666666667
EK202310200036,132.33333333333334
EK202310184172,147.5
EK202310239220,123.63333333333334
EK202310165958,127.23333333333333
EK202310212102,143.16666666666666
EK202310218823,164.3
EK202310151307,135.1
EK202310204250,156.53333333333333
EK202310183865,158.66666666666666
EK202310149510,151.73333333333332
EK202320006769,143.83333333333334
EK202310227796,149.53333333333333
EK202310248710,128.2
EK202310198205,142.3
EK202310135989,136.63333333333333
EK202310124456,131.03333333333333
EK202310221007,134.63333333333333
EK202310126207,147.3
EK202310181795,142.7
EK202310168767,137.23333333333332
EK202310119332,131.43333333333334
EK202310135427,135.06666666666666
EK202310206685,134.83333333333334
EK202310241653,132.16666666666666
EK202310196379,136.93333333333334
EK202310120248,148.6
EK202310172212,144.13333333333333
EK202310181585,155.13333333333333
EK202320006780,176.36666666666667
EK202310133161,127.6
EK202310109841,141.76666666666668
EK202310152371,167.96666666666667
EK202310125316,131.4
EK202310127854,141.3
EK202310208551,146.13333333333333
EK202310172019,134.33333333333334
EK202320005655,149.66666666666666
EK202310117833,130.3
EK202310110950,132.76666666666668
EK202310244018,129.7
EK202310234592,139.1
EK202310136966,131.43333333333334
EK202310185914,147.53333333333333
EK202310236175,127.5
EK202310187917,141.33333333333334
EK202310004461,136.8
EK202310131974,147.73333333333332
EK202310184967,147.66666666666666
EK202310185067,145.23333333333332
EK202310236069,134.36666666666667
EK202310186869,138.2
EK202310149914,136.23333333333332
EK202310154439,139.7
EK202310117130,136.56666666666666
EK202310192819,150.36666666666667
EK202310158666,149.33333333333334
EK202310197005,132.16666666666666
EK202310203581,136.7
EK202310178102,135.33333333333334
EK202310224457,134.23333333333332
EK202310118618,137.56666666666666
EK202310185500,154.43333333333334
EK202310213431,137.8
EK202310201151,147.53333333333333
EK202310228224,134.76666666666668
EK202310148041,151.1
EK202310178742,163.63333333333333
EK202310227550,144.03333333333333
EK202310119869,144.26666666666668
EK202310146474,158.43333333333334
EK202310123299,125.83333333333333
EK202310187842,152.93333333333334
EK202310155425,142.63333333333333
EK202310210739,139.8
EK202310177302,143.56666666666666
EK202310202123,146.93333333333334
EK202310104749,147.83333333333334
EK202310185079,138.0
EK202310132781,129.7
EK202310193932,148.56666666666666
EK202310189612,124.6
EK202310201902,162.83333333333334
EK202310208534,148.1
EK202310189130,163.3
EK202310215684,131.73333333333332
EK202310160446,143.13333333333333
EK202310133958,159.5
EK202310176688,148.76666666666668
EK202310211793,128.26666666666668
EK202310210111,129.9
EK202310232666,136.03333333333333
EK202310128743,134.33333333333334
EK202310130719,126.53333333333333
EK202310004334,142.46666666666667
EK202310126855,144.23333333333332
EK202310152426,144.66666666666666
EK202310188746,135.56666666666666
EK202310236429,135.4
EK202310170500,131.86666666666667
EK202310124582,135.36666666666667
EK202310181729,165.06666666666666
EK202310224787,135.73333333333332
EK202310108930,147.33333333333334
EK202310104434,137.6
EK202310115530,141.06666666666666
EK202310184629,169.46666666666667
EK202310217615,140.0
EK202310228010,119.16666666666667
EK202310199351,151.66666666666666
EK202310231067,149.63333333333333
EK202310215633,138.1
EK202310142323,162.63333333333333
EK202310244740,140.26666666666668
EK202310173913,151.6
EK202310218786,136.46666666666667
EK202310215448,148.63333333333333
EK202310114357,136.26666666666668
EK202310197601,145.56666666666666
EK202310247322,154.23333333333332
EK202310231270,142.8
EK202310142374,130.63333333333333
EK202310117138,142.66666666666666
EK202310176849,135.53333333333333
EK202310109114,137.93333333333334
EK202310182696,148.03333333333333
EK202310135900,136.83333333333334
EK202310123905,167.06666666666666
EK202310130761,138.63333333333333
EK202310122276,140.03333333333333
EK202310121513,148.66666666666666
EK202310168032,146.43333333333334
EK202310213827,135.5
EK202310115189,131.36666666666667
EK202310138716,128.43333333333334
EK202310246376,140.7
EK202310227795,147.33333333333334
EK202310138696,147.23333333333332
EK202310194234,134.0
EK202310184761,159.5
EK202310162543,157.5
EK202310236480,137.9
EK202310209507,135.43333333333334
EK202310136499,141.16666666666666
EK202310204660,138.7
EK202310111522,144.5
EK202310105606,135.13333333333333
EK202320007453,140.13333333333333
EK202310232384,137.73333333333332
EK202310206748,134.1
EK202310241912,154.13333333333333
EK202310124064,138.7
EK202310122759,133.0
EK202310190369,152.06666666666666
EK202310186879,144.9
EK202310149694,140.53333333333333
EK202310223534,136.26666666666668
EK202310159550,140.56666666666666
EK202310221243,140.93333333333334
EK202310244635,137.76666666666668
EK202310198162,127.8
EK202310125552,139.96666666666667
EK202310132850,129.73333333333332
EK202320005964,163.26666666666668
EK202310126781,163.1
EK202310147128,158.13333333333333
EK202310226818,126.93333333333334
EK202310124338,142.73333333333332
EK202310225790,132.03333333333333
EK202310144382,147.63333333333333
EK202310160141,147.56666666666666
EK202310177663,132.93333333333334
EK202310231419,131.16666666666666
EK202310141307,136.76666666666668
EK202310119017,137.63333333333333
EK202310219691,142.06666666666666
EK202310114034,140.06666666666666
EK202310207177,142.4
EK202310120353,140.93333333333334
EK202310003709,134.96666666666667
EK202310208102,149.7
EK202310117194,143.06666666666666
EK202310160414,139.13333333333333
EK202310128750,137.36666666666667
EK202310236926,145.66666666666666
EK202310230067,147.03333333333333
EK202310209445,149.1
EK202310237314,152.3
EK202310232234,141.36666666666667
EK202310150354,141.86666666666667
EK202310196951,145.73333333333332
EK202310194465,148.33333333333334
EK202310193016,144.86666666666667
EK202310151083,143.46666666666667
EK202310184367,147.66666666666666
EK202310112469,149.0
EK202310192489,139.73333333333332
EK202310224546,137.56666666666666
EK202310247421,162.96666666666667
EK202310194417,151.5
EK202310121339,126.76666666666667
EK202310190360,143.1
EK202310226836,153.96666666666667
EK202310168945,133.76666666666668
EK202310227078,148.2
EK202310232895,143.63333333333333
EK202310230495,132.96666666666667
EK202310246097,144.0
EK202310202842,128.8
EK202310220262,131.76666666666668
EK202310134200,144.6
EK202310203601,149.86666666666667
EK202310190558,130.56666666666666
EK202310232949,126.76666666666667
EK202310195423,152.96666666666667
EK202310164136,132.5
EK202310111473,143.5
EK202310194752,140.9
EK202310139201,160.73333333333332
EK202310215712,131.36666666666667
EK202310126580,139.7
EK202310143206,143.03333333333333
EK202310222539,141.3
EK202310239797,128.96666666666667
EK202310157767,152.3
EK202310237925,136.06666666666666
EK202310227346,138.33333333333334
EK202310222227,136.8
EK202310231460,137.96666666666667
EK202310105762,142.0
EK202310149701,138.0
EK202310231185,130.7
EK202310187011,145.86666666666667
EK202310188048,142.46666666666667
EK202310147979,153.4
EK202310136963,159.9
EK202310223233,138.7
EK202310147717,132.3
EK202310235875,136.63333333333333
EK202310146872,135.8
EK202310114622,138.16666666666666
EK202310127235,155.53333333333333
EK202310170129,135.66666666666666
EK202310174462,145.86666666666667
EK202310239145,146.43333333333334
EK202310103947,149.6
EK202310118725,155.93333333333334
EK202310181241,149.03333333333333
EK202310215016,152.96666666666667
EK202310197863,149.56666666666666
EK202310162387,135.53333333333333
EK202310108126,138.73333333333332
EK202310207445,143.83333333333334
EK202310003781,145.03333333333333
EK202310153594,145.16666666666666
EK202310234731,138.4
EK202310112047,137.13333333333333
EK202310246932,134.83333333333334
EK202310218014,134.9
EK202310159032,142.96666666666667
EK202310108938,145.9
EK202310126068,144.9
EK202310146294,149.26666666666668
EK202310197490,142.33333333333334
EK202310235805,151.8
EK202310244213,129.83333333333334
EK202310169974,141.86666666666667
EK202310180762,136.0
EK202310117588,136.0
EK202310146489,148.16666666666666
EK202310242008,136.06666666666666
EK202310175256,153.23333333333332
EK202310183438,143.76666666666668
EK202310216482,132.2
EK202310150432,141.5
EK202310224664,142.86666666666667
EK202310182573,153.73333333333332
EK202310227828,143.3
EK202310183759,160.56666666666666
EK202310168521,160.5
EK202310183715,145.03333333333333
EK202310142868,133.66666666666666
EK202310202199,152.43333333333334
EK202310167759,139.83333333333334
EK202310229275,140.56666666666666
EK202310229628,135.4
EK202310190352,135.8
EK202310234142,137.23333333333332
EK202310141693,137.66666666666666
EK202310133997,134.86666666666667
EK202310180676,138.16666666666666
EK202310127990,146.33333333333334
EK202310194053,178.8
EK202310240865,142.46666666666667
EK202310238191,137.23333333333332
EK202310218152,147.56666666666666
EK202310192642,136.93333333333334
EK202310113518,132.76666666666668
EK202310177048,146.43333333333334
EK202310003870,133.4
EK202310184101,137.23333333333332
EK202310123625,143.86666666666667
EK202310105534,138.73333333333332
EK202310130598,150.86666666666667
EK202310183150,145.13333333333333
EK202310223939,140.36666666666667
EK202310151237,140.36666666666667
EK202310150186,142.03333333333333
EK202310119286,161.26666666666668
EK202310147962,145.43333333333334
EK202310195618,139.6
EK202310146717,144.63333333333333
EK202310226225,127.06666666666666
EK202310108305,153.73333333333332
EK202310132381,133.8
EK202310130474,139.96666666666667
EK202310123530,138.5
EK202310207610,153.5
EK202310142942,157.53333333333333
EK202310181486,139.16666666666666
EK202310227391,135.36666666666667
EK202310219674,140.7
EK202310231118,139.23333333333332
EK202310156122,143.8
EK202310168356,149.4
EK202310152965,157.96666666666667
EK202310240478,149.46666666666667
EK202310220260,131.36666666666667
EK202310166323,142.96666666666667
EK202310130108,170.0
EK202310139786,140.6
EK202310163761,147.3
EK202310221197,145.53333333333333
EK202310194216,156.93333333333334
EK202310209659,136.76666666666668
EK202310214603,174.66666666666666
EK202310108794,141.43333333333334
EK202310152434,139.66666666666666
EK202310134754,144.7
EK202310236812,135.46666666666667
EK202310167567,146.9
EK202310203493,154.63333333333333
EK202310175040,135.1
EK202310205734,157.96666666666667
EK202310104881,152.26666666666668
EK202310188034,157.9
EK202320007581,156.23333333333332
EK202310004300,138.73333333333332
EK202310126491,131.1
EK202310236882,138.03333333333333
EK202310151164,129.3
EK202310106280,151.56666666666666
EK202310163693,144.26666666666668
EK202310168683,136.13333333333333
EK202310189719,166.73333333333332
EK202310233687,146.0
EK202310201579,147.76666666666668
EK202310202351,138.93333333333334
EK202310180846,146.36666666666667
EK202310170131,138.53333333333333
EK202310113992,141.56666666666666
EK202310225909,150.03333333333333
EK202310118201,141.1
EK202310184100,152.16666666666666
EK202310169994,142.03333333333333
EK202310186322,146.1
EK202310187689,137.23333333333332
EK202310241609,137.46666666666667
EK202310112492,133.1
EK202310216335,134.53333333333333
EK202310207022,162.76666666666668
EK202310125948,150.93333333333334
EK202310127865,133.33333333333334
EK202310174681,147.53333333333333
EK202310233071,136.76666666666668
EK202310193133,154.26666666666668
EK202310132000,137.96666666666667
EK202310103983,155.66666666666666
EK202310191233,151.73333333333332
EK202310231154,138.46666666666667
EK202310116716,138.43333333333334
EK202310179545,139.36666666666667
EK202310206643,139.6
EK202310134367,171.7
EK202310176122,162.93333333333334
EK202310214013,147.86666666666667
EK202310134741,142.4
EK202310174213,139.83333333333334
EK202310141096,161.53333333333333
EK202310206920,159.5
EK202310194809,160.33333333333334
EK202310202514,140.36666666666667
EK202310110026,140.43333333333334
EK202310104374,134.96666666666667
EK202310120332,125.13333333333334
EK202310157554,138.36666666666667
EK202310204383,122.56666666666666
EK202310208398,134.56666666666666
EK202310118265,133.6
EK202310231010,125.8
EK202310213437,125.73333333333333
EK202310146583,143.16666666666666
EK202310195386,143.3
EK202310228443,145.63333333333333
EK202310123135,137.8
EK202310142556,149.63333333333333
EK202310245462,138.8
EK202310234824,136.13333333333333
EK202310197141,139.5
EK202310229145,142.26666666666668
EK202310209147,149.23333333333332
EK202310214152,163.2
EK202310164947,138.6
EK202310222842,140.33333333333334
EK202310211770,128.56666666666666
EK202310004960,140.1
EK202310239260,146.6
EK202310115431,156.23333333333332
EK202310202893,137.33333333333334
EK202310205187,139.66666666666666
EK202310202065,157.76666666666668
EK202310127001,131.36666666666667
EK202310181721,173.06666666666666
EK202310161325,153.66666666666666
EK202310140540,167.73333333333332
EK202310167097,139.43333333333334
EK202310140718,151.3
EK202310149480,129.26666666666668
EK202310183531,138.16666666666666
EK202310148864,150.3
EK202310003701,141.73333333333332
EK202310144900,125.36666666666666
EK202310144750,157.1
EK202310162709,144.46666666666667
EK202310186895,135.83333333333334
EK202310226408,131.56666666666666
EK202320007110,170.36666666666667
EK202310162496,163.46666666666667
EK202310212196,144.16666666666666
EK202310239361,128.83333333333334
EK202310125997,138.03333333333333
EK202310246168,138.26666666666668
EK202310193381,154.7
EK202310190604,150.3
EK202310111954,140.83333333333334
EK202310176791,143.3
EK202310141476,152.56666666666666
EK202310221421,168.03333333333333
EK202310129409,144.03333333333333
EK202310122129,124.56666666666666
EK202310149924,169.2
EK202310179998,149.66666666666666
EK202310195558,158.46666666666667
EK202310112050,145.46666666666667
EK202310136298,145.4
EK202310146636,140.5
EK202310239762,154.13333333333333
EK202310200996,130.63333333333333
EK202310223066,132.5
EK202310167187,145.83333333333334
EK202310124533,151.66666666666666
EK202310143956,156.03333333333333
EK202310178323,153.63333333333333
EK202310224950,150.4
EK202310179276,142.63333333333333
EK202310246017,142.26666666666668
EK202320006428,169.3
EK202310241114,133.56666666666666
EK202310217472,139.46666666666667
EK202310162260,154.36666666666667
EK202310240436,129.36666666666667
EK202310198123,132.93333333333334
EK202310156200,146.13333333333333
EK202310141977,155.36666666666667
EK202310223019,131.6
EK202310193508,152.9
EK202310222293,140.6
EK202310156492,162.43333333333334
EK202310180531,137.2
EK202310225433,139.9
EK202310127891,132.43333333333334
EK202310228056,132.26666666666668
EK202310106710,137.43333333333334
EK202310183113,131.56666666666666
EK202310180843,143.53333333333333
EK202310204705,142.2
EK202310140212,159.23333333333332
EK202310179669,137.06666666666666
EK202310212869,141.03333333333333
EK202310203115,150.93333333333334
EK202310131490,135.16666666666666
EK202310109872,142.8
EK202310150034,168.16666666666666
EK202310174047,138.6
EK202310247649,144.2
EK202310217502,155.03333333333333
EK202310133755,137.33333333333334
EK202310169961,136.86666666666667
EK202310188670,136.33333333333334
EK202310238912,152.4
EK202310113770,152.46666666666667
EK202310146729,129.8
EK202310185503,154.2
EK202310245764,140.23333333333332
EK202310242449,155.03333333333333
EK202310206998,135.36666666666667
EK202310215872,136.76666666666668
EK202310130322,165.6
EK202310107786,156.33333333333334
EK202310201622,140.2
EK202310125291,141.83333333333334
EK202320007483,175.23333333333332
EK202310232956,130.7
EK202310134707,148.96666666666667
EK202320007480,147.83333333333334
EK202310203884,122.23333333333333
EK202310209390,142.63333333333333
EK202310105328,138.16666666666666
EK202310144128,138.76666666666668
EK202310115260,154.43333333333334
EK202310136404,137.83333333333334
EK202310200686,162.3
EK202310149205,133.9
EK202310224673,146.13333333333333
EK202310233927,143.73333333333332
EK202310231452,128.9
EK202310147484,138.23333333333332
EK202310227688,139.56666666666666
EK202310119870,137.03333333333333
EK202310230862,134.8
EK202310124325,135.23333333333332
EK202310174689,139.8
EK202310241097,133.46666666666667
EK202310201197,151.06666666666666
EK202310133296,144.83333333333334
EK202310233451,151.66666666666666
EK202310135940,141.83333333333334
EK202310107985,140.6
EK202310157602,157.03333333333333
EK202310139763,139.8
EK202310238145,170.76666666666668
EK202310168639,150.03333333333333
EK202310219394,148.16666666666666
EK202310216358,130.9
EK202310127032,133.9
EK202310148206,149.16666666666666
EK202310227757,143.0
EK202310112688,145.96666666666667
EK202310214245,145.6
EK202310124215,133.9
EK202310132325,150.4
EK202310245630,135.5
EK202310159135,125.76666666666667
EK202310153895,134.6
EK202310211988,136.9
EK202310185598,154.56666666666666
EK202310192392,136.6
EK202310242881,156.3
EK202310153163,153.16666666666666
EK202310179601,144.03333333333333
EK202310241826,148.4
EK202310125720,134.63333333333333
EK202310106591,159.46666666666667
EK202310162420,136.33333333333334
EK202310133893,135.93333333333334
EK202310168619,171.46666666666667
EK202310142512,157.2
EK202310197943,147.66666666666666
EK202310176141,145.76666666666668
EK202310149618,143.2
EK202310226109,139.23333333333332
EK202310122228,141.7
EK202310176047,173.03333333333333
EK202310198997,157.83333333333334
EK202310232656,134.36666666666667
EK202310182446,131.56666666666666
EK202310139943,139.7
EK202310165615,136.06666666666666
EK202310142885,127.0
EK202310193296,149.43333333333334
EK202310121667,121.66666666666667
EK202310223883,141.16666666666666
EK202310143204,145.8
EK202310205226,150.9
EK202310119065,143.03333333333333
EK202310213461,142.06666666666666
EK202310120362,129.8
EK202310194154,159.8
EK202310107601,152.3
EK202310204833,142.4
EK202310176205,160.2
EK202310154960,147.43333333333334
EK202310130425,140.16666666666666
EK202310126003,138.56666666666666
EK202310192656,151.26666666666668
EK202310213037,149.56666666666666
EK202310243222,148.5
EK202310132202,125.96666666666667
EK202310235252,138.96666666666667
EK202310160890,150.43333333333334
EK202310198189,135.3
EK202310119695,139.2
EK202310172550,140.66666666666666
EK202310229494,135.93333333333334
EK202310004450,129.6
EK202310146462,145.2
EK202310113248,140.26666666666668
EK202310221078,139.5
EK202310124198,141.66666666666666
EK202310212260,129.7
EK202310134794,139.3
EK202310221523,126.43333333333334
EK202310219960,137.56666666666666
EK202310121234,145.33333333333334
EK202310233970,142.46666666666667
EK202310188001,154.1
EK202310163334,142.0
EK202310208205,134.66666666666666
EK202310130304,135.2
EK202310154503,153.9
EK202310170798,134.4
EK202310152846,165.3
EK202310130702,137.96666666666667
EK202310203151,153.7
EK202310217313,136.33333333333334
EK202310233757,137.26666666666668
EK202310138726,147.0
EK202310156939,154.06666666666666
EK202310129985,135.53333333333333
EK202310190426,134.53333333333333
EK202310171121,136.43333333333334
EK202310214542,141.63333333333333
EK202310168552,126.36666666666666
EK202310183003,142.46666666666667
EK202310123726,158.13333333333333
EK202310181506,139.46666666666667
EK202310237990,129.23333333333332
EK202310162825,167.13333333333333
EK202310224013,126.3
EK202310158873,121.36666666666666
EK202310137354,150.43333333333334
EK202310123420,140.73333333333332
EK202310225576,139.46666666666667
EK202310229941,143.1
EK202310229623,140.63333333333333
EK202310107612,147.3
EK202310246113,140.76666666666668
EK202310144693,134.93333333333334
EK202310116502,137.3
EK202310139421,128.66666666666666
EK202310112631,145.43333333333334
EK202310106168,135.5
EK202310207682,133.8
EK202310157085,167.76666666666668
EK202310245691,137.26666666666668
EK202310200879,131.96666666666667
EK202310131443,145.83333333333334
EK202310196154,149.36666666666667
EK202310231226,139.83333333333334
EK202310210056,131.1
EK202310114898,141.73333333333332
EK202310203643,145.1
EK202310160283,154.4
EK202320005966,152.0
EK202310167009,151.66666666666666
EK202310191878,140.2
EK202310152713,168.63333333333333
EK202310179861,149.23333333333332
EK202310153872,138.3
EK202310106053,145.13333333333333
EK202310189085,134.73333333333332
EK202310212320,137.3
EK202310147327,147.83333333333334
EK202320006343,153.0
EK202310178068,148.4
EK202310216051,141.33333333333334
EK202310120390,140.46666666666667
EK202310150611,150.4
EK202310170657,147.56666666666666
EK202310132614,139.4
EK202310130044,138.33333333333334
EK202310230130,129.46666666666667
EK202310142200,136.1
EK202310142024,169.76666666666668
EK202310199015,132.93333333333334
EK202310129011,137.93333333333334
EK202310162645,160.73333333333332
EK202310165075,144.53333333333333
EK202310242200,146.86666666666667
EK202310216319,141.43333333333334
EK202310168191,130.76666666666668
EK202310173505,133.56666666666666
EK202310197116,147.33333333333334
EK202310196993,153.76666666666668
EK202310190097,151.03333333333333
EK202310243824,128.0
EK202310185884,161.03333333333333
EK202310115378,123.9
EK202310203204,148.4
EK202310118547,142.76666666666668
EK202310228351,128.03333333333333
EK202310243844,143.73333333333332
EK202310169224,125.9
EK202310173833,158.83333333333334
EK202310182027,141.1
EK202310128404,136.76666666666668
EK202310221581,169.56666666666666
EK202310202028,138.13333333333333
EK202310140548,133.5
EK202310134135,151.93333333333334
EK202310192158,154.53333333333333
EK202310112502,143.66666666666666
EK202310113790,147.1
EK202310218316,137.76666666666668
EK202310188343,148.53333333333333
EK202310176251,143.73333333333332
EK202310201210,150.33333333333334
EK202310231157,143.4
EK202310195345,155.1
EK202310151257,137.43333333333334
EK202310156988,137.16666666666666
EK202310225915,157.9
EK202310239080,135.53333333333333
EK202310210523,136.2
EK202310130378,134.46666666666667
EK202310152365,146.66666666666666
EK202320005984,162.1
EK202310228471,130.1
EK202310121673,129.5
EK202310239395,151.9
EK202310198842,143.3
EK202310241420,138.16666666666666
EK202310231742,136.26666666666668
EK202310131099,156.2
EK202310188446,133.96666666666667
EK202310190252,141.63333333333333
EK202310236866,130.03333333333333
EK202310207108,154.5
EK202310184757,154.46666666666667
EK202310104389,152.16666666666666
EK202310217076,135.1
EK202310106797,150.36666666666667
EK202310216511,140.9
EK202310209342,146.03333333333333
EK202310183200,150.43333333333334
EK202310145433,165.76666666666668
EK202310140014,141.3
EK202310125223,125.7
EK202310140119,147.83333333333334
EK202320005700,167.26666666666668
EK202310194061,150.7
EK202310195873,168.23333333333332
EK202310220232,136.26666666666668
EK202310216119,137.93333333333334
EK202310134968,158.46666666666667
EK202310174540,146.83333333333334
EK202310185424,141.23333333333332
EK202310125685,137.66666666666666
EK202310234710,138.63333333333333
EK202310214117,160.23333333333332
EK202320006910,152.1
EK202310231049,133.6
EK202310195331,163.43333333333334
EK202310194304,150.46666666666667
EK202310171159,144.2
EK202310138049,144.4
EK202310198003,144.43333333333334
EK202310159099,160.86666666666667
EK202310216629,144.03333333333333
EK202310191293,147.43333333333334
EK202310174065,143.6
EK202310191081,163.33333333333334
EK202310122728,127.26666666666667
EK202310244744,140.43333333333334
EK202310226033,134.13333333333333
EK202310232759,143.06666666666666
EK202310196945,137.4
EK202310223385,141.83333333333334
EK202310219176,144.56666666666666
EK202310131076,139.96666666666667
EK202310204889,139.53333333333333
EK202310125633,157.83333333333334
EK202310153304,158.53333333333333
EK202310138923,138.66666666666666
EK202310110215,148.56666666666666
EK202310212666,138.7
EK202310219342,127.56666666666666
EK202310161803,143.2
EK202310120553,141.73333333333332
EK202310230584,136.1
EK202310224579,146.8
EK202310171422,141.2
EK202310106867,148.6
EK202310121769,152.26666666666668
EK202310215792,130.16666666666666
EK202310138205,132.03333333333333
EK202310189070,144.26666666666668
EK202310151230,140.43333333333334
EK202310108779,143.46666666666667
EK202310167488,140.16666666666666
EK202310243336,128.86666666666667
EK202310124223,132.83333333333334
EK202310240547,143.33333333333334
EK202310191562,156.26666666666668
EK202310140508,137.0
EK202310119457,148.43333333333334
EK202310179610,128.8
EK202310146453,159.73333333333332
EK202310163261,165.56666666666666
EK202310214487,170.56666666666666
EK202310195013,140.4
EK202310129643,132.13333333333333
EK202310106761,144.46666666666667
EK202310132636,148.0
EK202310205792,136.26666666666668
EK202310176096,152.0
EK202310132675,142.43333333333334
EK202310203792,127.9
EK202310188904,146.3
EK202310233751,137.3
EK202310105923,135.33333333333334
EK202310176082,160.23333333333332
EK202310231901,146.53333333333333
EK202310117263,135.6
EK202310189853,158.96666666666667
EK202310161443,163.43333333333334
EK202310245106,149.2
EK202310203080,145.16666666666666
EK202310229771,135.2
EK202310178345,142.0
EK202310212555,147.5
EK202310183797,147.33333333333334
EK202310247956,128.56666666666666
EK202310137158,144.4
EK202310121175,143.63333333333333
EK202310142530,126.06666666666666
EK202310145622,154.86666666666667
EK202310110044,136.5
EK202310141565,145.9
EK202310203553,150.4
EK202310186294,139.36666666666667
EK202310232455,138.3
EK202310234707,131.93333333333334
EK202310190127,146.8
EK202310116984,139.9
EK202310113225,141.43333333333334
EK202310153087,154.9
EK202310162145,138.23333333333332
EK202310241242,149.46666666666667
EK202310199480,147.5
EK202310133097,146.13333333333333
EK202310148951,143.4
EK202310164526,161.1
EK202310157028,140.76666666666668
EK202310174361,140.9
EK202310186033,143.66666666666666
EK202310218703,129.43333333333334
EK202310179140,135.63333333333333
EK202310185393,142.5
EK202310109267,133.93333333333334
EK202310188479,131.7
EK202310132207,160.76666666666668
EK202320007399,162.4
EK202310118229,133.66666666666666
EK202310125154,141.93333333333334
EK202310140377,138.76666666666668
EK202310198868,133.56666666666666
EK202310209658,130.1
EK202310241949,154.2
EK202310179752,167.9
EK202310117086,135.56666666666666
EK202310166263,140.93333333333334
EK202310203482,148.83333333333334
EK202310164665,143.46666666666667
EK202310168393,158.76666666666668
EK202310131582,136.56666666666666
EK202310150017,142.63333333333333
EK202310150912,145.06666666666666
EK202310117341,136.66666666666666
EK202310181073,127.0
EK202310172053,151.16666666666666
EK202310239963,155.63333333333333
EK202310132072,138.1
EK202310192876,135.36666666666667
EK202310152121,138.73333333333332
EK202310213403,145.16666666666666
EK202310239334,135.63333333333333
EK202310148570,138.13333333333333
EK202310155053,130.93333333333334
EK202310132986,148.23333333333332
EK202310110729,156.5
EK202310174910,153.46666666666667
EK202310187690,144.16666666666666
EK202310127998,141.13333333333333
EK202310137683,142.36666666666667
EK202310108081,131.4
EK202310239262,157.83333333333334
EK202310182783,129.2
EK202310204488,138.9
EK202310199126,140.5
EK202310107243,139.23333333333332
EK202310105267,135.73333333333332
EK202310152097,163.4
EK202310125739,130.46666666666667
EK202310170277,150.2
EK202310237606,139.4
EK202310234522,137.53333333333333
EK202310161698,142.36666666666667
EK202310165822,133.96666666666667
EK202310248288,143.33333333333334
EK202310136063,167.76666666666668
EK202310117203,145.46666666666667
EK202310154981,144.26666666666668
EK202310232175,147.63333333333333
EK202310144896,125.1
EK202310142768,134.36666666666667
EK202310160960,126.46666666666667
EK202310163131,137.83333333333334
EK202310239813,137.43333333333334
EK202310144375,138.2
EK202310175307,166.73333333333332
EK202310227665,154.16666666666666
EK202310132201,157.73333333333332
EK202310143654,153.76666666666668
EK202310197398,133.06666666666666
EK202310247650,136.56666666666666
EK202310218583,135.06666666666666
EK202310185132,134.5
EK202310166220,137.43333333333334
EK202310183470,154.53333333333333
EK202310193070,143.53333333333333
EK202310127467,129.4
EK202310208200,149.8
EK202310230712,145.06666666666666
EK202310137427,130.23333333333332
EK202310140112,146.33333333333334
EK202310223686,134.83333333333334
EK202310176982,149.1
EK202310118244,135.86666666666667
EK202310151713,135.43333333333334
EK202310212261,137.63333333333333
EK202310134611,123.36666666666666
EK202310120945,135.86666666666667
EK202310151019,144.46666666666667
EK202310141095,151.13333333333333
EK202310137745,131.96666666666667
EK202310225567,147.06666666666666
EK202310216872,159.03333333333333
EK202310212300,135.56666666666666
EK202310225881,152.7
EK202310151821,134.26666666666668
EK202310129868,143.16666666666666
EK202310156170,142.76666666666668
EK202320006992,141.86666666666667
EK202310173073,142.53333333333333
EK202310240592,140.93333333333334
EK202310128981,134.5
EK202310225347,153.0
EK202310107505,137.66666666666666
EK202310004769,139.9
EK202310192529,135.96666666666667
EK202310205344,158.53333333333333
EK202310241518,131.26666666666668
EK202310188554,145.06666666666666
EK202310185562,159.16666666666666
EK202310154855,137.63333333333333
EK202310175481,164.83333333333334
EK202310157901,141.33333333333334
EK202310221152,145.36666666666667
EK202310200465,153.36666666666667
EK202310183211,129.86666666666667
EK202310194651,147.96666666666667
EK202310116691,139.76666666666668
EK202310219488,131.93333333333334
EK202310155631,159.83333333333334
EK202310168504,130.7
EK202310199253,138.0
EK202310221668,134.36666666666667
EK202310212285,130.9
EK202310172945,141.13333333333333
EK202310186658,129.96666666666667
EK202310222256,138.23333333333332
EK202310224152,134.86666666666667
EK202310128793,136.83333333333334
EK202310120896,134.3
EK202310120399,136.73333333333332
EK202310169743,145.73333333333332
EK202310248477,147.56666666666666
EK202310116273,141.96666666666667
EK202310247694,143.86666666666667
EK202310215708,131.3
EK202310236946,138.93333333333334
EK202310200762,150.33333333333334
EK202310178415,154.73333333333332
EK202310144132,158.36666666666667
EK202310225926,142.46666666666667
EK202310148881,153.03333333333333
EK202310177347,156.9
EK202310213539,143.03333333333333
EK202310208401,143.73333333333332
EK202310238371,128.0
EK202310234534,144.83333333333334
EK202310136323,144.33333333333334
EK202310135243,135.9
EK202310202317,138.26666666666668
EK202310226279,140.96666666666667
EK202310203743,139.26666666666668
EK202310205749,145.6
EK202310004277,142.43333333333334
EK202310113847,135.96666666666667
EK202310194210,164.7
EK202310183278,147.5
EK202310145260,144.0
EK202310239730,136.7
EK202310228304,138.03333333333333
EK202310152088,144.0
EK202310154058,136.93333333333334
EK202310136681,152.36666666666667
EK202310117313,131.46666666666667
EK202310233274,133.1
EK202310179794,137.33333333333334
EK202310135084,170.6
EK202310206633,145.56666666666666
EK202310234183,126.36666666666666
EK202310143964,148.96666666666667
EK202310158947,157.6
EK202310137263,136.26666666666668
EK202310203360,159.46666666666667
EK202310004905,153.26666666666668
EK202310140955,140.66666666666666
EK202310214327,149.33333333333334
EK202310222556,133.7
EK202310128510,164.23333333333332
EK202310119821,139.3
EK202310120108,141.23333333333332
EK202310212000,127.2
EK202310105271,155.16666666666666
EK202310229500,133.9
EK202310110970,131.66666666666666
EK202310105364,141.23333333333332
EK202310108637,138.96666666666667
EK202310164376,165.66666666666666
EK202310230032,142.73333333333332
EK202310236376,138.26666666666668
EK202310181052,123.73333333333333
EK202310203281,140.46666666666667
EK202310181885,146.53333333333333
EK202310138885,136.16666666666666
EK202310121415,137.86666666666667
EK202310186231,145.33333333333334
EK202310212814,155.53333333333333
EK202310233197,138.7
EK202310184928,147.33333333333334
EK202310109218,145.4
EK202310189923,137.4
EK202310212951,137.4
EK202310166071,164.16666666666666
EK202310151335,129.7
EK202310106930,138.6
EK202310146184,150.76666666666668
EK202310178125,132.83333333333334
EK202310167170,130.6
EK202310144047,147.63333333333333
EK202310161545,169.93333333333334
EK202310110114,149.36666666666667
EK202310197034,130.8
EK202310125522,135.63333333333333
EK202310239777,141.26666666666668
EK202310183013,158.3
EK202310201498,156.1
EK202310233357,142.4
EK202310193361,140.2
EK202310160811,141.93333333333334
EK202310167037,155.83333333333334
EK202310209597,138.76666666666668
EK202310196969,147.76666666666668
EK202310123103,131.26666666666668
EK202310122187,143.86666666666667
EK202310197780,150.26666666666668
EK202310217861,141.7
EK202310239177,160.0
EK202310184410,140.13333333333333
EK202310198476,137.3
EK202310145712,140.86666666666667
EK202310125391,136.2
EK202310162973,147.53333333333333
EK202320007481,148.43333333333334
EK202310211032,160.06666666666666
EK202310184725,153.5
EK202310121942,136.63333333333333
EK202310146503,135.83333333333334
EK202310186497,148.13333333333333
EK202310141946,146.63333333333333
EK202310188222,158.46666666666667
EK202310237766,144.13333333333333
EK202310224087,137.63333333333333
EK202310245643,143.46666666666667
EK202310153868,140.6
EK202310117630,126.63333333333334
EK202310150168,131.0
EK202310104804,160.16666666666666
EK202310227586,131.9
EK202310226962,150.8
EK202310204684,131.8
EK202310106991,138.06666666666666
EK202310219834,160.06666666666666
EK202310240450,152.96666666666667
EK202310214713,140.33333333333334
EK202310153479,132.76666666666668
EK202320006589,174.46666666666667
EK202310151125,161.36666666666667
EK202310170205,155.4
EK202310174684,138.1
EK202310145286,142.8
EK202310174584,140.7
EK202310183058,144.53333333333333
EK202310233099,136.83333333333334
EK202310144550,151.56666666666666
EK202310207112,144.23333333333332
EK202310232978,147.5
EK202310115348,142.76666666666668
EK202310183741,163.03333333333333
EK202310144742,144.46666666666667
EK202310178484,157.5
EK202310151424,168.7
EK202310223346,145.16666666666666
EK202310138234,161.76666666666668
EK202310190044,154.4
EK202310210164,148.53333333333333
EK202310175594,149.3
EK202310139802,156.53333333333333
EK202310133593,149.3
EK202310236059,139.1
EK202310247892,133.46666666666667
EK202310228841,137.76666666666668
EK202310142116,145.73333333333332
EK202310139752,131.1
EK202310247535,157.73333333333332
EK202310204858,131.6
EK202310127198,155.63333333333333
EK202310212663,138.33333333333334
EK202310133054,132.56666666666666
EK202310116254,152.86666666666667
EK202310140288,145.5
EK202310242550,143.76666666666668
EK202310208841,137.63333333333333
EK202310167295,163.06666666666666
EK202310109419,132.93333333333334
EK202310233386,141.13333333333333
EK202310214181,144.2
EK202310180240,137.7
EK202310181535,144.13333333333333
EK202310191715,171.23333333333332
EK202310157953,171.56666666666666
EK202310234893,133.66666666666666
EK202310160253,151.4
EK202310141553,136.13333333333333
EK202310207337,164.6
EK202310131278,136.4
EK202310178817,162.93333333333334
EK202310106002,132.23333333333332
EK202310166631,128.36666666666667
EK202310107493,141.7
EK202310194394,143.2
EK202310222252,142.76666666666668
EK202310247371,137.5
EK202310160792,139.96666666666667
EK202310225122,139.53333333333333
EK202310214184,146.83333333333334
EK202310191751,135.23333333333332
EK202310237163,127.56666666666666
EK202310225188,136.1
EK202310202616,160.43333333333334
EK202310143696,137.3
EK202310132352,138.96666666666667
EK202310214086,139.7
EK202310137011,166.9
EK202310248717,140.13333333333333
EK202310200235,129.3
EK202310144103,136.8
EK202310111910,140.96666666666667
EK202310225339,141.63333333333333
EK202310246108,144.7
EK202310180876,133.93333333333334
EK202310237122,135.4
EK202310112441,142.63333333333333
EK202310179395,146.2
EK202310157137,145.13333333333333
EK202310136914,170.66666666666666
EK202310127925,136.7
EK202310210485,136.13333333333333
EK202310215065,147.63333333333333
EK202310113641,142.83333333333334
EK202310204283,135.43333333333334
EK202310150194,131.2
EK202310118749,123.7
EK202310186678,145.66666666666666
EK202310110316,130.26666666666668
EK202310190151,136.06666666666666
EK202310119041,129.56666666666666
EK202310140703,148.7
EK202310236754,141.86666666666667
EK202310200936,134.4
EK202310200923,155.8
EK202320005983,142.4
EK202310173120,156.13333333333333
EK202310131266,133.36666666666667
EK202310182913,141.7
EK202310126468,141.23333333333332
EK202310240681,135.3
EK202310163541,135.9
EK202310133063,144.8
EK202310187205,148.0
EK202310176435,135.2
EK202310113625,144.53333333333333
EK202310153932,131.7
EK202310216429,159.26666666666668
EK202310124022,143.9
EK202310187335,169.63333333333333
EK202310227041,150.23333333333332
EK202310173817,130.86666666666667
EK202310131798,167.33333333333334
EK202310225142,139.8
EK202310180166,134.7
EK202310119416,137.76666666666668
EK202310200200,131.0
EK202310150439,146.1
EK202310130027,141.2
EK202310179043,151.23333333333332
EK202310183695,142.83333333333334
EK202310175077,152.26666666666668
EK202310112086,134.66666666666666
EK202310225730,140.26666666666668
EK202310215244,147.96666666666667
EK202310191753,147.46666666666667
EK202310174965,145.8
EK202310157557,141.4
EK202310159970,159.96666666666667
EK202310129081,161.63333333333333
EK202310107248,148.7
EK202310180853,154.86666666666667
EK202310181698,164.26666666666668
EK202310222641,138.86666666666667
EK202310189633,149.63333333333333
EK202310105178,147.16666666666666
EK202310109844,132.46666666666667
EK202310239039,156.5
EK202310114472,134.0
EK202310179622,134.4
EK202310115407,151.0
EK202310106728,140.13333333333333
EK202310206467,132.43333333333334
EK202310169318,140.43333333333334
EK202310113553,150.6
EK202310148432,138.03333333333333
EK202310224899,161.73333333333332
EK202310218411,132.43333333333334
EK202310108919,154.56666666666666
EK202310175334,132.56666666666666
EK202310225062,142.33333333333334
EK202310158879,142.7
EK202310226440,136.5
EK202310224115,137.23333333333332
EK202310148638,139.0
EK202310233064,147.0
EK202310158419,149.4
EK202310241484,146.26666666666668
EK202310163712,142.1
EK202310186217,147.03333333333333
EK202310142453,156.26666666666668
EK202310137405,141.26666666666668
EK202310185670,140.6
EK202310150583,129.46666666666667
EK202310227556,134.46666666666667
EK202310234889,140.63333333333333
EK202310111783,137.9
EK202310127384,133.93333333333334
EK202310113072,151.4
EK202310160328,139.43333333333334
EK202310188693,166.93333333333334
EK202310104466,143.23333333333332
EK202310143296,148.6
EK202310212529,146.26666666666668
EK202310207081,169.9
EK202310239036,144.6
EK202310114317,136.5
EK202310004599,146.66666666666666
EK202310165205,140.4
EK202310162068,170.5
EK202310109742,139.53333333333333
EK202310151519,162.73333333333332
EK202310164727,127.26666666666667
EK202310193975,153.93333333333334
EK202310176843,139.16666666666666
EK202310238118,152.6
EK202310231683,136.93333333333334
EK202310170288,145.5
EK202310233487,139.43333333333334
EK202310144532,137.23333333333332
EK202310118690,150.73333333333332
EK202310236135,144.76666666666668
EK202310220057,149.26666666666668
EK202310136020,163.4
EK202310120718,153.26666666666668
EK202310205363,134.93333333333334
EK202310110765,144.63333333333333
EK202310130164,150.9
EK202310170195,139.46666666666667
EK202310131195,133.43333333333334
EK202310197794,161.1
EK202310189698,142.76666666666668
EK202310180559,137.1
EK202310193333,151.6
EK202310164974,143.5
EK202310126083,138.7
EK202310189770,144.2
EK202310123085,163.66666666666666
EK202310130001,139.13333333333333
EK202310141464,151.83333333333334
EK202310116699,140.76666666666668
EK202310126001,127.1
EK202310153591,140.13333333333333
EK202310110843,152.76666666666668
EK202310234696,138.93333333333334
EK202310218654,125.96666666666667
EK202310160361,137.36666666666667
EK202310232799,145.3
EK202310172223,134.93333333333334
EK202310107432,131.8
EK202310115124,141.66666666666666
EK202310240700,143.2
EK202310166544,137.96666666666667
EK202310116517,143.6
EK202310209466,135.33333333333334
EK202310115034,148.23333333333332
EK202320007112,164.36666666666667
EK202310155572,142.5
EK202310184647,160.26666666666668
EK202310237715,143.0
EK202310140880,139.76666666666668
EK202310171935,142.9
EK202310110649,136.9
EK202310235243,147.26666666666668
EK202310222984,151.3
EK202310103848,141.16666666666666
EK202310200981,141.6
EK202310138670,143.26666666666668
EK202310116342,133.96666666666667
EK202310148866,148.93333333333334
EK202310136555,135.1
EK202310155446,158.5
EK202310147661,145.76666666666668
EK202310168674,134.63333333333333
EK202310142524,145.46666666666667
EK202310248385,144.33333333333334
EK202310165956,133.83333333333334
EK202310120604,136.5
EK202310158534,139.73333333333332
EK202310138524,163.1
EK202310231297,136.96666666666667
EK202310231319,138.9
EK202310133278,133.7
EK202310142657,160.86666666666667
EK202310114071,141.03333333333333
EK202310116075,135.03333333333333
EK202310139321,140.8
EK202310232658,140.8
EK202310185531,131.26666666666668
EK202310231623,143.7
EK202310183491,156.33333333333334
EK202310171783,149.5
EK202310116076,136.36666666666667
EK202310200347,133.0
EK202310189649,158.96666666666667
EK202310135957,130.13333333333333
EK202310245361,143.66666666666666
EK202310138713,142.26666666666668
EK202310169366,168.13333333333333
EK202310246917,144.66666666666666
EK202310183943,152.06666666666666
EK202310110540,135.86666666666667
EK202310170711,126.96666666666667
EK202310246548,153.93333333333334
EK202310174376,140.1
EK202310180261,142.23333333333332
EK202310232346,123.26666666666667
EK202310237154,142.6
EK202310171359,142.2
EK202310136595,148.1
EK202310144015,133.96666666666667
EK202310209121,142.0
EK202310222216,130.1
EK202310107905,136.36666666666667
EK202310188461,128.63333333333333
EK202310222800,137.3
EK202310217737,136.13333333333333
EK202310218371,141.46666666666667
EK202310208739,125.0
EK202310219741,156.2
EK202310211457,138.4
EK202310182740,143.5
EK202310163470,137.4
EK202310245687,142.33333333333334
EK202310168480,141.93333333333334
EK202310185027,154.96666666666667
EK202310194951,146.33333333333334
EK202310190588,146.66666666666666
EK202310177991,141.33333333333334
EK202310162069,149.96666666666667
EK202310125865,147.96666666666667
EK202310220126,135.46666666666667
EK202310158441,160.4
EK202310145659,148.6
EK202310129542,131.8
EK202310151845,142.23333333333332
EK202310230263,133.86666666666667
EK202310111108,147.96666666666667
EK202310171363,166.73333333333332
EK202310127866,142.56666666666666
EK202310129063,132.16666666666666
EK202310144099,138.76666666666668
EK202310140594,141.33333333333334
EK202310154125,152.73333333333332
EK202310131342,139.3
EK202310203912,142.3
EK202310118762,147.0
EK202310131877,171.0
EK202310106187,151.7
EK202310120319,136.0
EK202310209664,139.0
EK202320007072,157.7
EK202310121959,140.6
EK202310153089,140.03333333333333
EK202310151971,139.36666666666667
EK202310151896,149.2
EK202310135751,135.36666666666667
EK202320005711,167.26666666666668
EK202310134604,152.03333333333333
EK202310130128,146.16666666666666
EK202310241667,157.1
EK202310140220,145.46666666666667
EK202310190478,147.7
EK202310162552,147.56666666666666
EK202310169398,142.23333333333332
EK202310110027,127.8
EK202310242977,135.3
EK202310182314,138.4
EK202310147967,163.76666666666668
EK202310107549,166.76666666666668
EK202310209315,156.63333333333333
EK202310216226,139.63333333333333
EK202310172171,174.9
EK202310198531,144.46666666666667
EK202310108550,147.0
EK202310201297,149.43333333333334
EK202310168808,135.13333333333333
EK202310212662,143.53333333333333
EK202310244470,139.23333333333332
EK202310111112,147.73333333333332
EK202310212061,149.13333333333333
EK202310131027,148.6
EK202310168347,137.5
EK202310138779,167.8
EK202310228854,138.43333333333334
EK202310156047,144.93333333333334
EK202310209290,142.4
EK202310121347,131.2
EK202310171158,136.93333333333334
EK202310233104,142.86666666666667
EK202310155615,132.3
EK202310179680,146.63333333333333
EK202310125362,134.66666666666666
EK202310107378,139.93333333333334
EK202310206995,170.26666666666668
EK202310205548,137.7
EK202310181487,170.1
EK202310165214,150.03333333333333
EK202310243818,152.1
EK202310139297,136.06666666666666
EK202310176765,144.3
EK202320006044,152.1
EK202310226154,131.23333333333332
EK202310246712,159.83333333333334
EK202310190930,135.06666666666666
EK202310216412,143.0
EK202310123615,146.63333333333333
EK202310155164,139.6
EK202310193422,160.83333333333334
EK202310183961,135.0
EK202310181902,149.6
EK202310123760,149.36666666666667
EK202310147302,141.2
EK202310210787,146.46666666666667
EK202310132847,143.1
EK202310126696,142.06666666666666
EK202310232230,139.16666666666666
EK202310223850,150.56666666666666
EK202310237551,136.06666666666666
EK202310188279,133.93333333333334
EK202310152561,136.83333333333334
EK202310197741,125.03333333333333
EK202310241557,151.46666666666667
EK202320005587,156.4
EK202310173993,137.36666666666667
EK202310139298,143.33333333333334
EK202310226418,136.33333333333334
EK202310120554,137.06666666666666
EK202310210326,135.83333333333334
EK202310124646,126.6
EK202310243187,130.2
EK202310111546,160.66666666666666
EK202310225889,134.23333333333332
EK202310239244,143.0
EK202310226952,130.0
EK202310154546,144.6
EK202310209747,140.03333333333333
EK202310208437,143.73333333333332
EK202310217996,146.56666666666666
EK202310154333,134.96666666666667
EK202310199044,151.4
EK202310193652,158.1
EK202310199108,144.5
EK202310138541,135.16666666666666
EK202310109275,145.86666666666667
EK202310241877,154.53333333333333
EK202310247060,140.56666666666666
EK202310233675,142.53333333333333
EK202310127980,138.7
EK202310216345,141.0
EK202310124692,138.86666666666667
EK202310214703,144.36666666666667
EK202310125176,152.1
EK202310230402,140.33333333333334
EK202310204376,128.1
EK202310003738,134.43333333333334
EK202310177361,156.7
EK202310142175,147.53333333333333
EK202310121737,129.46666666666667
EK202310231332,144.13333333333333
EK202310126428,137.66666666666666
EK202310208151,134.3
EK202310160932,155.43333333333334
EK202310201461,146.46666666666667
EK202310190429,137.73333333333332
EK202310180683,158.16666666666666
EK202310216976,155.03333333333333
EK202310125226,140.76666666666668
EK202310201559,141.06666666666666
EK202310201026,150.96666666666667
EK202310241612,127.13333333333334
EK202310159055,145.0
EK202310128633,154.3
EK202310241584,140.13333333333333
EK202310124066,141.56666666666666
EK202310143999,146.43333333333334
EK202310127055,126.56666666666666
EK202310109477,139.5
EK202310142422,136.33333333333334
EK202310170493,140.2
EK202310245660,134.16666666666666
EK202310174604,141.66666666666666
EK202310145956,144.43333333333334
EK202310170744,138.56666666666666
EK202310137459,145.36666666666667
EK202310205343,132.6
EK202310113624,145.03333333333333
EK202310230917,127.7
EK202310131938,138.8
EK202310192653,148.53333333333333
EK202310233709,148.4
EK202310125722,145.86666666666667
EK202310167315,142.86666666666667
EK202310155548,138.96666666666667
EK202310143279,137.5
EK202310150075,147.86666666666667
EK202310122318,143.66666666666666
EK202310126189,150.53333333333333
EK202310226757,140.86666666666667
EK202310243030,144.13333333333333
EK202310130445,152.26666666666668
EK202310243191,151.43333333333334
EK202310203273,142.26666666666668
EK202310188485,134.1
EK202310230409,131.43333333333334
EK202310183553,140.76666666666668
EK202310220994,129.46666666666667
EK202310207037,133.53333333333333
EK202310165758,134.83333333333334
EK202310106826,142.26666666666668
EK202310120683,142.73333333333332
EK202310134934,143.6
EK202310165051,141.2
EK202310189221,136.76666666666668
EK202310157513,144.66666666666666
EK202310190280,140.46666666666667
EK202310123034,132.23333333333332
EK202310206344,143.5
EK202310135546,160.23333333333332
EK202310246417,133.33333333333334
EK202310220955,146.23333333333332
EK202310109848,140.86666666666667
EK202310154849,153.66666666666666
EK202310110348,151.23333333333332
EK202310167034,164.46666666666667
EK202310113223,132.5
EK202310165666,132.96666666666667
EK202310235856,155.86666666666667
EK202320005842,158.63333333333333
EK202310154000,139.86666666666667
EK202310142071,143.96666666666667
EK202310209033,136.93333333333334
EK202310196340,138.13333333333333
EK202310216529,143.9
EK202310164553,145.63333333333333
EK202310104021,124.13333333333334
EK202310239632,136.0
EK202310225277,150.13333333333333
EK202310175861,138.4
EK202310129169,145.96666666666667
EK202310122145,144.0
EK202310227448,124.8
EK202310177969,133.03333333333333
EK202310193062,155.73333333333332
EK202310182763,143.4
EK202310235087,153.0
EK202310121651,138.36666666666667
EK202310212604,126.46666666666667
EK202310226694,125.8
EK202310004579,151.73333333333332
EK202310159373,139.46666666666667
EK202310177799,143.16666666666666
EK202310119324,132.1
EK202310129405,145.56666666666666
EK202310237885,142.4
EK202310135421,137.4
EK202310175226,146.76666666666668
EK202310173605,169.56666666666666
EK202310111658,132.83333333333334
EK202310185671,146.33333333333334
EK202310196715,132.6
EK202310196589,134.16666666666666
EK202310199584,147.7
EK202310143146,142.8
EK202310121051,154.4
EK202310231042,136.36666666666667
EK202310194606,143.16666666666666
EK202310212236,131.13333333333333
EK202310153083,146.33333333333334
EK202310141649,146.16666666666666
EK202310192808,143.53333333333333
EK202310169365,142.96666666666667
EK202310189768,146.93333333333334
EK202310233720,139.73333333333332
EK202310247878,153.66666666666666
EK202310178488,141.56666666666666
EK202310151955,160.4
EK202310104506,138.36666666666667
EK202310205228,143.16666666666666
EK202310116841,138.76666666666668
EK202310105208,162.43333333333334
EK202310168242,143.33333333333334
EK202310172150,160.06666666666666
EK202310199656,175.26666666666668
EK202310202819,149.63333333333333
EK202310118069,124.86666666666666
EK202310226761,141.66666666666666
EK202310158901,145.76666666666668
EK202310221031,147.16666666666666
EK202310204076,141.0
EK202310146995,150.03333333333333
EK202310126768,142.26666666666668
EK202310167991,153.16666666666666
EK202310142215,135.13333333333333
EK202310128249,139.03333333333333
EK202310168392,146.46666666666667
EK202310241392,136.23333333333332
EK202310167654,146.0
EK202310124170,131.26666666666668
EK202310211894,146.0
EK202310213128,151.6
EK202310223813,133.43333333333334
EK202310106169,143.46666666666667
EK202310110167,136.33333333333334
EK202310237365,151.53333333333333
EK202310153054,152.86666666666667
EK202310138889,142.36666666666667
EK202310136676,123.56666666666666
EK202310177777,141.8
EK202310183311,169.6
EK202310192034,139.93333333333334
EK202310161294,154.0
EK202310215386,134.66666666666666
EK202310237862,145.73333333333332
EK202310124110,144.4
EK202310105757,145.63333333333333
EK202310131681,135.73333333333332
EK202310122852,128.9
EK202310106485,135.76666666666668
EK202310182695,127.66666666666667
EK202310238540,139.1
EK202310104101,135.16666666666666
EK202310121381,153.3
EK202310200186,134.03333333333333
EK202310190609,133.56666666666666
EK202310230288,133.73333333333332
EK202310166620,161.46666666666667
EK202310147442,152.4
EK202310137943,139.33333333333334
EK202310208851,139.63333333333333
EK202310128623,122.43333333333334
EK202310179932,138.0
EK202310191123,144.93333333333334
EK202310222467,136.23333333333332
EK202310120128,135.06666666666666
EK202310143211,128.03333333333333
EK202310158431,162.4
EK202310200191,138.26666666666668
EK202310121797,135.73333333333332
EK202310246836,127.63333333333334
EK202310122588,138.26666666666668
EK202310212376,136.3
EK202310202020,137.63333333333333
EK202310003990,153.76666666666668
EK202310195950,150.46666666666667
EK202310215709,145.43333333333334
EK202310140933,132.3
EK202310135948,141.96666666666667
EK202310156397,172.93333333333334
EK202310160468,141.7
EK202310181061,164.76666666666668
EK202310165217,153.43333333333334
EK202310221056,139.36666666666667
EK202310168493,136.2
EK202310136547,134.16666666666666
EK202310247972,140.56666666666666
EK202310167486,148.0
EK202310240744,145.4
EK202310148632,145.56666666666666
EK202310199792,143.93333333333334
EK202310200958,152.66666666666666
EK202310171502,146.23333333333332
EK202310164924,141.26666666666668
EK202310175724,125.96666666666667
EK202310139433,146.26666666666668
EK202310217068,148.7
EK202310110561,138.16666666666666
EK202310248008,156.43333333333334
EK202310157048,138.6
EK202310141117,138.96666666666667
EK202310195935,145.76666666666668
EK202310168643,136.36666666666667
EK202310004252,130.4
EK202310151231,151.4
EK202310221120,133.16666666666666
EK202310115802,145.6
EK202310217669,138.66666666666666
EK202310179308,143.3
EK202310190511,133.3
EK202310189661,138.26666666666668
EK202310218561,136.26666666666668
EK202310216544,134.96666666666667
EK202310130093,146.13333333333333
EK202310227470,140.5
EK202310149720,149.4
EK202310123936,143.4
EK202310185139,142.5
EK202310164969,136.76666666666668
EK202310159566,144.66666666666666
EK202310153493,142.06666666666666
EK202320007009,170.06666666666666
EK202310149916,144.23333333333332
EK202310195613,140.8
EK202310234039,139.43333333333334
EK202310109288,133.2
EK202310212808,137.7
EK202310234197,136.33333333333334
EK202310157802,150.8
EK202310207417,137.4
EK202310245686,140.03333333333333
EK202310159054,149.4
EK202310183850,138.0
EK202310118502,144.56666666666666
EK202310128627,154.86666666666667
EK202310220287,139.4
EK202310199273,150.23333333333332
EK202310142033,146.53333333333333
EK202310229082,135.36666666666667
EK202310143807,136.3
EK202310206645,126.5
EK202310211819,133.06666666666666
EK202310197690,157.6
EK202310197678,130.3
EK202310234454,130.66666666666666
EK202310120882,150.73333333333332
EK202310169899,143.2
EK202310202826,147.56666666666666
EK202310161402,173.56666666666666
EK202310121220,137.13333333333333
EK202310125862,122.33333333333333
EK202310197968,129.46666666666667
EK202310237174,130.7
EK202310134475,145.53333333333333
EK202310247308,156.5
EK202320007435,151.03333333333333
EK202310164160,126.8
EK202310122449,166.1
EK202310139591,144.06666666666666
EK202310141624,157.33333333333334
EK202310138255,144.56666666666666
EK202310193958,141.7
EK202310222645,141.16666666666666
EK202310105689,143.63333333333333
EK202310219882,135.13333333333333
EK202310178757,157.0
EK202310241650,143.3
EK202310246447,133.83333333333334
EK202310217078,152.4
EK202310139978,143.73333333333332
EK202310241716,141.26666666666668
EK202310133093,133.7
EK202310243929,146.36666666666667
EK202310140929,152.5
EK202310191115,140.83333333333334
EK202310207003,141.33333333333334
EK202310145248,149.23333333333332
EK202310239401,157.13333333333333
EK202310155225,146.0
EK202310151560,139.83333333333334
EK202310177641,135.63333333333333
EK202310222696,138.8
EK202310150293,155.53333333333333
EK202310195144,151.23333333333332
EK202310243924,147.96666666666667
EK202310178439,137.9
EK202310195750,137.36666666666667
EK202310166551,137.53333333333333
EK202310217145,153.13333333333333
EK202310240066,142.83333333333334
EK202310199715,167.5
EK202310132904,132.3
EK202310154841,164.93333333333334
EK202310234469,127.3
EK202310114515,137.7
EK202310117966,160.66666666666666
EK202310137867,128.73333333333332
EK202310205349,156.36666666666667
EK202310112816,143.23333333333332
EK202310168065,153.56666666666666
EK202310169737,147.3
EK202310148917,151.1
EK202310196463,140.66666666666666
EK202310231207,135.46666666666667
EK202310128533,133.43333333333334
EK202310197226,122.96666666666667
EK202310154933,150.73333333333332
EK202310117103,143.66666666666666
EK202310165309,151.06666666666666
EK202310104246,153.66666666666666
EK202310105130,146.33333333333334
EK202310216979,140.8
EK202310193989,134.83333333333334
EK202310147207,141.36666666666667
EK202310135301,159.1
EK202310180058,145.0
EK202310150495,134.7
EK202310184503,160.36666666666667
EK202310107823,132.83333333333334
EK202310241936,142.7
EK202310186182,139.43333333333334
EK202310003976,137.13333333333333
EK202310156046,135.83333333333334
EK202310129628,163.13333333333333
EK202310142854,140.66666666666666
EK202310241326,151.13333333333333
EK202310160722,151.6
EK202310143237,133.63333333333333
EK202310107245,151.23333333333332
EK202310114305,146.9
EK202310134035,132.26666666666668
EK202310199912,136.86666666666667
EK202310140410,144.7
EK202310183615,144.73333333333332
EK202310147371,141.06666666666666
EK202310111631,143.33333333333334
EK202310139777,139.13333333333333
EK202310176357,137.6
EK202310105349,141.36666666666667
EK202310238051,154.4
EK202310123087,128.03333333333333
EK202310199824,148.56666666666666
EK202310225713,131.26666666666668
EK202310156653,140.0
EK202310238527,149.43333333333334
EK202310148824,178.53333333333333
EK202310186203,156.73333333333332
EK202310105194,141.13333333333333
EK202310141266,138.36666666666667
EK202310126789,164.83333333333334
EK202310135067,174.3
EK202310222780,133.1
EK202310191104,150.46666666666667
EK202310244171,164.3
EK202310166225,148.23333333333332
EK202310217237,137.1
EK202310225459,139.4
EK202310109489,140.43333333333334
EK202310167581,142.63333333333333
EK202310127053,132.3
EK202310158488,140.86666666666667
EK202310134328,138.86666666666667
EK202310155326,147.23333333333332
EK202310181981,151.6
EK202310237066,135.13333333333333
EK202310123955,140.3
EK202310228593,129.6
EK202310190125,155.53333333333333
EK202310115548,143.63333333333333
EK202310111782,139.3
EK202310243482,137.73333333333332
EK202310163452,136.5
EK202310123894,149.73333333333332
EK202310154308,135.7
EK202310125766,134.7
EK202310176942,123.8
EK202310127476,145.36666666666667
EK202310158246,157.3
EK202310194016,145.8
EK202310227342,138.93333333333334
EK202310134667,160.56666666666666
EK202310123740,138.3
EK202310105769,139.53333333333333
EK202310228947,152.0
EK202310169454,156.7
EK202310104666,131.06666666666666
EK202310151168,136.63333333333333
EK202310233283,140.3
EK202310172969,150.8
EK202310209511,133.23333333333332
EK202310185148,143.46666666666667
EK202310181055,149.73333333333332
EK202310153153,138.3
EK202310187550,161.86666666666667
EK202310107176,138.23333333333332
EK202310144598,137.3
EK202310139318,143.33333333333334
EK202310160272,166.2
EK202310195091,141.96666666666667
EK202310186267,130.7
EK202310204034,143.76666666666668
EK202310128110,145.0
EK202310119313,145.9
EK202310157152,136.2
EK202310189194,152.86666666666667
EK202310115332,142.43333333333334
EK202310213972,140.2
EK202310174634,151.23333333333332
EK202310141976,150.96666666666667
EK202310217725,130.13333333333333
EK202310240779,142.36666666666667
EK202310133212,166.86666666666667
EK202310198208,150.93333333333334
EK202310185889,155.43333333333334
EK202310189206,143.46666666666667
EK202310177011,138.3
EK202310179732,146.2
EK202310224354,134.26666666666668
EK202310163111,141.03333333333333
EK202310194747,135.66666666666666
EK202310166854,135.33333333333334
EK202310242694,144.3
EK202310141362,134.8
EK202310183977,150.9
EK202310179207,137.93333333333334
EK202310247546,148.8
EK202310140989,146.83333333333334
EK202310196104,141.23333333333332
EK202310004793,152.43333333333334
EK202310185123,151.6
EK202310160604,143.03333333333333
EK202320005906,171.76666666666668
EK202310216868,147.2
EK202310164383,168.9
EK202310135531,152.4
EK202310225232,130.06666666666666
EK202310152968,145.73333333333332
EK202310193329,147.7
EK202310208494,129.5
EK202310120865,138.9
EK202310160731,139.76666666666668
EK202310143803,171.73333333333332
EK202310216607,136.76666666666668
EK202310183415,147.73333333333332
EK202310200013,137.1
EK202310104115,165.4
EK202310133379,142.76666666666668
EK202310131060,165.03333333333333
EK202310149753,139.5
EK202310148087,143.46666666666667
EK202310172156,163.86666666666667
EK202310118569,129.3
EK202310204670,138.93333333333334
EK202310234858,139.5
EK202310203722,147.4
EK202310232168,136.7
EK202310213536,141.06666666666666
EK202310113341,147.3
EK202310134517,146.13333333333333
EK202310175096,140.6
EK202310118503,131.36666666666667
EK202310206791,136.56666666666666
EK202310133225,145.4
EK202310139427,134.96666666666667
EK202310242973,142.33333333333334
EK202310230311,142.96666666666667
EK202310192098,138.33333333333334
EK202310139654,146.26666666666668
EK202310104039,143.1
EK202310218808,149.46666666666667
EK202310112932,143.6
EK202310139942,135.86666666666667
EK202310155659,147.16666666666666
EK202310225247,150.63333333333333
EK202310126309,146.53333333333333
EK202310132111,167.0
EK202310242286,143.0
EK202310123840,134.43333333333334
EK202310210407,134.6
EK202310144692,161.53333333333333
EK202310132665,149.43333333333334
EK202310142951,162.6
EK202310239672,141.96666666666667
EK202310228540,136.46666666666667
EK202310134450,134.1
EK202310202201,152.83333333333334
EK202310237145,130.53333333333333
EK202310248506,137.23333333333332
EK202310181213,142.7
EK202310197495,136.83333333333334
EK202320006060,171.33333333333334
EK202310240535,145.73333333333332
EK202310238367,153.56666666666666
EK202310105848,138.3
EK202310153010,141.26666666666668
EK202310245093,135.6
EK202310133381,133.6
EK202310132940,138.06666666666666
EK202320007659,157.53333333333333
EK202310125644,160.8
EK202310141453,141.8
EK202310217985,128.46666666666667
EK202310105477,146.3
EK202320005870,167.26666666666668
EK202310148401,155.66666666666666
EK202310218056,132.0
EK202310104777,146.86666666666667
EK202310136506,139.16666666666666
EK202310243986,146.43333333333334
EK202310217742,151.66666666666666
EK202310149440,145.83333333333334
EK202310176195,127.33333333333333
EK202310147405,131.5
EK202310210916,137.9
EK202310136871,137.3
EK202310204028,136.6
EK202310236173,132.7
EK202310144792,135.36666666666667
EK202310199783,144.1
EK202310115630,130.36666666666667
EK202310171734,143.13333333333333
EK202310219359,146.7
EK202310136081,163.46666666666667
EK202310238195,144.0
EK202310168013,156.2
EK202310171083,151.5
EK202310211010,135.76666666666668
EK202310212579,137.56666666666666
EK202310129157,148.9
EK202310123465,149.46666666666667
EK202310192944,141.3
EK202310104057,125.93333333333334
EK202310140551,166.5
EK202310243448,136.56666666666666
EK202310238701,140.1
EK202310243934,149.86666666666667
EK202310225403,144.96666666666667
EK202310194134,142.2
EK202310223407,137.83333333333334
EK202310164382,143.93333333333334
EK202310136103,153.66666666666666
EK202310208188,145.16666666666666
EK202310145816,146.1
EK202310214812,147.16666666666666
EK202310202835,140.53333333333333
EK202310125645,143.26666666666668
EK202310121206,142.8
EK202320006076,140.23333333333332
EK202310184640,158.43333333333334
EK202310141217,138.66666666666666
EK202310150527,135.93333333333334
EK202310125769,138.66666666666666
EK202310197697,146.76666666666668
EK202310206446,156.06666666666666
EK202310151327,133.6
EK202310175105,137.16666666666666
EK202310139134,157.76666666666668
EK202310119006,136.46666666666667
EK202310109789,139.23333333333332
EK202310205096,142.5
EK202310118587,141.66666666666666
EK202310171349,154.83333333333334
EK202310212106,139.06666666666666
EK202310191242,140.4
EK202310200352,141.4
EK202310128949,135.13333333333333
EK202310122161,141.46666666666667
EK202310201553,154.0
EK202310139788,148.03333333333333
EK202310244144,136.1
EK202310003717,163.7
EK202310130693,139.86666666666667
EK202310183999,156.43333333333334
EK202310172800,134.36666666666667
EK202310161242,147.33333333333334
EK202310146441,140.53333333333333
EK202310117631,132.33333333333334
EK202310212373,134.46666666666667
EK202310113819,131.03333333333333
EK202310210848,138.4
EK202310158047,149.03333333333333
EK202310144950,144.9
EK202310229677,141.5
EK202310128529,138.86666666666667
EK202310224957,153.73333333333332
EK202310111880,140.56666666666666
EK202310104750,138.63333333333333
EK202310230949,122.96666666666667
EK202310123557,146.03333333333333
EK202310235606,141.73333333333332
EK202310198394,147.26666666666668
EK202310161777,152.73333333333332
EK202310134912,149.06666666666666
EK202310118238,128.33333333333334
EK202310154314,147.6
EK202310195062,137.9
EK202310144785,137.66666666666666
EK202310225938,133.76666666666668
EK202310145864,135.93333333333334
EK202310219409,139.1
EK202310140726,139.93333333333334
EK202310132055,131.93333333333334
EK202310176826,141.53333333333333
EK202310136603,142.86666666666667
EK202310131597,138.76666666666668
EK202310246396,156.7
EK202310238453,140.66666666666666
EK202310210356,143.46666666666667
EK202310238874,163.4
EK202310243980,158.56666666666666
EK202310130204,156.93333333333334
EK202310232972,141.13333333333333
EK202310132480,156.5
EK202310123064,173.26666666666668
EK202310116125,132.4
EK202310216605,154.6
EK202310135031,173.23333333333332
EK202310119678,150.56666666666666
EK202310156982,172.13333333333333
EK202310181434,164.6
EK202310160699,133.46666666666667
EK202310206737,142.03333333333333
EK202310179993,140.33333333333334
EK202310141387,148.1
EK202310210766,134.8
EK202310109069,146.46666666666667
EK202310183082,145.36666666666667
EK202310184893,155.66666666666666
EK202310246516,141.36666666666667
EK202310229143,137.6
EK202310131062,151.83333333333334
EK202310185681,162.5
EK202310185540,157.93333333333334
EK202310114449,149.0
EK202310165928,146.13333333333333
EK202310107191,155.7
EK202310228437,141.23333333333332
EK202310143843,153.13333333333333
EK202310180377,161.9
EK202310241530,139.36666666666667
EK202310162708,175.83333333333334
EK202310138305,163.26666666666668
EK202310103875,139.93333333333334
EK202310125471,139.93333333333334
EK202310152377,127.03333333333333
EK202310113683,146.66666666666666
EK202310181927,144.7
EK202310176699,144.0
EK202310179246,129.26666666666668
EK202310218837,142.63333333333333
EK202310156548,154.96666666666667
EK202310169871,143.76666666666668
EK202310183587,169.83333333333334
EK202310223255,138.16666666666666
EK202310174418,130.7
EK202320007116,156.4
EK202310224284,160.76666666666668
EK202310174549,143.46666666666667
EK202310161579,172.06666666666666
EK202310147194,155.86666666666667
EK202310112625,140.86666666666667
EK202310142795,149.23333333333332
EK202310187355,139.23333333333332
EK202310166085,157.66666666666666
EK202310173662,165.53333333333333
EK202310179128,145.6
EK202310178324,151.16666666666666
EK202310141982,131.03333333333333
EK202310200610,154.83333333333334
EK202310116989,148.73333333333332
EK202310148385,150.86666666666667
EK202310003411,134.43333333333334
EK202310247578,128.5
EK202310244685,148.2
EK202310129901,145.56666666666666
EK202310200914,136.43333333333334
EK202310129257,134.43333333333334
EK202310240699,147.93333333333334
EK202310216215,147.6
EK202310156174,144.36666666666667
EK202310221194,150.6
EK202310103999,151.56666666666666
EK202310192191,129.7
EK202310140596,153.8
EK202310143276,135.53333333333333
EK202310234844,138.93333333333334
EK202310187581,141.9
EK202310140028,144.5
EK202310246026,136.33333333333334
EK202310227430,147.73333333333332
EK202310132042,149.7
EK202310177593,139.1
EK202310141118,144.3
EK202310247138,156.0
EK202310130201,154.43333333333334
EK202310131399,141.0
EK202310175507,150.73333333333332
EK202310216063,150.26666666666668
EK202310247001,146.63333333333333
EK202310003515,137.5
EK202310174264,135.2
EK202310169815,139.16666666666666
EK202310110931,137.9
EK202310116115,140.03333333333333
EK202310124245,137.1
EK202310201777,146.46666666666667
EK202310166287,145.46666666666667
EK202310212681,143.9
EK202320006340,159.36666666666667
EK202310155270,138.03333333333333
EK202310115765,137.16666666666666
EK202310179416,138.3
EK202310115011,135.56666666666666
EK202310159851,150.76666666666668
EK202310185875,134.73333333333332
EK202310195751,152.73333333333332
EK202310212496,140.66666666666666
EK202310134077,134.13333333333333
EK202310125764,137.86666666666667
EK202310219281,137.03333333333333
EK202310138192,136.5
EK202310227717,129.56666666666666
EK202310178143,135.66666666666666
EK202310137761,142.1
EK202310239906,141.16666666666666
EK202310190459,154.96666666666667
EK202310115727,132.36666666666667
EK202310244833,149.9
EK202310107229,130.93333333333334
EK202310224274,161.73333333333332
EK202310194396,161.43333333333334
EK202310134831,131.93333333333334
EK202320007479,156.63333333333333
EK202310170018,147.96666666666667
EK202310177337,152.33333333333334
EK202310119476,143.36666666666667
EK202310213475,141.03333333333333
EK202310206650,139.93333333333334
EK202310231785,132.83333333333334
EK202310222833,137.7
EK202310187301,141.26666666666668
EK202310111784,135.56666666666666
EK202310227788,149.4
EK202310150141,152.56666666666666
EK202310161536,154.6
EK202310137661,139.96666666666667
EK202310226163,130.53333333333333
EK202310223040,130.43333333333334
EK202310111512,144.4
EK202310211220,155.46666666666667
EK202310122194,139.3
EK202310182104,146.76666666666668
EK202310179334,171.33333333333334
EK202310179331,148.76666666666668
EK202310145350,133.96666666666667
EK202310201986,130.73333333333332
EK202310196946,143.1
EK202310217855,127.3
EK202310236350,129.3
EK202310229165,135.36666666666667
EK202310171617,144.43333333333334
EK202310115459,149.66666666666666
EK202310196848,131.9
EK202310127398,136.9
EK202310205390,144.23333333333332
EK202310142325,143.2
EK202310196201,136.8
EK202310238646,142.9
EK202310230272,165.6
EK202310241132,128.93333333333334
EK202310212259,139.43333333333334
EK202310228514,141.43333333333334
EK202310238485,146.63333333333333
EK202310158861,142.73333333333332
EK202310227360,133.66666666666666
EK202310136436,144.43333333333334
EK202310231528,126.46666666666667
EK202310221158,149.96666666666667
EK202310211507,140.23333333333332
EK202310190845,146.7
EK202310157714,149.2
EK202310135990,139.16666666666666
EK202310164365,150.46666666666667
EK202310153926,153.16666666666666
EK202310150008,148.76666666666668
EK202310141032,146.2
EK202310193812,147.63333333333333
EK202310137931,141.83333333333334
EK202310156495,168.86666666666667
EK202310122480,149.83333333333334
EK202310216486,145.46666666666667
EK202310222820,135.56666666666666
EK202310111196,168.0
EK202310150248,129.7
EK202310136916,137.63333333333333
EK202310107139,114.43333333333334
EK202310181412,156.63333333333333
EK202310206211,134.3
EK202310109768,142.5
EK202310206447,153.73333333333332
EK202310211977,138.43333333333334
EK202310235013,132.33333333333334
EK202320007348,144.73333333333332
EK202310128131,134.96666666666667
EK202310107501,142.56666666666666
EK202310247682,132.2
EK202310227429,153.63333333333333
EK202310204611,146.0
EK202310133183,124.23333333333333
EK202310218119,135.93333333333334
EK202310183206,143.1
EK202310232942,134.33333333333334
EK202310205411,136.8
EK202310166033,163.26666666666668
EK202310134596,172.26666666666668
EK202310136873,164.3
EK202310203514,147.93333333333334
EK202310126038,142.1
EK202310191150,133.1
EK202310129389,139.73333333333332
EK202310222819,152.36666666666667
EK202310152891,163.0
EK202310157272,151.23333333333332
EK202310135873,148.9
EK202310197559,177.13333333333333
EK202310169845,154.66666666666666
EK202310165585,139.7
EK202310159036,152.66666666666666
EK202320007295,167.16666666666666
EK202310133662,140.06666666666666
EK202310189827,141.9
EK202310148841,148.66666666666666
EK202310146896,144.26666666666668
EK202310235090,138.06666666666666
EK202310119567,132.73333333333332
EK202310172433,147.93333333333334
EK202310247849,160.43333333333334
EK202310207306,140.26666666666668
EK202310183094,148.56666666666666
EK202310216955,160.26666666666668
EK202310192760,173.73333333333332
EK202310164280,141.06666666666666
EK202310203989,156.73333333333332
EK202310239786,136.03333333333333
EK202310105979,143.96666666666667
EK202310003640,146.46666666666667
EK202310240750,146.8
EK202310179109,140.33333333333334
EK202310150944,138.2
EK202310201413,145.9
EK202320007436,156.9
EK202310113726,141.6
EK202310122262,126.03333333333333
EK202310224480,141.0
EK202310194020,132.4
EK202310183018,153.33333333333334
EK202310181414,151.56666666666666
EK202310113303,150.43333333333334
EK202310108976,153.53333333333333
EK202310160184,146.26666666666668
EK202310210774,128.0
EK202310161905,144.8
EK202310142271,148.56666666666666
EK202310172860,134.46666666666667
EK202310145464,136.23333333333332
EK202310004728,152.06666666666666
EK202310166310,146.7
EK202310105822,133.3
EK202310147953,148.0
EK202310108291,151.4
EK202310240186,140.8
EK202310136365,140.1
EK202310221390,147.13333333333333
EK202310229925,137.83333333333334
EK202310141278,136.1
EK202310246624,148.96666666666667
EK202310220360,133.13333333333333
EK202310224653,141.23333333333332
EK202310160368,132.53333333333333
EK202310126911,152.16666666666666
EK202310222925,146.1
EK202310200594,136.63333333333333
EK202310150819,132.86666666666667
EK202310129913,151.06666666666666
EK202310187155,163.06666666666666
EK202310221177,132.86666666666667
EK202310117855,143.2
EK202310114109,143.86666666666667
EK202310212056,144.63333333333333
EK202310235416,140.5
EK202310119909,158.5
EK202310234670,139.53333333333333
EK202310191663,166.73333333333332
EK202310157791,121.63333333333334
EK202310232045,133.5
EK202310177127,147.26666666666668
EK202310175989,141.0
EK202310127307,154.66666666666666
EK202310105741,149.7
EK202310174633,142.33333333333334
EK202310114332,139.13333333333333
EK202310176623,137.7
EK202310157384,138.3
EK202310230266,142.26666666666668
EK202310178822,148.36666666666667
EK202310174964,139.4
EK202310149670,132.56666666666666
EK202310189731,144.96666666666667
EK202310134729,149.66666666666666
EK202310198042,145.7
EK202310231499,136.96666666666667
EK202310155095,134.93333333333334
EK202310180485,142.0
EK202310198871,123.8
EK202310004386,146.13333333333333
EK202310165308,123.73333333333333
EK202310131429,137.4
EK202310141545,149.4
EK202310184517,136.46666666666667
EK202310199293,127.5
EK202310152428,145.6
EK202310148889,173.93333333333334
EK202310187273,153.66666666666666
EK202310179239,166.53333333333333
EK202310235514,141.33333333333334
EK202310169287,143.23333333333332
EK202310240454,162.66666666666666
EK202310206328,152.83333333333334
EK202310108495,141.96666666666667
EK202310213966,133.23333333333332
EK202310196327,145.16666666666666
EK202310167665,153.03333333333333
EK202310171391,153.56666666666666
EK202310183683,135.16666666666666
EK202310157793,125.8
EK202310156197,141.23333333333332
EK202310198098,147.4
EK202310146704,121.9
EK202310218935,144.9
EK202320007401,155.16666666666666
EK202310137190,136.3
EK202310154815,150.43333333333334
EK202310126612,134.7
EK202310120357,139.83333333333334
EK202310165826,150.9
EK202310214388,163.23333333333332
EK202310204549,147.43333333333334
EK202310209491,146.3
EK202310208295,145.86666666666667
EK202310196248,123.76666666666667
EK202310242787,158.26666666666668
EK202310225423,163.03333333333333
EK202310110863,132.83333333333334
EK202310117182,141.26666666666668
EK202310217191,152.33333333333334
EK202310193055,137.93333333333334
EK202310212058,139.43333333333334
EK202310103911,152.03333333333333
EK202310213355,124.86666666666666
EK202310175342,165.23333333333332
EK202310237346,130.9
EK202310186492,137.3
EK202310147951,142.33333333333334
EK202310191447,148.6
EK202310215972,143.2
EK202310199031,138.16666666666666
EK202310152507,155.7
EK202310143892,129.5
EK202310129112,153.46666666666667
EK202310152184,157.96666666666667
EK202310227166,126.83333333333333
EK202310182576,151.83333333333334
EK202310004383,141.73333333333332
EK202320005865,182.0
EK202310199455,142.53333333333333
EK202310230815,132.26666666666668
EK202310209305,135.7
EK202310138624,143.76666666666668
EK202310126039,135.9
EK202310131814,143.53333333333333
EK202310184163,150.66666666666666
EK202310118608,134.23333333333332
EK202310227117,141.26666666666668
EK202310152007,149.5
EK202310229187,136.96666666666667
EK202310139035,149.63333333333333
EK202310175328,157.0
EK202310159155,131.9
EK202310239122,122.73333333333333
EK202310167140,141.36666666666667
EK202310186155,169.13333333333333
EK202310193982,142.43333333333334
EK202310138270,150.26666666666668
EK202310117049,130.0
EK202310142284,137.26666666666668
EK202310164426,147.3
EK202310176396,146.93333333333334
EK202310201189,166.16666666666666
EK202310004591,139.13333333333333
EK202320005991,150.0
EK202310231608,128.83333333333334
EK202310136139,143.83333333333334
EK202310113238,149.06666666666666
EK202310158141,167.8
EK202310126316,137.33333333333334
EK202310123281,160.7
EK202310167569,152.2
EK202310174151,148.93333333333334
EK202310116527,138.76666666666668
EK202310193916,145.66666666666666
EK202310227923,142.4
EK202310240783,141.6
EK202310143752,131.53333333333333
EK202310106162,141.16666666666666
EK202310107199,135.63333333333333
EK202310213671,138.43333333333334
EK202310208384,141.03333333333333
EK202310196006,162.03333333333333
EK202310134465,161.26666666666668
EK202310151047,145.53333333333333
EK202310124565,145.66666666666666
EK202310183135,148.0
EK202310213685,144.6
EK202310143407,160.93333333333334
EK202310210115,168.93333333333334
EK202310110851,153.06666666666666
EK202310229392,142.16666666666666
EK202310204386,130.56666666666666
EK202310235968,146.3
EK202310199913,142.6
EK202310138545,132.2
EK202310116537,146.06666666666666
EK202310134658,163.5
EK202310224022,160.86666666666667
EK202310234186,132.06666666666666
EK202310163888,140.8
EK202310212249,141.6
EK202310140225,143.76666666666668
EK202310140896,149.76666666666668
EK202310186538,152.96666666666667
EK202310136216,158.56666666666666
EK202310108888,151.96666666666667
EK202310182062,145.3
EK202310163277,152.6
EK202310107567,141.43333333333334
EK202310120960,163.2
EK202310180719,142.83333333333334
EK202310131600,144.13333333333333
EK202310177372,153.2
EK202310126121,142.7
EK202310162878,139.86666666666667
EK202310201167,163.96666666666667
EK202310160968,148.36666666666667
EK202310197271,140.1
EK202310181868,157.36666666666667
EK202310151314,142.16666666666666
EK202310164572,148.5
EK202310205777,143.03333333333333
EK202310138104,138.43333333333334
EK202310167840,132.26666666666668
EK202310226831,146.8
EK202310147830,142.46666666666667
EK202310197709,128.43333333333334
EK202310213022,145.2
EK202310193283,134.33333333333334
EK202310205081,125.56666666666666
EK202310122178,143.36666666666667
EK202320006555,172.73333333333332
EK202310237774,130.63333333333333
EK202310124965,140.7
EK202310186156,141.16666666666666
EK202310117980,145.5
EK202310125951,146.6
EK202310151873,134.1
EK202310207092,130.93333333333334
EK202310117489,163.0
EK202310216348,164.06666666666666
EK202310220010,145.76666666666668
EK202310214618,149.13333333333333
EK202310206863,144.93333333333334
EK202310109000,152.46666666666667
EK202310188574,161.53333333333333
EK202310165717,160.36666666666667
EK202310128017,141.13333333333333
EK202310165060,143.33333333333334
EK202310200674,133.33333333333334
EK202310221350,141.8
EK202310235065,145.66666666666666
EK202310163335,171.63333333333333
EK202310120881,128.1
EK202310137678,131.1
EK202310128015,136.2
EK202310234830,138.0
EK202310167377,150.66666666666666
EK202310164502,150.93333333333334
EK202310127391,142.7
EK202310179523,152.03333333333333
EK202310223246,137.53333333333333
EK202310108837,143.36666666666667
EK202310200232,136.3
EK202310204659,149.26666666666668
EK202310189046,150.06666666666666
EK202310137247,140.36666666666667
EK202310132734,142.43333333333334
EK202310136878,132.06666666666666
EK202310236360,135.76666666666668
EK202310228358,137.3
EK202310134060,166.23333333333332
EK202310165565,146.26666666666668
EK202310226873,143.8
EK202310189864,132.33333333333334
EK202310119822,139.66666666666666
EK202310139438,157.73333333333332
EK202310190768,148.73333333333332
EK202310165094,158.26666666666668
EK202310138047,134.26666666666668
EK202310166258,151.63333333333333
EK202310229510,142.3
EK202310226767,144.8
EK202310141133,146.26666666666668
EK202310109811,138.9
EK202310150474,168.26666666666668
EK202310179190,126.8
EK202310196236,132.63333333333333
EK202310209246,145.46666666666667
EK202310197990,140.86666666666667
EK202310207124,134.7
EK202310212257,132.96666666666667
EK202310108488,143.83333333333334
EK202310103709,134.83333333333334
EK202310232504,135.2
EK202310134238,152.83333333333334
EK202310123117,136.76666666666668
EK202310121605,150.33333333333334
EK202310173315,152.3
EK202310121739,138.6
EK202310208354,137.7
EK202310161392,142.4
EK202310234724,129.86666666666667
EK202310111484,134.16666666666666
EK202310187014,143.3
EK202310104426,131.06666666666666
EK202310145898,150.66666666666666
EK202320006067,165.1
EK202310188463,167.5
EK202310140762,138.06666666666666
EK202310218714,169.06666666666666
EK202310243661,135.53333333333333
EK202310177326,149.1
EK202310234236,143.5
EK202310227958,137.1
EK202310118900,135.2
EK202310165267,149.03333333333333
EK202310230827,142.96666666666667
EK202310171222,149.16666666666666
EK202310162860,149.96666666666667
EK202310235544,157.5
EK202310161220,133.6
EK202310121708,147.13333333333333
EK202310179835,143.46666666666667
EK202310239604,140.16666666666666
EK202310219818,127.0
EK202310161568,155.16666666666666
EK202310160061,161.16666666666666
EK202310110380,141.8
EK202310246413,133.0
EK202310235850,136.53333333333333
EK202310165684,132.8
EK202310104090,131.96666666666667
EK202310243966,137.9
EK202310228270,139.83333333333334
EK202310110387,145.3
EK202310152984,149.93333333333334
EK202310223888,131.86666666666667
EK202310204934,147.53333333333333
EK202310162381,149.03333333333333
EK202310197868,135.0
EK202310107186,115.13333333333334
EK202310163263,133.0
EK202310198200,138.46666666666667
EK202310211345,154.13333333333333
EK202310226051,139.56666666666666
EK202310123297,158.23333333333332
EK202310140795,145.13333333333333
EK202310207289,124.06666666666666
EK202310225168,139.16666666666666
EK202310183349,126.4
EK202310105114,139.03333333333333
EK202310176080,155.03333333333333
EK202310179405,152.6
EK202310190274,141.96666666666667
EK202310132186,149.06666666666666
EK202310146444,142.86666666666667
EK202310225702,144.6
EK202310218239,136.66666666666666
EK202310147577,133.26666666666668
EK202310183811,174.2
EK202310162937,139.63333333333333
EK202310157881,164.2
EK202310207952,136.63333333333333
EK202310141225,140.8
EK202310193030,145.16666666666666
EK202310122847,140.13333333333333
EK202310165669,134.8
EK202310114924,134.6
EK202310218309,151.0
EK202310208489,146.5
EK202310179997,138.7
EK202310147027,149.13333333333333
EK202310004319,133.3
EK202310175632,128.63333333333333
EK202310189340,156.1
EK202310177526,148.3
EK202310207611,165.93333333333334
EK202310194660,145.73333333333332
EK202310229979,151.33333333333334
EK202310240147,145.9
EK202310211637,133.6
EK202310149224,133.03333333333333
EK202310177662,141.93333333333334
EK202310179984,167.3
EK202310228864,152.53333333333333
EK202310180524,157.23333333333332
EK202310229356,153.9
EK202310149225,131.73333333333332
EK202310188850,142.36666666666667
EK202310237876,149.13333333333333
EK202310219004,127.9
EK202310125299,127.13333333333334
EK202310156188,139.6
EK202310238230,135.83333333333334
EK202310187694,141.76666666666668
EK202310158043,125.73333333333333
EK202310214647,145.73333333333332
EK202310221207,129.6
EK202310173575,170.5
EK202310113008,150.2
EK202310239053,144.53333333333333
EK202310104640,133.16666666666666
EK202310241514,140.8
EK202310004700,155.46666666666667
EK202310162482,139.1
EK202310119906,138.26666666666668
EK202310153205,157.06666666666666
EK202310114919,130.33333333333334
EK202310235152,141.86666666666667
EK202310203791,130.03333333333333
EK202310123842,146.96666666666667
EK202310141447,150.73333333333332
EK202310192629,152.33333333333334
EK202310244491,149.16666666666666
EK202310216050,133.2
EK202320007061,141.73333333333332
EK202310217253,141.23333333333332
EK202310187351,165.96666666666667
EK202310247064,143.56666666666666
EK202310215396,136.76666666666668
EK202310109791,150.63333333333333
EK202310238972,150.16666666666666
EK202310210241,139.26666666666668
EK202310138585,156.53333333333333
EK202310215255,165.33333333333334
EK202310181801,165.43333333333334
EK202310124314,128.9
EK202310175289,151.03333333333333
EK202310198498,142.56666666666666
EK202310154216,144.1
EK202310226242,144.73333333333332
EK202310127354,165.43333333333334
EK202310179264,147.83333333333334
EK202310139507,157.26666666666668
EK202310129883,147.83333333333334
EK202310232951,156.23333333333332
EK202310233288,137.0
EK202310121403,146.2
EK202310158908,142.9
EK202310147431,143.6
EK202310138917,139.36666666666667
EK202310149611,139.7
EK202310221612,144.73333333333332
EK202310143554,145.33333333333334
EK202310172722,133.5
EK202310199773,131.0
EK202310127375,140.16666666666666
EK202310225978,139.3
EK202310227248,138.76666666666668
EK202310116384,148.13333333333333
EK202310180690,161.73333333333332
EK202310122858,131.83333333333334
EK202310226310,139.2
EK202310195569,153.06666666666666
EK202310198823,137.4
EK202310121439,160.23333333333332
EK202310161947,144.3
EK202310232604,134.96666666666667
EK202310149617,151.73333333333332
EK202310146783,130.9
EK202310176164,149.3
EK202310135912,135.93333333333334
EK202310229257,163.8
EK202310235094,134.33333333333334
EK202310118246,146.1
EK202310185828,143.23333333333332
EK202310106494,135.66666666666666
EK202310146544,139.96666666666667
EK202310227579,135.43333333333334
EK202310248311,139.16666666666666
EK202310204884,141.46666666666667
EK202310117059,142.96666666666667
EK202310231772,138.73333333333332
EK202310139447,123.46666666666667
EK202310189968,145.96666666666667
EK202310185749,141.23333333333332
EK202310110703,130.7
EK202310237233,124.1
EK202310240881,141.26666666666668
EK202310125013,147.16666666666666
EK202310128536,134.3
EK202310153537,159.76666666666668
EK202310190471,149.8
EK202310151841,143.03333333333333
EK202310202685,139.33333333333334
EK202310105765,150.36666666666667
EK202310136470,139.76666666666668
EK202310202012,141.43333333333334
EK202310125711,161.56666666666666
EK202310157673,130.26666666666668
EK202310164027,135.2
EK202310151517,170.36666666666667
EK202310180147,128.16666666666666
EK202310198373,152.56666666666666
EK202310204349,156.4
EK202310219251,136.4
EK202310172594,146.76666666666668
EK202310179118,139.6
EK202310150133,133.66666666666666
EK202310165331,138.33333333333334
EK202310163772,136.3
EK202310126377,142.86666666666667
EK202310145984,150.56666666666666
EK202310246976,142.3
EK202310113703,145.6
EK202310232392,142.36666666666667
EK202310236403,127.23333333333333
EK202310139475,139.23333333333332
EK202310192609,150.36666666666667
EK202310224294,165.2
EK202310152213,131.16666666666666
EK202310108540,146.43333333333334
EK202310210085,156.16666666666666
EK202310226804,130.1
EK202310137397,144.5
EK202310117951,132.43333333333334
EK202310193300,151.2
EK202310106304,149.46666666666667
EK202310129954,136.33333333333334
EK202310215057,155.2
EK202310139115,132.96666666666667
EK202310212736,157.23333333333332
EK202310135023,156.43333333333334
EK202310139581,163.53333333333333
EK202310199274,144.53333333333333
EK202310211965,124.56666666666666
EK202310246061,133.2
EK202310203442,143.8
EK202310181526,152.63333333333333
EK202310193412,132.8
EK202310139031,134.9
EK202310221231,140.5
EK202310134998,174.63333333333333
EK202310141687,162.53333333333333
EK202310197304,148.2
EK202310201782,137.96666666666667
EK202310135431,161.66666666666666
EK202310208259,137.33333333333334
EK202310161380,130.66666666666666
EK202310186230,156.03333333333333
EK202310152403,149.9
EK202310116913,134.53333333333333
EK202310244061,128.36666666666667
EK202310135475,160.03333333333333
EK202310165270,149.73333333333332
EK202310138939,139.3
EK202310141892,130.8
EK202310124993,144.4
EK202310170388,137.86666666666667
EK202310157255,134.3
EK202310133503,159.03333333333333
EK202310175284,141.63333333333333
EK202310241462,134.93333333333334
EK202310154232,136.56666666666666
EK202310163615,167.06666666666666
EK202310197907,152.13333333333333
EK202310186389,136.5
EK202310245749,127.53333333333333
EK202310219676,140.5
EK202310190121,143.56666666666666
EK202310209264,139.73333333333332
EK202310210983,128.4
EK202310187936,139.16666666666666
EK202310133895,136.73333333333332
EK202310186472,161.8
EK202310206380,156.03333333333333
EK202310193643,152.4
EK202310225084,150.06666666666666
EK202310220518,142.53333333333333
EK202310169406,144.76666666666668
EK202310237549,136.66666666666666
EK202310109909,158.83333333333334
EK202310212592,140.9
EK202310179751,125.06666666666666
EK202310112820,136.2
EK202310195293,131.66666666666666
EK202310236702,137.86666666666667
EK202310145993,130.46666666666667
EK202310222902,139.56666666666666
EK202310189301,147.83333333333334
EK202310205807,153.4
EK202310163101,140.16666666666666
EK202310203688,147.33333333333334
EK202310174439,172.4
EK202310156353,149.0
EK202310162723,134.9
EK202310212065,134.7
EK202310004255,140.23333333333332
EK202310222006,137.1
EK202310194790,142.33333333333334
EK202310106043,144.13333333333333
EK202310242730,145.0
EK202310242586,144.66666666666666
EK202310176604,151.23333333333332
EK202310109635,140.86666666666667
EK202310216117,132.86666666666667
EK202310116981,145.76666666666668
EK202310221657,140.7
EK202310144341,132.06666666666666
EK202310228428,134.66666666666666
EK202310146265,136.96666666666667
EK202310209443,137.06666666666666
EK202310218588,143.23333333333332
EK202310108618,144.73333333333332
EK202310121760,139.03333333333333
EK202310107369,143.13333333333333
EK202310115437,150.0
EK202310187394,161.0
EK202310165757,134.4
EK202310195111,150.4
EK202310188262,162.56666666666666
EK202310124663,143.36666666666667
EK202310143110,134.96666666666667
EK202310211384,156.63333333333333
EK202310118553,147.7
EK202310149358,164.33333333333334
EK202310164859,140.93333333333334
EK202310207799,144.63333333333333
EK202310172115,133.9
EK202310215359,151.33333333333334
EK202310161036,147.9
EK202310223447,136.4
EK202310181639,127.53333333333333
EK202310204435,145.1
EK202310104184,134.8
EK202310160295,145.66666666666666
EK202310192033,149.83333333333334
EK202310168110,149.6
EK202310189097,145.26666666666668
EK202310167385,140.16666666666666
EK202310109968,154.33333333333334
EK202310198949,155.03333333333333
EK202310197617,159.83333333333334
EK202310108360,143.83333333333334
EK202310159270,150.93333333333334
EK202310145269,137.86666666666667
EK202310188812,133.2
EK202310125988,137.5
EK202310112939,130.9
EK202310247895,139.03333333333333
EK202310131311,132.53333333333333
EK202310183854,140.63333333333333
EK202310219712,124.96666666666667
EK202310160911,148.56666666666666
EK202310231162,138.66666666666666
EK202310135041,170.93333333333334
EK202310212037,138.66666666666666
EK202310226698,139.4
EK202310134750,138.06666666666666
EK202310148234,145.03333333333333
EK202310174532,147.03333333333333
EK202310109167,127.33333333333333
EK202310197750,155.73333333333332
EK202310164476,139.46666666666667
EK202310233270,165.96666666666667
EK202310135322,163.76666666666668
EK202310209231,139.16666666666666
EK202310202820,149.2
EK202310174302,148.26666666666668
EK202310125602,141.8
EK202310158386,146.53333333333333
EK202310242062,142.33333333333334
EK202310141111,132.43333333333334
EK202310136233,147.76666666666668
EK202310236818,133.3
EK202310184555,137.96666666666667
EK202310198830,143.13333333333333
EK202310151478,166.96666666666667
EK202310231437,128.1
EK202310150468,154.93333333333334
EK202310241943,147.1
EK202310231053,126.2
EK202310154428,141.1
EK202310192603,144.83333333333334
EK202310161912,148.66666666666666
EK202310130902,135.1
EK202310183672,155.13333333333333
EK202310227046,154.4
EK202310166255,145.36666666666667
EK202310137864,133.8
EK202310116959,136.46666666666667
EK202310238412,133.26666666666668
EK202310171649,151.4
EK202310193766,140.93333333333334
EK202310123847,169.66666666666666
EK202310146498,133.56666666666666
EK202310239626,142.1
EK202310195302,134.03333333333333
EK202310212103,134.06666666666666
EK202310192877,130.36666666666667
EK202310111009,129.43333333333334
EK202310136743,133.53333333333333
EK202310195641,139.83333333333334
EK202310227516,143.9
EK202310115577,137.73333333333332
EK202310215165,141.1
EK202310138284,148.33333333333334
EK202310126665,131.23333333333332
EK202310239150,129.43333333333334
EK202310203149,151.36666666666667
EK202310193960,125.23333333333333
EK202310171451,129.46666666666667
EK202310121337,134.73333333333332
EK202310117375,133.63333333333333
EK202310220920,135.86666666666667
EK202310115368,139.73333333333332
EK202310156865,160.2
EK202310185189,153.33333333333334
EK202310122055,132.1
EK202310215356,155.86666666666667
EK202310147958,138.63333333333333
EK202310121750,127.66666666666667
EK202310173060,137.16666666666666
EK202310163776,133.23333333333332
EK202310220192,138.76666666666668
EK202310218549,149.76666666666668
EK202310157001,171.63333333333333
EK202310225119,135.1
EK202310204051,143.8
EK202310122949,134.43333333333334
EK202310121503,127.56666666666666
EK202310131147,147.9
EK202310108909,139.4
EK202310151114,132.3
EK202310233392,145.9
EK202320007141,149.33333333333334
EK202310164522,144.66666666666666
EK202310177297,154.7
EK202310210546,147.73333333333332
EK202310184589,156.63333333333333
EK202310212117,139.83333333333334
EK202310133272,135.76666666666668
EK202310205158,150.2
EK202310174636,145.3
EK202310140946,144.1
EK202310117042,140.76666666666668
EK202310134320,133.63333333333333
EK202310229429,142.33333333333334
EK202310106153,140.16666666666666
EK202310247761,165.43333333333334
EK202310227271,127.33333333333333
EK202310239428,138.6
EK202310215784,141.1
EK202310210318,135.6
EK202310141900,153.36666666666667
EK202310184802,171.7
EK202310165235,149.1
EK202310171404,141.7
EK202310210573,132.26666666666668
EK202310210122,154.26666666666668
EK202310150189,136.73333333333332
EK202310156048,141.9
EK202310172500,173.06666666666666
EK202310132244,137.33333333333334
EK202310245342,137.1
EK202310139313,141.16666666666666
EK202310207856,141.6
EK202310116311,132.73333333333332
EK202310208589,148.3
EK202310136325,135.26666666666668
EK202310248759,132.83333333333334
EK202310198653,143.03333333333333
EK202310195491,160.5
EK202310103816,142.4
EK202310207373,148.5
EK202310227064,145.16666666666666
EK202310138546,152.4
EK202310205952,128.86666666666667
EK202310212677,146.86666666666667
EK202310228148,126.93333333333334
EK202310107729,150.16666666666666
EK202310211277,158.83333333333334
EK202310195545,146.7
EK202310116564,139.56666666666666
EK202310184823,150.86666666666667
EK202310170543,149.6
EK202310193619,131.23333333333332
EK202310239035,164.96666666666667
EK202310133171,146.16666666666666
EK202310227136,136.3
EK202310142625,125.03333333333333
EK202310244169,138.63333333333333
EK202310246581,131.06666666666666
EK202310165380,159.03333333333333
EK202310193395,131.9
EK202310109332,147.8
EK202310163291,163.03333333333333
EK202310124290,143.73333333333332
EK202310215739,147.3
EK202310241146,134.5
EK202310124580,133.93333333333334
EK202310211475,134.76666666666668
EK202310004503,148.96666666666667
EK202310143151,146.06666666666666
EK202310136531,149.8
EK202310119568,142.33333333333334
EK202310107515,130.86666666666667
EK202310189886,143.26666666666668
EK202310124398,133.16666666666666
EK202310125848,142.03333333333333
EK202310211088,139.76666666666668
EK202310156421,164.73333333333332
EK202310157177,157.53333333333333
EK202310211323,133.4
EK202310202592,134.36666666666667
EK202310194894,146.36666666666667
EK202310215071,159.0
EK202310202956,148.6
EK202310234488,142.06666666666666
EK202310187089,139.0
EK202310227517,156.2
EK202310170551,152.2
EK202310189993,140.46666666666667
EK202310149202,133.36666666666667
EK202310229780,133.26666666666668
EK202310245465,147.23333333333332
EK202310218891,139.03333333333333
EK202310124812,158.96666666666667
EK202310208935,146.7
EK202310140658,131.66666666666666
EK202310183874,164.76666666666668
EK202310107413,140.3
EK202310194042,141.36666666666667
EK202310157446,143.63333333333333
EK202310199004,138.6
EK202310135601,133.66666666666666
EK202310201970,150.0
EK202310139356,135.33333333333334
EK202310134175,146.96666666666667
EK202310108539,141.1
EK202310177643,132.1
EK202310103821,140.1
EK202310206740,151.0
EK202310131433,135.16666666666666
EK202310204350,136.56666666666666
EK202310225071,137.93333333333334
EK202310211718,135.1
EK202310131849,149.63333333333333
EK202310153172,146.83333333333334
EK202310132642,134.4
EK202310112845,140.83333333333334
EK202310177008,131.53333333333333
EK202310130444,148.9
EK202310147078,148.6
EK202310208564,146.46666666666667
EK202310194298,142.5
EK202310228548,135.36666666666667
EK202310187217,139.2
EK202310171794,129.26666666666668
EK202310174423,134.26666666666668
EK202310186521,145.0
EK202310189274,162.23333333333332
EK202310128594,131.56666666666666
EK202310213657,133.56666666666666
EK202310136140,139.8
EK202310144986,131.0
EK202310117312,150.13333333333333
EK202310165610,145.86666666666667
EK202310130595,146.6
EK202310004575,139.43333333333334
EK202310119145,137.3
EK202310179788,138.33333333333334
EK202310247106,143.23333333333332
EK202310118131,136.36666666666667
EK202310144354,136.83333333333334
EK202310192108,138.83333333333334
EK202310169582,138.8
EK202310227386,140.33333333333334
EK202310174182,139.93333333333334
EK202310222783,129.83333333333334
EK202310178639,142.33333333333334
EK202310245259,130.73333333333332
EK202310167257,140.4
EK202310162914,136.6
EK202310004463,143.9
EK202310207893,165.2
EK202310148230,140.5
EK202310116055,138.73333333333332
EK202310224157,141.3
EK202310114888,129.43333333333334
EK202310195337,148.53333333333333
EK202310216934,166.0
EK202310216677,150.66666666666666
EK202310188580,139.86666666666667
EK202310219727,145.8
EK202310166001,133.83333333333334
EK202310229705,141.5
EK202310209871,144.33333333333334
EK202310196361,138.46666666666667
EK202310234245,139.06666666666666
EK202310138920,137.73333333333332
EK202310122618,128.36666666666667
EK202310175727,161.23333333333332
EK202310155478,145.9
EK202320005560,142.26666666666668
EK202310110719,141.83333333333334
EK202310136240,144.46666666666667
EK202310186251,169.73333333333332
EK202310216248,142.5
EK202310205301,149.03333333333333
EK202310211409,137.43333333333334
EK202310154889,142.16666666666666
EK202310133167,150.33333333333334
EK202310190742,139.83333333333334
EK202310181049,138.76666666666668
EK202310190345,154.23333333333332
EK202310223134,163.0
EK202310248510,142.86666666666667
EK202310177287,157.8
EK202310127550,138.9
EK202310118313,146.13333333333333
EK202310222760,141.06666666666666
EK202310112189,145.46666666666667
EK202310141089,139.6
EK202310132200,151.4
EK202310221040,141.06666666666666
EK202310111716,151.76666666666668
EK202310206062,137.7
EK202310209855,148.2
EK202310104428,142.23333333333332
EK202310177723,140.8
EK202310003367,129.7
EK202310182125,150.73333333333332
EK202310194084,149.43333333333334
EK202310211789,136.5
EK202310132488,147.93333333333334
EK202310142803,136.53333333333333
EK202310181723,163.5
EK202310103735,149.8
EK202310219083,141.53333333333333
EK202310215988,150.43333333333334
EK202310234414,125.8
EK202310203900,140.76666666666668
EK202310137717,140.86666666666667
EK202310112769,141.1
EK202310160354,129.53333333333333
EK202310105028,141.16666666666666
EK202310128626,139.5
EK202310206626,151.26666666666668
EK202310247911,134.06666666666666
EK202310156966,137.3
EK202310111774,133.46666666666667
EK202310141388,143.43333333333334
EK202310105367,137.96666666666667
EK202310138470,137.63333333333333
EK202310238177,140.6
EK202310169946,147.63333333333333
EK202310189158,136.96666666666667
EK202310231981,142.6
EK202310174508,133.26666666666668
EK202310110650,140.36666666666667
EK202310195172,158.73333333333332
EK202310188961,138.3
EK202310219185,139.0
EK202310208623,138.63333333333333
EK202310128662,139.26666666666668
EK202310185661,155.63333333333333
EK202310157894,140.2
EK202310200928,153.63333333333333
EK202310004224,135.86666666666667
EK202310150214,129.03333333333333
EK202310111969,139.83333333333334
EK202310129506,137.9
EK202310127186,153.36666666666667
EK202310173377,132.63333333333333
EK202310163570,141.3
EK202310196742,134.83333333333334
EK202310167664,156.0
EK202310148814,149.96666666666667
EK202310200567,167.4
EK202310168414,162.93333333333334
EK202310203613,145.36666666666667
EK202310247919,148.96666666666667
EK202310200083,172.53333333333333
EK202310148844,135.76666666666668
EK202310159721,142.43333333333334
EK202310131910,143.23333333333332
EK202310153522,129.03333333333333
EK202310212250,136.96666666666667
EK202310111147,155.5
EK202310170237,141.33333333333334
EK202310166954,151.73333333333332
EK202310193804,136.93333333333334
EK202310180730,169.8
EK202310004363,171.43333333333334
EK202310123533,136.9
EK202310235018,138.26666666666668
EK202310176008,146.36666666666667
EK202310151334,130.73333333333332
EK202320007865,157.3
EK202310236423,139.9
EK202310130270,143.7
EK202310220333,147.83333333333334
EK202310196344,142.03333333333333
EK202310218805,157.8
EK202310116838,134.46666666666667
EK202310185359,139.5
EK202310150318,149.4
EK202310121733,133.06666666666666
EK202310242000,142.76666666666668
EK202310193114,135.96666666666667
EK202310171559,139.86666666666667
EK202310122635,139.6
EK202310167040,153.03333333333333
EK202310166470,131.03333333333333
EK202310195612,142.4
EK202310233457,137.3
EK202310185055,130.83333333333334
EK202310177519,154.26666666666668
EK202310247329,149.66666666666666
EK202310195549,168.5
EK202310144213,131.46666666666667
EK202310135438,164.06666666666666
EK202310226468,142.83333333333334
EK202310105289,139.7
EK202310120252,142.0
EK202310176662,140.1
EK202310114289,135.26666666666668
EK202310126976,137.56666666666666
EK202310207593,153.86666666666667
EK202310114272,132.2
EK202310199080,136.53333333333333
EK202310122669,138.33333333333334
EK202310180804,152.86666666666667
EK202310204732,145.4
EK202310200464,134.86666666666667
EK202310203808,124.66666666666667
EK202310212010,135.46666666666667
EK202310245942,147.03333333333333
EK202310004694,134.53333333333333
EK202310155200,140.16666666666666
EK202310164369,129.8
EK202310126268,141.6
EK202310170105,150.53333333333333
EK202310225963,135.9
EK202310114547,143.86666666666667
EK202310236239,139.46666666666667
EK202310112862,145.96666666666667
EK202310109972,147.63333333333333
EK202310132643,132.13333333333333
EK202310132419,143.96666666666667
EK202310161002,144.16666666666666
EK202310189189,130.0
EK202310148790,143.2
EK202310169154,161.53333333333333
EK202310196747,151.16666666666666
EK202310122266,153.93333333333334
EK202310115421,128.2
EK202310180521,145.0
EK202310167786,151.56666666666666
EK202310167076,144.56666666666666
EK202310168839,141.56666666666666
EK202310110674,129.6
EK202310236684,133.16666666666666
EK202310128770,142.8
EK202310244917,150.2
EK202310128367,152.06666666666666
EK202310129004,140.93333333333334
EK202310231478,130.53333333333333
EK202310178172,152.8
EK202310180564,148.96666666666667
EK202310112326,130.4
EK202310200330,134.36666666666667
EK202310138725,140.9
EK202310177009,141.13333333333333
EK202310220598,164.4
EK202310200436,150.66666666666666
EK202310242674,143.46666666666667
EK202310222668,174.73333333333332
EK202310118184,136.3
EK202310138203,138.9
EK202310118829,151.53333333333333
EK202310185969,142.93333333333334
EK202310216351,141.56666666666666
EK202310187284,141.7
EK202310218216,140.63333333333333
EK202310219259,140.5
EK202310120929,144.0
EK202310108093,166.43333333333334
EK202310142267,146.66666666666666
EK202310174980,139.26666666666668
EK202310114009,150.23333333333332
EK202310242966,142.7
EK202310147064,146.76666666666668
EK202310223815,140.73333333333332
EK202310185149,161.5
EK202310173756,136.86666666666667
EK202310212549,146.0
EK202310122123,140.23333333333332
EK202310148593,132.8
EK202310203858,137.03333333333333
EK202310194323,147.03333333333333
EK202310210067,141.53333333333333
EK202310247362,146.6
EK202310179728,172.3
EK202310135263,139.2
EK202310228041,148.93333333333334
EK202310198439,151.13333333333333
EK202310224121,137.73333333333332
EK202310176263,139.0
EK202310210520,135.03333333333333
EK202310153558,131.56666666666666
EK202310201528,137.76666666666668
EK202310204700,138.53333333333333
EK202310199855,146.13333333333333
EK202310133334,145.6
EK202310125891,142.66666666666666
EK202310149237,139.1
EK202310207352,134.26666666666668
EK202310143244,149.33333333333334
EK202310173902,147.23333333333332
EK202310204441,130.06666666666666
EK202310154510,152.3
EK202310197593,148.3
EK202310139918,139.96666666666667
EK202310143944,136.43333333333334
EK202310182605,139.56666666666666
EK202310113041,142.5
EK202310108339,138.3
EK202310177699,134.13333333333333
EK202310158001,144.16666666666666
EK202310243619,135.6
EK202310225367,139.93333333333334
EK202310148561,138.7
EK202310242689,137.46666666666667
EK202310146006,143.4
EK202310200037,142.23333333333332
EK202310186473,133.56666666666666
EK202310105390,142.4
EK202310150556,149.5
EK202310180347,161.93333333333334
EK202310203230,154.63333333333333
EK202310200016,134.06666666666666
EK202310154269,138.13333333333333
EK202310128087,146.06666666666666
EK202310122816,151.26666666666668
EK202310134877,132.6
EK202310195490,155.43333333333334
EK202310209715,134.63333333333333
EK202310236837,137.26666666666668
EK202310196435,128.43333333333334
EK202310139068,144.83333333333334
EK202310171012,152.83333333333334
EK202310150360,143.63333333333333
EK202310222353,155.63333333333333
EK202310197842,150.13333333333333
EK202310188412,156.96666666666667
EK202310153874,148.23333333333332
EK202310213199,148.56666666666666
EK202310127730,150.96666666666667
EK202310215194,134.46666666666667
EK202310126576,136.8
EK202310248182,135.53333333333333
EK202310198801,157.43333333333334
EK202310198160,130.86666666666667
EK202310198294,151.1
EK202310167705,142.1
EK202310217704,144.7
EK202310145831,138.66666666666666
EK202310105308,145.9
EK202310230902,143.86666666666667
EK202310202412,135.83333333333334
EK202310130126,148.36666666666667
EK202310193563,144.6
EK202310130811,142.9
EK202310169126,154.83333333333334
EK202310107052,161.83333333333334
EK202310134315,126.36666666666666
EK202310230590,134.23333333333332
EK202310212377,135.13333333333333
EK202310227080,143.4
EK202310124256,161.16666666666666
EK202310219252,145.16666666666666
EK202310230033,134.43333333333334
EK202310117668,139.16666666666666
EK202310228344,128.43333333333334
EK202310233855,142.1
EK202310147814,158.36666666666667
EK202310107881,138.53333333333333
EK202310230203,170.93333333333334
EK202310177383,148.23333333333332
EK202310122567,140.66666666666666
EK202310207619,152.43333333333334
EK202310202333,134.53333333333333
EK202310189380,146.56666666666666
EK202310180057,140.73333333333332
EK202310202234,141.4
EK202310233426,142.03333333333333
EK202310175207,140.6
EK202310204631,146.46666666666667
EK202310194398,142.16666666666666
EK202310139820,158.93333333333334
EK202310116562,149.83333333333334
EK202310229058,134.46666666666667
EK202310247161,133.33333333333334
EK202310189860,131.36666666666667
EK202310104099,130.2
EK202310244738,173.96666666666667
EK202310247933,135.66666666666666
EK202310149446,152.53333333333333
EK202310161930,144.03333333333333
EK202310116286,158.46666666666667
EK202310109850,143.06666666666666
EK202310204890,137.3
EK202310124176,124.53333333333333
EK202310231512,134.7
EK202310157031,148.66666666666666
EK202310219683,135.23333333333332
EK202310105922,133.4
EK202310003444,145.93333333333334
EK202310128205,128.0
EK202310136781,150.66666666666666
EK202310195373,142.93333333333334
EK202310140338,143.23333333333332
EK202310178676,146.96666666666667
EK202310234329,141.33333333333334
EK202310115125,153.06666666666666
EK202310219503,133.43333333333334
EK202310201769,138.03333333333333
EK202310139458,144.4
EK202310194338,148.83333333333334
EK202310223572,131.53333333333333
EK202310125065,163.03333333333333
EK202310227016,149.43333333333334
EK202310176702,147.3
EK202310155243,147.6
EK202310192723,145.16666666666666
EK202310198191,143.96666666666667
EK202310105422,146.76666666666668
EK202310105777,146.46666666666667
EK202310187970,146.16666666666666
EK202310236294,151.9
EK202310210632,140.13333333333333
EK202310122661,144.53333333333333
EK202310132816,169.93333333333334
EK202310221993,139.83333333333334
EK202310235308,142.2
EK202310232426,126.73333333333333
EK202310225207,133.43333333333334
EK202310120329,149.6
EK202310174955,134.76666666666668
EK202310233002,151.66666666666666
EK202310226820,138.03333333333333
EK202310231561,130.6
EK202310178128,137.2
EK202310231088,135.06666666666666
EK202310147614,152.73333333333332
EK202310192044,134.73333333333332
EK202310207423,134.23333333333332
EK202310144998,134.86666666666667
EK202310160433,140.0
EK202310182388,138.73333333333332
EK202310004163,139.63333333333333
EK202310178635,136.9
EK202310147316,160.96666666666667
EK202310137625,140.9
EK202310234674,138.06666666666666
EK202310206395,150.43333333333334
EK202310198108,166.83333333333334
EK202310230135,129.4
EK202310124667,140.4
EK202310197608,158.06666666666666
EK202310239140,146.06666666666666
EK202320006708,157.7
EK202310141682,128.76666666666668
EK202310173078,137.46666666666667
EK202310180684,163.43333333333334
EK202310168825,145.5
EK202310196603,146.43333333333334
EK202310143301,168.26666666666668
EK202310198024,163.56666666666666
EK202310238866,154.16666666666666
EK202310174309,130.56666666666666
EK202310169127,124.46666666666667
EK202310118888,135.23333333333332
EK202310219211,142.93333333333334
EK202310117888,132.86666666666667
EK202310203714,135.23333333333332
EK202310212227,133.13333333333333
EK202310224375,131.16666666666666
EK202310169753,146.56666666666666
EK202310218369,139.43333333333334
EK202310229422,144.06666666666666
EK202310114027,136.53333333333333
EK202310191499,133.2
EK202310123832,132.5
EK202310117550,150.76666666666668
EK202310153034,144.66666666666666
EK202310147526,137.8
EK202310240029,124.0
EK202310208321,142.06666666666666
EK202310110615,134.63333333333333
EK202310172001,142.93333333333334
EK202310245514,145.73333333333332
EK202310113405,141.6
EK202310133712,166.06666666666666
EK202310220573,139.36666666666667
EK202310127361,155.9
EK202310203296,131.4
EK202310205467,137.06666666666666
EK202310182859,148.93333333333334
EK202310116644,140.3
EK202310143055,140.93333333333334
EK202310137541,152.6
EK202310240346,140.8
EK202310231920,142.9
EK202310003793,144.6
EK202310179099,144.3
EK202310182101,145.76666666666668
EK202310180654,128.26666666666668
EK202310203568,159.86666666666667
EK202310201589,154.63333333333333
EK202310185227,141.76666666666668
EK202310204045,143.23333333333332
EK202310231962,134.76666666666668
EK202310206237,131.86666666666667
EK202310129023,147.56666666666666
EK202320005658,134.6
EK202310155013,154.93333333333334
EK202310207955,132.16666666666666
EK202310175039,127.5
EK202310189095,136.26666666666668
EK202310222588,134.16666666666666
EK202310194826,139.43333333333334
EK202310116127,135.76666666666668
EK202310186036,135.53333333333333
EK202310228425,133.83333333333334
EK202310142709,131.46666666666667
EK202310212132,130.93333333333334
EK202310106890,128.9
EK202310244866,141.93333333333334
EK202310185150,146.86666666666667
EK202310137324,136.0
EK202310171191,125.76666666666667
EK202310113505,141.26666666666668
EK202320007023,158.66666666666666
EK202310119257,146.73333333333332
EK202310149918,147.43333333333334
EK202310223014,128.86666666666667
EK202310201000,152.8
EK202310172203,144.83333333333334
EK202310203943,151.0
EK202310120010,132.7
EK202310108002,147.8
EK202310241637,156.13333333333333
EK202310174800,137.36666666666667
EK202310127377,149.46666666666667
EK202310122799,164.76666666666668
EK202310229843,124.36666666666666
EK202310226129,137.13333333333333
EK202310140081,155.36666666666667
EK202310229999,133.26666666666668
EK202310203546,155.06666666666666
EK202310209757,143.63333333333333
EK202310116016,140.83333333333334
EK202310165012,172.83333333333334
EK202310122837,138.06666666666666
EK202310146822,153.3
EK202310112044,137.4
EK202310166309,147.5
EK202310172353,137.9
EK202310111013,165.1
EK202310134532,142.53333333333333
EK202310201623,142.0
EK202310207833,133.46666666666667
EK202310153627,148.26666666666668
EK202310173741,144.36666666666667
EK202310233377,143.83333333333334
EK202310108336,144.43333333333334
EK202310144097,138.3
EK202310242026,139.16666666666666
EK202310123987,160.46666666666667
EK202310201556,145.4
EK202310141802,149.56666666666666
EK202310160116,158.63333333333333
EK202310208420,157.7
EK202310201286,139.2
EK202310242784,147.6
EK202310207678,139.76666666666668
EK202310235367,143.23333333333332
EK202310138835,146.63333333333333
EK202310126496,137.03333333333333
EK202310210203,135.0
EK202310160698,145.23333333333332
EK202310131627,148.76666666666668
EK202310192509,139.16666666666666
EK202310237182,135.16666666666666
EK202310195225,153.13333333333333
EK202310209548,136.26666666666668
EK202310170414,127.16666666666667
EK202310178511,139.56666666666666
EK202310169436,150.4
EK202310163299,136.0
EK202310197411,135.13333333333333
EK202310208679,134.66666666666666
EK202310178121,135.8
EK202310126051,133.0
EK202310158375,149.4
EK202310190778,137.73333333333332
EK202310154851,128.5
EK202310179709,134.8
EK202310114702,138.2
EK202310167850,130.06666666666666
EK202310004729,141.2
EK202310183539,160.5
EK202310196615,151.26666666666668
EK202310162856,147.06666666666666
EK202310133076,148.4
EK202310230396,157.43333333333334
EK202310158633,144.1
EK202310161117,170.36666666666667
EK202310004351,139.43333333333334
EK202310174767,162.4
EK202310183707,145.76666666666668
EK202310201085,155.06666666666666
EK202310117365,137.83333333333334
EK202310211525,148.1
EK202310174033,147.1
EK202310133029,163.16666666666666
EK202310109257,141.76666666666668
EK202310208465,145.8
EK202310003437,138.43333333333334
EK202310147849,149.06666666666666
EK202310172875,146.36666666666667
EK202310195261,145.43333333333334
EK202310124700,135.3
EK202310209462,142.0
EK202310190370,166.33333333333334
EK202310166689,137.2
EK202310125440,137.0
EK202310242447,157.73333333333332
EK202310208224,138.56666666666666
EK202310164938,140.86666666666667
EK202310171017,149.16666666666666
EK202310221295,138.76666666666668
EK202310116789,123.06666666666666
EK202310245230,139.6
EK202310196239,146.86666666666667
EK202310217020,153.23333333333332
EK202310149091,157.86666666666667
EK202310188633,137.13333333333333
EK202310145175,156.86666666666667
EK202310184944,143.3
EK202310116881,139.0
EK202310133865,140.43333333333334
EK202310170575,144.6
EK202310217837,134.0
EK202310142127,138.26666666666668
EK202310220280,132.33333333333334
EK202310220011,152.03333333333333
EK202310136446,147.13333333333333
EK202310167400,158.13333333333333
EK202310136757,139.23333333333332
EK202310219947,139.9
EK202310215446,153.2
EK202310113390,161.93333333333334
EK202310231430,137.83333333333334
EK202310190750,143.7
EK202310218203,133.96666666666667
EK202310232673,153.06666666666666
EK202310172719,125.93333333333334
EK202310238088,149.1
EK202310122490,129.83333333333334
EK202310141767,138.26666666666668
EK202310164189,141.06666666666666
EK202310131789,151.73333333333332
EK202310131787,144.93333333333334
EK202310111463,144.96666666666667
EK202310189888,136.56666666666666
EK202310123502,142.16666666666666
EK202310248489,140.66666666666666
EK202310104974,140.4
EK202310133434,139.9
EK202310122152,128.46666666666667
EK202310223645,147.83333333333334
EK202310218467,133.33333333333334
EK202310200984,142.43333333333334
EK202310246962,157.1
EK202310138658,149.26666666666668
EK202310135971,137.13333333333333
EK202310145071,149.83333333333334
EK202310236227,151.53333333333333
EK202310161820,139.93333333333334
EK202310116560,148.03333333333333
EK202310147855,141.06666666666666
EK202310198848,136.46666666666667
EK202310126318,140.56666666666666
EK202310168761,155.86666666666667
EK202310236060,143.5
EK202310194911,162.36666666666667
EK202310232213,141.73333333333332
EK202310123619,132.4
EK202310129238,146.5
EK202310239622,143.93333333333334
EK202310130274,165.5
EK202310136862,124.43333333333334
EK202310144925,150.46666666666667
EK202310117994,133.5
EK202310145721,138.13333333333333
EK202310166110,129.06666666666666
EK202310153689,144.5
EK202310167524,132.16666666666666
EK202310171110,148.73333333333332
EK202310194242,133.2
EK202310128824,131.7
EK202310217802,147.3
EK202310174759,147.76666666666668
EK202310163258,145.76666666666668
EK202320007136,172.73333333333332
EK202310223074,136.03333333333333
EK202310127999,139.63333333333333
EK202310210697,143.3
EK202310187479,144.63333333333333
EK202310229648,155.53333333333333
EK202310223615,150.96666666666667
EK202310205259,157.43333333333334
EK202310207915,142.9
EK202310161035,162.1
EK202310211684,138.83333333333334
EK202310217627,137.76666666666668
EK202310188184,150.23333333333332
EK202310179703,141.96666666666667
EK202310191167,141.46666666666667
EK202310206412,127.46666666666667
EK202310138851,152.33333333333334
EK202320007328,154.33333333333334
EK202310211346,146.56666666666666
EK202310169209,147.23333333333332
EK202310145302,126.16666666666667
EK202310203140,139.76666666666668
EK202310209732,137.3
EK202310117958,136.43333333333334
EK202310155922,139.83333333333334
EK202310184930,134.33333333333334
EK202310150832,138.7
EK202310208806,153.73333333333332
EK202310172410,161.16666666666666
EK202310230235,145.8
EK202310203566,141.6
EK202310123801,153.6
EK202310141762,162.33333333333334
EK202310245120,136.36666666666667
EK202310183959,146.6
EK202310128037,157.96666666666667
EK202310004669,143.56666666666666
EK202310217022,127.06666666666666
EK202310110060,139.4
EK202310231754,127.13333333333334
EK202310132866,139.43333333333334
EK202310246978,141.8
EK202310111800,138.06666666666666
EK202310141316,140.33333333333334
EK202310225078,150.33333333333334
EK202310224113,132.93333333333334
EK202310229156,138.2
EK202310158924,158.83333333333334
EK202310193952,142.93333333333334
EK202310134851,148.36666666666667
EK202310107778,135.2
EK202310201914,164.26666666666668
EK202310226477,138.4
EK202310200818,150.53333333333333
EK202310178725,137.16666666666666
EK202310136843,134.9
EK202310188878,159.9
EK202310192998,156.63333333333333
EK202310123605,146.36666666666667
EK202310109206,136.93333333333334
EK202310110309,140.8
EK202310201669,152.63333333333333
EK202310228267,144.8
EK202310120920,145.2
EK202310239638,141.96666666666667
EK202310138789,151.83333333333334
EK202310187947,163.96666666666667
EK202310143793,131.96666666666667
EK202310231992,136.16666666666666
EK202310243082,136.43333333333334
EK202310174903,157.43333333333334
EK202310004153,148.86666666666667
EK202310211574,139.96666666666667
EK202310133648,138.46666666666667
EK202310145095,161.16666666666666
EK202310180354,166.9
EK202310111206,130.0
EK202310182140,158.66666666666666
EK202310202202,139.9
EK202310158892,140.16666666666666
EK202310193967,149.93333333333334
EK202310222297,122.86666666666666
EK202310121931,149.93333333333334
EK202310170526,148.6
EK202310119454,172.2
EK202310235204,131.8
EK202310123917,144.1
EK202310157703,143.13333333333333
EK202310149315,153.5
EK202310146815,144.23333333333332
EK202310126049,173.6
EK202310232396,138.13333333333333
EK202310199056,153.66666666666666
EK202310141228,135.63333333333333
EK202310196032,137.4
EK202310107291,151.63333333333333
EK202310122690,148.93333333333334
EK202310236528,141.23333333333332
EK202320007677,146.33333333333334
EK202310210488,136.73333333333332
EK202310207172,154.2
EK202310182902,149.63333333333333
EK202310139806,168.83333333333334
EK202310148583,155.73333333333332
EK202310220644,141.06666666666666
EK202310112733,140.6
EK202310204401,141.66666666666666
EK202310160356,137.6
EK202310225435,136.63333333333333
EK202310196076,148.66666666666666
EK202310203598,143.6
EK202310140544,148.93333333333334
EK202310212327,139.63333333333333
EK202310235705,149.33333333333334
EK202310202376,137.36666666666667
EK202310196089,139.13333333333333
EK202310139122,151.8
EK202310176023,146.46666666666667
EK202310117387,135.43333333333334
EK202310192216,144.1
EK202310122067,143.16666666666666
EK202310224886,141.23333333333332
EK202310234937,142.3
EK202310196488,140.2
EK202310140986,138.16666666666666
EK202310104819,155.33333333333334
EK202310192016,149.76666666666668
EK202310230705,141.53333333333333
EK202310191079,156.16666666666666
EK202310224030,146.5
EK202310116108,136.53333333333333
EK202310216944,152.06666666666666
EK202310239270,145.6
EK202310179674,145.36666666666667
EK202310135614,141.36666666666667
EK202310196625,131.86666666666667
EK202310244109,138.4
EK202310211711,133.33333333333334
EK202310175336,153.0
EK202310155402,135.73333333333332
EK202310110776,164.53333333333333
EK202310246416,145.5
EK202310180852,127.76666666666667
EK202310173163,156.03333333333333
EK202310146639,147.56666666666666
EK202320007618,151.63333333333333
EK202310245395,144.63333333333333
EK202310175505,151.23333333333332
EK202310196444,154.5
EK202310172044,135.2
EK202310140972,174.6
EK202310236512,137.73333333333332
EK202310141653,146.5
EK202310236235,139.93333333333334
EK202310111947,142.73333333333332
EK202310129970,142.4
EK202310156921,158.6
EK202310111882,138.9
EK202310142671,153.66666666666666
EK202310225816,136.8
EK202310129016,145.4
EK202310216107,145.86666666666667
EK202310192345,131.7
EK202310115608,143.66666666666666
EK202310218293,142.13333333333333
EK202310105946,138.83333333333334
EK202310194919,140.36666666666667
EK202310138207,135.13333333333333
EK202310199908,140.5
EK202320006707,158.03333333333333
EK202310162516,149.43333333333334
EK202310121312,129.36666666666667
EK202310240696,133.33333333333334
EK202310124904,149.03333333333333
EK202310238291,149.16666666666666
EK202310127974,139.5
EK202310136024,160.53333333333333
EK202310187265,132.53333333333333
EK202310108072,131.93333333333334
EK202310240013,141.0
EK202310212042,133.23333333333332
EK202310237376,137.53333333333333
EK202310220612,129.96666666666667
EK202310194509,147.5
EK202310209569,149.66666666666666
EK202310114438,148.13333333333333
EK202310132881,154.83333333333334
EK202310175705,135.1
EK202310004055,146.83333333333334
EK202310175229,143.16666666666666
EK202310174345,139.73333333333332
EK202310212490,142.23333333333332
EK202310136810,136.3
EK202310157304,143.36666666666667
EK202310169599,131.33333333333334
EK202310107717,147.96666666666667
EK202310105279,143.73333333333332
EK202310110848,136.4
EK202310178772,166.2
EK202310245828,114.66666666666667
EK202310219817,152.8
EK202310200575,142.03333333333333
EK202310105122,142.53333333333333
EK202310162052,147.96666666666667
EK202310150697,147.1
EK202310158553,147.13333333333333
EK202310210487,133.8
EK202310219594,132.43333333333334
EK202310234064,167.03333333333333
EK202310147076,158.4
EK202310168891,149.93333333333334
EK202310230477,171.2
EK202310151700,147.83333333333334
EK202310105830,157.86666666666667
EK202310150350,144.23333333333332
EK202310221753,142.06666666666666
EK202310117832,140.83333333333334
EK202310192005,137.13333333333333
EK202310236133,139.5
EK202310128003,136.06666666666666
EK202310192879,152.83333333333334
EK202310127978,125.83333333333333
EK202310145508,144.43333333333334
EK202310112586,143.16666666666666
EK202310241863,152.03333333333333
EK202310221932,145.23333333333332
EK202310132949,137.3
EK202310223688,157.6
EK202310143982,140.5
EK202320006378,153.5
EK202310104123,147.6
EK202310185565,149.6
EK202310229086,139.56666666666666
EK202310133226,150.33333333333334
EK202310118081,135.26666666666668
EK202310150049,145.0
EK202310135400,134.7
EK202310116088,132.66666666666666
EK202310231696,130.7
EK202310146749,140.8
EK202310111238,148.6
EK202310191666,163.26666666666668
EK202310135953,147.83333333333334
EK202310161122,146.96666666666667
EK202310228253,140.3
EK202310153608,143.66666666666666
EK202310138495,169.0
EK202310145050,140.43333333333334
EK202310206747,127.63333333333334
EK202310203488,173.8
EK202310183419,159.5
EK202310129584,142.9
EK202310131950,139.16666666666666
EK202320006497,148.63333333333333
EK202310158313,147.7
EK202310156450,130.0
EK202310206931,163.93333333333334
EK202310224192,137.9
EK202310181248,150.9
EK202310139477,145.73333333333332
EK202310106863,148.26666666666668
EK202310113902,139.36666666666667
EK202310177431,140.1
EK202310189561,142.46666666666667
EK202310206223,126.03333333333333
EK202320005580,167.73333333333332
EK202310240584,137.96666666666667
EK202310193474,134.66666666666666
EK202310106515,153.93333333333334
EK202310134230,142.76666666666668
EK202310184191,136.83333333333334
EK202310120682,140.56666666666666
EK202310169684,138.4
EK202310119557,143.0
EK202310126983,139.13333333333333
EK202310167903,140.53333333333333
EK202310133442,146.33333333333334
EK202310210959,141.13333333333333
EK202310212306,140.63333333333333
EK202310230307,135.0
EK202310212565,132.03333333333333
EK202310192899,142.76666666666668
EK202310170190,138.76666666666668
EK202310153027,164.56666666666666
EK202310114380,146.13333333333333
EK202310133567,153.5
EK202310214756,144.26666666666668
EK202310114168,145.1
EK202310217065,151.93333333333334
EK202310169361,131.4
EK202310165708,138.76666666666668
EK202310228615,136.23333333333332
EK202310209019,150.96666666666667
EK202310132985,136.46666666666667
EK202310110233,143.26666666666668
EK202310143464,130.6
EK202310136141,151.26666666666668
EK202310226017,144.7
EK202310155663,134.53333333333333
EK202310195009,151.4
EK202310126196,156.83333333333334
EK202310108026,143.23333333333332
EK202310172643,139.53333333333333
EK202310153423,133.3
EK202310243003,134.7
EK202310153678,142.06666666666666
EK202310169206,139.8
EK202310196881,144.83333333333334
EK202310247696,140.2
EK202310160692,155.96666666666667
EK202310157186,167.9
EK202310156752,132.06666666666666
EK202310114419,135.63333333333333
EK202310117232,136.53333333333333
EK202310221881,140.16666666666666
EK202310202289,140.56666666666666
EK202310221155,138.93333333333334
EK202310197000,144.23333333333332
EK202310183680,128.4
EK202310166065,138.43333333333334
EK202310224104,137.83333333333334
EK202310198490,138.5
EK202310185320,147.9
EK202310112969,150.43333333333334
EK202310122531,134.76666666666668
EK202310223294,142.33333333333334
EK202310243257,151.66666666666666
EK202310227369,160.36666666666667
EK202310132379,129.43333333333334
EK202310207889,138.36666666666667
EK202310155220,135.16666666666666
EK202310149989,144.83333333333334
EK202310116304,143.46666666666667
EK202310207654,158.9
EK202310233148,134.36666666666667
EK202310133990,171.13333333333333
EK202310131881,144.06666666666666
EK202310147674,166.26666666666668
EK202310161848,159.76666666666668
EK202310113742,140.06666666666666
EK202310107292,133.6
EK202310157457,142.53333333333333
EK202310159983,138.2
EK202310222436,136.86666666666667
EK202310116722,130.8
EK202310228029,134.36666666666667
EK202310226778,141.33333333333334
EK202310223904,143.66666666666666
EK202310205019,146.8
EK202310119364,136.03333333333333
EK202310003651,134.53333333333333
EK202310212861,131.66666666666666
EK202310110710,140.0
EK202310131651,137.96666666666667
EK202310144906,144.86666666666667
EK202310188544,150.46666666666667
EK202310133839,141.1
EK202310118694,145.66666666666666
EK202310110720,136.43333333333334
EK202310128544,143.66666666666666
EK202310193628,141.5
EK202310148648,156.63333333333333
EK202310153778,146.4
EK202310188918,128.46666666666667
EK202310126546,131.86666666666667
EK202310214084,163.0
EK202310191915,151.1
EK202310230973,140.06666666666666
EK202310220076,136.06666666666666
EK202310198281,135.2
EK202310210973,141.2
EK202310116202,144.8
EK202320007382,153.63333333333333
EK202310140017,133.86666666666667
EK202310235458,133.93333333333334
EK202310224553,132.13333333333333
EK202310131411,131.6
EK202310172944,146.1
EK202310187715,140.4
EK202310117160,145.73333333333332
EK202310223783,136.7
EK202310208505,134.86666666666667
EK202310177144,146.46666666666667
EK202310141554,135.26666666666668
EK202310153806,149.06666666666666
EK202310178651,135.86666666666667
EK202310207053,139.83333333333334
EK202310121285,142.13333333333333
EK202310129917,138.16666666666666
EK202310178974,140.93333333333334
EK202310139959,144.0
EK202310240930,144.66666666666666
EK202310184143,148.83333333333334
EK202310141627,146.83333333333334
EK202310248495,140.13333333333333
EK202310210251,139.06666666666666
EK202310181393,145.5
EK202310203408,149.73333333333332
EK202310210221,138.56666666666666
EK202310153228,148.03333333333333
EK202310181161,137.93333333333334
EK202310122291,155.36666666666667
EK202310219649,140.96666666666667
EK202310108802,140.1
EK202310147915,151.6
EK202310219111,137.5
EK202310004516,135.96666666666667
EK202310187796,148.96666666666667
EK202310152632,155.56666666666666
EK202310234189,132.83333333333334
EK202310248401,134.43333333333334
EK202310198077,133.86666666666667
EK202310182281,153.63333333333333
EK202310173305,136.1
EK202310191194,136.63333333333333
EK202320006641,176.96666666666667
EK202310187839,169.5
EK202310166786,154.36666666666667
EK202310104248,150.8
EK202310140808,151.76666666666668
EK202310154881,140.5
EK202310158734,157.7
EK202310198034,148.76666666666668
EK202310210288,142.76666666666668
EK202310115555,142.63333333333333
EK202310122253,136.93333333333334
EK202310208001,144.8
EK202310247301,166.46666666666667
EK202310158412,147.83333333333334
EK202310133516,133.7
EK202310199724,149.06666666666666
EK202310203434,138.6
EK202310149601,158.6
EK202310207662,130.4
EK202310155823,145.56666666666666
EK202310155070,143.0
EK202310003692,163.5
EK202310112220,141.76666666666668
EK202310210474,123.7
EK202310174563,148.53333333333333
EK202310178481,149.66666666666666
EK202310161746,143.7
EK202310184759,132.16666666666666
EK202310214382,161.16666666666666
EK202310220383,130.63333333333333
EK202310181896,156.83333333333334
EK202310109101,145.26666666666668
EK202310111874,136.76666666666668
EK202310239939,139.8
EK202310146648,128.26666666666668
EK202310147888,138.13333333333333
EK202310228585,131.76666666666668
EK202320006300,170.26666666666668
EK202310157823,129.73333333333332
EK202310175416,145.56666666666666
EK202310191246,140.53333333333333
EK202310241025,151.0
EK202310175713,128.13333333333333
EK202310165199,147.13333333333333
EK202310229611,135.06666666666666
EK202310167463,153.4
EK202310125411,137.9
EK202310247310,138.73333333333332
EK202310131556,143.83333333333334
EK202320007526,174.13333333333333
EK202310109396,166.63333333333333
EK202310243612,140.06666666666666
EK202320006821,170.83333333333334
EK202310191818,139.83333333333334
EK202310206573,131.8
EK202310176203,168.36666666666667
EK202310113063,136.43333333333334
EK202310152411,133.83333333333334
EK202310186297,146.03333333333333
EK202320006177,148.9
EK202310184504,162.26666666666668
EK202310118343,138.83333333333334
EK202310166342,163.26666666666668
EK202310238948,159.76666666666668
EK202310226471,133.53333333333333
EK202310153486,124.26666666666667
EK202310146780,131.9
EK202310129676,147.2
EK202310230251,131.26666666666668
EK202310227178,137.76666666666668
EK202310148962,142.86666666666667
EK202310235140,151.83333333333334
EK202310158736,159.06666666666666
EK202310208299,143.46666666666667
EK202310205311,131.66666666666666
EK202310140268,140.76666666666668
EK202310158411,143.76666666666668
EK202310120168,143.93333333333334
EK202310120164,146.53333333333333
EK202310191318,144.36666666666667
EK202310124551,142.83333333333334
EK202310133393,127.53333333333333
EK202310244048,137.33333333333334
EK202310209487,156.36666666666667
EK202310130550,145.03333333333333
EK202310134976,161.73333333333332
EK202310113614,139.03333333333333
EK202310237767,144.7
EK202310120386,148.93333333333334
EK202310190693,151.73333333333332
EK202310158340,135.83333333333334
EK202310185631,144.2
EK202310193894,134.13333333333333
EK202310232391,139.76666666666668
EK202310129047,136.16666666666666
EK202310187052,144.3
EK202310174623,140.73333333333332
EK202310149978,139.1
EK202310238712,135.43333333333334
EK202310172389,168.73333333333332
EK202310187833,140.36666666666667
EK202310238335,162.26666666666668
EK202310232031,140.66666666666666
EK202310224185,142.23333333333332
EK202310166575,132.46666666666667
EK202310119974,136.73333333333332
EK202310195917,134.53333333333333
EK202310174762,147.76666666666668
EK202310237282,136.63333333333333
EK202310112142,165.93333333333334
EK202310107661,137.4
EK202310197179,171.8
EK202310154174,153.9
EK202310241892,130.36666666666667
EK202310178171,139.03333333333333
EK202310134220,143.93333333333334
EK202310200711,138.36666666666667
EK202310190031,155.23333333333332
EK202310215938,143.66666666666666
EK202310125861,138.56666666666666
EK202310143873,160.13333333333333
EK202310165035,146.1
EK202310157391,142.93333333333334
EK202310216624,134.06666666666666
EK202310136516,143.73333333333332
EK202310175267,156.13333333333333
EK202310139527,138.53333333333333
EK202310145890,146.43333333333334
EK202310207934,138.76666666666668
EK202310216534,151.2
EK202310243402,136.93333333333334
EK202310125822,152.26666666666668
EK202310210671,143.66666666666666
EK202310118842,141.63333333333333
EK202310242780,130.73333333333332
EK202310183963,129.46666666666667
EK202310192132,138.2
EK202310158172,151.03333333333333
EK202310107920,157.03333333333333
EK202310116588,138.76666666666668
EK202310157004,141.83333333333334
EK202310203397,148.03333333333333
EK202310145727,158.73333333333332
EK202310134294,156.06666666666666
EK202310161573,157.56666666666666
EK202310163914,147.7
EK202320005749,149.96666666666667
EK202310004457,145.56666666666666
EK202310198895,130.83333333333334
EK202310200079,143.6
EK202310236220,152.16666666666666
EK202310167195,152.2
EK202310190621,144.4
EK202310126857,148.23333333333332
EK202310221597,145.3
EK202310139743,145.0
EK202310173860,144.9
EK202310212130,143.53333333333333
EK202310238113,146.13333333333333
EK202310232782,153.4
EK202310231990,147.13333333333333
EK202310154189,143.73333333333332
EK202310111012,150.96666666666667
EK202310208334,131.1
EK202310222126,131.86666666666667
EK202310206217,138.66666666666666
EK202310185801,134.86666666666667
EK202310207901,138.83333333333334
EK202310121054,148.26666666666668
EK202310188410,149.16666666666666
EK202310203904,147.66666666666666
EK202310230514,131.6
EK202320007184,168.13333333333333
EK202310196925,172.26666666666668
EK202310201983,141.23333333333332
EK202310242071,155.53333333333333
EK202310242487,149.5
EK202310174134,151.5
EK202310221304,140.76666666666668
EK202310146366,133.8
EK202310242718,134.73333333333332
EK202310158582,141.0
EK202310182050,140.53333333333333
EK202310110321,141.43333333333334
EK202310126720,134.4
EK202310145134,160.4
EK202310134228,150.1
EK202310151176,126.56666666666666
EK202310159471,128.83333333333334
EK202310197298,141.93333333333334
EK202310114442,148.06666666666666
EK202310216170,140.3
EK202310126914,137.5
EK202310160897,155.76666666666668
EK202310241296,145.9
EK202310145492,145.73333333333332
EK202310142012,152.83333333333334
EK202310141538,144.33333333333334
EK202310154638,162.53333333333333
EK202310238848,146.73333333333332
EK202310139821,136.66666666666666
EK202310108173,145.3
EK202310119610,146.86666666666667
EK202310242565,149.56666666666666
EK202310186446,150.8
EK202310144153,132.83333333333334
EK202310234883,145.03333333333333
EK202310124017,169.06666666666666
EK202310163758,145.23333333333332
EK202310203597,137.9
EK202310104417,138.0
EK202310202155,152.36666666666667
EK202310245823,127.13333333333334
EK202310203079,148.2
EK202310161636,151.76666666666668
EK202310144165,135.13333333333333
EK202310204775,139.3
EK202310167770,158.23333333333332
EK202310215963,138.86666666666667
EK202310133633,136.2
EK202310214866,141.63333333333333
EK202310180646,147.6
EK202310167541,134.03333333333333
EK202310136641,159.23333333333332
EK202310148939,150.23333333333332
EK202310103722,149.33333333333334
EK202310179303,142.36666666666667
EK202310200620,146.76666666666668
EK202310125714,132.16666666666666
EK202310204522,146.03333333333333
EK202310150835,141.16666666666666
EK202310130780,139.06666666666666
EK202310105814,137.16666666666666
EK202310172033,141.0
EK202310201852,144.76666666666668
EK202310148715,150.9
EK202310221644,132.66666666666666
EK202310114274,143.4
EK202310178264,157.26666666666668
EK202310164025,144.5
EK202310204651,150.16666666666666
EK202310141344,136.1
EK202310185886,163.63333333333333
EK202310203443,140.56666666666666
EK202320007693,168.4
EK202310236673,145.1
EK202310205537,157.0
EK202310215661,138.6
EK202310116840,138.6
EK202310179840,143.16666666666666
EK202310178802,162.1
EK202310124043,144.93333333333334
EK202310160029,143.56666666666666
EK202310166756,159.66666666666666
EK202310234362,139.73333333333332
EK202310130046,130.06666666666666
EK202310175285,142.63333333333333
EK202310155324,144.33333333333334
EK202310110760,139.0
EK202310167871,137.43333333333334
EK202310111911,139.13333333333333
EK202310105964,147.06666666666666
EK202310187240,138.63333333333333
EK202310228002,141.83333333333334
EK202310202448,156.4
EK202310144304,144.56666666666666
EK202310132248,142.53333333333333
EK202310200767,128.46666666666667
EK202310246600,144.6
EK202310156024,144.53333333333333
EK202310124951,136.63333333333333
EK202310127803,129.56666666666666
EK202310212512,144.86666666666667
EK202310237901,133.96666666666667
EK202310123799,147.53333333333333
EK202310122255,157.2
EK202310140607,135.93333333333334
EK202310214168,163.13333333333333
EK202310205290,139.33333333333334
EK202310201590,149.5
EK202310246716,159.16666666666666
EK202310211043,136.3
EK202310245155,145.06666666666666
EK202310146684,138.73333333333332
EK202310224856,155.3
EK202310149244,138.33333333333334
EK202310130714,123.46666666666667
EK202310185702,152.83333333333334
EK202310105075,137.56666666666666
EK202310103937,164.03333333333333
EK202310219458,139.66666666666666
EK202310220878,136.76666666666668
EK202310114846,152.8
EK202310165810,135.43333333333334
EK202310188784,147.43333333333334
EK202310119305,139.13333333333333
EK202310142173,137.06666666666666
EK202310218752,158.73333333333332
EK202310191456,142.06666666666666
EK202310110108,135.53333333333333
EK202310159818,159.8
EK202310151468,169.9
EK202310107315,140.06666666666666
EK202310200556,147.0
EK202310217485,137.8
EK202310206013,155.0
EK202310004134,139.5
EK202310124207,138.43333333333334
EK202310216869,144.33333333333334
EK202310112622,155.13333333333333
EK202310239660,140.7
EK202310236964,137.13333333333333
EK202310182396,150.96666666666667
EK202310213788,146.36666666666667
EK202310193031,165.96666666666667
EK202310181134,136.53333333333333
EK202310232914,141.16666666666666
EK202310229534,153.66666666666666
EK202310187612,158.76666666666668
EK202310186706,150.43333333333334
EK202310146528,159.2
EK202310201671,143.36666666666667
EK202310155878,156.66666666666666
EK202310186935,138.16666666666666
EK202310165048,149.96666666666667
EK202310214244,152.83333333333334
EK202310003448,133.6
EK202310237813,138.06666666666666
EK202310229380,138.53333333333333
EK202310136410,140.56666666666666
EK202310181792,148.36666666666667
EK202310174073,150.23333333333332
EK202310230921,135.63333333333333
EK202310131346,137.56666666666666
EK202310167144,159.9
EK202310198792,134.3
EK202310230863,138.7
EK202310116803,135.73333333333332
EK202310161651,167.53333333333333
EK202310140098,135.96666666666667
EK202310147311,162.26666666666668
EK202310228798,133.16666666666666
EK202310166857,147.16666666666666
EK202310204207,150.26666666666668
EK202310181214,152.16666666666666
EK202310163102,145.56666666666666
EK202310132529,147.5
EK202310194194,152.5
EK202310185194,152.06666666666666
EK202310139315,137.96666666666667
EK202310133963,156.53333333333333
EK202310107375,132.63333333333333
EK202310183190,142.56666666666666
EK202310150967,134.76666666666668
EK202310235477,138.43333333333334
EK202310231329,139.43333333333334
EK202310151218,141.23333333333332
EK202310117961,142.8
EK202310115637,141.06666666666666
EK202310148316,136.9
EK202310189439,160.8
EK202310183291,163.4
EK202310180341,159.96666666666667
EK202310195359,147.16666666666666
EK202310168437,151.56666666666666
EK202310239724,138.7
EK202310120281,137.03333333333333
EK202310154084,141.16666666666666
EK202310202226,133.7
EK202310211847,133.83333333333334
EK202310225040,136.16666666666666
EK202310148021,133.36666666666667
EK202310219384,160.16666666666666
EK202310189651,152.86666666666667
EK202310172718,142.23333333333332
EK202310154499,140.1
EK202310199387,166.0
EK202310109346,141.43333333333334
EK202310151918,135.6
EK202310138435,129.76666666666668
EK202310208281,131.86666666666667
EK202310144236,143.0
EK202310169290,139.7
EK202310120393,132.63333333333333
EK202310183688,146.33333333333334
EK202310192046,132.13333333333333
EK202310141942,146.9
EK202310120519,136.43333333333334
EK202310226413,140.8
EK202310177117,151.43333333333334
EK202310217940,141.1
EK202310170501,142.16666666666666
EK202310223357,147.73333333333332
EK202310245835,134.76666666666668
EK202310137793,148.16666666666666
EK202310174008,152.16666666666666
EK202310209155,137.2
EK202310177866,138.86666666666667
EK202310137396,138.83333333333334
EK202320006094,145.36666666666667
EK202310237036,141.63333333333333
EK202310177476,136.16666666666666
EK202310218927,142.93333333333334
EK202320007708,175.1
EK202310150749,147.4
EK202310226921,146.43333333333334
EK202310134168,143.93333333333334
EK202310198694,150.86666666666667
EK202310153758,149.76666666666668
EK202310164887,142.83333333333334
EK202310235542,153.1
EK202310175801,146.76666666666668
EK202310201383,148.46666666666667
EK202310003604,146.36666666666667
EK202310132259,158.06666666666666
EK202310223451,138.2
EK202310232766,145.3
EK202310162702,142.23333333333332
EK202310191785,139.2
EK202310222647,141.73333333333332
EK202310120606,132.66666666666666
EK202310196738,144.73333333333332
EK202310167031,158.03333333333333
EK202320006878,157.83333333333334
EK202310128617,164.13333333333333
EK202310156730,144.0
EK202310154328,135.16666666666666
EK202310199723,166.46666666666667
EK202310204015,153.0
EK202310165125,142.13333333333333
EK202310128837,143.63333333333333
EK202310109283,128.46666666666667
EK202310140754,155.4
EK202310133445,136.86666666666667
EK202310215163,140.56666666666666
EK202310152379,149.23333333333332
EK202310222153,133.06666666666666
EK202310168369,139.86666666666667
EK202310146927,132.0
EK202310233613,143.16666666666666
EK202310194475,136.46666666666667
EK202310176902,145.5
EK202310109845,138.06666666666666
EK202310143688,155.56666666666666
EK202310223718,135.86666666666667
EK202310114527,137.46666666666667
EK202310120556,136.73333333333332
EK202310228552,129.4
EK202310149970,139.43333333333334
EK202310199626,134.5
EK202310214977,144.9
EK202310184953,158.9
EK202310004437,133.3
EK202310213912,152.86666666666667
EK202310151119,134.16666666666666
EK202310171466,125.83333333333333
EK202310152063,159.06666666666666
EK202310137186,144.8
EK202320007104,147.63333333333333
EK202310202185,153.43333333333334
EK202310226204,142.63333333333333
EK202310189423,137.23333333333332
EK202310192491,140.13333333333333
EK202310187212,142.66666666666666
EK202310192179,149.7
EK202310126111,132.56666666666666
EK202310175586,160.5
EK202310194758,148.56666666666666
EK202310214384,149.03333333333333
EK202310179433,152.9
EK202310118937,128.73333333333332
EK202310230656,145.76666666666668
EK202310212922,154.56666666666666
EK202310223591,134.63333333333333
EK202310182731,147.5
EK202310197092,137.1
EK202310188601,143.2
EK202310185962,140.26666666666668
EK202310154873,133.5
EK202310140333,138.76666666666668
EK202310239540,143.06666666666666
EK202310207256,132.4
EK202310193996,126.13333333333334
EK202310196769,138.46666666666667
EK202310123958,145.03333333333333
EK202310240085,139.36666666666667
EK202310246484,144.53333333333333
EK202310147689,147.3
EK202310189701,142.43333333333334
EK202310237575,143.63333333333333
EK202310219357,144.0
EK202310120804,131.23333333333332
EK202310125732,147.43333333333334
EK202310167873,133.06666666666666
EK202310247821,147.6
EK202310206331,153.2
EK202310131746,148.26666666666668
EK202310125465,140.6
EK202310137591,138.36666666666667
EK202310146755,139.9
EK202310145331,153.8
EK202310126909,147.4
EK202310176521,140.0
EK202310160650,147.06666666666666
EK202310114819,131.0
EK202310218236,144.06666666666666
EK202310204841,142.03333333333333
EK202310004910,140.46666666666667
EK202310146653,141.06666666666666
EK202310188782,125.9
EK202310125945,144.6
EK202310176437,154.66666666666666
EK202310193288,136.23333333333332
EK202310178658,154.4
EK202310150054,129.63333333333333
EK202310142919,150.26666666666668
EK202310222262,132.3
EK202310235742,161.9
EK202310113166,138.16666666666666
EK202310224000,146.0
EK202310198993,134.76666666666668
EK202310228553,137.8
EK202310190794,136.26666666666668
EK202310201535,165.7
EK202310165775,144.1
EK202310173099,136.93333333333334
EK202310152431,152.16666666666666
EK202310232652,154.16666666666666
EK202310182578,127.7
EK202310176081,153.93333333333334
EK202310168495,138.36666666666667
EK202310243081,141.9
EK202310214666,142.93333333333334
EK202310173376,123.0
EK202310185049,139.06666666666666
EK202310151788,147.83333333333334
EK202310142398,146.66666666666666
EK202310191734,150.86666666666667
EK202310185366,134.1
EK202310110653,142.3
EK202310197984,146.1
EK202310212461,129.03333333333333
EK202310220987,140.8
EK202310114458,136.56666666666666
EK202310167289,142.13333333333333
EK202310178582,140.33333333333334
EK202310135726,142.23333333333332
EK202310208307,129.16666666666666
EK202310186529,142.96666666666667
EK202310163685,142.56666666666666
EK202310204304,140.23333333333332
EK202310174269,137.5
EK202310169002,138.93333333333334
EK202310195183,156.2
EK202310172158,141.3
EK202310195251,140.03333333333333
EK202310217760,153.3
EK202310233545,140.06666666666666
EK202310146187,135.4
EK202310201834,147.23333333333332
EK202310172626,146.2
EK202310173313,152.2
EK202310151898,159.16666666666666
EK202310112427,136.23333333333332
EK202310202848,143.2
EK202310106441,134.8
EK202310200903,133.0
EK202310211769,133.83333333333334
EK202310210065,132.03333333333333
EK202310243416,131.13333333333333
EK202310178697,169.06666666666666
EK202310161358,129.36666666666667
EK202320006190,167.26666666666668
EK202310180462,141.26666666666668
EK202310162539,142.46666666666667
EK202310148977,139.3
EK202310194237,135.9
EK202310223514,135.03333333333333
EK202310162269,150.0
EK202310121844,140.66666666666666
EK202310124866,131.3
EK202310107700,150.03333333333333
EK202310221161,129.43333333333334
EK202310245562,137.16666666666666
EK202310179235,150.4
EK202310124532,149.66666666666666
EK202310128389,154.1
EK202310129800,150.46666666666667
EK202310207578,146.4
EK202310193457,151.26666666666668
EK202310206549,141.26666666666668
EK202310192075,141.73333333333332
EK202310234817,141.1
EK202310152042,135.96666666666667
EK202310199732,151.76666666666668
EK202310106385,144.63333333333333
EK202310232034,136.46666666666667
EK202310225160,155.46666666666667
EK202310168514,170.83333333333334
EK202310196347,147.83333333333334
EK202310132598,154.23333333333332
EK202310193609,144.63333333333333
EK202310112508,139.83333333333334
EK202310155472,141.73333333333332
EK202310177321,140.73333333333332
EK202310128022,143.2
EK202310206990,131.13333333333333
EK202310142239,140.63333333333333
EK202310129832,142.93333333333334
EK202310213810,137.9
EK202310198404,145.63333333333333
EK202310003754,129.5
EK202310133307,134.56666666666666
EK202310155718,147.3
EK202310124975,142.1
EK202310238569,132.56666666666666
EK202310155626,139.66666666666666
EK202310109451,130.86666666666667
EK202310156701,131.8
EK202310112702,134.9
EK202310219593,137.6
EK202310236091,135.5
EK202310109465,147.3
EK202310239232,153.5
EK202310153092,138.23333333333332
EK202310142926,173.9
EK202310195282,155.3
EK202310144631,145.66666666666666
EK202310158174,135.66666666666666
EK202310130498,141.46666666666667
EK202310152250,144.16666666666666
EK202310154816,144.46666666666667
EK202310187452,141.96666666666667
EK202310130712,136.5
EK202310225931,135.0
EK202310212154,134.4
EK202310180982,166.43333333333334
EK202310187065,133.73333333333332
EK202310231143,132.1
EK202310244459,131.76666666666668
EK202310117863,141.4
EK202310104458,134.53333333333333
EK202310228846,140.96666666666667
EK202310129898,165.4
EK202310160315,147.13333333333333
EK202310146629,131.6
EK202310166930,162.43333333333334
EK202310242374,163.13333333333333
EK202310210376,158.86666666666667
EK202310197387,155.76666666666668
EK202310136364,134.53333333333333
EK202310204149,139.76666666666668
EK202310107806,147.36666666666667
EK202310233474,166.83333333333334
EK202310228559,141.23333333333332
EK202310138215,137.36666666666667
EK202310143063,140.43333333333334
EK202310157985,137.33333333333334
EK202310190599,135.63333333333333
EK202310114903,131.23333333333332
EK202310133276,131.1
EK202310132588,133.0
EK202310004157,149.33333333333334
EK202310152358,158.1
EK202310111141,160.5
EK202310200435,140.3
EK202310204982,139.33333333333334
EK202310212495,130.03333333333333
EK202310183601,144.6
EK202310214375,154.83333333333334
EK202310210198,137.66666666666666
EK202310167063,158.36666666666667
EK202310149576,133.93333333333334
EK202310132215,142.4
EK202310163904,149.8
EK202310200956,147.86666666666667
EK202310180120,153.06666666666666
EK202310121104,135.06666666666666
EK202310203655,145.56666666666666
EK202310194561,141.13333333333333
EK202310222799,145.56666666666666
EK202320007041,146.13333333333333
EK202310119052,141.53333333333333
EK202310137233,147.16666666666666
EK202310187775,148.56666666666666
EK202310232434,128.8
EK202310205717,150.76666666666668
EK202310221339,143.83333333333334
EK202310123835,143.26666666666668
EK202310232532,137.66666666666666
EK202310107165,140.4
EK202310203436,131.3
EK202310169851,144.5
EK202310193274,146.6
EK202310151878,145.03333333333333
EK202310180128,142.03333333333333
EK202310150220,139.66666666666666
EK202310187751,136.76666666666668
EK202310162881,143.1
EK202310192822,143.73333333333332
EK202310195620,136.93333333333334
EK202310135344,134.93333333333334
EK202310190721,140.73333333333332
EK202310121180,149.26666666666668
EK202310197995,148.3
EK202310238294,146.13333333333333
EK202310181201,139.86666666666667
EK202320006195,154.9
EK202310144714,140.53333333333333
EK202310174694,151.1
EK202310130143,164.73333333333332
EK202310213402,129.56666666666666
EK202310164458,143.86666666666667
EK202310138233,140.9
EK202310196325,145.7
EK202310230287,134.1
EK202320007443,150.06666666666666
EK202310237310,146.83333333333334
EK202310188028,142.23333333333332
EK202310221385,148.5
EK202310201433,146.16666666666666
EK202310210894,132.83333333333334
EK202310144757,141.83333333333334
EK202310230555,129.63333333333333
EK202310127197,147.23333333333332
EK202310210367,140.46666666666667
EK202310107406,145.2
EK202310201552,141.3
EK202310163315,134.33333333333334
EK202310106204,139.76666666666668
EK202310189865,142.4
EK202310143319,170.83333333333334
EK202310187989,148.8
EK202310204280,145.6
EK202310166053,149.33333333333334
EK202310179719,147.3
EK202310119334,129.36666666666667
EK202310212088,136.46666666666667
EK202310123364,142.06666666666666
EK202310235184,135.43333333333334
EK202310150098,137.63333333333333
EK202310219013,141.7
EK202320005598,147.33333333333334
EK202310122400,145.36666666666667
EK202320006069,152.46666666666667
EK202310240606,148.16666666666666
EK202310192122,151.4
EK202310239991,144.56666666666666
EK202310129077,150.5
EK202310246377,138.16666666666666
EK202310242482,145.56666666666666
EK202310162862,141.53333333333333
EK202310217556,150.36666666666667
EK202310136375,142.33333333333334
EK202310193072,154.3
EK202310232709,133.26666666666668
EK202310137784,132.93333333333334
EK202310195933,146.13333333333333
EK202310190342,139.43333333333334
EK202310128675,151.76666666666668
EK202310156867,129.4
EK202310148670,121.0
EK202310176460,126.1
EK202310129961,162.3
EK202310146909,153.23333333333332
EK202310138497,149.13333333333333
EK202320005583,157.73333333333332
EK202310139679,156.43333333333334
EK202310138331,148.96666666666667
EK202310183937,133.53333333333333
EK202310180455,131.83333333333334
EK202310197763,135.43333333333334
EK202310196627,161.03333333333333
EK202310219790,143.66666666666666
EK202310185905,157.36666666666667
EK202310004706,132.46666666666667
EK202310181268,133.16666666666666
EK202310219922,133.1
EK202310149625,149.56666666666666
EK202310200086,147.76666666666668
EK202310214446,142.83333333333334
EK202310244555,133.7
EK202310203678,154.7
EK202310121725,145.8
EK202310178580,149.56666666666666
EK202310231258,139.9
EK202310116413,144.16666666666666
EK202310130519,143.0
EK202310114605,143.93333333333334
EK202310104328,141.4
EK202310217095,142.36666666666667
EK202310159014,150.13333333333333
EK202310240255,144.93333333333334
EK202320006678,159.56666666666666
EK202310127358,153.7
EK202310228371,143.23333333333332
EK202310212880,136.36666666666667
EK202310184252,161.16666666666666
EK202310222457,134.96666666666667
EK202310106525,142.33333333333334
EK202310212900,139.0
EK202310164200,145.46666666666667
EK202310141506,135.9
EK202310124179,131.76666666666668
EK202310210747,135.86666666666667
EK202310104325,134.36666666666667
EK202310171837,138.96666666666667
EK202310183388,136.76666666666668
EK202310175474,157.6
EK202310161361,146.2
EK202310163883,143.66666666666666
EK202310233128,133.1
EK202310199650,159.16666666666666
EK202310107707,161.53333333333333
EK202310112036,143.23333333333332
EK202310152162,129.76666666666668
EK202310115154,141.66666666666666
EK202310106295,133.9
EK202310209811,144.5
EK202310170779,133.36666666666667
EK202310132319,137.3
EK202310176117,162.4
EK202310109117,127.26666666666667
EK202310146050,142.06666666666666
EK202310189377,156.73333333333332
EK202310108901,148.73333333333332
EK202310129280,127.2
EK202310186201,160.33333333333334
EK202310125879,146.46666666666667
EK202310223489,159.6
EK202310195362,150.4
EK202310168199,130.2
EK202310123430,143.43333333333334
EK202310169481,149.73333333333332
EK202310212350,133.3
EK202310204165,145.0
EK202310116597,142.3
EK202310178940,145.03333333333333
EK202310181172,156.5
EK202310232407,130.96666666666667
EK202310120201,122.46666666666667
EK202310132088,171.96666666666667
EK202310176583,136.53333333333333
EK202310116485,145.13333333333333
EK202310232488,140.63333333333333
EK202310185248,140.16666666666666
EK202310114195,133.73333333333332
EK202310171527,149.33333333333334
EK202310239847,134.86666666666667
EK202310109025,137.13333333333333
EK202310188543,134.73333333333332
EK202310164772,153.96666666666667
EK202310220946,137.03333333333333
EK202310157893,150.4
EK202310130096,133.73333333333332
EK202310215475,131.76666666666668
EK202310175525,147.46666666666667
EK202310241739,150.3
EK202310149577,144.43333333333334
EK202320007764,166.0
EK202310162677,135.76666666666668
EK202310118455,144.83333333333334
EK202310144170,140.1
EK202310123446,149.26666666666668
EK202310111614,156.66666666666666
EK202310148681,146.46666666666667
EK202310135706,126.5
EK202310169610,144.3
EK202310154626,171.9
EK202310186396,132.9
EK202310130384,136.6
EK202310139999,130.73333333333332
EK202310173443,153.5
EK202310172753,152.73333333333332
EK202310150539,153.73333333333332
EK202310197972,169.8
EK202310167038,139.7
EK202310121549,138.6
EK202310144749,142.7
EK202310129763,132.93333333333334
EK202310105138,134.66666666666666
EK202310145803,132.4
EK202310150239,141.93333333333334
EK202310169489,133.16666666666666
EK202310138665,148.46666666666667
EK202310123078,139.7
EK202310219135,140.66666666666666
EK202310116443,142.1
EK202310195859,153.86666666666667
EK202310118292,135.06666666666666
EK202310134982,172.53333333333333
EK202310236579,139.4
EK202310145251,145.7
EK202310144320,137.36666666666667
EK202310165413,136.63333333333333
EK202310164223,137.26666666666668
EK202310178660,152.43333333333334
EK202310152292,161.66666666666666
EK202310232276,137.53333333333333
EK202310227732,152.9
EK202310155773,138.6
EK202310188232,163.26666666666668
EK202310182770,135.93333333333334
EK202310202719,142.66666666666666
EK202310138556,152.7
EK202310239172,145.96666666666667
EK202310151877,143.13333333333333
EK202310116662,139.33333333333334
EK202310206983,139.33333333333334
EK202310161922,142.7
EK202310116370,140.0
EK202310216242,154.66666666666666
EK202310223914,137.13333333333333
EK202310183638,127.9
EK202310180955,171.76666666666668
EK202310135432,143.13333333333333
EK202310220264,140.76666666666668
EK202310241824,155.1
EK202310175340,158.96666666666667
EK202310123572,139.83333333333334
EK202310228745,134.36666666666667
EK202310150402,151.4
EK202310123048,134.26666666666668
EK202310245625,146.46666666666667
EK202310004596,139.03333333333333
EK202310187568,140.26666666666668
EK202310004796,139.46666666666667
EK202310206482,142.3
EK202310152723,156.9
EK202310144324,136.3
EK202310182703,141.2
EK202310207031,144.0
EK202310224829,135.8
EK202310194916,151.96666666666667
EK202310158171,170.9
EK202310237739,149.93333333333334
EK202310233535,152.63333333333333
EK202310159582,143.8
EK202310157407,135.03333333333333
EK202310222554,140.2
EK202310209992,129.6
EK202310197773,155.13333333333333
EK202310219559,140.9
EK202310149590,135.86666666666667
EK202310172229,135.8
EK202310179759,147.9
EK202310141351,151.0
EK202310202674,142.5
EK202310150237,140.43333333333334
EK202310131854,152.56666666666666
EK202310209299,140.6
EK202310152323,169.06666666666666
EK202310130424,150.56666666666666
EK202310219110,141.43333333333334
EK202310208971,133.36666666666667
EK202310175417,130.9
EK202310178979,147.0
EK202310149330,137.26666666666668
EK202310214732,153.66666666666666
EK202310151284,140.43333333333334
EK202310246323,152.33333333333334
EK202310162754,146.73333333333332
EK202310142435,170.6
EK202310218666,139.46666666666667
EK202310221049,145.1
EK202310173708,147.56666666666666
EK202310192941,140.26666666666668
EK202310126047,154.23333333333332
EK202310241369,151.2
EK202310183820,150.03333333333333
EK202310243559,137.03333333333333
EK202310148350,147.43333333333334
EK202310224931,136.66666666666666
EK202310236248,144.86666666666667
EK202310156811,140.56666666666666
EK202310224565,129.7
EK202310203958,140.03333333333333
EK202310119312,136.83333333333334
EK202310178028,151.26666666666668
EK202310186588,171.23333333333332
EK202310139697,135.56666666666666
EK202310197136,140.03333333333333
EK202310220806,134.8
EK202310222987,150.13333333333333
EK202310161970,118.5
EK202310208174,147.7
EK202310118068,128.93333333333334
EK202310131022,142.63333333333333
EK202310122159,139.0
EK202310216067,124.5
EK202310245924,138.03333333333333
EK202310111788,129.4
EK202310127853,148.46666666666667
EK202310106238,152.7
EK202310158124,139.5
EK202310132835,143.96666666666667
EK202310148914,136.36666666666667
EK202310231691,136.9
EK202310247000,146.76666666666668
EK202310192115,141.3
EK202310104130,152.3
EK202310139212,145.6
EK202310197454,144.1
EK202310192429,138.06666666666666
EK202310167625,131.36666666666667
EK202310199497,146.96666666666667
EK202310153618,140.3
EK202310181484,141.0
EK202310198186,124.0
EK202310152220,146.73333333333332
EK202310159039,150.06666666666666
EK202310191546,150.53333333333333
EK202310133158,132.83333333333334
EK202310201688,138.36666666666667
EK202310235017,138.86666666666667
EK202310135857,151.0
EK202310218208,166.36666666666667
EK202310118595,144.0
EK202310163828,150.43333333333334
EK202310141421,139.36666666666667
EK202310180807,138.7
EK202310205637,133.2
EK202310105788,145.5
EK202310216219,131.7
EK202320007125,178.16666666666666
EK202310104911,141.5
EK202310189159,156.23333333333332
EK202310195473,164.46666666666667
EK202310118604,133.63333333333333
EK202310195319,144.33333333333334
EK202310240500,140.03333333333333
EK202310113748,150.4
EK202310004313,148.76666666666668
EK202310143650,154.36666666666667
EK202310165864,152.16666666666666
EK202310197618,137.36666666666667
EK202310147381,128.53333333333333
EK202310204456,140.26666666666668
EK202310168795,138.33333333333334
EK202310162071,160.96666666666667
EK202310155041,139.1
EK202310116293,141.8
EK202310111802,131.66666666666666
EK202310143876,161.03333333333333
EK202310170107,161.43333333333334
EK202320006604,170.83333333333334
EK202310181395,145.86666666666667
EK202310128405,142.16666666666666
EK202310172117,137.13333333333333
EK202310173280,140.53333333333333
EK202310114735,144.63333333333333
EK202310124558,137.83333333333334
EK202310122475,132.26666666666668
EK202310137618,141.0
EK202310105474,135.4
EK202310209280,134.2
EK202310142912,138.9
EK202310246004,136.46666666666667
EK202310186374,139.36666666666667
EK202310139853,151.1
EK202310243432,132.03333333333333
EK202310135700,131.0
EK202320006074,174.2
EK202310207199,142.06666666666666
EK202310114736,142.8
EK202310129145,153.63333333333333
EK202310135339,164.76666666666668
EK202310105627,140.06666666666666
EK202310114046,143.86666666666667
EK202310121749,143.5
EK202310160579,137.46666666666667
EK202310132059,149.53333333333333
EK202310158407,144.9
EK202310115805,139.8
EK202310165675,139.1
EK202310223393,139.6
EK202310166586,149.16666666666666
EK202310142763,136.76666666666668
EK202310169174,133.93333333333334
EK202310118007,142.6
EK202310188453,152.4
EK202310186603,140.36666666666667
EK202310115518,144.03333333333333
EK202310237777,152.03333333333333
EK202310245509,137.63333333333333
EK202310149571,149.16666666666666
EK202310238699,138.56666666666666
EK202310162044,150.5
EK202310178900,128.6
EK202310210189,154.16666666666666
EK202310246044,159.6
EK202310169510,150.56666666666666
EK202310224019,136.83333333333334
EK202310196916,134.16666666666666
EK202310110545,149.06666666666666
EK202310158475,141.53333333333333
EK202310240666,138.36666666666667
EK202310147702,137.43333333333334
EK202310240541,134.26666666666668
EK202310165419,148.7
EK202310158944,155.96666666666667
EK202310154741,147.3
EK202310183411,143.33333333333334
EK202310150802,136.2
EK202310236647,127.6
EK202310168877,156.4
EK202310177550,145.2
EK202310161815,140.4
EK202310205936,133.03333333333333
EK202310236918,149.7
EK202310231978,137.6
EK202310145447,138.43333333333334
EK202310113081,153.26666666666668
EK202310245380,141.76666666666668
EK202310226536,136.63333333333333
EK202310171629,151.1
EK202310142578,164.7
EK202310154571,136.2
EK202310133424,147.86666666666667
EK202310205232,132.63333333333333
EK202310125353,136.33333333333334
EK202310129062,140.7
EK202310148286,140.13333333333333
EK202310217186,157.9
EK202310240058,139.66666666666666
EK202310004925,136.46666666666667
EK202310121900,135.56666666666666
EK202310193811,142.5
EK202310236073,141.83333333333334
EK202310209661,132.3
EK202310183452,128.83333333333334
EK202310198390,132.23333333333332
EK202310194814,141.16666666666666
EK202310154258,150.26666666666668
EK202310225570,142.93333333333334
EK202310236562,131.83333333333334
EK202310125786,133.3
EK202310227228,125.93333333333334
EK202310104334,151.93333333333334
EK202310247598,158.33333333333334
EK202310163731,155.56666666666666
EK202310153854,159.43333333333334
EK202310209072,136.33333333333334
EK202310130417,139.26666666666668
EK202310161714,133.96666666666667
EK202310161726,140.13333333333333
EK202310214070,142.2
EK202310174019,149.43333333333334
EK202310197029,152.0
EK202310236341,138.53333333333333
EK202310218675,144.93333333333334
EK202310124319,136.06666666666666
EK202310231778,136.96666666666667
EK202320006401,145.73333333333332
EK202310107779,137.33333333333334
EK202310133015,138.63333333333333
EK202310181550,138.5
EK202310247332,153.9
EK202310111163,137.5
EK202310145310,146.66666666666666
EK202310126094,137.63333333333333
EK202310161397,145.0
EK202310146374,148.93333333333334
EK202310136414,139.26666666666668
EK202310141425,158.46666666666667
EK202310138405,141.23333333333332
EK202310173668,154.5
EK202310184285,136.96666666666667
EK202310176095,160.06666666666666
EK202310211570,140.03333333333333
EK202310208829,131.4
EK202310147190,157.53333333333333
EK202310191735,138.16666666666666
EK202310213951,138.96666666666667
EK202310140049,139.3
EK202310169326,140.8
EK202310157230,167.13333333333333
EK202310124090,138.33333333333334
EK202310142146,131.6
EK202310107242,145.16666666666666
EK202310192993,133.96666666666667
EK202310149787,141.1
EK202310177888,140.33333333333334
EK202310212815,163.8
EK202310223609,142.26666666666668
EK202310189733,167.83333333333334
EK202310218104,123.96666666666667
EK202310111896,140.36666666666667
EK202310132753,158.3
EK202310112173,144.2
EK202310167323,145.96666666666667
EK202310140969,131.36666666666667
EK202310214853,141.76666666666668
EK202310105928,140.43333333333334
EK202310213446,152.23333333333332
EK202310134309,148.4
EK202310177619,149.76666666666668
EK202310004283,133.13333333333333
EK202310176874,138.86666666666667
EK202310160131,139.03333333333333
EK202310201219,170.16666666666666
EK202310004099,133.53333333333333
EK202310167947,143.7
EK202310155342,134.03333333333333
EK202310209163,142.0
EK202310242285,139.4
EK202310215045,149.46666666666667
EK202310245674,133.6
EK202310192087,148.96666666666667
EK202310182851,130.93333333333334
EK202310184176,149.83333333333334
EK202310205303,154.2
EK202310108199,154.93333333333334
EK202310124913,148.56666666666666
EK202310140458,139.83333333333334
EK202310142132,133.63333333333333
EK202310147065,155.0
EK202310143393,131.6
EK202310139964,130.03333333333333
EK202310225775,147.53333333333333
EK202310127142,136.26666666666668
EK202310179582,147.83333333333334
EK202310207922,152.66666666666666
EK202310195810,161.36666666666667
EK202310178849,145.33333333333334
EK202310229124,141.8
EK202310113502,135.8
EK202310223610,136.33333333333334
EK202310147986,147.1
EK202310236813,139.5
EK202310176936,142.2
EK202310199151,137.6
EK202310192534,139.9
EK202310217624,130.93333333333334
EK202310003755,137.43333333333334
EK202310161830,131.03333333333333
EK202310243624,130.13333333333333
EK202310164105,141.86666666666667
EK202310179948,168.0
EK202310135310,155.36666666666667
EK202310004295,130.46666666666667
EK202310141079,142.2
EK202310225179,162.5
EK202310227335,151.53333333333333
EK202310161160,164.03333333333333
EK202310247623,162.06666666666666
EK202310206076,143.43333333333334
EK202310119053,140.66666666666666
EK202310139617,124.5
EK202310143241,139.46666666666667
EK202310115504,139.16666666666666
EK202320007161,148.06666666666666
EK202310183784,148.33333333333334
EK202310187344,165.86666666666667
EK202310185527,143.9
EK202310238290,144.43333333333334
EK202310140457,134.83333333333334
EK202310150648,129.8
EK202310223600,138.6
EK202310167530,131.76666666666668
EK202310224100,130.33333333333334
EK202310152786,139.0
EK202310135478,145.36666666666667
EK202310193078,137.36666666666667
EK202310155463,157.6
EK202310105582,143.83333333333334
EK202310135195,139.06666666666666
EK202320005552,171.83333333333334
EK202310228708,131.0
EK202310141498,121.06666666666666
EK202310193872,160.26666666666668
EK202310141414,170.16666666666666
EK202310151905,126.86666666666666
EK202310127407,155.4
EK202320006299,150.03333333333333
EK202310212343,143.2
EK202310168454,145.66666666666666
EK202310171479,131.46666666666667
EK202310110727,164.63333333333333
EK202310109806,126.1
EK202310229172,141.63333333333333
EK202310221527,134.2
EK202310136692,130.66666666666666
EK202310225939,135.1
EK202310128011,137.4
EK202310119451,141.4
EK202310240016,138.3
EK202310137412,147.2
EK202320006473,159.63333333333333
EK202310133714,167.06666666666666
EK202310182002,127.76666666666667
EK202310146885,151.0
EK202310228765,149.3
EK202310199335,150.56666666666666
EK202310144286,145.96666666666667
EK202310120179,142.56666666666666
EK202310125242,134.3
EK202310129853,146.13333333333333
EK202310105724,134.8
EK202310177232,131.66666666666666
EK202310240889,141.53333333333333
EK202310135626,132.73333333333332
EK202310182429,128.6
EK202310160815,148.1
EK202310161842,148.83333333333334
EK202310194125,147.9
EK202310163430,147.83333333333334
EK202310207741,143.56666666666666
EK202310202036,128.0
EK202310165652,126.73333333333333
EK202310136570,134.86666666666667
EK202310139028,157.33333333333334
EK202310163487,135.46666666666667
EK202310177984,154.03333333333333
EK202310239997,146.76666666666668
EK202310176249,158.13333333333333
EK202310152361,147.53333333333333
EK202310151709,138.96666666666667
EK202310135268,145.4
EK202310171919,150.03333333333333
EK202310122006,154.53333333333333
EK202310127839,141.1
EK202310219814,146.63333333333333
EK202310187560,151.13333333333333
EK202310113366,136.4
EK202310134748,141.06666666666666
EK202310208843,146.0
EK202310175338,142.13333333333333
EK202310124470,137.33333333333334
EK202310121775,130.93333333333334
EK202310237332,129.43333333333334
EK202310141855,139.36666666666667
EK202310154289,150.63333333333333
EK202310120044,132.53333333333333
EK202310192432,164.03333333333333
EK202310160195,146.8
EK202310105413,160.63333333333333
EK202310004863,138.93333333333334
EK202310138732,146.46666666666667
EK202310225944,131.7
EK202310239340,131.43333333333334
EK202310155959,139.83333333333334
EK202310177384,142.6
EK202310114746,132.8
EK202310156841,147.6
EK202310213654,142.36666666666667
EK202310210592,142.9
EK202310110296,130.83333333333334
EK202310240236,140.23333333333332
EK202310242957,138.36666666666667
EK202310163621,164.13333333333333
EK202310202691,157.23333333333332
EK202310127490,131.0
EK202310199512,142.9
EK202310155288,142.96666666666667
EK202310237968,142.16666666666666
EK202310118847,152.0
EK202310144769,134.13333333333333
EK202310212518,142.23333333333332
EK202320007577,155.3
EK202310244590,150.0
EK202310003432,139.03333333333333
EK202310242932,146.5
EK202310184880,145.9
EK202310208839,156.1
EK202310225707,144.4
EK202310196085,162.76666666666668
EK202310111047,141.36666666666667
EK202310149321,149.46666666666667
EK202310214602,141.43333333333334
EK202310190162,133.53333333333333
EK202310203789,134.0
EK202310165931,140.56666666666666
EK202310143768,142.4
EK202310226420,138.8
EK202310206883,150.7
EK202310230191,152.96666666666667
EK202310223966,136.7
EK202310118804,130.5
EK202310224984,131.86666666666667
EK202310221101,137.16666666666666
EK202310241759,135.26666666666668
EK202310219986,147.16666666666666
EK202310247113,134.8
EK202310136489,133.0
EK202310189176,144.16666666666666
EK202310201813,148.53333333333333
EK202310167143,139.5
EK202310245156,144.33333333333334
EK202310149980,137.8
EK202310238395,142.23333333333332
EK202310223767,139.3
EK202310118543,146.43333333333334
EK202310137202,127.73333333333333
EK202310245378,154.76666666666668
EK202310202917,145.83333333333334
EK202310120015,140.93333333333334
EK202310242744,144.26666666666668
EK202310170961,149.06666666666666
EK202310170849,133.83333333333334
EK202310108365,139.16666666666666
EK202310225302,144.13333333333333
EK202310141853,139.03333333333333
EK202310152952,154.56666666666666
EK202310118252,143.13333333333333
EK202310150764,137.5
EK202310188288,146.16666666666666
EK202310236699,138.26666666666668
EK202310228975,148.76666666666668
EK202310176364,140.9
EK202310148297,137.1
EK202310234706,138.03333333333333
EK202310202029,135.26666666666668
EK202310218635,130.76666666666668
EK202310187565,168.83333333333334
EK202310238217,140.8
EK202310144263,136.76666666666668
EK202310216046,129.13333333333333
EK202310240199,148.0
EK202310118761,126.53333333333333
EK202310118387,116.73333333333333
EK202310228319,133.2
EK202310188942,147.43333333333334
EK202310171922,142.4
EK202310205751,141.9
EK202310181387,154.66666666666666
EK202310194611,152.36666666666667
EK202310123903,139.6
EK202310201170,182.3
EK202310124579,143.76666666666668
EK202310225456,135.06666666666666
EK202310224047,129.26666666666668
EK202310168185,140.23333333333332
EK202310149367,153.9
EK202310222236,152.96666666666667
EK202310191402,144.73333333333332
EK202310216518,134.03333333333333
EK202310116323,129.7
EK202310229479,133.23333333333332
EK202310242068,141.86666666666667
EK202310172108,129.7
EK202310148960,145.2
EK202310203368,157.2
EK202310248782,128.73333333333332
EK202310130742,170.26666666666668
EK202310127431,143.93333333333334
EK202310166666,155.33333333333334
EK202310142516,142.63333333333333
EK202310171160,163.53333333333333
EK202310131980,142.93333333333334
EK202310230754,131.9
EK202310205660,139.63333333333333
EK202310195938,170.03333333333333
EK202310223018,132.0
EK202310189611,160.23333333333332
EK202310114061,147.46666666666667
EK202310168186,141.86666666666667
EK202310123079,136.06666666666666
EK202310142507,138.43333333333334
EK202310192082,127.26666666666667
EK202310116417,153.33333333333334
EK202310152679,132.46666666666667
EK202310186123,143.93333333333334
EK202310187670,139.83333333333334
EK202310199114,137.46666666666667
EK202310144744,140.33333333333334
EK202310171906,145.6
EK202310222160,131.56666666666666
EK202310202383,148.23333333333332
EK202310133543,143.33333333333334
EK202310240197,156.83333333333334
EK202310224654,137.23333333333332
EK202310159827,160.46666666666667
EK202310129302,164.9
EK202310220687,135.43333333333334
EK202310137416,142.96666666666667
EK202310195263,141.83333333333334
EK202310226117,137.36666666666667
EK202310177937,137.73333333333332
EK202310224977,140.0
EK202310104811,151.5
EK202310202225,143.8
EK202310198252,141.0
EK202310169634,151.66666666666666
EK202310141724,135.9
EK202310132515,130.3
EK202310222595,142.26666666666668
EK202310245206,161.26666666666668
EK202310206384,149.7
EK202310131595,143.73333333333332
EK202310114450,146.6
EK202310193999,137.53333333333333
EK202310153211,123.36666666666666
EK202310168571,168.73333333333332
EK202310117487,129.26666666666668
EK202310147040,160.86666666666667
EK202310164747,142.0
EK202310185539,146.23333333333332
EK202310180947,170.36666666666667
EK202310209467,132.9
EK202310197453,132.4
EK202310241952,141.9
EK202310171659,142.5
EK202310121984,141.1
EK202310145988,146.56666666666666
EK202310227472,161.1
EK202310158925,147.2
EK202310161059,152.6
EK202310246350,140.7
EK202310204768,157.33333333333334
EK202310245196,141.46666666666667
EK202310134281,148.63333333333333
EK202310232567,147.3
EK202310187864,139.2
EK202310175599,146.23333333333332
EK202310137474,130.43333333333334
EK202310214594,133.86666666666667
EK202310176570,138.93333333333334
EK202310143525,133.3
EK202310216731,138.9
EK202310182951,149.1
EK202310195606,159.03333333333333
EK202310003354,156.1
EK202310003704,138.8
EK202310207753,146.73333333333332
EK202310108512,143.1
EK202310230571,134.33333333333334
EK202310210082,144.06666666666666
EK202310191492,137.2
EK202310113969,137.83333333333334
EK202310123941,142.33333333333334
EK202310135080,172.06666666666666
EK202310117802,137.06666666666666
EK202310158376,147.83333333333334
EK202310140051,148.53333333333333
EK202310230366,141.13333333333333
EK202310138959,160.3
EK202310112243,143.53333333333333
EK202310142973,157.1
EK202310179563,154.73333333333332
EK202310213686,144.46666666666667
EK202310207985,144.0
EK202310169142,142.23333333333332
EK202310189846,154.83333333333334
EK202310217981,134.66666666666666
EK202310168427,152.53333333333333
EK202310165111,143.06666666666666
EK202310211489,141.36666666666667
EK202310164721,161.2
EK202310192084,140.83333333333334
EK202310155310,132.8
EK202310207807,147.7
EK202310167274,143.43333333333334
EK202310232098,152.6
EK202310246400,154.2
EK202310181247,153.16666666666666
EK202310146677,141.76666666666668
EK202310199983,151.73333333333332
EK202310198892,126.5
EK202310118490,150.5
EK202310218556,136.4
EK202310209766,155.0
EK202310201549,137.66666666666666
EK202310227205,128.56666666666666
EK202310201879,133.4
EK202310208984,133.36666666666667
EK202310172280,132.26666666666668
EK202310127074,148.06666666666666
EK202310003431,134.03333333333333
EK202310128481,130.83333333333334
EK202310191056,145.96666666666667
EK202310224670,143.0
EK202310148699,149.73333333333332
EK202310186655,145.9
EK202310145129,139.03333333333333
EK202310141368,134.8
EK202310215091,146.3
EK202310131768,144.16666666666666
EK202310169680,145.8
EK202310215558,150.96666666666667
EK202310235372,158.56666666666666
EK202310123185,133.86666666666667
EK202310188811,142.66666666666666
EK202310160442,142.6
EK202310190513,151.13333333333333
EK202310174071,148.1
EK202310226475,130.03333333333333
EK202310124362,128.66666666666666
EK202310217706,146.96666666666667
EK202310226498,148.4
EK202310237132,124.4
EK202310156490,169.2
EK202310161525,161.26666666666668
EK202310233261,140.16666666666666
EK202310183188,158.96666666666667
EK202310204179,140.3
EK202310221970,133.7
EK202310136055,129.73333333333332
EK202310192784,144.8
EK202310154098,145.83333333333334
EK202310195221,156.8
EK202310247669,159.13333333333333
EK202320006739,179.56666666666666
EK202310143079,131.5
EK202310157780,151.86666666666667
EK202310122685,124.83333333333333
EK202310228079,137.7
EK202310178496,146.2
EK202310108793,149.6
EK202310243880,142.43333333333334
EK202310108022,159.33333333333334
EK202310127023,133.43333333333334
EK202310114813,132.36666666666667
EK202310211046,132.53333333333333
EK202310139161,139.46666666666667
EK202310165288,147.1
EK202310245913,131.36666666666667
EK202310216026,141.4
EK202310132021,138.6
EK202310206339,151.06666666666666
EK202310216740,145.9
EK202310210301,135.0
EK202310167900,147.66666666666666
EK202310173409,135.36666666666667
EK202310144428,167.3
EK202310194970,148.73333333333332
EK202310105005,138.53333333333333
EK202310108090,143.76666666666668
EK202310229406,154.83333333333334
EK202310152037,133.0
EK202310204361,146.86666666666667
EK202310114029,138.6
EK202310158725,149.2
EK202310158027,143.2
EK202310148586,134.8
EK202310237068,131.7
EK202310144709,141.16666666666666
EK202310161357,138.23333333333332
EK202310124452,141.3
EK202310131605,169.06666666666666
EK202310162054,147.16666666666666
EK202310181680,173.2
EK202310117645,133.13333333333333
EK202310147699,136.16666666666666
EK202310153309,141.63333333333333
EK202310184492,137.03333333333333
EK202310104645,147.83333333333334
EK202310137713,142.1
EK202310243221,142.36666666666667
EK202310156335,131.16666666666666
EK202310197583,151.36666666666667
EK202310137359,144.33333333333334
EK202310130956,135.23333333333332
EK202310171369,153.03333333333333
EK202310232324,135.56666666666666
EK202310172995,133.13333333333333
EK202310134239,144.13333333333333
EK202310243506,135.6
EK202310163154,144.4
EK202310127929,150.13333333333333
EK202310202227,131.5
EK202310139348,153.7
EK202310158547,147.63333333333333
EK202310236863,137.36666666666667
EK202310179959,176.96666666666667
EK202310195894,133.2
EK202310229850,134.4
EK202310242435,138.5
EK202310135502,127.66666666666667
EK202310229084,141.76666666666668
EK202310118049,140.03333333333333
EK202310201122,160.56666666666666
EK202310109875,126.83333333333333
EK202310196757,140.43333333333334
EK202310139569,159.46666666666667
EK202310107377,132.46666666666667
EK202310116923,133.96666666666667
EK202310228873,135.33333333333334
EK202310218754,128.73333333333332
EK202310154272,136.43333333333334
EK202310231169,133.9
EK202310217977,158.93333333333334
EK202310222555,143.43333333333334
EK202310162130,148.53333333333333
EK202310112323,144.63333333333333
EK202310159262,147.3
EK202310151594,139.63333333333333
EK202310163721,132.66666666666666
EK202310149061,143.53333333333333
EK202310147880,164.63333333333333
EK202310212050,145.26666666666668
EK202310117729,131.4
EK202310107629,154.76666666666668
EK202310139317,137.93333333333334
EK202310179272,141.8
EK202310121894,140.96666666666667
EK202310139188,145.73333333333332
EK202310167435,136.46666666666667
EK202310228964,147.56666666666666
EK202310113550,135.23333333333332
EK202310180850,139.1
EK202310105563,135.4
EK202310110748,134.36666666666667
EK202310234819,139.46666666666667
EK202310154339,150.53333333333333
EK202310210307,131.73333333333332
EK202310239873,146.9
EK202310183383,138.73333333333332
EK202310193557,135.06666666666666
EK202310228033,136.23333333333332
EK202310167532,145.66666666666666
EK202310222264,134.23333333333332
EK202310106581,129.36666666666667
EK202310221125,137.06666666666666
EK202310165054,138.3
EK202310150415,159.6
EK202310233802,147.73333333333332
EK202310190617,142.23333333333332
EK202310106410,144.93333333333334
EK202310216886,143.3
EK202310115900,120.53333333333333
EK202310104935,156.63333333333333
EK202310129722,168.8
EK202310120948,134.9
EK202310164436,137.36666666666667
EK202310122507,140.53333333333333
EK202310160593,144.63333333333333
EK202310210615,134.3
EK202310132871,137.56666666666666
EK202310237902,136.33333333333334
EK202310231150,139.13333333333333
EK202310165528,144.26666666666668
EK202310244497,130.46666666666667
EK202310107512,139.06666666666666
EK202310120477,134.43333333333334
EK202310229593,133.03333333333333
EK202310126986,143.0
EK202310175535,138.6
EK202310148104,138.26666666666668
EK202310201431,160.0
EK202310148767,145.26666666666668
EK202310113034,129.7
EK202310209227,138.6
EK202310114309,135.83333333333334
EK202310174763,154.33333333333334
EK202310236793,134.73333333333332
EK202310177429,143.73333333333332
EK202310167536,133.53333333333333
EK202310141576,145.66666666666666
EK202310213488,133.6
EK202310162322,143.76666666666668
EK202310130610,135.56666666666666
EK202310152488,144.96666666666667
EK202310151734,155.06666666666666
EK202310155060,127.76666666666667
EK202310226481,134.56666666666666
EK202310119174,143.5
EK202310180130,135.3
EK202310104489,156.0
EK202310195688,141.26666666666668
EK202310132973,144.4
EK202310135035,163.26666666666668
EK202310167150,136.33333333333334
EK202310195252,147.93333333333334
EK202310127294,149.4
EK202310140484,140.7
EK202310119854,151.16666666666666
EK202310248841,145.06666666666666
EK202320007808,145.13333333333333
EK202310199228,144.26666666666668
EK202310184715,141.93333333333334
EK202320007242,143.06666666666666
EK202310147415,139.73333333333332
EK202310171570,131.63333333333333
EK202310110477,140.53333333333333
EK202310113604,144.66666666666666
EK202320006431,167.3
EK202310121838,140.96666666666667
EK202310148733,155.2
EK202310148335,139.2
EK202310113968,129.7
EK202310231455,130.73333333333332
EK202310203454,141.9
EK202310191708,138.16666666666666
EK202310109582,153.43333333333334
EK202310203719,128.7
EK202310201332,158.3
EK202310204835,140.8
EK202310131213,143.56666666666666
EK202310155687,135.7
EK202310178634,148.83333333333334
EK202310115110,138.23333333333332
EK202310201445,158.36666666666667
EK202310233989,138.6
EK202310226621,142.56666666666666
EK202310182124,137.23333333333332
EK202310129960,138.56666666666666
EK202310172024,148.13333333333333
EK202310124587,143.2
EK202310180490,143.56666666666666
EK202310218866,132.1
EK202310145486,139.93333333333334
EK202310243783,136.26666666666668
EK202310163544,130.76666666666668
EK202310245299,137.26666666666668
EK202310185466,123.4
EK202310114372,144.86666666666667
EK202310132954,133.96666666666667
EK202310156324,146.86666666666667
EK202310237016,136.56666666666666
EK202310214641,145.83333333333334
EK202310106858,142.5
EK202310182500,153.1
EK202310125749,132.8
EK202310201978,141.0
EK202310112112,136.43333333333334
EK202310243292,145.26666666666668
EK202310192897,147.3
EK202310173512,138.66666666666666
EK202310125634,134.96666666666667
EK202310165797,146.53333333333333
EK202310213138,149.36666666666667
EK202310211642,136.4
EK202310156317,141.43333333333334
EK202310154649,164.96666666666667
EK202310198938,144.56666666666666
EK202310175465,146.83333333333334
EK202310187555,143.06666666666666
EK202310183448,160.76666666666668
EK202310205101,138.13333333333333
EK202310201536,138.73333333333332
EK202310131221,133.86666666666667
EK202310242173,165.33333333333334
EK202310195317,137.33333333333334
EK202310139267,137.03333333333333
EK202310189575,151.06666666666666
EK202310186883,151.66666666666666
EK202310184286,165.2
EK202310194270,148.03333333333333
EK202310003611,139.8
EK202310189126,152.73333333333332
EK202310179964,168.8
EK202310118181,136.76666666666668
EK202310220832,152.76666666666668
EK202310203022,147.33333333333334
EK202310205592,148.7
EK202310128283,129.66666666666666
EK202310214279,147.13333333333333
EK202310175101,147.8
EK202310116399,137.13333333333333
EK202310132303,131.83333333333334
EK202310147925,145.6
EK202310219063,161.2
EK202310197713,140.9
EK202310165104,135.86666666666667
EK202310198835,146.7
EK202310230554,142.26666666666668
EK202310103890,137.86666666666667
EK202310152894,158.46666666666667
EK202310156771,170.76666666666668
EK202310239166,148.06666666666666
EK202310157043,165.13333333333333
EK202310158767,133.63333333333333
EK202310231819,145.83333333333334
EK202310162990,150.36666666666667
EK202310237033,167.5
EK202310220279,141.86666666666667
EK202310105088,143.93333333333334
EK202310183088,138.13333333333333
EK202310134719,142.96666666666667
EK202310126509,138.36666666666667
EK202310113028,150.43333333333334
EK202320007641,152.13333333333333
EK202310194771,143.4
EK202310193624,141.43333333333334
EK202310178811,176.13333333333333
EK202310127140,160.9
EK202310193675,158.7
EK202310208947,132.23333333333332
EK202310242072,146.53333333333333
EK202310129762,146.63333333333333
EK202310178638,152.53333333333333
EK202310208504,125.43333333333334
EK202310131365,138.73333333333332
EK202310118546,133.93333333333334
EK202310245144,141.9
EK202310142879,138.53333333333333
EK202310197920,153.16666666666666
EK202310182216,143.1
EK202310163824,146.56666666666666
EK202310247357,155.46666666666667
EK202310145691,158.36666666666667
EK202310176063,163.06666666666666
EK202320006459,172.7
EK202310227785,130.43333333333334
EK202310189723,171.06666666666666
EK202310182881,145.46666666666667
EK202310196251,144.0
EK202310212183,139.96666666666667
EK202310165884,136.63333333333333
EK202310162354,159.93333333333334
EK202320006915,169.26666666666668
EK202310152978,165.76666666666668
EK202310186596,172.53333333333333
EK202310184203,140.86666666666667
EK202310115228,141.33333333333334
EK202310187250,146.56666666666666
EK202310199882,136.06666666666666
EK202310247733,158.63333333333333
EK202310142093,137.43333333333334
EK202310192250,137.2
EK202310161127,165.26666666666668
EK202310227929,139.7
EK202310144416,135.9
EK202310129300,149.66666666666666
EK202310132887,130.56666666666666
EK202320007268,166.46666666666667
EK202310117763,127.86666666666666
EK202310135610,132.26666666666668
EK202310108226,146.23333333333332
EK202310197484,161.26666666666668
EK202310220905,128.0
EK202310210612,141.83333333333334
EK202310199825,136.0
EK202310167815,136.76666666666668
EK202310222270,133.06666666666666
EK202310218829,133.56666666666666
EK202310158524,142.66666666666666
EK202310227353,134.73333333333332
EK202310105993,142.0
EK202310128862,133.2
EK202320005603,153.7
EK202310145543,160.5
EK202310226964,140.33333333333334
EK202310106404,149.1
EK202310158792,146.86666666666667
EK202310169557,157.66666666666666
EK202320007615,146.66666666666666
EK202310244340,139.5
EK202310241009,144.86666666666667
EK202310173004,134.0
EK202310229814,146.46666666666667
EK202310136774,149.83333333333334
EK202310134670,152.0
EK202310125653,142.83333333333334
EK202310104378,134.66666666666666
EK202310114092,144.93333333333334
EK202310242755,143.7
EK202310175831,145.0
EK202310123102,139.56666666666666
EK202310246196,139.86666666666667
EK202310164308,140.66666666666666
EK202310164001,138.46666666666667
EK202310127733,159.1
EK202310107896,132.23333333333332
EK202310196209,164.46666666666667
EK202310164751,147.13333333333333
EK202310180897,138.96666666666667
EK202310217788,147.43333333333334
EK202310193711,164.63333333333333
EK202310244316,144.9
EK202310224163,140.96666666666667
EK202310104994,138.26666666666668
EK202310140073,157.33333333333334
EK202310188584,154.66666666666666
EK202310110511,141.23333333333332
EK202310231033,141.83333333333334
EK202310178461,166.66666666666666
EK202310167965,139.6
EK202310106027,135.76666666666668
EK202310193439,142.96666666666667
EK202310151107,136.2
EK202310196605,131.36666666666667
EK202310218318,139.83333333333334
EK202310195078,139.2
EK202310148837,171.4
EK202310127102,141.3
EK202310114514,146.73333333333332
EK202310121553,129.83333333333334
EK202310172559,140.86666666666667
EK202310151216,125.26666666666667
EK202310128073,136.13333333333333
EK202310108605,151.33333333333334
EK202310201812,134.66666666666666
EK202310190862,156.16666666666666
EK202310223367,167.03333333333333
EK202310217222,146.06666666666666
EK202310171756,165.6
EK202320006771,167.93333333333334
EK202310124052,145.53333333333333
EK202310221124,126.03333333333333
EK202310154368,143.73333333333332
EK202310155273,139.23333333333332
EK202310161608,158.7
EK202310176630,138.9
EK202310158951,149.3
EK202310223924,133.6
EK202310187178,143.63333333333333
EK202310189441,153.6
EK202310193808,151.23333333333332
EK202310117653,133.33333333333334
EK202320006281,150.96666666666667
EK202310104452,147.8
EK202310170998,163.16666666666666
EK202310247137,142.73333333333332
EK202310207587,157.56666666666666
EK202310224054,134.0
EK202310124503,129.23333333333332
EK202310111608,135.2
EK202310169517,139.53333333333333
EK202310177572,149.3
EK202320005767,146.46666666666667
EK202310194290,143.86666666666667
EK202310115205,162.56666666666666
EK202310227698,132.2
EK202310120637,146.53333333333333
EK202310143976,139.5
EK202310246533,128.8
EK202310244741,136.86666666666667
EK202310163421,138.9
EK202310169247,158.16666666666666
EK202310136860,142.23333333333332
EK202310217749,140.33333333333334
EK202310128152,137.83333333333334
EK202310193309,154.43333333333334
EK202310243321,157.8
EK202310152737,134.83333333333334
EK202310187887,156.36666666666667
EK202310150896,132.63333333333333
EK202310123219,141.86666666666667
EK202310166345,136.06666666666666
EK202310163457,151.06666666666666
EK202310218300,161.36666666666667
EK202310177093,130.66666666666666
EK202310123434,132.7
EK202310226930,144.66666666666666
EK202310210088,157.36666666666667
EK202310190936,152.9
EK202310127583,141.36666666666667
EK202310185141,129.33333333333334
EK202310138333,146.2
EK202310143408,141.96666666666667
EK202310147317,146.2
EK202310127752,138.26666666666668
EK202310248048,155.7
EK202310109094,143.63333333333333
EK202310230897,142.9
EK202310229240,146.0
EK202310158776,139.26666666666668
EK202310178235,150.1
EK202310153456,132.16666666666666
EK202310125365,136.26666666666668
EK202310228431,140.96666666666667
EK202310177613,162.46666666666667
EK202310230016,139.86666666666667
EK202310124464,132.1
EK202310160084,148.2
EK202310230147,138.93333333333334
EK202310154253,151.63333333333333
EK202310180390,134.63333333333333
EK202310126260,143.26666666666668
EK202310110447,135.73333333333332
EK202310225162,143.73333333333332
EK202310127787,139.6
EK202310127024,134.83333333333334
EK202310123897,137.06666666666666
EK202310191044,143.36666666666667
EK202310107279,140.1
EK202310222709,155.16666666666666
EK202310158190,139.63333333333333
EK202310226271,148.96666666666667
EK202310227119,137.13333333333333
EK202310180033,150.26666666666668
EK202310113831,124.36666666666666
EK202310127200,140.3
EK202310234951,133.66666666666666
EK202310113479,134.93333333333334
EK202310207326,126.73333333333333
EK202310227319,155.03333333333333
EK202310230874,142.4
EK202310139589,144.23333333333332
EK202310114753,150.46666666666667
EK202310121349,132.3
EK202310202957,156.5
EK202310159641,149.46666666666667
EK202310176020,151.8
EK202310163367,142.33333333333334
EK202310186524,137.56666666666666
EK202310221903,150.3
EK202310161048,156.1
EK202310187444,131.6
EK202310127440,136.56666666666666
EK202310218146,157.03333333333333
EK202310150639,155.23333333333332
EK202310233888,135.0
EK202310209197,146.83333333333334
EK202310143716,162.0
EK202310104198,147.3
EK202310154483,144.23333333333332
EK202310167981,140.4
EK202310180723,133.2
EK202310196829,136.2
EK202310115909,145.76666666666668
EK202310142747,161.93333333333334
EK202310168568,142.56666666666666
EK202310116790,131.86666666666667
EK202310246722,132.93333333333334
EK202310201508,139.8
EK202310184072,145.66666666666666
EK202310243865,133.8
EK202310210914,132.06666666666666
EK202310239276,139.53333333333333
EK202310215006,160.2
EK202310104899,131.4
EK202310123211,128.3
EK202310139857,144.8
EK202310229104,137.46666666666667
EK202310225758,142.93333333333334
EK202310154150,130.6
EK202310151559,147.3
EK202310121018,149.56666666666666
EK202310139751,141.86666666666667
EK202310130814,145.6
EK202310226459,139.03333333333333
EK202310144732,136.03333333333333
EK202310159300,168.76666666666668
EK202310216298,151.13333333333333
EK202310108276,132.26666666666668
EK202310132846,147.4
EK202310146926,143.56666666666666
EK202310205179,140.0
EK202310172161,144.9
EK202310206115,150.1
EK202310197301,139.4
EK202310172771,132.03333333333333
EK202310109812,140.36666666666667
EK202310152808,128.96666666666667
EK202310121442,132.8
EK202310136433,139.8
EK202310242312,136.9
EK202310104384,141.7
EK202310199318,138.83333333333334
EK202310135620,147.46666666666667
EK202310153631,144.1
EK202310133022,124.4
EK202310112038,134.1
EK202310200944,149.9
EK202310209272,140.6
EK202310221651,135.9
EK202310147889,152.63333333333333
EK202310004590,137.36666666666667
EK202310196915,156.0
EK202310186595,140.26666666666668
EK202310104696,154.7
EK202310144577,149.4
EK202310169285,135.03333333333333
EK202310184084,151.03333333333333
EK202310132378,145.9
EK202310246159,172.63333333333333
EK202310202358,129.06666666666666
EK202310159800,147.7
EK202310209349,137.7
EK202310200523,136.5
EK202310231409,147.8
EK202310125721,139.13333333333333
EK202310150276,143.43333333333334
EK202310197223,133.66666666666666
EK202310160408,158.26666666666668
EK202310213557,132.73333333333332
EK202310218382,135.9
EK202310209694,143.96666666666667
EK202310211465,152.3
EK202310227036,140.13333333333333
EK202310168055,140.73333333333332
EK202310173868,138.96666666666667
EK202310235783,137.56666666666666
EK202310182758,156.5
EK202310202200,149.06666666666666
EK202310114988,139.8
EK202310176929,145.93333333333334
EK202310121237,149.3
EK202310152253,146.23333333333332
EK202310226416,153.13333333333333
EK202310140761,155.2
EK202310200743,142.16666666666666
EK202310165360,134.76666666666668
EK202310235685,151.0
EK202310238675,143.36666666666667
EK202310191990,134.4
EK202310149927,151.0
EK202310196613,151.96666666666667
EK202310138650,144.06666666666666
EK202310135837,136.43333333333334
EK202310004179,143.23333333333332
EK202310202844,136.56666666666666
EK202310156145,144.56666666666666
EK202310137772,134.5
EK202310139643,156.46666666666667
EK202310190140,149.3
EK202310182976,132.76666666666668
EK202310140267,149.73333333333332
EK202310149614,156.8
EK202310188618,144.1
EK202310153165,146.13333333333333
EK202310239729,142.83333333333334
EK202310104290,134.26666666666668
EK202310237254,145.73333333333332
EK202310127230,143.83333333333334
EK202310133287,137.9
EK202310196943,139.56666666666666
EK202310154405,135.56666666666666
EK202310235085,132.23333333333332
EK202310144062,143.9
EK202310185906,143.46666666666667
EK202310133676,161.0
EK202310196801,136.86666666666667
EK202310223356,139.03333333333333
EK202310174845,154.6
EK202310131724,133.86666666666667
EK202310227778,138.96666666666667
EK202310139935,142.06666666666666
EK202310109785,166.06666666666666
EK202310162467,138.03333333333333
EK202310190820,149.76666666666668
EK202310111438,141.9
EK202310202344,159.23333333333332
EK202310128622,155.96666666666667
EK202310239716,138.73333333333332
EK202310206350,156.13333333333333
EK202310137152,137.53333333333333
EK202310186456,160.13333333333333
EK202310247836,139.6
EK202310239485,141.6
EK202310192860,142.3
EK202310130413,136.43333333333334
EK202310193922,142.56666666666666
EK202310181806,144.0
EK202310121213,132.6
EK202320006017,170.36666666666667
EK202310123080,137.96666666666667
EK202310155988,144.43333333333334
EK202310126966,152.3
EK202310189745,156.9
EK202310203961,136.1
EK202310118179,133.4
EK202310109004,151.8
EK202310003506,131.63333333333333
EK202310106808,141.46666666666667
EK202310242146,133.86666666666667
EK202310114687,152.3
EK202310139155,165.23333333333332
EK202310229903,141.23333333333332
EK202310170375,136.56666666666666
EK202310199839,138.2
EK202310112897,138.53333333333333
EK202310221448,146.23333333333332
EK202310191215,149.56666666666666
EK202310221051,139.66666666666666
EK202310221033,131.8
EK202310224111,133.9
EK202310217504,137.36666666666667
EK202310179120,142.0
EK202310106293,136.13333333333333
EK202310228948,132.7
EK202310192129,141.23333333333332
EK202310109160,141.23333333333332
EK202310170771,138.76666666666668
EK202310242806,131.4
EK202310175538,160.4
EK202310149012,152.16666666666666
EK202310104532,149.83333333333334
EK202310212068,146.33333333333334
EK202310123340,134.5
EK202310131077,141.76666666666668
EK202310148068,147.43333333333334
EK202310190251,138.0
EK202310174004,157.23333333333332
EK202310156599,149.06666666666666
EK202310153023,148.8
EK202310145554,140.76666666666668
EK202310160744,153.53333333333333
EK202310185195,140.43333333333334
EK202320006590,169.33333333333334
EK202310129886,134.56666666666666
EK202310124625,149.4
EK202310188309,151.36666666666667
EK202310142832,144.6
EK202310183119,142.5
EK202310105045,129.83333333333334
EK202310170611,127.36666666666666
EK202310155999,143.1
EK202310230234,143.36666666666667
EK202310103794,154.03333333333333
EK202310241301,141.1
EK202310202926,169.16666666666666
EK202310247420,146.93333333333334
EK202310165584,156.06666666666666
EK202310179695,120.93333333333334
EK202310164314,136.4
EK202310155082,149.36666666666667
EK202310145770,136.5
EK202310247538,168.66666666666666
EK202310214111,160.76666666666668
EK202310181544,138.93333333333334
EK202310151024,126.86666666666666
EK202310229794,123.23333333333333
EK202310125839,153.23333333333332
EK202310128797,148.06666666666666
EK202310147449,144.3
EK202310211288,132.5
EK202310165604,133.6
EK202310140481,146.43333333333334
EK202310154542,151.9
EK202310213091,131.03333333333333
EK202310248733,138.93333333333334
EK202310152930,164.83333333333334
EK202320006866,158.13333333333333
EK202310216477,128.16666666666666
EK202310181197,146.5
EK202310244809,145.6
EK202310111806,134.7
EK202310106490,142.13333333333333
EK202310145258,143.26666666666668
EK202310205168,143.9
EK202310157331,160.26666666666668
EK202310163882,138.23333333333332
EK202310129546,125.8
EK202310148414,132.93333333333334
EK202310224909,126.73333333333333
EK202310165479,130.36666666666667
EK202310170016,138.2
EK202310182759,147.73333333333332
EK202310111689,140.4
EK202310202711,140.73333333333332
EK202310201534,136.9
EK202310113940,143.4
EK202310114299,130.6
EK202310203251,161.03333333333333
EK202310143744,142.63333333333333
EK202310149498,152.2
EK202310217908,129.2
EK202310211929,130.03333333333333
EK202310149164,137.56666666666666
EK202310164565,136.86666666666667
EK202310210725,134.16666666666666
EK202310121120,144.56666666666666
EK202310216961,134.83333333333334
EK202310172951,141.76666666666668
EK202310230076,128.9
EK202310214365,139.03333333333333
EK202310120411,142.1
EK202310233763,146.73333333333332
EK202310189756,136.7
EK202310180908,138.16666666666666
EK202310163595,136.0
EK202310117226,140.2
EK202310133078,136.0
EK202310214364,132.7
EK202310216563,158.03333333333333
EK202310233460,140.86666666666667
EK202310145609,151.5
EK202310224257,130.9
EK202310192247,134.03333333333333
EK202310205631,138.36666666666667
EK202310231421,140.16666666666666
EK202310226086,131.76666666666668
EK202310237602,137.03333333333333
EK202310136602,139.13333333333333
EK202310122474,126.6
EK202310188932,148.13333333333333
EK202310138201,128.93333333333334
EK202310194378,165.26666666666668
EK202310214991,160.93333333333334
EK202310225525,142.03333333333333
EK202310134214,150.43333333333334
EK202310195862,144.06666666666666
EK202310159199,139.66666666666666
EK202310155737,137.46666666666667
EK202310170011,139.33333333333334
EK202310201630,160.56666666666666
EK202310226552,137.46666666666667
EK202310160002,131.5
EK202310151703,149.53333333333333
EK202310143816,131.63333333333333
EK202310232638,153.0
EK202310114002,141.7
EK202310129927,143.03333333333333
EK202310203267,146.1
EK202310177954,147.46666666666667
EK202310153060,153.3
EK202310111529,135.86666666666667
EK202310137725,154.96666666666667
EK202310166343,158.8
EK202310186809,168.46666666666667
EK202310144953,135.23333333333332
EK202310122463,137.5
EK202310134204,143.46666666666667
EK202310150378,143.5
EK202310237288,136.33333333333334
EK202310248480,149.83333333333334
EK202310004124,143.4
EK202310003566,129.0
EK202310213203,131.43333333333334
EK202310124344,133.4
EK202310228408,171.83333333333334
EK202310232131,131.4
EK202310118742,145.93333333333334
EK202310134004,155.1
EK202310247397,154.33333333333334
EK202310239190,137.63333333333333
EK202310246475,136.16666666666666
EK202310198578,153.63333333333333
EK202310215084,130.73333333333332
EK202310105260,144.96666666666667
EK202310165433,143.73333333333332
EK202310140038,143.73333333333332
EK202310107453,144.76666666666668
EK202310221064,135.63333333333333
EK202310120243,133.16666666666666
EK202310184845,149.0
EK202310176066,158.33333333333334
EK202310227077,146.53333333333333
EK202310144370,131.96666666666667
EK202310162124,128.36666666666667
EK202310110699,140.8
EK202310153084,164.1
EK202310160786,143.9
EK202310242308,138.26666666666668
EK202310194163,133.73333333333332
EK202310105869,148.43333333333334
EK202310214672,143.93333333333334
EK202310145840,147.0
EK202310178975,142.73333333333332
EK202310189351,154.63333333333333
EK202310180495,144.26666666666668
EK202310202435,133.23333333333332
EK202310111129,124.13333333333334
EK202310157646,147.46666666666667
EK202310227821,146.5
EK202310142018,128.0
EK202310176861,151.23333333333332
EK202310228822,139.5
EK202310142217,138.0
EK202310237859,146.03333333333333
EK202310146830,138.6
EK202310152183,143.03333333333333
EK202310179889,134.16666666666666
EK202310217535,139.23333333333332
EK202310111073,142.56666666666666
EK202310228103,142.46666666666667
EK202310171811,135.96666666666667
EK202310224290,139.76666666666668
EK202310108057,144.06666666666666
EK202310240225,163.56666666666666
EK202310240301,150.1
EK202310126961,127.76666666666667
EK202310235847,132.56666666666666
EK202310107011,157.53333333333333
EK202310185554,159.23333333333332
EK202310224213,135.2
EK202310132189,132.03333333333333
EK202310193327,153.33333333333334
EK202310230501,135.4
EK202310130145,164.63333333333333
EK202310188675,144.76666666666668
EK202310155036,133.8
EK202310177355,153.1
EK202310139948,130.86666666666667
EK202310119442,141.06666666666666
EK202310133620,136.8
EK202310202179,159.66666666666666
EK202310217546,140.6
EK202310182683,132.7
EK202310184843,134.4
EK202310108718,144.76666666666668
EK202310159849,152.13333333333333
EK202310004889,128.63333333333333
EK202320006575,173.33333333333334
EK202310209060,149.53333333333333
EK202310104959,142.0
EK202310182681,139.6
EK202310145101,143.46666666666667
EK202310134497,129.9
EK202310120585,134.9
EK202310198684,143.83333333333334
EK202310109466,147.4
EK202310106981,136.76666666666668
EK202310004230,124.36666666666666
EK202310173364,129.33333333333334
EK202310164220,145.46666666666667
EK202310207890,130.56666666666666
EK202310134470,170.1
EK202310124056,136.73333333333332
EK202310185859,137.4
EK202310160054,142.96666666666667
EK202310246219,158.66666666666666
EK202310196525,151.03333333333333
EK202310193933,143.53333333333333
EK202310144345,140.4
EK202310004466,143.96666666666667
EK202310168682,148.36666666666667
EK202310231230,133.2
EK202310206143,131.53333333333333
EK202310120180,143.6
EK202310208027,141.53333333333333
EK202310211315,139.2
EK202310176576,141.16666666666666
EK202310174969,147.76666666666668
EK202310210179,141.2
EK202310217528,142.9
EK202310238600,134.36666666666667
EK202310236054,139.96666666666667
EK202310137936,138.73333333333332
EK202310222493,134.23333333333332
EK202310171713,141.4
EK202310171703,132.63333333333333
EK202310132101,160.66666666666666
EK202310136177,131.53333333333333
EK202310222204,150.53333333333333
EK202310198438,142.96666666666667
EK202310198847,139.43333333333334
EK202310212204,131.53333333333333
EK202310158611,154.23333333333332
EK202310214429,140.4
EK202310197505,133.5
EK202310155317,146.86666666666667
EK202310103873,132.2
EK202310203439,130.96666666666667
EK202310205578,160.86666666666667
EK202310114493,129.8
EK202310192330,138.86666666666667
EK202310150257,136.46666666666667
EK202310212345,137.83333333333334
EK202310166764,142.33333333333334
EK202310173381,133.96666666666667
EK202310129246,139.9
EK202310198977,171.56666666666666
EK202310111435,140.7
EK202310210569,144.16666666666666
EK202310216496,142.9
EK202310159176,140.96666666666667
EK202310205779,138.9
EK202310160097,150.43333333333334
EK202310144776,132.2
EK202310232327,144.8
EK202310177826,154.06666666666666
EK202310232783,139.6
EK202310247658,139.6
EK202310192257,141.63333333333333
EK202310105522,153.6
EK202310110676,136.9
EK202310175277,137.56666666666666
EK202310222480,141.23333333333332
EK202310244692,135.73333333333332
EK202310238299,147.93333333333334
EK202310196847,151.46666666666667
EK202310219030,139.7
EK202310003531,127.5
EK202310216422,147.63333333333333
EK202310112977,141.86666666666667
EK202310184951,156.56666666666666
EK202310195157,139.93333333333334
EK202310107454,149.6
EK202310139967,138.86666666666667
EK202310150754,138.6
EK202310136822,143.5
EK202310219114,144.36666666666667
EK202310200603,171.46666666666667
EK202310141838,136.83333333333334
EK202310148763,139.53333333333333
EK202310234275,141.7
EK202310219816,135.66666666666666
EK202310105056,139.13333333333333
EK202310164743,147.03333333333333
EK202310132814,148.3
EK202310188510,144.9
EK202310190625,155.26666666666668
EK202310133363,141.5
EK202310164850,129.46666666666667
EK202310112766,135.73333333333332
EK202310242743,153.66666666666666
EK202310167944,148.76666666666668
EK202310174056,140.83333333333334
EK202310196467,135.1
EK202310112347,141.4
EK202310183616,146.33333333333334
EK202310169352,152.36666666666667
EK202310209027,152.93333333333334
EK202310223654,144.23333333333332
EK202310118853,147.7
EK202310161978,170.73333333333332
EK202310226345,142.2
EK202310229817,140.76666666666668
EK202310163424,129.8
EK202310230830,138.96666666666667
EK202310181485,145.86666666666667
EK202310173117,143.53333333333333
EK202310191342,145.06666666666666
EK202310205302,145.2
EK202310122843,150.33333333333334
EK202310201365,145.63333333333333
EK202310164039,133.3
EK202310176835,144.36666666666667
EK202310240788,139.93333333333334
EK202310112640,136.76666666666668
EK202310181638,130.5
EK202310233877,135.7
EK202310107169,123.63333333333334
EK202310178789,150.4
EK202310152645,131.96666666666667
EK202310139143,158.83333333333334
EK202310185606,128.9
EK202310236253,133.5
EK202310188369,152.63333333333333
EK202310138500,163.2
EK202310231971,135.93333333333334
EK202310194339,135.7
EK202310175771,154.73333333333332
EK202310109100,166.03333333333333
EK202310196714,141.4
EK202310135780,136.26666666666668
EK202310177286,141.13333333333333
EK202310162248,149.96666666666667
EK202310113556,139.46666666666667
EK202310225632,147.9
EK202310247856,135.26666666666668
EK202310178852,133.6
EK202310163577,139.36666666666667
EK202310151357,133.56666666666666
EK202310111121,139.86666666666667
EK202310181600,152.03333333333333
EK202310194358,138.36666666666667
EK202310202153,168.4
EK202310105466,120.13333333333334
EK202310216384,132.96666666666667
EK202310153150,161.13333333333333
EK202310230780,144.2
EK202310248548,129.5
EK202310121252,142.13333333333333
EK202310201045,139.83333333333334
EK202310208942,156.8
EK202310173243,144.36666666666667
EK202310183907,160.5
EK202310152258,138.73333333333332
EK202310151886,129.4
EK202310124883,129.76666666666668
EK202310206942,161.96666666666667
EK202310186343,137.86666666666667
EK202310199252,143.8
EK202310153785,145.23333333333332
EK202310119274,135.36666666666667
EK202310229019,140.13333333333333
EK202310003459,143.66666666666666
EK202310215837,134.53333333333333
EK202310104012,161.23333333333332
EK202310226825,149.13333333333333
EK202310112000,143.5
EK202310228139,125.26666666666667
EK202310195964,149.76666666666668
EK202310196447,143.86666666666667
EK202310133431,150.86666666666667
EK202310148207,149.76666666666668
EK202310208262,150.93333333333334
EK202310234548,133.3
EK202310110644,166.63333333333333
EK202310112284,145.2
EK202310185528,158.9
EK202310120181,135.66666666666666
EK202310155062,132.53333333333333
EK202310141339,134.9
EK202320007364,149.1
EK202310153420,137.1
EK202310168023,161.86666666666667
EK202310136980,151.76666666666668
EK202310109577,143.06666666666666
EK202310242836,140.8
EK202310245264,138.83333333333334
EK202310156259,138.06666666666666
EK202310190170,151.46666666666667
EK202310248085,128.6
EK202310236610,134.36666666666667
EK202310127984,132.43333333333334
EK202310151526,164.36666666666667
EK202310183833,144.86666666666667
EK202310181035,132.66666666666666
EK202310209277,130.73333333333332
EK202310208187,134.86666666666667
EK202310113331,146.6
EK202310130050,145.46666666666667
EK202310210098,162.5
EK202310131769,148.0
EK202310182943,150.8
EK202310245900,142.3
EK202310112562,153.86666666666667
EK202310112368,146.43333333333334
EK202310153158,150.9
EK202310246187,157.26666666666668
EK202310158259,170.83333333333334
EK202310191908,154.4
EK202310229177,124.23333333333333
EK202310173976,130.36666666666667
EK202310235029,138.46666666666667
EK202310160651,139.23333333333332
EK202310104176,150.63333333333333
EK202310163031,143.9
EK202310189284,141.66666666666666
EK202310203767,127.66666666666667
EK202310153903,126.16666666666667
EK202310163959,130.26666666666668
EK202310175696,147.63333333333333
EK202310196551,138.76666666666668
EK202310130357,153.6
EK202310227070,155.66666666666666
EK202310223980,145.2
EK202320005716,170.93333333333334
EK202310191016,147.03333333333333
EK202310159308,160.23333333333332
EK202310157506,136.23333333333332
EK202310205339,146.0
EK202310173591,151.36666666666667
EK202310212415,132.53333333333333
EK202310152400,138.26666666666668
EK202310116809,142.96666666666667
EK202310223921,146.83333333333334
EK202310136881,135.96666666666667
EK202310197683,157.9
EK202310119242,139.23333333333332
EK202310156431,150.1
EK202310142993,161.86666666666667
EK202310190357,123.9
EK202310138818,140.2
EK202310180708,135.53333333333333
EK202310171205,144.93333333333334
EK202310205536,137.03333333333333
EK202310178501,139.5
EK202310114516,144.86666666666667
EK202310217959,139.76666666666668
EK202310197130,141.23333333333332
EK202310175335,141.73333333333332
EK202310106557,147.63333333333333
EK202310228468,138.03333333333333
EK202310107166,138.6
EK202310187850,142.86666666666667
EK202310231655,134.66666666666666
EK202320005951,158.53333333333333
EK202310110395,128.03333333333333
EK202310229554,151.06666666666666
EK202310129150,144.86666666666667
EK202310245507,150.96666666666667
EK202310165967,142.73333333333332
EK202310139144,128.8
EK202310205378,143.16666666666666
EK202310118211,132.7
EK202310117975,136.53333333333333
EK202310246423,141.16666666666666
EK202310224264,131.2
EK202310157523,142.4
EK202310136806,141.3
EK202310209414,143.83333333333334
EK202310105657,150.83333333333334
EK202310227287,136.5
EK202310143495,148.4
EK202310104202,138.06666666666666
EK202310132179,152.23333333333332
EK202310192107,148.63333333333333
EK202310201701,156.4
EK202310204228,133.76666666666668
EK202310204465,170.9
EK202310220504,156.53333333333333
EK202310190283,139.96666666666667
EK202310220919,141.76666666666668
EK202310136224,147.9
EK202310229439,133.86666666666667
EK202310201973,135.9
EK202310233266,140.63333333333333
EK202310120402,137.73333333333332
EK202310203268,141.63333333333333
EK202310103759,153.83333333333334
EK202310206364,134.16666666666666
EK202310239486,136.46666666666667
EK202310167126,143.4
EK202310172738,142.73333333333332
EK202310225872,148.56666666666666
EK202310124187,134.93333333333334
EK202310230657,134.4
EK202310219193,130.46666666666667
EK202310169804,163.23333333333332
EK202310214791,134.03333333333333
EK202310130499,141.96666666666667
EK202310125258,141.93333333333334
EK202310217221,130.6
EK202310244345,160.8
EK202310130692,138.8
EK202310225290,154.8
EK202310202584,150.53333333333333
EK202310165777,139.06666666666666
EK202310173066,140.16666666666666
EK202310142994,153.7
EK202310146665,140.3
EK202310213439,140.46666666666667
EK202310239350,136.66666666666666
EK202310187146,155.46666666666667
EK202310141831,157.86666666666667
EK202310181405,157.7
EK202310218983,133.73333333333332
EK202310224271,153.5
EK202310141723,146.63333333333333
EK202310191900,147.53333333333333
EK202310179485,164.26666666666668
EK202310162868,148.93333333333334
EK202310182366,133.73333333333332
EK202310148108,136.7
EK202310160133,145.56666666666666
EK202310166838,147.6
EK202310209189,137.3
EK202310135477,165.16666666666666
EK202310136211,131.76666666666668
EK202310211907,141.73333333333332
EK202310204224,135.13333333333333
EK202310003420,128.63333333333333
EK202310111245,150.36666666666667
EK202310155528,130.0
EK202310116420,146.6
EK202310163647,133.83333333333334
EK202310004316,137.9
EK202310136565,149.13333333333333
EK202310242785,134.4
EK202310142669,134.33333333333334
EK202310113336,148.13333333333333
EK202310147196,150.9
EK202310198324,172.63333333333333
EK202310143104,145.66666666666666
EK202310112994,142.16666666666666
EK202310175359,163.96666666666667
EK202310185406,144.7
EK202310179778,146.13333333333333
EK202310112667,139.26666666666668
EK202310194252,133.46666666666667
EK202310147035,134.9
EK202310111219,147.76666666666668
EK202310214524,139.8
EK202310232716,145.8
EK202310105019,143.06666666666666
EK202310234559,139.7
EK202310173427,169.9
EK202310195378,140.43333333333334
EK202310134112,135.9
EK202310181301,131.13333333333333
EK202310214980,144.16666666666666
EK202310238261,146.43333333333334
EK202310130718,140.3
EK202310147373,135.16666666666666
EK202310168667,156.66666666666666
EK202310225226,152.0
EK202310118349,149.26666666666668
EK202310157718,140.63333333333333
EK202310187448,147.2
EK202310181860,154.96666666666667
EK202310236193,152.03333333333333
EK202310152103,148.03333333333333
EK202310136089,149.1
EK202310238835,147.06666666666666
EK202310142264,134.86666666666667
EK202310198539,151.16666666666666
EK202310190468,145.26666666666668
EK202320006389,154.96666666666667
EK202310148444,117.03333333333333
EK202310149959,143.2
EK202310228555,138.36666666666667
EK202310105501,140.9
EK202310119203,132.7
EK202310232306,147.96666666666667
EK202310182557,138.26666666666668
EK202310213342,139.26666666666668
EK202310167646,146.0
EK202310195462,159.46666666666667
EK202310171718,142.03333333333333
EK202310150737,140.33333333333334
EK202310207739,153.63333333333333
EK202310121660,142.9
EK202310205678,133.76666666666668
EK202310242815,135.46666666666667
EK202310193926,130.56666666666666
EK202310169215,154.7
EK202310121914,130.36666666666667
EK202310146443,150.76666666666668
EK202310186043,145.0
EK202310242764,154.6
EK202310125734,133.23333333333332
EK202310188093,152.36666666666667
EK202310247744,156.56666666666666
EK202310183732,149.63333333333333
EK202310120950,138.43333333333334
EK202310160943,151.83333333333334
EK202310223077,139.36666666666667
EK202310113322,150.73333333333332
EK202310171016,159.66666666666666
EK202310118992,144.7
EK202310210813,137.3
EK202310119393,145.4
EK202310165072,147.2
EK202310130476,147.9
EK202310176158,134.0
EK202310235070,140.43333333333334
EK202310108800,139.66666666666666
EK202310213698,144.26666666666668
EK202310211960,136.86666666666667
EK202310115107,126.43333333333334
EK202310154887,149.4
EK202310125964,143.16666666666666
EK202310197631,152.83333333333334
EK202310152495,156.1
EK202310138965,152.7
EK202310229751,138.86666666666667
EK202310243042,131.53333333333333
EK202310104932,135.3
EK202310196593,151.33333333333334
EK202310166871,134.76666666666668
EK202310148398,155.53333333333333
EK202310209486,139.76666666666668
EK202310136632,128.56666666666666
EK202310189646,151.8
EK202310225870,146.43333333333334
EK202310161755,131.93333333333334
EK202310228917,143.96666666666667
EK202310148074,148.63333333333333
EK202310127137,148.16666666666666
EK202310189248,136.73333333333332
EK202310125103,140.0
EK202310191210,155.36666666666667
EK202310218240,137.46666666666667
EK202310237275,130.06666666666666
EK202310162417,156.26666666666668
EK202320007302,162.3
EK202310198514,135.76666666666668
EK202310156654,170.76666666666668
EK202310171571,154.83333333333334
EK202310177305,143.53333333333333
EK202310246747,158.4
EK202310202758,160.86666666666667
EK202310106134,135.36666666666667
EK202310004263,155.5
EK202310167253,146.5
EK202310154950,145.16666666666666
EK202310104343,143.7
EK202310162981,156.73333333333332
EK202310170399,140.5
EK202310157462,143.76666666666668
EK202310222137,143.03333333333333
EK202320007745,153.06666666666666
EK202310220891,133.86666666666667
EK202310197465,141.33333333333334
EK202310169484,140.4
EK202310206857,142.13333333333333
EK202310246430,135.66666666666666
EK202310116674,139.06666666666666
EK202310143852,140.93333333333334
EK202310181630,139.23333333333332
EK202310208946,153.73333333333332
EK202310108868,153.23333333333332
EK202310175588,148.8
EK202310159547,138.8
EK202310188294,145.63333333333333
EK202310180437,161.43333333333334
EK202310212936,140.8
EK202310130231,158.53333333333333
EK202310127231,142.06666666666666
EK202310189985,153.06666666666666
EK202310116510,146.56666666666666
EK202310207462,142.0
EK202310218692,148.43333333333334
EK202310227138,135.8
EK202310209607,138.03333333333333
EK202310119774,149.1
EK202310244607,147.9
EK202310113466,140.7
EK202310117710,127.36666666666666
EK202310175467,151.1
EK202310137952,153.3
EK202310235796,145.3
EK202310248336,136.16666666666666
EK202310185289,142.9
EK202310149146,140.16666666666666
EK202310129791,160.26666666666668
EK202310122547,135.4
EK202310131673,142.3
EK202310218477,149.6
EK202310158788,161.26666666666668
EK202310243244,146.8
EK202310137064,132.96666666666667
EK202310178386,157.8
EK202310159003,139.46666666666667
EK202310127413,142.83333333333334
EK202310194146,142.63333333333333
EK202310232087,145.8
EK202310143601,153.4
EK202310127915,132.33333333333334
EK202310148535,134.13333333333333
EK202310127692,136.36666666666667
EK202310134785,141.23333333333332
EK202310196646,143.16666666666666
EK202310003600,132.53333333333333
EK202310246935,160.0
EK202310239761,139.46666666666667
EK202310216852,138.36666666666667
EK202310220984,141.93333333333334
EK202310144095,134.76666666666668
EK202310152597,159.5
EK202310168343,150.96666666666667
EK202310137883,130.06666666666666
EK202310193368,130.96666666666667
EK202310127993,137.96666666666667
EK202310141466,153.3
EK202310124906,138.93333333333334
EK202310121318,143.2
EK202310214552,161.43333333333334
EK202310242972,149.3
EK202310169356,156.9
EK202310141331,142.53333333333333
EK202310148511,158.6
EK202320006765,173.8
EK202310131274,131.23333333333332
EK202310126970,141.16666666666666
EK202310167321,145.46666666666667
EK202310215589,138.53333333333333
EK202320006107,157.06666666666666
EK202310147086,161.53333333333333
EK202310233859,142.86666666666667
EK202310141954,141.5
EK202310234852,131.83333333333334
EK202310136328,136.03333333333333
EK202310133047,126.7
EK202310136399,156.0
EK202310207760,142.4
EK202310139278,150.46666666666667
EK202310125356,131.6
EK202310146350,136.16666666666666
EK202310177090,137.83333333333334
EK202310138005,151.23333333333332
EK202310137985,161.46666666666667
EK202320005567,161.7
EK202310197087,133.86666666666667
EK202310157990,143.86666666666667
EK202310176214,134.2
EK202310128811,142.63333333333333
EK202310120029,140.33333333333334
EK202310144471,135.33333333333334
EK202310188230,142.16666666666666
EK202310154178,141.9
EK202310157814,145.5
EK202310130684,136.6
EK202310140639,137.4
EK202310233784,140.36666666666667
EK202310177044,142.93333333333334
EK202310204770,147.16666666666666
EK202310143193,132.9
EK202310229063,159.36666666666667
EK202310142428,150.33333333333334
EK202310142101,152.16666666666666
EK202310199185,134.93333333333334
EK202310122048,134.43333333333334
EK202310189594,158.86666666666667
EK202310105475,139.8
EK202310181985,148.2
EK202310111833,138.16666666666666
EK202310164318,131.9
EK202310170916,142.8
EK202310158358,156.06666666666666
EK202310106802,134.2
EK202310158510,149.7
EK202310212527,143.6
EK202310109926,145.03333333333333
EK202310114932,159.26666666666668
EK202310223038,136.1
EK202310193126,151.7
EK202310246777,145.3
EK202310189632,159.56666666666666
EK202310240945,138.26666666666668
EK202310239693,143.86666666666667
EK202310216494,140.73333333333332
EK202310183749,151.16666666666666
EK202310141275,141.7
EK202310131036,145.83333333333334
EK202310113828,158.7
EK202310207144,126.56666666666666
EK202310190451,133.33333333333334
EK202310229761,137.03333333333333
EK202320006392,165.7
EK202310227082,142.06666666666666
EK202310211827,129.1
EK202310235192,141.46666666666667
EK202310198132,150.06666666666666
EK202310189905,155.86666666666667
EK202310193570,150.83333333333334
EK202310137822,130.73333333333332
EK202310206557,145.76666666666668
EK202310127272,155.03333333333333
EK202310195399,141.46666666666667
EK202310116174,161.66666666666666
EK202310112198,148.66666666666666
EK202310163418,144.7
EK202310003339,135.96666666666667
EK202310145884,148.23333333333332
EK202310210819,135.26666666666668
EK202310188596,135.63333333333333
EK202310227740,134.06666666666666
EK202310171332,144.5
EK202310107268,143.13333333333333
EK202310232122,138.43333333333334
EK202310145739,165.43333333333334
EK202310240638,139.86666666666667
EK202310174884,157.06666666666666
EK202310213193,126.86666666666666
EK202310218429,140.5
EK202310225216,126.6
EK202310235813,137.93333333333334
EK202310223825,145.9
EK202310165260,150.53333333333333
EK202310136218,147.46666666666667
EK202310138301,153.56666666666666
EK202310217412,150.9
EK202310224143,143.43333333333334
EK202310155730,144.66666666666666
EK202310246010,125.03333333333333
EK202310111437,150.13333333333333
EK202310162583,147.76666666666668
EK202310126440,138.3
EK202310104619,148.96666666666667
EK202310172843,144.53333333333333
EK202310147555,166.93333333333334
EK202310161054,152.46666666666667
EK202310209188,137.3
EK202310144583,130.06666666666666
EK202310113571,147.46666666666667
EK202310236906,145.13333333333333
EK202310236614,141.86666666666667
EK202310153224,156.4
EK202310139052,158.5
EK202310238192,144.53333333333333
EK202310233466,133.1
EK202310215038,149.16666666666666
EK202310179617,139.96666666666667
EK202310159717,140.1
EK202310152017,159.83333333333334
EK202310190439,138.36666666666667
EK202310193413,147.46666666666667
EK202310160170,153.33333333333334
EK202310123300,130.36666666666667
EK202310204445,143.83333333333334
EK202310214835,142.06666666666666
EK202310220520,137.6
EK202310003433,145.93333333333334
EK202310159797,142.53333333333333
EK202310139535,139.13333333333333
EK202310118986,137.2
EK202310131290,145.4
EK202310145211,137.83333333333334
EK202310124121,131.26666666666668
EK202310164013,122.7
EK202310158539,139.3
EK202310157029,137.0
EK202310205071,152.73333333333332
EK202310237265,138.36666666666667
EK202310121334,144.1
EK202310169722,150.3
EK202310227972,145.63333333333333
EK202310148017,157.56666666666666
EK202310201744,137.66666666666666
EK202310178777,155.2
EK202310158599,141.13333333333333
EK202310223823,141.43333333333334
EK202310244269,141.03333333333333
EK202310145223,148.43333333333334
EK202310183001,139.33333333333334
EK202310144652,129.06666666666666
EK202310149925,145.7
EK202310232433,145.56666666666666
EK202310170505,146.26666666666668
EK202310213173,137.0
EK202310140978,143.26666666666668
EK202310003838,147.8
EK202310197038,141.56666666666666
EK202310144172,159.03333333333333
EK202310107554,156.93333333333334
EK202310145215,150.8
EK202310178423,141.9
EK202310135509,155.13333333333333
EK202310114244,133.9
EK202310143184,141.63333333333333
EK202310141247,127.93333333333334
EK202310202303,144.23333333333332
EK202310111325,145.6
EK202310167906,147.7
EK202310105431,141.76666666666668
EK202320005905,181.46666666666667
EK202310127826,165.0
EK202310104035,133.93333333333334
EK202310213387,128.33333333333334
EK202310109955,136.13333333333333
EK202310218233,136.3
EK202310115271,133.8
EK202310206248,147.13333333333333
EK202310158573,160.16666666666666
EK202310183224,148.46666666666667
EK202310231210,138.86666666666667
EK202310118684,147.96666666666667
EK202310242985,137.36666666666667
EK202310136035,146.46666666666667
EK202310231734,146.4
EK202310145163,139.3
EK202310211871,136.26666666666668
EK202310151737,136.9
EK202310165550,180.5
EK202310214955,142.96666666666667
EK202310112312,137.46666666666667
EK202310122742,142.4
EK202310202487,133.13333333333333
EK202310233089,147.96666666666667
EK202310166257,147.33333333333334
EK202310180021,144.76666666666668
EK202310149123,139.96666666666667
EK202310139242,154.6
EK202310140791,144.5
EK202310230828,142.5
EK202310242667,136.3
EK202310188077,150.93333333333334
EK202310184134,147.0
EK202310227767,156.73333333333332
EK202310206257,142.13333333333333
EK202310112535,144.86666666666667
EK202310142903,134.4
EK202310109645,137.13333333333333
EK202310153020,153.9
EK202310106726,134.3
EK202310223842,141.1
EK202310194598,151.46666666666667
EK202310148450,142.63333333333333
EK202310120806,135.43333333333334
EK202310209691,140.86666666666667
EK202310114213,146.66666666666666
EK202310152335,139.7
EK202310232377,132.86666666666667
EK202310150359,140.66666666666666
EK202310172745,128.2
EK202310201411,160.3
EK202310152893,161.03333333333333
EK202310155212,146.53333333333333
EK202310182742,146.46666666666667
EK202310183087,135.1
EK202310200379,142.4
EK202310173094,119.66666666666667
EK202310227985,143.36666666666667
EK202310238336,154.2
EK202310184224,155.5
EK202310232915,152.96666666666667
EK202310219151,148.1
EK202310213370,134.43333333333334
EK202310219745,138.53333333333333
EK202310138780,139.76666666666668
EK202310203481,143.3
EK202310174922,140.9
EK202310233758,144.13333333333333
EK202310153471,130.5
EK202310151891,151.76666666666668
EK202320005592,151.43333333333334
EK202310105631,132.06666666666666
EK202310176003,149.13333333333333
EK202310181211,136.66666666666666
EK202310144399,137.1
EK202310240649,131.7
EK202310145192,150.33333333333334
EK202310206829,138.0
EK202310110211,129.06666666666666
EK202310234760,137.13333333333333
EK202310114319,141.66666666666666
EK202310135966,148.16666666666666
EK202310183214,150.1
EK202310163942,172.16666666666666
EK202310219060,135.26666666666668
EK202310192350,147.63333333333333
EK202310130531,157.3
EK202310163172,143.66666666666666
EK202310240348,145.36666666666667
EK202310198945,141.6
EK202310004178,125.0
EK202310199537,159.0
EK202310152430,129.43333333333334
EK202310200143,140.56666666666666
EK202310190524,164.83333333333334
EK202310116645,133.53333333333333
EK202310193204,149.0
EK202310148808,158.16666666666666
EK202310231781,145.63333333333333
EK202310129095,134.03333333333333
EK202310114613,143.66666666666666
EK202310190518,139.3
EK202310180509,146.0
EK202310220514,143.76666666666668
EK202310225336,128.9
EK202310237750,149.2
EK202310182363,153.2
EK202310196291,157.53333333333333
EK202310161270,145.46666666666667
EK202310132154,131.23333333333332
EK202310181652,149.5
EK202310238306,140.8
EK202310187861,132.9
EK202310196524,146.3
EK202310218151,142.16666666666666
EK202310176813,136.7
EK202310115338,146.13333333333333
EK202320007107,153.73333333333332
EK202310190744,146.3
EK202310242292,150.73333333333332
EK202310133848,139.4
EK202310173165,156.46666666666667
EK202310201969,128.06666666666666
EK202310194094,157.26666666666668
EK202310192787,143.03333333333333
EK202310107065,131.56666666666666
EK202310247670,157.2
EK202310200824,141.13333333333333
EK202310157197,148.86666666666667
EK202310192671,132.86666666666667
EK202310189959,164.13333333333333
EK202310242747,141.06666666666666
EK202310221418,129.16666666666666
EK202310178956,138.63333333333333
EK202310162978,145.76666666666668
EK202320006792,150.06666666666666
EK202310119199,142.5
EK202310229640,139.0
EK202310136912,143.4
EK202310193691,149.0
EK202310141736,138.93333333333334
EK202310159077,145.73333333333332
EK202310199320,140.0
EK202310205972,137.76666666666668
EK202310155578,140.33333333333334
EK202310115031,137.76666666666668
EK202310143815,140.53333333333333
EK202310133150,166.03333333333333
EK202310133982,140.73333333333332
EK202310216455,145.93333333333334
EK202310206390,146.33333333333334
EK202310204338,139.73333333333332
EK202310115162,138.36666666666667
EK202310117837,131.63333333333333
EK202310211582,137.33333333333334
EK202310119713,152.3
EK202310136154,136.66666666666666
EK202310222178,147.7
EK202310143261,140.13333333333333
EK202310122388,139.4
EK202310125099,136.4
EK202310172723,132.36666666666667
EK202310226850,145.2
EK202310111054,146.53333333333333
EK202310187762,149.63333333333333
EK202310213222,136.73333333333332
EK202310105201,166.86666666666667
EK202310173124,151.7
EK202310180253,134.56666666666666
EK202310248026,157.83333333333334
EK202310177052,143.13333333333333
EK202310171106,149.96666666666667
EK202310136327,130.13333333333333
EK202310208120,135.76666666666668
EK202310004784,140.9
EK202310164690,145.76666666666668
EK202310214669,154.4
EK202310131706,146.53333333333333
EK202310104529,134.8
EK202310118248,146.76666666666668
EK202310137915,137.9
EK202310247207,156.83333333333334
EK202310185211,142.06666666666666
EK202310121850,132.73333333333332
EK202310128165,151.03333333333333
EK202310123063,137.63333333333333
EK202310219511,132.7
EK202310242037,154.76666666666668
EK202310180079,151.2
EK202310193224,155.2
EK202310191500,129.23333333333332
EK202310116444,133.73333333333332
EK202310130285,143.1
EK202310108568,143.16666666666666
EK202310136319,130.5
EK202310224242,131.66666666666666
EK202310227382,129.7
EK202310202780,147.66666666666666
EK202310137223,139.93333333333334
EK202310230312,133.3
EK202310234557,138.1
EK202310189352,152.73333333333332
EK202310226383,133.9
EK202310141535,144.4
EK202310184208,138.66666666666666
EK202310230152,153.63333333333333
EK202310160390,155.36666666666667
EK202310122632,130.9
EK202310165838,141.06666666666666
EK202310144483,163.3
EK202310108194,143.93333333333334
EK202310106793,134.16666666666666
EK202310120779,129.13333333333333
EK202310113163,142.0
EK202310115686,138.4
EK202310153049,144.7
EK202310177121,170.6
EK202310151267,142.83333333333334
EK202310214589,158.3
EK202310208963,155.73333333333332
EK202310154044,154.43333333333334
EK202310198051,137.3
EK202310105305,147.93333333333334
EK202310135168,143.23333333333332
EK202310200887,132.9
EK202310202015,140.4
EK202310211458,151.76666666666668
EK202310135559,158.53333333333333
EK202310135685,143.86666666666667
EK202310164450,129.36666666666667
EK202310195626,141.0
EK202310238957,130.0
EK202310131647,144.83333333333334
EK202310150387,146.1
EK202310121479,135.2
EK202310236900,134.36666666666667
EK202310159488,148.2
EK202310191125,135.33333333333334
EK202310132284,137.36666666666667
EK202310205918,139.36666666666667
EK202310192730,145.53333333333333
EK202310123751,145.6
EK202310157723,151.0
EK202310166159,144.83333333333334
EK202310217657,136.96666666666667
EK202310139130,167.06666666666666
EK202310176465,131.53333333333333
EK202310135907,139.5
EK202310142364,128.8
EK202310106377,139.7
EK202310246049,150.26666666666668
EK202310213693,138.9
EK202310164186,154.8
EK202310160898,149.5
EK202310217495,160.86666666666667
EK202310170927,124.5
EK202310164087,123.76666666666667
EK202310202710,135.56666666666666
EK202310161660,151.86666666666667
EK202310118714,141.5
EK202310208776,150.63333333333333
EK202310192073,144.66666666666666
EK202310149834,136.33333333333334
EK202310115300,145.13333333333333
EK202310137234,142.46666666666667
EK202310167336,148.86666666666667
EK202310130940,150.53333333333333
EK202310108363,141.76666666666668
EK202310240062,141.0
EK202310143711,147.46666666666667
EK202310126099,142.23333333333332
EK202310111701,147.06666666666666
EK202310109430,134.8
EK202310229241,135.0
EK202310224916,144.23333333333332
EK202310198104,139.96666666666667
EK202310146821,151.1
EK202310149423,148.83333333333334
EK202310189461,154.16666666666666
EK202310113093,134.43333333333334
EK202310203899,160.63333333333333
EK202310222972,134.7
EK202310122045,142.5
EK202310197655,163.13333333333333
EK202310207370,159.7
EK202310126718,137.9
EK202310239768,153.83333333333334
EK202310154953,147.13333333333333
EK202310104866,149.63333333333333
EK202310213299,140.16666666666666
EK202310152880,162.16666666666666
EK202310210510,136.86666666666667
EK202310003355,137.56666666666666
EK202310138578,150.4
EK202310221979,126.5
EK202310136372,145.06666666666666
EK202310240726,142.53333333333333
EK202310199316,143.2
EK202310180477,154.2
EK202310222146,130.46666666666667
EK202310195135,155.86666666666667
EK202310225124,138.26666666666668
EK202310197588,163.36666666666667
EK202310164715,156.86666666666667
EK202310224547,151.53333333333333
EK202310195634,158.5
EK202310233272,133.8
EK202310133354,138.4
EK202310155274,144.66666666666666
EK202310187381,141.26666666666668
EK202310181622,137.9
EK202310180891,133.56666666666666
EK202310208781,151.5
EK202310138532,123.3
EK202310158039,154.23333333333332
EK202310234759,138.7
EK202310172371,135.9
EK202310004492,131.4
EK202310167403,164.2
EK202310224663,135.46666666666667
EK202310125319,136.43333333333334
EK202310148708,168.56666666666666
EK202310199777,160.3
EK202310121002,145.8
EK202310223457,131.03333333333333
EK202310241156,150.13333333333333
EK202310242414,142.53333333333333
EK202310233868,148.46666666666667
EK202310218542,134.6
EK202310181849,153.3
EK202310199972,136.76666666666668
EK202310219891,142.93333333333334
EK202310198598,151.06666666666666
EK202310192601,143.63333333333333
EK202310192902,143.63333333333333
EK202310186540,136.83333333333334
EK202310135637,151.66666666666666
EK202310224182,171.6
EK202310245468,153.13333333333333
EK202310187476,139.23333333333332
EK202310004176,152.33333333333334
EK202310173306,141.86666666666667
EK202310174815,148.4
EK202310003528,135.7
EK202310106869,141.23333333333332
EK202310114334,138.4
EK202310128865,138.36666666666667
EK202310162698,143.56666666666666
EK202310246100,142.66666666666666
EK202310183029,133.9
EK202310138016,129.36666666666667
EK202310003652,132.63333333333333
EK202310206206,136.66666666666666
EK202310152370,146.93333333333334
EK202310168292,144.56666666666666
EK202310198068,137.26666666666668
EK202310138206,132.0
EK202310199965,138.83333333333334
EK202310108649,156.3
EK202310120575,123.56666666666666
EK202310124777,140.76666666666668
EK202310165021,139.56666666666666
EK202310183112,164.83333333333334
EK202310105459,131.9
EK202310134757,137.63333333333333
EK202310103956,131.06666666666666
EK202310222980,146.16666666666666
EK202310199522,161.9
EK202310224732,135.83333333333334
EK202310192783,143.93333333333334
EK202310194812,153.63333333333333
EK202310236020,129.33333333333334
EK202310108411,145.73333333333332
EK202310106942,145.06666666666666
EK202310110399,143.1
EK202310203809,132.76666666666668
EK202310126385,142.7
EK202310130826,146.6
EK202310143699,154.0
EK202310115466,138.03333333333333
EK202310201041,143.1
EK202310210566,163.7
EK202310142263,137.06666666666666
EK202310226772,134.86666666666667
EK202310174000,149.13333333333333
EK202310134341,148.13333333333333
EK202310213426,130.8
EK202310135863,145.0
EK202310135242,164.56666666666666
EK202310146997,143.06666666666666
EK202310243667,157.26666666666668
EK202310229674,138.43333333333334
EK202310130805,131.73333333333332
EK202310220574,135.3
EK202310164649,149.23333333333332
EK202310134408,138.1
EK202310003474,128.96666666666667
EK202310118263,136.46666666666667
EK202310161867,150.76666666666668
EK202310181365,147.16666666666666
EK202310154801,145.6
EK202310219520,159.06666666666666
EK202310200310,142.6
EK202310207883,152.96666666666667
EK202310146716,134.2
EK202310123679,139.86666666666667
EK202310240065,162.73333333333332
EK202310185668,144.56666666666666
EK202310182482,180.26666666666668
EK202310112781,138.33333333333334
EK202310105135,158.03333333333333
EK202310164531,134.0
EK202310150078,160.2
EK202310223094,164.26666666666668
EK202310247424,163.0
EK202310186061,133.66666666666666
EK202310173560,139.96666666666667
EK202310190249,145.13333333333333
EK202310160821,134.73333333333332
EK202310188946,142.3
EK202310149161,143.06666666666666
EK202310122403,140.93333333333334
EK202310195995,149.46666666666667
EK202310176442,132.53333333333333
EK202310146105,147.06666666666666
EK202310212801,144.1
EK202310227700,132.56666666666666
EK202310180756,139.73333333333332
EK202310140861,139.16666666666666
EK202310207186,148.63333333333333
EK202310225979,140.26666666666668
EK202310171463,148.6
EK202310123630,136.13333333333333
EK202310184360,137.46666666666667
EK202310176661,134.0
EK202310118436,152.46666666666667
EK202310106839,131.76666666666668
EK202310205589,144.53333333333333
EK202310224665,133.6
EK202310191707,142.96666666666667
EK202310108998,145.9
EK202310168084,137.36666666666667
EK202310222339,139.23333333333332
EK202310129697,139.1
EK202310170459,143.5
EK202310170867,135.6
EK202310004814,133.53333333333333
EK202310139330,137.33333333333334
EK202310243947,137.96666666666667
EK202310158812,152.3
EK202310246467,140.4
EK202310139605,149.03333333333333
EK202310204546,153.7
EK202310247739,149.53333333333333
EK202310163645,139.93333333333334
EK202310213374,139.0
EK202320006854,170.1
EK202310003821,132.4
EK202310154988,148.16666666666666
EK202310141484,155.96666666666667
EK202310166793,141.46666666666667
EK202310216066,131.9
EK202310209262,144.93333333333334
EK202310216292,146.66666666666666
EK202310134069,132.9
EK202310177735,147.43333333333334
EK202310213634,150.5
EK202310162478,135.0
EK202310232091,130.56666666666666
EK202310138848,165.46666666666667
EK202310233671,147.43333333333334
EK202310142473,148.7
EK202310159684,151.83333333333334
EK202310180111,156.4
EK202310229192,154.6
EK202310119588,152.03333333333333
EK202310238495,138.6
EK202310209893,132.73333333333332
EK202310234545,133.7
EK202310174703,133.93333333333334
EK202310171373,146.46666666666667
EK202310150301,138.63333333333333
EK202310198468,138.46666666666667
EK202310142834,145.93333333333334
EK202310123180,141.9
EK202310205955,141.36666666666667
EK202310227181,137.96666666666667
EK202310147163,142.5
EK202310196863,146.6
EK202310107077,126.0
EK202310224123,131.56666666666666
EK202310178723,127.8
EK202310188726,146.73333333333332
EK202310145842,158.33333333333334
EK202310126848,148.0
EK202310149653,171.06666666666666
EK202310210321,133.5
EK202310138754,132.23333333333332
EK202310190404,148.33333333333334
EK202310142661,142.53333333333333
EK202310163611,148.83333333333334
EK202310192118,151.83333333333334
EK202310209339,138.43333333333334
EK202310211087,137.33333333333334
EK202310200565,152.8
EK202310162171,134.63333333333333
EK202310239766,142.2
EK202310242115,151.23333333333332
EK202310206840,149.46666666666667
EK202310186840,136.26666666666668
EK202310122626,152.16666666666666
EK202310247532,152.83333333333334
EK202310248321,137.86666666666667
EK202310137335,142.66666666666666
EK202310164720,134.26666666666668
EK202310164776,141.23333333333332
EK202310172694,139.36666666666667
EK202310115208,134.03333333333333
EK202310140400,137.5
EK202310217155,142.23333333333332
EK202310220114,173.66666666666666
EK202310145630,139.03333333333333
EK202310246549,134.43333333333334
EK202310204696,140.26666666666668
EK202310225296,133.96666666666667
EK202310195107,140.93333333333334
EK202320006795,172.1
EK202310108157,142.63333333333333
EK202310121697,150.9
EK202310106708,139.73333333333332
EK202310181363,136.46666666666667
EK202310106364,137.8
EK202310180893,133.5
EK202310183016,139.5
EK202310004166,133.23333333333332
EK202310199838,155.0
EK202310148423,136.8
EK202310181024,146.7
EK202310114930,131.16666666666666
EK202310128476,145.9
EK202310169523,132.7
EK202310168371,173.1
EK202310195418,169.83333333333334
EK202310176857,131.53333333333333
EK202310111775,134.16666666666666
EK202310153448,141.23333333333332
EK202310141648,152.83333333333334
EK202320005982,150.46666666666667
EK202310003582,130.7
EK202310222503,145.16666666666666
EK202310202091,143.4
EK202310115161,161.53333333333333
EK202320007144,149.43333333333334
EK202310120067,148.9
EK202310156517,134.2
EK202310248466,138.03333333333333
EK202310183536,156.23333333333332
EK202310237952,144.13333333333333
EK202310205472,145.4
EK202310170132,140.53333333333333
EK202310132623,127.1
EK202310227130,131.83333333333334
EK202310131693,173.8
EK202310212847,149.06666666666666
EK202310192454,152.23333333333332
EK202310151379,171.3
EK202310166887,140.43333333333334
EK202310151838,143.96666666666667
EK202310218637,132.23333333333332
EK202320006368,150.16666666666666
EK202310110191,129.6
EK202310123397,144.43333333333334
EK202310183798,138.83333333333334
EK202310142570,142.66666666666666
EK202310123542,150.6
EK202310189606,169.6
EK202310239154,149.76666666666668
EK202310218250,135.13333333333333
EK202310222212,162.03333333333333
EK202310213689,135.33333333333334
EK202310108905,141.36666666666667
EK202310201539,140.26666666666668
EK202310241773,132.36666666666667
EK202310136938,147.7
EK202310223539,137.5
EK202310175290,134.93333333333334
EK202310167269,135.06666666666666
EK202310136276,154.23333333333332
EK202310241802,136.33333333333334
EK202310159213,145.06666666666666
EK202310163058,139.7
EK202310204661,146.96666666666667
EK202310165933,158.06666666666666
EK202310123794,141.86666666666667
EK202310191803,127.23333333333333
EK202310158551,167.53333333333333
EK202310146637,138.63333333333333
EK202310214984,143.3
EK202310191267,139.0
EK202320005702,153.7
EK202310112412,139.76666666666668
EK202310246169,160.6
EK202310173215,152.76666666666668
EK202310233468,136.2
EK202310197783,165.83333333333334
EK202310151122,131.56666666666666
EK202310248270,130.0
EK202310238332,130.26666666666668
EK202310194686,143.13333333333333
EK202310205802,137.2
EK202310205367,142.16666666666666
EK202310119704,145.03333333333333
EK202310149724,133.56666666666666
EK202320007846,180.93333333333334
EK202310108803,144.23333333333332
EK202310004799,147.43333333333334
EK202310198015,162.73333333333332
EK202310179913,139.46666666666667
EK202310180275,142.86666666666667
EK202310201100,147.76666666666668
EK202310203139,155.96666666666667
EK202310175999,151.7
EK202310205556,141.63333333333333
EK202310215029,156.26666666666668
EK202310246170,142.23333333333332
EK202310169135,146.43333333333334
EK202310132991,128.93333333333334
EK202310122441,141.33333333333334
EK202310004600,140.13333333333333
EK202310158154,157.93333333333334
EK202320006789,152.0
EK202310235205,143.13333333333333
EK202310241817,138.6
EK202310108496,143.66666666666666
EK202310159875,137.9
EK202310214914,149.86666666666667
EK202310145239,148.6
EK202310133595,156.53333333333333
EK202310144564,149.76666666666668
EK202310003645,142.46666666666667
EK202310152554,156.6
EK202310234203,134.5
EK202310119736,143.23333333333332
EK202310111683,140.2
EK202310171365,140.96666666666667
EK202310145469,136.26666666666668
EK202310104013,145.23333333333332
EK202310162563,167.3
EK202310234855,128.43333333333334
EK202310165574,160.03333333333333
EK202310128252,128.6
EK202310230398,140.7
EK202310197359,169.43333333333334
EK202310184700,136.96666666666667
EK202310139238,147.76666666666668
EK202310189435,152.7
EK202310229589,128.86666666666667
EK202310238308,137.86666666666667
EK202310119072,143.33333333333334
EK202310106928,136.86666666666667
EK202310248344,139.13333333333333
EK202310171179,169.1
EK202310247349,137.26666666666668
EK202310246070,131.56666666666666
EK202310003686,135.96666666666667
EK202310113178,131.8
EK202310228096,157.26666666666668
EK202310186013,131.43333333333334
EK202310106951,136.66666666666666
EK202310177362,155.56666666666666
EK202310158884,150.16666666666666
EK202310138608,147.7
EK202310143128,159.83333333333334
EK202310247561,139.1
EK202310204978,141.0
EK202310105695,140.83333333333334
EK202310108077,131.1
EK202310222072,127.53333333333333
EK202310140241,135.63333333333333
EK202310175319,155.8
EK202310122035,139.46666666666667
EK202310106538,144.96666666666667
EK202310178197,156.46666666666667
EK202310169222,140.86666666666667
EK202310216866,140.8
EK202310189689,149.9
EK202310228733,125.33333333333333
EK202310201271,131.4
EK202310119633,143.03333333333333
EK202310138720,130.96666666666667
EK202310108018,140.46666666666667
EK202310222345,138.73333333333332
EK202310210971,144.36666666666667
EK202310239519,140.4
EK202310111361,140.06666666666666
EK202310115072,128.6
EK202310152934,174.03333333333333
EK202310201912,161.63333333333333
EK202310213140,152.16666666666666
EK202310123466,154.7
EK202310212463,128.06666666666666
EK202310237675,159.06666666666666
EK202310161926,151.6
EK202310145150,139.73333333333332
EK202310185746,139.9
EK202310177566,148.53333333333333
EK202310244477,141.2
EK202310206745,153.8
EK202310174696,136.13333333333333
EK202310218448,123.5
EK202310131105,147.23333333333332
EK202310202457,134.93333333333334
EK202310107914,132.33333333333334
EK202310177630,134.9
EK202310167548,154.4
EK202310153531,126.3
EK202310119481,151.06666666666666
EK202310233113,130.43333333333334
EK202310200729,142.26666666666668
EK202310107842,147.8
EK202310145572,159.26666666666668
EK202310141270,141.66666666666666
EK202310180294,147.4
EK202310211781,134.86666666666667
EK202310130166,141.73333333333332
EK202310168426,156.06666666666666
EK202310238553,140.43333333333334
EK202310216542,155.93333333333334
EK202310188002,141.33333333333334
EK202310210328,141.86666666666667
EK202310125237,137.5
EK202310248501,133.93333333333334
EK202310178221,147.16666666666666
EK202310108029,142.06666666666666
EK202310111887,152.66666666666666
EK202310185328,141.73333333333332
EK202310104024,148.6
EK202310136271,139.53333333333333
EK202310204759,157.73333333333332
EK202310223434,140.66666666666666
EK202310195383,156.33333333333334
EK202310140709,136.86666666666667
EK202310195890,147.1
EK202310208311,148.83333333333334
EK202310154808,119.56666666666666
EK202310125908,132.7
EK202310128381,129.73333333333332
EK202310126417,134.8
EK202310155257,136.7
EK202310180115,162.1
EK202310134943,139.66666666666666
EK202310146571,136.8
EK202310151982,152.63333333333333
EK202310185006,138.8
EK202310141525,141.16666666666666
EK202310122362,155.0
EK202310131463,146.6
EK202310112675,141.03333333333333
EK202310214395,147.43333333333334
EK202310117362,136.1
EK202310195147,148.5
EK202310221205,138.26666666666668
EK202310108309,140.03333333333333
EK202310117176,134.4
EK202310197367,169.63333333333333
EK202310167645,150.4
EK202310216871,131.36666666666667
EK202310246466,136.06666666666666
EK202310174197,131.46666666666667
EK202310133708,152.8
EK202310214726,156.0
EK202310235715,141.9
EK202310144146,140.93333333333334
EK202310232336,127.63333333333334
EK202310126787,149.46666666666667
EK202310147504,148.56666666666666
EK202310205381,142.7
EK202310121997,136.4
EK202310212329,146.7
EK202310112068,157.23333333333332
EK202310136784,137.8
EK202310120002,133.73333333333332
EK202310226231,138.5
EK202310167029,150.36666666666667
EK202310232991,145.33333333333334
EK202310141646,147.96666666666667
EK202310217163,152.16666666666666
EK202310147198,144.36666666666667
EK202310228365,133.83333333333334
EK202310194716,140.33333333333334
EK202310199844,144.1
EK202310168777,139.1
EK202310192183,143.46666666666667
EK202310109241,145.06666666666666
EK202310222596,140.46666666666667
EK202310126978,136.73333333333332
EK202310152604,128.06666666666666
EK202310122324,132.63333333333333
EK202310112196,148.9
EK202310145565,156.43333333333334
EK202310207537,153.5
EK202310198691,163.23333333333332
EK202310193152,162.06666666666666
EK202310131752,144.93333333333334
EK202310201904,176.6
EK202310244465,129.83333333333334
EK202310233714,143.0
EK202310153449,136.73333333333332
EK202310217520,130.23333333333332
EK202310113415,140.3
EK202310172532,149.4
EK202310211969,132.23333333333332
EK202310199232,142.56666666666666
EK202310218608,142.4
EK202310122448,132.63333333333333
EK202310184841,145.36666666666667
EK202310130240,161.33333333333334
EK202310210575,136.73333333333332
EK202310175143,141.16666666666666
EK202310121434,140.9
EK202310172273,129.76666666666668
EK202310175483,156.53333333333333
EK202310197679,150.56666666666666
EK202310155037,127.8
EK202310171911,144.23333333333332
EK202310191161,130.66666666666666
EK202310244157,141.66666666666666
EK202310189824,142.83333333333334
EK202310149560,139.3
EK202310179284,136.9
EK202310203064,155.86666666666667
EK202310185974,142.66666666666666
EK202310225562,143.46666666666667
EK202310153740,145.83333333333334
EK202310225206,150.33333333333334
EK202310193780,131.4
EK202310198553,149.9
EK202310174477,166.26666666666668
EK202310200421,127.23333333333333
EK202310119138,143.36666666666667
EK202320005816,152.23333333333332
EK202310175740,146.06666666666666
EK202310116505,151.63333333333333
EK202310198911,141.1
EK202310127697,146.33333333333334
EK202310212650,145.3
EK202310150100,124.16666666666667
EK202310167937,158.1
EK202310221941,136.4
EK202310117495,138.33333333333334
EK202310143529,146.03333333333333
EK202310166968,148.73333333333332
EK202310129968,145.03333333333333
EK202310194131,136.33333333333334
EK202310186960,158.23333333333332
EK202310128028,140.83333333333334
EK202310105027,148.16666666666666
EK202310222774,130.96666666666667
EK202310244918,129.46666666666667
EK202310210086,157.26666666666668
EK202310179813,129.66666666666666
EK202310187059,157.3
EK202310195516,136.86666666666667
EK202310132170,132.86666666666667
EK202310183880,154.23333333333332
EK202310248278,129.73333333333332
EK202310221792,141.83333333333334
EK202310166778,150.4
EK202310148365,146.5
EK202310205442,142.46666666666667
EK202310201815,150.26666666666668
EK202310201915,151.3
EK202310183293,169.93333333333334
EK202310104337,147.53333333333333
EK202310120714,123.43333333333334
EK202310132745,148.4
EK202310241556,132.03333333333333
EK202310145559,143.5
EK202310140527,141.26666666666668
EK202310105180,141.93333333333334
EK202310115505,137.06666666666666
EK202310232969,140.16666666666666
EK202310168606,132.63333333333333
EK202310117990,137.86666666666667
EK202310143898,139.93333333333334
EK202310111999,155.16666666666666
EK202310133045,144.23333333333332
EK202310142041,130.5
EK202310216099,135.3
EK202310138895,137.73333333333332
EK202310147820,159.56666666666666
EK202310113918,130.33333333333334
EK202310226640,139.83333333333334
EK202310169991,156.73333333333332
EK202310195941,162.2
EK202310213195,138.33333333333334
EK202310161969,142.23333333333332
EK202310208345,152.63333333333333
EK202310180754,146.93333333333334
EK202310110267,139.46666666666667
EK202310194583,141.53333333333333
EK202320007655,152.1
EK202310142157,137.26666666666668
EK202310112664,137.4
EK202310136957,167.1
EK202310215766,143.96666666666667
EK202310167175,152.8
EK202310004831,135.66666666666666
EK202310159889,168.8
EK202310125472,141.36666666666667
EK202310166020,132.53333333333333
EK202310240418,138.33333333333334
EK202310156003,147.33333333333334
EK202310188199,140.23333333333332
EK202310213973,148.4
EK202310233649,132.43333333333334
EK202310124811,130.73333333333332
EK202310216543,143.9
EK202310121207,132.63333333333333
EK202310132104,139.06666666666666
EK202310138805,152.7
EK202310234030,128.43333333333334
EK202310172808,134.86666666666667
EK202310122536,139.06666666666666
EK202310189381,145.43333333333334
EK202310242706,148.83333333333334
EK202310239058,139.06666666666666
EK202310192990,140.86666666666667
EK202310202471,152.26666666666668
EK202310222312,159.03333333333333
EK202310202945,145.83333333333334
EK202310199092,141.03333333333333
EK202310128375,148.66666666666666
EK202310107473,138.5
EK202310170279,145.8
EK202310149133,140.56666666666666
EK202310199648,169.7
EK202320006719,157.56666666666666
EK202310234669,143.13333333333333
EK202310149973,152.03333333333333
EK202310154407,127.23333333333333
EK202310192562,139.46666666666667
EK202310158354,137.83333333333334
EK202310202377,122.93333333333334
EK202310225193,140.96666666666667
EK202310117896,149.4
EK202310122973,139.03333333333333
EK202310163485,144.76666666666668
EK202310146561,129.23333333333332
EK202310248571,143.43333333333334
EK202310145328,154.26666666666668
EK202310229897,143.83333333333334
EK202310225899,139.5
EK202310154673,155.03333333333333
EK202310242080,129.23333333333332
EK202310234618,137.33333333333334
EK202310229514,149.1
EK202310199205,144.73333333333332
EK202310189908,163.1
EK202310227654,136.03333333333333
EK202310108175,132.1
EK202310165456,129.4
EK202310204739,140.03333333333333
EK202310124368,130.56666666666666
EK202310221567,138.0
EK202310111364,122.96666666666667
EK202310166449,133.66666666666666
EK202310104016,147.9
EK202310109663,143.53333333333333
EK202310233976,143.46666666666667
EK202310116602,144.0
EK202310206707,167.03333333333333
EK202310125360,133.06666666666666
EK202310141090,160.06666666666666
EK202310187733,143.9
EK202310146874,135.33333333333334
EK202310199999,133.26666666666668
EK202310133984,155.16666666666666
EK202310239052,134.93333333333334
EK202310116872,135.3
EK202310170227,145.76666666666668
EK202320007825,157.23333333333332
EK202310247712,142.03333333333333
EK202310133557,149.2
EK202310122565,143.73333333333332
EK202310164010,128.56666666666666
EK202310176533,145.03333333333333
EK202310222265,134.86666666666667
EK202310164867,139.76666666666668
EK202310163156,130.3
EK202310183272,166.8
EK202310127914,135.1
EK202310245446,134.06666666666666
EK202310207443,145.5
EK202310197727,164.26666666666668
EK202310172576,160.46666666666667
EK202310004885,142.96666666666667
EK202310233895,140.56666666666666
EK202310210570,170.03333333333333
EK202310199572,153.2
EK202310168376,166.3
EK202310196031,145.8
EK202310208454,134.23333333333332
EK202310218454,144.43333333333334
EK202310194926,134.36666666666667
EK202310150716,163.73333333333332
EK202310169424,149.66666666666666
EK202310141489,154.73333333333332
EK202310198731,173.86666666666667
EK202310224708,145.7
EK202310220317,151.1
EK202310158723,172.23333333333332
EK202310226439,138.86666666666667
EK202310155952,150.03333333333333
EK202310235925,133.5
EK202310149483,150.76666666666668
EK202310182940,144.0
EK202310233127,161.43333333333334
EK202310198223,155.86666666666667
EK202310206595,130.13333333333333
EK202310162953,151.8
EK202310124622,143.83333333333334
EK202310199000,140.33333333333334
EK202310225515,139.1
EK202310200414,159.96666666666667
EK202310163151,138.2
EK202310147583,129.03333333333333
EK202310175959,136.26666666666668
EK202310156571,155.56666666666666
EK202310159464,136.0
EK202310133803,146.0
EK202310143242,155.4
EK202320007862,144.03333333333333
EK202310137674,126.6
EK202310158748,145.3
EK202310134807,143.93333333333334
EK202310232180,132.3
EK202310115545,150.2
EK202310106800,153.46666666666667
EK202310164487,134.16666666666666
EK202310189669,163.73333333333332
EK202310183633,136.96666666666667
EK202310160528,139.0
EK202310157424,149.93333333333334
EK202310175169,139.56666666666666
EK202310230775,130.66666666666666
EK202310176300,132.66666666666666
EK202310154141,133.26666666666668
EK202310121636,142.7
EK202310117991,129.73333333333332
EK202310114748,148.63333333333333
EK202310182305,153.33333333333334
EK202310183422,161.23333333333332
EK202310196576,137.1
EK202310212365,140.8
EK202310157851,144.56666666666666
EK202310143833,145.63333333333333
EK202310162493,146.7
EK202310200657,142.63333333333333
EK202310164870,144.66666666666666
EK202310139418,149.63333333333333
EK202310114290,140.7
EK202310206834,138.7
EK202310235641,148.66666666666666
EK202310179682,141.66666666666666
EK202310209582,146.23333333333332
EK202310225738,126.33333333333333
EK202310108381,135.46666666666667
EK202310125569,134.53333333333333
EK202310218417,141.26666666666668
EK202310228389,153.43333333333334
EK202310145963,149.43333333333334
EK202310109134,138.0
EK202310177470,140.26666666666668
EK202310162374,139.8
EK202310195949,128.8
EK202310122797,146.53333333333333
EK202310140758,131.06666666666666
EK202310232602,135.86666666666667
EK202310200151,134.9
EK202310166863,132.4
EK202310237243,124.9
EK202310120027,147.76666666666668
EK202310132524,148.9
EK202310204016,148.0
EK202310189020,146.83333333333334
EK202310202009,148.7
EK202310139108,168.3
EK202310181804,151.73333333333332
EK202310205040,137.33333333333334
EK202310141451,146.16666666666666
EK202310164866,149.76666666666668
EK202310245490,139.7
EK202310181489,142.7
EK202310147345,142.3
EK202310148300,136.06666666666666
EK202320006124,168.03333333333333
EK202310196622,141.03333333333333
EK202310182658,147.2
EK202310227451,156.5
EK202310209633,136.96666666666667
EK202310180045,147.33333333333334
EK202310240543,133.93333333333334
EK202310115142,155.2
EK202310247768,140.56666666666666
EK202320005662,149.6
EK202310182225,143.9
EK202310187393,138.5
EK202310111676,140.06666666666666
EK202310234672,140.0
EK202310217174,148.93333333333334
EK202310169712,159.46666666666667
EK202310141144,143.73333333333332
EK202310204110,132.53333333333333
EK202310217308,146.1
EK202310117170,142.16666666666666
EK202310129087,153.0
EK202310221591,136.1
EK202310209271,133.83333333333334
EK202310219363,135.83333333333334
EK202310004090,131.36666666666667
EK202310211544,130.66666666666666
EK202310224956,149.93333333333334
EK202310141398,138.9
EK202310148915,134.7
EK202310170219,132.93333333333334
EK202310191982,142.26666666666668
EK202310223575,137.46666666666667
EK202310104511,134.46666666666667
EK202310152387,143.93333333333334
EK202310218082,144.83333333333334
EK202310217177,151.93333333333334
EK202310248357,135.83333333333334
EK202310129896,136.8
EK202310152480,130.43333333333334
EK202310239767,147.33333333333334
EK202310160883,162.2
EK202310140193,139.4
EK202310207625,133.16666666666666
EK202310165482,147.16666666666666
EK202310158005,141.76666666666668
EK202310185420,129.4
EK202310187990,143.83333333333334
EK202310138441,164.5
EK202310147390,145.1
EK202310158825,142.86666666666667
EK202310183745,145.5
EK202310148680,148.7
EK202310129708,146.6
EK202310190440,140.9
EK202310157144,157.06666666666666
EK202310113257,136.26666666666668
EK202310141541,132.53333333333333
EK202310190438,134.9
EK202310243356,138.9
EK202310183196,156.5
EK202310196369,147.93333333333334
EK202310144897,130.56666666666666
EK202310144635,134.56666666666666
EK202310237276,129.13333333333333
EK202310196220,144.46666666666667
EK202310202228,137.66666666666666
EK202310123488,143.3
EK202310105805,140.63333333333333
EK202310142565,153.86666666666667
EK202310218967,129.86666666666667
EK202310120796,144.46666666666667
EK202310231531,133.93333333333334
EK202310199801,145.1
EK202310134790,144.83333333333334
EK202310203666,152.86666666666667
EK202310226666,144.46666666666667
EK202310232447,133.06666666666666
EK202310135897,151.76666666666668
EK202310168701,140.36666666666667
EK202310237343,151.46666666666667
EK202310154466,167.26666666666668
EK202310136457,145.2
EK202310121974,122.56666666666666
EK202310134631,141.93333333333334
EK202310213018,152.23333333333332
EK202310194001,139.63333333333333
EK202310136650,168.43333333333334
EK202310111505,148.0
EK202310209080,138.93333333333334
EK202310152444,136.4
EK202310121350,145.13333333333333
EK202310240365,144.03333333333333
EK202310159007,143.66666666666666
EK202310127159,140.06666666666666
EK202310226609,127.46666666666667
EK202310161102,173.33333333333334
EK202310103730,146.2
EK202310111243,138.66666666666666
EK202310156130,134.63333333333333
EK202310178873,134.03333333333333
EK202310176169,145.7
EK202320005724,171.23333333333332
EK202310150195,157.03333333333333
EK202320005792,160.06666666666666
EK202310117762,146.73333333333332
EK202310234499,150.56666666666666
EK202310176172,158.13333333333333
EK202320007254,142.66666666666666
EK202310128419,147.43333333333334
EK202310117754,142.66666666666666
EK202310222410,137.66666666666666
EK202310132750,134.83333333333334
EK202310195145,145.8
EK202310221266,135.2
EK202310156961,151.16666666666666
EK202310105175,151.23333333333332
EK202310167584,138.46666666666667
EK202310119050,141.3
EK202310127062,147.06666666666666
EK202310192052,138.96666666666667
EK202310118002,136.93333333333334
EK202310108997,143.26666666666668
EK202310160289,138.23333333333332
EK202310245922,141.83333333333334
EK202310116464,139.46666666666667
EK202310192195,145.7
EK202310237707,138.93333333333334
EK202310145422,145.53333333333333
EK202310245683,134.63333333333333
EK202310121291,132.76666666666668
EK202310209309,161.8
EK202310104450,161.86666666666667
EK202310123660,129.26666666666668
EK202310186410,133.5
EK202310151555,165.56666666666666
EK202310104952,153.4
EK202310115719,137.06666666666666
EK202310181542,140.46666666666667
EK202310150013,155.33333333333334
EK202310205849,144.5
EK202310196534,136.86666666666667
EK202310131464,144.5
EK202310210210,129.06666666666666
EK202310104249,142.2
EK202310207772,135.43333333333334
EK202310134829,146.4
EK202310179456,121.0
EK202310113484,127.5
EK202310182484,152.83333333333334
EK202310120445,126.6
EK202310213478,142.33333333333334
EK202310130129,167.83333333333334
EK202310197510,148.03333333333333
EK202310192959,142.8
EK202310203760,140.63333333333333
EK202310240021,160.73333333333332
EK202310160111,139.1
EK202310202544,146.2
EK202310195908,145.43333333333334
EK202310220917,142.0
EK202310146833,135.26666666666668
EK202310108791,137.0
EK202310225259,139.23333333333332
EK202310197958,159.2
EK202310157062,132.53333333333333
EK202310214170,139.23333333333332
EK202310243954,155.06666666666666
EK202310110033,131.76666666666668
EK202310144804,133.36666666666667
EK202310114117,139.13333333333333
EK202310165416,149.56666666666666
EK202310228479,139.26666666666668
EK202310188134,145.93333333333334
EK202320006372,157.66666666666666
EK202310111226,139.43333333333334
EK202310118404,137.6
EK202310160695,141.13333333333333
EK202310114408,141.63333333333333
EK202310182288,140.2
EK202310213633,141.4
EK202310229313,133.83333333333334
EK202310118665,143.43333333333334
EK202310233785,154.86666666666667
EK202310143238,141.33333333333334
EK202310128242,130.03333333333333
EK202310208336,148.4
EK202310216912,150.9
EK202310227300,139.6
EK202310196434,139.8
EK202310241940,163.86666666666667
EK202310140334,141.2
EK202310122524,137.53333333333333
EK202310211571,132.73333333333332
EK202310202080,140.1
EK202310155180,152.7
EK202310209752,147.23333333333332
EK202310003753,165.03333333333333
EK202310194332,144.83333333333334
EK202320005885,146.66666666666666
EK202310135026,154.0
EK202310225630,143.53333333333333
EK202310129248,154.16666666666666
EK202310118004,141.96666666666667
EK202310126344,142.76666666666668
EK202310125666,152.9
EK202310169951,150.26666666666668
EK202310159424,132.96666666666667
EK202310195617,141.36666666666667
EK202310240165,138.03333333333333
EK202310109583,144.96666666666667
EK202310127484,150.2
EK202310115422,139.4
EK202310189217,139.63333333333333
EK202310164467,141.23333333333332
EK202310160239,150.43333333333334
EK202310205148,158.26666666666668
EK202310177198,137.43333333333334
EK202310248326,130.86666666666667
EK202320007611,156.23333333333332
EK202310216806,145.86666666666667
EK202310236444,132.6
EK202310202895,148.9
EK202310189069,136.53333333333333
EK202310164095,166.5
EK202310177139,148.1
EK202310150069,146.9
EK202310217651,135.7
EK202310104531,127.16666666666667
EK202310175593,130.0
EK202310128801,130.46666666666667
EK202310226079,175.53333333333333
EK202310195896,145.16666666666666
EK202310248307,137.36666666666667
EK202310213215,142.6
EK202310126761,139.83333333333334
EK202310138077,137.0
EK202310219983,142.93333333333334
EK202310155585,139.3
EK202310224738,166.76666666666668
EK202310121398,136.13333333333333
EK202310144202,135.8
EK202310171260,137.66666666666666
EK202310224405,129.5
EK202310168192,145.23333333333332
EK202310147878,144.46666666666667
EK202310190896,154.76666666666668
EK202310114382,142.16666666666666
EK202310115319,149.46666666666667
EK202310212295,143.26666666666668
EK202310145014,137.86666666666667
EK202310153112,143.46666666666667
EK202310181859,140.0
EK202310201638,132.66666666666666
EK202310217948,149.2
EK202310126418,136.4
EK202310147842,142.73333333333332
EK202310213180,140.5
EK202310149555,161.6
EK202310162559,155.9
EK202310181969,142.63333333333333
EK202310239453,153.5
EK202310185897,137.56666666666666
EK202320007785,143.26666666666668
EK202310181407,153.93333333333334
EK202310223290,147.96666666666667
EK202310197319,144.43333333333334
EK202310128098,147.36666666666667
EK202310131498,135.33333333333334
EK202310104275,144.16666666666666
EK202310152898,162.4
EK202310207617,144.4
EK202310165239,133.2
EK202310161435,144.36666666666667
EK202310242971,156.63333333333333
EK202310111598,151.8
EK202310131958,128.56666666666666
EK202310186311,138.3
EK202310157046,157.1
EK202310115828,137.46666666666667
EK202320005888,144.26666666666668
EK202310116165,158.56666666666666
EK202310127616,143.26666666666668
EK202310190516,143.33333333333334
EK202310181145,146.6
EK202310112674,139.4
EK202310108818,146.7
EK202310137418,129.63333333333333
EK202310234306,145.53333333333333
EK202310147271,151.06666666666666
EK202310228137,133.8
EK202310208396,133.6
EK202310129360,164.33333333333334
EK202310104685,131.1
EK202310240248,144.7
EK202310111851,119.56666666666666
EK202310110232,129.6
EK202310149631,144.33333333333334
EK202310111987,144.6
EK202310149812,149.9
EK202310125394,127.43333333333334
EK202310201038,129.9
EK202310196950,139.13333333333333
EK202310130689,153.5
EK202310162831,140.96666666666667
EK202310191124,143.7
EK202310137249,137.93333333333334
EK202310221302,139.8
EK202310119496,137.8
EK202310123089,128.56666666666666
EK202310201023,133.96666666666667
EK202310200056,137.13333333333333
EK202310124074,137.63333333333333
EK202310187451,170.6
EK202310178204,150.7
EK202310176034,164.06666666666666
EK202310105275,154.9
EK202310217600,148.13333333333333
EK202310145365,129.9
EK202310179864,140.93333333333334
EK202310146164,138.53333333333333
EK202310148409,145.13333333333333
EK202310160145,155.6
EK202310211569,153.33333333333334
EK202310191535,143.83333333333334
EK202310212337,143.73333333333332
EK202310186617,137.46666666666667
EK202310200499,139.56666666666666
EK202310190255,139.63333333333333
EK202310161517,165.6
EK202310167751,143.76666666666668
EK202310230575,134.43333333333334
EK202310160889,135.63333333333333
EK202310236418,138.1
EK202310176273,131.56666666666666
EK202310104700,135.8
EK202310107420,144.56666666666666
EK202310169267,155.73333333333332
EK202310187330,166.06666666666666
EK202310140279,144.56666666666666
EK202310201773,139.46666666666667
EK202310168395,143.16666666666666
EK202310166412,145.2
EK202310175402,135.53333333333333
EK202310128581,157.03333333333333
EK202310232461,144.56666666666666
EK202310138340,150.73333333333332
EK202310175300,138.4
EK202310125041,137.6
EK202310177394,159.43333333333334
EK202310163068,138.33333333333334
EK202310128960,139.06666666666666
EK202310213859,139.73333333333332
EK202310153664,132.1
EK202310168885,140.1
EK202310211096,141.93333333333334
EK202310233212,137.6
EK202310204970,138.93333333333334
EK202310246566,144.96666666666667
EK202310181736,170.4
EK202310235583,160.9
EK202310235586,136.03333333333333
EK202310229567,138.5
EK202310237891,156.7
EK202310156320,135.8
EK202310200700,146.16666666666666
EK202310157317,134.06666666666666
EK202310165659,136.43333333333334
EK202310230462,173.23333333333332
EK202310107771,130.9
EK202310199945,131.8
EK202310239536,132.4
EK202310108719,141.63333333333333
EK202310193930,138.63333333333333
EK202310153705,146.23333333333332
EK202310230423,142.16666666666666
EK202310142088,130.6
EK202310240261,136.96666666666667
EK202310234834,130.0
EK202310175123,145.33333333333334
EK202310223459,142.03333333333333
EK202310113022,143.73333333333332
EK202310139384,137.23333333333332
EK202310127365,154.36666666666667
EK202310175890,146.03333333333333
EK202310210471,132.3
EK202310124749,123.36666666666666
EK202310107106,155.16666666666666
EK202310199447,136.1
EK202310214057,142.56666666666666
EK202310158006,160.33333333333334
EK202310183095,139.0
EK202310122989,150.7
EK202310004181,143.06666666666666
EK202310221000,160.43333333333334
EK202310216704,135.1
EK202310218492,138.3
EK202310175061,144.56666666666666
EK202310144712,132.13333333333333
EK202310230385,134.63333333333333
EK202310154951,143.63333333333333
EK202310158887,150.13333333333333
EK202310132252,132.5
EK202310160262,163.6
EK202310153966,136.1
EK202310190560,138.53333333333333
EK202310124555,141.96666666666667
EK202310114555,131.8
EK202310190493,150.93333333333334
EK202310161137,140.66666666666666
EK202310224942,133.13333333333333
EK202310230466,160.26666666666668
EK202310216178,144.06666666666666
EK202310205948,137.13333333333333
EK202320006948,160.06666666666666
EK202310224873,122.56666666666666
EK202310231707,130.63333333333333
EK202310198816,142.46666666666667
EK202310239894,134.2
EK202310212434,132.26666666666668
EK202310242399,148.2
EK202310126630,171.03333333333333
EK202310212116,136.63333333333333
EK202310116735,156.66666666666666
EK202310142424,137.2
EK202310126653,134.13333333333333
EK202310130536,142.06666666666666
EK202320007559,156.3
EK202310244114,133.63333333333333
EK202310194656,143.66666666666666
EK202310228023,139.36666666666667
EK202310184412,139.43333333333334
EK202310138297,151.2
EK202310233553,146.66666666666666
EK202310222650,137.86666666666667
EK202310148133,166.66666666666666
EK202310124138,148.26666666666668
EK202310210134,130.23333333333332
EK202310203676,146.86666666666667
EK202310120898,155.66666666666666
EK202310167341,156.46666666666667
EK202310180216,147.66666666666666
EK202310246916,147.83333333333334
EK202310157656,133.73333333333332
EK202310205414,133.46666666666667
EK202310152717,150.8
EK202310106791,151.06666666666666
EK202310105725,138.93333333333334
EK202310104432,145.76666666666668
EK202310194299,141.4
EK202310153184,153.9
EK202310240659,142.33333333333334
EK202310219840,135.36666666666667
EK202310153949,126.13333333333334
EK202310132803,155.2
EK202310146592,138.0
EK202310172131,130.86666666666667
EK202310121613,136.16666666666666
EK202310167818,143.7
EK202310200796,140.7
EK202310116481,140.26666666666668
EK202310114639,146.03333333333333
EK202310212375,134.3
EK202310235321,132.6
EK202310222322,134.66666666666666
EK202310110700,122.23333333333333
EK202310189946,155.06666666666666
EK202310162874,142.93333333333334
EK202310130785,141.23333333333332
EK202310242378,138.33333333333334
EK202310241513,132.8
EK202310160539,134.36666666666667
EK202310222342,137.06666666666666
EK202310138062,144.56666666666666
EK202310231769,132.4
EK202310158224,136.5
EK202310224139,149.7
EK202310216169,139.56666666666666
EK202310139185,131.46666666666667
EK202310110485,152.16666666666666
EK202310239046,136.16666666666666
EK202310138942,148.93333333333334
EK202310169633,129.56666666666666
EK202310109575,153.36666666666667
EK202310200090,158.7
EK202310163491,137.8
EK202310148729,136.43333333333334
EK202310140411,146.16666666666666
EK202310243532,143.43333333333334
EK202310125468,139.33333333333334
EK202310221117,137.3
EK202310232056,137.66666666666666
EK202310210091,158.93333333333334
EK202320006396,147.5
EK202310142016,125.86666666666666
EK202310235002,133.93333333333334
EK202310183074,142.36666666666667
EK202310182233,134.96666666666667
EK202310225556,130.5
EK202310179915,137.56666666666666
EK202310173349,143.36666666666667
EK202310212842,149.86666666666667
EK202310197784,166.56666666666666
EK202310138785,156.5
EK202310144444,131.03333333333333
EK202310181562,141.9
EK202310248524,136.76666666666668
EK202310216425,144.8
EK202310229912,131.63333333333333
EK202310139002,140.6
EK202310120982,134.86666666666667
EK202310221837,142.26666666666668
EK202310119947,145.1
EK202310149071,152.66666666666666
EK202310185898,146.26666666666668
EK202310117197,145.5
EK202310142908,141.63333333333333
EK202310185756,159.76666666666668
EK202310238913,156.9
EK202310204574,169.06666666666666
EK202310113564,144.4
EK202310118542,137.7
EK202310167688,135.5
EK202310212185,139.7
EK202310117088,140.46666666666667
EK202310229808,155.7
EK202310207582,155.13333333333333
EK202310154912,131.56666666666666
EK202310181168,136.7
EK202310149374,143.6
EK202310104396,148.13333333333333
EK202310109994,135.6
EK202310170860,136.76666666666668
EK202310115815,139.46666666666667
EK202310214779,161.26666666666668
EK202310109121,136.6
EK202310134158,135.16666666666666
EK202310167627,160.9
EK202310225236,131.73333333333332
EK202310181807,144.73333333333332
EK202310247389,129.9
EK202310235579,141.13333333333333
EK202310173291,142.7
EK202310192355,140.86666666666667
EK202310142541,138.73333333333332
EK202310150510,138.26666666666668
EK202310223761,139.33333333333334
EK202310175574,123.96666666666667
EK202310238511,142.33333333333334
EK202310157509,141.1
EK202310181989,143.56666666666666
EK202310003618,137.76666666666668
EK202310179471,147.66666666666666
EK202310230763,140.36666666666667
EK202310204971,146.96666666666667
EK202310233557,132.93333333333334
EK202310145292,150.96666666666667
EK202320005880,157.26666666666668
EK202310245241,142.36666666666667
EK202310212493,130.53333333333333
EK202310193001,145.5
EK202310199238,134.4
EK202310160941,144.8
EK202310155028,131.6
EK202310130868,146.0
EK202310200440,144.13333333333333
EK202310182060,159.23333333333332
EK202310111816,143.4
EK202310146969,142.43333333333334
EK202310158404,143.4
EK202310110705,135.73333333333332
EK202310186759,145.2
EK202310157536,147.76666666666668
EK202310140019,131.26666666666668
EK202310179351,141.93333333333334
EK202310183791,155.06666666666666
EK202310206480,175.9
EK202310133811,127.3
EK202310217540,153.63333333333333
EK202310132032,144.4
EK202310139504,170.3
EK202310161554,175.43333333333334
EK202310127921,142.0
EK202310140328,138.46666666666667
EK202310179259,143.0
EK202310110275,135.26666666666668
EK202310148522,149.46666666666667
EK202310245827,120.6
EK202310104601,150.56666666666666
EK202310158718,141.26666666666668
EK202310148204,153.43333333333334
EK202310152034,140.2
EK202310205880,133.5
EK202310150725,141.66666666666666
EK202310154400,156.56666666666666
EK202310120186,168.0
EK202310192712,136.03333333333333
EK202310165189,139.73333333333332
EK202310152937,162.46666666666667
EK202310234101,135.03333333333333
EK202310191564,152.0
EK202310174430,138.13333333333333
EK202310208622,153.1
EK202310233831,159.76666666666668
EK202310136566,141.26666666666668
EK202310146005,130.73333333333332
EK202310221494,152.06666666666666
EK202310239849,138.76666666666668
EK202310176728,154.76666666666668
EK202310106909,130.16666666666666
EK202310208429,143.26666666666668
EK202310174444,142.9
EK202310242098,138.8
EK202310175190,142.36666666666667
EK202310177312,146.5
EK202310229607,133.16666666666666
EK202310121574,146.43333333333334
EK202310187339,141.96666666666667
EK202310227049,150.66666666666666
EK202310135213,141.63333333333333
EK202310128318,141.7
EK202310108701,158.9
EK202310114284,137.93333333333334
EK202310108473,140.96666666666667
EK202310160235,135.66666666666666
EK202310120842,130.9
EK202310142363,143.36666666666667
EK202310163562,134.46666666666667
EK202310192991,144.2
EK202310203468,151.03333333333333
EK202310188577,134.06666666666666
EK202310240344,138.16666666666666
EK202310113690,149.43333333333334
EK202310213117,145.53333333333333
EK202310222749,140.56666666666666
EK202310004635,146.73333333333332
EK202310141613,140.33333333333334
EK202310108032,131.76666666666668
EK202310233880,141.8
EK202310205163,152.86666666666667
EK202310104692,146.56666666666666
EK202310237071,121.6
EK202310111732,139.16666666666666
EK202310137404,126.0
EK202310146556,141.93333333333334
EK202310111180,149.7
EK202310190526,142.13333333333333
EK202310119701,145.36666666666667
EK202310182123,136.23333333333332
EK202310187615,176.13333333333333
EK202310201487,142.56666666666666
EK202310144094,124.06666666666666
EK202310116261,146.13333333333333
EK202310142783,135.63333333333333
EK202310192602,139.43333333333334
EK202310167866,151.26666666666668
EK202310145551,149.33333333333334
EK202310117731,141.16666666666666
EK202310125526,126.43333333333334
EK202310128615,129.63333333333333
EK202310180563,140.86666666666667
EK202310139532,145.16666666666666
EK202310224142,124.53333333333333
EK202310233781,145.13333333333333
EK202310157368,142.66666666666666
EK202310203603,134.43333333333334
EK202310180362,166.13333333333333
EK202310198397,145.4
EK202310124770,135.16666666666666
EK202310223755,136.06666666666666
EK202310106275,134.33333333333334
EK202310205161,142.8
EK202310139936,138.1
EK202310205611,161.93333333333334
EK202310134137,131.7
EK202310127542,151.56666666666666
EK202310193128,140.43333333333334
EK202310237157,144.33333333333334
EK202310107674,146.4
EK202310149217,138.2
EK202310129309,152.3
EK202310156886,135.76666666666668
EK202310117116,140.53333333333333
EK202310225911,129.9
EK202310145676,157.8
EK202310166738,143.03333333333333
EK202310158541,131.0
EK202310106511,151.26666666666668
EK202310131343,133.9
EK202310245992,139.0
EK202310140003,137.63333333333333
EK202310174342,135.8
EK202310208385,138.43333333333334
EK202310216439,139.76666666666668
EK202310211004,151.26666666666668
EK202310106760,137.53333333333333
EK202310176087,125.76666666666667
EK202310106317,122.93333333333334
EK202310215460,130.23333333333332
EK202310201661,141.66666666666666
EK202310166937,162.66666666666666
EK202310200307,148.86666666666667
EK202310181766,158.56666666666666
EK202310214069,136.66666666666666
EK202310200177,144.1
EK202310123321,138.23333333333332
EK202310151256,141.9
EK202310171945,154.1
EK202310136311,140.1
EK202310150029,165.93333333333334
EK202310212078,137.26666666666668
EK202310210902,141.13333333333333
EK202310210594,141.56666666666666
EK202310127288,145.9
EK202310126517,134.93333333333334
EK202310161234,145.23333333333332
EK202310220266,140.43333333333334
EK202310142494,158.16666666666666
EK202310217357,140.43333333333334
EK202310132692,135.6
EK202310227115,153.7
EK202310141700,125.9
EK202310115959,135.33333333333334
EK202310230099,141.56666666666666
EK202310211438,150.03333333333333
EK202310219042,142.1
EK202310177531,147.4
EK202310233521,149.76666666666668
EK202310128329,154.76666666666668
EK202310201328,162.23333333333332
EK202310171078,141.5
EK202310138130,146.93333333333334
EK202310177993,132.46666666666667
EK202310228196,155.26666666666668
EK202310170822,141.2
EK202310184514,141.0
EK202310208895,133.36666666666667
EK202310204293,149.5
EK202310163755,159.3
EK202310112893,156.9
EK202310207633,142.03333333333333
EK202310120935,130.16666666666666
EK202310198348,135.73333333333332
EK202310216671,132.36666666666667
EK202310203558,144.03333333333333
EK202310221470,136.73333333333332
EK202310134114,143.43333333333334
EK202310161904,159.16666666666666
EK202310121193,138.96666666666667
EK202310112380,128.33333333333334
EK202310123715,142.2
EK202310182522,135.4
EK202310165246,142.76666666666668
EK202310165109,135.9
EK202310226207,147.0
EK202310189166,159.0
EK202310171824,139.2
EK202310212508,138.93333333333334
EK202310188289,146.6
EK202310161253,135.43333333333334
EK202310188025,143.7
EK202310170339,136.4
EK202310103831,140.23333333333332
EK202310214220,131.96666666666667
EK202310149031,155.2
EK202310147724,149.9
EK202310142296,145.56666666666666
EK202310176974,155.26666666666668
EK202310161334,173.13333333333333
EK202310213866,139.7
EK202310225737,140.3
EK202310156109,138.73333333333332
EK202310200303,143.2
EK202310185044,167.9
EK202320006653,165.36666666666667
EK202310111122,145.63333333333333
EK202310120782,155.3
EK202310198165,144.03333333333333
EK202310228584,129.36666666666667
EK202310205188,132.1
EK202310121258,146.66666666666666
EK202310199633,139.76666666666668
EK202310143847,135.3
EK202310135571,139.6
EK202310206110,144.33333333333334
EK202310138447,149.0
EK202310192664,141.26666666666668
EK202310187215,152.2
EK202310151514,148.96666666666667
EK202310144726,156.7
EK202310207249,138.26666666666668
EK202310161306,164.8
EK202310158826,139.43333333333334
EK202310173556,150.56666666666666
EK202310125091,136.4
EK202310142377,148.23333333333332
EK202310236947,140.96666666666667
EK202310208442,132.83333333333334
EK202310118298,146.5
EK202310219483,129.23333333333332
EK202310211212,146.76666666666668
EK202310104173,146.2
EK202310201478,148.16666666666666
EK202310158280,140.8
EK202310123070,148.13333333333333
EK202310138063,156.6
EK202310164203,143.93333333333334
EK202310190017,157.9
EK202310169668,141.53333333333333
EK202310113501,153.3
EK202310235684,143.6
EK202310137261,135.1
EK202310162355,153.26666666666668
EK202310217469,154.13333333333333
EK202310161201,128.53333333333333
EK202310157515,135.86666666666667
EK202310145284,151.03333333333333
EK202310227827,129.43333333333334
EK202310209456,133.46666666666667
EK202310211698,139.86666666666667
EK202310194731,138.3
EK202310248330,135.26666666666668
EK202310106105,123.2
EK202310160743,153.63333333333333
EK202310166605,133.73333333333332
EK202310212995,151.36666666666667
EK202310233144,128.23333333333332
EK202310230980,139.76666666666668
EK202310226067,143.16666666666666
EK202310120976,130.36666666666667
EK202310128266,138.73333333333332
EK202310106331,131.0
EK202310199325,127.8
EK202310204088,156.83333333333334
EK202310174720,139.66666666666666
EK202310240940,140.93333333333334
EK202310109263,152.6
EK202310106322,137.83333333333334
EK202310135599,125.96666666666667
EK202310145520,137.33333333333334
EK202320005632,142.2
EK202310199819,142.16666666666666
EK202310172008,148.76666666666668
EK202310199276,137.36666666666667
EK202310106548,149.8
EK202310217167,162.93333333333334
EK202310176173,157.2
EK202310221378,153.4
EK202310201211,163.13333333333333
EK202320007715,137.2
EK202310182662,143.43333333333334
EK202310177694,138.63333333333333
EK202310156023,140.3
EK202310111848,120.76666666666667
EK202310129647,163.63333333333333
EK202310170544,153.4
EK202310242820,130.3
EK202310194133,163.66666666666666
EK202310216029,146.1
EK202310107349,138.3
EK202310208265,137.93333333333334
EK202310229154,134.63333333333333
EK202310107089,135.26666666666668
EK202310112252,139.6
EK202310148875,154.76666666666668
EK202310119051,141.0
EK202310147588,136.73333333333332
EK202310113617,144.5
EK202310147037,141.7
EK202310238313,131.73333333333332
EK202310192918,137.53333333333333
EK202310155166,136.8
EK202310177734,153.53333333333333
EK202310125003,134.56666666666666
EK202310204102,143.03333333333333
EK202310127233,140.66666666666666
EK202310154507,161.0
EK202310208352,148.13333333333333
EK202310123745,146.26666666666668
EK202310147036,148.8
EK202310110497,137.56666666666666
EK202310246320,154.03333333333333
EK202310138361,144.83333333333334
EK202310167217,139.0
EK202310229839,140.26666666666668
EK202310204873,135.83333333333334
EK202310208025,142.7
EK202310139865,147.06666666666666
EK202310238834,132.06666666666666
EK202320007032,169.36666666666667
EK202310223956,131.6
EK202310205152,132.2
EK202310127859,147.93333333333334
EK202310122230,136.6
EK202310235039,135.33333333333334
EK202310172181,146.6
EK202310152472,137.53333333333333
EK202310163385,161.06666666666666
EK202310226473,130.6
EK202310196206,166.26666666666668
EK202310004942,140.66666666666666
EK202310141871,138.56666666666666
EK202310215986,134.06666666666666
EK202310211462,137.1
EK202310245537,131.2
EK202310204491,139.8
EK202310139744,153.66666666666666
EK202310138719,150.23333333333332
EK202310128437,146.03333333333333
EK202310138286,148.9
EK202310148950,143.36666666666667
EK202310225042,149.36666666666667
EK202310227372,147.23333333333332
EK202310184056,158.13333333333333
EK202310203882,132.73333333333332
EK202310108510,144.76666666666668
EK202310220594,143.9
EK202310119141,144.36666666666667
EK202310246490,138.96666666666667
EK202310143698,153.7
EK202310126746,143.66666666666666
EK202310233106,165.63333333333333
EK202310108410,141.76666666666668
EK202310186336,143.9
EK202310231142,126.86666666666666
EK202310126076,136.3
EK202310205622,150.56666666666666
EK202310220488,139.53333333333333
EK202310120527,136.36666666666667
EK202310220246,133.86666666666667
EK202310161188,142.4
EK202310155699,159.26666666666668
EK202310189021,136.03333333333333
EK202310236601,135.6
EK202310164905,134.36666666666667
EK202310128052,137.8
EK202310126712,146.73333333333332
EK202310239805,166.8
EK202310224857,146.9
EK202310173357,149.7
EK202310127584,138.43333333333334
EK202310229371,143.56666666666666
EK202310110882,137.13333333333333
EK202310160530,140.1
EK202310116477,127.56666666666666
EK202310118586,129.2
EK202310172703,137.73333333333332
EK202310136123,161.63333333333333
EK202310108114,146.5
EK202310208296,129.0
EK202310232508,151.26666666666668
EK202310220252,134.53333333333333
EK202310168728,157.6
EK202310165440,169.93333333333334
EK202310214684,146.9
EK202310107697,133.9
EK202310129545,130.6
EK202310163236,142.4
EK202310236802,142.1
EK202310153242,173.0
EK202310144615,160.73333333333332
EK202310129912,144.36666666666667
EK202310197325,134.23333333333332
EK202310216540,154.66666666666666
EK202310104778,141.9
EK202310114062,147.66666666666666
EK202310205213,144.0
EK202310227892,123.4
EK202310232305,141.73333333333332
EK202310185667,156.1
EK202310212219,138.33333333333334
EK202310214315,152.26666666666668
EK202310222807,141.36666666666667
EK202310192829,152.7
EK202310246736,138.83333333333334
EK202310144859,141.86666666666667
EK202310167652,147.63333333333333
EK202310120246,141.16666666666666
EK202310182888,139.93333333333334
EK202310150758,152.3
EK202310172256,145.86666666666667
EK202310143177,130.53333333333333
EK202310197462,139.73333333333332
EK202310196459,137.9
EK202310164019,130.86666666666667
EK202310139039,149.03333333333333
EK202310134361,170.66666666666666
EK202310147025,145.93333333333334
EK202310208999,146.0
EK202310142527,124.2
EK202310193745,150.26666666666668
EK202310167641,146.26666666666668
EK202310240938,138.33333333333334
EK202310112017,147.6
EK202310240024,149.23333333333332
EK202310244708,152.46666666666667
EK202310210230,131.86666666666667
EK202310004423,150.26666666666668
EK202310221224,151.13333333333333
EK202310157667,136.86666666666667
EK202310215430,146.46666666666667
EK202310182844,143.16666666666666
EK202310236293,139.2
EK202310123092,156.4
EK202310125798,136.6
EK202310167474,170.33333333333334
EK202310124113,135.7
EK202310232206,134.53333333333333
EK202310222185,173.5
EK202310149306,151.03333333333333
EK202310167817,143.16666666666666
EK202310212632,131.56666666666666
EK202310132358,125.96666666666667
EK202310145151,142.3
EK202310141011,164.0
EK202310200018,134.6
EK202310132356,143.86666666666667
EK202310149165,145.93333333333334
EK202310129607,133.9
EK202310194843,137.63333333333333
EK202310190635,142.16666666666666
EK202310207943,141.8
EK202310164644,129.2
EK202310241540,133.3
EK202310116312,132.83333333333334
EK202310162974,152.03333333333333
EK202310151341,130.03333333333333
EK202310158724,152.03333333333333
EK202310247924,139.83333333333334
EK202310119010,120.06666666666666
EK202310186778,124.56666666666666
EK202310183764,155.06666666666666
EK202310151317,147.1
EK202310110771,151.33333333333334
EK202310180616,142.76666666666668
EK202310162283,141.3
EK202310228393,127.63333333333334
EK202310003867,136.2
EK202310162011,155.5
EK202310192785,155.0
EK202310205984,145.83333333333334
EK202310191301,141.73333333333332
EK202310205696,159.4
EK202310003384,161.93333333333334
EK202310244834,143.23333333333332
EK202310204220,155.26666666666668
EK202310110856,149.56666666666666
EK202310134787,132.6
EK202320007820,147.46666666666667
EK202310179208,133.3
EK202310223932,150.83333333333334
EK202310216781,141.16666666666666
EK202310187602,126.3
EK202310179844,154.53333333333333
EK202310163357,136.53333333333333
EK202310137800,136.93333333333334
EK202310202504,155.93333333333334
EK202310152435,137.96666666666667
EK202310138850,148.7
EK202310120464,126.13333333333334
EK202310200493,137.9
EK202310243016,131.93333333333334
EK202310168573,139.46666666666667
EK202310163051,147.2
EK202310188721,163.16666666666666
EK202310187647,145.5
EK202310194460,142.66666666666666
EK202310199853,147.86666666666667
EK202310199354,129.83333333333334
EK202310156872,142.0
EK202310183296,144.46666666666667
EK202310105927,137.2
EK202310106682,135.46666666666667
EK202310127329,148.1
EK202310116459,140.2
EK202310192223,136.83333333333334
EK202310004549,142.56666666666666
EK202310108809,144.83333333333334
EK202310180902,128.13333333333333
EK202310104309,134.43333333333334
EK202320005779,171.33333333333334
EK202310145003,143.66666666666666
EK202310234434,131.3
EK202310228455,142.66666666666666
EK202310196294,165.5
EK202310214611,143.73333333333332
EK202310128897,141.33333333333334
EK202310140953,151.0
EK202310153523,134.03333333333333
EK202310107262,151.06666666666666
EK202310177695,144.83333333333334
EK202310133157,138.0
EK202310243662,140.66666666666666
EK202310155394,137.76666666666668
EK202310126776,128.86666666666667
EK202310241762,142.46666666666667
EK202310141862,134.1
EK202310151835,162.2
EK202310128935,146.56666666666666
EK202310114330,142.46666666666667
EK202310166988,129.46666666666667
EK202310201794,131.8
EK202310181313,153.8
EK202310186725,147.3
EK202310146475,145.56666666666666
EK202310109755,142.16666666666666
EK202310161538,163.0
EK202310186435,150.46666666666667
EK202310193897,149.73333333333332
EK202310160769,136.06666666666666
EK202310212581,128.4
EK202310248122,136.53333333333333
EK202310235931,140.23333333333332
EK202310181771,161.16666666666666
EK202310155768,137.36666666666667
EK202310111605,142.23333333333332
EK202310127306,153.23333333333332
EK202310150190,137.23333333333332
EK202320005858,164.26666666666668
EK202310236072,143.6
EK202310225439,133.0
EK202310237893,144.93333333333334
EK202310136361,133.8
EK202310191072,141.7
EK202310181865,147.53333333333333
EK202310231592,153.93333333333334
EK202310207325,131.83333333333334
EK202310172714,142.76666666666668
EK202310224865,141.33333333333334
EK202310168576,153.36666666666667
EK202310103778,152.83333333333334
EK202310217586,148.8
EK202310231160,134.2
EK202310234098,141.66666666666666
EK202310178165,125.13333333333334
EK202310135798,134.26666666666668
EK202310207159,152.96666666666667
EK202310161503,164.56666666666666
EK202310164971,141.6
EK202310227797,139.56666666666666
EK202310138476,136.73333333333332
EK202310105436,132.53333333333333
EK202310171599,145.26666666666668
EK202310155833,154.56666666666666
EK202320007748,141.43333333333334
EK202310216275,149.06666666666666
EK202310178246,154.83333333333334
EK202310233952,140.6
EK202310236351,133.06666666666666
EK202310208975,141.63333333333333
EK202310210410,142.56666666666666
EK202310179531,130.86666666666667
EK202310207618,135.63333333333333
EK202310173550,161.26666666666668
EK202310226730,138.3
EK202310129523,145.1
EK202310220746,134.8
EK202310248566,144.7
EK202310193943,160.16666666666666
EK202310119814,151.76666666666668
EK202310142248,149.43333333333334
EK202310186304,169.86666666666667
EK202310138557,168.06666666666666
EK202310245483,140.53333333333333
EK202310132300,127.7
EK202310208081,141.26666666666668
EK202310230460,163.2
EK202310140474,140.26666666666668
EK202310212083,136.23333333333332
EK202310136665,138.93333333333334
EK202310131251,136.96666666666667
EK202310232633,133.43333333333334
EK202310147477,151.46666666666667
EK202310205850,147.63333333333333
EK202310202041,141.9
EK202310173763,136.43333333333334
EK202310160578,161.86666666666667
EK202310191339,145.6
EK202310212270,133.96666666666667
EK202310145728,145.53333333333333
EK202310221046,136.83333333333334
EK202310188691,147.8
EK202310171896,168.7
EK202310139766,141.23333333333332
EK202310173220,144.36666666666667
EK202310162948,148.5
EK202310105701,134.16666666666666
EK202310197311,146.43333333333334
EK202310147640,152.1
EK202310183542,133.46666666666667
EK202310183535,147.13333333333333
EK202310245904,143.33333333333334
EK202310133031,139.43333333333334
EK202310188018,162.3
EK202310135860,143.7
EK202310236943,132.33333333333334
EK202310156470,168.13333333333333
EK202310195857,154.1
EK202310187539,145.3
EK202310004424,135.43333333333334
EK202310217002,137.06666666666666
EK202310179415,134.73333333333332
EK202310120456,134.93333333333334
EK202310200863,146.73333333333332
EK202310147545,142.86666666666667
EK202310230822,139.43333333333334
EK202310121215,144.86666666666667
EK202310177411,157.56666666666666
EK202310224282,136.43333333333334
EK202310140227,121.4
EK202310129737,150.46666666666667
EK202310140849,134.73333333333332
EK202310189202,159.73333333333332
EK202310104642,139.66666666666666
EK202310208010,142.2
EK202310166940,165.7
EK202310162024,145.8
EK202310199815,137.43333333333334
EK202310152439,144.0
EK202310233448,137.66666666666666
EK202310242843,143.23333333333332
EK202310201491,144.83333333333334
EK202310107632,148.33333333333334
EK202310198770,167.33333333333334
EK202310137566,143.03333333333333
EK202310142121,138.23333333333332
EK202310190572,138.43333333333334
EK202310205775,137.6
EK202310220844,156.36666666666667
EK202310139338,147.5
EK202310108582,151.16666666666666
EK202310158552,140.33333333333334
EK202310184301,156.66666666666666
EK202310243616,141.86666666666667
EK202310151811,161.23333333333332
EK202310125407,134.03333333333333
EK202310139375,144.63333333333333
EK202310239439,144.16666666666666
EK202310155841,127.6
EK202310215149,137.33333333333334
EK202310107124,143.56666666666666
EK202310134118,131.5
EK202310194279,159.53333333333333
EK202310246720,132.93333333333334
EK202310162584,147.83333333333334
EK202310195982,145.9
EK202310228933,135.23333333333332
EK202310116256,154.03333333333333
EK202310114568,142.46666666666667
EK202310131206,137.16666666666666
EK202310175053,141.83333333333334
EK202310221935,143.6
EK202310185735,150.06666666666666
EK202310223371,126.76666666666667
EK202310228532,135.06666666666666
EK202310201399,149.4
EK202310225779,142.33333333333334
EK202310223354,152.6
EK202310149880,138.26666666666668
EK202310182361,141.3
EK202310245495,131.76666666666668
EK202310004203,148.0
EK202310179618,147.26666666666668
EK202320007066,144.8
EK202310114050,148.7
EK202310191315,146.43333333333334
EK202310146983,147.7
EK202310130594,147.23333333333332
EK202310242203,155.1
EK202310241138,137.86666666666667
EK202310156504,152.9
EK202310197660,147.9
EK202310140136,143.5
EK202310143917,132.56666666666666
EK202310219192,134.66666666666666
EK202310134270,160.73333333333332
EK202310232270,139.96666666666667
EK202310173917,140.63333333333333
EK202310173711,140.53333333333333
EK202310112756,133.16666666666666
EK202310204172,138.86666666666667
EK202310159759,140.8
EK202310186227,144.76666666666668
EK202310185665,151.23333333333332
EK202310117309,135.7
EK202310197672,142.66666666666666
EK202310153079,138.0
EK202320006035,157.16666666666666
EK202310247525,125.1
EK202310161438,133.76666666666668
EK202310218023,145.6
EK202310150064,161.23333333333332
EK202310142573,152.1
EK202310124576,138.66666666666666
EK202310219887,118.7
EK202310120184,143.33333333333334
EK202310112918,139.33333333333334
EK202310109372,162.8
EK202310107015,145.03333333333333
EK202310150353,151.56666666666666
EK202310204484,132.2
EK202310146488,141.56666666666666
EK202310124804,158.1
EK202310185666,155.3
EK202310195519,132.0
EK202310160733,143.26666666666668
EK202310104544,140.33333333333334
EK202310184750,128.43333333333334
EK202310003740,134.06666666666666
EK202310226854,137.06666666666666
EK202310125742,154.76666666666668
EK202310168317,135.5
EK202310149766,152.6
EK202310190272,145.9
EK202310146274,143.1
EK202310112851,143.83333333333334
EK202310175254,145.66666666666666
EK202310163259,135.9
EK202310133880,137.1
EK202310217079,132.53333333333333
EK202310170637,144.93333333333334
EK202310194778,126.06666666666666
EK202310218095,153.86666666666667
EK202310135253,155.63333333333333
EK202310197692,148.36666666666667
EK202310208639,146.8
EK202310246924,130.93333333333334
EK202310189081,147.33333333333334
EK202310186006,155.46666666666667
EK202310234924,135.33333333333334
EK202310159161,161.3
EK202310118361,131.03333333333333
EK202310103934,130.23333333333332
EK202310218075,145.26666666666668
EK202310151847,148.96666666666667
EK202310227485,142.56666666666666
EK202310215170,137.26666666666668
EK202310182285,143.06666666666666
EK202320006523,168.43333333333334
EK202310226724,133.93333333333334
EK202310144268,158.0
EK202310156630,169.96666666666667
EK202310245294,145.86666666666667
EK202310223363,136.13333333333333
EK202310237800,149.56666666666666
EK202310173460,150.2
EK202310209655,141.4
EK202310119136,140.76666666666668
EK202310127314,164.76666666666668
EK202310193844,150.8
EK202310162315,148.9
EK202310218294,135.53333333333333
EK202310151071,140.3
EK202310217686,140.46666666666667
EK202310154435,152.43333333333334
EK202310191927,153.23333333333332
EK202310181837,138.9
EK202310148256,170.3
EK202310230363,142.63333333333333
EK202310156095,139.3
EK202310169939,139.66666666666666
EK202310141818,146.06666666666666
EK202310230706,136.66666666666666
EK202310138074,141.26666666666668
EK202310213136,161.16666666666666
EK202310245174,154.43333333333334
EK202310149067,170.33333333333334
EK202310215609,148.6
EK202310170363,139.33333333333334
EK202310238402,139.66666666666666
EK202310117314,132.56666666666666
EK202310241750,157.6
EK202310154247,131.53333333333333
EK202310148755,143.16666666666666
EK202310150162,132.6
EK202310189110,134.0
EK202310168769,154.83333333333334
EK202310211938,142.0
EK202310176335,146.83333333333334
EK202310113812,131.93333333333334
EK202310123004,126.36666666666666
EK202310205174,145.4
EK202310168759,146.03333333333333
EK202310213442,130.73333333333332
EK202310239610,158.4
EK202310195241,130.53333333333333
EK202310153703,160.66666666666666
EK202310150341,130.0
EK202310208289,134.06666666666666
EK202310111014,140.56666666666666
EK202310221055,140.33333333333334
EK202310201138,180.66666666666666
EK202310004391,136.6
EK202310155939,149.0
EK202310148376,134.73333333333332
EK202310116871,144.13333333333333
EK202310197518,131.7
EK202310119757,137.36666666666667
EK202320007473,147.73333333333332
EK202310134809,137.4
EK202310189457,169.83333333333334
EK202310185033,152.66666666666666
EK202310229340,141.8
EK202310122288,129.73333333333332
EK202310120743,135.56666666666666
EK202310242075,147.8
EK202310140597,143.66666666666666
EK202310242069,134.03333333333333
EK202310136890,138.9
EK202310209810,138.86666666666667
EK202310223071,134.36666666666667
EK202310218487,144.03333333333333
EK202310232696,158.33333333333334
EK202310209345,138.93333333333334
EK202310170813,131.56666666666666
EK202310153786,173.16666666666666
EK202310151789,149.16666666666666
EK202310151677,126.96666666666667
EK202310137204,144.4
EK202310218836,125.66666666666667
EK202310151080,132.83333333333334
EK202310164354,151.63333333333333
EK202310173775,153.63333333333333
EK202310121695,142.4
EK202310205477,142.46666666666667
EK202310157033,146.96666666666667
EK202310119370,133.46666666666667
EK202310126142,149.46666666666667
EK202310205658,142.26666666666668
EK202310186719,157.1
EK202310144182,142.96666666666667
EK202310246415,150.26666666666668
EK202310227129,153.26666666666668
EK202310156707,148.93333333333334
EK202320005770,170.73333333333332
EK202310166383,149.9
EK202310210479,136.73333333333332
EK202310179571,146.0
EK202310187791,145.2
EK202310171969,135.4
EK202310132165,154.36666666666667
EK202310124907,142.53333333333333
EK202310208889,155.43333333333334
EK202310247697,132.76666666666668
EK202310194854,136.33333333333334
EK202310225021,160.63333333333333
EK202310238477,136.23333333333332
EK202310239246,135.96666666666667
EK202310176503,136.7
EK202310176496,140.53333333333333
EK202310198306,158.3
EK202310188583,150.93333333333334
EK202310207194,148.26666666666668
EK202310219806,144.1
EK202310227819,126.06666666666666
EK202310164368,164.73333333333332
EK202310239912,139.23333333333332
EK202310198458,149.6
EK202310142902,136.0
EK202310240388,147.53333333333333
EK202310222895,136.96666666666667
EK202310160875,144.06666666666666
EK202310167060,156.83333333333334
EK202310224028,157.9
EK202310151657,139.33333333333334
EK202310155117,125.26666666666667
EK202310136926,147.1
EK202310143427,170.9
EK202310172189,131.06666666666666
EK202310125542,136.93333333333334
EK202310217168,152.23333333333332
EK202310121975,141.2
EK202310182960,133.7
EK202310128220,127.96666666666667
EK202310112524,148.13333333333333
EK202310212379,140.4
EK202310207577,152.86666666666667
EK202310153262,157.66666666666666
EK202310198456,140.2
EK202310108358,137.06666666666666
EK202310160189,158.0
EK202310210891,137.93333333333334
EK202310193109,137.5
EK202310181289,152.7
EK202310131577,143.36666666666667
EK202310211895,148.33333333333334
EK202310190829,143.53333333333333
EK202310127301,152.46666666666667
EK202310116811,142.6
EK202310107250,152.43333333333334
EK202310107498,133.4
EK202310192130,149.83333333333334
EK202310132040,144.6
EK202310175120,130.56666666666666
EK202310246012,152.86666666666667
EK202320006537,181.43333333333334
EK202310129645,146.06666666666666
EK202310188742,136.46666666666667
EK202310196813,133.76666666666668
EK202310125413,134.36666666666667
EK202310166995,134.86666666666667
EK202310146585,141.83333333333334
EK202310229973,136.96666666666667
EK202310247518,132.5
EK202310198340,140.73333333333332
EK202310113811,134.33333333333334
EK202310188773,156.33333333333334
EK202310109282,147.46666666666667
EK202310240034,154.0
EK202310215437,141.06666666666666
EK202310194389,146.16666666666666
EK202310172196,133.9
EK202310165827,144.26666666666668
EK202320005561,155.83333333333334
EK202310149595,152.23333333333332
EK202310168288,157.23333333333332
EK202310140892,135.3
EK202310184756,141.83333333333334
EK202310155970,144.8
EK202310219701,134.33333333333334
EK202310174732,131.86666666666667
EK202310195694,156.33333333333334
EK202310213272,154.43333333333334
EK202310140437,150.2
EK202310235734,133.66666666666666
EK202310130236,156.76666666666668
EK202310144191,140.5
EK202310190014,162.36666666666667
EK202310244140,143.26666666666668
EK202310179886,158.33333333333334
EK202310124185,139.13333333333333
EK202310153209,127.2
EK202310153141,160.5
EK202310203881,132.73333333333332
EK202310166214,168.5
EK202310165860,153.66666666666666
EK202310221150,136.56666666666666
EK202310212669,120.0
EK202310183646,127.53333333333333
EK202310161293,141.96666666666667
EK202310123374,137.46666666666667
EK202310167702,130.93333333333334
EK202310218991,138.36666666666667
EK202310153681,121.8
EK202310132053,167.63333333333333
EK202310181558,134.5
EK202310234347,146.13333333333333
EK202310205398,143.96666666666667
EK202310236180,130.43333333333334
EK202310215127,141.2
EK202310184646,171.06666666666666
EK202310248044,142.4
EK202310232425,138.0
EK202310151757,132.03333333333333
EK202310134956,166.23333333333332
EK202310203447,140.3
EK202310125366,142.8
EK202310180083,141.2
EK202310170602,151.3
EK202310189329,131.03333333333333
EK202310152190,136.96666666666667
EK202310118845,156.13333333333333
EK202310202683,134.33333333333334
EK202310131733,150.1
EK202310151659,134.13333333333333
EK202310111223,154.2
EK202310189015,145.5
EK202310204933,131.03333333333333
EK202310220311,142.23333333333332
EK202310153186,147.73333333333332
EK202310204998,153.63333333333333
EK202310206640,134.76666666666668
EK202310148731,146.76666666666668
EK202310177950,138.96666666666667
EK202310236764,143.13333333333333
EK202310149184,136.43333333333334
EK202310243178,152.06666666666666
EK202310149329,155.6
EK202310124506,139.1
EK202310175231,145.9
EK202310117163,135.0
EK202310235121,149.26666666666668
EK202310201963,133.03333333333333
EK202310177877,135.13333333333333
EK202310196442,145.36666666666667
EK202310165909,146.36666666666667
EK202310148120,150.53333333333333
EK202310165323,131.83333333333334
EK202310148717,135.7
EK202310110684,121.1
EK202310131621,155.86666666666667
EK202310155848,134.63333333333333
EK202310116241,137.46666666666667
EK202310139259,152.3
EK202310125773,136.76666666666668
EK202310233036,151.56666666666666
EK202310149022,151.76666666666668
EK202310189335,124.96666666666667
EK202310124884,142.46666666666667
EK202310120137,138.46666666666667
EK202310164298,151.2
EK202310210341,146.66666666666666
EK202310235088,138.0
EK202310187731,153.5
EK202310243618,148.3
EK202310246975,140.33333333333334
EK202310178699,175.06666666666666
EK202310208826,131.3
EK202310192931,145.53333333333333
EK202310144942,138.53333333333333
EK202310204406,135.33333333333334
EK202310228390,134.1
EK202310116598,146.76666666666668
EK202310168298,141.1
EK202310221487,146.86666666666667
EK202310129003,134.56666666666666
EK202310199518,144.56666666666666
EK202310230415,130.16666666666666
EK202310229198,135.33333333333334
EK202310191619,158.0
EK202310135624,145.33333333333334
EK202310188764,139.33333333333334
EK202310194928,142.93333333333334
EK202310136019,136.26666666666668
EK202310193486,134.9
EK202310114440,131.33333333333334
EK202310233214,142.3
EK202310228766,135.86666666666667
EK202310149990,160.56666666666666
EK202310122654,134.06666666666666
EK202310221978,138.03333333333333
EK202310166235,142.76666666666668
EK202310165801,136.36666666666667
EK202310164057,137.8
EK202310168718,138.06666666666666
EK202310108201,140.8
EK202310206343,155.93333333333334
EK202310114675,132.23333333333332
EK202310188537,145.06666666666666
EK202310179087,148.4
EK202310187084,148.8
EK202310187925,135.6
EK202310170956,155.93333333333334
EK202310212887,148.8
EK202310137413,150.1
EK202310217648,130.93333333333334
EK202310174679,147.16666666666666
EK202310229265,130.63333333333333
EK202310148461,151.26666666666668
EK202310222772,139.3
EK202310113407,136.5
EK202310206546,140.13333333333333
EK202310224810,140.76666666666668
EK202310228008,132.63333333333333
EK202310165670,137.3
EK202310188801,169.03333333333333
EK202310163428,142.1
EK202310155452,134.66666666666666
EK202310188057,142.96666666666667
EK202310191879,140.06666666666666
EK202310221170,144.2
EK202310231103,144.5
EK202310242198,160.66666666666666
EK202310187526,153.06666666666666
EK202310188098,144.5
EK202310203053,144.86666666666667
EK202310215291,140.13333333333333
EK202310175087,140.43333333333334
EK202310187624,163.1
EK202310190415,142.3
EK202310123309,164.9
EK202310148164,143.16666666666666
EK202310185918,137.5
EK202310122611,136.76666666666668
EK202310174402,138.73333333333332
EK202310165680,139.46666666666667
EK202310234342,141.86666666666667
EK202310196937,152.16666666666666
EK202310111601,141.03333333333333
EK202310115643,141.33333333333334
EK202310111554,138.83333333333334
EK202310128358,131.63333333333333
EK202310131862,139.8
EK202310207446,141.13333333333333
EK202310189921,154.03333333333333
EK202310129789,146.13333333333333
EK202310226523,140.03333333333333
EK202310231417,126.7
EK202320007285,181.93333333333334
EK202310217873,134.0
EK202310105042,149.63333333333333
EK202310136636,144.9
EK202310175915,143.86666666666667
EK202310003483,140.13333333333333
EK202310200419,151.66666666666666
EK202310117924,142.46666666666667
EK202310181210,154.23333333333332
EK202310202561,149.23333333333332
EK202310107499,142.2
EK202310107137,134.86666666666667
EK202310231924,141.36666666666667
EK202310144923,137.93333333333334
EK202310207718,143.93333333333334
EK202310212477,138.7
EK202310107846,140.36666666666667
EK202310185004,145.63333333333333
EK202310134355,142.96666666666667
EK202310170491,138.6
EK202310234495,148.63333333333333
EK202310126339,136.46666666666667
EK202310185015,135.0
EK202310208389,130.8
EK202310165712,166.4
EK202310168161,162.26666666666668
EK202310152314,142.23333333333332
EK202310207349,131.16666666666666
EK202310195623,137.66666666666666
EK202310187039,131.7
EK202310141159,153.13333333333333
EK202310209863,146.8
EK202310160465,147.13333333333333
EK202310171624,130.56666666666666
EK202310227086,148.76666666666668
EK202310177422,134.83333333333334
EK202310240033,146.1
EK202310147863,153.33333333333334
EK202310187436,137.6
EK202310210870,133.6
EK202310104543,156.73333333333332
EK202310136266,134.56666666666666
EK202310169848,136.7
EK202310134804,133.46666666666667
EK202310128125,157.66666666666666
EK202310105804,147.46666666666667
EK202310240636,137.2
EK202310128250,128.63333333333333
EK202310167986,143.53333333333333
EK202310223738,134.0
EK202310194978,151.33333333333334
EK202310174109,143.63333333333333
EK202310234407,127.4
EK202310174138,137.93333333333334
EK202310167183,140.76666666666668
EK202310111941,135.46666666666667
EK202310199956,137.33333333333334
EK202310116743,139.16666666666666
EK202310140835,146.03333333333333
EK202310179216,162.46666666666667
EK202310205539,151.03333333333333
EK202310196566,139.4
EK202310224930,142.0
EK202310120947,150.2
EK202310170902,136.46666666666667
EK202310235028,146.3
EK202310113734,144.53333333333333
EK202310204036,146.3
EK202310230642,132.6
EK202310131709,138.5
EK202310226061,135.0
EK202310175946,145.1
EK202310152205,142.13333333333333
EK202310188482,145.13333333333333
EK202310108311,134.03333333333333
EK202310191290,138.13333333333333
EK202310144489,135.93333333333334
EK202310172283,129.66666666666666
EK202310226719,147.46666666666667
EK202310159716,148.2
EK202310199594,155.36666666666667
EK202310173559,135.3
EK202310136955,136.36666666666667
EK202310116269,135.46666666666667
EK202310193704,160.36666666666667
EK202320007431,168.06666666666666
EK202310132812,145.23333333333332
EK202310180739,145.73333333333332
EK202310174941,157.1
EK202310178926,158.36666666666667
EK202310194112,140.83333333333334
EK202310133210,142.06666666666666
EK202310192212,139.83333333333334
EK202310120175,135.93333333333334
EK202310139063,144.03333333333333
EK202310110816,125.9
EK202310133264,150.56666666666666
EK202310104140,141.66666666666666
EK202310162125,160.4
EK202310144954,133.46666666666667
EK202310169762,129.86666666666667
EK202310161221,152.9
EK202310216951,144.83333333333334
EK202310231726,137.63333333333333
EK202310149140,178.06666666666666
EK202310129051,141.1
EK202310134433,134.63333333333333
EK202310247557,168.76666666666668
EK202310231514,134.03333333333333
EK202310224127,133.33333333333334
EK202310126711,131.46666666666667
EK202310145914,138.96666666666667
EK202310147010,156.3
EK202310141199,149.23333333333332
EK202310163547,140.8
EK202310204148,133.76666666666668
EK202310159997,145.0
EK202310147517,142.16666666666666
EK202310120397,130.8
EK202310154029,139.53333333333333
EK202310208628,148.26666666666668
EK202310240529,138.83333333333334
EK202310119023,151.56666666666666
EK202310171849,136.93333333333334
EK202310180911,141.93333333333334
EK202310111220,136.43333333333334
EK202310155400,132.66666666666666
EK202310205379,134.63333333333333
EK202310151041,130.56666666666666
EK202310122951,149.86666666666667
EK202310196536,144.53333333333333
EK202310160766,134.53333333333333
EK202310209097,143.4
EK202310140289,128.9
EK202310133699,155.06666666666666
EK202310193965,134.93333333333334
EK202310201530,154.1
EK202310131280,135.93333333333334
EK202310225831,145.06666666666666
EK202310197460,145.36666666666667
EK202310225230,129.03333333333333
EK202310158454,142.06666666666666
EK202310245266,144.0
EK202310175415,143.4
EK202310194223,148.06666666666666
EK202310199942,147.8
EK202310233835,148.63333333333333
EK202310220027,150.96666666666667
EK202310119464,154.56666666666666
EK202310179368,143.33333333333334
EK202320006345,152.86666666666667
EK202310124702,135.76666666666668
EK202310197937,131.13333333333333
EK202310159091,140.66666666666666
EK202310138888,142.43333333333334
EK202310216680,130.93333333333334
EK202310240252,140.2
EK202310175387,145.96666666666667
EK202310199869,136.9
EK202310140275,142.96666666666667
EK202310151577,131.43333333333334
EK202310130981,134.2
EK202310131764,126.96666666666667
EK202310121874,122.7
EK202310171868,138.5
EK202310140109,143.33333333333334
EK202310120574,135.06666666666666
EK202310151566,134.33333333333334
EK202310124827,159.16666666666666
EK202310120607,136.2
EK202320006257,147.86666666666667
EK202310220130,143.5
EK202310144885,138.06666666666666
EK202310186525,141.03333333333333
EK202310219807,146.63333333333333
EK202310167657,136.6
EK202310123275,135.46666666666667
EK202310215234,153.9
EK202310146524,146.1
EK202310169940,144.76666666666668
EK202310243649,134.36666666666667
EK202310183687,139.0
EK202310130415,158.36666666666667
EK202310188385,142.4
EK202310158217,148.06666666666666
EK202310004449,135.2
EK202310193236,149.1
EK202310151651,146.03333333333333
EK202310106009,146.4
EK202310185711,142.83333333333334
EK202310104495,134.13333333333333
EK202310144848,154.66666666666666
EK202310180048,135.2
EK202310137754,144.76666666666668
EK202310156546,163.36666666666667
EK202310137352,142.13333333333333
EK202310182441,132.73333333333332
EK202310208167,158.06666666666666
EK202310223871,139.23333333333332
EK202310172342,135.53333333333333
EK202310219366,161.06666666666666
EK202310196187,135.23333333333332
EK202310138150,123.66666666666667
EK202310172299,127.83333333333333
EK202310127364,161.26666666666668
EK202310139869,147.46666666666667
EK202310128954,141.1
EK202310146322,140.96666666666667
EK202310162849,158.13333333333333
EK202310181038,139.9
EK202310170175,139.76666666666668
EK202310112098,153.86666666666667
EK202310176673,135.33333333333334
EK202310139559,149.9
EK202310233592,146.7
EK202310224263,148.0
EK202310110134,142.7
EK202310226556,139.5
EK202310209883,138.33333333333334
EK202310231890,151.7
EK202310190968,159.3
EK202310136859,159.76666666666668
EK202310247260,134.93333333333334
EK202310172360,130.46666666666667
EK202310210416,139.1
EK202310227699,150.83333333333334
EK202310213569,136.2
EK202310224874,138.6
EK202310169709,157.4
EK202310228257,148.46666666666667
EK202310141038,145.66666666666666
EK202310129192,139.8
EK202310107751,138.16666666666666
EK202310140717,142.23333333333332
EK202310228229,141.93333333333334
EK202310207072,139.4
EK202310202830,136.5
EK202310148905,148.03333333333333
EK202310127758,146.1
EK202310178020,151.4
EK202310193951,144.76666666666668
EK202310155292,132.7
EK202310144487,135.03333333333333
EK202310121253,142.5
EK202310148088,141.56666666666666
EK202310187124,133.86666666666667
EK202310229693,141.43333333333334
EK202310201484,144.33333333333334
EK202310129571,144.26666666666668
EK202310125950,149.0
EK202310185603,164.0
EK202310114453,153.56666666666666
EK202310117950,162.93333333333334
EK202310119043,143.63333333333333
EK202310198703,174.03333333333333
EK202310140299,147.06666666666666
EK202310135296,170.96666666666667
EK202310107227,124.53333333333333
EK202310240359,146.03333333333333
EK202310240921,139.13333333333333
EK202310128737,147.3
EK202310124258,137.13333333333333
EK202310220986,136.53333333333333
EK202310120232,136.0
EK202310164246,141.53333333333333
EK202310179029,151.26666666666668
EK202310162108,163.96666666666667
EK202310117566,135.33333333333334
EK202310232452,132.33333333333334
EK202310199397,177.26666666666668
EK202310150619,152.56666666666666
EK202310112912,134.33333333333334
EK202310196213,164.0
EK202310128306,136.83333333333334
EK202310186545,149.93333333333334
EK202310245338,145.03333333333333
EK202310126833,131.2
EK202310183324,139.93333333333334
EK202310206548,145.26666666666668
EK202310162684,142.86666666666667
EK202310158471,157.73333333333332
EK202310237583,144.53333333333333
EK202310142976,143.43333333333334
EK202310181877,155.86666666666667
EK202310193411,131.96666666666667
EK202310140403,134.43333333333334
EK202310223571,141.1
EK202310200630,147.23333333333332
EK202310219428,133.06666666666666
EK202310149680,147.26666666666668
EK202310109895,151.0
EK202310204098,152.16666666666666
EK202310177412,153.13333333333333
EK202310219692,139.7
EK202310103878,142.23333333333332
EK202310193630,136.43333333333334
EK202310109504,143.9
EK202310109364,146.66666666666666
EK202310239283,140.4
EK202310104478,138.73333333333332
EK202310204048,142.96666666666667
EK202310159059,153.53333333333333
EK202310156030,153.06666666666666
EK202310245545,146.5
EK202320007416,181.36666666666667
EK202310221846,148.63333333333333
EK202310132308,157.9
EK202310197059,140.16666666666666
EK202310234332,149.3
EK202310194822,168.4
EK202310148932,129.93333333333334
EK202310128434,133.8
EK202310238922,138.86666666666667
EK202310114232,147.53333333333333
EK202310175005,144.76666666666668
EK202320007002,171.6
EK202310197439,136.8
EK202310236355,128.9
EK202310003833,151.73333333333332
EK202310204832,137.4
EK202310004506,136.53333333333333
EK202310121065,154.16666666666666
EK202310127094,162.53333333333333
EK202310213840,139.26666666666668
EK202310114333,126.0
EK202310145274,157.83333333333334
EK202310222042,135.23333333333332
EK202310213433,135.2
EK202310146144,137.66666666666666
EK202310204047,138.63333333333333
EK202310212828,143.66666666666666
EK202310138593,144.56666666666666
EK202310226806,134.8
EK202310208095,140.7
EK202310114814,144.1
EK202310186543,152.56666666666666
EK202310110336,136.1
EK202310167478,146.73333333333332
EK202310236430,134.26666666666668
EK202310217023,131.2
EK202310153953,131.1
EK202310230502,139.13333333333333
EK202310247381,135.7
EK202310208704,141.66666666666666
EK202310139824,133.0
EK202310197168,139.8
EK202310128080,143.7
EK202310123269,147.8
EK202310121955,135.8
EK202310161214,146.13333333333333
EK202310133556,139.83333333333334
EK202310197481,134.36666666666667
EK202310246538,140.73333333333332
EK202310194330,158.36666666666667
EK202310178652,131.6
EK202310209776,146.03333333333333
EK202310242382,145.03333333333333
EK202310234518,148.0
EK202310217553,139.36666666666667
EK202310003369,134.36666666666667
EK202310207859,136.7
EK202310215266,137.06666666666666
EK202310191942,155.9
EK202310113737,138.86666666666667
EK202310128655,145.56666666666666
EK202310248203,130.96666666666667
EK202310170678,151.0
EK202310225376,149.06666666666666
EK202310198236,137.6
EK202310138567,153.13333333333333
EK202310148635,153.0
EK202310121362,144.1
EK202310216537,155.16666666666666
EK202310244010,127.2
EK202310199391,171.73333333333332
EK202310150957,134.06666666666666
EK202310160956,144.96666666666667
EK202310234204,139.2
EK202310230587,157.16666666666666
EK202310212166,148.03333333333333
EK202310164638,146.86666666666667
EK202310157872,148.3
EK202310206238,164.13333333333333
EK202310137733,129.46666666666667
EK202310123238,132.56666666666666
EK202310201665,131.56666666666666
EK202310150077,137.86666666666667
EK202310140491,130.86666666666667
EK202310183010,151.76666666666668
EK202310168338,139.5
EK202310146731,137.63333333333333
EK202310201575,142.46666666666667
EK202310151646,133.4
EK202310110613,149.13333333333333
EK202310107412,152.66666666666666
EK202310110590,121.26666666666667
EK202310127237,156.76666666666668
EK202310217513,144.73333333333332
EK202310148694,162.13333333333333
EK202310223185,137.7
EK202310172511,147.86666666666667
EK202310219014,146.66666666666666
EK202310134780,148.93333333333334
EK202310117915,138.66666666666666
EK202310153389,142.4
EK202310207296,139.66666666666666
EK202310132494,134.63333333333333
EK202310187803,133.0
EK202310233954,141.66666666666666
EK202310119049,134.26666666666668
EK202310243256,144.76666666666668
EK202310244548,134.5
EK202310240124,152.4
EK202310148734,149.66666666666666
EK202310131233,138.66666666666666
EK202310220058,136.76666666666668
EK202310217202,132.5
EK202310179774,130.56666666666666
EK202310227794,129.03333333333333
EK202310132105,138.0
EK202310177761,147.73333333333332
EK202310227840,142.7
EK202310169016,144.86666666666667
EK202320006837,160.76666666666668
EK202310108574,159.23333333333332
EK202310190548,129.26666666666668
EK202310109486,131.33333333333334
EK202310200259,169.86666666666667
EK202310162701,165.23333333333332
EK202310160336,140.83333333333334
EK202310212709,140.03333333333333
EK202310226725,141.96666666666667
EK202310158681,148.66666666666666
EK202310107964,145.23333333333332
EK202310235518,136.13333333333333
EK202310123552,145.06666666666666
EK202310201865,146.5
EK202310145317,158.36666666666667
EK202310183030,160.3
EK202310200118,160.3
EK202310114422,146.06666666666666
EK202310157848,138.03333333333333
EK202310239370,147.03333333333333
EK202310131836,161.16666666666666
EK202310143421,135.66666666666666
EK202310205485,137.56666666666666
EK202310168662,153.83333333333334
EK202310154586,173.8
EK202310186744,146.76666666666668
EK202310233340,136.36666666666667
EK202310239910,130.6
EK202310245136,145.7
EK202310149851,178.03333333333333
EK202310149779,156.7
EK202310228990,142.4
EK202310242178,149.66666666666666
EK202310133873,172.2
EK202310164264,143.0
EK202310231632,135.6
EK202310144424,137.13333333333333
EK202310112760,128.3
EK202310212956,134.8
EK202310145964,137.0
EK202310126563,129.53333333333333
EK202310109694,154.43333333333334
EK202310128490,131.13333333333333
EK202310180704,168.36666666666667
EK202310126998,135.23333333333332
EK202310112115,137.26666666666668
EK202310209159,139.5
EK202310191498,144.56666666666666
EK202310216436,138.1
EK202310163197,151.66666666666666
EK202310151701,143.1
EK202310110130,131.66666666666666
EK202310226705,163.56666666666666
EK202310139340,154.46666666666667
EK202310110862,137.43333333333334
EK202310127381,148.1
EK202310202546,168.06666666666666
EK202310225643,140.96666666666667
EK202310213096,141.6
EK202310235079,141.46666666666667
EK202310109108,159.7
EK202310225137,150.33333333333334
EK202310187484,132.0
EK202310244698,165.13333333333333
EK202310182643,146.93333333333334
EK202310172470,172.43333333333334
EK202310202542,132.9
EK202310240368,142.96666666666667
EK202310103843,138.76666666666668
EK202310219530,139.0
EK202310176306,165.6
EK202310239841,150.53333333333333
EK202310216087,138.96666666666667
EK202310153817,141.43333333333334
EK202310170433,144.4
EK202310219831,142.46666666666667
EK202310232545,140.0
EK202310128070,149.06666666666666
EK202310160215,139.53333333333333
EK202310233605,137.86666666666667
EK202310004309,147.66666666666666
EK202310162940,157.63333333333333
EK202310229901,139.26666666666668
EK202310155025,147.63333333333333
EK202310127004,144.16666666666666
EK202310247408,143.13333333333333
EK202310202128,146.1
EK202310178091,130.23333333333332
EK202310123328,134.83333333333334
EK202310228444,145.73333333333332
EK202310156135,143.93333333333334
EK202310164582,149.06666666666666
EK202310120354,142.46666666666667
EK202310225755,156.93333333333334
EK202310242750,138.2
EK202310142998,148.33333333333334
EK202310224125,142.13333333333333
EK202310169891,135.36666666666667
EK202310115679,134.7
EK202310198800,160.0
EK202310105498,141.3
EK202310178156,147.76666666666668
EK202310186930,153.2
EK202310133899,139.6
EK202310156394,133.56666666666666
EK202310122250,139.76666666666668
EK202310148614,142.23333333333332
EK202310195974,139.53333333333333
EK202310140125,132.8
EK202310210027,147.26666666666668
EK202310123730,132.23333333333332
EK202310116187,133.26666666666668
EK202310159940,141.33333333333334
EK202310120469,135.4
EK202310153614,145.16666666666666
EK202310233640,130.83333333333334
EK202310185515,154.63333333333333
EK202310205120,149.7
EK202310178305,153.76666666666668
EK202310184917,175.56666666666666
EK202310194354,159.7
EK202310171208,135.63333333333333
EK202310154255,147.5
EK202310245884,151.0
EK202310179361,141.9
EK202310181720,157.23333333333332
EK202310198136,143.6
EK202310123723,149.9
EK202310162489,141.3
EK202310242175,150.1
EK202310224905,149.6
EK202310248091,139.73333333333332
EK202310123593,141.93333333333334
EK202310183684,139.13333333333333
EK202310235351,156.63333333333333
EK202310169872,136.93333333333334
EK202320006484,172.2
EK202310199450,164.03333333333333
EK202310109127,139.2
EK202320007711,171.8
EK202310156432,135.53333333333333
EK202310233998,139.2
EK202310128218,139.23333333333332
EK202310121076,134.43333333333334
EK202310161013,134.7
EK202310116233,126.26666666666667
EK202310172825,135.96666666666667
EK202310126048,165.23333333333332
EK202310238467,146.76666666666668
EK202310172112,141.0
EK202310105094,153.93333333333334
EK202310228653,133.53333333333333
EK202310166974,146.26666666666668
EK202310236937,136.1
EK202310155066,141.83333333333334
EK202310110822,139.76666666666668
EK202310117204,151.13333333333333
EK202310124699,144.66666666666666
EK202310201420,139.9
EK202310193066,147.7
EK202310103851,132.7
EK202310107858,137.8
EK202310136568,154.73333333333332
EK202310108975,149.63333333333333
EK202310123028,138.6
EK202310124327,138.6
EK202310127718,141.26666666666668
EK202310155357,151.1
EK202310230360,136.3
EK202310107277,139.66666666666666
EK202310140418,162.53333333333333
EK202310205320,141.66666666666666
EK202310111068,147.43333333333334
EK202310199336,154.5
EK202310124051,140.5
EK202310137534,140.63333333333333
EK202310134728,129.53333333333333
EK202310186537,144.46666666666667
EK202310212779,160.2
EK202310184455,156.36666666666667
EK202310243388,142.66666666666666
EK202310137422,141.36666666666667
EK202310241788,157.16666666666666
EK202310107922,150.33333333333334
EK202310193955,141.73333333333332
EK202310194721,139.8
EK202310146903,140.66666666666666
EK202310134637,138.03333333333333
EK202310115633,132.96666666666667
EK202310226326,141.2
EK202310191621,156.53333333333333
EK202310218537,155.36666666666667
EK202310140032,142.9
EK202310187906,157.96666666666667
EK202310160631,142.4
EK202310235165,132.63333333333333
EK202310226953,152.2
EK202310231462,132.5
EK202310131496,153.33333333333334
EK202310215576,162.66666666666666
EK202310122149,135.96666666666667
EK202310167024,144.26666666666668
EK202310201015,164.13333333333333
EK202310139845,161.53333333333333
EK202310206739,154.6
EK202310107474,128.66666666666666
EK202310212444,138.46666666666667
EK202310160242,146.46666666666667
EK202310151058,147.76666666666668
EK202310107745,142.26666666666668
EK202310180777,134.2
EK202310118200,140.63333333333333
EK202310110288,147.26666666666668
EK202310133962,157.3
EK202310209998,143.46666666666667
EK202310113961,147.66666666666666
EK202310125421,135.0
EK202310204604,138.23333333333332
EK202310120459,137.1
EK202310179318,155.8
EK202310188043,135.63333333333333
EK202310139621,151.86666666666667
EK202310223960,142.6
EK202310116277,158.93333333333334
EK202310173520,138.26666666666668
EK202310140244,133.66666666666666
EK202310172775,136.76666666666668
EK202310209021,150.66666666666666
EK202310137060,136.73333333333332
EK202310169472,155.86666666666667
EK202310220708,153.76666666666668
EK202310155346,134.36666666666667
EK202310203724,142.23333333333332
EK202310174172,133.3
EK202310127338,126.7
EK202310231177,133.66666666666666
EK202310110283,137.03333333333333
EK202310194192,170.93333333333334
EK202310179609,135.1
EK202310233542,171.13333333333333
EK202310223188,144.26666666666668
EK202310160161,135.23333333333332
EK202310142059,145.3
EK202310148973,141.13333333333333
EK202310185968,147.63333333333333
EK202310143375,159.73333333333332
EK202310223394,135.0
EK202310142935,139.4
EK202310128889,140.26666666666668
EK202310243694,130.3
EK202310168873,144.5
EK202310110255,138.0
EK202310217355,148.06666666666666
EK202310170477,142.63333333333333
EK202310126294,129.16666666666666
EK202310193447,160.0
EK202310208452,140.93333333333334
EK202310121117,132.53333333333333
EK202310188124,142.53333333333333
EK202310200744,154.96666666666667
EK202310246111,132.03333333333333
EK202310161343,170.46666666666667
EK202310174717,170.0
EK202310162592,136.96666666666667
EK202310199334,151.43333333333334
EK202310004427,140.83333333333334
EK202310128231,133.7
EK202310159198,144.3
EK202310190595,142.13333333333333
EK202310234887,149.5
EK202310230530,133.8
EK202310212245,127.93333333333334
EK202310247440,132.56666666666666
EK202310190679,149.6
EK202310215878,141.83333333333334
EK202310118270,141.96666666666667
EK202310109213,151.7
EK202320007685,183.3
EK202310125681,143.13333333333333
EK202310187523,148.13333333333333
EK202310185418,157.06666666666666
EK202310147002,146.23333333333332
EK202310171520,142.7
EK202310222521,130.56666666666666
EK202310200454,158.73333333333332
EK202310121658,130.03333333333333
EK202310147902,149.56666666666666
EK202310204527,136.46666666666667
EK202310202723,141.03333333333333
EK202310149975,146.56666666666666
EK202310157163,161.26666666666668
EK202310125893,137.76666666666668
EK202310121387,132.43333333333334
EK202310151762,157.83333333333334
EK202310193998,140.76666666666668
EK202310106551,136.46666666666667
EK202310245044,125.23333333333333
EK202310207864,141.53333333333333
EK202310150519,133.1
EK202310180535,139.9
EK202310140574,167.56666666666666
EK202310152351,130.13333333333333
EK202310119381,159.33333333333334
EK202310144308,136.53333333333333
EK202310204920,138.26666666666668
EK202310169039,166.83333333333334
EK202310126992,135.83333333333334
EK202310165821,132.26666666666668
EK202310218625,133.96666666666667
EK202310224581,135.63333333333333
EK202310104040,136.36666666666667
EK202310151985,148.5
EK202310151422,152.43333333333334
EK202310181497,124.76666666666667
EK202310143064,162.8
EK202310115232,150.96666666666667
EK202310160598,138.33333333333334
EK202310153804,143.2
EK202310246991,132.03333333333333
EK202310205912,137.6
EK202310147949,138.4
EK202310147713,152.9
EK202310172130,136.36666666666667
EK202310193689,133.26666666666668
EK202320007377,150.76666666666668
EK202310234778,134.93333333333334
EK202310126968,142.46666666666667
EK202310168723,130.03333333333333
EK202310205210,131.8
EK202310236972,138.83333333333334
EK202310110805,128.6
EK202310110541,147.86666666666667
EK202320006784,144.46666666666667
EK202310169268,148.03333333333333
EK202310192717,146.63333333333333
EK202310134072,124.33333333333333
EK202310109817,138.86666666666667
EK202310111416,139.4
EK202310163760,137.56666666666666
EK202310206928,163.13333333333333
EK202310222806,153.13333333333333
EK202310245025,147.5
EK202310154335,128.6
EK202310122966,149.03333333333333
EK202310147154,156.23333333333332
EK202310161786,146.33333333333334
EK202310122057,138.96666666666667
EK202310206279,150.86666666666667
EK202310241236,144.56666666666666
EK202310107469,138.33333333333334
EK202310236549,139.63333333333333
EK202310144138,151.23333333333332
EK202310212131,139.8
EK202310112701,139.33333333333334
EK202310163659,139.5
EK202310172713,139.23333333333332
EK202310175303,130.1
EK202310129678,134.26666666666668
EK202310204116,147.06666666666666
EK202310226565,135.93333333333334
EK202310177622,141.1
EK202310173275,139.8
EK202310108694,130.36666666666667
EK202310124863,138.06666666666666
EK202310209698,132.66666666666666
EK202310155502,138.93333333333334
EK202310160025,151.93333333333334
EK202310219991,150.83333333333334
EK202310229114,139.36666666666667
EK202310179717,136.5
EK202310112666,154.76666666666668
EK202310122607,134.5
EK202310203774,128.13333333333333
EK202310167012,134.6
EK202310177207,145.53333333333333
EK202310108755,141.1
EK202310235791,130.2
EK202310193173,165.03333333333333
EK202310226669,152.86666666666667
EK202310241591,133.36666666666667
EK202310139673,145.2
EK202310245678,139.63333333333333
EK202320005871,150.26666666666668
EK202310146553,146.73333333333332
EK202310110812,139.53333333333333
EK202310163248,163.53333333333333
EK202310198120,142.63333333333333
EK202310130383,173.76666666666668
EK202310165453,156.06666666666666
EK202310129296,133.13333333333333
EK202310114158,142.9
EK202310206093,159.5
EK202310178733,144.5
EK202310148785,139.96666666666667
EK202310182839,156.73333333333332
EK202310243137,133.93333333333334
EK202310180781,137.83333333333334
EK202310221757,165.6
EK202310247595,137.83333333333334
EK202310119239,149.76666666666668
EK202310174112,142.0
EK202310195036,154.56666666666666
EK202310139240,144.3
EK202310161228,140.83333333333334
EK202310124628,160.7
EK202310216201,128.83333333333334
EK202310171177,162.03333333333333
EK202310217298,151.3
EK202310105105,148.86666666666667
EK202310121917,120.23333333333333
EK202310175901,127.1
EK202310248632,134.83333333333334
EK202310168647,143.13333333333333
EK202310189433,142.0
EK202310219364,138.63333333333333
EK202310208149,136.46666666666667
EK202310115824,142.03333333333333
EK202310147437,153.66666666666666
EK202310131516,142.1
EK202310216229,147.06666666666666
EK202310143057,142.03333333333333
EK202310227618,137.4
EK202310105862,138.9
EK202310191429,155.6
EK202310114100,145.2
EK202310240658,135.46666666666667
EK202310221826,134.9
EK202310228005,139.83333333333334
EK202310114273,131.23333333333332
EK202310129611,149.46666666666667
EK202310106828,132.4
EK202310216849,141.16666666666666
EK202310217419,150.1
EK202310123260,139.26666666666668
EK202310189255,137.53333333333333
EK202310141612,134.0
EK202310115638,132.4
EK202310144626,145.33333333333334
EK202310128398,140.7
EK202310150599,147.73333333333332
EK202310209851,138.63333333333333
EK202310142306,133.86666666666667
EK202310151733,160.8
EK202310115665,138.7
EK202310144016,133.03333333333333
EK202310194248,146.86666666666667
EK202310221662,143.6
EK202310239754,155.26666666666668
EK202310183618,148.23333333333332
EK202310247966,133.3
EK202310144467,149.8
EK202310199980,141.0
EK202310147993,154.1
EK202310219732,153.16666666666666
EK202310201255,149.46666666666667
EK202310166834,163.43333333333334
EK202310188039,173.8
EK202310125812,131.26666666666668
EK202310149327,155.86666666666667
EK202310186774,164.5
EK202310131937,145.93333333333334
EK202310136858,144.1
EK202310194737,151.6
EK202310227116,133.06666666666666
EK202310188953,163.9
EK202310152825,172.93333333333334
EK202310233830,134.53333333333333
EK202310175569,133.6
EK202310127649,139.13333333333333
EK202310189873,150.63333333333333
EK202310164363,136.36666666666667
EK202310122930,132.36666666666667
EK202310159410,146.6
EK202310150191,129.43333333333334
EK202310174699,137.03333333333333
EK202310184344,150.5
EK202310142972,139.03333333333333
EK202310136313,139.13333333333333
EK202310159605,158.66666666666666
EK202310211606,138.26666666666668
EK202310194487,146.2
EK202310109553,139.36666666666667
EK202310121906,126.73333333333333
EK202310132283,138.66666666666666
EK202310156330,138.26666666666668
EK202310109685,143.2
EK202310166453,151.43333333333334
EK202310235141,130.76666666666668
EK202310242155,155.86666666666667
EK202310171093,145.23333333333332
EK202310157094,175.5
EK202310157497,144.03333333333333
EK202310112679,145.76666666666668
EK202310201020,143.26666666666668
EK202310137760,137.16666666666666
EK202310152523,151.63333333333333
EK202310227728,136.63333333333333
EK202310194083,148.63333333333333
EK202310194984,162.66666666666666
EK202310145213,141.46666666666667
EK202310216337,131.96666666666667
EK202310189326,172.66666666666666
EK202310145361,149.66666666666666
EK202310209596,139.1
EK202310147914,134.3
EK202310210977,135.56666666666666
EK202310169601,129.2
EK202310218627,131.7
EK202310222818,143.03333333333333
EK202310175529,144.6
EK202310201612,146.86666666666667
EK202310174062,151.8
EK202310223170,136.9
EK202310225186,132.33333333333334
EK202310243838,153.96666666666667
EK202310241520,136.56666666666666
EK202310166518,137.86666666666667
EK202310113920,145.73333333333332
EK202310164784,132.53333333333333
EK202310159164,137.13333333333333
EK202310149463,156.16666666666666
EK202310227499,135.7
EK202310217794,139.23333333333332
EK202310225560,146.4
EK202310147201,152.06666666666666
EK202310128156,155.63333333333333
EK202310115240,137.4
EK202310238532,137.5
EK202310183846,145.63333333333333
EK202310144731,138.73333333333332
EK202310162390,138.73333333333332
EK202310197431,133.5
EK202310105951,128.7
EK202310204990,147.13333333333333
EK202310210191,140.16666666666666
EK202310126933,127.46666666666667
EK202310202480,140.46666666666667
EK202310111923,136.8
EK202310119216,137.56666666666666
EK202310157432,140.46666666666667
EK202310177567,144.16666666666666
EK202310131552,137.1
EK202310179248,129.86666666666667
EK202310151456,155.4
EK202310168955,139.83333333333334
EK202320007813,148.96666666666667
EK202310117010,135.36666666666667
EK202310151990,140.16666666666666
EK202310125852,143.63333333333333
EK202310136345,136.1
EK202310107482,136.13333333333333
EK202310136674,137.03333333333333
EK202310162359,166.56666666666666
EK202310130813,136.36666666666667
EK202310242095,136.03333333333333
EK202310112314,130.73333333333332
EK202310234433,132.33333333333334
EK202310202458,132.83333333333334
EK202310129103,158.56666666666666
EK202310177132,156.76666666666668
EK202310242050,147.83333333333334
EK202310232456,135.83333333333334
EK202310200214,165.43333333333334
EK202310163472,148.1
EK202310185311,156.46666666666667
EK202310228179,147.63333333333333
EK202310130371,143.26666666666668
EK202310179660,143.1
EK202310190711,151.4
EK202310246542,145.16666666666666
EK202310231496,131.16666666666666
EK202310222179,127.16666666666667
EK202310132158,162.53333333333333
EK202310167423,149.8
EK202310201349,173.73333333333332
EK202310142224,133.8
EK202310179938,151.53333333333333
EK202310223135,139.13333333333333
EK202310205817,151.7
EK202310246593,149.7
EK202310176304,147.43333333333334
EK202310130059,138.66666666666666
EK202310111192,144.56666666666666
EK202310165881,142.06666666666666
EK202310127812,150.73333333333332
EK202310190156,139.36666666666667
EK202310216483,141.06666666666666
EK202310144414,136.33333333333334
EK202310132901,121.26666666666667
EK202310154231,139.5
EK202310145897,147.76666666666668
EK202310209392,150.06666666666666
EK202310178084,128.6
EK202310125343,136.9
EK202310146816,155.6
EK202310155084,136.5
EK202310168900,150.63333333333333
EK202310185047,144.16666666666666
EK202310237486,135.86666666666667
EK202310203671,161.8
EK202310135522,159.33333333333334
EK202310159093,173.8
EK202310189257,139.03333333333333
EK202310177736,152.63333333333333
EK202310105312,142.9
EK202310242607,151.7
EK202310206314,163.06666666666666
EK202310125578,139.5
EK202310217187,161.03333333333333
EK202310239344,122.96666666666667
EK202310148598,129.06666666666666
EK202310211006,148.16666666666666
EK202310141573,155.0
EK202310208369,137.46666666666667
EK202310143928,149.23333333333332
EK202310149152,146.73333333333332
EK202310150945,138.13333333333333
EK202310158400,140.5
EK202310117629,138.63333333333333
EK202310104031,138.5
EK202310110083,141.83333333333334
EK202310178368,150.5
EK202310119686,141.6
EK202310143618,166.96666666666667
EK202310120487,137.3
EK202310219395,143.26666666666668
EK202310112376,143.23333333333332
EK202310201306,146.23333333333332
EK202310228811,165.46666666666667
EK202310171144,136.46666666666667
EK202310196110,146.2
EK202310115076,139.96666666666667
EK202310106850,123.2
EK202310224133,133.53333333333333
EK202310138595,142.4
EK202310197537,140.7
EK202310190665,151.3
EK202310148759,148.6
EK202310243283,140.2
EK202310159395,148.7
EK202310114620,144.63333333333333
EK202310111786,143.63333333333333
EK202310179340,139.33333333333334
EK202310246360,145.66666666666666
EK202310165546,132.73333333333332
EK202310231626,138.86666666666667
EK202310154298,142.16666666666666
EK202310234468,130.93333333333334
EK202310216859,162.7
EK202310159904,161.36666666666667
EK202310122874,152.2
EK202310226448,137.13333333333333
EK202310109658,135.06666666666666
EK202310248327,142.83333333333334
EK202310240275,135.0
EK202310160292,129.9
EK202310130749,143.96666666666667
EK202310208708,135.16666666666666
EK202310184600,145.26666666666668
EK202310136202,134.5
EK202310118993,147.26666666666668
EK202310135570,158.2
EK202310144234,142.43333333333334
EK202310232831,134.6
EK202310190714,144.0
EK202310237590,152.23333333333332
EK202310105068,152.06666666666666
EK202310233087,132.36666666666667
EK202310174797,149.6
EK202310241325,149.13333333333333
EK202310003548,141.76666666666668
EK202310226491,138.1
EK202310111356,130.63333333333333
EK202310246019,141.0
EK202310104422,138.0
EK202310140919,139.53333333333333
EK202310247367,138.56666666666666
EK202310108141,139.53333333333333
EK202310202875,159.26666666666668
EK202310132953,142.36666666666667
EK202310163551,149.2
EK202310155719,137.13333333333333
EK202310128169,145.46666666666667
EK202310227798,131.86666666666667
EK202310112895,162.4
EK202310110637,133.03333333333333
EK202310111099,141.63333333333333
EK202310160891,145.73333333333332
EK202310174833,143.63333333333333
EK202310133014,133.2
EK202310229258,141.53333333333333
EK202310191591,139.46666666666667
EK202310190178,140.33333333333334
EK202310227882,137.43333333333334
EK202310248423,150.7
EK202310199669,166.2
EK202310178419,155.13333333333333
EK202310229489,133.53333333333333
EK202310109158,170.7
EK202310167700,137.4
EK202310183769,151.6
EK202320007189,175.36666666666667
EK202310119946,141.83333333333334
EK202310171685,170.03333333333333
EK202310237171,143.26666666666668
EK202310114451,140.63333333333333
EK202310200193,131.23333333333332
EK202310211187,132.1
EK202310163649,149.4
EK202310128906,156.6
EK202310155349,149.8
EK202310226103,138.23333333333332
EK202310130867,140.66666666666666
EK202310144735,144.63333333333333
EK202310131002,142.53333333333333
EK202310147837,159.73333333333332
EK202310182788,138.16666666666666
EK202310130743,136.93333333333334
EK202310195554,164.7
EK202310111296,144.13333333333333
EK202310109329,134.13333333333333
EK202310003505,135.1
EK202310182130,145.83333333333334
EK202310158028,157.06666666666666
EK202310156165,151.2
EK202310210442,135.6
EK202310182184,158.16666666666666
EK202310198996,127.96666666666667
EK202310141171,151.73333333333332
EK202310223224,144.86666666666667
EK202310186527,141.36666666666667
EK202310155114,155.66666666666666
EK202310176069,165.3
EK202310129120,149.36666666666667
EK202310189707,139.5
EK202310116275,139.23333333333332
EK202310208833,143.5
EK202310197309,148.9
EK202310213895,144.8
EK202310208737,145.3
EK202310200447,136.0
EK202310152283,150.23333333333332
EK202310220449,149.13333333333333
EK202310110949,132.1
EK202310209106,158.4
EK202310223835,140.1
EK202310230881,130.73333333333332
EK202310122186,150.06666666666666
EK202310170304,142.26666666666668
EK202310193993,153.1
EK202310141761,144.33333333333334
EK202310127568,140.86666666666667
EK202310128895,140.83333333333334
EK202310228433,137.36666666666667
EK202310118632,142.33333333333334
EK202310104226,140.4
EK202310164491,145.86666666666667
EK202310216438,125.0
EK202310214077,163.8
EK202310247400,159.66666666666666
EK202310174422,143.73333333333332
EK202310122877,136.26666666666668
EK202310128301,158.0
EK202310121029,142.5
EK202310156904,132.03333333333333
EK202310228463,133.9
EK202310197399,145.83333333333334
EK202310210314,142.73333333333332
EK202310114247,152.1
EK202320005931,163.56666666666666
EK202310129928,144.03333333333333
EK202310213491,139.23333333333332
EK202310117524,154.26666666666668
EK202310118755,132.73333333333332
EK202310184404,140.06666666666666
EK202310227256,129.33333333333334
EK202310179166,129.76666666666668
EK202310136432,141.73333333333332
EK202310176274,129.13333333333333
EK202310151297,143.6
EK202310125109,140.33333333333334
EK202310116780,136.43333333333334
EK202310135569,131.7
EK202310134565,129.36666666666667
EK202310186448,139.46666666666667
EK202310178115,139.43333333333334
EK202310113148,160.46666666666667
EK202310228489,128.86666666666667
EK202310179723,134.46666666666667
EK202310157269,139.26666666666668
EK202310199275,151.46666666666667
EK202310233646,150.93333333333334
EK202310154900,158.93333333333334
EK202310140705,135.76666666666668
EK202310148303,135.96666666666667
EK202310216595,134.46666666666667
EK202310109916,143.43333333333334
EK202310115675,132.7
EK202310155830,136.96666666666667
EK202310218005,140.26666666666668
EK202310141563,144.3
EK202310228213,162.1
EK202310212791,136.9
EK202310194782,152.66666666666666
EK202310231645,138.9
EK202310241926,149.93333333333334
EK202310210213,136.96666666666667
EK202310134817,142.83333333333334
EK202310133386,145.16666666666666
EK202310142531,152.06666666666666
EK202310187663,166.43333333333334
EK202310117777,133.86666666666667
EK202310158245,133.26666666666668
EK202310195137,144.9
EK202310142488,138.36666666666667
EK202310187991,138.26666666666668
EK202310150662,148.3
EK202310217688,135.96666666666667
EK202310179171,142.7
EK202310127405,143.4
EK202310135392,157.3
EK202310171859,137.06666666666666
EK202310105858,141.7
EK202310158319,160.13333333333333
EK202310230414,133.6
EK202310118707,149.43333333333334
EK202310128139,152.66666666666666
EK202310186693,150.8
EK202310179495,141.93333333333334
EK202310199992,137.6
EK202310107900,137.63333333333333
EK202310139759,141.4
EK202310109278,147.3
EK202310126409,130.7
EK202310207784,133.86666666666667
EK202310236292,135.06666666666666
EK202310154556,138.03333333333333
EK202310134873,134.0
EK202310132640,141.63333333333333
EK202310228961,155.4
EK202310185810,145.33333333333334
EK202310149986,134.46666666666667
EK202310131518,142.73333333333332
EK202310121880,150.83333333333334
EK202310191180,147.1
EK202310177003,159.93333333333334
EK202310215011,158.0
EK202310146470,147.06666666666666
EK202310200272,134.56666666666666
EK202310172780,133.56666666666666
EK202310225929,145.1
EK202310145639,136.4
EK202310246707,140.36666666666667
EK202310196529,133.63333333333333
EK202310232839,143.86666666666667
EK202310140369,139.73333333333332
EK202310141325,152.6
EK202310151532,165.3
EK202310217721,137.23333333333332
EK202310189960,154.23333333333332
EK202310132726,137.23333333333332
EK202310182587,152.4
EK202310216789,165.73333333333332
EK202310187849,151.1
EK202310234305,143.26666666666668
EK202310142640,141.16666666666666
EK202310211367,136.83333333333334
EK202310237820,142.16666666666666
EK202310128311,131.86666666666667
EK202310234908,139.96666666666667
EK202310104928,147.03333333333333
EK202310124402,136.46666666666667
EK202310170954,127.26666666666667
EK202310238908,153.83333333333334
EK202310138176,135.36666666666667
EK202310150598,155.5
EK202310108952,162.0
EK202310147721,129.36666666666667
EK202310164148,145.13333333333333
EK202310164879,140.53333333333333
EK202310170715,135.33333333333334
EK202310169418,138.3
EK202310133466,132.0
EK202310133903,134.56666666666666
EK202310204671,147.43333333333334
EK202310156209,160.83333333333334
EK202310243873,136.56666666666666
EK202310134929,135.73333333333332
EK202310216695,143.83333333333334
EK202310158237,140.63333333333333
EK202310194292,154.2
EK202310103856,152.2
EK202310126627,167.36666666666667
EK202310121161,135.16666666666666
EK202310191392,139.8
EK202310245531,127.2
EK202310126763,132.43333333333334
EK202310161498,151.1
EK202310112456,151.56666666666666
EK202310191483,145.86666666666667
EK202310140746,140.33333333333334
EK202310175247,135.53333333333333
EK202310112978,143.7
EK202310115781,137.03333333333333
EK202310150028,131.93333333333334
EK202310204581,146.06666666666666
EK202310137480,135.46666666666667
EK202310191514,139.46666666666667
EK202310201678,148.46666666666667
EK202310117265,138.56666666666666
EK202310112369,130.16666666666666
EK202310208647,161.86666666666667
EK202310142602,136.06666666666666
EK202310113073,130.33333333333334
EK202310149092,147.33333333333334
EK202310162989,136.33333333333334
EK202320006610,149.13333333333333
EK202310177443,137.4
EK202310104850,134.76666666666668
EK202310126368,131.36666666666667
EK202310248204,140.13333333333333
EK202310190956,151.73333333333332
EK202310110980,131.9
EK202310154273,147.2
EK202310242223,161.26666666666668
EK202310117698,140.9
EK202310195417,157.7
EK202310145942,131.7
EK202310152887,167.06666666666666
EK202310169297,161.63333333333333
EK202310221863,133.63333333333333
EK202310199131,145.0
EK202310185529,148.66666666666666
EK202310113311,133.16666666666666
EK202310209762,145.53333333333333
EK202310164806,138.03333333333333
EK202310134642,126.8
EK202310146968,140.46666666666667
EK202310107027,137.9
EK202310226716,143.46666666666667
EK202310243795,141.8
EK202310138740,142.46666666666667
EK202310144607,142.46666666666667
EK202310244471,143.43333333333334
EK202310159052,152.56666666666666
EK202310123055,135.93333333333334
EK202310113885,134.03333333333333
EK202310199531,139.2
EK202310236118,156.93333333333334
EK202310137888,147.2
EK202310215531,147.5
EK202310185054,155.0
EK202310129573,130.63333333333333
EK202310163633,138.96666666666667
EK202310202282,154.03333333333333
EK202310143694,137.13333333333333
EK202320006080,161.76666666666668
EK202310232132,129.6
EK202310138363,156.9
EK202310193434,142.53333333333333
EK202310175511,144.16666666666666
EK202310133748,137.33333333333334
EK202310106718,146.46666666666667
EK202310188899,143.7
EK202310232574,145.86666666666667
EK202310212172,138.86666666666667
EK202310190446,133.43333333333334
EK202310113384,132.13333333333333
EK202310181368,151.4
EK202310003999,139.7
EK202310141115,138.13333333333333
EK202310109981,153.73333333333332
EK202310166769,138.26666666666668
EK202310138115,130.16666666666666
EK202310128203,169.93333333333334
EK202310206649,137.8
EK202310110780,144.16666666666666
EK202310240635,131.36666666666667
EK202310190614,160.03333333333333
EK202310129881,139.06666666666666
EK202310127835,125.9
EK202310121093,128.9
EK202310150408,133.26666666666668
EK202310164894,134.53333333333333
EK202310109584,138.03333333333333
EK202310173464,136.4
EK202310204837,153.8
EK202310152348,155.46666666666667
EK202310164097,147.1
EK202310127163,143.63333333333333
EK202310244695,150.93333333333334
EK202310229812,148.7
EK202310134538,137.5
EK202310210536,152.56666666666666
EK202310140667,146.66666666666666
EK202310141775,129.3
EK202310214180,144.26666666666668
EK202310164023,138.96666666666667
EK202310173588,137.16666666666666
EK202310170905,133.03333333333333
EK202310114396,147.96666666666667
EK202310183841,146.93333333333334
EK202310201453,148.5
EK202310113439,136.56666666666666
EK202310238212,136.6
EK202310127261,147.06666666666666
EK202310238188,139.43333333333334
EK202310206294,159.36666666666667
EK202310144833,155.66666666666666
EK202310211732,129.1
EK202310224752,160.66666666666666
EK202310193699,154.73333333333332
EK202310143520,144.53333333333333
EK202310115211,131.63333333333333
EK202310164360,147.16666666666666
EK202310117381,136.23333333333332
EK202310229483,140.4
EK202310188649,146.33333333333334
EK202310200724,135.3
EK202310144431,171.16666666666666
EK202310133572,141.36666666666667
EK202310208802,133.1
EK202310248659,131.23333333333332
EK202310131585,141.43333333333334
EK202310233777,175.8
EK202310129212,139.73333333333332
EK202310155799,148.03333333333333
EK202310229572,130.2
EK202310128875,127.8
EK202310148223,161.96666666666667
EK202310142900,159.4
EK202310183384,142.06666666666666
EK202310111421,137.23333333333332
EK202310212086,135.93333333333334
EK202310239476,132.0
EK202310131957,142.0
EK202310204264,174.63333333333333
EK202310178704,142.63333333333333
EK202310227864,126.1
EK202310169538,132.6
EK202310173784,156.06666666666666
EK202310216416,147.76666666666668
EK202310196443,149.7
EK202310214690,131.23333333333332
EK202310224533,143.5
EK202310171089,144.86666666666667
EK202310213256,143.43333333333334
EK202310136488,137.2
EK202310199625,142.5
EK202310171589,138.83333333333334
EK202310226351,134.43333333333334
EK202310106984,154.1
EK202310212070,141.03333333333333
EK202310183076,140.66666666666666
EK202310232081,143.83333333333334
EK202310126981,149.93333333333334
EK202310154523,147.33333333333334
EK202310184085,129.76666666666668
EK202310170300,149.2
EK202310218531,154.16666666666666
EK202310206452,149.53333333333333
EK202310004184,137.26666666666668
EK202310177618,125.23333333333333
EK202310222352,135.93333333333334
EK202310106506,143.5
EK202310186819,135.86666666666667
EK202310140723,133.83333333333334
EK202310238611,137.93333333333334
EK202310120555,134.83333333333334
EK202310147094,141.26666666666668
EK202310155462,143.7
EK202310105723,148.26666666666668
EK202310136398,140.43333333333334
EK202310233819,155.86666666666667
EK202310133289,153.63333333333333
EK202310230003,136.03333333333333
EK202310144991,147.46666666666667
EK202310172964,150.3
EK202310238178,146.8
EK202310126938,170.1
EK202310231506,128.53333333333333
EK202310190088,158.8
EK202310172578,151.86666666666667
EK202310153732,140.6
EK202310179604,133.63333333333333
EK202310129682,131.23333333333332
EK202310143507,139.26666666666668
EK202310155560,148.03333333333333
EK202310127202,150.36666666666667
EK202310143252,139.13333333333333
EK202310217653,125.56666666666666
EK202310173062,177.5
EK202310105294,142.16666666666666
EK202310117821,132.33333333333334
EK202310215199,140.0
EK202310241483,147.93333333333334
EK202310174150,149.46666666666667
EK202310219893,168.6
EK202310219552,132.93333333333334
EK202310136028,134.86666666666667
EK202310225636,139.4
EK202310150738,144.5
EK202310176837,140.2
EK202310172368,137.66666666666666
EK202310184904,148.13333333333333
EK202310191265,142.26666666666668
EK202310144201,141.33333333333334
EK202310139926,145.53333333333333
EK202310133343,164.5
EK202310193942,149.9
EK202310181626,144.93333333333334
EK202310138065,131.46666666666667
EK202310175111,147.76666666666668
EK202310242001,143.36666666666667
EK202310160431,136.56666666666666
EK202310169578,136.16666666666666
EK202310137385,144.23333333333332
EK202310136468,144.1
EK202310158374,149.1
EK202310108318,141.66666666666666
EK202310122270,140.83333333333334
EK202310144491,154.6
EK202310123031,134.53333333333333
EK202310155418,149.43333333333334
EK202320006341,157.76666666666668
EK202310110341,136.43333333333334
EK202310103961,158.86666666666667
EK202310003695,163.66666666666666
EK202310200040,131.16666666666666
EK202310119278,172.0
EK202310174626,152.0
EK202310153937,137.63333333333333
EK202310189548,150.53333333333333
EK202310149005,152.36666666666667
EK202310184006,145.23333333333332
EK202310129614,155.9
EK202310178276,146.76666666666668
EK202310124293,142.46666666666667
EK202310199434,148.53333333333333
EK202310111178,148.73333333333332
EK202310143329,163.46666666666667
EK202310229141,142.73333333333332
EK202310225446,132.3
EK202310133140,165.23333333333332
EK202310204388,143.86666666666667
EK202310127528,132.63333333333333
EK202310175944,159.86666666666667
EK202310205185,153.1
EK202310220142,148.16666666666666
EK202310188984,142.86666666666667
EK202310117484,162.06666666666666
EK202310222387,140.43333333333334
EK202310238376,136.43333333333334
EK202310190275,161.86666666666667
EK202310127517,140.96666666666667
EK202310148647,146.9
EK202310144619,132.4
EK202310172144,132.73333333333332
EK202310105902,147.9
EK202310169293,137.53333333333333
EK202310231168,133.03333333333333
EK202310147200,138.1
EK202310193258,138.13333333333333
EK202310134686,150.1
EK202310184958,145.83333333333334
EK202310172029,146.5
EK202310199176,148.2
EK202310232628,136.2
EK202310230800,143.43333333333334
EK202310169188,147.2
EK202310143652,151.3
EK202310210776,140.4
EK202310243268,134.03333333333333
EK202310219929,141.43333333333334
EK202320006873,151.63333333333333
EK202310142750,166.36666666666667
EK202310105033,142.0
EK202310171957,137.36666666666667
EK202310167819,167.8
EK202310224575,133.73333333333332
EK202310218984,129.73333333333332
EK202310148378,166.9
EK202310124296,126.53333333333333
EK202310153505,134.86666666666667
EK202310202475,167.33333333333334
EK202310105768,141.76666666666668
EK202310155150,149.83333333333334
EK202310131403,142.83333333333334
EK202310236965,133.2
EK202310128158,147.46666666666667
EK202310244898,147.76666666666668
EK202310168438,165.5
EK202310191063,142.7
EK202310247883,154.3
EK202310144879,135.56666666666666
EK202310248004,144.16666666666666
EK202310129311,163.63333333333333
EK202310159341,136.8
EK202310186599,132.36666666666667
EK202310003714,173.26666666666668
EK202310141937,142.56666666666666
EK202310141516,142.7
EK202310211399,126.2
EK202310133332,152.66666666666666
EK202310245637,142.1
EK202310195191,143.33333333333334
EK202310120028,137.03333333333333
EK202310238137,143.33333333333334
EK202310155822,138.86666666666667
EK202310178814,150.73333333333332
EK202310117251,142.53333333333333
EK202310134938,154.46666666666667
EK202310209690,131.8
EK202310203758,138.9
EK202310115669,141.43333333333334
EK202310104134,135.73333333333332
EK202310145861,130.46666666666667
EK202310150671,136.93333333333334
EK202310240589,133.86666666666667
EK202310212301,132.33333333333334
EK202310142614,150.5
EK202310141457,135.13333333333333
EK202310245972,154.53333333333333
EK202310150051,171.63333333333333
EK202310170670,144.0
EK202310211033,144.9
EK202310206028,154.8
EK202310116009,146.93333333333334
EK202310119459,144.2
EK202310205201,136.2
EK202320005999,173.86666666666667
EK202310137068,139.76666666666668
EK202310125205,141.23333333333332
EK202310111843,138.76666666666668
EK202310155744,151.16666666666666
EK202310189271,150.16666666666666
EK202310200042,143.33333333333334
EK202310234396,131.43333333333334
EK202310203600,140.73333333333332
EK202310206171,137.56666666666666
EK202310206072,132.8
EK202310163819,150.8
EK202310241837,153.13333333333333
EK202310122958,137.1
EK202310143934,157.56666666666666
EK202310108166,171.8
EK202310157169,153.03333333333333
EK202310152923,150.6
EK202310194312,148.76666666666668
EK202310176406,146.1
EK202310150358,149.5
EK202310219917,134.06666666666666
EK202310196050,128.9
EK202310199317,145.96666666666667
EK202310214061,139.76666666666668
EK202310122593,140.6
EK202310244955,143.33333333333334
EK202310156822,147.73333333333332
EK202310207476,135.7
EK202310158934,152.96666666666667
EK202310201930,148.76666666666668
EK202310119122,144.23333333333332
EK202310196169,161.46666666666667
EK202310201449,147.23333333333332
EK202310130630,142.7
EK202310216667,135.1
EK202310109941,134.26666666666668
EK202310200400,148.1
EK202310137456,145.56666666666666
EK202310196853,135.36666666666667
EK202310215704,141.6
EK202310135405,135.96666666666667
EK202310169616,128.63333333333333
EK202310216148,135.8
EK202310243354,127.3
EK202310228967,138.56666666666666
EK202310243234,145.8
EK202310192532,162.0
EK202310214813,146.06666666666666
EK202310104914,145.3
EK202310153816,150.2
EK202310202614,155.66666666666666
EK202310210862,153.96666666666667
EK202310170135,139.0
EK202310188088,138.56666666666666
EK202310221249,149.63333333333333
EK202310232182,131.93333333333334
EK202310185589,141.16666666666666
EK202310220140,143.4
EK202310151225,134.13333333333333
EK202310120905,143.13333333333333
EK202310125281,138.4
EK202310129594,138.03333333333333
EK202310131652,143.36666666666667
EK202310178780,147.23333333333332
EK202310199546,134.7
EK202310184333,150.6
EK202310129518,146.9
EK202310125847,139.26666666666668
EK202310146303,163.73333333333332
EK202310175806,135.1
EK202310220347,148.56666666666666
EK202310225734,150.76666666666668
EK202310240284,134.33333333333334
EK202310114155,140.86666666666667
EK202310208667,133.83333333333334
EK202310247128,146.53333333333333
EK202310218283,138.86666666666667
EK202310227443,133.0
EK202310157358,142.36666666666667
EK202310205155,134.7
EK202310189640,146.56666666666666
EK202310219047,133.6
EK202310155307,134.56666666666666
EK202310190346,156.2
EK202310186825,157.96666666666667
EK202310203583,148.4
EK202310122872,126.33333333333333
EK202310223579,142.46666666666667
EK202310134595,155.36666666666667
EK202310199315,134.33333333333334
EK202310197280,136.1
EK202310105445,147.26666666666668
EK202310170127,139.43333333333334
EK202310124087,131.33333333333334
EK202310186812,147.73333333333332
EK202310175470,142.83333333333334
EK202310178249,154.6
EK202310246428,133.3
EK202310206906,153.86666666666667
EK202320007523,181.8
EK202310106696,132.8
EK202310139497,181.23333333333332
EK202310135104,137.96666666666667
EK202310165444,156.0
EK202310150670,159.1
EK202310141326,135.1
EK202310206479,131.9
EK202310182003,148.53333333333333
EK202310240148,156.96666666666667
EK202310246934,156.73333333333332
EK202310157908,145.73333333333332
EK202310233790,136.4
EK202310227231,138.56666666666666
EK202310104197,135.26666666666668
EK202310003919,139.53333333333333
EK202310134161,126.9
EK202310132637,142.93333333333334
EK202310112692,157.13333333333333
EK202310004804,131.0
EK202310188449,143.23333333333332
EK202310161514,148.56666666666666
EK202310121257,138.8
EK202310165460,169.43333333333334
EK202310246582,140.26666666666668
EK202310182549,151.2
EK202310153021,150.76666666666668
EK202310155857,145.36666666666667
EK202310112710,150.3
EK202310193527,149.33333333333334
EK202310210851,129.6
EK202310166991,153.3
EK202310153617,153.9
EK202310162029,151.53333333333333
EK202310150898,140.1
EK202310119566,146.93333333333334
EK202310172046,140.2
EK202310113364,147.0
EK202310104697,152.16666666666666
EK202310110438,134.66666666666666
EK202310139792,144.33333333333334
EK202310108044,131.03333333333333
EK202310191154,154.93333333333334
EK202310162199,139.4
EK202310159050,144.33333333333334
EK202310127404,157.1
EK202310216583,138.46666666666667
EK202310233658,144.33333333333334
EK202310141492,136.23333333333332
EK202310203883,125.73333333333333
EK202310219043,150.5
EK202310145653,137.36666666666667
EK202310228503,140.36666666666667
EK202310179347,125.03333333333333
EK202310132009,144.2
EK202310212361,133.1
EK202310124879,136.46666666666667
EK202320006785,172.9
EK202310245990,130.66666666666666
EK202310177823,144.13333333333333
EK202310229376,144.2
EK202310181146,137.6
EK202310201989,135.3
EK202310192148,144.03333333333333
EK202310185865,135.86666666666667
EK202310149322,149.63333333333333
EK202310154759,148.56666666666666
EK202310142366,150.5
EK202310225136,151.46666666666667
EK202310140657,141.0
EK202310181056,149.3
EK202310147652,144.9
EK202310195069,146.4
EK202310186330,160.1
EK202310170880,138.33333333333334
EK202310104902,143.1
EK202310137021,157.06666666666666
EK202310112219,145.03333333333333
EK202310114567,135.66666666666666
EK202310174050,148.2
EK202310146459,143.43333333333334
EK202310125401,139.5
EK202310232042,133.6
EK202310137842,129.73333333333332
EK202310235166,130.33333333333334
EK202310123303,133.36666666666667
EK202310204672,149.6
EK202310147206,154.7
EK202310165103,154.2
EK202310246536,150.4
EK202310204665,150.2
EK202310139971,142.83333333333334
EK202310230726,134.4
EK202310217044,135.5
EK202310175720,151.1
EK202310208548,133.06666666666666
EK202310213825,140.76666666666668
EK202310196825,141.06666666666666
EK202310117004,130.56666666666666
EK202310164666,141.46666666666667
EK202310195792,148.7
EK202310195121,151.3
EK202310188217,137.86666666666667
EK202310178996,129.73333333333332
EK202310107580,152.43333333333334
EK202310163974,150.43333333333334
EK202310237799,149.06666666666666
EK202310232053,144.5
EK202310178319,152.13333333333333
EK202310126202,124.2
EK202310227911,134.76666666666668
EK202310109084,134.8
EK202310143067,132.66666666666666
EK202310206930,152.46666666666667
EK202310201884,133.93333333333334
EK202310130641,144.76666666666668
EK202310157121,175.76666666666668
EK202310220877,132.53333333333333
EK202310149540,143.96666666666667
EK202310169600,141.13333333333333
EK202310163175,162.06666666666666
EK202310106277,136.3
EK202310209667,132.46666666666667
EK202310119877,145.43333333333334
EK202310204499,146.4
EK202310190780,153.23333333333332
EK202310115565,142.33333333333334
EK202310195056,140.9
EK202310111373,166.4
EK202310161299,139.96666666666667
EK202310245424,140.56666666666666
EK202310246906,136.66666666666666
EK202310120316,142.86666666666667
EK202310144965,134.6
EK202310211133,136.86666666666667
EK202310167406,145.03333333333333
EK202310162901,137.46666666666667
EK202310107075,135.13333333333333
EK202310140916,163.4
EK202310143120,151.4
EK202310114506,133.63333333333333
EK202310175480,145.46666666666667
EK202310118790,130.1
EK202310169280,145.46666666666667
EK202310129297,144.63333333333333
EK202310198282,132.86666666666667
EK202310240512,145.3
EK202310192236,143.56666666666666
EK202310177577,139.96666666666667
EK202310161068,149.2
EK202310111934,127.73333333333333
EK202310155260,132.93333333333334
EK202310124483,145.86666666666667
EK202310155315,148.23333333333332
EK202310123325,139.3
EK202310149045,156.36666666666667
EK202310222163,138.4
EK202310108935,146.26666666666668
EK202310188397,155.63333333333333
EK202310110895,150.76666666666668
EK202310146042,139.8
EK202310116291,132.03333333333333
EK202310214128,170.93333333333334
EK202310122572,133.86666666666667
EK202310246206,135.06666666666666
EK202310190227,142.26666666666668
EK202310137442,141.33333333333334
EK202310240613,134.66666666666666
EK202310171036,148.53333333333333
EK202310165619,164.23333333333332
EK202310135508,164.63333333333333
EK202310203859,136.8
EK202310208937,134.4
EK202310190964,151.36666666666667
EK202310157232,150.2
EK202310233329,139.16666666666666
EK202310004857,131.8
EK202310114112,144.76666666666668
EK202310231381,140.1
EK202310183273,151.3
EK202310198133,130.23333333333332
EK202310243118,132.3
EK202310179772,156.33333333333334
EK202310177045,140.2
EK202310129608,145.46666666666667
EK202310146699,142.56666666666666
EK202310118550,141.76666666666668
EK202310236716,145.1
EK202310225924,150.03333333333333
EK202310137908,143.76666666666668
EK202310136472,147.93333333333334
EK202310227498,142.1
EK202310197540,143.46666666666667
EK202310177606,142.56666666666666
EK202310233230,127.3
EK202310129471,155.66666666666666
EK202310240950,143.36666666666667
EK202320007590,166.46666666666667
EK202310163887,140.2
EK202320007425,168.56666666666666
EK202310127560,168.43333333333334
EK202310155824,138.13333333333333
EK202310187346,135.26666666666668
EK202310200413,141.23333333333332
EK202310185717,131.96666666666667
EK202310217975,128.56666666666666
EK202310216468,144.9
EK202310201451,150.33333333333334
EK202310187386,143.13333333333333
EK202310113263,139.16666666666666
EK202310129498,142.36666666666667
EK202310168744,158.4
EK202310142626,141.26666666666668
EK202310190880,156.93333333333334
EK202310131573,144.1
EK202310220638,131.0
EK202310207069,151.26666666666668
EK202310116824,146.6
EK202310231727,141.46666666666667
EK202310184770,145.8
EK202310197350,167.3
EK202310147966,144.33333333333334
EK202310160556,144.73333333333332
EK202310242942,137.36666666666667
EK202310207659,151.53333333333333
EK202310189516,139.7
EK202310214218,144.13333333333333
EK202310105070,140.43333333333334
EK202310218843,149.6
EK202310163176,170.6
EK202310109656,133.43333333333334
EK202310004202,134.83333333333334
EK202310203545,156.76666666666668
EK202310153518,137.1
EK202310119723,140.06666666666666
EK202310122303,134.9
EK202310113636,143.23333333333332
EK202310216948,138.66666666666666
EK202310154167,139.1
EK202310122355,142.53333333333333
EK202310150417,135.56666666666666
EK202310218226,142.16666666666666
EK202310191370,129.43333333333334
EK202310146010,138.26666666666668
EK202310242320,148.7
EK202310182162,148.23333333333332
EK202310129315,138.96666666666667
EK202310106705,146.1
EK202310240258,134.4
EK202310241039,172.83333333333334
EK202310204816,141.8
EK202310142491,142.43333333333334
EK202310200125,145.23333333333332
EK202310111662,146.5
EK202310141792,142.13333333333333
EK202310242215,164.23333333333332
EK202310227322,150.83333333333334
EK202310206010,146.46666666666667
EK202310220576,139.23333333333332
EK202310169744,146.53333333333333
EK202310236130,147.1
EK202310117603,133.33333333333334
EK202310164018,135.03333333333333
EK202310173758,146.83333333333334
EK202310169263,145.13333333333333
EK202310220742,130.36666666666667
EK202310234928,164.76666666666668
EK202310133036,136.73333333333332
EK202310134185,145.1
EK202310185530,130.36666666666667
EK202310218330,145.83333333333334
EK202310220164,144.4
EK202310136625,133.83333333333334
EK202310190327,138.06666666666666
EK202310156810,137.96666666666667
EK202310235883,151.46666666666667
EK202310135135,157.4
EK202310232747,133.66666666666666
EK202310146074,138.16666666666666
EK202310170263,139.06666666666666
EK202310117439,125.93333333333334
EK202310155695,136.43333333333334
EK202310180749,124.16666666666667
EK202310165733,165.3
EK202310122820,142.43333333333334
EK202310132148,152.13333333333333
EK202310174037,153.5
EK202310116351,138.06666666666666
EK202320007454,180.46666666666667
EK202310126404,133.96666666666667
EK202310179147,133.4
EK202310119107,139.2
EK202310232208,129.36666666666667
EK202310146308,148.83333333333334
EK202310221836,165.73333333333332
EK202310241730,128.93333333333334
EK202310126972,136.36666666666667
EK202310190112,147.46666666666667
EK202310189550,150.03333333333333
EK202310167601,157.66666666666666
EK202310129178,150.86666666666667
EK202310208362,140.2
EK202310108633,130.83333333333334
EK202310119330,130.0
EK202310241595,141.53333333333333
EK202310133580,166.83333333333334
EK202310184140,140.86666666666667
EK202310243629,145.63333333333333
EK202310240837,146.96666666666667
EK202310133514,150.66666666666666
EK202310248438,143.46666666666667
EK202310144323,149.63333333333333
EK202310199263,166.2
EK202310170561,141.3
EK202320006441,166.5
EK202310156158,144.33333333333334
EK202310160966,132.86666666666667
EK202310170924,136.0
EK202310166196,155.26666666666668
EK202310180519,163.93333333333334
EK202310163021,133.76666666666668
EK202310217277,139.33333333333334
EK202310182542,149.33333333333334
EK202310187706,145.1
EK202310177424,137.7
EK202310116469,141.33333333333334
EK202310126864,134.43333333333334
EK202310171044,133.3
EK202310159422,147.9
EK202310126564,138.8
EK202310136978,139.56666666666666
EK202310227254,138.7
EK202310241407,146.03333333333333
EK202310151596,157.06666666666666
EK202310143155,124.03333333333333
EK202310003368,160.96666666666667
EK202310225579,144.96666666666667
EK202310142662,135.03333333333333
EK202310124623,170.2
EK202310117099,147.53333333333333
EK202310209488,148.06666666666666
EK202310218949,151.9
EK202310163688,132.76666666666668
EK202310233616,133.36666666666667
EK202310181063,152.23333333333332
EK202310122017,156.6
EK202310232279,132.63333333333333
EK202310188255,143.96666666666667
EK202310222087,137.9
EK202310235863,133.16666666666666
EK202310142201,153.66666666666666
EK202310142028,135.46666666666667
EK202310105750,128.8
EK202310192986,146.06666666666666
EK202310183238,145.03333333333333
EK202310184211,141.06666666666666
EK202310114501,133.66666666666666
EK202310183815,142.66666666666666
EK202310239065,138.2
EK202310203010,137.33333333333334
EK202310119934,133.93333333333334
EK202310245690,132.43333333333334
EK202310228481,142.7
EK202310115026,143.1
EK202310227715,129.66666666666666
EK202310147211,145.03333333333333
EK202310112774,135.4
EK202310213753,148.33333333333334
EK202310115799,141.43333333333334
EK202310158491,162.86666666666667
EK202310224855,136.6
EK202310175378,153.06666666666666
EK202310120852,143.03333333333333
EK202310115724,136.7
EK202310188278,139.06666666666666
EK202310218258,132.26666666666668
EK202310187357,138.56666666666666
EK202310170314,136.03333333333333
EK202310219875,148.03333333333333
EK202310198138,141.36666666666667
EK202310238879,144.9
EK202310179039,139.33333333333334
EK202310221294,125.53333333333333
EK202310181636,139.66666666666666
EK202310180030,131.36666666666667
EK202310188261,134.2
EK202310109627,138.93333333333334
EK202310218359,139.73333333333332
EK202310221160,126.13333333333334
EK202310210517,137.4
EK202310231490,129.3
EK202310142904,143.6
EK202310228183,134.43333333333334
EK202310190608,148.76666666666668
EK202310229652,137.6
EK202310201677,142.1
EK202310161948,142.16666666666666
EK202310164852,131.06666666666666
EK202310130019,142.53333333333333
EK202310137201,138.43333333333334
EK202310199958,141.46666666666667
EK202310168651,169.4
EK202310163750,142.23333333333332
EK202310164255,168.93333333333334
EK202310112200,142.6
EK202310226582,137.6
EK202310150983,138.86666666666667
EK202310117868,138.1
EK202310104519,139.93333333333334
EK202310112900,151.73333333333332
EK202310175950,146.26666666666668
EK202310132832,146.63333333333333
EK202310177022,145.23333333333332
EK202310224847,148.33333333333334
EK202310220893,138.83333333333334
EK202310140282,151.1
EK202310140130,154.23333333333332
EK202310111884,130.76666666666668
EK202310169119,150.2
EK202310114003,152.53333333333333
EK202310204840,147.73333333333332
EK202310227423,157.4
EK202310243266,135.16666666666666
EK202310224568,127.13333333333334
EK202310129159,141.8
EK202310216851,157.16666666666666
EK202310173637,139.43333333333334
EK202310137694,138.93333333333334
EK202310224949,137.7
EK202310182755,169.9
EK202310121872,152.66666666666666
EK202310199590,131.26666666666668
EK202310237216,132.2
EK202310152666,139.4
EK202310119202,154.03333333333333
EK202310154055,144.33333333333334
EK202310131194,117.96666666666667
EK202310205515,130.93333333333334
EK202310226482,138.16666666666666
EK202310131717,140.46666666666667
EK202310116461,139.33333333333334
EK202310209370,145.33333333333334
EK202310112844,139.0
EK202310148195,140.06666666666666
EK202310205500,128.9
EK202310180785,177.33333333333334
EK202310114659,140.73333333333332
EK202310206704,143.03333333333333
EK202310194100,142.46666666666667
EK202310192316,137.13333333333333
EK202310227158,152.73333333333332
EK202310210960,133.5
EK202310201569,156.6
EK202310208440,137.06666666666666
EK202310159738,156.73333333333332
EK202310167571,161.63333333333333
EK202310133506,154.23333333333332
EK202310206074,152.03333333333333
EK202310189737,154.53333333333333
EK202310168575,151.63333333333333
EK202310159786,149.1
EK202310241528,139.0
EK202310135551,164.1
EK202310154421,165.16666666666666
EK202310229939,139.6
EK202310199977,139.26666666666668
EK202310212346,137.63333333333333
EK202310240842,142.83333333333334
EK202310188648,145.16666666666666
EK202310204867,144.6
EK202310221803,130.0
EK202310216991,127.7
EK202310234267,143.33333333333334
EK202310164050,130.76666666666668
EK202310160606,139.83333333333334
EK202310163801,147.96666666666667
EK202310202607,145.06666666666666
EK202310211679,133.0
EK202310161289,136.4
EK202310216723,140.16666666666666
EK202310241675,142.33333333333334
EK202310227693,147.2
EK202310153006,141.0
EK202310152517,121.63333333333334
EK202310119296,156.8
EK202310135167,141.03333333333333
EK202310129365,140.9
EK202310224938,132.56666666666666
EK202310246031,128.1
EK202310227934,150.23333333333332
EK202310155888,132.16666666666666
EK202310112003,149.9
EK202310110042,137.36666666666667
EK202310202481,132.93333333333334
EK202310119852,144.36666666666667
EK202310191910,144.73333333333332
EK202310208404,140.33333333333334
EK202310175620,140.63333333333333
EK202310162522,161.5
EK202310141148,135.2
EK202310173552,146.56666666666666
EK202310235762,133.53333333333333
EK202310170630,135.66666666666666
EK202310215013,147.8
EK202310233350,127.93333333333334
EK202310189297,165.93333333333334
EK202310201145,162.93333333333334
EK202310128701,138.2
EK202310135409,162.8
EK202310117705,145.2
EK202310122677,133.0
EK202310193307,164.56666666666666
EK202310150126,169.83333333333334
EK202310203066,141.0
EK202310243263,163.26666666666668
EK202310147744,142.73333333333332
EK202310115839,136.6
EK202310120766,161.6
EK202310141591,144.76666666666668
EK202310171912,156.03333333333333
EK202310105341,138.2
EK202320005577,159.0
EK202310168922,162.26666666666668
EK202310241884,136.46666666666667
EK202310231171,130.5
EK202310160293,151.3
EK202310177237,137.06666666666666
EK202310003836,146.9
EK202310159624,142.1
EK202310201626,138.6
EK202310109032,151.36666666666667
EK202310139930,136.36666666666667
EK202310004116,145.6
EK202310186841,129.43333333333334
EK202310118029,137.93333333333334
EK202310239323,146.66666666666666
EK202310204171,136.1
EK202310190000,139.73333333333332
EK202310220235,141.9
EK202310200517,135.36666666666667
EK202310124822,145.4
EK202310206677,136.2
EK202310173092,138.03333333333333
EK202310140031,143.73333333333332
EK202310118392,159.6
EK202310241116,141.76666666666668
EK202310162167,128.03333333333333
EK202310165764,137.2
EK202310109757,140.83333333333334
EK202310166993,145.16666666666666
EK202310178462,162.36666666666667
EK202310236406,125.06666666666666
EK202310168692,149.36666666666667
EK202310221373,151.86666666666667
EK202310144973,126.5
EK202310125785,131.96666666666667
EK202310187049,140.36666666666667
EK202310216907,139.63333333333333
EK202310129517,140.1
EK202310195530,134.6
EK202310177392,164.1
EK202310224171,149.76666666666668
EK202310195298,132.13333333333333
EK202310196360,139.3
EK202310197685,139.13333333333333
EK202310127212,135.43333333333334
EK202310194711,141.66666666666666
EK202310134995,169.76666666666668
EK202310215322,139.83333333333334
EK202310129156,140.1
EK202310194573,139.73333333333332
EK202310107850,165.86666666666667
EK202310224151,129.83333333333334
EK202310236621,130.5
EK202310240110,144.1
EK202310151137,166.06666666666666
EK202310245976,136.06666666666666
EK202310201981,141.76666666666668
EK202310128852,139.03333333333333
EK202310105479,136.26666666666668
EK202310134237,143.3
EK202310186135,153.46666666666667
EK202310126691,139.3
EK202310230960,138.1
EK202310167746,135.03333333333333
EK202310220451,150.06666666666666
EK202310187367,129.63333333333333
EK202310211918,153.0
EK202310218758,139.76666666666668
EK202310170030,164.66666666666666
EK202310182773,146.96666666666667
EK202310132214,144.63333333333333
EK202310004044,144.96666666666667
EK202310210481,133.7
EK202310233818,146.4
EK202310134772,135.23333333333332
EK202310190788,137.86666666666667
EK202310245891,151.23333333333332
EK202310152473,150.9
EK202310173468,148.2
EK202310134860,140.86666666666667
EK202310219927,144.43333333333334
EK202310242547,143.56666666666666
EK202310190542,150.2
EK202310248304,147.73333333333332
EK202310234323,139.23333333333332
EK202310116774,145.5
EK202310162192,136.53333333333333
EK202310200226,128.6
EK202310223298,133.26666666666668
EK202310131109,148.6
EK202310170422,137.83333333333334
EK202310247958,129.03333333333333
EK202310150344,143.83333333333334
EK202310186547,145.5
EK202310159511,148.9
EK202310107832,122.16666666666667
EK202310157429,142.43333333333334
EK202310206031,137.2
EK202310153162,162.26666666666668
EK202310246453,152.1
EK202310169465,134.86666666666667
EK202310127917,154.46666666666667
EK202310230060,129.5
EK202310115986,133.23333333333332
EK202310231341,140.96666666666667
EK202310207431,141.93333333333334
EK202310115427,135.66666666666666
EK202310148216,151.9
EK202310236465,134.86666666666667
EK202310214889,154.93333333333334
EK202310183344,138.83333333333334
EK202310115563,136.86666666666667
EK202310204127,141.73333333333332
EK202310148558,169.2
EK202310239253,140.73333333333332
EK202310223421,152.3
EK202310164157,139.1
EK202310191038,139.56666666666666
EK202310206653,145.0
EK202310189587,132.53333333333333
EK202320007832,155.2
EK202310107195,137.9
EK202310154834,157.9
EK202310225399,142.93333333333334
EK202310200244,132.36666666666667
EK202310181369,150.86666666666667
EK202310238327,142.3
EK202310119929,158.9
EK202310199445,165.16666666666666
EK202310167881,137.1
EK202310134304,135.7
EK202310206774,141.16666666666666
EK202310217924,151.26666666666668
EK202310114025,135.5
EK202310153648,153.36666666666667
EK202310168223,153.7
EK202310217182,157.6
EK202310228108,149.06666666666666
EK202310106503,137.06666666666666
EK202310132704,143.26666666666668
EK202310146469,139.03333333333333
EK202310190547,140.96666666666667
EK202310131045,144.4
EK202310120149,139.53333333333333
EK202310188786,149.63333333333333
EK202310164309,144.1
EK202310141856,136.33333333333334
EK202310174571,170.8
EK202310191248,141.16666666666666
EK202310228497,130.66666666666666
EK202310248650,134.7
EK202310003518,141.9
EK202310184477,142.63333333333333
EK202310177306,147.36666666666667
EK202310124268,130.66666666666666
EK202310207962,158.96666666666667
EK202310187364,137.63333333333333
EK202310188630,166.06666666666666
EK202310183825,172.7
EK202310228647,128.96666666666667
EK202310242814,143.13333333333333
EK202310190403,136.3
EK202310152077,157.9
EK202310127706,131.76666666666668
EK202310142346,146.1
EK202310140834,153.2
EK202310124143,129.86666666666667
EK202310158418,165.7
EK202310104315,147.26666666666668
EK202310186057,136.0
EK202310175318,143.13333333333333
EK202310170196,132.7
EK202310222979,148.4
EK202310179579,138.0
EK202310131268,145.96666666666667
EK202310232636,130.46666666666667
EK202310240941,143.93333333333334
EK202310162473,144.56666666666666
EK202310214960,142.53333333333333
EK202310158148,144.13333333333333
EK202310240646,161.6
EK202310190660,147.16666666666666
EK202310137900,137.03333333333333
EK202310105369,137.8
EK202310182640,131.53333333333333
EK202310222831,150.5
EK202310158111,136.9
EK202310137268,144.53333333333333
EK202310172836,160.03333333333333
EK202310130602,131.6
EK202310116478,138.43333333333334
EK202310176354,148.53333333333333
EK202310136605,140.23333333333332
EK202310120400,132.8
EK202310138807,142.5
EK202310158128,141.1
EK202320007743,149.76666666666668
EK202310240290,149.06666666666666
EK202310176995,151.33333333333334
EK202310178489,142.23333333333332
EK202310125320,133.4
EK202310158248,141.76666666666668
EK202310115199,149.63333333333333
EK202310214342,145.96666666666667
EK202310164698,136.73333333333332
EK202310181281,152.53333333333333
EK202310105605,146.33333333333334
EK202310117153,136.63333333333333
EK202310169108,158.63333333333333
EK202310135565,136.4
EK202310176476,142.66666666666666
EK202310245673,153.5
EK202310200545,137.7
EK202310147448,150.33333333333334
EK202310195084,130.9
EK202310228420,141.16666666666666
EK202310136789,129.26666666666668
EK202310141614,140.03333333333333
EK202310151545,165.76666666666668
EK202310183497,136.5
EK202320005693,171.43333333333334
EK202310160617,168.76666666666668
EK202310207236,128.66666666666666
EK202310123254,129.16666666666666
EK202310131721,136.23333333333332
EK202310129551,138.66666666666666
EK202310125982,133.0
EK202310129231,145.53333333333333
EK202310237005,124.23333333333333
EK202310138431,151.0
EK202310107167,140.3
EK202310180405,131.1
EK202310185138,131.66666666666666
EK202310207362,137.1
EK202310188914,140.1
EK202310157622,131.76666666666668
EK202310209933,142.6
EK202310191168,146.13333333333333
EK202310168227,137.1
EK202310211342,143.26666666666668
EK202310166980,142.0
EK202310206475,140.26666666666668
EK202310186567,133.96666666666667
EK202310227651,132.8
EK202310157161,150.83333333333334
EK202310171211,170.5
EK202310132575,134.9
EK202310135453,154.2
EK202310219005,150.76666666666668
EK202310186299,134.63333333333333
EK202310122783,156.43333333333334
EK202310112879,133.26666666666668
EK202310236548,139.16666666666666
EK202310156862,165.6
EK202310158283,153.56666666666666
EK202310220175,144.86666666666667
EK202310205692,143.6
EK202310104703,138.86666666666667
EK202310201863,126.96666666666667
EK202310175191,140.73333333333332
EK202310143809,141.06666666666666
EK202310228164,142.63333333333333
EK202310227395,143.33333333333334
EK202310170797,149.83333333333334
EK202310147520,175.56666666666666
EK202310241613,138.6
EK202310135976,136.83333333333334
EK202310248616,137.63333333333333
EK202310246754,127.23333333333333
EK202310197862,151.2
EK202310177128,155.16666666666666
EK202310232113,137.06666666666666
EK202310141746,144.73333333333332
EK202310168387,148.83333333333334
EK202310245345,148.0
EK202310209506,132.6
EK202310180792,156.33333333333334
EK202310230504,137.46666666666667
EK202310207171,153.2
EK202310123678,133.33333333333334
EK202310116185,149.33333333333334
EK202310237515,137.2
EK202310168029,151.06666666666666
EK202310226787,157.33333333333334
EK202310171773,141.4
EK202310213797,148.73333333333332
EK202310210449,135.23333333333332
EK202310200138,142.83333333333334
EK202310124561,140.63333333333333
EK202310104095,147.2
EK202310173838,139.1
EK202310188790,141.46666666666667
EK202320006026,168.33333333333334
EK202310175964,137.46666666666667
EK202310246749,135.26666666666668
EK202310211166,135.0
EK202310130296,166.1
EK202310133656,150.83333333333334
EK202310162528,151.56666666666666
EK202310232172,113.93333333333334
EK202310126678,136.83333333333334
EK202310175006,137.9
EK202310195947,126.6
EK202310175965,157.2
EK202310194000,137.76666666666668
EK202310109642,133.33333333333334
EK202310234602,144.06666666666666
EK202310216505,138.53333333333333
EK202310182057,148.33333333333334
EK202310205348,155.96666666666667
EK202310231919,135.46666666666667
EK202310143248,134.7
EK202310170516,140.0
EK202310228644,132.9
EK202310162365,151.86666666666667
EK202310221959,135.23333333333332
EK202310135830,129.73333333333332
EK202310132773,145.93333333333334
EK202310116452,155.16666666666666
EK202310125827,138.0
EK202310153615,134.53333333333333
EK202310104234,141.33333333333334
EK202310171291,137.93333333333334
EK202310143530,142.13333333333333
EK202310199377,150.06666666666666
EK202310148675,128.76666666666668
EK202310136051,146.26666666666668
EK202310108210,144.7
EK202310199466,139.9
EK202310227747,152.23333333333332
EK202310247834,133.3
EK202310241529,137.06666666666666
EK202310112144,153.76666666666668
EK202310182993,158.63333333333333
EK202310189245,131.13333333333333
EK202310160406,136.73333333333332
EK202310200045,129.16666666666666
EK202310220419,152.56666666666666
EK202310139976,145.9
EK202310004037,120.03333333333333
EK202310151229,142.13333333333333
EK202310124255,126.03333333333333
EK202310112236,153.8
EK202310169836,127.66666666666667
EK202310206379,150.43333333333334
EK202310237044,125.96666666666667
EK202310156899,169.53333333333333
EK202310135286,141.76666666666668
EK202310233848,142.7
EK202310243867,137.96666666666667
EK202310193719,143.76666666666668
EK202310115856,129.56666666666666
EK202310152769,138.63333333333333
EK202310208931,144.4
EK202310166273,133.6
EK202310174146,165.2
EK202310216893,145.63333333333333
EK202310200816,158.5
EK202310117687,144.23333333333332
EK202310109308,128.96666666666667
EK202310130253,174.36666666666667
EK202310129353,153.73333333333332
EK202310232695,126.86666666666666
EK202310168934,138.73333333333332
EK202320006147,186.06666666666666
EK202310131865,172.8
EK202310154389,145.76666666666668
EK202310144452,133.06666666666666
EK202310109772,133.8
EK202310142187,163.43333333333334
EK202310220392,135.96666666666667
EK202310185327,128.93333333333334
EK202310147396,152.4
EK202310207907,122.43333333333334
EK202310137274,140.43333333333334
EK202310192264,147.56666666666666
EK202310217353,133.8
EK202310169024,142.06666666666666
EK202310168820,159.7
EK202310156728,136.6
EK202310172897,144.2
EK202310141606,134.83333333333334
EK202310209150,169.43333333333334
EK202310242727,139.33333333333334
EK202310172918,134.06666666666666
EK202310238608,140.03333333333333
EK202310118817,146.03333333333333
EK202310209232,132.63333333333333
EK202310246528,143.4
EK202310225110,164.06666666666666
EK202310196139,140.6
EK202310183805,125.53333333333333
EK202310109611,134.7
EK202310165156,129.56666666666666
EK202310169977,150.76666666666668
EK202320005840,174.23333333333332
EK202310164548,154.46666666666667
EK202310200636,159.0
EK202310175371,141.13333333333333
EK202310149850,157.93333333333334
EK202310192563,152.2
EK202310150786,144.83333333333334
EK202310232852,139.66666666666666
EK202310129104,147.86666666666667
EK202310222400,135.36666666666667
EK202310238847,133.36666666666667
EK202310215409,130.23333333333332
EK202310132626,146.13333333333333
EK202310209457,134.6
EK202310191648,160.16666666666666
EK202310211924,137.1
EK202310123972,163.63333333333333
EK202320006941,164.53333333333333
EK202310172894,135.6
EK202310201352,129.93333333333334
EK202310246908,135.83333333333334
EK202310159957,141.66666666666666
EK202310208067,143.86666666666667
EK202310132399,153.26666666666668
EK202310154363,142.53333333333333
EK202310190672,140.16666666666666
EK202310191938,145.86666666666667
EK202310190279,134.93333333333334
EK202310205127,148.86666666666667
EK202310202799,125.73333333333333
EK202310169811,160.7
EK202310131611,153.06666666666666
EK202310124021,141.9
EK202310105652,137.26666666666668
EK202310133772,138.5
EK202310222132,132.0
EK202310187623,137.6
EK202310138088,128.53333333333333
EK202310203335,141.36666666666667
EK202310139562,167.9
EK202310239042,132.86666666666667
EK202310231151,139.73333333333332
EK202310142022,146.76666666666668
EK202310227265,139.53333333333333
EK202310122491,144.63333333333333
EK202310246498,144.16666666666666
EK202310237745,149.1
EK202310230083,128.53333333333333
EK202310239818,143.6
EK202310109374,139.36666666666667
EK202310188938,140.46666666666667
EK202310239985,148.96666666666667
EK202310190536,144.7
EK202310108454,146.0
EK202310185187,145.8
EK202310214929,149.76666666666668
EK202310163742,155.7
EK202310133341,129.2
EK202310123932,137.23333333333332
EK202310224048,133.5
EK202310194734,134.56666666666666
EK202310233579,134.83333333333334
EK202310111120,138.16666666666666
EK202310202005,121.63333333333334
EK202310170430,142.4
EK202310215966,144.23333333333332
EK202310142957,153.0
EK202310238877,125.06666666666666
EK202310197380,152.93333333333334
EK202310242798,120.43333333333334
EK202310118054,146.86666666666667
EK202310171995,142.66666666666666
EK202310156378,136.4
EK202310209380,138.76666666666668
EK202320005988,174.53333333333333
EK202310132771,147.76666666666668
EK202310196985,157.53333333333333
EK202310209813,132.33333333333334
EK202310156025,152.43333333333334
EK202310119261,142.73333333333332
EK202310200800,151.53333333333333
EK202310113114,138.7
EK202310176337,167.53333333333333
EK202310116221,140.6
EK202310185787,148.13333333333333
EK202310161101,167.1
EK202310109179,138.53333333333333
EK202310211864,143.63333333333333
EK202310233086,139.06666666666666
EK202310203086,136.06666666666666
EK202310209153,133.53333333333333
EK202320006944,156.53333333333333
EK202310124624,151.76666666666668
EK202310160066,157.96666666666667
EK202310212610,156.53333333333333
EK202310176922,153.26666666666668
EK202310221476,153.43333333333334
EK202310178896,154.2
EK202310242101,150.5
EK202310208004,141.06666666666666
EK202310217499,134.06666666666666
EK202310133817,125.8
EK202310169528,133.76666666666668
EK202310239561,160.53333333333333
EK202310158179,146.33333333333334
EK202310145688,159.23333333333332
EK202310242791,148.26666666666668
EK202310152257,137.03333333333333
EK202310137070,132.86666666666667
EK202310146130,132.6
EK202310204201,155.16666666666666
EK202310155505,131.6
EK202310154019,148.4
EK202310233453,152.26666666666668
EK202310217804,140.0
EK202310172949,147.36666666666667
EK202310188635,165.66666666666666
EK202310117443,129.03333333333333
EK202310160841,131.3
EK202310125406,138.6
EK202310182154,135.3
EK202310118807,151.76666666666668
EK202310159569,170.56666666666666
EK202310185202,160.96666666666667
EK202310240184,136.53333333333333
EK202310180957,163.63333333333333
EK202310208211,146.3
EK202310152382,148.6
EK202310174048,132.36666666666667
EK202310150319,150.36666666666667
EK202310152702,148.83333333333334
EK202310170820,135.93333333333334
EK202320007378,161.3
EK202310131773,144.6
EK202310185301,159.03333333333333
EK202310175383,143.7
EK202310170884,137.76666666666668
EK202310178300,150.06666666666666
EK202310246617,161.7
EK202310238047,137.13333333333333
EK202310208163,149.23333333333332
EK202310124260,141.13333333333333
EK202310128456,137.6
EK202310212256,131.33333333333334
EK202310234312,141.56666666666666
EK202310104195,151.13333333333333
EK202310148897,172.6
EK202310158080,141.16666666666666
EK202310219877,145.9
EK202310165158,134.86666666666667
EK202310109254,144.53333333333333
EK202310185727,152.53333333333333
EK202310143277,140.23333333333332
EK202310194994,158.4
EK202310243012,158.06666666666666
EK202310134903,133.33333333333334
EK202310231333,137.6
EK202310156732,167.13333333333333
EK202310216366,136.56666666666666
EK202310220643,140.1
EK202310165968,135.5
EK202310246411,129.63333333333333
EK202310155750,139.3
EK202310190049,145.96666666666667
EK202310004189,164.93333333333334
EK202310184691,171.36666666666667
EK202310111760,142.56666666666666
EK202310176428,140.8
EK202310152951,149.03333333333333
EK202310104263,151.93333333333334
EK202310103997,145.03333333333333
EK202310229279,136.4
EK202310157826,136.96666666666667
EK202310142511,141.46666666666667
EK202310232992,139.2
EK202320007132,167.5
EK202310180745,136.3
EK202310225853,133.63333333333333
EK202310198235,141.0
EK202310196329,148.86666666666667
EK202310223113,131.36666666666667
EK202310166045,155.03333333333333
EK202310174983,143.2
EK202310197554,162.86666666666667
EK202310215823,139.33333333333334
EK202310122372,153.5
EK202310157463,146.6
EK202310175294,142.06666666666666
EK202310004183,151.33333333333334
EK202310111002,138.03333333333333
EK202310132507,168.26666666666668
EK202310226239,128.26666666666668
EK202310160993,132.56666666666666
EK202310177494,141.2
EK202310247179,157.23333333333332
EK202310159413,154.06666666666666
EK202310205675,135.06666666666666
EK202310204805,149.73333333333332
EK202310104970,144.7
EK202310143326,150.33333333333334
EK202310104508,154.43333333333334
EK202310109138,138.0
EK202310155067,137.43333333333334
EK202310180368,164.5
EK202310174283,153.03333333333333
EK202310164563,145.06666666666666
EK202310248605,149.6
EK202310144814,151.23333333333332
EK202310151103,142.56666666666666
EK202310137749,133.96666666666667
EK202310244871,130.6
EK202310231958,135.93333333333334
EK202320006420,180.6
EK202310180132,129.56666666666666
EK202310208818,137.16666666666666
EK202310242680,135.7
EK202310124810,166.6
EK202310179535,142.23333333333332
EK202310180039,135.43333333333334
EK202310142068,147.5
EK202310241810,136.63333333333333
EK202310142213,151.76666666666668
EK202310205835,137.93333333333334
EK202310176395,139.33333333333334
EK202310108817,154.16666666666666
EK202310144432,134.46666666666667
EK202310164208,138.83333333333334
EK202310125282,132.3
EK202310110364,136.5
EK202310147767,148.36666666666667
EK202310175310,148.3
EK202310169612,120.5
EK202310177089,141.23333333333332
EK202310164613,141.06666666666666
EK202310214491,152.73333333333332
EK202310159145,169.26666666666668
EK202310148143,158.56666666666666
EK202310130196,173.2
EK202310140526,136.83333333333334
EK202310220135,141.0
EK202310116422,149.13333333333333
EK202310121781,132.1
EK202310108897,142.56666666666666
EK202310110908,153.03333333333333
EK202310219796,148.03333333333333
EK202310109152,148.7
EK202310217807,141.96666666666667
EK202310115494,135.16666666666666
EK202310221948,132.03333333333333
EK202320006012,156.1
EK202310119926,137.9
EK202310212680,132.3
EK202310004522,148.76666666666668
EK202310200665,147.83333333333334
EK202310159142,140.73333333333332
EK202310217394,142.5
EK202310247390,177.4
EK202310153429,132.9
EK202310133009,154.93333333333334
EK202310183153,142.3
EK202310223238,150.76666666666668
EK202310189167,158.66666666666666
EK202310167404,141.2
EK202310123436,150.56666666666666
EK202310201161,162.56666666666666
EK202310202874,145.13333333333333
EK202310205144,141.16666666666666
EK202310211825,135.5
EK202310119888,141.16666666666666
EK202310187594,153.33333333333334
EK202310127146,151.76666666666668
EK202310115361,154.56666666666666
EK202310122062,145.2
EK202310161120,170.66666666666666
EK202310119640,153.73333333333332
EK202310196025,165.8
EK202310239045,135.56666666666666
EK202310197374,159.03333333333333
EK202310201644,137.1
EK202310239463,137.03333333333333
EK202310234006,145.43333333333334
EK202310209744,148.13333333333333
EK202310138496,164.4
EK202310159749,165.8
EK202310199933,144.83333333333334
EK202310121772,148.53333333333333
EK202310150984,137.36666666666667
EK202310245852,138.23333333333332
EK202310129919,154.16666666666666
EK202310203657,158.36666666666667
EK202320007279,166.36666666666667
EK202310213923,132.36666666666667
EK202310004091,137.6
EK202310142372,152.43333333333334
EK202320007651,154.5
EK202310188243,158.6
EK202310162087,153.26666666666668
EK202310124791,142.13333333333333
EK202310111667,138.2
EK202310105642,139.5
EK202310196224,162.03333333333333
EK202310159474,133.2
EK202310137962,128.43333333333334
EK202310194276,154.46666666666667
EK202310155765,139.26666666666668
EK202310222240,133.26666666666668
EK202310175830,149.2
EK202310115286,146.53333333333333
EK202310179252,133.16666666666666
EK202310216929,152.23333333333332
EK202310158567,130.03333333333333
EK202310124273,135.46666666666667
EK202310162224,160.23333333333332
EK202310165570,171.7
EK202310151292,122.43333333333334
EK202310123293,138.4
EK202310151984,141.9
EK202310133891,150.06666666666666
EK202310108554,142.0
EK202310108056,153.46666666666667
EK202310208276,139.73333333333332
EK202310106720,138.2
EK202310164462,128.43333333333334
EK202310153370,150.06666666666666
EK202310156354,146.43333333333334
EK202310120895,139.53333333333333
EK202310204021,143.63333333333333
EK202310144453,167.76666666666668
EK202310187876,147.36666666666667
EK202310234386,141.23333333333332
EK202310223302,138.93333333333334
EK202310198885,139.06666666666666
EK202310133774,146.23333333333332
EK202310216355,142.06666666666666
EK202310170923,140.1
EK202310190308,148.06666666666666
EK202310116974,154.6
EK202310147600,149.83333333333334
EK202310134725,157.83333333333334
EK202310205939,131.16666666666666
EK202310166068,138.26666666666668
EK202310228965,141.9
EK202310106007,139.53333333333333
EK202310192113,154.66666666666666
EK202310168030,147.4
EK202310119751,141.96666666666667
EK202310196784,142.96666666666667
EK202310147073,149.06666666666666
EK202310215585,159.33333333333334
EK202310176737,138.5
EK202310191426,158.86666666666667
EK202310234686,139.76666666666668
EK202310173981,140.8
EK202310238285,144.83333333333334
EK202310004398,136.4
EK202310227760,141.0
EK202310228813,135.1
EK202310108999,150.83333333333334
EK202310170661,144.8
EK202310107069,130.53333333333333
EK202310107605,156.73333333333332
EK202310149427,167.03333333333333
EK202310235767,138.9
EK202310146513,151.36666666666667
EK202310134095,137.3
EK202310212824,146.1
EK202310187784,174.2
EK202310220588,149.73333333333332
EK202310171664,148.9
EK202310213580,138.0
EK202310117169,131.83333333333334
EK202310225689,132.36666666666667
EK202310228834,139.4
EK202310199085,150.7
EK202310115337,144.1
EK202310222451,136.4
EK202310120450,135.03333333333333
EK202310196902,158.33333333333334
EK202310213448,142.16666666666666
EK202310194551,161.0
EK202310210607,139.4
EK202310240625,136.56666666666666
EK202310232826,138.66666666666666
EK202310115580,150.96666666666667
EK202310230496,132.4
EK202310153896,137.7
EK202310167421,167.06666666666666
EK202310185386,144.56666666666666
EK202310226162,141.96666666666667
EK202320006296,156.96666666666667
EK202310122211,145.86666666666667
EK202310120410,135.36666666666667
EK202310135887,135.1
EK202310123262,141.0
EK202310116308,131.73333333333332
EK202310141964,132.13333333333333
EK202310114738,141.3
EK202320007799,138.7
EK202310135945,150.36666666666667
EK202310152049,136.43333333333334
EK202310159468,141.53333333333333
EK202310137922,136.1
EK202310137799,137.1
EK202310185003,151.56666666666666
EK202310183141,132.46666666666667
EK202310179706,129.7
EK202310226300,134.86666666666667
EK202310209408,140.23333333333332
EK202310224094,143.96666666666667
EK202310155840,140.03333333333333
EK202310153392,145.03333333333333
EK202310119916,144.66666666666666
EK202310189485,137.66666666666666
EK202310153973,163.93333333333334
EK202310143859,140.76666666666668
EK202310209322,148.43333333333334
EK202310219928,139.26666666666668
EK202310177843,138.93333333333334
EK202310235521,150.9
EK202310227218,146.56666666666666
EK202310120634,136.86666666666667
EK202310237236,134.96666666666667
EK202310174275,164.43333333333334
EK202310207517,132.96666666666667
EK202310197066,134.8
EK202310235418,140.16666666666666
EK202310229043,139.7
EK202310232518,138.73333333333332
EK202310127726,135.83333333333334
EK202310216259,163.76666666666668
EK202310132033,140.53333333333333
EK202310204271,144.06666666666666
EK202310194461,151.73333333333332
EK202310202541,145.66666666666666
EK202310201397,149.13333333333333
EK202310169275,138.13333333333333
EK202310115278,137.96666666666667
EK202310157300,152.06666666666666
EK202310111329,139.56666666666666
EK202310132731,170.76666666666668
EK202310107770,150.2
EK202310131063,149.6
EK202310212722,150.3
EK202310172610,159.4
EK202310243791,139.16666666666666
EK202310219499,136.56666666666666
EK202310131588,137.46666666666667
EK202310217120,140.86666666666667
EK202310172169,153.13333333333333
EK202310133205,140.1
EK202310190824,155.13333333333333
EK202310119229,147.03333333333333
EK202310172059,150.03333333333333
EK202320006521,153.4
EK202310221989,146.0
EK202310178785,165.8
EK202310183830,145.43333333333334
EK202310168297,135.93333333333334
EK202310127675,131.1
EK202310172854,139.7
EK202310176515,154.33333333333334
EK202310154731,144.86666666666667
EK202310213784,143.23333333333332
EK202310150574,149.46666666666667
EK202310130454,135.03333333333333
EK202310131489,158.23333333333332
EK202310174498,151.73333333333332
EK202310103853,153.7
EK202320007395,160.3
EK202310182375,154.13333333333333
EK202310146376,150.3
EK202310236179,127.33333333333333
EK202310149241,134.56666666666666
EK202310135136,135.26666666666668
EK202310140867,144.63333333333333
EK202310223502,131.13333333333333
EK202310243943,140.43333333333334
EK202310174164,144.63333333333333
EK202310158044,153.9
EK202310148103,138.46666666666667
EK202310156336,168.66666666666666
EK202310190263,157.63333333333333
EK202310176162,152.9
EK202310129272,140.0
EK202310199173,138.63333333333333
EK202310150794,131.4
EK202310207717,154.86666666666667
EK202310109712,143.66666666666666
EK202310142567,161.36666666666667
EK202310117141,147.33333333333334
EK202310204093,134.83333333333334
EK202310241706,158.43333333333334
EK202310183611,154.6
EK202310233211,141.43333333333334
EK202320005748,149.03333333333333
EK202310124159,133.43333333333334
EK202310138315,125.3
EK202310193796,146.0
EK202310218166,158.03333333333333
EK202310229779,141.1
EK202310131658,149.53333333333333
EK202310229978,128.2
EK202310171658,139.86666666666667
EK202310121521,146.9
EK202310190841,141.03333333333333
EK202310104228,142.36666666666667
EK202310113040,131.8
EK202310131735,149.26666666666668
EK202310170151,150.76666666666668
EK202310124366,134.06666666666666
EK202310149451,152.26666666666668
EK202310206552,140.86666666666667
EK202310129905,138.23333333333332
EK202310227850,134.36666666666667
EK202310235398,139.23333333333332
EK202310218108,126.96666666666667
EK202310157681,122.8
EK202310214538,147.93333333333334
EK202310201752,150.6
EK202310105353,149.2
EK202310106768,126.76666666666667
EK202310200116,165.26666666666668
EK202310127715,135.83333333333334
EK202310105124,146.3
EK202310198102,144.6
EK202310106141,141.73333333333332
EK202310165059,144.36666666666667
EK202310163969,151.8
EK202310163911,165.66666666666666
EK202310160055,151.1
EK202310126497,136.4
EK202310189545,145.63333333333333
EK202310187535,141.53333333333333
EK202310224997,141.8
EK202310147587,142.23333333333332
EK202310130969,137.83333333333334
EK202310157178,167.3
EK202310150244,137.03333333333333
EK202310114255,153.2
EK202310214855,142.76666666666668
EK202310158832,157.5
EK202310143631,122.83333333333333
EK202310206903,150.7
EK202310213965,145.6
EK202310140974,150.16666666666666
EK202310243752,147.96666666666667
EK202310230647,157.83333333333334
EK202310110490,130.06666666666666
EK202310168466,141.4
EK202310138755,156.6
EK202310169502,143.4
EK202310203430,174.63333333333333
EK202310163679,141.63333333333333
EK202310157628,136.6
EK202310224841,139.73333333333332
EK202310153096,164.26666666666668
EK202310116043,132.96666666666667
EK202310201955,136.73333333333332
EK202310240755,131.3
EK202310215391,159.7
EK202310120508,135.63333333333333
EK202310166816,140.7
EK202310197615,166.23333333333332
EK202310149113,151.1
EK202310187571,131.43333333333334
EK202310234394,134.26666666666668
EK202310204787,144.73333333333332
EK202310170562,157.73333333333332
EK202310158575,135.16666666666666
EK202310200164,150.26666666666668
EK202310167493,139.4
EK202310181034,141.53333333333333
EK202310167070,132.63333333333333
EK202310221166,128.53333333333333
EK202310157175,134.53333333333333
EK202310148464,141.26666666666668
EK202310143208,149.13333333333333
EK202310139027,131.03333333333333
EK202310224872,134.43333333333334
EK202310173761,149.76666666666668
EK202310234649,135.26666666666668
EK202310134946,176.2
EK202310132145,153.53333333333333
EK202310124351,134.9
EK202310240711,140.93333333333334
EK202310228181,129.7
EK202310152792,133.23333333333332
EK202310218480,155.66666666666666
EK202310233680,163.56666666666666
EK202310226082,145.6
EK202310166293,155.96666666666667
EK202310178413,169.8
EK202310192848,139.3
EK202310169316,143.33333333333334
EK202320006913,164.1
EK202310108324,126.36666666666666
EK202310209693,157.33333333333334
EK202310108004,162.0
EK202310198846,154.33333333333334
EK202310219677,139.2
EK202310164857,132.13333333333333
EK202310147656,152.76666666666668
EK202310145013,132.96666666666667
EK202310147368,151.43333333333334
EK202310170036,134.46666666666667
EK202310120376,141.16666666666666
EK202310150683,144.5
EK202310240238,155.43333333333334
EK202310217185,159.56666666666666
EK202310164586,142.3
EK202310198428,150.73333333333332
EK202310233407,134.66666666666666
EK202310163412,137.36666666666667
EK202310151118,130.53333333333333
EK202310206940,160.53333333333333
EK202310229350,131.6
EK202310118968,139.93333333333334
EK202320006106,170.26666666666668
EK202310201360,138.26666666666668
EK202310214617,152.6
EK202310230798,137.6
EK202310131993,135.53333333333333
EK202310165856,153.43333333333334
EK202310208421,133.46666666666667
EK202310140732,137.5
EK202310134224,149.1
EK202310108759,137.66666666666666
EK202310115586,143.1
EK202310166328,137.86666666666667
EK202310104171,141.03333333333333
EK202310218466,136.63333333333333
EK202310186769,141.73333333333332
EK202310231774,138.43333333333334
EK202310130856,132.46666666666667
EK202310199243,155.86666666666667
EK202310178583,132.93333333333334
EK202310231077,137.66666666666666
EK202310232984,128.93333333333334
EK202310204584,135.26666666666668
EK202310210808,133.06666666666666
EK202310243853,135.4
EK202310114871,138.46666666666667
EK202310220680,129.83333333333334
EK202310225716,144.03333333333333
EK202310171582,143.9
EK202310153093,141.73333333333332
EK202310170911,136.6
EK202310165452,163.36666666666667
EK202310235729,130.9
EK202310175158,135.43333333333334
EK202310161650,157.36666666666667
EK202310179057,144.03333333333333
EK202310173343,143.9
EK202310188221,136.36666666666667
EK202310207572,141.73333333333332
EK202310126999,150.13333333333333
EK202310121103,143.1
EK202310186391,144.73333333333332
EK202310210239,143.53333333333333
EK202310195085,142.7
EK202310160300,131.86666666666667
EK202310199891,136.76666666666668
EK202310163707,133.76666666666668
EK202310196523,154.8
EK202310234859,138.33333333333334
EK202310231803,142.4
EK202310136798,137.86666666666667
EK202310244538,137.33333333333334
EK202310004017,142.53333333333333
EK202320006492,155.8
EK202310185950,140.46666666666667
EK202310130639,139.76666666666668
EK202320005689,150.3
EK202320006687,152.86666666666667
EK202310167248,136.26666666666668
EK202310134731,140.93333333333334
EK202310179818,133.03333333333333
EK202310147913,147.2
EK202310153980,154.93333333333334
EK202310117979,134.26666666666668
EK202310149501,147.0
EK202310236960,144.83333333333334
EK202310181994,140.1
EK202310170364,132.5
EK202310173530,137.66666666666666
EK202310111439,126.6
EK202310222093,138.7
EK202310144055,143.16666666666666
EK202310214164,129.66666666666666
EK202310177168,153.93333333333334
EK202310233756,145.26666666666668
EK202310154451,147.16666666666666
EK202310193603,140.43333333333334
EK202310210012,135.46666666666667
EK202310109490,141.06666666666666
EK202310161365,157.33333333333334
EK202310153596,144.73333333333332
EK202310171021,162.1
EK202310135046,145.63333333333333
EK202310105468,131.13333333333333
EK202310180678,150.23333333333332
EK202310123763,149.36666666666667
EK202310137466,139.33333333333334
EK202310138581,170.36666666666667
EK202310221347,145.73333333333332
EK202310175567,141.93333333333334
EK202310136752,149.23333333333332
EK202310129734,157.06666666666666
EK202310120365,145.9
EK202310127797,144.26666666666668
EK202310183416,150.16666666666666
EK202310239153,158.63333333333333
EK202310222246,147.73333333333332
EK202310144082,130.8
EK202310226435,137.1
EK202310110236,149.13333333333333
EK202310172009,139.23333333333332
EK202310152432,159.6
EK202310219667,139.5
EK202310202548,154.4
EK202310179444,133.83333333333334
EK202310110933,139.1
EK202310112714,146.93333333333334
EK202310129776,159.13333333333333
EK202310184025,145.9
EK202310199495,142.8
EK202310120853,145.96666666666667
EK202310110965,149.63333333333333
EK202310125670,132.23333333333332
EK202310129995,160.3
EK202310228248,133.8
EK202310128534,131.76666666666668
EK202310183479,148.6
EK202310159882,150.13333333333333
EK202310224442,136.3
EK202310119875,153.66666666666666
EK202310165118,140.23333333333332
EK202310003461,133.7
EK202310127902,131.16666666666666
EK202310241227,152.53333333333333
EK202310177075,128.5
EK202310195321,147.0
EK202310109724,162.26666666666668
EK202310224884,129.33333333333334
EK202310246986,139.53333333333333
EK202310180027,142.53333333333333
EK202310143531,143.46666666666667
EK202310180604,133.93333333333334
EK202310241988,157.7
EK202310109076,142.03333333333333
EK202310117902,134.23333333333332
EK202310215898,137.23333333333332
EK202310134539,133.36666666666667
EK202310239440,142.06666666666666
EK202310230665,133.76666666666668
EK202310172063,150.7
EK202310126450,130.46666666666667
EK202310229116,141.8
EK202310178898,151.0
EK202310111721,145.8
EK202310170101,163.5
EK202310158581,145.23333333333332
EK202310157015,167.4
EK202310229038,135.46666666666667
EK202310222680,136.3
EK202310111285,143.2
EK202310222575,159.33333333333334
EK202310156621,175.6
EK202310199481,149.43333333333334
EK202310204046,154.43333333333334
EK202310219609,130.26666666666668
EK202310222642,134.7
EK202310199140,139.76666666666668
EK202310200730,141.96666666666667
EK202310139007,136.2
EK202310126900,135.7
EK202310228039,141.1
EK202310177276,143.76666666666668
EK202310233570,140.83333333333334
EK202310237169,140.13333333333333
EK202310238023,158.8
EK202310127838,139.93333333333334
EK202310232618,137.83333333333334
EK202310114863,139.33333333333334
EK202310196485,146.76666666666668
EK202310128223,131.23333333333332
EK202310121663,138.16666666666666
EK202310111075,150.56666666666666
EK202310131404,136.33333333333334
EK202310104361,143.4
EK202310188771,146.96666666666667
EK202310166069,161.06666666666666
EK202310225476,120.66666666666667
EK202310118945,147.9
EK202310203625,142.2
EK202310245898,134.66666666666666
EK202310197749,141.43333333333334
EK202310185073,137.1
EK202310114565,136.5
EK202310151446,153.13333333333333
EK202310206021,142.46666666666667
EK202310179791,145.43333333333334
EK202310205394,135.46666666666667
EK202310166488,160.4
EK202310106840,133.5
EK202310115082,143.06666666666666
EK202310173564,140.3
EK202310205877,154.73333333333332
EK202310152051,140.0
EK202310144703,136.33333333333334
EK202310130259,164.46666666666667
EK202310177228,143.73333333333332
EK202310218957,155.23333333333332
EK202310142498,148.8
EK202310119549,134.33333333333334
EK202310233725,131.7
EK202310233810,150.86666666666667
EK202310210342,133.16666666666666
EK202310142303,153.66666666666666
EK202310227362,134.2
EK202310212631,140.43333333333334
EK202310148066,146.26666666666668
EK202310115133,143.56666666666666
EK202310145502,129.83333333333334
EK202310151385,162.86666666666667
EK202310245859,138.93333333333334
EK202310222753,134.16666666666666
EK202310170556,153.5
EK202310186591,128.03333333333333
EK202310141795,156.63333333333333
EK202310129475,145.33333333333334
EK202310117335,139.66666666666666
EK202310219091,138.83333333333334
EK202310224742,131.13333333333333
EK202310153827,161.96666666666667
EK202310159244,145.5
EK202310218618,139.0
EK202310229622,136.23333333333332
EK202310212905,140.53333333333333
EK202310190075,133.7
EK202310190265,146.93333333333334
EK202310168559,120.56666666666666
EK202310215223,146.86666666666667
EK202310231305,137.16666666666666
EK202310220211,140.76666666666668
EK202310183222,139.63333333333333
EK202310141182,136.6
EK202310227695,136.6
EK202310233303,130.73333333333332
EK202310108658,133.16666666666666
EK202310157889,143.46666666666667
EK202310176473,135.53333333333333
EK202310235635,138.46666666666667
EK202310127390,146.9
EK202310137562,148.9
EK202310104205,148.2
EK202310174206,131.33333333333334
EK202310212816,166.06666666666666
EK202310147436,146.06666666666666
EK202310180611,145.93333333333334
EK202310210354,141.13333333333333
EK202310189663,133.33333333333334
EK202310119259,145.36666666666667
EK202310235125,133.13333333333333
EK202310246750,138.93333333333334
EK202310218896,142.63333333333333
EK202310203786,135.63333333333333
EK202310180913,138.03333333333333
EK202310124372,143.96666666666667
EK202310165379,137.7
EK202310180954,162.4
EK202310145852,133.43333333333334
EK202310236766,137.1
EK202310134276,153.2
EK202310121348,141.06666666666666
EK202310141601,146.33333333333334
EK202310128602,137.33333333333334
EK202310110423,137.16666666666666
EK202310145558,145.46666666666667
EK202310155126,142.7
EK202310148031,149.63333333333333
EK202310174648,148.46666666666667
EK202310107125,151.23333333333332
EK202310206336,170.63333333333333
EK202310244639,135.76666666666668
EK202310225703,128.3
EK202310246590,159.13333333333333
EK202310162037,152.3
EK202310214389,159.36666666666667
EK202310186078,147.23333333333332
EK202310237892,133.53333333333333
EK202310139019,144.8
EK202310144411,135.13333333333333
EK202310121887,140.5
EK202310182472,135.0
EK202310110577,141.93333333333334
EK202310217458,146.86666666666667
EK202310206751,160.1
EK202310135834,147.83333333333334
EK202310129936,143.8
EK202310193629,149.43333333333334
EK202310109058,143.56666666666666
EK202310229608,145.06666666666666
EK202310201686,140.86666666666667
EK202310206823,137.13333333333333
EK202310109660,130.3
EK202310202418,147.46666666666667
EK202310140335,139.5
EK202310198168,139.16666666666666
EK202310117989,144.2
EK202310110082,141.13333333333333
EK202310227199,134.1
EK202310219307,153.23333333333332
EK202310236825,139.6
EK202310114629,152.4
EK202310180370,160.6
EK202310145206,149.46666666666667
EK202310108111,150.36666666666667
EK202310226175,137.46666666666667
EK202310227223,160.26666666666668
EK202310199795,146.3
EK202310228694,140.93333333333334
EK202310217385,144.46666666666667
EK202310104812,136.7
EK202310216111,136.86666666666667
EK202310176703,138.13333333333333
EK202310240602,141.9
EK202310103728,139.16666666666666
EK202310220868,135.2
EK202310114579,139.96666666666667
EK202310165033,146.53333333333333
EK202310150030,155.66666666666666
EK202310201296,155.16666666666666
EK202310105195,144.66666666666666
EK202310213553,144.56666666666666
EK202310162788,156.9
EK202310216325,138.36666666666667
EK202310144613,152.4
EK202310226580,136.0
EK202310229109,138.33333333333334
EK202310124954,172.86666666666667
EK202310205954,132.06666666666666
EK202310179712,126.6
EK202310193847,150.0
EK202310175822,141.63333333333333
EK202310116359,124.83333333333333
EK202320006662,170.83333333333334
EK202310111520,138.13333333333333
EK202310213288,143.4
EK202310191137,152.06666666666666
EK202310132404,139.96666666666667
EK202310201570,141.56666666666666
EK202310203322,147.53333333333333
EK202310143258,148.13333333333333
EK202310241669,140.26666666666668
EK202310190261,147.26666666666668
EK202310145096,138.86666666666667
EK202310231686,146.06666666666666
EK202310163789,138.76666666666668
EK202310196402,142.6
EK202310230132,144.76666666666668
EK202310155673,136.16666666666666
EK202310210437,135.36666666666667
EK202310107353,130.36666666666667
EK202310219475,143.13333333333333
EK202310232408,141.26666666666668
EK202310152774,126.13333333333334
EK202310200770,160.66666666666666
EK202310185372,148.73333333333332
EK202310119209,144.3
EK202310131238,138.56666666666666
EK202310162969,128.5
EK202310127182,145.9
EK202310245830,117.53333333333333
EK202310205893,135.66666666666666
EK202310104756,147.16666666666666
EK202310153892,150.86666666666667
EK202310244027,155.4
EK202310163145,139.36666666666667
EK202310165966,133.53333333333333
EK202310185338,153.36666666666667
EK202310004564,127.16666666666667
EK202310246545,126.3
EK202310243927,146.03333333333333
EK202310171098,142.96666666666667
EK202310226637,126.03333333333333
EK202310240501,134.03333333333333
EK202310213124,139.36666666666667
EK202310185369,144.06666666666666
EK202310184650,161.66666666666666
EK202310191710,130.0
EK202310186505,139.03333333333333
EK202310246315,148.6
EK202310128179,140.86666666666667
EK202310218717,136.73333333333332
EK202310140183,141.16666666666666
EK202310218416,136.3
EK202310104512,150.33333333333334
EK202310148024,143.13333333333333
EK202310211056,138.7
EK202310212788,142.93333333333334
EK202310151708,168.13333333333333
EK202310192193,144.76666666666668
EK202310147119,161.53333333333333
EK202310134171,150.6
EK202310120405,140.96666666666667
EK202310197432,128.86666666666667
EK202310116473,146.4
EK202310148941,142.06666666666666
EK202310225424,158.93333333333334
EK202310160249,150.96666666666667
EK202310177564,131.36666666666667
EK202310147712,130.3
EK202310130033,137.0
EK202310161738,147.0
EK202310225844,130.46666666666667
EK202310200581,166.96666666666667
EK202310155845,143.0
EK202310121666,128.56666666666666
EK202310124396,134.83333333333334
EK202310234458,139.2
EK202310122157,134.13333333333333
EK202310122028,158.3
EK202310178168,147.13333333333333
EK202320006120,153.06666666666666
EK202310104089,151.4
EK202310130047,130.0
EK202310233902,139.23333333333332
EK202310145593,137.06666666666666
EK202310145435,141.83333333333334
EK202310121638,153.03333333333333
EK202310175711,146.53333333333333
EK202310178650,132.66666666666666
EK202310209932,129.13333333333333
EK202310150842,141.06666666666666
EK202310176075,122.03333333333333
EK202310225913,160.6
EK202310223616,141.36666666666667
EK202310177498,137.06666666666666
EK202310210293,132.1
EK202310243077,146.03333333333333
EK202310120981,141.63333333333333
EK202310161599,142.86666666666667
EK202310199852,146.16666666666666
EK202310152182,148.83333333333334
EK202310201657,153.7
EK202310108940,161.13333333333333
EK202310167429,147.9
EK202310245926,140.73333333333332
EK202310152784,148.36666666666667
EK202310124342,132.8
EK202310161267,148.76666666666668
EK202310145118,129.83333333333334
EK202310124701,134.16666666666666
EK202310144618,141.2
EK202310233384,135.8
EK202310207039,154.86666666666667
EK202310190234,134.43333333333334
EK202310198686,145.83333333333334
EK202310120341,151.16666666666666
EK202310247847,142.83333333333334
EK202310003450,160.76666666666668
EK202310134573,148.83333333333334
EK202310116321,129.56666666666666
EK202310202729,144.16666666666666
EK202310225102,150.7
EK202320007842,151.06666666666666
EK202310185093,141.36666666666667
EK202310147662,148.06666666666666
EK202310202843,137.6
EK202310233390,138.06666666666666
EK202310136750,146.86666666666667
EK202310132231,140.03333333333333
EK202310229820,140.4
EK202310198900,130.73333333333332
EK202310112722,136.06666666666666
EK202310124481,134.46666666666667
EK202310168703,135.73333333333332
EK202310215506,155.73333333333332
EK202310227298,135.7
EK202310162425,140.9
EK202310147420,125.46666666666667
EK202310230006,152.0
EK202310107551,161.13333333333333
EK202310245496,130.76666666666668
EK202310121500,137.23333333333332
EK202310137045,131.6
EK202310004368,131.3
EK202310124048,139.6
EK202310123230,145.16666666666666
EK202310003475,131.93333333333334
EK202310129436,144.4
EK202310202223,144.56666666666666
EK202310135682,143.76666666666668
EK202310113775,147.6
EK202310143850,137.86666666666667
EK202310199362,154.3
EK202310206686,145.93333333333334
EK202310134277,145.8
EK202310244824,136.73333333333332
EK202310127241,151.63333333333333
EK202310153015,143.76666666666668
EK202310183863,129.26666666666668
EK202310194062,146.63333333333333
EK202310137570,144.9
EK202310105406,153.86666666666667
EK202310211726,140.03333333333333
EK202310140163,152.16666666666666
EK202310151370,142.66666666666666
EK202310183307,138.83333333333334
EK202310209242,128.9
EK202310201596,141.26666666666668
EK202310148319,143.5
EK202310212091,130.9
EK202310231030,137.7
EK202310111993,134.16666666666666
EK202310156211,158.53333333333333
EK202310104592,140.96666666666667
EK202310133538,152.4
EK202310143489,130.53333333333333
EK202310108608,147.2
EK202310209410,145.53333333333333
EK202310196298,170.6
EK202310200348,139.53333333333333
EK202310130825,129.3
EK202310211388,155.33333333333334
EK202310151265,130.63333333333333
EK202310161779,142.73333333333332
EK202310117949,148.3
EK202310204507,165.1
EK202310104001,134.16666666666666
EK202310217266,139.26666666666668
EK202310210738,134.8
EK202310179516,140.5
EK202310185260,137.8
EK202310117134,140.9
EK202310218620,136.73333333333332
EK202310118920,149.53333333333333
EK202310174953,164.83333333333334
EK202310235880,167.5
EK202310246765,127.7
EK202310151192,134.86666666666667
EK202310218327,133.66666666666666
EK202310184977,146.16666666666666
EK202310106156,141.86666666666667
EK202310174601,132.7
EK202310242933,120.1
EK202320006248,154.9
EK202310155266,146.66666666666666
EK202310118205,163.03333333333333
EK202320007868,147.53333333333333
EK202310122476,130.66666666666666
EK202310246704,133.16666666666666
EK202310154390,134.9
EK202310208154,136.83333333333334
EK202310130903,129.83333333333334
EK202310244992,138.66666666666666
EK202310141315,148.33333333333334
EK202310119220,136.93333333333334
EK202310245411,135.53333333333333
EK202310122328,143.33333333333334
EK202310145979,137.7
EK202310137109,133.9
EK202310107808,141.9
EK202310237598,146.96666666666667
EK202310150637,144.33333333333334
EK202310115093,139.83333333333334
EK202310121973,144.7
EK202310201313,140.16666666666666
EK202310171481,153.73333333333332
EK202310151406,163.53333333333333
EK202310201141,153.2
EK202310179223,136.43333333333334
EK202310195934,167.06666666666666
EK202310142396,148.36666666666667
EK202310161167,140.8
EK202310166581,150.9
EK202310247520,150.46666666666667
EK202310113867,138.36666666666667
EK202310124498,138.0
EK202310156133,144.0
EK202310199597,142.46666666666667
EK202310161135,158.23333333333332
EK202310215679,142.8
EK202310238774,134.16666666666666
EK202310196868,135.8
EK202310112295,146.46666666666667
EK202310235239,149.7
EK202310127731,140.03333333333333
EK202310230868,136.8
EK202310217903,147.16666666666666
EK202310172613,137.3
EK202310129229,148.5
EK202310190368,152.9
EK202310162297,132.9
EK202310222739,124.7
EK202310161749,137.46666666666667
EK202310155297,144.36666666666667
EK202310108502,153.2
EK202310130801,144.73333333333332
EK202310231593,134.56666666666666
EK202310125919,148.33333333333334
EK202310209411,138.43333333333334
EK202310179339,135.33333333333334
EK202310187200,161.6
EK202310146890,146.6
EK202310166979,138.6
EK202310237165,140.03333333333333
EK202310152579,146.36666666666667
EK202310003917,149.43333333333334
EK202310235269,164.7
EK202310108468,143.46666666666667
EK202310143968,146.13333333333333
EK202310160042,127.13333333333334
EK202310203662,149.26666666666668
EK202310151437,158.2
EK202310144465,134.23333333333332
EK202310190402,152.06666666666666
EK202310134264,126.53333333333333
EK202310234082,149.26666666666668
EK202310210958,140.73333333333332
EK202310139701,130.96666666666667
EK202310143670,162.5
EK202310144634,139.96666666666667
EK202310141663,143.66666666666666
EK202310137665,134.73333333333332
EK202310205722,137.26666666666668
EK202310151909,145.1
EK202310221195,136.63333333333333
EK202310137582,144.53333333333333
EK202310194278,136.93333333333334
EK202310128272,126.4
EK202310106468,158.43333333333334
EK202310144004,131.43333333333334
EK202310128173,150.83333333333334
EK202310111420,139.53333333333333
EK202310120296,136.26666666666668
EK202310200950,153.16666666666666
EK202310175501,144.86666666666667
EK202310120331,143.16666666666666
EK202310228878,172.23333333333332
EK202310182513,163.63333333333333
EK202310146179,122.66666666666667
EK202310122722,140.26666666666668
EK202310105824,145.9
EK202310153125,170.3
EK202310245447,144.96666666666667
EK202310119032,139.23333333333332
EK202310121833,130.6
EK202310241687,124.56666666666666
EK202310239324,155.3
EK202310164441,132.86666666666667
EK202310140020,159.53333333333333
EK202310130010,158.6
EK202310121272,140.56666666666666
EK202310155947,146.43333333333334
EK202310235396,143.3
EK202310142223,157.7
EK202310112225,145.6
EK202310169440,136.8
EK202310136706,152.36666666666667
EK202310216973,135.63333333333333
EK202310226784,148.7
EK202310221041,136.46666666666667
EK202310231770,144.13333333333333
EK202310145329,158.36666666666667
EK202310134603,143.56666666666666
EK202310186803,155.06666666666666
EK202310004747,129.36666666666667
EK202310140470,146.33333333333334
EK202310195581,133.16666666666666
EK202310150690,140.13333333333333
EK202310107903,140.23333333333332
EK202310192146,151.9
EK202310148551,161.83333333333334
EK202310106261,137.43333333333334
EK202310146170,131.63333333333333
EK202310136162,139.7
EK202310113122,141.5
EK202310163718,125.33333333333333
EK202310183205,151.13333333333333
EK202310200858,156.83333333333334
EK202310196929,172.1
EK202310171438,169.7
EK202310174765,146.06666666666666
EK202310124046,138.7
EK202310152264,147.46666666666667
EK202310213792,149.2
EK202310165171,164.23333333333332
EK202310162758,146.0
EK202310143468,135.5
EK202310180043,133.8
EK202310147871,159.16666666666666
EK202310164549,141.33333333333334
EK202310201642,141.5
EK202310109113,139.6
EK202310174688,147.83333333333334
EK202310248259,144.3
EK202310185782,139.76666666666668
EK202310110936,134.96666666666667
EK202310117421,135.4
EK202310142478,129.96666666666667
EK202310141930,141.76666666666668
EK202310243981,128.63333333333333
EK202310172266,136.7
EK202310228140,133.46666666666667
EK202310176614,148.63333333333333
EK202310233607,160.7
EK202310106233,129.86666666666667
EK202310162621,167.33333333333334
EK202310190940,139.36666666666667
EK202310219344,159.4
EK202310154188,153.8
EK202310219915,143.26666666666668
EK202310166730,157.23333333333332
EK202310117725,134.96666666666667
EK202310166726,143.13333333333333
EK202310163657,155.16666666666666
EK202310228898,132.23333333333332
EK202310184184,148.7
EK202310125372,132.03333333333333
EK202310119495,134.53333333333333
EK202310117082,130.53333333333333
EK202310146291,146.5
EK202310241466,128.5
EK202310150849,143.0
EK202310202757,151.06666666666666
EK202310182560,146.13333333333333
EK202310112973,134.23333333333332
EK202310213514,136.93333333333334
EK202310221393,160.36666666666667
EK202310158310,178.66666666666666
EK202310140347,132.46666666666667
EK202310175551,152.5
EK202310180868,135.03333333333333
EK202320006868,170.6
EK202310248257,144.66666666666666
EK202310180309,153.53333333333333
EK202310229558,137.36666666666667
EK202310115971,143.63333333333333
EK202310160935,142.7
EK202310157633,140.46666666666667
EK202310146143,132.13333333333333
EK202310186183,159.76666666666668
EK202310211422,143.43333333333334
EK202310161977,166.1
EK202320006500,183.56666666666666
EK202310150314,144.93333333333334
EK202310110846,145.46666666666667
EK202310203222,145.7
EK202310129532,136.36666666666667
EK202310129904,147.2
EK202310186467,154.7
EK202310147117,143.33333333333334
EK202310116424,147.53333333333333
EK202310149442,145.73333333333332
EK202310104505,153.66666666666666
EK202310121773,146.9
EK202310127109,140.73333333333332
EK202310201894,174.4
EK202310188361,147.26666666666668
EK202310193295,150.4
EK202310177870,141.1
EK202310113628,138.56666666666666
EK202310139300,141.66666666666666
EK202310142961,149.56666666666666
EK202310105639,135.96666666666667
EK202310200187,153.96666666666667
EK202310235386,150.13333333333333
EK202310201587,155.86666666666667
EK202310139029,135.7
EK202310170332,149.76666666666668
EK202310104539,141.13333333333333
EK202310221009,143.56666666666666
EK202310111917,140.53333333333333
EK202310155020,136.4
EK202310209995,138.26666666666668
EK202310201277,144.83333333333334
EK202310142737,147.5
EK202310226601,137.96666666666667
EK202310248195,138.1
EK202310181017,136.83333333333334
EK202310141427,148.8
EK202310231407,135.66666666666666
EK202310137086,136.3
EK202310125507,137.53333333333333
EK202310122987,122.13333333333334
EK202310200912,131.83333333333334
EK202310104251,132.2
EK202310195674,153.23333333333332
EK202310223438,140.73333333333332
EK202310153194,168.6
EK202310213990,152.36666666666667
EK202310162781,131.03333333333333
EK202310187211,152.2
EK202310176227,141.86666666666667
EK202310234676,140.13333333333333
EK202310125148,143.6
EK202310177679,140.96666666666667
EK202310120787,144.5
EK202310145311,145.06666666666666
EK202310122627,141.83333333333334
EK202310201377,144.4
EK202310212640,143.36666666666667
EK202310123690,132.0
EK202310111428,143.53333333333333
EK202310231233,132.86666666666667
EK202310205587,158.13333333333333
EK202310126571,135.66666666666666
EK202310145090,140.63333333333333
EK202320006877,154.6
EK202310172065,138.5
EK202310198983,144.46666666666667
EK202310169546,134.26666666666668
EK202310111317,130.53333333333333
EK202310119424,149.5
EK202310135345,155.5
EK202310118372,129.6
EK202310170295,142.3
EK202310190557,128.86666666666667
EK202310200195,141.53333333333333
EK202310131868,170.63333333333333
EK202310158562,129.7
EK202310150891,137.8
EK202310151386,166.56666666666666
EK202310243101,138.43333333333334
EK202310146970,144.96666666666667
EK202310194638,143.16666666666666
EK202310142085,138.53333333333333
EK202310155341,138.2
EK202310226663,140.4
EK202310183726,164.0
EK202310189308,156.13333333333333
EK202310198713,172.56666666666666
EK202310202117,150.36666666666667
EK202310163684,130.7
EK202310111102,134.43333333333334
EK202310127044,139.66666666666666
EK202310118453,138.23333333333332
EK202310128214,132.46666666666667
EK202310135042,174.8
EK202310126915,139.06666666666666
EK202310147166,159.6
EK202310233052,136.3
EK202310141703,133.46666666666667
EK202310164168,139.03333333333333
EK202310156751,157.76666666666668
EK202310146541,130.66666666666666
EK202310184817,158.7
EK202310195187,153.26666666666668
EK202310168677,146.8
EK202310188486,139.36666666666667
EK202310224018,165.33333333333334
EK202310172986,139.56666666666666
EK202310161060,160.66666666666666
EK202310178666,140.0
EK202310166665,139.36666666666667
EK202310141091,154.3
EK202310191127,135.86666666666667
EK202310189382,141.33333333333334
EK202310172890,137.4
EK202310171361,142.3
EK202310186346,128.86666666666667
EK202310189932,136.0
EK202310189293,176.53333333333333
EK202310171610,136.86666666666667
EK202310239231,141.03333333333333
EK202310201004,128.36666666666667
EK202310178301,155.0
EK202310246066,135.8
EK202310243993,156.03333333333333
EK202310240850,134.43333333333334
EK202310115127,136.53333333333333
EK202310232199,120.4
EK202310217063,148.73333333333332
EK202310115674,137.33333333333334
EK202310110226,143.06666666666666
EK202310181037,141.8
EK202310004136,142.56666666666666
EK202310159843,156.86666666666667
EK202310126952,132.1
EK202310230766,139.26666666666668
EK202310110797,131.53333333333333
EK202310231475,134.16666666666666
EK202310135719,148.5
EK202310145051,132.7
EK202310113543,141.66666666666666
EK202310159237,142.5
EK202310238856,135.33333333333334
EK202310121123,142.33333333333334
EK202310192625,142.76666666666668
EK202310170391,138.9
EK202310141783,143.3
EK202310117317,129.06666666666666
EK202310159443,124.06666666666666
EK202310224692,166.93333333333334
EK202310129133,147.9
EK202310118922,149.66666666666666
EK202310187333,133.16666666666666
EK202310149791,154.3
EK202310231752,143.2
EK202310130461,147.03333333333333
EK202310151790,141.46666666666667
EK202310156693,141.5
EK202310138274,173.93333333333334
EK202310217407,140.4
EK202310115388,138.5
EK202310145689,139.0
EK202310104824,132.5
EK202310247570,147.43333333333334
EK202310197035,134.9
EK202310230114,139.93333333333334
EK202310105854,149.46666666666667
EK202310187457,142.23333333333332
EK202310192506,148.76666666666668
EK202310140455,127.03333333333333
EK202310226538,134.5
EK202310175408,136.23333333333332
EK202310132765,147.23333333333332
EK202310193721,146.7
EK202310151285,150.86666666666667
EK202310178760,159.06666666666666
EK202310149663,141.06666666666666
EK202310219711,135.56666666666666
EK202310217272,151.33333333333334
EK202310238355,140.83333333333334
EK202310188659,147.46666666666667
EK202310205449,125.26666666666667
EK202310233265,166.16666666666666
EK202310109651,136.63333333333333
EK202310226933,138.8
EK202310159603,137.06666666666666
EK202310105868,143.26666666666668
EK202310171812,135.1
EK202310176259,161.36666666666667
EK202310122912,167.6
EK202310184013,160.2
EK202310179868,136.1
EK202310176252,151.83333333333334
EK202310239466,133.86666666666667
EK202310228949,132.26666666666668
EK202310169903,143.03333333333333
EK202310209528,148.63333333333333
EK202310213123,140.76666666666668
EK202310173452,119.26666666666667
EK202310230252,142.1
EK202310106835,129.96666666666667
EK202320007700,168.46666666666667
EK202310198359,131.83333333333334
EK202310180758,145.46666666666667
EK202310227440,134.36666666666667
EK202310239839,140.73333333333332
EK202310145401,143.2
EK202310131446,140.73333333333332
EK202310121079,134.36666666666667
EK202310159312,165.16666666666666
EK202310167080,156.66666666666666
EK202310110131,140.13333333333333
EK202310173862,139.83333333333334
EK202310184021,165.5
EK202310223793,146.16666666666666
EK202310190740,151.7
EK202310165164,134.4
EK202310136762,138.03333333333333
EK202310187434,141.66666666666666
EK202310212919,147.0
EK202310147933,142.76666666666668
EK202310217428,142.56666666666666
EK202310163195,136.36666666666667
EK202310144020,143.5
EK202310226546,136.96666666666667
EK202310172034,139.6
EK202310113666,142.63333333333333
EK202310189588,135.03333333333333
EK202310107725,147.23333333333332
EK202310195274,140.43333333333334
EK202310180008,130.0
EK202310164031,133.2
EK202310229645,135.83333333333334
EK202310125934,145.6
EK202310218196,144.56666666666666
EK202310119725,148.46666666666667
EK202310133573,137.2
EK202310219254,170.1
EK202310105775,141.8
EK202310163730,143.76666666666668
EK202310119408,148.43333333333334
EK202310134331,149.16666666666666
EK202310138761,146.6
EK202310126020,141.9
EK202310128964,138.6
EK202310225868,139.8
EK202310217967,134.36666666666667
EK202310222323,148.73333333333332
EK202310206855,141.23333333333332
EK202310152085,169.63333333333333
EK202310004023,155.46666666666667
EK202310211193,149.03333333333333
EK202310189925,146.63333333333333
EK202310152235,154.7
EK202310189056,145.16666666666666
EK202310242595,135.66666666666666
EK202310140195,148.03333333333333
EK202310181500,141.26666666666668
EK202310171216,141.36666666666667
EK202310209110,142.0
EK202310246479,134.86666666666667
EK202310194938,141.03333333333333
EK202310224895,146.2
EK202310195509,145.2
EK202310173849,118.9
EK202310116837,152.06666666666666
EK202310105574,135.6
EK202310196041,154.93333333333334
EK202310122385,135.66666666666666
EK202310193454,134.9
EK202310124125,136.8
EK202310180862,122.86666666666666
EK202310234723,144.53333333333333
EK202310126036,139.23333333333332
EK202310171137,159.16666666666666
EK202310233393,135.1
EK202310132926,130.73333333333332
EK202310160365,134.66666666666666
EK202310211274,141.2
EK202310225058,157.26666666666668
EK202310194840,146.96666666666667
EK202310216072,127.73333333333333
EK202310224888,157.23333333333332
EK202310003930,138.33333333333334
EK202310187789,169.73333333333332
EK202310237317,133.56666666666666
EK202310188643,159.46666666666667
EK202310163618,166.63333333333333
EK202310216984,145.3
EK202310243216,151.3
EK202310111010,138.86666666666667
EK202310140852,143.76666666666668
EK202310114085,141.63333333333333
EK202310123385,145.53333333333333
EK202310222159,134.26666666666668
EK202310203038,146.33333333333334
EK202320005703,169.03333333333333
EK202320006527,169.9
EK202310234277,140.8
EK202310135781,140.8
EK202310157465,145.96666666666667
EK202310178744,147.53333333333333
EK202310238253,147.83333333333334
EK202310122583,137.86666666666667
EK202310214372,145.2
EK202310174457,142.96666666666667
EK202310167149,138.76666666666668
EK202310228958,134.9
EK202310157246,139.36666666666667
EK202310148323,148.56666666666666
EK202310174823,145.66666666666666
EK202310165142,141.86666666666667
EK202310207746,134.7
EK202310245090,136.26666666666668
EK202310181612,148.83333333333334
EK202310217652,130.56666666666666
EK202310161957,132.83333333333334
EK202310116818,138.56666666666666
EK202310180631,148.86666666666667
EK202310158422,147.56666666666666
EK202310195969,154.93333333333334
EK202310226142,140.53333333333333
EK202310199652,169.5
EK202310150930,145.53333333333333
EK202310148331,140.43333333333334
EK202310189171,144.4
EK202310194950,143.2
EK202310242729,141.1
EK202310221050,138.33333333333334
EK202310105169,143.8
EK202310231810,135.43333333333334
EK202310201600,166.76666666666668
EK202310173892,138.1
EK202310103909,144.73333333333332
EK202310207543,141.16666666666666
EK202310217532,132.26666666666668
EK202310131408,130.36666666666667
EK202310216303,133.76666666666668
EK202310207214,139.53333333333333
EK202310237069,149.4
EK202310130210,154.33333333333334
EK202310148179,155.86666666666667
EK202310230098,127.13333333333334
EK202310106540,132.8
EK202310247875,133.63333333333333
EK202310131197,160.96666666666667
EK202310213017,140.13333333333333
EK202310226797,148.16666666666666
EK202310124853,136.96666666666667
EK202310219648,131.76666666666668
EK202310242013,134.16666666666666
EK202310190443,140.56666666666666
EK202310142718,125.7
EK202310173178,143.7
EK202310125534,138.03333333333333
EK202310122118,136.2
EK202310151782,143.56666666666666
EK202310142165,138.8
EK202310120956,136.9
EK202310158163,149.13333333333333
EK202310110021,133.26666666666668
EK202310196057,160.93333333333334
EK202310199008,140.3
EK202310003987,159.93333333333334
EK202310240352,147.76666666666668
EK202310165694,136.36666666666667
EK202310232204,139.0
EK202310125243,134.66666666666666
EK202310171212,138.43333333333334
EK202310165904,133.0
EK202310156703,135.26666666666668
EK202310161254,148.73333333333332
EK202310141589,134.9
EK202310139870,152.76666666666668
EK202310003550,149.13333333333333
EK202310004721,141.83333333333334
EK202310237716,137.5
EK202310162213,138.93333333333334
EK202310231470,135.06666666666666
EK202310165710,156.76666666666668
EK202310219597,124.53333333333333
EK202310177018,147.33333333333334
EK202310113173,141.9
EK202310161177,142.96666666666667
EK202310105482,134.96666666666667
EK202310178942,145.56666666666666
EK202310105694,151.93333333333334
EK202310120998,154.83333333333334
EK202310216864,158.56666666666666
EK202310198211,146.43333333333334
EK202310118620,160.26666666666668
EK202310221238,130.43333333333334
EK202310161217,144.23333333333332
EK202310218766,139.4
EK202310128213,142.3
EK202310137523,166.2
EK202310210262,128.56666666666666
EK202310155407,135.16666666666666
EK202310156355,153.23333333333332
EK202310171504,151.96666666666667
EK202310205541,137.13333333333333
EK202310165351,128.83333333333334
EK202310247442,142.8
EK202310131239,133.1
EK202310169672,129.43333333333334
EK202310118977,142.1
EK202310235793,141.33333333333334
EK202310200392,147.0
EK202310164965,134.43333333333334
EK202310171249,154.5
EK202310106318,133.46666666666667
EK202310237266,136.73333333333332
EK202310147471,134.96666666666667
EK202310194031,133.23333333333332
EK202310192307,153.46666666666667
EK202310181117,125.06666666666666
EK202310116526,148.13333333333333
EK202310194824,148.23333333333332
EK202310162842,162.36666666666667
EK202310181349,125.33333333333333
EK202310164261,151.6
EK202310131101,147.83333333333334
EK202310151625,137.96666666666667
EK202310141286,150.96666666666667
EK202310241249,143.73333333333332
EK202310212872,138.16666666666666
EK202310226815,131.56666666666666
EK202310141152,141.76666666666668
EK202310235794,136.5
EK202310229993,140.23333333333332
EK202310147668,148.96666666666667
EK202310164475,138.83333333333334
EK202310110039,140.76666666666668
EK202310187421,131.16666666666666
EK202310215044,150.9
EK202310105965,136.7
EK202310120150,138.83333333333334
EK202310201212,154.76666666666668
EK202310127536,141.93333333333334
EK202310165403,141.43333333333334
EK202310135385,142.43333333333334
EK202310159428,146.4
EK202310214834,153.43333333333334
EK202310130931,146.36666666666667
EK202310206054,162.53333333333333
EK202310112744,138.93333333333334
EK202310242341,142.93333333333334
EK202310159100,157.26666666666668
EK202310186817,122.86666666666666
EK202310187749,138.8
EK202310246213,144.7
EK202310202813,147.46666666666667
EK202310119983,133.43333333333334
EK202310241219,153.36666666666667
EK202310195435,153.2
EK202310199454,155.86666666666667
EK202310194920,151.9
EK202310151167,135.2
EK202310204930,152.46666666666667
EK202310210621,146.46666666666667
EK202310234981,142.8
EK202310218747,154.83333333333334
EK202310125674,133.83333333333334
EK202310004025,157.2
EK202310131481,149.93333333333334
EK202310162994,139.2
EK202310232677,130.4
EK202310004278,144.9
EK202310108810,156.13333333333333
EK202310225683,139.1
EK202310115846,141.83333333333334
EK202310003668,152.53333333333333
EK202310153044,148.7
EK202310206782,162.63333333333333
EK202310198360,140.3
EK202310103708,149.36666666666667
EK202310138116,140.93333333333334
EK202310160576,132.3
EK202310183081,125.83333333333333
EK202310105137,130.66666666666666
EK202310170115,140.5
EK202310116604,141.36666666666667
EK202310236944,139.46666666666667
EK202310175444,152.63333333333333
EK202310150908,148.26666666666668
EK202310204946,141.63333333333333
EK202310139272,136.93333333333334
EK202310173841,154.83333333333334
EK202310241566,140.76666666666668
EK202310140944,154.3
EK202310166702,133.53333333333333
EK202310172479,144.03333333333333
EK202310209418,140.13333333333333
EK202310165364,156.33333333333334
EK202310170685,138.9
EK202310137383,137.53333333333333
EK202310208374,145.23333333333332
EK202310124992,138.16666666666666
EK202310227242,139.83333333333334
EK202310200684,163.93333333333334
EK202310137981,149.33333333333334
EK202310183855,151.53333333333333
EK202310120432,136.6
EK202310128607,147.63333333333333
EK202310146775,137.5
EK202310175473,165.3
EK202310194578,151.2
EK202310199456,123.03333333333333
EK202310114576,144.63333333333333
EK202310232002,143.6
EK202310133113,167.63333333333333
EK202310177757,147.2
EK202310106035,143.9
EK202310161565,167.3
EK202310110506,141.9
EK202310206193,136.96666666666667
EK202310134593,172.36666666666667
EK202310157521,142.5
EK202310142924,155.86666666666667
EK202310237263,148.83333333333334
EK202310170297,162.26666666666668
EK202310106326,143.6
EK202310128380,131.6
EK202310222238,137.46666666666667
EK202310194876,161.43333333333334
EK202310228783,165.1
EK202310186905,169.56666666666666
EK202310116223,148.5
EK202310124674,135.83333333333334
EK202310164997,145.3
EK202310164834,141.96666666666667
EK202310207829,133.96666666666667
EK202310156532,171.8
EK202310129196,135.1
EK202310119383,146.03333333333333
EK202310246942,143.86666666666667
EK202310108008,145.2
EK202310209225,136.13333333333333
EK202310191622,170.03333333333333
EK202310207087,148.16666666666666
EK202310152145,146.7
EK202310130483,142.43333333333334
EK202310218772,144.43333333333334
EK202310202740,149.73333333333332
EK202310189738,139.46666666666667
EK202310150713,141.6
EK202310235780,143.2
EK202310245036,144.03333333333333
EK202310003439,119.33333333333333
EK202310231070,127.46666666666667
EK202320006731,169.06666666666666
EK202310244442,153.86666666666667
EK202310132886,139.36666666666667
EK202310147295,161.0
EK202310133587,149.6
EK202310186397,143.43333333333334
EK202310123728,143.06666666666666
EK202310232420,144.2
EK202310233200,131.6
EK202310187145,145.8
EK202310238519,129.06666666666666
EK202310122640,141.43333333333334
EK202310114892,146.23333333333332
EK202310172340,140.53333333333333
EK202310109402,143.03333333333333
EK202310229865,127.0
EK202310202666,146.56666666666666
EK202310106916,141.36666666666667
EK202320005781,169.36666666666667
EK202310127666,142.53333333333333
EK202310224319,130.06666666666666
EK202310164602,151.0
EK202310118941,143.93333333333334
EK202310234012,136.6
EK202310199233,142.6
EK202310214877,139.33333333333334
EK202310179245,149.4
EK202310160250,146.9
EK202310219316,133.4
EK202310175330,140.9
EK202310156975,147.66666666666666
EK202310115055,140.16666666666666
EK202310112754,139.7
EK202310175770,156.43333333333334
EK202310218114,138.86666666666667
EK202310135889,136.3
EK202310245028,140.53333333333333
EK202310104852,151.63333333333333
EK202310216044,149.93333333333334
EK202310230940,134.96666666666667
EK202310198398,156.2
EK202310152619,174.46666666666667
EK202310168477,144.23333333333332
EK202310236502,136.06666666666666
EK202310112037,148.53333333333333
EK202310159871,138.1
EK202310213645,138.4
EK202310120040,139.23333333333332
EK202310183203,147.43333333333334
EK202310109200,141.16666666666666
EK202310132933,146.76666666666668
EK202310137560,131.8
EK202310177041,140.23333333333332
EK202310137910,137.8
EK202310104847,131.5
EK202310200423,128.4
EK202310187271,143.36666666666667
EK202310213803,154.63333333333333
EK202310246954,135.3
EK202310118188,142.8
EK202310134413,158.56666666666666
EK202310232546,145.03333333333333
EK202310158497,170.7
EK202320007533,158.33333333333334
EK202310174045,149.96666666666667
EK202310232493,146.06666666666666
EK202310121025,158.23333333333332
EK202310203256,154.43333333333334
EK202310142445,167.23333333333332
EK202310184247,139.8
EK202310192611,142.1
EK202310119937,160.63333333333333
EK202310231831,148.03333333333333
EK202310208214,141.53333333333333
EK202310237790,135.56666666666666
EK202310187705,147.8
EK202310209139,144.96666666666667
EK202310170634,146.56666666666666
EK202310146481,146.63333333333333
EK202310198380,158.36666666666667
EK202310226702,136.06666666666666
EK202310222936,138.83333333333334
EK202310197081,131.8
EK202310116985,132.26666666666668
EK202310223669,133.7
EK202310204735,141.0
EK202310184616,148.3
EK202310148138,148.76666666666668
EK202310134199,150.5
EK202310149246,134.8
EK202310237457,137.96666666666667
EK202310160240,149.93333333333334
EK202310177402,160.23333333333332
EK202310231985,133.36666666666667
EK202310171409,148.96666666666667
EK202310176316,153.8
EK202310164869,144.0
EK202310134160,138.83333333333334
EK202310213361,131.16666666666666
EK202310204421,144.43333333333334
EK202310209884,155.0
EK202310136308,145.83333333333334
EK202310242777,132.8
EK202310193657,140.4
EK202310188052,154.3
EK202310147057,140.93333333333334
EK202310153768,144.3
EK202310144579,133.63333333333333
EK202310198362,146.86666666666667
EK202310105880,164.86666666666667
EK202310171799,139.63333333333333
EK202310120109,139.93333333333334
EK202310216065,138.7
EK202310170495,142.5
EK202310125667,160.43333333333334
EK202310105906,139.43333333333334
EK202310003424,163.7
EK202310195264,138.4
EK202310130646,133.4
EK202310115346,150.53333333333333
EK202310106003,134.26666666666668
EK202310193189,158.96666666666667
EK202310120005,135.33333333333334
EK202310225659,154.36666666666667
EK202310187329,164.7
EK202310234854,136.53333333333333
EK202310245195,140.93333333333334
EK202310245177,127.73333333333333
EK202310229481,142.8
EK202310218683,135.8
EK202310232957,137.33333333333334
EK202310244525,140.3
EK202310238364,153.96666666666667
EK202310233731,133.43333333333334
EK202310114718,132.4
EK202310152186,145.53333333333333
EK202310217521,136.26666666666668
EK202310183796,141.83333333333334
EK202310218461,131.8
EK202310113523,140.06666666666666
EK202310149413,167.4
EK202310115324,148.76666666666668
EK202310104367,150.76666666666668
EK202310124772,138.1
EK202310195448,139.5
EK202310211731,132.43333333333334
EK202310162193,130.63333333333333
EK202310187308,151.4
EK202310129859,153.93333333333334
EK202310170962,144.1
EK202310235749,133.06666666666666
EK202320007870,183.3
EK202310154838,151.0
EK202310206242,143.06666666666666
EK202310209717,142.2
EK202310247573,154.56666666666666
EK202310113989,126.3
EK202310152196,145.03333333333333
EK202310183083,133.13333333333333
EK202310234475,137.46666666666667
EK202310234459,136.93333333333334
EK202310106650,164.76666666666668
EK202310117634,137.16666666666666
EK202310128279,132.73333333333332
EK202310158721,133.76666666666668
EK202310234607,136.06666666666666
EK202310149804,142.4
EK202310242352,128.8
EK202310126148,157.83333333333334
EK202310165882,140.06666666666666
EK202310137378,148.5
EK202310112801,142.96666666666667
EK202310119995,132.53333333333333
EK202310123123,139.76666666666668
EK202310190387,149.7
EK202310226519,132.6
EK202310129375,139.66666666666666
EK202310245192,146.5
EK202310215168,134.3
EK202310137434,139.1
EK202310194720,133.86666666666667
EK202310201666,144.66666666666666
EK202310193830,151.43333333333334
EK202310178910,145.13333333333333
EK202310110446,143.16666666666666
EK202310166237,127.66666666666667
EK202310180109,156.86666666666667
EK202310146375,149.03333333333333
EK202310227332,132.4
EK202310241765,153.73333333333332
EK202310229368,130.86666666666667
EK202310135373,145.66666666666666
EK202310169663,153.86666666666667
EK202310236365,129.06666666666666
EK202310182601,132.23333333333332
EK202310144591,136.36666666666667
EK202310203065,143.9
EK202310185758,137.06666666666666
EK202310105204,142.1
EK202310150175,138.73333333333332
EK202310172599,138.56666666666666
EK202310145266,152.4
EK202310004647,153.93333333333334
EK202310242466,146.8
EK202310167834,143.5
EK202310225932,127.23333333333333
EK202310132329,137.9
EK202310123888,153.4
EK202310208707,147.76666666666668
EK202310201294,148.53333333333333
EK202310233641,144.93333333333334
EK202310140113,158.2
EK202310218544,141.4
EK202310219472,138.33333333333334
EK202310143848,138.86666666666667
EK202310134434,139.63333333333333
EK202310236630,142.83333333333334
EK202310198379,134.7
EK202310222797,140.2
EK202310248842,139.4
EK202310132974,136.73333333333332
EK202310235130,140.06666666666666
EK202310238228,145.83333333333334
EK202310226782,144.0
EK202310210339,138.8
EK202310189790,140.13333333333333
EK202310187315,148.86666666666667
EK202310171801,139.6
EK202310123573,146.16666666666666
EK202310172773,142.4
EK202310139716,152.4
EK202310110431,142.03333333333333
EK202310189055,138.26666666666668
EK202310124983,137.13333333333333
EK202310190155,139.53333333333333
EK202310238929,152.06666666666666
EK202310180436,137.33333333333334
EK202310230021,139.36666666666667
EK202310181912,151.56666666666666
EK202310178377,156.8
EK202310145374,130.56666666666666
EK202310126596,137.73333333333332
EK202310225731,139.56666666666666
EK202310138678,141.13333333333333
EK202310172372,141.03333333333333
EK202310116119,129.23333333333332
EK202310167609,143.1
EK202310244078,150.8
EK202310217427,132.13333333333333
EK202310182904,131.7
EK202310208329,152.73333333333332
EK202310189009,148.1
EK202310114945,144.3
EK202310139882,142.63333333333333
EK202310206869,140.86666666666667
EK202310192874,153.0
EK202310216134,151.5
EK202310203212,132.86666666666667
EK202310156888,138.6
EK202310182240,148.46666666666667
EK202310141092,166.6
EK202310124359,140.13333333333333
EK202310152947,143.26666666666668
EK202310114595,141.63333333333333
EK202310146656,129.33333333333334
EK202310223051,135.9
EK202310134381,130.83333333333334
EK202310208234,142.56666666666666
EK202310169332,145.96666666666667
EK202310103907,138.76666666666668
EK202310143678,149.36666666666667
EK202310114762,141.3
EK202310120679,156.7
EK202310153376,153.6
EK202310207113,149.4
EK202310229661,121.66666666666667
EK202310219333,160.2
EK202310131040,144.26666666666668
EK202310120192,139.8
EK202310114032,135.2
EK202310178367,157.93333333333334
EK202310195835,150.33333333333334
EK202310154385,142.0
EK202310215393,159.5
EK202310107773,139.83333333333334
EK202310164250,145.86666666666667
EK202310158284,156.86666666666667
EK202310181120,144.33333333333334
EK202320007585,165.86666666666667
EK202310182248,156.23333333333332
EK202310178445,148.8
EK202310151607,152.53333333333333
EK202310114270,134.33333333333334
EK202310237697,129.8
EK202310141166,135.43333333333334
EK202310153773,144.0
EK202310129425,150.93333333333334
EK202310114483,144.3
EK202310235872,140.3
EK202310140448,136.03333333333333
EK202310140940,161.76666666666668
EK202310173832,140.13333333333333
EK202310131844,152.93333333333334
EK202310236956,132.83333333333334
EK202310166354,147.13333333333333
EK202310122182,138.7
EK202310212213,145.9
EK202310165400,147.76666666666668
EK202310148714,133.56666666666666
EK202310126880,136.6
EK202310191702,138.6
EK202310161903,144.9
EK202310223034,137.0
EK202310188051,163.46666666666667
EK202310205595,143.5
EK202310171306,143.8
EK202310246135,140.43333333333334
EK202310210097,163.9
EK202310191192,149.26666666666668
EK202310216619,135.56666666666666
EK202310153794,154.46666666666667
EK202310122914,162.16666666666666
EK202310122058,138.6
EK202310138004,130.56666666666666
EK202310221367,159.6
EK202310158770,140.86666666666667
EK202310145695,147.9
EK202310125582,138.16666666666666
EK202310136243,135.93333333333334
EK202310194117,128.46666666666667
EK202310107078,140.96666666666667
EK202310190139,155.66666666666666
EK202310156770,171.33333333333334
EK202310178929,142.6
EK202310164953,150.86666666666667
EK202310118034,140.0
EK202310227978,134.63333333333333
EK202310144597,145.5
EK202310176112,155.56666666666666
EK202310162357,142.6
EK202310176897,129.1
EK202310134145,146.0
EK202310129907,140.96666666666667
EK202310229306,142.4
EK202310198497,146.96666666666667
EK202310163561,136.53333333333333
EK202310221369,155.73333333333332
EK202310176645,139.16666666666666
EK202310157146,154.7
EK202310120273,148.66666666666666
EK202310192592,136.93333333333334
EK202310169221,158.6
EK202310191453,142.3
EK202310131848,143.93333333333334
EK202310127626,144.16666666666666
EK202310213244,139.66666666666666
EK202310137030,137.66666666666666
EK202310146412,130.33333333333334
EK202310173918,162.73333333333332
EK202310161898,165.8
EK202310106892,137.66666666666666
EK202310110349,134.96666666666667
EK202310209540,138.46666666666667
EK202310191336,137.13333333333333
EK202310114498,127.76666666666667
EK202310181006,161.0
EK202310212668,139.73333333333332
EK202310158230,149.76666666666668
EK202310004318,127.4
EK202310247144,146.66666666666666
EK202310107710,138.56666666666666
EK202310228147,131.56666666666666
EK202310143106,144.43333333333334
EK202310167345,132.4
EK202310208077,124.3
EK202320006983,143.26666666666668
EK202310243790,140.13333333333333
EK202310126443,135.16666666666666
EK202310245699,134.16666666666666
EK202310194114,137.8
EK202310195998,154.83333333333334
EK202310198935,140.7
EK202310164465,153.06666666666666
EK202310181559,142.83333333333334
EK202310194595,167.36666666666667
EK202310158381,146.83333333333334
EK202310155757,134.56666666666666
EK202310180220,164.2
EK202310179540,149.53333333333333
EK202310161312,150.33333333333334
EK202310185555,146.03333333333333
EK202310186696,134.33333333333334
EK202310161004,139.66666666666666
EK202310124318,134.2
EK202310162537,163.06666666666666
EK202310246753,135.93333333333334
EK202310225958,138.93333333333334
EK202310186853,141.63333333333333
EK202310171921,156.73333333333332
EK202310114970,138.4
EK202310215111,153.63333333333333
EK202310211062,142.23333333333332
EK202310189772,163.26666666666668
EK202310136766,141.63333333333333
EK202310126300,140.53333333333333
EK202310221810,148.23333333333332
EK202310204369,138.06666666666666
EK202310169470,163.03333333333333
EK202310189339,147.9
EK202310190063,155.46666666666667
EK202310220996,122.9
EK202310164885,137.36666666666667
EK202310191557,150.0
EK202310210576,139.1
EK202320006385,150.96666666666667
EK202310192386,141.2
EK202310129301,149.23333333333332
EK202310212266,133.76666666666668
EK202310248678,132.5
EK202310121007,143.56666666666666
EK202310158409,152.1
EK202310230262,151.23333333333332
EK202310105099,141.16666666666666
EK202310225197,149.73333333333332
EK202310141113,143.86666666666667
EK202310112350,140.93333333333334
EK202310220805,136.46666666666667
EK202310220038,125.63333333333334
EK202310153113,170.9
EK202320006647,154.63333333333333
EK202310145953,146.66666666666666
EK202310209351,136.4
EK202310202126,142.66666666666666
EK202310191102,156.43333333333334
EK202310127097,146.3
EK202310126540,137.93333333333334
EK202310202419,139.2
EK202310116857,136.06666666666666
EK202320006346,162.86666666666667
EK202310216539,149.8
EK202310224958,130.96666666666667
EK202310222877,144.9
EK202310104924,155.13333333333333
EK202310230930,140.0
EK202310176678,144.8
EK202310144934,141.66666666666666
EK202310148649,143.2
EK202310168500,155.93333333333334
EK202310150427,139.73333333333332
EK202310205648,137.83333333333334
EK202310159787,137.6
EK202310131529,139.7
EK202310173679,133.0
EK202310216340,137.96666666666667
EK202310113807,145.1
EK202310189797,141.03333333333333
EK202310172848,138.73333333333332
EK202320007206,141.6
EK202310183124,135.73333333333332
EK202310202871,143.3
EK202310195901,145.63333333333333
EK202310108242,140.56666666666666
EK202310209662,136.83333333333334
EK202310186506,151.16666666666666
EK202310241427,145.1
EK202310104646,155.46666666666667
EK202310110500,145.56666666666666
EK202310140229,126.23333333333333
EK202310197951,131.13333333333333
EK202310204251,129.93333333333334
EK202310218413,142.66666666666666
EK202310111117,152.66666666666666
EK202310153521,143.4
EK202310163012,154.13333333333333
EK202310238189,158.33333333333334
EK202310139597,151.03333333333333
EK202310239588,137.43333333333334
EK202310197135,141.6
EK202310105473,141.36666666666667
EK202310142438,157.33333333333334
EK202310238026,145.36666666666667
EK202310194838,154.06666666666666
EK202310218361,141.33333333333334
EK202310192741,152.23333333333332
EK202310193265,149.76666666666668
EK202310216986,139.8
EK202310230537,140.2
EK202310119794,150.26666666666668
EK202310170043,131.1
EK202310108833,145.46666666666667
EK202310161240,155.03333333333333
EK202310234010,140.36666666666667
EK202310109182,145.06666666666666
EK202310230972,134.0
EK202310149335,151.66666666666666
EK202310107970,145.06666666666666
EK202310149458,151.6
EK202310144815,136.66666666666666
EK202310155738,150.13333333333333
EK202310204043,138.73333333333332
EK202310150762,138.26666666666668
EK202310177738,143.66666666666666
EK202310156587,134.43333333333334
EK202310157016,138.83333333333334
EK202310206235,134.33333333333334
EK202310220646,124.5
EK202310173733,147.5
EK202310245161,134.2
EK202310246615,156.66666666666666
EK202310107283,151.76666666666668
EK202310172948,136.2
EK202310223104,154.46666666666667
EK202310137920,138.13333333333333
EK202310237485,140.46666666666667
EK202310185339,137.93333333333334
EK202310150373,147.03333333333333
EK202310181031,142.53333333333333
EK202310246036,147.93333333333334
EK202310211321,134.8
EK202310166021,141.73333333333332
EK202310104995,135.4
EK202310154804,132.33333333333334
EK202310207957,139.86666666666667
EK202310115976,141.1
EK202310146527,155.33333333333334
EK202310241764,147.56666666666666
EK202310242749,144.9
EK202310174079,142.16666666666666
EK202310246052,133.23333333333332
EK202310224322,135.36666666666667
EK202310136529,138.2
EK202320005962,174.06666666666666
EK202310220450,171.6
EK202310212212,139.4
EK202310153182,149.83333333333334
EK202310105480,124.0
EK202310125339,136.4
EK202310237988,171.66666666666666
EK202310159218,138.43333333333334
EK202310178861,134.6
EK202310146447,141.2
EK202310242533,125.03333333333333
EK202310239148,150.26666666666668
EK202310206069,163.06666666666666
EK202310209438,137.96666666666667
EK202310203458,142.4
EK202310139769,136.1
EK202310192295,146.4
EK202310213849,156.93333333333334
EK202310117386,140.7
EK202310148126,139.63333333333333
EK202310141622,146.33333333333334
EK202310203974,159.7
EK202310124862,135.43333333333334
EK202310238082,141.66666666666666
EK202310131352,141.56666666666666
EK202310123750,153.56666666666666
EK202310165127,137.36666666666667
EK202310166390,157.73333333333332
EK202310245131,140.33333333333334
EK202310191228,146.06666666666666
EK202310218338,129.83333333333334
EK202310229880,131.03333333333333
EK202310139618,153.3
EK202310166418,127.3
EK202310114847,145.03333333333333
EK202310129128,137.3
EK202310129085,140.6
EK202310208641,159.8
EK202310241385,164.73333333333332
EK202310231427,131.73333333333332
EK202310183819,141.73333333333332
EK202310103894,150.73333333333332
EK202310115562,143.03333333333333
EK202310153110,154.73333333333332
EK202310107637,137.5
EK202310003429,133.9
EK202310141699,140.93333333333334
EK202310200793,139.96666666666667
EK202310107984,149.5
EK202310113752,140.4
EK202310136157,136.53333333333333
EK202310207954,140.26666666666668
EK202310135579,139.56666666666666
EK202310166104,143.23333333333332
EK202310127366,147.7
EK202310121696,147.26666666666668
EK202310138993,145.1
EK202310207033,145.53333333333333
EK202310122660,142.3
EK202310132081,159.33333333333334
EK202310198420,134.33333333333334
EK202310144336,146.03333333333333
EK202310238656,160.43333333333334
EK202310230161,133.66666666666666
EK202310202206,139.0
EK202310213571,142.13333333333333
EK202310203092,150.86666666666667
EK202310194418,164.66666666666666
EK202310128430,149.53333333333333
EK202310225153,158.63333333333333
EK202310160344,138.33333333333334
EK202310130554,126.86666666666666
EK202310165569,168.83333333333334
EK202310199349,141.33333333333334
EK202310129160,172.7
EK202310169725,167.23333333333332
EK202310160348,152.0
EK202310126901,122.03333333333333
EK202310199923,138.13333333333333
EK202310214691,141.43333333333334
EK202310202989,151.43333333333334
EK202310117244,139.5
EK202310162223,141.66666666666666
EK202310178451,171.1
EK202310233563,137.46666666666667
EK202310109378,148.23333333333332
EK202310177478,155.96666666666667
EK202310109053,132.63333333333333
EK202310125187,152.13333333333333
EK202320005814,154.8
EK202310211630,138.33333333333334
EK202310156552,164.2
EK202310148023,150.93333333333334
EK202310166593,148.23333333333332
EK202310215548,145.5
EK202310111952,144.06666666666666
EK202310187710,143.86666666666667
EK202310157541,140.3
EK202310171275,150.76666666666668
EK202310113025,135.16666666666666
EK202310197258,148.93333333333334
EK202310112846,145.16666666666666
EK202310127206,141.36666666666667
EK202310115243,140.43333333333334
EK202310124158,142.93333333333334
EK202310145344,139.43333333333334
EK202310115574,137.53333333333333
EK202310157721,154.7
EK202310122313,137.93333333333334
EK202310139139,163.16666666666666
EK202310225769,133.93333333333334
EK202310238365,130.6
EK202310237637,138.2
EK202310109616,147.3
EK202310133259,138.9
EK202310228157,149.73333333333332
EK202310198466,146.26666666666668
EK202310106809,140.0
EK202310165950,153.83333333333334
EK202310128641,145.2
EK202310148916,139.76666666666668
EK202310114147,147.53333333333333
EK202310232304,134.2
EK202310188415,147.46666666666667
EK202310232540,142.1
EK202310207576,148.23333333333332
EK202310231963,131.36666666666667
EK202310229805,145.0
EK202310161625,145.1
EK202310223364,141.63333333333333
EK202310145207,161.5
EK202310154942,142.1
EK202310177414,152.53333333333333
EK202310151135,162.56666666666666
EK202320005867,150.73333333333332
EK202310199483,142.36666666666667
EK202310193069,140.36666666666667
EK202310231001,135.4
EK202310153397,135.43333333333334
EK202320006411,142.73333333333332
EK202310178129,141.56666666666666
EK202310158178,138.56666666666666
EK202320006728,160.66666666666666
EK202310168603,148.83333333333334
EK202310188957,138.33333333333334
EK202310134962,160.7
EK202320006232,171.13333333333333
EK202310216197,146.06666666666666
EK202310205473,133.96666666666667
EK202310177138,135.63333333333333
EK202310003578,150.86666666666667
EK202310125915,140.1
EK202310163847,138.53333333333333
EK202310175723,146.26666666666668
EK202310167304,138.4
EK202310231580,135.43333333333334
EK202310224672,132.3
EK202310231849,167.8
EK202310118283,145.73333333333332
EK202310108021,134.73333333333332
EK202310244191,149.53333333333333
EK202310176446,143.86666666666667
EK202310153144,155.06666666666666
EK202310192762,144.7
EK202310155944,135.26666666666668
EK202310122042,140.3
EK202310139279,133.53333333333333
EK202310124333,140.13333333333333
EK202310222309,142.63333333333333
EK202310237489,140.46666666666667
EK202310225285,150.53333333333333
EK202310205925,143.23333333333332
EK202310146849,137.5
EK202310155584,142.36666666666667
EK202310127840,147.2
EK202310159012,136.86666666666667
EK202310171367,135.33333333333334
EK202310179659,143.16666666666666
EK202310147533,143.53333333333333
EK202310134101,138.16666666666666
EK202310167244,144.8
EK202310134522,149.73333333333332
EK202310188890,148.36666666666667
EK202310152081,159.33333333333334
EK202310168749,155.83333333333334
EK202310185345,145.96666666666667
EK202310212863,145.13333333333333
EK202310104615,135.3
EK202310188714,134.26666666666668
EK202310148084,150.5
EK202310211875,153.76666666666668
EK202310134441,141.13333333333333
EK202310187368,147.23333333333332
EK202310142139,149.6
EK202310216736,153.13333333333333
EK202310148523,126.43333333333334
EK202310177638,142.63333333333333
EK202310191439,144.66666666666666
EK202310184957,153.26666666666668
EK202310229730,131.5
EK202310171653,141.7
EK202310119614,126.2
EK202310193277,135.1
EK202310221106,138.86666666666667
EK202310196517,148.33333333333334
EK202310186815,138.3
EK202310118791,151.7
EK202310236202,137.13333333333333
EK202310121642,148.66666666666666
EK202310228637,138.83333333333334
EK202310171042,143.0
EK202310218012,147.23333333333332
EK202310238955,142.3
EK202310169993,169.2
EK202310227859,138.2
EK202310175628,139.73333333333332
EK202310225536,133.63333333333333
EK202310194964,154.13333333333333
EK202310170946,132.8
EK202310201972,140.36666666666667
EK202310204049,149.3
EK202310238497,144.0
EK202310231256,141.33333333333334
EK202310231579,143.7
EK202310174311,140.93333333333334
EK202310192651,138.9
EK202310114496,137.93333333333334
EK202310230770,125.66666666666667
EK202310242388,136.46666666666667
EK202310114424,142.7
EK202310166798,145.6
EK202310246359,128.83333333333334
EK202310165038,133.4
EK202310197955,129.53333333333333
EK202310121307,161.3
EK202310151932,140.83333333333334
EK202310242488,134.86666666666667
EK202310105346,142.7
EK202310133118,135.73333333333332
EK202310125218,133.2
EK202310104440,141.13333333333333
EK202310238581,154.7
EK202310128830,140.0
EK202310111289,134.4
EK202310218154,143.43333333333334
EK202310184481,147.9
EK202310151857,146.1
EK202310107393,142.53333333333333
EK202310150289,138.7
EK202310113235,147.1
EK202310154628,153.06666666666666
EK202310183234,153.13333333333333
EK202310193060,135.06666666666666
EK202310142940,136.73333333333332
EK202310177291,147.0
EK202310214941,146.6
EK202310123810,145.86666666666667
EK202310234861,142.3
EK202310166088,170.8
EK202310175230,118.73333333333333
EK202310173351,153.9
EK202310246599,141.23333333333332
EK202310121468,142.93333333333334
EK202310115870,135.56666666666666
EK202310122689,123.7
EK202310104457,136.46666666666667
EK202310239958,147.96666666666667
EK202310108834,132.36666666666667
EK202310242150,139.56666666666666
EK202310127460,143.3
EK202310150161,139.4
EK202310220593,152.03333333333333
EK202310208892,148.5
EK202310116640,147.33333333333334
EK202310228102,132.1
EK202310178599,136.86666666666667
EK202310211615,135.23333333333332
EK202310208762,137.4
EK202310118517,141.13333333333333
EK202310187114,143.43333333333334
EK202310119172,153.0
EK202310131645,155.46666666666667
EK202310106254,135.9
EK202310132336,127.6
EK202310226404,136.83333333333334
EK202310196510,144.16666666666666
EK202310116508,140.73333333333332
EK202310188534,150.86666666666667
EK202310177793,135.56666666666666
EK202310206591,137.56666666666666
EK202310192097,139.1
EK202310119525,134.1
EK202310168918,141.63333333333333
EK202310004052,148.03333333333333
EK202310155004,121.66666666666667
EK202310113224,136.03333333333333
EK202310168827,146.83333333333334
EK202310151452,152.76666666666668
EK202310233171,149.9
EK202310189316,133.13333333333333
EK202310165015,136.53333333333333
EK202310191520,136.1
EK202310154021,144.23333333333332
EK202310142035,139.9
EK202310136677,140.66666666666666
EK202310193692,151.4
EK202310217638,132.03333333333333
EK202310152626,156.4
EK202310130527,142.6
EK202310219621,130.26666666666668
EK202310117231,135.83333333333334
EK202310184541,165.76666666666668
EK202310123337,146.63333333333333
EK202310004825,159.46666666666667
EK202310004105,142.3
EK202310222141,139.53333333333333
EK202310223687,138.6
EK202310004753,135.5
EK202310138231,132.9
EK202310230297,171.93333333333334
EK202310123109,135.0
EK202310118394,136.53333333333333
EK202310236285,130.46666666666667
EK202310142984,146.6
EK202310228922,140.96666666666667
EK202310180656,161.9
EK202310198343,131.06666666666666
EK202310213613,136.63333333333333
EK202310143759,131.26666666666668
EK202310243098,146.23333333333332
EK202310140826,146.5
EK202310219432,139.8
EK202310235984,135.66666666666666
EK202310112132,147.26666666666668
EK202310207139,169.4
EK202310123515,137.16666666666666
EK202310147539,135.33333333333334
EK202310201614,152.46666666666667
EK202310242651,122.53333333333333
EK202310116831,145.26666666666668
EK202310142528,153.66666666666666
EK202310158275,132.23333333333332
EK202310119240,140.6
EK202310189798,141.2
EK202310140182,136.3
EK202310104020,135.06666666666666
EK202310144562,176.46666666666667
EK202310211897,135.66666666666666
EK202310209649,148.2
EK202310224584,144.43333333333334
EK202310149915,165.83333333333334
EK202310205659,138.3
EK202310150345,137.16666666666666
EK202310228952,135.1
EK202310126648,144.53333333333333
EK202310243579,139.66666666666666
EK202310164006,138.8
EK202310108668,141.1
EK202310137775,138.0
EK202310233150,141.4
EK202310152386,149.7
EK202310166882,131.83333333333334
EK202310231895,142.83333333333334
EK202310170539,141.3
EK202310115226,138.46666666666667
EK202310214376,151.9
EK202310137712,133.06666666666666
EK202310186209,140.63333333333333
EK202310205015,135.63333333333333
EK202310106040,130.56666666666666
EK202310170557,155.63333333333333
EK202310201318,141.3
EK202310230025,129.63333333333333
EK202310112264,145.13333333333333
EK202310187559,164.5
EK202310126729,145.06666666666666
EK202310208910,131.13333333333333
EK202310131942,135.23333333333332
EK202310154020,147.13333333333333
EK202310245865,145.23333333333332
EK202310192165,141.46666666666667
EK202310172699,136.76666666666668
EK202310157236,156.5
EK202310131791,158.16666666666666
EK202310200367,143.83333333333334
EK202310152638,148.96666666666667
EK202310229854,140.83333333333334
EK202310176423,142.33333333333334
EK202310229737,131.53333333333333
EK202310203806,139.23333333333332
EK202310115409,123.76666666666667
EK202310118234,135.76666666666668
EK202310140636,173.73333333333332
EK202310240942,135.56666666666666
EK202310197687,147.46666666666667
EK202310124485,156.33333333333334
EK202310144257,147.76666666666668
EK202310218871,139.93333333333334
EK202310210772,136.16666666666666
EK202310195971,174.1
EK202310135577,134.7
EK202310203323,141.43333333333334
EK202310128855,127.9
EK202310209533,141.2
EK202310174860,159.4
EK202310132988,142.43333333333334
EK202310210555,128.56666666666666
EK202310229724,138.16666666666666
EK202310159406,153.2
EK202310206212,135.1
EK202310105258,136.2
EK202310197230,144.16666666666666
EK202310146776,133.93333333333334
EK202310171620,129.7
EK202310241357,145.16666666666666
EK202310138908,137.76666666666668
EK202310144141,153.7
EK202310183530,153.26666666666668
EK202310241996,139.3
EK202310143198,144.4
EK202310240754,142.63333333333333
EK202310120793,138.63333333333333
EK202310152995,160.53333333333333
EK202310168076,138.66666666666666
EK202310194434,157.3
EK202310231667,138.36666666666667
EK202310117230,142.76666666666668
EK202310188291,142.9
EK202310149424,145.0
EK202310128832,135.73333333333332
EK202310196168,171.66666666666666
EK202310197883,150.3
EK202310138276,162.86666666666667
EK202310170757,129.2
EK202310191340,139.43333333333334
EK202310145811,144.56666666666666
EK202310227194,147.0
EK202310111485,140.56666666666666
EK202310157083,159.8
EK202310171852,143.23333333333332
EK202310207366,134.86666666666667
EK202310145654,144.06666666666666
EK202310108850,141.76666666666668
EK202310231758,144.46666666666667
EK202310144301,143.86666666666667
EK202310201304,141.53333333333333
EK202310178159,120.66666666666667
EK202310239482,154.43333333333334
EK202310144262,144.4
EK202310143929,141.2
EK202310235952,130.76666666666668
EK202310183241,147.63333333333333
EK202310189101,155.93333333333334
EK202310171584,131.8
EK202310131328,136.86666666666667
EK202310226641,143.33333333333334
EK202310166552,146.5
EK202310196910,154.46666666666667
EK202310166692,131.7
EK202310184651,156.9
EK202310194347,130.63333333333333
EK202310208716,153.96666666666667
EK202310187760,143.36666666666667
EK202310243524,140.26666666666668
EK202310155787,115.0
EK202310114204,153.63333333333333
EK202310160396,154.83333333333334
EK202310172512,169.2
EK202310157332,137.86666666666667
EK202310209704,133.36666666666667
EK202310154943,152.46666666666667
EK202310189036,143.0
EK202310133173,135.66666666666666
EK202310130199,164.33333333333334
EK202310182622,152.93333333333334
EK202310167778,152.03333333333333
EK202310163301,138.3
EK202310184220,132.13333333333333
EK202310172679,154.56666666666666
EK202310171532,133.06666666666666
EK202310200942,135.26666666666668
EK202310141847,160.53333333333333
EK202310122343,133.2
EK202310174760,148.86666666666667
EK202310225953,134.53333333333333
EK202310159867,144.8
EK202310174529,140.33333333333334
EK202310239197,145.33333333333334
EK202310142275,131.46666666666667
EK202310235069,147.5
EK202310173910,136.63333333333333
EK202310155908,155.36666666666667
EK202310221001,136.0
EK202310113086,138.83333333333334
EK202310200755,147.53333333333333
EK202310152545,153.66666666666666
EK202310185434,157.03333333333333
EK202310110043,135.0
EK202310116474,141.13333333333333
EK202310203902,137.56666666666666
EK202310157771,152.1
EK202310209652,143.2
EK202310115313,134.7
EK202310149967,136.83333333333334
EK202310226488,135.36666666666667
EK202310004820,133.13333333333333
EK202310240136,145.6
EK202310201496,152.53333333333333
EK202310224644,141.76666666666668
EK202310168634,139.9
EK202310120438,144.36666666666667
EK202310104992,140.4
EK202310152772,147.03333333333333
EK202310189045,139.96666666666667
EK202310180854,147.23333333333332
EK202310162939,138.63333333333333
EK202310202787,154.1
EK202310132425,133.0
EK202310106638,142.56666666666666
EK202310130488,146.4
EK202310216320,143.26666666666668
EK202310174034,148.26666666666668
EK202310167069,156.1
EK202310119791,131.93333333333334
EK202310191561,150.0
EK202310141924,143.7
EK202310155116,143.03333333333333
EK202310194530,138.93333333333334
EK202310148342,142.2
EK202310115218,129.0
EK202310208496,123.46666666666667
EK202310242665,140.83333333333334
EK202310247657,140.16666666666666
EK202310228469,135.83333333333334
EK202310233886,144.6
EK202310169400,165.1
EK202310161344,165.3
EK202310236712,129.4
EK202310118866,143.8
EK202310221584,157.66666666666666
EK202310107825,140.46666666666667
EK202310110196,148.83333333333334
EK202310159979,143.8
EK202310195875,134.8
EK202310163166,150.73333333333332
EK202310206462,140.6
EK202310109481,128.73333333333332
EK202310245477,124.7
EK202310129738,166.43333333333334
EK202320005730,166.46666666666667
EK202310104244,161.06666666666666
EK202310227658,130.13333333333333
EK202310227290,166.0
EK202310201250,145.76666666666668
EK202310170654,138.93333333333334
EK202310225211,142.6
EK202310181404,134.8
EK202310175856,140.0
EK202310167250,145.56666666666666
EK202310225198,134.43333333333334
EK202310247108,142.96666666666667
EK202310228244,140.0
EK202310206266,146.03333333333333
EK202310215876,132.6
EK202310130596,135.5
EK202310224249,131.66666666666666
EK202310154491,133.7
EK202310233669,138.43333333333334
EK202310111293,162.46666666666667
EK202310120077,135.86666666666667
EK202310190354,152.73333333333332
EK202310180848,142.56666666666666
EK202310206991,138.83333333333334
EK202310127954,137.5
EK202310125079,137.13333333333333
EK202310211424,144.16666666666666
EK202310134279,132.23333333333332
EK202310206851,136.33333333333334
EK202310164397,157.43333333333334
EK202310235148,148.5
EK202310190060,171.4
EK202310240587,142.03333333333333
EK202310234152,133.5
EK202310161209,168.2
EK202310187254,148.53333333333333
EK202310219785,142.56666666666666
EK202310160063,140.73333333333332
EK202310225782,163.73333333333332
EK202310166126,149.86666666666667
EK202310104397,137.26666666666668
EK202310195068,133.96666666666667
EK202310148964,151.16666666666666
EK202310105544,142.23333333333332
EK202310190157,135.83333333333334
EK202310177029,143.5
EK202310134822,166.56666666666666
EK202310188505,148.16666666666666
EK202310131430,157.06666666666666
EK202310197663,144.43333333333334
EK202310150719,143.36666666666667
EK202310004834,137.76666666666668
EK202310200921,135.7
EK202320005684,145.13333333333333
EK202310179009,122.23333333333333
EK202310248177,142.86666666666667
EK202310132766,146.23333333333332
EK202310237026,134.33333333333334
EK202310193021,146.83333333333334
EK202310190757,144.86666666666667
EK202310173200,130.4
EK202310219771,144.36666666666667
EK202310109597,146.26666666666668
EK202310206771,169.06666666666666
EK202310127671,152.7
EK202310167676,140.7
EK202310232944,136.0
EK202310168061,147.6
EK202310105714,137.86666666666667
EK202310147632,159.0
EK202310244606,144.1
EK202310118560,144.26666666666668
EK202310194271,141.33333333333334
EK202310142720,161.5
EK202310166900,161.53333333333333
EK202310164794,154.66666666666666
EK202310115042,141.9
EK202310174373,138.4
EK202310214507,168.6
EK202310223225,138.6
EK202310107151,136.16666666666666
EK202310189175,157.0
EK202310161808,134.3
EK202310121994,133.86666666666667
EK202310219449,136.1
EK202310136206,135.53333333333333
EK202310111739,142.1
EK202310229388,132.43333333333334
EK202310224978,138.66666666666666
EK202310149730,129.26666666666668
EK202310163504,135.0
EK202310156148,131.06666666666666
EK202310150249,138.13333333333333
EK202310224329,136.7
EK202310147011,138.7
EK202310192326,133.9
EK202310245006,138.23333333333332
EK202310224053,134.86666666666667
EK202310228581,137.0
EK202310113047,149.66666666666666
EK202310149808,146.83333333333334
EK202310175027,134.66666666666666
EK202310234758,128.13333333333333
EK202310175412,143.33333333333334
EK202310132176,158.83333333333334
EK202310205739,148.8
EK202310153994,136.93333333333334
EK202310200714,140.96666666666667
EK202310247869,135.63333333333333
EK202310186589,134.63333333333333
EK202310145135,143.33333333333334
EK202310193164,154.33333333333334
EK202310222960,140.33333333333334
EK202310116552,144.06666666666666
EK202310123971,166.53333333333333
EK202310113406,159.6
EK202310234777,139.33333333333334
EK202310109531,135.46666666666667
EK202310186502,133.6
EK202310190436,127.2
EK202310198804,168.1
EK202310188371,144.76666666666668
EK202310189870,170.4
EK202310179411,146.7
EK202310233363,136.73333333333332
EK202310104971,138.43333333333334
EK202310191357,139.9
EK202310172762,141.5
EK202310199936,139.36666666666667
EK202310153452,137.03333333333333
EK202310160325,145.7
EK202310240026,134.7
EK202310134117,139.3
EK202310214971,135.16666666666666
EK202310210492,132.83333333333334
EK202310200943,144.56666666666666
EK202310233114,141.56666666666666
EK202310209755,132.53333333333333
EK202310114040,139.7
EK202310231262,139.4
EK202310196982,145.63333333333333
EK202310168935,140.26666666666668
EK202310209663,131.23333333333332
EK202310171963,164.9
EK202310128429,134.96666666666667
EK202310243988,136.26666666666668
EK202310131432,124.33333333333333
EK202310170157,157.76666666666668
EK202310135062,155.86666666666667
EK202310180073,162.56666666666666
EK202310154392,162.73333333333332
EK202310211600,131.9
EK202310221370,133.46666666666667
EK202310135902,146.46666666666667
EK202310248071,137.8
EK202310140056,145.53333333333333
EK202310113087,153.16666666666666
EK202310140280,149.46666666666667
EK202310231029,139.46666666666667
EK202310003876,131.63333333333333
EK202310110872,141.9
EK202310110803,144.66666666666666
EK202310234005,142.8
EK202310195582,141.83333333333334
EK202310216699,134.13333333333333
EK202310161870,142.2
EK202310207634,147.26666666666668
EK202310154729,128.6
EK202310119219,140.13333333333333
EK202310216260,136.8
EK202310241741,147.53333333333333
EK202310127099,138.86666666666667
EK202310142543,141.2
EK202310159437,138.2
EK202310139226,137.3
EK202310145866,142.5
EK202310240067,166.26666666666668
EK202310242685,133.2
EK202310158289,138.63333333333333
EK202310145943,149.9
EK202310196762,162.0
EK202310141743,167.5
EK202310222881,143.7
EK202310170624,123.0
EK202310139072,136.86666666666667
EK202310168507,144.46666666666667
EK202310141768,153.56666666666666
EK202310111130,132.6
EK202310217027,154.26666666666668
EK202310224945,143.96666666666667
EK202310188108,161.96666666666667
EK202310200577,159.23333333333332
EK202310152955,152.63333333333333
EK202310184966,157.83333333333334
EK202310133181,137.6
EK202310209985,127.93333333333334
EK202310195572,128.86666666666667
EK202310199966,138.9
EK202310109052,145.33333333333334
EK202310173422,142.53333333333333
EK202310216493,142.76666666666668
EK202310234480,136.5
EK202310239882,148.3
EK202310151506,167.86666666666667
EK202310231481,129.0
EK202310173660,131.7
EK202310124885,135.43333333333334
EK202310226112,137.16666666666666
EK202310169770,158.23333333333332
EK202310112146,145.46666666666667
EK202310126447,136.96666666666667
EK202310197865,161.7
EK202310144993,135.33333333333334
EK202320007830,142.1
EK202310134803,148.76666666666668
EK202310247257,147.4
EK202310189213,157.33333333333334
EK202310163523,128.9
EK202310177884,139.6
EK202310168374,138.36666666666667
EK202310181460,139.13333333333333
EK202310164324,132.5
EK202320006373,148.93333333333334
EK202310240516,148.06666666666666
EK202310106433,143.73333333333332
EK202310104794,134.06666666666666
EK202310179826,140.06666666666666
EK202310220482,144.0
EK202310144501,169.33333333333334
EK202310236116,140.16666666666666
EK202310143566,139.63333333333333
EK202310244286,145.86666666666667
EK202310117364,134.16666666666666
EK202310182812,136.33333333333334
EK202310165290,144.63333333333333
EK202310175655,139.26666666666668
EK202310191765,138.63333333333333
EK202310175575,143.53333333333333
EK202310190556,131.66666666666666
EK202310109849,128.43333333333334
EK202310125361,147.6
EK202310117657,133.5
EK202310166741,143.6
EK202310152997,146.8
EK202310197388,142.1
EK202310131984,154.23333333333332
EK202310219422,124.16666666666667
EK202310121522,140.26666666666668
EK202310175245,141.26666666666668
EK202310195205,160.06666666666666
EK202310108650,139.96666666666667
EK202310181782,136.96666666666667
EK202310115038,148.53333333333333
EK202310158797,133.46666666666667
EK202310170666,145.7
EK202310168966,138.06666666666666
EK202310214825,165.96666666666667
EK202310120494,144.53333333333333
EK202310220603,142.96666666666667
EK202310225685,130.76666666666668
EK202310223164,133.46666666666667
EK202310162099,134.96666666666667
EK202310181378,145.66666666666666
EK202310206274,160.2
EK202310245110,124.3
EK202310149953,148.86666666666667
EK202310200512,135.6
EK202310195166,134.03333333333333
EK202310181696,146.03333333333333
EK202310246293,132.73333333333332
EK202310112958,143.4
EK202310144239,129.96666666666667
EK202310112531,135.76666666666668
EK202310215394,156.1
EK202310214916,154.23333333333332
EK202310135655,153.63333333333333
EK202310234936,137.73333333333332
EK202310216594,139.8
EK202310221025,129.83333333333334
EK202310111609,138.5
EK202310213129,148.96666666666667
EK202310117137,139.13333333333333
EK202310239490,133.06666666666666
EK202310157671,142.03333333333333
EK202310188165,140.66666666666666
EK202310134859,131.43333333333334
EK202310183908,158.1
EK202310147406,146.36666666666667
EK202310175129,132.83333333333334
EK202310164780,151.96666666666667
EK202310227743,137.06666666666666
EK202310120706,152.9
EK202310118366,142.0
EK202310106692,149.16666666666666
EK202310190791,137.96666666666667
EK202310208607,142.26666666666668
EK202310170692,148.66666666666666
EK202310225887,136.9
EK202310182352,130.8
EK202310185880,136.16666666666666
EK202310178297,154.36666666666667
EK202310195149,153.76666666666668
EK202310231610,141.1
EK202310137276,127.7
EK202310184484,147.13333333333333
EK202310121199,139.7
EK202310125536,137.1
EK202310213706,151.23333333333332
EK202310135204,145.83333333333334
EK202310247699,132.93333333333334
EK202310217787,136.83333333333334
EK202310182191,146.63333333333333
EK202310198529,154.3
EK202310220299,132.1
EK202310188677,136.76666666666668
EK202310232253,136.46666666666667
EK202310164691,151.76666666666668
EK202310103832,134.13333333333333
EK202310149722,146.23333333333332
EK202310198859,155.3
EK202310234749,136.73333333333332
EK202310104566,141.1
EK202310211383,144.86666666666667
EK202310170287,129.83333333333334
EK202310150824,147.76666666666668
EK202310171304,136.73333333333332
EK202310193205,165.23333333333332
EK202320006114,159.73333333333332
EK202310135524,139.66666666666666
EK202310192025,141.53333333333333
EK202310170020,155.63333333333333
EK202310198095,151.36666666666667
EK202310105801,152.1
EK202310177479,130.36666666666667
EK202310108455,142.0
EK202310165998,136.83333333333334
EK202310122714,153.1
EK202310164202,147.13333333333333
EK202310226026,142.16666666666666
EK202310223682,143.9
EK202310116148,134.66666666666666
EK202310210129,143.03333333333333
EK202310242087,148.56666666666666
EK202310116328,133.8
EK202310217261,152.26666666666668
EK202310106484,139.1
EK202310157473,132.26666666666668
EK202310198511,130.76666666666668
EK202310217751,135.26666666666668
EK202310168432,152.76666666666668
EK202310151251,146.43333333333334
EK202310120767,127.4
EK202310127801,143.83333333333334
EK202310118354,132.46666666666667
EK202310209195,154.6
EK202310172035,127.73333333333333
EK202310114626,139.23333333333332
EK202310144629,146.1
EK202310185061,151.96666666666667
EK202310174592,138.76666666666668
EK202310164708,155.93333333333334
EK202310149304,143.1
EK202310170289,138.8
EK202310213861,154.2
EK202310126098,127.43333333333334
EK202310133915,146.4
EK202310148594,122.1
EK202310116687,140.56666666666666
EK202310171866,141.16666666666666
EK202310147735,135.5
EK202310105679,173.2
EK202310248635,136.86666666666667
EK202310139369,139.16666666666666
EK202310105974,155.23333333333332
EK202310104978,143.13333333333333
EK202310174467,144.2
EK202310124199,145.13333333333333
EK202310135676,135.43333333333334
EK202310146763,130.86666666666667
EK202310205937,137.16666666666666
EK202310135445,151.6
EK202310109193,143.83333333333334
EK202310161169,143.0
EK202310204092,151.2
EK202310202680,144.1
EK202310172794,142.36666666666667
EK202310217791,133.26666666666668
EK202310158468,151.66666666666666
EK202310149937,137.36666666666667
EK202310166789,137.6
EK202310159167,147.3
EK202310125029,140.13333333333333
EK202310203531,152.26666666666668
EK202310181665,127.93333333333334
EK202310142148,147.96666666666667
EK202310166843,158.0
EK202310161022,129.56666666666666
EK202310118997,140.06666666666666
EK202310239449,147.06666666666666
EK202310210440,143.0
EK202310205614,136.76666666666668
EK202310179227,143.36666666666667
EK202310143023,141.13333333333333
EK202310178605,145.0
EK202310151926,163.66666666666666
EK202310205156,160.16666666666666
EK202310227477,154.96666666666667
EK202310118582,143.16666666666666
EK202310145669,153.63333333333333
EK202310181578,163.36666666666667
EK202310193806,148.93333333333334
EK202310233863,144.53333333333333
EK202310111982,136.63333333333333
EK202310228092,145.5
EK202310117791,126.43333333333334
EK202310174095,150.76666666666668
EK202310199167,136.7
EK202310147864,147.3
EK202310136545,133.33333333333334
EK202310004781,128.13333333333333
EK202310110648,131.46666666666667
EK202310187608,135.73333333333332
EK202310212121,131.33333333333334
EK202310200654,144.5
EK202310110670,120.53333333333333
EK202310148332,143.6
EK202310198602,143.36666666666667
EK202310162570,145.1
EK202310105840,143.8
EK202310216931,153.43333333333334
EK202310152841,164.36666666666667
EK202310107705,147.56666666666666
EK202310178316,149.6
EK202310147750,120.43333333333334
EK202310110434,140.63333333333333
EK202310219134,124.53333333333333
EK202310207502,157.53333333333333
EK202310137524,153.3
EK202310237806,134.13333333333333
EK202310248546,134.93333333333334
EK202310246510,150.66666666666666
EK202310215312,144.16666666666666
EK202310135935,135.93333333333334
EK202310246337,137.4
EK202310133292,137.1
EK202310208105,139.8
EK202310221927,157.73333333333332
EK202310185220,136.3
EK202310195012,151.3
EK202310220382,134.86666666666667
EK202310228071,135.03333333333333
EK202310139303,148.63333333333333
EK202310146446,142.13333333333333
EK202310113629,141.06666666666666
EK202310121125,140.66666666666666
EK202310179172,147.16666666666666
EK202310135030,162.5
EK202310154871,144.1
EK202310104446,141.53333333333333
EK202310112990,143.9
EK202310189753,144.76666666666668
EK202310239147,143.66666666666666
EK202310170148,159.83333333333334
EK202310227849,148.66666666666666
EK202310206204,142.23333333333332
EK202310160122,144.23333333333332
EK202310131964,136.1
EK202310111949,132.36666666666667
EK202310122396,132.23333333333332
EK202310187780,137.13333333333333
EK202310205438,129.73333333333332
EK202310153038,179.8
EK202310152163,146.0
EK202310192310,131.6
EK202310174795,145.66666666666666
EK202310193009,140.1
EK202310150434,143.5
EK202310118338,139.06666666666666
EK202310197441,158.5
EK202310142091,158.43333333333334
EK202310117239,132.06666666666666
EK202310179745,155.5
EK202310219687,137.0
EK202310176027,151.03333333333333
EK202310104893,139.66666666666666
EK202310227192,139.3
EK202310146856,150.83333333333334
EK202310107173,134.66666666666666
EK202310211813,137.76666666666668
EK202310188253,148.7
EK202310233335,131.86666666666667
EK202310217329,140.73333333333332
EK202310155219,142.06666666666666
EK202310157321,146.16666666666666
EK202310153713,156.06666666666666
EK202310120830,155.43333333333334
EK202310229321,147.86666666666667
EK202310130365,141.7
EK202310202308,153.03333333333333
EK202310203388,169.46666666666667
EK202310185835,144.0
EK202310188805,171.13333333333333
EK202310159594,151.9
EK202310147573,134.56666666666666
EK202310190109,149.43333333333334
EK202310180140,137.76666666666668
EK202310149775,153.6
EK202310238274,147.86666666666667
EK202310242923,136.5
EK202310107321,140.5
EK202310204141,131.7
EK202310219133,137.76666666666668
EK202310139067,163.33333333333334
EK202310140520,142.7
EK202310248527,142.43333333333334
EK202310003682,141.96666666666667
EK202310162432,151.03333333333333
EK202310179950,158.16666666666666
EK202310240868,133.06666666666666
EK202310116267,148.5
EK202310221765,135.33333333333334
EK202310173563,138.6
EK202310143455,132.0
EK202310207343,144.86666666666667
EK202310217689,129.9
EK202310146102,135.43333333333334
EK202310168973,136.83333333333334
EK202310222519,132.13333333333333
EK202310129680,128.3
EK202310178200,152.23333333333332
EK202310170870,139.66666666666666
EK202310126872,146.86666666666667
EK202310148891,165.83333333333334
EK202310173852,148.8
EK202310125523,134.86666666666667
EK202310159491,152.4
EK202310157366,144.06666666666666
EK202310178992,138.36666666666667
EK202310143866,135.1
EK202310152326,138.73333333333332
EK202310202864,149.03333333333333
EK202310218888,145.53333333333333
EK202310209358,131.5
EK202310227775,140.86666666666667
EK202310186270,143.46666666666667
EK202310203414,147.36666666666667
EK202310225866,150.63333333333333
EK202310234055,147.76666666666668
EK202310129825,163.66666666666666
EK202310209772,149.8
EK202310182146,153.46666666666667
EK202310180456,148.5
EK202310182353,150.46666666666667
EK202310199926,133.73333333333332
EK202310226078,139.13333333333333
EK202310212125,133.63333333333333
EK202310149668,153.1
EK202310234903,143.0
EK202310205875,135.6
EK202310157799,156.63333333333333
EK202310211749,134.03333333333333
EK202310224314,158.6
EK202310124274,133.46666666666667
EK202310127800,154.86666666666667
EK202310238415,141.53333333333333
EK202310229891,141.73333333333332
EK202310145946,130.2
EK202310181109,152.7
EK202310147129,153.16666666666666
EK202310178177,152.93333333333334
EK202310113395,147.4
EK202310217919,151.03333333333333
EK202310154751,149.36666666666667
EK202310130965,154.96666666666667
EK202310190874,142.53333333333333
EK202310195521,151.6
EK202310201613,136.1
EK202310214697,140.1
EK202310191560,142.5
EK202310121406,147.73333333333332
EK202310114089,137.23333333333332
EK202310159340,134.0
EK202310113700,134.83333333333334
EK202310126654,133.46666666666667
EK202310144476,145.36666666666667
EK202310131321,133.9
EK202310187814,135.96666666666667
EK202310220881,134.73333333333332
EK202310189638,164.53333333333333
EK202310178407,149.33333333333334
EK202310180651,159.3
EK202310239749,133.6
EK202310171046,139.16666666666666
EK202310164907,130.3
EK202310147112,148.5
EK202310181779,140.7
EK202310177716,154.96666666666667
EK202310211440,140.93333333333334
EK202310205701,150.03333333333333
EK202310116151,122.36666666666666
EK202310183859,153.96666666666667
EK202310135998,160.93333333333334
EK202310201975,147.06666666666666
EK202310170925,130.76666666666668
EK202310104593,146.2
EK202310110432,140.0
EK202310129862,142.06666666666666
EK202310189525,148.8
EK202310111229,138.96666666666667
EK202310188865,157.83333333333334
EK202310146283,132.73333333333332
EK202310178823,163.96666666666667
EK202310147049,136.43333333333334
EK202310221900,133.46666666666667
EK202310182664,154.86666666666667
EK202310115895,132.36666666666667
EK202310137882,138.36666666666667
EK202310142987,153.36666666666667
EK202310230693,147.93333333333334
EK202310105910,131.66666666666666
EK202310176888,138.7
EK202310179407,139.43333333333334
EK202310113511,144.66666666666666
EK202310226410,138.23333333333332
EK202310194828,147.53333333333333
EK202310209526,149.16666666666666
EK202310232266,135.76666666666668
EK202310190901,142.76666666666668
EK202310120320,149.93333333333334
EK202310109391,142.23333333333332
EK202310126276,131.5
EK202310223714,134.4
EK202310211517,155.33333333333334
EK202310110636,128.93333333333334
EK202310235623,131.36666666666667
EK202310186004,151.76666666666668
EK202310004261,144.56666666666666
EK202310193375,142.6
EK202310218449,123.66666666666667
EK202310179058,145.3
EK202310133795,125.86666666666666
EK202310164408,146.13333333333333
EK202310159492,150.76666666666668
EK202310214283,140.33333333333334
EK202310133551,150.46666666666667
EK202310190061,142.36666666666667
EK202320007557,156.66666666666666
EK202310114241,140.4
EK202310203894,149.5
EK202310186487,139.86666666666667
EK202310004631,141.5
EK202310172845,134.0
EK202310124858,140.53333333333333
EK202320006937,148.3
EK202310164626,140.76666666666668
EK202310109948,146.03333333333333
EK202310112053,136.3
EK202310184712,139.46666666666667
EK202310122821,155.96666666666667
EK202310179754,142.8
EK202310230071,142.86666666666667
EK202310169385,144.33333333333334
EK202310205297,131.43333333333334
EK202310176789,132.36666666666667
EK202310234641,137.4
EK202310216672,151.86666666666667
EK202310218187,154.26666666666668
EK202310163653,138.8
EK202310173938,148.26666666666668
EK202310144779,128.16666666666666
EK202310105452,138.13333333333333
EK202310203289,142.23333333333332
EK202310244916,133.76666666666668
EK202310212913,141.6
EK202310195593,134.66666666666666
EK202310109392,148.96666666666667
EK202310239794,145.1
EK202310156466,141.23333333333332
EK202310234091,146.13333333333333
EK202310202246,158.43333333333334
EK202310208070,129.4
EK202310199529,144.0
EK202310191597,138.73333333333332
EK202310232873,148.2
EK202310245305,146.63333333333333
EK202310196018,153.66666666666666
EK202310205608,130.43333333333334
EK202310211776,139.3
EK202310219819,138.06666666666666
EK202310152910,168.3
EK202310244549,141.06666666666666
EK202310123421,156.46666666666667
EK202310205600,158.56666666666666
EK202310219535,135.3
EK202310247105,141.33333333333334
EK202310223625,155.16666666666666
EK202310135177,148.73333333333332
EK202310167858,137.76666666666668
EK202310193232,126.66666666666667
EK202310144624,125.83333333333333
EK202310132627,152.66666666666666
EK202310213967,156.16666666666666
EK202310236061,135.5
EK202310177659,173.06666666666666
EK202310145236,157.86666666666667
EK202310118399,133.1
EK202310215365,148.76666666666668
EK202320006049,153.2
EK202310185900,134.63333333333333
EK202310133957,158.0
EK202310234170,127.73333333333333
EK202310126261,141.63333333333333
EK202310118103,162.16666666666666
EK202310118678,137.33333333333334
EK202310113678,151.6
EK202310111849,141.53333333333333
EK202310218593,132.8
EK202310145457,127.26666666666667
EK202310174907,143.06666666666666
EK202310004460,141.66666666666666
EK202310194109,142.83333333333334
EK202310108378,131.86666666666667
EK202310200664,135.73333333333332
EK202310167993,134.76666666666668
EK202310157089,158.06666666666666
EK202310210287,146.23333333333332
EK202310148250,137.63333333333333
EK202310207303,141.23333333333332
EK202310206507,150.33333333333334
EK202310243704,144.96666666666667
EK202310179019,135.3
EK202310243866,155.53333333333333
EK202310137648,138.6
EK202310173887,147.5
EK202310235491,164.53333333333333
EK202310212645,138.1
EK202310190281,152.83333333333334
EK202310220934,141.83333333333334
EK202310230719,141.43333333333334
EK202310201074,135.46666666666667
EK202310178051,144.33333333333334
EK202310181204,131.86666666666667
EK202310135829,142.16666666666666
EK202310170445,135.06666666666666
EK202310238141,130.66666666666666
EK202310135822,147.23333333333332
EK202310227546,138.96666666666667
EK202310140976,136.66666666666666
EK202310246668,147.56666666666666
EK202310105632,131.73333333333332
EK202310109270,147.86666666666667
EK202310131782,130.06666666666666
EK202310233567,143.33333333333334
EK202310161598,143.8
EK202310110724,140.23333333333332
EK202310229148,153.46666666666667
EK202310159146,151.26666666666668
EK202310195696,144.36666666666667
EK202310117218,143.5
EK202310205895,159.56666666666666
EK202310194401,147.4
EK202310126710,153.96666666666667
EK202310152278,160.33333333333334
EK202310190916,141.83333333333334
EK202310110549,129.96666666666667
EK202310177514,151.5
EK202310175686,150.56666666666666
EK202310223432,145.23333333333332
EK202310244466,149.66666666666666
EK202310134231,142.56666666666666
EK202310236274,142.7
EK202310195863,150.33333333333334
EK202310241144,158.96666666666667
EK202310202269,148.6
EK202310231316,135.0
EK202310211605,131.66666666666666
EK202310200954,159.23333333333332
EK202310224489,141.0
EK202310165476,142.56666666666666
EK202310204173,133.53333333333333
EK202310178369,144.53333333333333
EK202310170774,128.66666666666666
EK202310205764,138.6
EK202310236659,142.13333333333333
EK202310170743,126.73333333333333
EK202310136793,152.76666666666668
EK202310187675,147.1
EK202310156962,136.63333333333333
EK202310216942,160.13333333333333
EK202310168321,135.86666666666667
EK202310243793,132.46666666666667
EK202310235437,146.43333333333334
EK202310118510,152.9
EK202310139337,149.23333333333332
EK202310120961,136.36666666666667
EK202310214076,148.9
EK202310241228,150.63333333333333
EK202310212101,146.4
EK202310199696,167.43333333333334
EK202310163542,139.86666666666667
EK202310232836,143.13333333333333
EK202310189334,152.26666666666668
EK202310239101,135.4
EK202310156523,148.46666666666667
EK202310201002,145.5
EK202310003364,140.5
EK202310179389,150.43333333333334
EK202310163130,136.13333333333333
EK202310232481,130.43333333333334
EK202310186459,137.6
EK202310164481,137.8
EK202310169941,149.2
EK202310131128,136.76666666666668
EK202310228174,134.26666666666668
EK202310173249,138.93333333333334
EK202310202077,141.76666666666668
EK202310225477,140.13333333333333
EK202310247572,140.96666666666667
EK202310181799,141.63333333333333
EK202310119740,147.8
EK202310131395,136.83333333333334
EK202310224529,136.4
EK202310156156,146.2
EK202310200552,169.13333333333333
EK202310169146,147.7
EK202310143038,140.36666666666667
EK202310170406,128.93333333333334
EK202310200533,155.46666666666667
EK202310119387,142.83333333333334
EK202310202355,139.96666666666667
EK202310225013,134.73333333333332
EK202310214250,143.86666666666667
EK202310210556,136.63333333333333
EK202310201139,141.06666666666666
EK202310130429,147.23333333333332
EK202310224863,147.96666666666667
EK202310153482,133.56666666666666
EK202310241062,151.2
EK202310164485,142.93333333333334
EK202310245636,138.7
EK202310157534,131.2
EK202310229118,143.3
EK202310171426,136.16666666666666
EK202310210127,147.73333333333332
EK202310111733,151.3
EK202310141203,144.86666666666667
EK202310232387,146.23333333333332
EK202310188639,136.93333333333334
EK202310190835,156.0
EK202310201801,144.53333333333333
EK202310175974,156.83333333333334
EK202310187326,128.5
EK202310212155,137.2
EK202310151022,140.93333333333334
EK202310211125,142.23333333333332
EK202310219268,134.23333333333332
EK202310110245,143.3
EK202310238069,144.1
EK202310199559,144.43333333333334
EK202310167739,135.56666666666666
EK202310142979,145.3
EK202310191202,129.9
EK202310144654,138.53333333333333
EK202310224039,134.56666666666666
EK202310150921,123.86666666666666
EK202320006004,163.93333333333334
EK202310108116,128.33333333333334
EK202310226608,137.66666666666666
EK202310237947,140.46666666666667
EK202310245724,145.13333333333333
EK202310216589,137.13333333333333
EK202310242883,146.9
EK202310192702,135.43333333333334
EK202310168445,138.8
EK202310205542,145.76666666666668
EK202310150929,146.9
EK202310173039,127.5
EK202310139742,135.56666666666666
EK202310138564,133.5
EK202310145764,141.83333333333334
EK202310148134,145.06666666666666
EK202310180451,142.0
EK202310149802,139.53333333333333
EK202310247608,167.76666666666668
EK202310130999,132.13333333333333
EK202310141610,138.1
EK202310224015,154.76666666666668
EK202310229698,135.1
EK202310197753,142.53333333333333
EK202310152255,152.06666666666666
EK202310133838,174.03333333333333
EK202310192249,158.93333333333334
EK202310195834,159.9
EK202310186510,136.83333333333334
EK202310177054,136.66666666666666
EK202310107524,156.1
EK202310128174,139.03333333333333
EK202310187413,146.96666666666667
EK202310234580,139.7
EK202310104409,149.46666666666667
EK202310125276,143.36666666666667
EK202310113893,143.33333333333334
EK202310179353,134.36666666666667
EK202310240438,148.5
EK202310229420,151.96666666666667
EK202310116112,126.96666666666667
EK202310117942,139.03333333333333
EK202310163339,128.53333333333333
EK202310166509,136.53333333333333
EK202310185556,138.6
EK202310227524,148.03333333333333
EK202310109010,162.96666666666667
EK202310183425,127.16666666666667
EK202310191714,177.0
EK202310155039,141.03333333333333
EK202310169140,169.96666666666667
EK202310177573,141.63333333333333
EK202310170318,151.2
EK202310207697,146.16666666666666
EK202310199740,155.6
EK202310149864,141.8
EK202310150264,141.86666666666667
EK202310189933,138.6
EK202310218127,134.06666666666666
EK202310108083,145.33333333333334
EK202310154872,147.36666666666667
EK202310160785,137.56666666666666
EK202310206282,145.93333333333334
EK202310124253,133.66666666666666
EK202310196633,138.26666666666668
EK202310105966,133.36666666666667
EK202310141033,159.8
EK202310197213,142.63333333333333
EK202310206024,126.7
EK202310113110,130.06666666666666
EK202310114366,133.7
EK202310133810,144.33333333333334
EK202310135192,142.8
EK202310233334,142.6
EK202310148079,146.36666666666667
EK202310109276,147.76666666666668
EK202310124568,139.63333333333333
EK202310162273,134.13333333333333
EK202310126242,135.83333333333334
EK202310106288,149.13333333333333
EK202310190761,157.33333333333334
EK202310003653,132.23333333333332
EK202310111116,137.53333333333333
EK202310193002,148.26666666666668
EK202310107463,132.8
EK202310237608,138.86666666666667
EK202310213418,126.1
EK202310204153,149.3
EK202310104707,141.66666666666666
EK202310238820,133.63333333333333
EK202310141697,139.2
EK202310178269,146.2
EK202310229367,135.96666666666667
EK202310172017,168.1
EK202310223139,134.23333333333332
EK202310125096,137.13333333333333
EK202310143070,148.86666666666667
EK202310234470,137.56666666666666
EK202310131911,134.13333333333333
EK202310176053,152.43333333333334
EK202310158201,157.13333333333333
EK202310113896,153.56666666666666
EK202310217246,134.63333333333333
EK202310202878,142.3
EK202310179418,171.0
EK202310106198,137.4
EK202310130287,164.06666666666666
EK202310203618,136.5
EK202310144069,143.53333333333333
EK202310225997,170.03333333333333
EK202310137087,141.36666666666667
EK202310114093,154.5
EK202310125025,132.9
EK202310169960,151.56666666666666
EK202310211027,150.0
EK202310156374,142.0
EK202310184239,149.96666666666667
EK202310193887,147.06666666666666
EK202310169120,137.2
EK202310214116,165.33333333333334
EK202310004097,140.0
EK202310156682,139.03333333333333
EK202310154604,148.53333333333333
EK202310218245,137.9
EK202310224853,128.13333333333333
EK202310164480,143.7
EK202310130017,145.26666666666668
EK202310142314,141.46666666666667
EK202310104271,153.36666666666667
EK202310245758,134.8
EK202310229784,138.33333333333334
EK202310110502,156.83333333333334
EK202310121032,155.66666666666666
EK202310233632,152.03333333333333
EK202310126266,129.53333333333333
EK202310109825,134.03333333333333
EK202320007054,142.73333333333332
EK202310166953,143.93333333333334
EK202310227160,148.06666666666666
EK202310215524,150.36666666666667
EK202310221415,155.63333333333333
EK202310224669,123.1
EK202310182834,162.83333333333334
EK202310155348,140.5
EK202310186571,151.1
EK202310130542,136.23333333333332
EK202310108675,126.86666666666666
EK202310147107,140.96666666666667
EK202310175270,141.8
EK202310223760,138.96666666666667
EK202310124746,135.26666666666668
EK202310170040,161.3
EK202310004065,140.2
EK202310221363,137.76666666666668
EK202310209500,138.93333333333334
EK202310178304,159.06666666666666
EK202310133005,144.76666666666668
EK202310120850,144.7
EK202310213264,137.26666666666668
EK202310149096,155.23333333333332
EK202310177683,143.4
EK202310242597,131.93333333333334
EK202310177919,136.53333333333333
EK202310134733,149.1
EK202310181823,140.4
EK202310136672,143.16666666666666
EK202310151585,153.73333333333332
EK202310117995,131.76666666666668
EK202320007252,168.36666666666667
EK202310231786,132.13333333333333
EK202310241673,128.1
EK202310161732,171.76666666666668
EK202310161656,160.36666666666667
EK202310212063,126.23333333333333
EK202310217895,156.63333333333333
EK202310138774,137.43333333333334
EK202310126590,139.86666666666667
EK202310123141,142.96666666666667
EK202310224982,139.3
EK202310206262,146.6
EK202310139370,139.66666666666666
EK202310224820,136.96666666666667
EK202310130273,157.96666666666667
EK202310133523,137.03333333333333
EK202310239621,132.23333333333332
EK202310190678,140.8
EK202310125061,129.8
EK202310234940,143.86666666666667
EK202310178076,135.5
EK202310153610,153.1
EK202310179234,155.2
EK202310159634,139.43333333333334
EK202310186548,146.56666666666666
EK202310135839,169.33333333333334
EK202310136969,146.13333333333333
EK202310145737,149.4
EK202310164062,130.3
EK202310237524,136.3
EK202310225600,150.46666666666667
EK202310130766,144.2
EK202310198060,129.96666666666667
EK202310202900,154.7
EK202310180295,139.86666666666667
EK202310161819,141.06666666666666
EK202310182490,154.23333333333332
EK202310151915,143.7
EK202310114135,154.23333333333332
EK202310155620,137.36666666666667
EK202310156539,164.1
EK202310164137,146.93333333333334
EK202310172602,152.83333333333334
EK202310161051,174.76666666666668
EK202310225217,169.7
EK202310220749,130.56666666666666
EK202310135024,151.73333333333332
EK202310236167,128.36666666666667
EK202310106428,134.23333333333332
EK202310191224,139.43333333333334
EK202310126171,136.5
EK202310152423,157.43333333333334
EK202310168273,157.96666666666667
EK202310129168,141.73333333333332
EK202310176927,149.0
EK202310172428,168.3
EK202310181185,154.63333333333333
EK202310004161,141.83333333333334
EK202310221234,131.6
EK202310161711,143.46666666666667
EK202310240221,154.86666666666667
EK202310222828,147.93333333333334
EK202310210279,134.96666666666667
EK202310170097,144.2
EK202310188723,159.9
EK202310166478,159.56666666666666
EK202310221027,155.43333333333334
EK202310114979,151.6
EK202310242042,141.4
EK202310140021,124.2
EK202310130000,160.83333333333334
EK202310186640,149.7
EK202310004760,126.33333333333333
EK202310122844,139.73333333333332
EK202310153842,140.8
EK202310177802,136.3
EK202310004581,139.06666666666666
EK202310246710,145.76666666666668
EK202310113952,144.66666666666666
EK202310151035,141.7
EK202310216428,129.9
EK202310144070,166.0
EK202310169605,137.6
EK202310159620,133.7
EK202310105550,137.56666666666666
EK202310240970,135.96666666666667
EK202310182151,139.43333333333334
EK202310231587,136.93333333333334
EK202310118075,130.46666666666667
EK202310133019,140.76666666666668
EK202310206992,151.83333333333334
EK202310220008,131.83333333333334
EK202310234156,124.8
EK202310162641,161.16666666666666
EK202310142907,142.73333333333332
EK202310154115,136.7
EK202310130815,139.23333333333332
EK202310150846,127.96666666666667
EK202320007669,159.93333333333334
EK202310227486,149.0
EK202320007572,150.96666666666667
EK202310137639,133.3
EK202310103836,130.86666666666667
EK202310202037,158.63333333333333
EK202310223420,137.6
EK202310185672,138.76666666666668
EK202310229956,142.56666666666666
EK202310183246,140.63333333333333
EK202310138498,157.76666666666668
EK202310191631,145.53333333333333
EK202310197089,143.03333333333333
EK202310133822,128.73333333333332
EK202310245494,137.63333333333333
EK202310207684,136.7
EK202310170631,137.36666666666667
EK202310230054,137.3
EK202310229119,135.9
EK202310162261,137.4
EK202310134206,152.86666666666667
EK202310126114,128.9
EK202310202130,155.46666666666667
EK202310201610,147.7
EK202310140475,133.13333333333333
EK202310134356,140.83333333333334
EK202320007186,168.76666666666668
EK202310120790,143.73333333333332
EK202310245157,150.3
EK202310208016,149.4
EK202310174476,133.23333333333332
EK202310188403,145.73333333333332
EK202310142082,154.56666666666666
EK202310126792,135.2
EK202310182973,146.33333333333334
EK202310236318,143.3
EK202310191185,143.5
EK202310135600,146.3
EK202310212912,149.53333333333333
EK202310109044,149.43333333333334
EK202310220665,135.9
EK202310209857,145.83333333333334
EK202310136210,135.06666666666666
EK202310241948,149.9
EK202310147383,136.56666666666666
EK202310119158,135.13333333333333
EK202310225656,138.33333333333334
EK202310115771,135.8
EK202310115861,136.03333333333333
EK202310156104,136.46666666666667
EK202310168339,132.8
EK202310186770,140.63333333333333
EK202310227679,137.4
EK202310198604,145.73333333333332
EK202310126896,157.16666666666666
EK202310119992,133.86666666666667
EK202310194849,133.0
EK202310224912,145.33333333333334
EK202310163124,128.1
EK202310181144,157.23333333333332
EK202310147897,138.36666666666667
EK202310177921,147.93333333333334
EK202310199607,143.4
EK202310172680,134.76666666666668
EK202310129543,143.7
EK202310161704,150.26666666666668
EK202310193784,138.33333333333334
EK202310243291,144.26666666666668
EK202310208991,141.53333333333333
EK202310140086,136.2
EK202310136481,136.16666666666666
EK202310178220,147.36666666666667
EK202310210109,155.63333333333333
EK202310128687,143.56666666666666
EK202310213632,140.3
EK202310215453,148.63333333333333
EK202310235764,137.96666666666667
EK202310216758,170.33333333333334
EK202310163056,143.53333333333333
EK202310125899,149.7
EK202310180181,140.9
EK202310224630,141.66666666666666
EK202310118929,139.63333333333333
EK202310178808,147.6
EK202310234570,132.86666666666667
EK202310127428,144.5
EK202310213472,131.93333333333334
EK202310192759,140.76666666666668
EK202310210638,134.7
EK202310104955,128.03333333333333
EK202310124793,131.83333333333334
EK202310154265,129.46666666666667
EK202310136853,141.83333333333334
EK202310160020,134.4
EK202310129715,163.26666666666668
EK202310208844,144.96666666666667
EK202310165769,161.0
EK202310119276,153.63333333333333
EK202310155853,132.16666666666666
EK202310148019,145.56666666666666
EK202310158588,148.46666666666667
EK202320005915,157.3
EK202310139760,145.43333333333334
EK202310235740,144.16666666666666
EK202310163003,146.86666666666667
EK202310166151,138.7
EK202310205151,130.33333333333334
EK202310163809,141.63333333333333
EK202310195046,141.33333333333334
EK202310190606,138.26666666666668
EK202310201185,162.1
EK202310244204,132.8
EK202310221873,141.9
EK202310213079,139.03333333333333
EK202310167878,137.13333333333333
EK202310108748,142.63333333333333
EK202310231105,138.36666666666667
EK202310162450,135.86666666666667
EK202310106681,139.43333333333334
EK202310175585,144.93333333333334
EK202310216131,125.4
EK202310247112,134.2
EK202310133778,145.46666666666667
EK202310226737,145.13333333333333
EK202310149352,156.26666666666668
EK202310125918,126.33333333333333
EK202310163682,144.23333333333332
EK202310189571,160.03333333333333
EK202310128706,135.5
EK202310227554,143.3
EK202310149106,144.76666666666668
EK202310200290,135.7
EK202310192844,147.7
EK202310229985,132.63333333333333
EK202310196907,145.0
EK202310148131,142.76666666666668
EK202310223289,147.56666666666666
EK202310169529,131.43333333333334
EK202310169806,153.83333333333334
EK202310212585,134.43333333333334
EK202310196857,146.36666666666667
EK202310190419,145.2
EK202310219008,138.4
EK202310142486,139.16666666666666
EK202310192709,170.13333333333333
EK202310182822,127.23333333333333
EK202310136899,142.2
EK202310115463,139.16666666666666
EK202310146582,152.56666666666666
EK202310132422,139.4
EK202310112592,144.63333333333333
EK202310226203,147.16666666666666
EK202310121586,144.16666666666666
EK202310181107,144.13333333333333
EK202310213474,136.6
EK202310138830,150.33333333333334
EK202310168849,131.53333333333333
EK202310229317,135.73333333333332
EK202310204390,131.36666666666667
EK202310192992,144.73333333333332
EK202310152280,148.8
EK202310155151,154.7
EK202310174087,139.66666666666666
EK202310212165,136.63333333333333
EK202310152752,151.3
EK202310168592,132.26666666666668
EK202310191895,146.3
EK202310200059,137.16666666666666
EK202310243745,131.76666666666668
EK202310158852,149.06666666666666
EK202310157579,148.13333333333333
EK202310225059,140.3
EK202310183337,138.8
EK202310198264,132.86666666666667
EK202310114412,139.0
EK202310227155,145.5
EK202310234975,147.33333333333334
EK202310197349,147.66666666666666
EK202310208018,138.86666666666667
EK202310200505,147.73333333333332
EK202310115897,140.96666666666667
EK202310202707,151.56666666666666
EK202310207442,150.13333333333333
EK202310185479,165.36666666666667
EK202310237037,161.7
EK202310136200,131.96666666666667
EK202310154113,142.63333333333333
EK202310114492,134.63333333333333
EK202310176297,153.16666666666666
EK202310107640,125.93333333333334
EK202310209670,136.86666666666667
EK202310105256,154.6
EK202310108117,140.5
EK202310214550,138.26666666666668
EK202310175559,131.33333333333334
EK202310148239,130.7
EK202310181548,136.2
EK202310216342,147.16666666666666
EK202310160035,134.9
EK202310168843,154.6
EK202310131732,136.43333333333334
EK202310209477,151.2
EK202310237971,158.83333333333334
EK202310129891,168.66666666666666
EK202310171726,147.1
EK202310229665,136.76666666666668
EK202310204967,145.46666666666667
EK202310174899,131.56666666666666
EK202310116238,153.76666666666668
EK202310114560,135.0
EK202310238506,134.1
EK202310234905,133.16666666666666
EK202310229020,133.93333333333334
EK202320006240,157.7
EK202310142292,140.3
EK202310150080,170.63333333333333
EK202310159478,142.33333333333334
EK202310158699,137.9
EK202310245027,157.6
EK202310152722,138.0
EK202310233081,128.86666666666667
EK202310246556,134.66666666666666
EK202310105650,142.43333333333334
EK202310190838,138.33333333333334
EK202310218394,141.06666666666666
EK202310118154,139.86666666666667
EK202310131520,145.3
EK202310139487,136.5
EK202310146562,140.03333333333333
EK202310205269,152.33333333333334
EK202310139486,154.5
EK202310106738,146.46666666666667
EK202310196849,128.93333333333334
EK202310181949,158.43333333333334
EK202310201469,143.5
EK202310163916,143.63333333333333
EK202310221312,156.0
EK202310138582,151.1
EK202310135507,165.2
EK202310179372,146.4
EK202310004219,136.06666666666666
EK202310158089,133.6
EK202310150765,143.46666666666667
EK202310191391,138.36666666666667
EK202310112611,143.23333333333332
EK202310107389,141.0
EK202310233851,149.76666666666668
EK202310151219,142.63333333333333
EK202310232601,136.06666666666666
EK202310202073,148.46666666666667
EK202310225289,139.73333333333332
EK202310166576,140.66666666666666
EK202310224067,132.36666666666667
EK202310136837,137.0
EK202310177674,135.46666666666667
EK202310246493,154.3
EK202310183092,156.16666666666666
EK202310109401,138.8
EK202310145629,133.13333333333333
EK202310130973,115.73333333333333
EK202310208348,143.86666666666667
EK202310184342,139.63333333333333
EK202320007150,169.53333333333333
EK202310237789,135.76666666666668
EK202310114883,128.83333333333334
EK202310205366,145.23333333333332
EK202310124191,132.76666666666668
EK202310155262,139.96666666666667
EK202310220998,140.53333333333333
EK202310220544,133.33333333333334
EK202310143757,144.66666666666666
EK202310106423,139.7
EK202310221380,128.9
EK202310126488,131.63333333333333
EK202310161364,138.96666666666667
EK202310239501,133.1
EK202310164868,148.46666666666667
EK202310203126,142.56666666666666
EK202310137546,151.93333333333334
EK202310121376,148.9
EK202310105109,132.76666666666668
EK202310205221,148.13333333333333
EK202310188382,160.16666666666666
EK202310241423,160.66666666666666
EK202310167391,131.06666666666666
EK202310228119,154.8
EK202310207564,136.3
EK202310141877,141.53333333333333
EK202310244134,129.96666666666667
EK202310148484,150.46666666666667
EK202310213947,127.13333333333334
EK202310189815,138.83333333333334
EK202310196971,160.46666666666667
EK202310170035,143.23333333333332
EK202310118616,150.03333333333333
EK202310202991,157.23333333333332
EK202310193605,144.3
EK202310142332,149.9
EK202310107201,131.76666666666668
EK202310196602,147.8
EK202310112787,141.0
EK202310237416,125.0
EK202310234910,145.66666666666666
EK202310190727,142.2
EK202310114532,170.9
EK202310202380,128.16666666666666
EK202310196667,130.1
EK202310118771,135.7
EK202310112695,141.96666666666667
EK202310196403,139.66666666666666
EK202310214197,142.2
EK202310204797,143.73333333333332
EK202310107958,149.66666666666666
EK202310130013,148.06666666666666
EK202310135758,130.76666666666668
EK202310193054,134.23333333333332
EK202310148141,128.26666666666668
EK202310166034,150.33333333333334
EK202310158033,161.06666666666666
EK202310150288,150.4
EK202310113821,136.9
EK202310179440,156.73333333333332
EK202310217819,138.63333333333333
EK202310162109,165.76666666666668
EK202310200554,167.6
EK202310115242,139.8
EK202310154839,144.4
EK202310208688,139.66666666666666
EK202310191490,129.56666666666666
EK202310137318,124.76666666666667
EK202310142738,154.9
EK202310180609,134.0
EK202310158752,136.56666666666666
EK202310181525,154.46666666666667
EK202310236876,133.63333333333333
EK202310151933,136.9
EK202310203259,150.23333333333332
EK202310158609,147.06666666666666
EK202310142468,146.5
EK202310178475,148.06666666666666
EK202310113000,155.26666666666668
EK202310112010,141.8
EK202310141067,143.73333333333332
EK202310228986,151.5
EK202310123898,144.16666666666666
EK202310247624,142.13333333333333
EK202310110313,148.63333333333333
EK202310148786,139.56666666666666
EK202310200971,148.53333333333333
EK202310202596,147.73333333333332
EK202310196164,146.3
EK202310106209,135.0
EK202310177374,152.4
EK202310179062,154.76666666666668
EK202310222889,135.06666666666666
EK202310144590,140.03333333333333
EK202310136010,140.86666666666667
EK202310157710,146.06666666666666
EK202310168920,136.7
EK202310194908,149.83333333333334
EK202310245967,134.4
EK202310210453,138.2
EK202310223279,138.26666666666668
EK202310146923,135.9
EK202310231717,139.83333333333334
EK202310133833,138.36666666666667
EK202310108447,125.26666666666667
EK202310156614,168.16666666666666
EK202310124987,139.9
EK202310215881,138.63333333333333
EK202310161152,155.33333333333334
EK202310224348,131.96666666666667
EK202310242122,158.3
EK202310173831,141.46666666666667
EK202310122353,134.2
EK202310238723,150.66666666666666
EK202310232778,163.56666666666666
EK202310198262,147.1
EK202310206795,146.2
EK202310105061,130.53333333333333
EK202310147550,140.8
EK202310169793,147.2
EK202310174721,132.1
EK202310197557,155.76666666666668
EK202320007058,156.66666666666666
EK202310201254,135.3
EK202310243393,143.7
EK202310225384,137.66666666666666
EK202310004551,136.26666666666668
EK202310187388,146.23333333333332
EK202310221213,134.13333333333333
EK202310206186,130.86666666666667
EK202310118966,142.5
EK202310126228,131.73333333333332
EK202310143806,147.63333333333333
EK202310134776,134.33333333333334
EK202310222461,134.03333333333333
EK202310125996,125.56666666666666
EK202310219494,126.2
EK202310110685,123.26666666666667
EK202310222225,135.56666666666666
EK202310191983,160.76666666666668
EK202310144685,151.73333333333332
EK202310179138,134.76666666666668
EK202310179457,124.3
EK202310217372,149.43333333333334
EK202310158103,174.46666666666667
EK202310167022,150.0
EK202310148101,144.56666666666666
EK202310174010,141.36666666666667
EK202310247906,153.8
EK202310146964,150.6
EK202310195616,148.76666666666668
EK202310187966,146.53333333333333
EK202310172204,132.5
EK202310201348,144.0
EK202310125866,136.13333333333333
EK202310107865,145.66666666666666
EK202310116596,143.33333333333334
EK202310247975,157.43333333333334
EK202310118528,141.16666666666666
EK202310148683,152.36666666666667
EK202310158367,156.23333333333332
EK202310126019,133.26666666666668
EK202310163868,130.4
EK202310125121,134.73333333333332
EK202310152576,148.53333333333333
EK202310170352,128.26666666666668
EK202310233529,143.3
EK202310186906,142.16666666666666
EK202310144083,158.0
EK202310184975,149.03333333333333
EK202310178056,143.36666666666667
EK202310188978,149.9
EK202310217567,137.7
EK202310184281,163.7
EK202310140673,156.4
EK202310228899,135.43333333333334
EK202310196162,129.46666666666667
EK202310135089,168.4
EK202310115752,135.83333333333334
EK202310214385,153.23333333333332
EK202310232516,121.66666666666667
EK202310220873,142.5
EK202310172989,140.4
EK202310240149,141.93333333333334
EK202310212616,136.6
EK202310187474,157.96666666666667
EK202310156838,147.3
EK202310183007,153.9
EK202310227341,163.2
EK202310110343,146.26666666666668
EK202310198412,156.36666666666667
EK202310150894,143.76666666666668
EK202310181422,145.0
EK202310198432,152.33333333333334
EK202310187779,144.03333333333333
EK202310159706,148.06666666666666
EK202310127815,138.9
EK202310242438,147.1
EK202310145323,131.9
EK202310130401,160.06666666666666
EK202310116797,137.16666666666666
EK202310123002,142.16666666666666
EK202310152154,140.0
EK202310117372,141.7
EK202310116670,133.7
EK202310237203,129.53333333333333
EK202310162551,144.3
EK202310113370,147.0
EK202310228900,132.9
EK202310175209,153.86666666666667
EK202310236343,146.16666666666666
EK202310236383,143.13333333333333
EK202310131357,134.73333333333332
EK202310159166,133.46666666666667
EK202310170247,139.1
EK202310222379,151.86666666666667
EK202310154909,146.9
EK202310146442,140.03333333333333
EK202310003774,125.63333333333334
EK202310112911,143.26666666666668
EK202310227351,143.86666666666667
EK202310209062,142.43333333333334
EK202310238802,137.5
EK202310210919,131.43333333333334
EK202310232835,140.26666666666668
EK202310117128,136.43333333333334
EK202310219225,142.6
EK202310174933,157.63333333333333
EK202310204676,162.3
EK202310107148,153.43333333333334
EK202310181371,168.86666666666667
EK202310146220,144.06666666666666
EK202310224369,143.06666666666666
EK202310114927,138.1
EK202310177552,131.86666666666667
EK202310221588,150.86666666666667
EK202310107465,141.13333333333333
EK202310135932,146.53333333333333
EK202310110876,143.03333333333333
EK202310237021,139.5
EK202310109014,133.53333333333333
EK202310140401,128.03333333333333
EK202310137294,123.06666666666666
EK202310163064,163.9
EK202310147482,159.3
EK202310127284,160.36666666666667
EK202310201694,152.53333333333333
EK202310198350,152.33333333333334
EK202310208750,140.9
EK202310004741,141.13333333333333
EK202310164975,129.76666666666668
EK202310219480,136.7
EK202310213044,137.46666666666667
EK202310225710,131.66666666666666
EK202310174791,147.66666666666666
EK202310110800,132.8
EK202310208627,149.6
EK202310191043,142.36666666666667
EK202310154022,141.13333333333333
EK202310224070,132.06666666666666
EK202310119217,141.26666666666668
EK202310166221,140.96666666666667
EK202310135615,131.0
EK202310184260,132.2
EK202310123132,155.76666666666668
EK202310234461,135.86666666666667
EK202310167872,150.0
EK202310174913,166.56666666666666
EK202310199190,137.36666666666667
EK202310207044,137.46666666666667
EK202310121394,130.56666666666666
EK202310191133,147.73333333333332
EK202310222955,128.66666666666666
EK202310193537,126.96666666666667
EK202310131922,137.23333333333332
EK202310241321,140.4
EK202310223125,144.03333333333333
EK202310177034,155.7
EK202310189208,146.76666666666668
EK202320006578,171.06666666666666
EK202310204325,149.43333333333334
EK202310104387,147.93333333333334
EK202310188941,159.86666666666667
EK202310163981,141.0
EK202310222266,142.83333333333334
EK202310108713,151.33333333333334
EK202310201346,137.13333333333333
EK202310218638,139.66666666666666
EK202310161345,135.2
EK202310241526,131.8
EK202310199356,137.0
EK202310134515,133.43333333333334
EK202310004519,127.0
EK202310135276,164.63333333333333
EK202310219279,137.63333333333333
EK202310136740,134.6
EK202310200952,166.93333333333334
EK202310110068,136.46666666666667
EK202310157132,155.33333333333334
EK202310149621,149.6
EK202310138788,151.73333333333332
EK202310224324,143.4
EK202310239811,149.2
EK202310201046,142.76666666666668
EK202310165503,132.66666666666666
EK202310238259,158.7
EK202310165302,137.36666666666667
EK202310191144,144.36666666666667
EK202310185640,144.56666666666666
EK202310120926,139.43333333333334
EK202310197879,137.63333333333333
EK202310196320,147.7
EK202310220563,136.13333333333333
EK202310221699,143.46666666666667
EK202310229519,144.8
EK202310108573,156.4
EK202310184582,156.43333333333334
EK202310211294,150.23333333333332
EK202310195625,141.96666666666667
EK202310139587,160.06666666666666
EK202310118764,131.16666666666666
EK202310110542,139.63333333333333
EK202310173704,156.03333333333333
EK202310136262,138.16666666666666
EK202310237271,137.76666666666668
EK202310205898,147.33333333333334
EK202310245831,117.86666666666666
EK202310193909,145.43333333333334
EK202310204263,140.33333333333334
EK202310105876,146.96666666666667
EK202310192947,144.66666666666666
EK202310183403,143.8
EK202310133788,139.96666666666667
EK202310222018,140.2
EK202310129042,136.8
EK202310227808,130.0
EK202310218437,169.16666666666666
EK202310237736,140.83333333333334
EK202310141333,143.56666666666666
EK202310156395,141.56666666666666
EK202310004469,138.46666666666667
EK202310114436,134.1
EK202310118411,132.0
EK202310163568,143.5
EK202310183481,149.93333333333334
EK202310124719,169.46666666666667
EK202320006725,143.3
EK202310166370,157.5
EK202310133824,137.06666666666666
EK202310210325,136.9
EK202310144287,135.83333333333334
EK202310130686,146.23333333333332
EK202310177102,144.33333333333334
EK202310168931,133.96666666666667
EK202310235183,138.96666666666667
EK202310228458,165.26666666666668
EK202310207703,146.73333333333332
EK202310203188,172.63333333333333
EK202310111430,140.73333333333332
EK202310244894,148.7
EK202310113983,142.9
EK202310202824,162.56666666666666
EK202310138446,135.13333333333333
EK202310176444,137.3
EK202310126844,144.53333333333333
EK202310226840,139.8
EK202310109459,139.16666666666666
EK202310118743,151.9
EK202310129553,142.63333333333333
EK202310199845,154.33333333333334
EK202310228563,139.63333333333333
EK202310218219,145.13333333333333
EK202310197921,155.63333333333333
EK202310233068,140.36666666666667
EK202310159242,147.0
EK202310198622,133.13333333333333
EK202310203352,142.6
EK202310164418,137.26666666666668
EK202310119871,148.23333333333332
EK202310207409,155.73333333333332
EK202310109177,159.3
EK202310165988,152.03333333333333
EK202310199785,147.2
EK202310196659,178.93333333333334
EK202310169272,138.1
EK202310197425,126.0
EK202310175738,148.1
EK202310135941,136.26666666666668
EK202310139904,139.33333333333334
EK202310194855,133.53333333333333
EK202310221332,137.4
EK202310126755,134.06666666666666
EK202310220018,129.86666666666667
EK202310134041,131.96666666666667
EK202310210951,142.4
EK202310122540,142.7
EK202310205978,132.86666666666667
EK202310159579,142.53333333333333
EK202310118408,138.3
EK202310115221,134.33333333333334
EK202310120155,154.93333333333334
EK202310163240,142.93333333333334
EK202310147464,154.46666666666667
EK202310248306,146.46666666666667
EK202310152592,140.56666666666666
EK202310192478,145.93333333333334
EK202310126785,137.33333333333334
EK202310110706,143.86666666666667
EK202310182765,144.93333333333334
EK202310248138,138.9
EK202310186154,135.8
EK202310181675,168.46666666666667
EK202310217987,140.26666666666668
EK202310179130,152.3
EK202310135992,139.26666666666668
EK202310221623,138.96666666666667
EK202310113128,138.53333333333333
EK202310210010,137.86666666666667
EK202310163945,155.6
EK202310239487,139.9
EK202310238588,135.2
EK202310146898,142.7
EK202310147158,154.13333333333333
EK202310187097,144.06666666666666
EK202310195731,139.93333333333334
EK202310105999,140.4
EK202310200746,150.3
EK202310129579,140.06666666666666
EK202310197982,163.8
EK202310183465,136.36666666666667
EK202310105248,129.6
EK202310142138,125.33333333333333
EK202310171408,140.9
EK202310131832,142.06666666666666
EK202310211971,138.16666666666666
EK202310240690,134.8
EK202310003608,130.56666666666666
EK202310145836,139.6
EK202310171399,143.16666666666666
EK202310137705,145.2
EK202310136000,146.73333333333332
EK202310133882,136.3
EK202310141636,153.53333333333333
EK202310147290,136.56666666666666
EK202310241487,138.23333333333332
EK202310137723,138.53333333333333
EK202310140855,143.86666666666667
EK202310177098,156.16666666666666
EK202320006676,181.46666666666667
EK202310112514,147.63333333333333
EK202310141677,151.43333333333334
EK202310175682,162.56666666666666
EK202310236633,135.76666666666668
EK202310196176,133.26666666666668
EK202310156999,145.43333333333334
EK202310213305,140.4
EK202310200333,155.03333333333333
EK202310196550,132.83333333333334
EK202310226257,131.9
EK202310210514,134.6
EK202310185954,141.13333333333333
EK202310239737,150.83333333333334
EK202310231636,133.03333333333333
EK202310167744,140.73333333333332
EK202310227786,138.06666666666666
EK202310234832,138.7
EK202310126608,134.4
EK202310231942,140.66666666666666
EK202310107679,133.73333333333332
EK202310154939,149.43333333333334
EK202310191434,135.7
EK202310143462,135.33333333333334
EK202310228890,131.9
EK202310181791,132.76666666666668
EK202310147122,139.7
EK202310114485,138.26666666666668
EK202310104634,153.86666666666667
EK202310183103,137.03333333333333
EK202310003449,137.4
EK202310220154,128.83333333333334
EK202310215919,131.43333333333334
EK202310183173,126.56666666666666
EK202310136581,139.3
EK202310135891,150.8
EK202310234960,140.86666666666667
EK202310213672,142.8
EK202310160012,141.76666666666668
EK202310112248,145.16666666666666
EK202310136825,150.63333333333333
EK202310243733,134.06666666666666
EK202310235540,134.9
EK202310241172,135.26666666666668
EK202310189939,139.23333333333332
EK202310115473,133.4
EK202310188980,161.9
EK202310248520,146.76666666666668
EK202320006015,153.16666666666666
EK202310156531,133.56666666666666
EK202310146465,139.43333333333334
EK202310104718,144.73333333333332
EK202310208272,141.03333333333333
EK202310170862,138.3
EK202310235381,126.23333333333333
EK202310171376,136.76666666666668
EK202310167650,147.83333333333334
EK202310160990,153.0
EK202310195882,137.56666666666666
EK202310190552,141.66666666666666
EK202310120695,130.86666666666667
EK202310177689,144.76666666666668
EK202310116634,144.03333333333333
EK202310110519,141.03333333333333
EK202310125017,161.43333333333334
EK202310182959,134.53333333333333
EK202310181811,147.86666666666667
EK202310214725,155.0
EK202310212263,136.06666666666666
EK202310122692,148.76666666666668
EK202310215131,141.03333333333333
EK202310202575,135.33333333333334
EK202310167856,135.53333333333333
EK202310196698,141.5
EK202310226483,151.03333333333333
EK202310162014,156.93333333333334
EK202310125942,152.76666666666668
EK202310106367,143.0
EK202310229140,147.93333333333334
EK202310207884,139.5
EK202310152869,170.63333333333333
EK202310178619,145.1
EK202310211976,135.96666666666667
EK202310229203,136.36666666666667
EK202310192119,168.3
EK202310202715,174.6
EK202320007183,186.23333333333332
EK202310218337,134.36666666666667
EK202310146967,130.1
EK202310184808,153.73333333333332
EK202310190764,141.1
EK202310156823,136.13333333333333
EK202310199791,149.26666666666668
EK202310128548,135.96666666666667
EK202310156699,132.56666666666666
EK202310191011,150.3
EK202310192556,133.43333333333334
EK202310201947,134.33333333333334
EK202310180835,136.5
EK202310218514,127.43333333333334
EK202310235403,146.9
EK202310222338,147.43333333333334
EK202310129625,136.4
EK202320005601,149.36666666666667
EK202310167199,146.53333333333333
EK202310216271,156.16666666666666
EK202310186219,153.3
EK202310200112,147.43333333333334
EK202310240709,139.5
EK202310140388,149.86666666666667
EK202310167460,131.83333333333334
EK202310207710,156.96666666666667
EK202310136954,136.96666666666667
EK202310238009,164.43333333333334
EK202310241135,135.66666666666666
EK202310118669,139.2
EK202310177676,136.26666666666668
EK202310110622,145.6
EK202310106125,157.53333333333333
EK202310137730,144.43333333333334
EK202310169952,134.36666666666667
EK202310201586,140.03333333333333
EK202310199082,147.66666666666666
EK202310110230,136.36666666666667
EK202310169093,171.7
EK202310151384,162.46666666666667
EK202310118353,129.6
EK202310217860,143.36666666666667
EK202310155832,139.86666666666667
EK202310192043,145.23333333333332
EK202310227031,120.8
EK202310181504,137.53333333333333
EK202310123944,140.9
EK202310155457,138.16666666666666
EK202310121127,160.8
EK202310004367,147.53333333333333
EK202310113745,135.56666666666666
EK202310121643,148.56666666666666
EK202310126640,142.16666666666666
EK202310203242,146.9
EK202310144892,140.36666666666667
EK202310108440,140.43333333333334
EK202310169807,149.23333333333332
EK202310247122,140.1
EK202310129519,151.1
EK202310235954,148.8
EK202310122880,141.46666666666667
EK202310231944,131.46666666666667
EK202310244881,137.66666666666666
EK202310124312,138.56666666666666
EK202310193201,163.3
EK202310229571,122.96666666666667
EK202310157769,151.9
EK202310109164,131.6
EK202310188000,143.93333333333334
EK202310109289,126.73333333333333
EK202310157844,146.86666666666667
EK202310237961,158.8
EK202310138503,163.06666666666666
EK202310155205,130.33333333333334
EK202310199658,157.76666666666668
EK202310168116,146.33333333333334
EK202310236349,135.86666666666667
EK202310003984,144.96666666666667
EK202310227800,145.43333333333334
EK202310238162,151.26666666666668
EK202310207863,135.03333333333333
EK202310104629,138.66666666666666
EK202310199877,142.2
EK202310242313,140.8
EK202310180497,160.5
EK202310205863,152.33333333333334
EK202310198959,139.8
EK202310150579,141.7
EK202310142769,160.53333333333333
EK202310198383,150.13333333333333
EK202310114099,142.66666666666666
EK202310189094,166.7
EK202310128005,143.6
EK202310210639,137.23333333333332
EK202310247606,157.96666666666667
EK202310161724,133.43333333333334
EK202310141881,132.8
EK202310131694,135.96666666666667
EK202310204730,145.46666666666667
EK202310171972,139.03333333333333
EK202310208602,140.76666666666668
EK202310154432,130.36666666666667
EK202310122263,130.76666666666668
EK202310192830,146.16666666666666
EK202310211505,156.3
EK202310247017,147.33333333333334
EK202310106742,134.7
EK202310160358,133.93333333333334
EK202310241263,156.46666666666667
EK202310109888,139.23333333333332
EK202310119208,137.1
EK202310138383,122.33333333333333
EK202310195693,142.76666666666668
EK202310150042,149.3
EK202310233867,163.26666666666668
EK202310151155,128.33333333333334
EK202310152450,145.73333333333332
EK202310216227,137.6
EK202310119674,149.0
EK202310151394,167.26666666666668
EK202310198198,137.93333333333334
EK202310231585,128.2
EK202310220310,169.36666666666667
EK202310133553,136.36666666666667
EK202310119758,141.33333333333334
EK202310154895,164.16666666666666
EK202310166029,138.4
EK202310209935,145.1
EK202310106150,158.6
EK202310220446,142.06666666666666
EK202310138946,142.83333333333334
EK202310136698,135.5
EK202310237887,141.56666666666666
EK202310133476,141.03333333333333
EK202310219601,139.56666666666666
EK202310171218,141.4
EK202310235182,136.46666666666667
EK202310132648,120.26666666666667
EK202310244452,130.63333333333333
EK202310138113,131.03333333333333
EK202310187317,135.6
EK202310179142,140.03333333333333
EK202310165891,147.3
EK202310177495,149.9
EK202310150032,163.73333333333332
EK202310133680,142.26666666666668
EK202310133975,149.9
EK202310203779,142.83333333333334
EK202320007546,141.93333333333334
EK202310191528,141.66666666666666
EK202310129147,149.63333333333333
EK202310181778,145.63333333333333
EK202310230476,157.36666666666667
EK202310110448,138.43333333333334
EK202310107980,137.8
EK202310150018,146.8
EK202310222076,145.2
EK202310178437,149.43333333333334
EK202310206209,134.3
EK202310211038,149.13333333333333
EK202310130172,158.33333333333334
EK202310166466,162.73333333333332
EK202310183473,144.8
EK202310196150,155.6
EK202310157693,144.7
EK202310104605,139.8
EK202310235306,153.03333333333333
EK202310107563,145.8
EK202310163320,134.6
EK202310136756,137.93333333333334
EK202310211564,128.96666666666667
EK202310232534,136.16666666666666
EK202310132550,136.3
EK202310160312,161.2
EK202310234805,140.66666666666666
EK202310185938,136.63333333333333
EK202310144699,159.36666666666667
EK202310191954,158.66666666666666
EK202310146126,130.46666666666667
EK202320006284,168.66666666666666
EK202310185460,153.46666666666667
EK202310191567,152.6
EK202310222307,144.73333333333332
EK202310105032,142.53333333333333
EK202310230256,127.2
EK202310220456,147.5
EK202310125059,136.63333333333333
EK202320006649,168.4
EK202310170919,142.73333333333332
EK202310244926,137.16666666666666
EK202310123389,143.96666666666667
EK202310122848,134.56666666666666
EK202310211774,128.2
EK202310197231,130.8
EK202310138568,134.0
EK202310198554,137.3
EK202310121478,133.16666666666666
EK202310236719,146.4
EK202310168801,145.33333333333334
EK202310224443,146.86666666666667
EK202310206512,143.96666666666667
EK202310220836,155.03333333333333
EK202310247269,135.5
EK202310131994,131.2
EK202310134008,137.23333333333332
EK202310157322,142.03333333333333
EK202310143414,153.3
EK202310173429,140.96666666666667
EK202310217512,136.16666666666666
EK202310166684,139.0
EK202310203358,142.6
EK202310135525,157.43333333333334
EK202310190632,149.76666666666668
EK202310109605,165.33333333333334
EK202310209788,131.36666666666667
EK202310184706,136.06666666666666
EK202320006994,153.73333333333332
EK202310184357,134.2
EK202320007190,148.5
EK202310105990,136.8
EK202310168348,133.9
EK202310138422,135.63333333333333
EK202310136152,151.0
EK202310126424,134.13333333333333
EK202310147111,155.36666666666667
EK202310231544,126.56666666666666
EK202310149122,145.16666666666666
EK202310212352,146.83333333333334
EK202310178385,140.66666666666666
EK202310224803,174.43333333333334
EK202310004063,132.43333333333334
EK202310206156,150.1
EK202310157699,129.76666666666668
EK202310154414,154.7
EK202310149221,135.26666666666668
EK202310171384,140.8
EK202310153408,141.26666666666668
EK202310109654,141.7
EK202310158683,142.8
EK202310206976,133.43333333333334
EK202310186788,147.16666666666666
EK202310187515,170.5
EK202310153792,163.66666666666666
EK202310144321,149.43333333333334
EK202310222822,138.63333333333333
EK202310152281,153.23333333333332
EK202310003851,160.5
EK202310205656,160.83333333333334
EK202310239556,137.3
EK202310145427,135.96666666666667
EK202310107329,133.43333333333334
EK202310135305,156.86666666666667
EK202310225618,142.1
EK202310212945,129.13333333333333
EK202310244567,157.4
EK202310188392,126.2
EK202310188450,147.2
EK202310119188,141.73333333333332
EK202310156387,136.13333333333333
EK202310154237,137.26666666666668
EK202310232890,150.13333333333333
EK202310219207,125.43333333333334
EK202310247057,145.4
EK202310229305,137.86666666666667
EK202310128710,131.5
EK202310179533,140.36666666666667
EK202310115467,126.6
EK202310237723,135.16666666666666
EK202310197376,155.26666666666668
EK202310135350,149.76666666666668
EK202310135038,168.7
EK202310190843,138.96666666666667
EK202310148220,140.83333333333334
EK202310193335,144.16666666666666
EK202310201565,150.36666666666667
EK202310108505,144.3
EK202310236715,148.76666666666668
EK202310149792,147.33333333333334
EK202310193733,139.7
EK202310248391,141.96666666666667
EK202310134202,142.63333333333333
EK202310174938,157.46666666666667
EK202310104253,142.5
EK202310178227,150.33333333333334
EK202310200622,150.26666666666668
EK202310162938,136.7
EK202310136715,138.8
EK202310219551,138.53333333333333
EK202310213720,142.63333333333333
EK202310197334,149.96666666666667
EK202310162409,156.2
EK202310176758,134.13333333333333
EK202310106155,139.3
EK202310178600,151.06666666666666
EK202310181111,135.26666666666668
EK202310237737,127.8
EK202310135634,141.4
EK202310222019,136.66666666666666
EK202310211690,132.73333333333332
EK202310223930,137.33333333333334
EK202310159564,149.53333333333333
EK202310123361,150.76666666666668
EK202310154711,153.96666666666667
EK202310196284,169.03333333333333
EK202310142525,144.2
EK202310185635,155.93333333333334
EK202310163743,131.6
EK202310176119,159.2
EK202310243732,139.7
EK202310153106,156.96666666666667
EK202310105266,144.7
EK202310192211,138.2
EK202310109959,138.0
EK202310124347,135.7
EK202310215657,119.43333333333334
EK202310181609,144.83333333333334
EK202310166089,144.16666666666666
EK202310180562,145.3
EK202310220766,132.83333333333334
EK202310208527,132.43333333333334
EK202310197946,130.7
EK202310165805,131.1
EK202310184781,146.6
EK202310212044,159.5
EK202310182865,135.0
EK202310187564,143.23333333333332
EK202310187093,147.83333333333334
EK202310243295,134.2
EK202310156858,146.96666666666667
EK202310123996,161.53333333333333
EK202310120097,132.96666666666667
EK202310135094,172.26666666666668
EK202310189874,141.96666666666667
EK202310210390,138.6
EK202310108372,147.23333333333332
EK202310217559,143.76666666666668
EK202310136995,150.43333333333334
EK202310119918,145.16666666666666
EK202310108102,123.73333333333333
EK202310205335,151.63333333333333
EK202310192571,146.43333333333334
EK202310122214,139.93333333333334
EK202310111079,142.2
EK202310143134,146.7
EK202310244019,133.1
EK202310238237,131.8
EK202310136960,133.13333333333333
EK202310140905,148.93333333333334
EK202310207571,151.4
EK202310185887,143.03333333333333
EK202310179874,146.53333333333333
EK202310228155,131.03333333333333
EK202320006551,161.46666666666667
EK202310198810,165.7
EK202310197956,149.56666666666666
EK202310109446,162.4
EK202310145921,149.73333333333332
EK202310127078,141.46666666666667
EK202310106661,133.26666666666668
EK202310107868,144.73333333333332
EK202310137756,134.56666666666666
EK202310112214,144.7
EK202310223082,146.56666666666666
EK202310180270,140.23333333333332
EK202310164239,150.06666666666666
EK202310126360,134.3
EK202320007775,146.36666666666667
EK202310212210,134.53333333333333
EK202310154670,143.86666666666667
EK202310225780,134.03333333333333
EK202310159250,143.86666666666667
EK202310189634,146.93333333333334
EK202310140814,139.03333333333333
EK202310127508,175.36666666666667
EK202310218677,141.66666666666666
EK202310128068,137.26666666666668
EK202310113414,142.06666666666666
EK202310127227,143.6
EK202310119514,141.96666666666667
EK202310228944,123.9
EK202310109272,142.33333333333334
EK202310181673,147.76666666666668
EK202310213638,136.2
EK202310244798,143.76666666666668
EK202310204831,138.46666666666667
EK202310208541,133.93333333333334
EK202310226684,141.1
EK202310106021,128.1
EK202310186790,155.9
EK202310134623,137.7
EK202310004353,143.76666666666668
EK202310120823,136.16666666666666
EK202310193351,134.46666666666667
EK202310129759,136.9
EK202310211069,141.2
EK202310145710,137.9
EK202310129442,146.93333333333334
EK202310157511,124.1
EK202310210155,132.4
EK202310240481,120.0
EK202310182044,156.43333333333334
EK202310180996,150.93333333333334
EK202310130678,135.43333333333334
EK202310003775,129.3
EK202310155552,136.03333333333333
EK202310111202,146.13333333333333
EK202310108361,133.3
EK202310224126,138.66666666666666
EK202310115508,125.96666666666667
EK202310225464,136.7
EK202310198925,132.33333333333334
EK202310143314,147.0
EK202310231386,148.6
EK202310120970,136.9
EK202310179304,130.23333333333332
EK202310222188,136.16666666666666
EK202310173726,145.03333333333333
EK202310151318,137.53333333333333
EK202310139619,141.16666666666666
EK202310175938,155.1
EK202310178847,136.83333333333334
EK202310191627,145.93333333333334
EK202310180100,138.4
EK202310237846,139.23333333333332
EK202310136435,147.9
EK202310104391,134.66666666666666
EK202310182074,143.76666666666668
EK202310197546,169.4
EK202310237183,156.4
EK202310113688,139.56666666666666
EK202310168496,141.6
EK202310140650,140.3
EK202310202579,144.23333333333332
EK202310173337,147.53333333333333
EK202310148159,134.53333333333333
EK202310177447,155.3
EK202310172439,170.9
EK202310193776,139.46666666666667
EK202310126160,142.13333333333333
EK202310129091,144.06666666666666
EK202310180011,138.7
EK202310219524,168.63333333333333
EK202310188997,136.7
EK202310183044,142.9
EK202310192813,141.53333333333333
EK202310148696,160.36666666666667
EK202310197244,152.53333333333333
EK202310243949,141.36666666666667
EK202310223004,153.53333333333333
EK202310159964,153.56666666666666
EK202310226266,128.8
EK202310227381,141.5
EK202310143706,155.16666666666666
EK202310156505,142.86666666666667
EK202310146977,144.53333333333333
EK202310207164,161.63333333333333
EK202310115033,144.23333333333332
EK202310197774,165.16666666666666
EK202310183602,154.0
EK202310163574,128.4
EK202310139474,153.33333333333334
EK202310139787,139.16666666666666
EK202310151771,143.3
EK202310141474,150.3
EK202310201682,141.73333333333332
EK202310235051,144.03333333333333
EK202310197036,144.26666666666668
EK202310208162,132.03333333333333
EK202310192736,140.96666666666667
EK202310239207,136.6
EK202310213359,131.43333333333334
EK202310165987,136.26666666666668
EK202310144351,133.7
EK202310192377,152.06666666666666
EK202310178661,146.7
EK202310133799,145.76666666666668
EK202310167137,129.2
EK202310196182,165.03333333333333
EK202310239217,139.96666666666667
EK202310163146,147.56666666666666
EK202310139455,147.8
EK202310164544,140.06666666666666
EK202310105037,156.5
EK202310168936,151.76666666666668
EK202310182321,135.43333333333334
EK202310223204,139.86666666666667
EK202310124648,139.4
EK202310133402,127.43333333333334
EK202310189249,135.63333333333333
EK202310211896,142.2
EK202310153695,138.73333333333332
EK202310197047,148.0
EK202310115358,145.2
EK202310178231,140.4
EK202310140750,163.0
EK202310196690,142.9
EK202310180158,131.76666666666668
EK202310118819,153.6
EK202310129172,140.33333333333334
EK202310160427,156.2
EK202310217514,138.7
EK202310228544,141.93333333333334
EK202310129411,146.3
EK202310120076,149.66666666666666
EK202310147682,137.26666666666668
EK202310119579,145.9
EK202310231294,135.6
EK202310205896,129.1
EK202310168792,160.76666666666668
EK202310194600,140.06666666666666
EK202310231773,127.9
EK202310197094,145.76666666666668
EK202310159125,144.63333333333333
EK202310145220,149.63333333333333
EK202310109432,149.2
EK202310154128,130.56666666666666
EK202310226955,135.93333333333334
EK202310232457,135.3
EK202310196244,140.2
EK202310246079,146.1
EK202310168088,126.2
EK202310128614,142.6
EK202310156766,149.16666666666666
EK202310208139,144.43333333333334
EK202310167951,146.1
EK202310140914,144.13333333333333
EK202310123858,138.16666666666666
EK202310246678,148.9
EK202310231310,146.76666666666668
EK202310145596,147.83333333333334
EK202310227515,148.83333333333334
EK202310124946,150.3
EK202310146823,134.3
EK202310135586,146.93333333333334
EK202310201307,127.5
EK202310182403,152.23333333333332
EK202310215443,135.53333333333333
EK202310126298,134.03333333333333
EK202310189734,142.23333333333332
EK202310150496,146.23333333333332
EK202310201647,134.33333333333334
EK202310236856,137.2
EK202310141840,149.5
EK202310129012,139.3
EK202310191859,142.4
EK202310128135,133.43333333333334
EK202310140784,138.83333333333334
EK202310106371,138.63333333333333
EK202310189118,143.7
EK202310185786,139.5
EK202310177437,142.9
EK202310183495,146.1
EK202310183166,161.83333333333334
EK202310121858,147.83333333333334
EK202310128877,133.7
EK202310155995,158.46666666666667
EK202310158905,143.23333333333332
EK202310197700,132.33333333333334
EK202310135362,149.53333333333333
EK202310238208,155.63333333333333
EK202310225984,140.93333333333334
EK202310196965,156.46666666666667
EK202310244512,151.06666666666666
EK202310113816,139.56666666666666
EK202310141423,141.66666666666666
EK202310226411,137.03333333333333
EK202310217081,139.5
EK202310161000,136.93333333333334
EK202310141027,165.53333333333333
EK202310231746,143.53333333333333
EK202310209069,141.4
EK202310142345,149.73333333333332
EK202310117104,140.0
EK202310108603,130.23333333333332
EK202310196141,150.33333333333334
EK202310192522,156.83333333333334
EK202310144266,149.7
EK202310203451,157.76666666666668
EK202310161877,161.33333333333334
EK202310155543,143.93333333333334
EK202310123638,155.36666666666667
EK202310145309,136.66666666666666
EK202310138293,155.6
EK202310227474,136.4
EK202310227560,143.2
EK202310152889,165.86666666666667
EK202310107200,140.26666666666668
EK202310205243,132.46666666666667
EK202310203128,147.33333333333334
EK202310176303,148.9
EK202310236159,135.4
EK202310146226,152.3
EK202310114477,136.86666666666667
EK202310193701,156.1
EK202310132862,131.26666666666668
EK202310146635,131.13333333333333
EK202310118476,154.8
EK202310207776,139.9
EK202310165877,142.63333333333333
EK202320006410,146.1
EK202310111513,139.1
EK202310143909,139.73333333333332
EK202310132541,137.33333333333334
EK202310209469,137.53333333333333
EK202310103777,146.63333333333333
EK202310138311,148.26666666666668
EK202310155715,143.46666666666667
EK202310161111,155.63333333333333
EK202310231380,130.0
EK202310129520,139.3
EK202310234907,137.46666666666667
EK202310107216,123.73333333333333
EK202310106843,137.53333333333333
EK202310204308,137.73333333333332
EK202310214592,161.86666666666667
EK202310116839,149.3
EK202310180647,143.5
EK202310142824,137.0
EK202310196639,141.46666666666667
EK202310231947,136.6
EK202310135996,146.96666666666667
EK202310225970,125.9
EK202310232921,129.33333333333334
EK202310229671,144.3
EK202310143117,126.16666666666667
EK202310235001,128.9
EK202310223296,140.26666666666668
EK202310166180,153.06666666666666
EK202310144778,129.4
EK202310140206,163.13333333333333
EK202310146221,131.3
EK202310191931,146.9
EK202310139195,139.23333333333332
EK202310110326,141.26666666666668
EK202310198683,143.93333333333334
EK202310108642,146.13333333333333
EK202310147919,144.96666666666667
EK202310120403,132.56666666666666
EK202310148663,150.2
EK202310194369,143.0
EK202310188744,149.73333333333332
EK202310197143,148.53333333333333
EK202310188007,160.63333333333333
EK202310230690,132.96666666666667
EK202310109322,142.93333333333334
EK202310122503,134.36666666666667
EK202310208466,128.5
EK202310169759,147.2
EK202310004770,134.46666666666667
EK202310197055,140.7
EK202310190099,131.06666666666666
EK202310238226,140.5
EK202310166147,150.0
EK202320006000,171.16666666666666
EK202310214036,141.03333333333333
EK202310004510,135.76666666666668
EK202310144131,131.3
EK202310182006,163.56666666666666
EK202310115418,128.9
EK202310203399,159.0
EK202310219700,151.46666666666667
EK202310141585,147.96666666666667
EK202310236911,137.03333333333333
EK202310153553,133.36666666666667
EK202310152777,155.7
EK202310216006,140.26666666666668
EK202310159334,159.4
EK202310200189,135.0
EK202310176376,138.53333333333333
EK202310177091,145.36666666666667
EK202310135092,171.03333333333333
EK202310152730,146.93333333333334
EK202310194718,135.03333333333333
EK202310174761,161.33333333333334
EK202310187516,154.6
EK202310225948,142.5
EK202310159500,151.1
EK202320005628,152.86666666666667
EK202310150262,164.2
EK202310197555,159.53333333333333
EK202310224652,139.6
EK202310239239,141.73333333333332
EK202310222699,137.16666666666666
EK202310115560,147.83333333333334
EK202310179277,143.86666666666667
EK202310202696,164.0
EK202310154234,135.33333333333334
EK202310113254,139.13333333333333
EK202310139630,134.3
EK202310202764,151.26666666666668
EK202310121640,136.56666666666666
EK202310142534,143.0
EK202310239215,133.1
EK202310244715,139.96666666666667
EK202310185779,131.13333333333333
EK202310221201,130.86666666666667
EK202310206833,145.7
EK202310171904,144.13333333333333
EK202310178044,151.76666666666668
EK202310168114,165.56666666666666
EK202310138587,138.13333333333333
EK202310173356,133.3
EK202310197110,152.73333333333332
EK202310242357,139.46666666666667
EK202310208746,131.1
EK202310217847,138.43333333333334
EK202310199265,133.23333333333332
EK202310182895,140.06666666666666
EK202310107553,137.96666666666667
EK202310107608,144.06666666666666
EK202320005608,147.43333333333334
EK202310199563,131.2
EK202310141002,139.93333333333334
EK202310187238,142.93333333333334
EK202310187741,140.56666666666666
EK202310189994,147.33333333333334
EK202310147256,138.46666666666667
EK202310118527,145.86666666666667
EK202310229103,136.96666666666667
EK202310135696,120.53333333333333
EK202310165074,140.46666666666667
EK202310205649,142.76666666666668
EK202310174231,136.93333333333334
EK202310181105,147.3
EK202310173608,150.3
EK202310147350,137.56666666666666
EK202310145408,140.56666666666666
EK202310163214,138.36666666666667
EK202310141179,150.73333333333332
EK202310235877,139.8
EK202310168519,152.06666666666666
EK202310111852,137.43333333333334
EK202310120721,128.1
EK202310239396,142.6
EK202310125811,148.53333333333333
EK202310122414,153.1
EK202310109063,152.03333333333333
EK202310136944,135.66666666666666
EK202310112504,148.4
EK202310187424,133.96666666666667
EK202310107467,137.9
EK202310170488,141.53333333333333
EK202310221856,132.2
EK202310146245,142.63333333333333
EK202310211446,145.06666666666666
EK202310234464,131.3
EK202310216823,152.13333333333333
EK202310158691,148.26666666666668
EK202310130435,123.43333333333334
EK202310173064,140.13333333333333
EK202310159177,152.8
EK202310164312,126.93333333333334
EK202310190628,144.03333333333333
EK202310108846,137.56666666666666
EK202310180445,163.1
EK202310131205,158.96666666666667
EK202310164126,142.26666666666668
EK202310107936,144.56666666666666
EK202310243521,153.1
EK202310208141,131.23333333333332
EK202310190781,141.56666666666666
EK202310172000,141.03333333333333
EK202310190053,150.86666666666667
EK202310233066,123.6
EK202310131018,126.53333333333333
EK202310149945,148.0
EK202310205501,127.16666666666667
EK202310248483,142.43333333333334
EK202310129538,133.33333333333334
EK202310167469,152.0
EK202310106330,147.16666666666666
EK202310225391,145.43333333333334
EK202310125703,144.23333333333332
EK202310208418,140.96666666666667
EK202310147781,131.26666666666668
EK202310164598,143.0
EK202310214120,168.43333333333334
EK202310118444,140.13333333333333
EK202310145109,140.86666666666667
EK202310150661,148.13333333333333
EK202310134650,148.3
EK202310170695,163.86666666666667
EK202310171347,145.26666666666668
EK202310118507,135.06666666666666
EK202310135088,168.6
EK202310169570,140.43333333333334
EK202310198285,154.0
EK202310244339,149.2
EK202310218458,154.2
EK202310167361,145.23333333333332
EK202320006358,150.03333333333333
EK202310155685,138.86666666666667
EK202310193521,148.43333333333334
EK202310178456,141.0
EK202310120435,131.06666666666666
EK202310229594,133.16666666666666
EK202310204793,145.66666666666666
EK202310128806,144.73333333333332
EK202310145561,146.9
EK202310218298,136.2
EK202310185508,146.23333333333332
EK202310169152,157.46666666666667
EK202310119338,130.8
EK202310172073,151.33333333333334
EK202310164403,162.23333333333332
EK202310228535,142.1
EK202310233245,133.73333333333332
EK202310247155,133.0
EK202310184707,145.63333333333333
EK202310244628,146.06666666666666
EK202310184991,145.33333333333334
EK202310200030,128.1
EK202310131926,136.3
EK202310183294,160.63333333333333
EK202310156979,144.36666666666667
EK202310196008,152.36666666666667
EK202310124917,148.0
EK202310182478,138.76666666666668
EK202310206853,150.16666666666666
EK202310131555,141.33333333333334
EK202310134282,156.5
EK202310120141,169.43333333333334
EK202310246441,139.46666666666667
EK202310195921,147.43333333333334
EK202310214428,139.23333333333332
EK202310124519,148.56666666666666
EK202310153352,153.03333333333333
EK202310155554,142.93333333333334
EK202310193684,137.1
EK202310225319,133.26666666666668
EK202310148621,140.1
EK202310237907,148.1
EK202310202805,133.16666666666666
EK202310161990,163.96666666666667
EK202310200477,144.9
EK202310114915,139.86666666666667
EK202310242909,137.66666666666666
EK202310142330,140.8
EK202310221377,139.36666666666667
EK202310137957,135.0
EK202310151180,146.86666666666667
EK202310182686,125.16666666666667
EK202310244166,136.36666666666667
EK202310242349,131.03333333333333
EK202310121472,134.56666666666666
EK202310192151,142.26666666666668
EK202310112554,132.33333333333334
EK202310225810,135.63333333333333
EK202310235008,135.13333333333333
EK202310217946,148.16666666666666
EK202310197822,147.46666666666667
EK202310003944,145.96666666666667
EK202310135754,134.83333333333334
EK202310235898,137.96666666666667
EK202310171140,135.63333333333333
EK202310145149,149.7
EK202310202195,145.03333333333333
EK202310220091,141.63333333333333
EK202310232376,141.13333333333333
EK202310189509,139.4
EK202310113709,142.33333333333334
EK202310119993,135.0
EK202310223647,142.33333333333334
EK202310227478,138.43333333333334
EK202310174661,125.7
EK202310165728,158.93333333333334
EK202310182436,158.53333333333333
EK202310181591,133.76666666666668
EK202310233458,141.53333333333333
EK202310138708,139.36666666666667
EK202310107419,134.46666666666667
EK202310242771,134.1
EK202310110825,134.06666666666666
EK202310148516,145.2
EK202310169259,134.66666666666666
EK202310139428,153.36666666666667
EK202320005946,164.3
EK202310212395,138.03333333333333
EK202310211186,131.3
EK202310124150,133.96666666666667
EK202310172970,148.5
EK202310212383,143.73333333333332
EK202310152532,130.73333333333332
EK202310174856,133.7
EK202310150761,128.23333333333332
EK202310192707,157.43333333333334
EK202320006514,161.3
EK202310230857,138.03333333333333
EK202310209642,154.93333333333334
EK202310244831,138.13333333333333
EK202310004958,148.53333333333333
EK202310222994,154.6
EK202310122972,144.56666666666666
EK202310240517,158.03333333333333
EK202310154489,142.6
EK202310149568,148.63333333333333
EK202310173750,141.26666666666668
EK202310127136,160.36666666666667
EK202310162460,138.83333333333334
EK202310237884,150.8
EK202310128591,141.46666666666667
EK202310167782,157.73333333333332
EK202310173162,146.46666666666667
EK202310176040,164.46666666666667
EK202310180187,126.76666666666667
EK202310205385,152.96666666666667
EK202310189417,140.93333333333334
EK202310110265,139.5
EK202310175081,161.6
EK202310241247,142.03333333333333
EK202310210940,139.8
EK202310239869,139.26666666666668
EK202310208022,139.73333333333332
EK202310186683,131.2
EK202310244974,137.66666666666666
EK202310196503,143.2
EK202310147774,149.56666666666666
EK202310194263,140.03333333333333
EK202310188228,143.8
EK202310164624,134.13333333333333
EK202310153042,147.0
EK202310157883,159.66666666666666
EK202310110532,136.3
EK202310166599,133.4
EK202310153767,163.0
EK202310126138,134.26666666666668
EK202310121044,151.03333333333333
EK202310133142,151.53333333333333
EK202310128385,134.93333333333334
EK202310175042,133.66666666666666
EK202310189448,142.16666666666666
EK202310190050,150.83333333333334
EK202310172092,139.56666666666666
EK202310207334,132.73333333333332
EK202310182559,138.36666666666667
EK202310137090,157.26666666666668
EK202310190532,134.6
EK202310236425,131.03333333333333
EK202310203185,132.13333333333333
EK202310168314,131.1
EK202310151263,158.56666666666666
EK202310108095,145.53333333333333
EK202310232838,145.9
EK202310135295,173.43333333333334
EK202310163910,146.8
EK202310194553,139.3
EK202310174190,141.6
EK202310231328,138.83333333333334
EK202310147991,140.0
EK202310161571,169.1
EK202310240598,137.03333333333333
EK202310236106,141.96666666666667
EK202310109500,135.2
EK202320005589,162.53333333333333
EK202310143413,144.23333333333332
EK202310153498,157.76666666666668
EK202310181818,140.4
EK202310137951,132.56666666666666
EK202310158889,152.16666666666666
EK202310147118,150.3
EK202310153978,146.1
EK202310107126,140.06666666666666
EK202310145858,143.23333333333332
EK202310220104,139.23333333333332
EK202310112400,132.86666666666667
EK202310236894,146.73333333333332
EK202310217550,141.53333333333333
EK202310236693,136.3
EK202310217785,134.23333333333332
EK202310235143,146.23333333333332
EK202310182831,144.6
EK202310117677,144.3
EK202310207224,142.16666666666666
EK202310217694,143.16666666666666
EK202310144000,153.03333333333333
EK202310165837,158.0
EK202310211421,151.63333333333333
EK202310004270,155.06666666666666
EK202310189309,144.66666666666666
EK202310127417,140.3
EK202310197347,167.6
EK202310209401,160.83333333333334
EK202310180542,143.96666666666667
EK202310162786,142.7
EK202310223059,140.13333333333333
EK202310147692,139.26666666666668
EK202310244440,148.0
EK202310180779,149.63333333333333
EK202310189325,122.4
EK202310110924,143.16666666666666
EK202310157687,136.76666666666668
EK202310154799,142.93333333333334
EK202310169628,131.1
EK202310169107,155.2
EK202310105506,137.93333333333334
EK202310154969,142.8
EK202310122511,132.2
EK202310156453,154.3
EK202310246928,123.43333333333334
EK202310203362,153.03333333333333
EK202310138843,142.5
EK202310157857,141.53333333333333
EK202310236705,135.5
EK202310236064,125.73333333333333
EK202310190655,142.66666666666666
EK202310232773,171.56666666666666
EK202310209352,129.2
EK202310196574,133.43333333333334
EK202310153431,140.86666666666667
EK202310213738,149.43333333333334
EK202310159195,163.5
EK202310192497,125.06666666666666
EK202310179803,133.66666666666666
EK202310122219,146.0
EK202310121778,156.43333333333334
EK202310240799,134.56666666666666
EK202310186388,140.8
EK202310227442,143.2
EK202310236831,142.43333333333334
EK202310146534,141.83333333333334
EK202310108548,142.8
EK202310127039,133.96666666666667
EK202310239867,141.73333333333332
EK202310140091,155.26666666666668
EK202320007345,149.96666666666667
EK202310181587,131.03333333333333
EK202310183586,159.23333333333332
EK202310161537,162.9
EK202310221929,143.8
EK202310115533,135.83333333333334
EK202310245422,127.93333333333334
EK202310134303,138.0
EK202310206878,150.8
EK202310143077,143.06666666666666
EK202310187766,147.8
EK202310233861,165.7
EK202310145715,135.06666666666666
EK202310186238,135.5
EK202310168663,138.53333333333333
EK202310230983,142.9
EK202310139816,144.4
EK202310206473,140.03333333333333
EK202310153829,143.46666666666667
EK202310182371,155.96666666666667
EK202310173647,135.9
EK202310114150,144.76666666666668
EK202310242508,144.56666666666666
EK202310203427,160.3
EK202310132984,129.9
EK202310117793,128.0
EK202310138841,137.2
EK202310139058,151.06666666666666
EK202310164995,141.26666666666668
EK202310202198,147.8
EK202310160037,124.5
EK202310138091,136.76666666666668
EK202310183753,135.9
EK202310211184,129.53333333333333
EK202310187233,138.03333333333333
EK202310225971,126.5
EK202310155927,136.46666666666667
EK202310123628,130.76666666666668
EK202310183593,175.23333333333332
EK202310196797,143.4
EK202310129620,130.86666666666667
EK202310157287,139.66666666666666
EK202310181152,130.53333333333333
EK202310203161,156.03333333333333
EK202310247889,136.93333333333334
EK202310205874,134.66666666666666
EK202310175828,135.0
EK202310141292,143.9
EK202310127480,130.46666666666667
EK202310112716,146.83333333333334
EK202310200229,142.86666666666667
EK202310112035,145.83333333333334
EK202310204257,137.13333333333333
EK202310145471,133.93333333333334
EK202310210409,135.36666666666667
EK202310166832,139.06666666666666
EK202310248711,142.16666666666666
EK202310177732,133.3
EK202310160771,139.63333333333333
EK202310136073,132.86666666666667
EK202310182269,149.06666666666666
EK202310240985,150.6
EK202310106392,135.73333333333332
EK202310208908,126.96666666666667
EK202310113165,139.73333333333332
EK202310152602,132.6
EK202310210636,131.86666666666667
EK202310140721,133.23333333333332
EK202310148290,141.4
EK202310199880,146.6
EK202310227144,141.73333333333332
EK202310147589,139.4
EK202310004177,150.73333333333332
EK202310138763,148.76666666666668
EK202310172464,166.06666666666666
EK202310105200,139.03333333333333
EK202310184573,150.36666666666667
EK202310208816,126.53333333333333
EK202310109118,143.8
EK202310200139,139.0
EK202310133070,135.2
EK202310122855,156.56666666666666
EK202310233834,140.13333333333333
EK202310209821,142.8
EK202310124502,134.13333333333333
EK202310187088,169.6
EK202310133122,172.73333333333332
EK202310004846,140.36666666666667
EK202310147252,140.53333333333333
EK202310175414,133.7
EK202310181170,138.03333333333333
EK202310004408,139.06666666666666
EK202310125748,149.03333333333333
EK202310131440,140.13333333333333
EK202310192559,140.2
EK202310192910,163.86666666666667
EK202310180784,149.6
EK202310236540,139.66666666666666
EK202310175339,140.63333333333333
EK202310160527,174.03333333333333
EK202310236221,136.06666666666666
EK202310238864,161.6
EK202310166680,139.56666666666666
EK202310117287,137.36666666666667
EK202310192797,147.3
EK202310200327,148.23333333333332
EK202310176045,157.2
EK202310148346,134.53333333333333
EK202310142274,148.16666666666666
EK202310122242,142.36666666666667
EK202310126568,131.3
EK202310204418,141.7
EK202310156236,150.8
EK202310189484,132.1
EK202310137543,138.03333333333333
EK202320007300,169.7
EK202310198932,131.5
EK202310108514,129.43333333333334
EK202310219932,145.43333333333334
EK202310132147,154.66666666666666
EK202310227649,163.3
EK202310224668,135.8
EK202310156447,140.73333333333332
EK202310210496,135.36666666666667
EK202310152297,144.46666666666667
EK202310187324,147.1
EK202310247309,130.86666666666667
EK202310190789,148.33333333333334
EK202310199601,140.6
EK202310239017,138.76666666666668
EK202310106841,125.96666666666667
EK202310182928,135.03333333333333
EK202310204568,149.96666666666667
EK202310243353,151.66666666666666
EK202310123522,137.2
EK202310162526,138.86666666666667
EK202310214114,153.86666666666667
EK202310197207,164.13333333333333
EK202310232110,140.56666666666666
EK202310179397,171.9
EK202310155653,140.46666666666667
EK202310004343,140.73333333333332
EK202310192586,139.7
EK202310186352,146.63333333333333
EK202310124214,149.4
EK202310228925,133.26666666666668
EK202310112746,140.86666666666667
EK202310158948,154.43333333333334
EK202310210700,126.86666666666666
EK202310164939,136.66666666666666
EK202310183358,170.56666666666666
EK202310144690,141.1
EK202310206169,142.96666666666667
EK202310107548,147.23333333333332
EK202310213425,138.83333333333334
EK202310127466,131.76666666666668
EK202310215414,161.63333333333333
EK202310113096,119.33333333333333
EK202310177778,143.26666666666668
EK202310225362,138.9
EK202310164338,158.83333333333334
EK202310247571,161.4
EK202310126985,125.96666666666667
EK202310226690,138.4
EK202310122754,142.36666666666667
EK202310114324,150.23333333333332
EK202310162544,168.86666666666667
EK202310185834,133.4
EK202310147784,143.63333333333333
EK202310122287,149.7
EK202310169104,155.53333333333333
EK202310212851,154.73333333333332
EK202310004912,161.96666666666667
EK202310122676,148.23333333333332
EK202310241678,145.13333333333333
EK202310235919,146.03333333333333
EK202310200266,149.7
EK202310229111,135.06666666666666
EK202310143535,140.06666666666666
EK202310132424,135.33333333333334
EK202310150394,133.73333333333332
EK202310121122,158.7
