id,GLOBAL_SCORE
EK202310003556,123.66760290933668
EK202310170625,156.5286273857867
EK202310167359,149.97132586853368
EK202310118370,132.68372229969825
EK202320006361,160.2533633753504
EK202310003542,137.48841601781754
EK202310125266,145.38148079936175
EK202310144740,137.47099406793788
EK202310137443,143.34232152998106
EK202310159067,154.81624666620505
EK202310245067,132.5423147386277
EK202310240556,129.66575738739022
EK202310166743,146.19861374508469
EK202310247454,123.12828414485872
EK202310215702,149.5033125717524
EK202310142190,153.9044841235579
EK202310205417,131.01548901186732
EK202310119601,137.52411866532978
EK202310190356,127.18697872309718
EK202310158758,136.91161257488497
EK202310145496,124.13860362338934
EK202310164763,142.25504272541124
EK202310200188,132.85670359040344
EK202310238803,153.24924196177366
EK202320005607,166.11632646513053
EK202310225681,142.37728653889837
EK202310127174,131.271263190937
EK202310204317,146.09329257650217
EK202310179355,134.47665313442258
EK202310176524,156.09807735289968
EK202310237228,136.74640736034377
EK202310172549,160.49427762593407
EK202310168863,138.55480034332396
EK202310185904,154.10958708177475
EK202310133615,159.39433146439748
EK202310122063,130.63233805126106
EK202310121770,138.88125935072628
EK202310125590,131.85195662526792
EK202310172269,133.31069652563215
EK202310147894,132.6633120207976
EK202310137986,139.84747688770554
EK202310150838,135.94252341710217
EK202310104915,135.88724901996662
EK202310170090,130.50983894977563
EK202310165637,135.42645278535292
EK202310134467,131.9948648943791
EK202310182637,154.0828942530547
EK202310112116,146.03612047087074
EK202310241220,147.21265337581303
EK202310103801,145.03815241438284
EK202310177448,123.78647933566555
EK202310157860,173.85934238657416
EK202310211985,140.3909561950728
EK202310232907,138.7340124428541
EK202310162917,134.41904088533772
EK202310211786,127.94940611235104
EK202310132171,152.97655847739202
EK202310153694,148.75457962146254
EK202310174960,163.86791569959894
EK202310121096,129.28629262452426
EK202310222475,122.76528571332759
EK202310146254,154.01436921181593
EK202310111466,136.8440108961641
EK202310004385,169.12223365747846
EK202310108961,143.38056888977306
EK202310203170,134.77290562133365
EK202310161424,177.79609907390324
EK202310206583,137.82748585786024
EK202310138840,134.31590635466318
EK202310221976,143.53341356888834
EK202310143972,137.58901523555556
EK202310175420,135.95052860664316
EK202310227655,132.8783675715565
EK202310163389,139.1682925023242
EK202310239480,140.42079944257875
EK202310146467,140.87507890229833
EK202310162597,139.0696350298578
EK202310194862,142.5506443997552
EK202310152448,138.2916515602865
EK202310245431,146.63809163344993
EK202310206822,162.35303016471187
EK202310166559,163.7775511324076
EK202310221701,170.4865571943954
EK202310231403,122.75037643217041
EK202310156027,143.97761950025006
EK202310135956,145.65745492582403
EK202310183176,131.48663161217195
EK202310206055,163.8052822453243
EK202310167360,138.78194964926254
EK202310142701,142.80173510786193
EK202310156629,168.00885493179345
EK202310241352,145.03066493730728
EK202310123587,155.13750393205427
EK202310003639,146.73083743523193
EK202310158269,158.04197150189358
EK202320007090,158.30437461015816
EK202310111707,135.43721051756808
EK202310104096,151.1172395874494
EK202310235404,118.826857841385
EK202310108783,144.4256120919698
EK202310116298,137.04427264257373
EK202310156281,157.40880175478557
EK202310164483,132.77988078917957
EK202310108212,113.49987219373754
EK202310233950,136.04768626662437
EK202310157041,136.33934314461342
EK202310104522,139.66002426599945
EK202310175972,156.8394132439657
EK202310225965,142.39658796499612
EK202310138403,141.51319121022414
EK202310234452,137.5530897017251
EK202310104614,157.416983343517
EK202310117970,132.70860365923116
EK202310128727,140.70625403195027
EK202310190230,138.71885390912496
EK202310201465,149.95950423525227
EK202310197534,160.36160532757646
EK202310171846,128.61830239340756
EK202310193751,149.84370202834887
EK202310242967,137.9950189669168
EK202310112852,163.30301057598138
EK202310132804,153.37607753299955
EK202310127612,141.4123937599007
EK202310136082,179.33266206929727
EK202310186665,160.19000599727775
EK202310156519,141.58261412745043
EK202310108430,146.58293639357524
EK202310164930,139.32833337596898
EK202310153971,158.45784850054477
EK202310129412,128.8563362849777
EK202310124383,133.10291825606774
EK202310215858,151.2714334730927
EK202310104131,146.58525352669534
EK202310185040,136.4667606363176
EK202310119251,150.6119317030979
EK202310191724,153.9575727921378
EK202310149922,131.66151347508378
EK202310176193,152.79856986621186
EK202310204311,150.4279686469961
EK202310248324,155.41435943566415
EK202310120496,140.87874397271983
EK202310233548,135.8256507416391
EK202310219178,140.50049002606661
EK202310114723,136.30121789393158
EK202310185832,156.05123562032804
EK202310106587,150.2196392480282
EK202310239252,137.65987237230814
EK202310208710,148.03738631740117
EK202310244056,125.32595408576802
EK202310223702,120.61363753763695
EK202310236969,135.34578478787054
EK202310196070,146.22050680475016
EK202310227710,136.9470631367635
EK202310119702,139.53617338784338
EK202310143351,138.72441916035348
EK202310144967,138.2518761840049
EK202310207097,143.23749087516592
EK202310193281,135.61892454202092
EK202310223068,146.4166840448578
EK202310158743,144.39538328536545
EK202310142353,145.77867117087166
EK202310154024,148.68162012355475
EK202310136326,138.58479820169822
EK202320006526,155.17152062087322
EK202310240160,144.49722050236517
EK202310230270,134.76704478304896
EK202310209591,145.20421619729535
EK202310201937,148.16429452270904
EK202310138686,158.5691082101613
EK202310125946,144.38608955755552
EK202310112949,147.87654149091796
EK202310128660,162.17505264737542
EK202310223565,144.42220513317648
EK202310155372,158.03655318918535
EK202310229467,141.07896281830114
EK202310232289,146.12456244616342
EK202310142439,160.4016135818455
EK202310128595,139.01820124976362
EK202310228661,128.78044050538819
EK202310220811,136.13874851809203
EK202310104677,147.1370624904575
EK202310108708,150.560369072149
EK202310235044,122.71853786063475
EK202310141363,144.70064940495794
EK202310174855,148.23046455367893
EK202310154755,136.29426085553789
EK202310157326,146.39753844545203
EK202310228659,139.5384058400246
EK202310215026,151.94099306273338
EK202310177129,138.79734724853049
EK202310178830,166.33486078826374
EK202310222959,125.75173810024594
EK202320007347,133.13940627744006
EK202310153807,162.88608138851814
EK202310165563,160.7884092039431
EK202310240070,145.33180196288964
EK202310171642,142.83237349147217
EK202310221419,143.95916661405553
EK202310210258,145.293452860693
EK202310108225,152.36137265148142
EK202310156515,139.4940243393174
EK202320006021,161.83029953414982
EK202310214746,143.13165416304517
EK202310166648,156.1928643916579
EK202310243041,139.72382443886076
EK202310227731,114.17914593722094
EK202310118513,135.40224208485017
EK202310240129,149.65170657065684
EK202310140813,144.73839986537757
EK202310181628,144.02228411825106
EK202310126085,129.43321806723466
EK202310246101,137.82050321072293
EK202310113312,126.85189719850658
EK202310217968,134.90956393887194
EK202310213114,131.38949154608392
EK202310219800,153.7626728278564
EK202310184495,150.49609944111666
EK202310119316,129.9169636393938
EK202310180007,136.04133763973192
EK202310199156,133.27252502458632
EK202310177234,152.23934752481497
EK202310226743,136.52792906489285
EK202310189141,143.99336644639138
EK202320006005,142.77919211544267
EK202310227823,139.5833137630986
EK202310174022,145.90257083612187
EK202310134374,134.08012790969056
EK202310200180,122.05114219498728
EK202310161433,146.26108714215385
EK202310121700,141.01890247567877
EK202310237451,136.50919262878273
EK202310192827,156.3071001664659
EK202310160428,153.85080246679473
EK202310205223,137.16214116898993
EK202310111659,150.37224225757174
EK202310218773,139.86463572170962
EK202310161247,140.62333598386567
EK202310109618,141.98419466371354
EK202310155619,137.30591873496874
EK202310135096,158.46921652162706
EK202310188704,140.04367363874658
EK202310198311,153.49922236373686
EK202310138345,124.72492590318487
EK202310187653,135.9437298816297
EK202310223676,153.24847002474237
EK202310165688,136.07235408319028
EK202310104779,143.31134394379708
EK202320007241,172.31792246130658
EK202310247012,141.2745348919261
EK202310115649,124.98522301910137
EK202310158687,145.28137056909225
EK202310139898,138.24601912025972
EK202310183012,142.93649810974486
EK202310189323,169.98427030998695
EK202310236084,150.3446949590808
EK202310187745,140.4269512275854
EK202310213754,155.9016040564371
EK202310207691,125.97479852951804
EK202310213360,138.32574432584872
EK202310134511,135.90486002532845
EK202310162421,141.4430541062148
EK202310137854,141.9354972556339
EK202310150901,144.03348089130125
EK202310114810,136.3771728597792
EK202310110564,137.33526447986446
EK202310188498,117.20080867540447
EK202310122137,130.2546223078772
EK202310234827,133.66132738624802
EK202310123845,159.37906585393551
EK202310117679,159.05978174761233
EK202310226733,134.98088114022698
EK202310146806,137.708497282112
EK202310186532,138.63588800886964
EK202310198523,138.32815556302958
EK202310169242,146.44307841850951
EK202310189605,149.99361262315543
EK202310177460,144.61085080274088
EK202310156053,137.36458893352784
EK202310138997,140.3065698695659
EK202310231114,131.09647650640133
EK202310147763,130.90559293675543
EK202310119709,141.11999394276046
EK202310121129,141.45194809521115
EK202310137901,146.79663613528052
EK202310144077,155.81127944712443
EK202310110337,127.48359572509061
EK202310184408,140.12769808285756
EK202310215841,115.61655898835147
EK202310157214,155.90948473618283
EK202310193140,133.46986140367778
EK202310216105,140.1770704447953
EK202310246420,141.74588989586243
EK202310118424,130.38162724677224
EK202310144290,142.0463646058183
EK202310236171,138.82371864219022
EK202310161913,143.36988736331716
EK202310116195,138.4852943058702
EK202310140252,137.05975738439815
EK202310238025,148.43484564993895
EK202310146861,128.16497741412795
EK202310125756,134.23222805886908
EK202310211082,136.06182046252917
EK202310202590,138.70775800902092
EK202310212292,139.90815622140624
EK202310151188,143.7719754840758
EK202310186431,160.56529500033108
EK202310197054,144.72021686917165
EK202310229535,130.404836662191
EK202310237693,131.98881390604964
EK202310127899,144.20960334333319
EK202310125513,131.0431240943894
EK202310143417,145.39811587459243
EK202310114922,140.57651730759954
EK202310185011,148.41218135601596
EK202310157380,142.272211038234
EK202310242841,142.90069212026452
EK202310128764,133.11008284672403
EK202310160302,143.044371982597
EK202310132265,135.6903337283626
EK202310142152,139.9392532236915
EK202310184138,152.3770012740394
EK202310218922,146.37578919253338
EK202310105732,131.72959502861832
EK202310202421,140.34377602214528
EK202310204745,134.92485287874072
EK202310231651,134.41397071715045
EK202310206373,150.267889843144
EK202310231327,135.7357313239489
EK202310129440,146.53190015480865
EK202310229405,151.36429184597532
EK202310233561,134.317910050683
EK202310141433,157.22212561202582
EK202310164651,151.7580386292085
EK202310201935,151.9230908241286
EK202310184574,125.67278086599333
EK202310223915,152.80286616436052
EK202310200908,166.1704602887065
EK202310128941,148.3425844210491
EK202310186952,151.18586147466655
EK202310193974,152.4302814772768
EK202310169879,159.83605192694864
EK202310172093,124.16912276670087
EK202310184529,125.09745068062469
EK202310230089,137.97565420605676
EK202310181118,150.64798320778328
EK202310204225,149.0350490835847
EK202310112100,143.09715606227093
EK202310222373,154.06918090348154
EK202310182126,153.36356154979757
EK202310169072,138.4601344895943
EK202310203100,150.0666295708089
EK202310228065,154.223044649903
EK202310003374,120.05893996440516
EK202310231993,135.73895767996098
EK202310166999,136.761480760202
EK202310113561,149.15349828795868
EK202310150384,160.03912176420033
EK202310204151,150.66151420984554
EK202310243179,160.71902753076157
EK202310229664,140.54468142934286
EK202310214850,140.03737470620098
EK202310203348,150.44895924805718
EK202310146725,128.1060136357186
EK202310134763,125.74830374861844
EK202310145729,158.4359045108053
EK202310246535,148.71793853198673
EK202310141577,141.95452293988188
EK202310216160,127.99173252288358
EK202310116782,127.48762386628826
EK202310211327,145.80412914698982
EK202310204090,145.3018240258496
EK202310175898,156.68667018604685
EK202310226259,148.03438409697068
EK202310151274,145.32231084748375
EK202310154215,137.59889790890196
EK202310174277,150.479053827093
EK202320006496,156.74245102658602
EK202310141969,144.2543102563381
EK202320005622,145.21147386891386
EK202310157093,144.4855964837447
EK202310139909,141.07602562885262
EK202310209908,140.23648981707302
EK202310218730,127.97086675332676
EK202310229718,118.8497052309572
EK202310111615,144.13906378480834
EK202310138168,138.47954865637126
EK202310162118,167.84413699263382
EK202310164185,137.44602116084587
EK202310123341,133.65746737071873
EK202310154152,129.75120621850112
EK202310169662,135.27536395688992
EK202310195289,146.8536454654398
EK202310247758,165.9009859062871
EK202310223580,132.18658741970452
EK202310104690,132.5197982935564
EK202310234439,137.6439035193711
EK202310225052,167.08952539184995
EK202310139674,151.23846921066652
EK202310186662,129.8325930687153
EK202310198339,143.65892436189915
EK202310219978,140.10536599335614
EK202310205279,151.2832430882874
EK202310241147,154.4406649854973
EK202310225981,167.5516500196219
EK202310168112,145.65312020958817
EK202310226106,143.25448370175206
EK202310116095,136.22035343559793
EK202310114593,135.44607489938005
EK202310175636,126.70958143743869
EK202310117905,157.61012788071022
EK202310200614,152.01542514712466
EK202310137390,143.92564102761995
EK202310196458,149.99297775161318
EK202310212839,149.7182696451536
EK202310149449,156.81079257595468
EK202310172721,143.78680161066913
EK202310133382,133.45505665473
EK202310171991,152.6074465229104
EK202310178147,148.00729598439608
EK202310210822,119.57945618647953
EK202310169958,136.27630261883795
EK202310216612,136.88277996797206
EK202310190351,145.82313323356146
EK202310128333,143.04427589822
EK202310156052,141.66603284555615
EK202310207300,151.9518443399961
EK202310148098,141.68351684681
EK202310236834,149.99694727697988
EK202310206502,143.0461900252651
EK202310232490,148.01592656141273
EK202310115920,135.4025694172584
EK202310155557,136.703082795556
EK202310118792,152.72186443295425
EK202310213449,136.32159389628447
EK202310157956,143.82775027000133
EK202310202461,154.10007482482527
EK202310210080,162.65530098664766
EK202310123713,147.52234211084624
EK202310138636,154.55015037809147
EK202310197194,138.9874592038772
EK202310136131,170.42933754952006
EK202310194280,130.35711952407848
EK202310144073,172.76186156643317
EK202310196767,160.4214353664356
EK202310152659,131.03652981537044
EK202310119318,130.85647147797442
EK202310175079,153.22538436352417
EK202310246973,146.80305924866917
EK202310177069,139.12236573138102
EK202310228915,134.35126652319866
EK202310237967,139.60665957606142
EK202310004766,138.51949893535195
EK202310197580,165.59939777209996
EK202310163370,155.9436329297054
EK202310126258,127.12165102951516
EK202320006245,165.6454953944285
EK202310214455,139.6735450257011
EK202310225077,161.72155960353155
EK202310121345,127.80566729550564
EK202310118753,116.78912108572509
EK202310209148,139.63116933329678
EK202310235651,137.92311914803986
EK202310195584,154.3245506045849
EK202310131541,140.68537659598644
EK202310167958,150.59280624236845
EK202310232848,129.95128465385136
EK202310112373,132.80360607975638
EK202310247588,169.05798378863088
EK202310124781,145.04739187338444
EK202310187345,160.93515658194207
EK202310117200,147.9648243183973
EK202310103838,127.22478267545748
EK202310123310,138.45573196078695
EK202310193567,150.1907356523347
EK202310176987,141.80817133403414
EK202310217483,125.87135112011147
EK202310219653,119.7537539062969
EK202310189258,139.56342271776174
EK202310213235,133.89620749549613
EK202310148485,136.26262357540554
EK202310243846,130.63155909207242
EK202310157685,135.64172524979887
EK202310228217,180.2423499273603
EK202310167414,152.0218680477635
EK202310116553,139.73284493518386
EK202310154306,150.46661982765292
EK202310218246,146.01147817420463
EK202310214924,156.23256787499201
EK202310124301,141.16793175417328
EK202310132969,130.0807018832547
EK202310116665,147.397082014786
EK202310126109,145.61437940887117
EK202310246626,142.36926529071724
EK202310165655,132.80323479698802
EK202310222900,141.2877320788106
EK202310183920,144.2056687626418
EK202310188655,134.22263158808872
EK202310140837,149.59480539611104
EK202310110105,126.55596682282977
EK202310166926,161.2732982979047
EK202310222571,158.83486337220052
EK202310130862,162.4237611832404
EK202310159918,147.3945960946406
EK202310191732,171.56277050286675
EK202310154430,162.72585591019114
EK202310209379,136.7814151312799
EK202310242826,159.29357157829514
EK202310127621,141.86281773792993
EK202310144269,149.06369940651638
EK202310168554,169.90997546214908
EK202310225096,120.54255301195758
EK202310004191,141.1003935593067
EK202310198832,133.16882007694295
EK202310166122,160.0651302441822
EK202310197812,170.93453443679596
EK202310173577,123.07114957054554
EK202310107780,144.63071034338554
EK202310200080,132.29718374969184
EK202310244832,158.40890047559606
EK202310153701,153.62542399167623
EK202310248897,147.53617289096192
EK202310238758,141.69548717034246
EK202310180956,162.92952194948157
EK202310133597,167.95596365859532
EK202310165926,139.5073762306051
EK202310113563,138.84282608936527
EK202310219177,145.0221836349674
EK202310215546,144.04711283345947
EK202310239803,127.63723615382142
EK202310170081,124.23641683028475
EK202310206625,147.02611114734498
EK202310104069,137.85796238837753
EK202310186393,155.15717312270257
EK202310173267,134.82359563075008
EK202310110426,146.46748748829188
EK202310164765,143.1062259130692
EK202310158220,130.2992738381648
EK202310168816,141.64613423340356
EK202310204071,137.69839437855111
EK202310157259,145.66303370324607
EK202310156843,140.1568432286497
EK202310223529,137.66148497490704
EK202310149961,141.61541068744302
EK202310108241,136.21435178519607
EK202310168245,134.53143659439985
EK202310191021,136.17824411779392
EK202310165776,137.81237257581964
EK202310172874,129.404034990841
EK202310163779,143.35576093657582
EK202310188731,166.42164502452306
EK202310105850,159.97297740921556
EK202310129025,158.20558537251324
EK202310122251,147.93522111267637
EK202310233739,131.68483779536564
EK202310145467,146.277784251479
EK202310125541,138.49140014744242
EK202310128736,150.99727159258686
EK202310157339,150.23543179713002
EK202310204674,153.27885443946377
EK202310199931,134.48608524142801
EK202310159776,155.11036083733075
EK202310233618,146.49475268895864
EK202310209554,157.19823352537097
EK202310147590,148.07457659351638
EK202310233558,132.5182302089345
EK202310141475,147.69049368250256
EK202310192184,149.21780482938453
EK202310121465,127.87938967320375
EK202310144674,161.4714715728245
EK202310225145,153.76820397077174
EK202310211862,126.70258136957317
EK202310218476,144.0812192766769
EK202310227106,156.12620089720312
EK202310184475,140.0861325773521
EK202310132027,152.99052308477164
EK202310134826,138.10491399474324
EK202310182784,157.0833152179818
EK202310236142,123.32497591381644
EK202310215997,170.09539868131378
EK202310218885,151.52251702975744
EK202310189497,133.91114531347418
EK202310242392,140.35932114663964
EK202310139831,136.03644424776982
EK202310159899,135.02027645025822
EK202320007536,150.4273138083284
EK202310205864,163.34974980313282
EK202310205412,154.15435099393534
EK202310178623,146.4560331880781
EK202310144137,145.07455719194152
EK202310156851,145.2492445908906
EK202310200692,124.2775710958327
EK202310221442,138.11378263579792
EK202310225402,136.52930793402209
EK202310128314,142.388777571715
EK202310135585,154.51803294226417
EK202310230304,167.68609226495104
EK202310106564,139.31744973936532
EK202310195276,119.82473372083268
EK202310168561,143.5822397105786
EK202310238035,149.802596949677
EK202310210412,137.55095196485794
EK202310193015,144.029116024262
EK202310160429,155.8438132734345
EK202310203227,129.83515921298758
EK202310144260,134.91456965161757
EK202310231994,138.0113015014016
EK202310169556,140.24223940940365
EK202310112231,148.1694923760278
EK202310179305,142.63945431894086
EK202310111693,154.07229495053193
EK202310163778,148.22584915373298
EK202310197562,155.75064873093993
EK202310147780,139.7512556760265
EK202310165497,180.38585352993854
EK202310191527,132.721947272413
EK202310106149,135.64050643764895
EK202310179787,134.7966306672415
EK202310247018,170.4525907095628
EK202310177578,155.51341996465493
EK202310138872,168.50304590092597
EK202310204378,127.2064902206448
EK202310146296,152.85572260131792
EK202310110160,139.85584752211759
EK202310179095,147.24439139374687
EK202310220481,113.89983359885548
EK202310227227,148.23270880769596
EK202310234336,152.6049367902642
EK202310145809,144.05954154054217
EK202310209306,152.59907749613748
EK202310225649,127.71257596697637
EK202310226704,145.76184987379412
EK202310157072,156.1386822269141
EK202310121530,130.02244019633522
EK202310165600,140.03048824338015
EK202310197233,137.8819394226592
EK202310184332,134.66660054863982
EK202310143743,138.75003856802766
EK202310154640,137.01406800631773
EK202310158286,149.3738124460751
EK202310123880,134.96448940288752
EK202310182423,159.20248971918087
EK202310124053,135.37978712924
EK202310206144,140.62437271810273
EK202310140890,152.35075484235037
EK202310127015,126.60735566514161
EK202310134941,146.55647469652067
EK202310119304,129.35577266517214
EK202310212796,140.21913966616557
EK202310108377,129.53023019799195
EK202310174180,138.62497265238864
EK202310239157,143.95860683347735
EK202310216632,141.25481976297326
EK202310172285,142.53234761839212
EK202310150279,153.8457386267077
EK202310186491,117.644507297659
EK202310197932,136.24039699329933
EK202310120172,141.89372447579174
EK202310216664,148.27416400934544
EK202320006884,168.02261930300295
EK202310178918,146.69350782943624
EK202310144935,131.4685940626092
EK202310141510,129.34268226230628
EK202310216762,144.5960797828492
EK202310106406,124.97184842389902
EK202310111996,153.3965433558006
EK202310208681,134.1364761985587
EK202310226247,126.87722064413595
EK202310113253,163.3997463695777
EK202310122999,142.84481191634586
EK202310155079,145.1321265028566
EK202310160222,141.86028081690947
EK202310210742,135.2052302007708
EK202310156801,148.67746095578448
EK202310159360,145.0275936180856
EK202310180024,138.80894283367022
EK202310213928,129.21697165179845
EK202310152334,146.25641860103812
EK202310245937,133.77186942065515
EK202310164808,172.87434978503913
EK202310146870,135.01097726449717
EK202310163950,157.49019089570228
EK202310195716,149.67974125328115
EK202310150305,157.74479338920327
EK202310229713,128.49976270206247
EK202310188916,146.95276970514993
EK202310121395,146.1338329133964
EK202310160376,149.39280066858865
EK202310244651,148.48687581436255
EK202310150169,136.91406663500882
EK202310110958,143.8068018334309
EK202310143966,127.02612769434873
EK202310221741,160.37978489074086
EK202310187012,157.00681051090925
EK202310193822,162.56048727261904
EK202310172094,141.33226104038496
EK202310178633,138.5947872066272
EK202310117674,142.98907831382797
EK202310133805,132.8252328220627
EK202310180948,168.10312119851972
EK202310203849,143.9250741702952
EK202310149491,167.32957699648676
EK202310216830,157.12166711783658
EK202310229432,131.7791315576382
EK202310109652,147.04867115694955
EK202310181925,154.9705609047986
EK202310196245,136.50273956868102
EK202310248098,137.82875735958794
EK202310183221,160.4572499596592
EK202310196195,162.63068384425844
EK202310197137,139.38058510475952
EK202310110247,158.3238536501845
EK202310144126,151.58671038780884
EK202310156911,156.74971501348944
EK202310224215,138.0192014464335
EK202310236337,138.36796940332977
EK202310188431,149.74284459368639
EK202310137114,166.5842634770355
EK202310115030,145.34813774324095
EK202310117460,122.55618413134788
EK202310162361,139.29811631587032
EK202310130281,172.00274591302
EK202310148428,142.01837261297763
EK202310163311,132.75049368846135
EK202310145526,133.95818722586384
EK202310235374,132.2801660365922
EK202310156223,150.5982744387426
EK202310151269,141.4654389798012
EK202310150741,154.53190695793847
EK202310225372,151.23791029354663
EK202310133344,149.3461189523528
EK202310127071,122.21565684081847
EK202310152237,141.3537201776562
EK202310244229,118.36386034093877
EK202310167190,141.9416238189933
EK202310154488,157.05309410198453
EK202310211108,126.58543294869075
EK202310114416,149.23415207002395
EK202310222978,163.38076693880382
EK202310187337,173.42738389316247
EK202310195712,172.24522743582628
EK202310176238,150.4873044081074
EK202310204719,158.4987758920163
EK202310184298,134.96440483309874
EK202310215525,140.73237325637007
EK202310154861,132.3936538222989
EK202310200739,118.46593598915258
EK202310242424,133.2681282230083
EK202310247300,135.3997102615849
EK202310116475,143.76923677369717
EK202310225458,124.74309176867303
EK202310126918,143.79902121089233
EK202310185579,116.64386044422444
EK202310241455,136.75739305314403
EK202310209465,138.73316370678012
EK202310142842,141.99195375106976
EK202310185122,142.927210973015
EK202310223530,133.01018962639017
EK202310188514,142.8546781963655
EK202310171731,138.36478102266452
EK202310130376,150.41092552319773
EK202310222189,135.04864519494186
EK202310106430,144.55803915090277
EK202310127369,142.4595067676093
EK202310236443,128.16248717851576
EK202310182405,149.63139462713008
EK202310210187,118.9990478057673
EK202310116888,129.54284822194444
EK202310173132,153.75676039402717
EK202310108743,141.5322552675904
EK202310125006,117.98701552531712
EK202310213574,133.00627366600875
EK202310165356,144.27396372004333
EK202310149418,158.69097523840898
EK202310198882,125.13941657779411
EK202310231320,134.29157463862333
EK202310205653,147.35669144767525
EK202310198599,138.56181082710336
EK202310199963,129.23327118121568
EK202310173699,146.68950382892197
EK202310245726,133.0258690324258
EK202320006040,165.06849572432327
EK202310154743,141.74187415045805
EK202310188160,136.27961240266035
EK202310214367,167.69189331026146
EK202310103702,143.46268968540164
EK202310127965,145.4151039554498
EK202310203245,159.99142225845904
EK202310139888,142.6681958506728
EK202310108972,140.21091853824745
EK202310004612,123.02395296912955
EK202310143552,147.24880339839558
EK202310120024,153.54779099145563
EK202310221518,151.31254548295985
EK202310180966,169.41704660891978
EK202310193489,141.3532829655125
EK202310117005,130.60067298514042
EK202310213271,143.1645360710161
EK202310120394,148.27862362882303
EK202310183259,153.4988359044437
EK202310125697,146.7883223229879
EK202310110553,146.47864517502194
EK202310150138,148.2841512224774
EK202310169349,139.42956868333482
EK202310224959,130.68211511275376
EK202310003872,140.46048314342482
EK202310189922,161.17930309210183
EK202310196746,162.5085001059735
EK202310189397,137.46372081944736
EK202310154076,155.5040227164743
EK202310003409,128.1038941126791
EK202310132461,144.31959690408308
EK202310114430,142.4024756457606
EK202310207939,135.39185681953495
EK202310219274,128.16244902904242
EK202310226342,146.58761630957997
EK202310127397,138.35771881273158
EK202310237125,129.66003882536526
EK202310214068,161.02085089884636
EK202310184942,143.3023978623456
EK202310113334,130.98512901954166
EK202310121808,127.12904114829534
EK202310134472,134.9328191243629
EK202310213189,130.6546889326035
EK202310200986,135.72675557855064
EK202310183319,137.95124864630318
EK202310138451,125.22043644310902
EK202310134480,137.2466607754581
EK202310248001,153.36830860827664
EK202310215511,137.61309863086709
EK202310148692,162.11671485745708
EK202310003356,142.4340671048709
EK202310186363,143.37059597079246
EK202310117649,143.36380110127772
EK202310107222,143.87304061373857
EK202310140103,129.46755642564773
EK202310162055,152.12812849219182
EK202310160543,150.77863414944085
EK202310104526,136.51409874922362
EK202310111072,141.00345485392964
EK202310144115,145.12540948670508
EK202310227753,160.64785660515037
EK202310168401,156.20139505042633
EK202310225278,142.06353203844722
EK202310121727,130.11739159310238
EK202310209068,145.17776511196973
EK202310117324,142.7061397249388
EK202310119649,139.46661656101088
EK202310154151,142.52679385409036
EK202310235668,139.4689533930144
EK202310197052,139.05193265157308
EK202310133218,142.38579865247024
EK202310228623,138.22837889838357
EK202310236771,127.0019477546416
EK202320007756,153.23414209680647
EK202310123680,143.17386915894144
EK202310153796,149.88237698408858
EK202310184256,156.7397925199018
EK202310189360,143.99854580156742
EK202310169170,150.6071397265075
EK202310238568,158.34867206252176
EK202310147463,138.0548421433094
EK202310246348,133.31145941311547
EK202310146645,131.50270301194487
EK202310112043,153.0636078767648
EK202310126693,140.71158127827334
EK202310105633,132.6226875383677
EK202310108187,151.2861821213605
EK202310142659,143.4442544517492
EK202310154109,136.95790015433354
EK202310187961,159.91475359566235
EK202310138151,132.10851231003443
EK202310145768,132.83740500825937
EK202310204437,128.80766890505117
EK202310234444,136.3375199929202
EK202310146920,140.2432468713354
EK202310191972,136.73116726844128
EK202310135664,147.7576142482217
EK202310136647,171.325602314797
EK202310149136,143.19750558709606
EK202310004755,129.49526348132858
EK202310003806,145.3749842847752
EK202320005862,155.36492504580025
EK202310238222,130.04850485539023
EK202310165638,141.52380970079395
EK202310195278,137.99775067928937
EK202310191050,147.121022863917
EK202310165081,174.65898238981646
EK202310141108,141.06241758759896
EK202310225501,135.3282196442029
EK202310190006,157.03202806542095
EK202310232901,154.1557828264826
EK202310183145,147.19127335854975
EK202310133834,165.77956395933066
EK202310111865,138.19834454401752
EK202310233162,140.79872766020083
EK202310144096,140.87096364010722
EK202310241460,143.73728468461928
EK202310148061,145.7384708840427
EK202310123096,139.86846713598484
EK202310168745,129.17137919464128
EK202310232533,132.38198785414627
EK202310238139,142.56824920845423
EK202310107671,145.95959656469603
EK202310003635,139.05016187716598
EK202310160939,147.6923574970418
EK202310165138,154.22671794158597
EK202310177363,147.16068214773603
EK202310140380,146.68648704790473
EK202310127640,133.94026355300022
EK202310145483,144.137143317387
EK202310144142,137.3844065277156
EK202310182466,151.18942430425727
EK202310134774,136.86021809957043
EK202310239504,148.64932375969335
EK202310179694,123.9267541847636
EK202310105818,143.08625486264742
EK202310206801,150.97507884149098
EK202310133427,128.86334611783718
EK202310172349,129.98641082308393
EK202310144166,149.44318505765833
EK202310118960,121.67578476398516
EK202310199115,144.89896280709897
EK202310213777,152.31033420028348
EK202310232118,132.427161435011
EK202310204757,146.20386556241348
EK202310241858,150.3407577638287
EK202310204589,150.0027720199561
EK202310224131,139.79939335954444
EK202310160384,150.4548134590004
EK202310158733,152.340240510453
EK202310139320,134.1719416365357
EK202310186373,150.4551486395245
EK202310207408,141.2070316387858
EK202310202032,130.00741567240178
EK202310191726,136.17213652519038
EK202310237659,147.95281021809464
EK202310202929,158.20039359819964
EK202310138221,133.17159139069304
EK202310213944,146.47915482031118
EK202310217592,138.94614610420132
EK202310156873,144.35537663408365
EK202310154026,128.6403973297366
EK202310227896,134.04312404185967
EK202310165724,163.3937268597906
EK202310160534,141.15328728956388
EK202310238733,147.0915818052525
EK202310187242,163.27695081907126
EK202310160829,138.26196411727736
EK202310160276,148.48725302406493
EK202310137939,127.98514820995462
EK202310200291,130.1274794158039
EK202310238138,139.4768368731395
EK202310217144,146.68833340915123
EK202310196491,136.9371136651091
EK202320006298,148.28456194830363
EK202310228178,138.14661861202768
EK202310138802,145.1097186692434
EK202310240713,137.73371450681748
EK202310175243,145.4775660556796
EK202310207967,118.96401816357618
EK202310107352,145.04239211372595
EK202310211309,142.40189756118818
EK202310131783,146.10730908116184
EK202310166826,154.42884134887296
EK202310112512,118.11282234930177
EK202310153955,150.3182983704234
EK202310223762,142.1704546995704
EK202310220803,139.92384051599896
EK202310191806,144.6373910387302
EK202310139794,141.46137560092848
EK202310004495,134.89590425935432
EK202310165321,144.87225018224683
EK202310152644,154.50498408998968
EK202310107844,149.5328479867967
EK202310224636,145.94385696880792
EK202310182912,148.50853314534416
EK202310227725,135.72853578697956
EK202310129401,134.60633627698545
EK202310132710,133.38249384939755
EK202310167591,145.08427059608832
EK202310209362,144.66036833632614
EK202310191553,159.0346375481313
EK202310191129,135.96688452537612
EK202310229273,133.55397934585187
EK202310177141,147.90730550445696
EK202310210987,122.86267779654968
EK202310246808,127.83743652871583
EK202310186424,141.41741498783878
EK202310243671,144.3725762465239
EK202310157978,129.100323796992
EK202310141176,139.6379290298853
EK202310166632,166.9789082755979
EK202310188518,144.08193317142496
EK202310176726,154.501124102834
EK202310232858,168.46407979088224
EK202310203103,147.07408919793343
EK202310172581,136.8103275758507
EK202310129669,139.08098975154982
EK202310149026,149.26845924983388
EK202310151271,134.50676615860385
EK202310164311,136.84272618207126
EK202310193156,153.60882483632784
EK202310183315,155.248528018237
EK202310129742,166.91795687836287
EK202310244163,147.82446505065508
EK202310162820,139.0504764958524
EK202310158627,142.0981440301085
EK202310195793,142.2492126123521
EK202310243898,165.10374018303892
EK202310211036,129.130556749604
EK202310231066,127.08850449584043
EK202310188792,151.74968740632835
EK202310181166,139.8840417556197
EK202310240476,137.81749667549607
EK202310197771,165.14458232470878
EK202310141037,155.17465050402495
EK202310204780,140.23478248527525
EK202310191058,151.94277997888491
EK202310173228,144.48976686667842
EK202310197491,148.6831481854858
EK202310156720,151.5387781936185
EK202310244219,137.61277555708133
EK202310119128,131.74524539841028
EK202310241327,150.9939062961176
EK202310152238,142.69157771742795
EK202310179839,132.0480726321952
EK202310238196,135.54754826530163
EK202310153091,166.6764563660921
EK202320006753,170.94339301133036
EK202310123570,147.43069387316632
EK202310163341,132.61352980886247
EK202310162440,163.26975414649166
EK202310151053,128.5882068723905
EK202310188188,157.8044775832243
EK202310127289,152.86569397844113
EK202310248374,131.6607090528484
EK202310167393,153.4875672112563
EK202310192930,141.97212461278195
EK202310113187,145.45231669713922
EK202310174516,158.0692169357196
EK202310187588,135.005258636707
EK202320007750,158.44064563588236
EK202310189741,177.53259405505938
EK202310174859,147.494380730286
EK202310195086,149.28199002371605
EK202310183873,171.37600423491466
EK202310171631,141.54912128409757
EK202310123283,123.33024959317682
EK202320006306,170.68352977331847
EK202310139834,132.83318048080352
EK202310239785,145.20048802500773
EK202310153276,147.29234201174114
EK202310180328,162.8661838207064
EK202310207645,162.52522009989357
EK202310130192,160.59068649943174
EK202310154977,143.5248051399891
EK202310139793,136.80451982431956
EK202310243107,142.43302377971116
EK202310209482,150.58368653841026
EK202310241115,135.08519967470465
EK202310214880,129.89346758571742
EK202310240253,141.30676613770206
EK202310226088,145.9086654623973
EK202320006633,171.7165905643362
EK202310245104,156.73256248890803
EK202310112870,149.6851830017804
EK202310161734,148.67074638824255
EK202310225927,134.4728811006354
EK202310145336,154.87930987091397
EK202310137212,148.40746539654137
EK202310190306,126.86435833649611
EK202310172851,155.690797226376
EK202310231101,128.54649631747512
EK202310212990,125.11445173847633
EK202310122658,139.46080010412066
EK202310176278,152.31021737194266
EK202310200882,148.5025661349596
EK202310152325,137.4418699269201
EK202310151272,151.16849206625747
EK202310194215,168.72094964343503
EK202310185678,147.5176096521079
EK202310243281,147.990390423126
EK202310120514,126.17573092050719
EK202310126433,134.92572323219662
EK202310122944,142.16616357478154
EK202310236394,129.28757474428585
EK202310218087,147.21054070489822
EK202310151593,168.50953387424295
EK202310110201,141.28424195832307
EK202310131708,139.34805564232434
EK202310111333,133.85659501003775
EK202310183969,141.78026401216982
EK202310161113,158.73060751511346
EK202310184302,146.49448192150666
EK202310152148,145.2380133555209
EK202310236146,121.20352810416958
EK202310229823,134.61902245684104
EK202310133950,167.82657175017744
EK202310176959,150.95755013208372
EK202310003859,161.60283431068342
EK202310185070,159.91983835811058
EK202310004826,149.95421627776085
EK202310192593,135.89605099091335
EK202310212457,138.85880920068934
EK202310133750,126.25903783421998
EK202320007484,164.2138309667938
EK202310190675,158.1564440245002
EK202310129882,155.2723083890383
EK202310216142,126.2447779146825
EK202310197446,154.10250715229708
EK202310243332,141.75166611539422
EK202310139113,153.36091428099002
EK202320007314,152.93852460976007
EK202310192244,153.457576676284
EK202310209792,131.9378279832647
EK202310218921,138.71351604388846
EK202310128700,136.54807710657767
EK202310219548,137.75903579537967
EK202310230864,141.0252391201585
EK202310141941,151.8816962700432
EK202310206423,150.44913140541885
EK202310188250,137.31553102886448
EK202310180278,133.05085441403682
EK202310123620,145.2075779857175
EK202310180928,141.086786344735
EK202310148298,135.4630653476739
EK202310124265,153.4223071471221
EK202310125883,147.22573678723592
EK202310128123,138.9101945613066
EK202310234185,127.84394895436415
EK202310141809,153.2618019572969
EK202310125724,137.9547976908349
EK202320006085,161.90305470628954
EK202310232099,142.34243894921312
EK202310193331,145.7791525189601
EK202310205400,152.86225797145707
EK202310160975,134.7145613887962
EK202310203863,144.85712880347955
EK202310126413,129.04224575845345
EK202310118450,148.44544483024706
EK202310133563,134.8510540791983
EK202310239448,113.78908824416308
EK202310114694,132.40158850156396
EK202310158288,158.91908006022095
EK202310122422,131.07687713186
EK202310235320,137.41379110598507
EK202310201960,121.14542761701911
EK202310194645,147.0770508639978
EK202310214962,165.83204090792492
EK202310247868,149.87934178846086
EK202310126826,140.77009183617565
EK202310120690,148.17833208697883
EK202320006557,163.42038844307456
EK202310224482,137.3217864985874
EK202310188666,136.63531183593304
EK202310167967,162.98636085582115
EK202310240200,138.7724651322879
EK202310183867,146.9908525267646
EK202310195682,133.19456564003752
EK202310108034,158.05738805050473
EK202310143324,137.01970196227404
EK202310139977,141.641089930679
EK202310134578,130.94950911663636
EK202310003485,133.96477003844558
EK202310127332,154.5112128047616
EK202310195959,137.36406995768698
EK202310173389,133.4397582212356
EK202310120326,118.77648774314991
EK202310228101,130.16847605933447
EK202310194577,140.36461239877485
EK202310230845,144.31879769242582
EK202310144430,130.07639852793463
EK202310155784,141.46153259628397
EK202310160254,154.58962325835404
EK202310118458,139.3531184784186
EK202310134107,154.75801537043884
EK202310247672,156.68542183495538
EK202310233715,125.59143156968128
EK202310192802,165.05045434321102
EK202310226073,124.99810319460822
EK202310112128,155.45147339175656
EK202310214142,165.1629684014687
EK202310205070,147.02588082515808
EK202310191656,137.71561372708152
EK202310108700,144.3281799542972
EK202310121333,164.3148159359611
EK202310153942,139.39992736664502
EK202310228151,137.7487214802091
EK202310185062,150.7159460193042
EK202310133213,160.4632661357007
EK202310242233,150.6934822291415
EK202310143796,132.35860029857355
EK202310202444,150.51125780160405
EK202310166800,142.89676790123784
EK202310191020,137.12500486747868
EK202310122069,122.22269640904756
EK202310221793,150.2975989264434
EK202310235848,135.0830804865575
EK202310205016,141.3760957695434
EK202310119021,159.46466474218394
EK202310222995,156.9903342244876
EK202310114479,128.21766686294504
EK202310182453,141.3884937792746
EK202310143133,147.12150925012676
EK202310175194,133.30974551705864
EK202310144671,126.82487514369954
EK202310245023,147.03253555521502
EK202310144979,137.38475216231066
EK202310235216,145.12208164333705
EK202310247586,127.75565983656313
EK202310105223,144.91502507563217
EK202310163741,184.83512782906337
EK202310141732,150.75905874933622
EK202310142505,144.01096497177193
EK202310131799,156.30578426013855
EK202310209090,146.94976909905077
EK202310159139,149.02743492656097
EK202310214093,147.5266856353725
EK202310199515,142.52037828264434
EK202310228095,132.25790568789927
EK202310173578,140.9135316129795
EK202310170010,151.60335974522917
EK202310164861,134.03980120456686
EK202310167580,147.1451997690754
EK202310225936,114.71336016756507
EK202310147008,149.03265835940238
EK202310187537,151.51152769091706
EK202310170479,153.23153914555493
EK202310238268,135.22755096416788
EK202310231268,130.95797511260014
EK202310167280,153.81749613441127
EK202310203266,141.66071093948906
EK202310179810,119.94712270775365
EK202310107445,152.18952828038098
EK202310107969,147.48891607172985
EK202310127481,137.10284869637005
EK202310180706,125.17901192961894
EK202310125230,141.69687361225746
EK202310127751,137.59309620502174
EK202310172588,154.6085610345521
EK202310202984,158.06060657512978
EK202310104212,128.5154541061557
EK202310106923,140.48589067395136
EK202310147971,150.80776204371088
EK202310243146,139.99748991922726
EK202310171023,150.79962009222822
EK202310109775,150.9464115623897
EK202310205700,143.73072164777525
EK202310143997,133.60022551742392
EK202310132126,128.01896689160134
EK202310127316,164.717638531218
EK202310107147,129.4465428635594
EK202310151185,155.4215636331682
EK202310228200,133.60354532604512
EK202310117856,151.4689565788196
EK202320005717,150.89761935174639
EK202310129616,150.2300167923838
EK202310232791,147.09347730789676
EK202310243834,146.88732501827957
EK202310246208,146.19122420560785
EK202310160233,154.36533801389416
EK202310149219,142.74718511910612
EK202310108589,147.95987037660566
EK202310204725,146.3998777790068
EK202310243502,142.9082977383949
EK202310114320,126.27750500270449
EK202310202291,135.2848603989521
EK202310237771,147.43765075725173
EK202310216760,147.89953562350618
EK202310244222,146.59354493339794
EK202310113733,143.32288909974497
EK202310138119,149.39759848997886
EK202310219085,134.66655521382174
EK202310153944,128.8733595921558
EK202310161644,157.10764295343034
EK202310204382,139.17047252923595
EK202310229663,119.614163476511
EK202310156198,141.41954415533985
EK202310148211,131.868444672947
EK202310152274,132.01788918893007
EK202310197042,129.56006726242404
EK202310163556,133.1142579097547
EK202310197960,176.3061246678646
EK202310232731,132.10063091696273
EK202310147947,144.40132147636058
EK202310144176,131.07784571730028
EK202310237272,141.3951065138083
EK202310195596,137.15903577438567
EK202310231682,136.74523398047535
EK202310114178,142.4794182988211
EK202310165798,126.95625797390336
EK202310177163,142.4935985941797
EK202310161995,174.91013450493853
EK202310130803,129.3755995178978
EK202310225601,126.21637651087062
EK202310139718,152.51846652067883
EK202310146622,135.7318509055971
EK202310113181,112.34353753862334
EK202310179401,170.6203417212821
EK202310202908,156.37723725747895
EK202310171925,127.28325644457482
EK202310136543,138.1711908008728
EK202310119266,131.63456900883511
EK202310144770,142.90140584052548
EK202310217594,145.86835453016198
EK202310224918,157.9647912718995
EK202310116728,145.90000737177283
EK202310136368,143.97878099288044
EK202310242872,161.66695196518094
EK202310226098,138.47221343694235
EK202310243029,143.40269492033477
EK202310234838,137.35021687815868
EK202310103797,153.34722405503697
EK202310159666,129.99422716880287
EK202310234494,128.91780735500478
EK202310134806,137.23661164532197
EK202310191437,142.50493414979408
EK202310125110,137.8195707640663
EK202310217366,152.58010627853204
EK202310191101,131.25850121764825
EK202310179382,145.65010737894843
EK202310137469,132.0741324441977
EK202310137658,141.87586740120537
EK202310134629,125.56019968445491
EK202310104525,130.223125462498
EK202310151444,169.42721495861878
EK202310237636,149.41849101266834
EK202310143439,124.04331839432231
EK202310149845,128.07170783409532
EK202310128851,150.99788681004725
EK202310237330,133.76587883514625
EK202310117295,144.19298136935376
EK202310243270,137.15320118790203
EK202310187106,144.2335289279172
EK202310137652,139.89558105822925
EK202310217947,144.13863020696328
EK202310215368,156.51113910634047
EK202310113202,146.33657202805117
EK202310122109,139.2359478270328
EK202310121040,148.8064405248605
EK202310226711,136.32786106497
EK202310132709,136.33172737875816
EK202310169984,148.38990547127918
EK202310198212,144.5509513166298
EK202310158003,147.07240972151067
EK202310214974,161.67765636915033
EK202310134360,146.3885468877762
EK202310178688,160.3260731841524
EK202310171682,167.48735818117567
EK202310103768,138.36424383484058
EK202310209555,141.53330144147392
EK202310151086,121.03094737291207
EK202310201836,157.7065358593888
EK202310174895,138.36245746862062
EK202310138537,151.83603591870636
EK202310111581,139.85824575956062
EK202310219638,142.17754936253257
EK202310154214,153.8327649230233
EK202310200463,139.82134059644898
EK202310172356,123.12140556634887
EK202310164996,148.01390342040784
EK202310140375,145.45440966132966
EK202310216009,122.49529764219739
EK202310113207,125.24834144992876
EK202310132100,153.01886996146627
EK202310126863,152.8479013645483
EK202310146868,128.35575596133438
EK202310108177,164.4506979536594
EK202310166280,165.55254713998673
EK202310182008,164.15632288816266
EK202310162197,129.2092291410151
EK202310147752,152.4685120065939
EK202310003947,127.60242508031935
EK202310176472,127.25068985245446
EK202310234387,136.92824862638014
EK202310170022,131.93205194904053
EK202310171056,134.91909340234088
EK202310180973,165.2763558844692
EK202310166464,140.13536807611317
EK202310123184,131.28278850160012
EK202310192128,152.73355030668733
EK202310207232,130.18958225517244
EK202310133397,124.25387582402611
EK202310113037,147.030046228189
EK202320007617,167.7627100974511
EK202310128691,125.58381059943841
EK202310234443,120.41274484097723
EK202310163599,143.32035051423682
EK202310124529,141.94109081597782
EK202310195861,149.90916103943235
EK202310004652,144.70698285706018
EK202310128598,144.25706683875518
EK202310219754,152.32223586938375
EK202310153907,143.4770754354947
EK202310210564,148.52999067754757
EK202310119285,148.44102937726686
EK202310236273,126.67339778022668
EK202310205597,156.62161152972135
EK202310232930,127.31793966971415
EK202310191886,147.27414741830327
EK202310236382,126.6701103562238
EK202310174764,153.05325698556004
EK202310105490,147.65031296193763
EK202310177012,168.16069146743828
EK202310128378,132.05395868846063
EK202310165398,137.67026165687227
EK202310142395,156.36082264581296
EK202310220861,138.33993949550427
EK202310209523,145.9113052614739
EK202310122997,139.83057730404875
EK202310205282,148.4764316075495
EK202310131435,158.6425458642815
EK202310203906,143.14433317370205
EK202310236413,140.06072008377257
EK202310156951,153.6763155994793
EK202310106622,124.13592166634655
EK202310189975,159.29789124840056
EK202310225784,128.63886179131396
EK202310219294,122.2926520356922
EK202310105442,132.6811339291075
EK202310132208,123.16212101336475
EK202310105616,143.16411033533524
EK202310174736,119.03622793571793
EK202310196913,150.30053430328724
EK202310137961,138.66485970345568
EK202310176163,153.03053730646465
EK202310110032,114.51975485968782
EK202310157504,123.72771424144105
EK202310233635,125.93091697958172
EK202310248436,150.9638517987732
EK202310202168,129.75544235748185
EK202310155766,134.77406857677485
EK202310139190,132.97479328971974
EK202310178893,147.55819440231056
EK202310194060,163.38286438951027
EK202310118567,145.07078366314408
EK202310127903,135.13691647463452
EK202310236053,127.39148236520413
EK202310156969,160.24129952739423
EK202310113094,140.6844925596212
EK202310117682,147.63701993424303
EK202310175150,127.56946421944545
EK202310190181,147.76975009712103
EK202310144477,143.9164981283844
EK202310167953,157.89038199584195
EK202310123207,149.59549932000988
EK202310211120,134.6402463118058
EK202310158476,147.03422036660302
EK202310245986,127.24404352471322
EK202310141979,145.19794273410918
EK202310210627,143.54738470405638
EK202310131358,135.47115964711392
EK202310108863,141.52050729912978
EK202310106507,153.20978899543482
EK202310219636,135.49410151712252
EK202310206075,145.46314193716773
EK202310164374,149.75395195021997
EK202310247640,140.38600588304473
EK202310128033,166.1313266601769
EK202310202213,152.9920815828483
EK202320007199,158.33295313038138
EK202310148351,144.4675997963264
EK202310167191,146.39988472358556
EK202310191728,146.23706054901413
EK202310200275,122.59851175412906
EK202310240207,144.34775610341325
EK202310169132,140.63933741019858
EK202310144609,146.95859804903003
EK202310198534,148.87223932895506
EK202310117322,136.26891654948008
EK202310111311,138.66140551904934
EK202310132198,129.07850164955494
EK202310123213,141.03318081108768
EK202310175579,141.90523642780198
EK202310179611,148.40201574084261
EK202310162505,153.36440275819615
EK202310192578,143.8260414569793
EK202310106746,148.98404701883672
EK202310131965,134.33973231653886
EK202310193615,140.48980745469456
EK202310196394,151.29781947403401
EK202310219201,134.51061093821835
EK202310223123,141.1061025118256
EK202310193426,156.85190417271315
EK202310118739,163.59302817409798
EK202310106117,143.78860948731656
EK202310104981,154.35832053492652
EK202310210450,137.83623021699717
EK202310174407,146.6416757739247
EK202310104567,144.48029445849275
EK202310127432,128.95283861893745
EK202320005737,148.70258284919382
EK202310191941,143.42401518972002
EK202310153855,144.45205414594653
EK202310207694,153.50288680728295
EK202310227244,135.26127392194013
EK202310153520,116.67764954619302
EK202310160923,152.3065047582603
EK202310105321,141.292995845593
EK202310134289,144.32458356323286
EK202310221860,143.7757261276796
EK202310127051,113.45115335354404
EK202310004011,134.00060738500386
EK202310106438,128.90844274227828
EK202310223885,126.60800980120595
EK202310147175,145.81921239921343
EK202310172305,131.5489594497214
EK202310233355,131.26876355477873
EK202310175639,149.66326218232783
EK202310119187,130.93459740177195
EK202310208266,138.28813366996206
EK202310218780,139.36308002261651
EK202310208314,142.3844595047177
EK202310231800,127.6342239285888
EK202310128055,157.70129451092038
EK202310239898,130.03166232621373
EK202310216957,144.81307995744862
EK202310209441,121.93225051833574
EK202310123208,146.02442897366612
EK202310209923,142.94496973027927
EK202310133751,143.1874011980109
EK202310245312,132.3207377587864
EK202310115764,140.2058139122926
EK202310207764,126.65593203525327
EK202310240599,171.15446534286832
EK202310147315,145.06061861550143
EK202310131500,124.6355203680832
EK202310176669,145.20805388139237
EK202310123945,150.25798037115658
EK202310209731,133.5829956356729
EK202310144605,148.16678656598344
EK202310122549,131.05832068395384
EK202310145497,141.54805023621634
EK202310140293,141.66769982459843
EK202310139650,145.25577024782353
EK202310157829,130.43945254354526
EK202310106995,154.019074639936
EK202310124413,162.12370943773527
EK202310214088,151.15721085579784
EK202310164191,150.69499685870332
EK202310226197,127.54132815972163
EK202310004226,142.19635494732003
EK202310108441,122.92109248636177
EK202310135386,150.40338985231384
EK202310129306,160.21136573245195
EK202310235944,139.9148716598267
EK202310247944,138.5414674082697
EK202310165677,133.47678935653587
EK202310199534,144.17553046600972
EK202310126380,132.52409274162667
EK202310154011,137.6969574383994
EK202310132506,170.70947737965406
EK202310108076,145.3017020285961
EK202310160457,148.56990735225608
EK202310208714,151.3358526961532
EK202310154569,147.82712789612043
EK202310144642,132.6780814708523
EK202310190051,158.0210925490301
EK202310117172,146.08780118102538
EK202310177405,156.59811508834338
EK202310213301,132.56382384729915
EK202310137198,154.57499754095699
EK202310151042,135.9360067925075
EK202310168461,140.77806125778116
EK202310243164,147.40832739964287
EK202310179023,130.51368079325442
EK202310160904,155.88804725362203
EK202310171189,146.81656192576872
EK202310239158,136.22431520575324
EK202310167988,144.21993144677535
EK202310226837,146.68990150273
EK202310135580,140.48384102283055
EK202310246488,151.86458659380992
EK202310003762,137.66704262525656
EK202310134904,135.99046905392828
EK202310136330,156.0729437078072
EK202310217816,128.9385333196866
EK202310122041,143.7519993802743
EK202310246474,155.09519879871237
EK202310157040,138.47679813681893
EK202310198401,161.1971368158203
EK202310117127,134.13364656724144
EK202310105754,144.01931154490597
EK202310166261,146.74667535286542
EK202310168044,143.29456442255122
EK202310220538,124.31695366170159
EK202310139280,138.51114252434613
EK202310135523,159.35546619683453
EK202310236682,147.99726993073136
EK202310244877,136.23001538005715
EK202310107483,136.0705788374482
EK202310175451,130.32887716981926
EK202310180461,168.36704989802055
EK202310144697,133.84981324705663
EK202310123532,132.34110661901707
EK202310123754,162.29213126283688
EK202310206309,143.80654748387553
EK202310239121,143.96576147108001
EK202310104310,144.37226777189554
EK202310211761,154.96537383318466
EK202310191013,154.2776374280219
EK202310240312,144.1590811743385
EK202310217200,145.1996738248884
EK202310114563,144.4351800393761
EK202310161367,132.71278948384872
EK202310144122,147.12619058977347
EK202310212504,132.710703479448
EK202310177497,143.58265799733678
EK202310236237,132.74202861483067
EK202310198587,151.53330038003566
EK202310163062,150.91741714741687
EK202310164746,148.5250127740007
EK202310201875,133.065950111145
EK202310172081,159.74360245806835
EK202310239571,152.87886542220733
EK202310135582,141.87886388004915
EK202310168412,160.33650659285735
EK202310207958,136.97963430615206
EK202310192851,143.46076720216652
EK202310192868,135.06068494090312
EK202310240745,143.7968150544099
EK202320007142,154.98189120231322
EK202310242152,154.04986346917914
EK202310158334,152.74650992334077
EK202310202840,152.03707648799298
EK202310135210,164.00712435787904
EK202310140844,155.58234156159588
EK202310231684,121.53970077222135
EK202310220876,132.48600885010563
EK202310135369,150.17072506690656
EK202310163963,137.05833274343846
EK202310126679,127.78850680095863
EK202310162655,151.02341740964056
EK202310154642,136.18766959181684
EK202310178024,133.127330728855
EK202310168498,149.2203091975753
EK202310220365,133.84518956085375
EK202310111380,137.42884344543808
EK202310152697,162.57511588301378
EK202310246759,135.69620647943555
EK202310111419,137.49849913704173
EK202310218578,132.64007084451134
EK202310110262,135.67717143360983
EK202310112025,160.85142459515026
EK202310219733,136.06282249773497
EK202310188715,157.87364295697427
EK202310120824,161.34367038292052
EK202310115460,145.73547673193983
EK202310243920,143.73722274720177
EK202310177399,143.97682065910197
EK202310187981,151.54037065486688
EK202310245247,133.0089522935131
EK202310121751,133.64881816527176
EK202310157398,134.1762793301366
EK202310146316,146.41061448973022
EK202310147009,147.50186749078804
EK202310186969,141.45881267506837
EK202310137065,161.46906290741148
EK202310121746,136.53711383360195
EK202310156291,141.88425471669814
EK202310214011,156.7024760262151
EK202310214233,144.41344010947952
EK202310119619,137.596256751057
EK202310179742,134.98616212887288
EK202310182000,149.92154172511138
EK202310200585,155.3333429103374
EK202310152222,146.83644885653365
EK202310149190,160.25150298446712
EK202310187819,157.38341753209662
EK202310124003,172.64728404581172
EK202310201545,139.39938265547582
EK202310171385,136.30740022729645
EK202310238751,135.01241168779802
EK202310140367,118.01115656436897
EK202310237130,144.19912841845854
EK202310198345,148.69069422424127
EK202310247133,145.84639350965628
EK202310137734,110.62845345697248
EK202310148474,133.08132270069348
EK202310150325,146.26699675276203
EK202310208250,139.79615487849173
EK202310232333,133.31704845100387
EK202310226045,132.38442529305016
EK202310158994,143.4189665323345
EK202310198109,152.90876088506548
EK202310193685,142.77883118375073
EK202310178796,165.73279289220946
EK202310168028,150.96832169399235
EK202310106830,135.93064497132215
EK202310181540,138.0925689967286
EK202310182066,158.5493282412146
EK202310206663,135.36775251405842
EK202310219839,161.96257791156336
EK202310201710,150.08178392537977
EK202310187487,134.5818116041609
EK202310202274,148.50010975489673
EK202310137558,130.6812540442498
EK202310190906,137.5216940335417
EK202310223424,158.01526253993663
EK202310178941,140.80569528897425
EK202310184440,139.0987680908808
EK202310155782,129.70665656324542
EK202310122432,153.1577561081525
EK202310182848,132.84185783349037
EK202310164226,159.4121318345251
EK202310173490,133.94358382210262
EK202310213090,123.91137191387665
EK202310153722,158.19945205722257
EK202310173472,151.8582544412676
EK202310167875,140.49336338163096
EK202310133234,120.71938441643248
EK202310223308,133.85756423598158
EK202310205100,144.17563658255068
EK202310198402,126.78311542116172
EK202310110225,148.76750248013582
EK202310171586,153.7938858643496
EK202310122356,145.68806218283052
EK202310163392,134.2829513663891
EK202310183719,157.06620782543797
EK202310003951,150.47064765264287
EK202310138515,158.99671277213076
EK202310170831,144.84559476872636
EK202310133182,132.03875770148798
EK202310111516,128.711907371087
EK202310125263,133.88988042438234
EK202310240055,135.8698106209291
EK202310180483,142.68263220003405
EK202310204716,134.2475996211548
EK202310187018,150.75871144549566
EK202310158527,158.26720965326436
EK202310122260,151.95919818085696
EK202310234650,138.63526766817924
EK202310144474,139.41275070719507
EK202310237894,133.27431418501467
EK202310106091,158.756029722824
EK202310188317,138.58243353491977
EK202310158850,136.14001280437847
EK202310186426,162.2661163236015
EK202310169750,141.18945744194292
EK202310206676,151.12127072955764
EK202310155928,159.68466842091414
EK202310230978,114.251845420281
EK202310233369,105.4100764564046
EK202310129476,153.6700601367455
EK202310133048,142.32849816868236
EK202310165488,143.33575450348923
EK202310143637,163.66244432218292
EK202310214266,145.0005186274125
EK202310126225,141.27752667264522
EK202310152458,169.01277487900023
EK202310223231,145.24670004627094
EK202310120167,137.65282339512842
EK202310143015,153.54432930425688
EK202310158308,158.14278326391863
EK202310173081,138.4680145050572
EK202310189028,143.28899210646358
EK202310132273,163.55077754502958
EK202310128353,141.71198869718353
EK202310174810,140.53187753803132
EK202310239062,151.38977548967117
EK202310120641,136.9112728509588
EK202310244227,147.35769456694328
EK202310118757,134.50437185157568
EK202310129075,147.81650283290614
EK202310224814,137.70250536557884
EK202310004731,123.26689591631973
EK202310156915,167.1968534501406
EK202310115641,138.8217017724186
EK202310118147,171.83229075477806
EK202310248390,161.7346490754814
EK202310218403,131.28888873045565
EK202310155441,149.2094049450227
EK202310230283,144.47207953318795
EK202310162794,151.5869137170636
EK202310182211,155.00391199305298
EK202310143073,149.91122012749815
EK202310177848,151.21638225645378
EK202310003966,151.8181661265419
EK202310194839,153.29278700144243
EK202310233597,143.25586715537102
EK202310160959,139.77539498859767
EK202310225528,128.96650376913573
EK202310108255,152.12162723731905
EK202310166709,137.96106521327943
EK202310203616,147.26747267413998
EK202310189898,154.08051274842734
EK202310135324,157.17750246187873
EK202310183856,156.2448639628043
EK202310178334,152.3396728974359
EK202310112277,150.00700371886285
EK202310116332,134.68585813884368
EK202310174408,138.12172124477578
EK202310225395,133.03810736988305
EK202310179921,146.01548492654888
EK202310136896,133.81023468280048
EK202310246946,154.9224077966491
EK202310132878,138.75205253695992
EK202310132936,137.40210827556552
EK202310117215,136.80404144580496
EK202310194744,141.33736314257962
EK202310239667,144.6722408630248
EK202310137081,138.1701911857503
EK202310195120,149.2660953026301
EK202310244943,144.6700311334718
EK202310216463,145.00188903448722
EK202310175023,149.3225687249868
EK202310123452,135.48588729529587
EK202310120759,143.80961766955465
EK202310200555,155.10566456181448
EK202310183159,148.06423265422703
EK202310237119,156.1504619793126
EK202310241465,129.87722744955036
EK202310185913,144.19675783784996
EK202310207534,154.65759709323555
EK202310158605,150.30650017274212
EK202310193608,143.01346942834076
EK202310238219,151.14012838942358
EK202310142209,155.76682618331915
EK202310158659,138.98148242332795
EK202310196102,152.6655462254557
EK202310244335,140.56004013876284
EK202310151300,143.10858548559196
EK202310135647,128.64824793712557
EK202310208600,139.4639908494134
EK202320006689,166.9294873516533
EK202310208813,152.26190139922647
EK202310154438,140.0966394277754
EK202310165804,127.87675238687268
EK202310124724,129.33789600882636
EK202320005923,172.74529419588768
EK202310193868,145.66425857134774
EK202310243558,140.49163584613368
EK202310213393,124.0883445959848
EK202310142913,155.33748086578322
EK202310168870,157.1269169269978
EK202310246882,145.88441643841654
EK202310123829,138.5930391651355
EK202310125993,143.90923001013647
EK202310148678,124.90434091745774
EK202310214338,129.11337490256682
EK202310118609,143.47563965320052
EK202310223350,151.82903345035734
EK202310161314,138.74444645696695
EK202310172634,175.68254744298727
EK202310218585,142.3009058696271
EK202310004027,140.59163563545684
EK202310177913,146.3086761166371
EK202310195749,142.24704497785805
EK202310176453,131.15883915066053
EK202310213885,155.3749301156622
EK202310137118,157.60120266630585
EK202310219450,124.85667001522111
EK202310228378,154.29746293448244
EK202310157141,157.41669593344534
EK202310131718,152.83939154582856
EK202310165083,137.01652131510667
EK202310004821,138.26114462600796
EK202310115195,138.2229487148078
EK202310179460,129.80930861654235
EK202310204918,150.3498971666625
EK202310126066,120.85890023267063
EK202310147822,148.35859158203863
EK202310233974,127.93714857787396
EK202310152337,152.3674941968695
EK202310121597,146.42354794242854
EK202310113315,142.4566501713954
EK202310172487,164.6263183812218
EK202310208865,143.36631369914693
EK202310178856,119.06695126671805
EK202310163216,145.99511136364222
EK202310192275,132.61490286783754
EK202310123629,148.4830549246474
EK202310118365,161.8658874022052
EK202310205626,142.2668413071946
EK202310197305,134.97823449671648
EK202310168104,136.6066929071357
EK202310147731,161.3468645937656
EK202310202905,144.7536572735228
EK202310240860,138.72274952378137
EK202310003646,160.01934769902914
EK202310241992,135.44877809119143
EK202310139823,151.76827196757526
EK202310229599,125.71971613968671
EK202310183516,150.8898773034924
EK202310224914,120.9376916329549
EK202310191077,141.51121704253313
EK202320006964,166.00132786718925
EK202310237895,135.9497014791015
EK202310176057,159.85930598802997
EK202310165954,136.93923707241652
EK202310122162,137.16803869627697
EK202310126238,118.01688911324545
EK202310121795,140.50856397194838
EK202310161976,154.43851252507372
EK202310191508,139.9084386199863
EK202310176644,135.35592093132817
EK202310152467,156.8791598989906
EK202310219240,141.07967448793607
EK202310208125,146.07613288529163
EK202310159439,156.1016365982399
EK202310112020,148.4432266879499
EK202310131152,150.97405754703163
EK202310231176,134.3332099698661
EK202310119600,152.6650572438514
EK202310142740,176.8247204946509
EK202310190305,142.75113096576138
EK202310181410,150.51753113994735
EK202310195269,136.5249979829695
EK202310154821,125.24222717875895
EK202310247409,144.96441161280273
EK202310146034,140.59691651486156
EK202310193073,151.22999571070102
EK202310184666,177.6422128004724
EK202310107982,154.29118484636646
EK202310118565,124.34583559991049
EK202310189557,146.61276604103912
EK202310176523,161.2074743502731
EK202310199098,159.5836915728871
EK202310192444,155.821395401613
EK202310201510,157.06845498516975
EK202310152404,153.98966418705385
EK202310159084,171.55305030700546
EK202310241360,139.857923459242
EK202310216628,142.16337606574191
EK202310228907,131.45967137652048
EK202310129890,166.87728121973015
EK202310151590,125.56345652545515
EK202310145359,122.79389556824164
EK202310157050,129.91980239371543
EK202310176488,122.16911774899225
EK202310130834,140.12317350960765
EK202310209574,148.12870090593557
EK202310111176,138.6614665326915
EK202310147278,141.38904435725627
EK202310208597,162.74292293703547
EK202310196533,138.49282886414102
EK202310195547,159.93682267293542
EK202310176613,139.38572402799025
EK202310164726,147.29309090331836
EK202310243633,134.16102662016888
EK202310196133,146.08789966153796
EK202310147029,141.8613737203146
EK202310218892,144.57613480957758
EK202310140920,143.92113805201018
EK202310155482,142.92419990785496
EK202310135200,134.1463112080234
EK202310172820,141.5290173030405
EK202310105543,116.6243400224121
EK202310172387,145.00848085533428
EK202310176697,139.6788167955378
EK202310218951,162.19609243968705
EK202310103784,145.76531474287103
EK202310230023,134.21550718602023
EK202310164692,147.51890546690316
EK202310104542,131.5089906951549
EK202310176068,143.23293536236375
EK202310244683,153.187767916128
EK202310119149,135.1712988228103
EK202310191861,127.38125445561435
EK202310199949,125.14074343832833
EK202310161393,154.67423185298637
EK202310125111,156.88547918594023
EK202310199054,152.77313977068252
EK202310004487,141.05424325812768
EK202310183184,121.53826227698154
EK202310201897,160.20292931012833
EK202310210681,128.68714689008502
EK202310171699,125.55891975076783
EK202310136344,136.23487134607532
EK202310142799,136.59342538357336
EK202310003358,146.18768351738126
EK202310177915,149.98818126962533
EK202310233198,150.15920164714458
EK202310180154,118.67042220119461
EK202310174450,130.13488152219966
EK202310136841,136.15980778977075
EK202310121016,153.59738527371402
EK202310165032,125.94016396235517
EK202310228963,138.6246231503834
EK202310121559,146.3776534264866
EK202310181916,142.02593074471378
EK202310145575,171.9608498562205
EK202310239181,146.36272449829423
EK202310188158,145.29619874704287
EK202310128251,130.24482832392087
EK202310132218,162.2143877684827
EK202310171818,148.6478796827902
EK202310104717,150.49990709426638
EK202310166536,154.8738133328209
EK202310165544,164.95731112040244
EK202310106140,134.32144589107477
EK202310120542,126.39134995389833
EK202310200432,141.69352237346507
EK202310137688,144.03062604201253
EK202310199770,131.31305699291346
EK202310151234,134.2297205916602
EK202310239824,144.9687901243826
EK202310109979,138.67601659425918
EK202310222377,125.56434822850868
EK202310129765,146.81449612007967
EK202310004768,117.30916067506939
EK202310161683,159.36178599076612
EK202310111657,159.03721292240502
EK202310233223,138.06798042451103
EK202310191113,169.8649997890406
EK202310133283,146.84680823369763
EK202310196259,140.708793716993
EK202310180866,141.12509476413553
EK202310219289,133.51351891948644
EK202310195465,169.15069798432836
EK202310163110,146.67053366255567
EK202310236924,138.0186836145505
EK202310175544,142.84013975266828
EK202310106368,142.11671651270817
EK202310187622,149.40294046042965
EK202310204563,151.35032117746206
EK202310169494,149.16569074172887
EK202310151846,155.36767162577434
EK202310239299,135.39564595899805
EK202310145012,126.56465955412193
EK202310110945,143.69536747212445
EK202310198659,138.46758618377643
EK202310130369,131.49433346232018
EK202310191235,134.00565604382294
EK202310171717,139.47660440577556
EK202310235589,148.3162620587798
EK202310114348,150.11561631121404
EK202310232893,151.38453947702791
EK202310164789,158.0810546506769
EK202310236042,155.16248176437708
EK202310004445,132.5334886598843
EK202310172245,133.1626919083465
EK202310224823,135.27160108839752
EK202310136877,150.44557430330008
EK202310123423,147.05612684986806
EK202310153225,152.49859312151202
EK202310145756,130.1186761753091
EK202310146568,140.84603542329768
EK202310163087,141.96354404923665
EK202310245297,164.39784725119893
EK202310209644,144.5486566726083
EK202310140290,131.99215262546338
EK202310221072,142.48776044097718
EK202310135414,142.14780425565797
EK202310187378,158.83138839712308
EK202310133530,150.4948572837083
EK202310224364,147.48994397549006
EK202310195517,153.44805559998522
EK202310204169,134.60980233712286
EK202310210323,113.34145605984986
EK202310200422,126.92483423097633
EK202310151056,129.3703676409179
EK202310227277,136.82741858375582
EK202310247028,143.15804596298526
EK202310180050,146.26971397716247
EK202310127868,155.8486411431696
EK202310234685,139.63562451283272
EK202310223304,129.08566323992957
EK202310222628,123.86255140720763
EK202310132162,150.9042384780827
EK202310107313,157.169744552677
EK202310193034,125.22868883104428
EK202320006263,160.44144942506335
EK202310180508,144.59059160965657
EK202310126699,133.7593598527915
EK202310161588,157.24959747250762
EK202310230044,143.57476653514428
EK202310131679,160.33501462194792
EK202310130402,150.08120707526427
EK202310186216,142.8994829009063
EK202310104460,141.6783080957714
EK202310138193,128.77256908850129
EK202310190994,150.53859583312854
EK202310235895,133.51740588040101
EK202310129828,161.52305807237616
EK202310188700,159.88212480143247
EK202310162187,130.85288112005227
EK202310137095,140.7852260541375
EK202310142210,145.10915036473267
EK202310197331,150.70975678847617
EK202310224439,151.7271065993863
EK202310202545,160.49159468711258
EK202310172841,142.9059903421853
EK202310185316,153.50501764468632
EK202310193096,123.72715756903598
EK202310239366,133.7998125473713
EK202310157680,140.3007700448793
EK202310216245,124.73335351032594
EK202310122188,132.61984982224334
EK202310229644,143.50372672842227
EK202310205871,137.2495041274531
EK202310215556,146.88981105659988
EK202310158679,167.82288460842386
EK202310147755,138.67141904151657
EK202310186194,151.9188462931987
EK202310117620,131.66657339804462
EK202310194359,144.09060312469333
EK202310198922,129.25934832250806
EK202310116214,145.31865222583863
EK202310162259,144.30571952577333
EK202310157059,176.10052044661356
EK202310128924,145.90008926559003
EK202310141619,158.83610160412562
EK202310221578,144.41934084506298
EK202310138618,144.03209082642903
EK202310183482,146.20622325287766
EK202310152447,131.621398252943
EK202310237940,109.34744205151576
EK202310150193,125.45521357681108
EK202310183803,174.46391037439557
EK202310111372,136.29085350192446
EK202310201263,155.96776617864452
EK202310124638,140.8088561912687
EK202310178960,147.4344325460142
EK202310210327,139.7349872348075
EK202310201273,150.08628506496146
EK202310222624,135.44398084582087
EK202310180840,131.20648137347936
EK202310185078,148.8334635427561
EK202310168572,156.11018052957402
EK202310170490,116.96930356049438
EK202310232989,134.06416202060782
EK202310162228,147.34898738270226
EK202310175459,143.10203168905636
EK202310165474,136.67884654515413
EK202310243395,145.33028384594857
EK202310127631,146.10056942123825
EK202310186924,135.20016118283576
EK202310163431,118.89792311137322
EK202310189463,163.35435239250648
EK202310190842,162.22912914161392
EK202310185696,155.38891380033473
EK202310111713,135.07140320437932
EK202310193617,148.5667533614773
EK202310125805,137.0960553083383
EK202310151745,151.36385804078125
EK202310175297,133.59951165375864
EK202310196724,131.20801949156828
EK202310233146,167.17019934849597
EK202310143125,136.47005390130428
EK202310162683,155.03772991978732
EK202310105844,146.3072830007072
EK202310137395,145.23190595650794
EK202310234360,150.82687296626997
EK202310169711,152.77227204936864
EK202310229840,128.85831101672895
EK202310108815,141.32717527730765
EK202310173350,141.1593197631119
EK202310221654,130.6897332025651
EK202310117503,132.12894819319132
EK202310118377,129.4095303650079
EK202310193948,155.74617374697857
EK202310157293,143.83579602724154
EK202310229924,143.22875669806916
EK202310207252,145.2928960854292
EK202310112063,153.60712800524735
EK202310211575,129.4478555337646
EK202310121865,139.62685728278933
EK202310229242,130.86404133947818
EK202310217753,131.27947900019785
EK202310154203,151.84485822466252
EK202310119526,142.9513069198526
EK202310233019,131.18172469444875
EK202310110136,135.73387777181347
EK202310136917,152.13662431519668
EK202310232125,140.23830243854022
EK202310195652,145.8673867772066
EK202310003341,155.04394775371674
EK202310172729,140.90699700508898
EK202310106011,148.39076685980305
EK202310226908,133.04580894989022
EK202310160952,166.4644174897556
EK202310123901,139.6489642830966
EK202310219883,121.76610245808874
EK202310239294,136.04246668203
EK202310191292,144.23787446574923
EK202310242675,132.4282619023936
EK202310159365,140.66843170447584
EK202310207357,133.73577573484107
EK202310134219,154.15075433235194
EK202310204692,166.88885636482414
EK202310145833,143.1534093006393
EK202310232367,132.1927012581899
EK202310133942,175.20845473196925
EK202310116957,146.80735229918903
EK202310113990,144.9680132729879
EK202310110317,131.9608093275354
EK202310183678,127.6116532265787
EK202310210475,132.71092694250365
EK202310215753,135.42176298066155
EK202310172041,148.5276736053996
EK202310127368,158.22456653691975
EK202310133141,165.975005988197
EK202310166184,160.15929074824166
EK202310123460,136.29831434963464
EK202310159288,168.74394353710272
EK202310224966,146.5637937910943
EK202310169548,138.57999712058404
EK202310157945,171.62036434888586
EK202310208906,139.83056309140778
EK202320005732,143.8053116665271
EK202310140120,147.66354036663196
EK202310153086,157.67879717730585
EK202310230330,128.79323258444927
EK202310213318,137.65692346457055
EK202310178418,154.2644185920198
EK202310155143,138.77844840524367
EK202310183350,159.47513484682452
EK202310171243,150.00691722926038
EK202310241995,146.8909479197041
EK202310166956,138.13525093860477
EK202310239455,150.80722072156777
EK202310230110,136.22807549473836
EK202310232654,139.62176514588828
EK202310230579,122.30466711755571
EK202310230165,139.74645348144932
EK202310150438,141.92250193876802
EK202310114432,127.46711122983265
EK202310178701,166.26256454000094
EK202310193862,154.00247601194104
EK202310133458,126.34714364097033
EK202310126585,126.84329450075877
EK202310114949,140.69591630509927
EK202310239835,130.38300868078815
EK202310198418,163.090706085149
EK202310164005,128.83013449285932
EK202310108538,157.53193054918765
EK202310248296,133.64354241979436
EK202310164825,124.68515465981316
EK202310202468,130.1915314043354
EK202310179750,147.18722603266698
EK202310178078,142.14811412066115
EK202310224170,167.01034576024844
EK202310108711,125.0641319967075
EK202310107024,149.95922551449198
EK202310229155,138.4130728284613
EK202310109556,137.75051884038655
EK202310202152,145.2871908733499
EK202310237189,149.9417395002487
EK202310147644,149.0484174021088
EK202310161108,170.22550646102638
EK202310122907,170.98024421427732
EK202310108647,140.87863290944856
EK202310116234,152.19547552905874
EK202310180820,142.63597529213376
EK202310185427,127.92620499354283
EK202310156227,160.91392883278868
EK202310121246,137.38448781017203
EK202310135704,137.43404372936737
EK202310225359,129.97815612521225
EK202310205195,151.9076696617397
EK202310201515,158.23757413443195
EK202310195070,149.16863289973276
EK202310185184,154.68661547159277
EK202310233163,130.40573962531988
EK202310169236,151.40511580076696
EK202310113651,141.30405882297848
EK202310105373,123.26285524290225
EK202310106115,114.41042967496861
EK202310245413,143.1225831485694
EK202310219987,140.12388432984616
EK202310142576,150.0837898168605
EK202310158268,139.78270250002873
EK202310156894,146.09798699868378
EK202310004886,155.71038648685698
EK202310154420,125.30843410322677
EK202310210832,132.05248889889967
EK202310220049,141.40364257247737
EK202310181921,168.5559004095563
EK202310201324,148.33076660838177
EK202310191459,132.40009783981284
EK202310128368,146.1568589005903
EK202310175128,121.19863281130253
EK202310172288,146.13866281598294
EK202310216634,140.75788966109306
EK202320007004,173.28807848345923
EK202310244935,122.20073149098553
EK202310176831,128.9669827883589
EK202310119255,144.43165623751642
EK202310225916,140.3082087921829
EK202310159227,168.74263496759522
EK202310208285,160.10640358172918
EK202310139560,165.94747409222984
EK202310122710,130.0984634031108
EK202310121289,133.74567135936857
EK202310124642,143.84533837544424
EK202310232850,123.51562306280906
EK202310162749,161.94183374250275
EK202310114861,145.80025541900707
EK202310147672,149.34609516197494
EK202310146693,142.2169455678439
EK202310229560,153.11000027208075
EK202310153109,151.81078609838346
EK202310159133,138.26994504679445
EK202310147681,114.91333018259122
EK202310154454,152.6325491124278
EK202310215971,147.537799031179
EK202310176116,159.29403755958626
EK202310108965,127.8032606457613
EK202310117311,129.5348925931806
EK202310205689,145.95094129654464
EK202310196959,158.79044814367555
EK202310208747,170.33825723027917
EK202310220306,149.50101799377782
EK202310229825,143.38410304983356
EK202310156765,167.89560439374048
EK202310123916,148.1848759337051
EK202310208563,152.97119641255466
EK202310176612,140.02895212937912
EK202310150270,169.7468434962835
EK202310167920,134.21490980875143
EK202310004780,132.0655531526318
EK202310228392,146.75694577746944
EK202310162764,150.15591277381364
EK202310178248,155.50939125943648
EK202310161854,119.25549819702532
EK202310184896,148.68228747101563
EK202310196454,147.03394464977458
EK202310166252,154.0482769321527
EK202310224266,133.11197203703816
EK202310228300,141.07040122475271
EK202310228517,121.98108347641444
EK202310119762,133.26063354821042
EK202310197634,137.79492789845185
EK202310163433,118.83309882178332
EK202310205791,140.96085587665726
EK202310198433,137.98260175891596
EK202310205023,139.6657051406207
EK202310139454,130.20689091176368
EK202310201839,141.1002465671825
EK202310197547,164.73168939282007
EK202310233724,134.77760107926474
EK202310153252,156.76239456493954
EK202310190922,137.7520323376155
EK202310142523,150.96059120316153
EK202310219846,143.01700311893393
EK202310198901,129.7222136262054
EK202310167227,146.18386193107423
EK202310111384,141.76181481214337
EK202310136046,167.1557859792012
EK202310214121,152.57823601151262
EK202310118169,139.4247757164885
EK202310183250,141.84850235042825
EK202310188579,126.93250471081853
EK202310131031,138.11227143382814
EK202310104480,146.6649626078882
EK202310239710,162.1054086636512
EK202310234691,121.1320469227195
EK202310168972,141.56223709008012
EK202310120008,136.59300467511412
EK202310212233,131.74180652072582
EK202310215929,142.0782798161845
EK202310211484,115.82378732937767
EK202310222506,132.3469726028773
EK202310202763,156.74269922673597
EK202310220490,148.30780888570396
EK202310116375,143.56310520509945
EK202310175337,163.37441778285836
EK202310240580,137.10621508303552
EK202310109905,155.56486844138033
EK202310192597,152.7659917069162
EK202310114800,118.65655430670975
EK202310132205,135.40140442056347
EK202310110193,121.36465168468064
EK202310165102,154.4107427010407
EK202310116663,141.95706473138233
EK202310218315,153.20062419971035
EK202310113156,158.92025552454203
EK202310231146,125.1003144671489
EK202310180373,140.59044702334438
EK202310232424,127.71526773171637
EK202310224878,128.361639226013
EK202310103830,140.85855822784976
EK202310240706,136.52552258184784
EK202310120776,157.29278384931885
EK202310160117,142.08656990233618
EK202310132998,135.79865072436795
EK202310003968,161.09709838625233
EK202310209613,147.65777709356016
EK202310241092,133.9870189455778
EK202310123771,154.0000892975169
EK202310245280,135.0769380037019
EK202310244377,139.478803941488
EK202310109713,168.09803435842483
EK202310228232,144.60801332737952
EK202310148652,135.38671895936972
EK202310243472,127.9009275572412
EK202310170765,141.0975630782095
EK202310170088,126.24195913290261
EK202310004315,130.51399932243027
EK202310217178,149.18704881101934
EK202310108775,158.47252333981055
EK202310180920,147.96399819078815
EK202310246305,142.93546546132308
EK202310206922,165.37878188736397
EK202310167783,149.00431893905642
EK202310129574,141.29816995221972
EK202310174308,135.2416271531765
EK202310161413,161.45448346041138
EK202310148150,157.10105433555233
EK202310141044,156.65432086232613
EK202310231588,149.0979508244617
EK202310118970,125.62961572398441
EK202310181033,154.75666097451497
EK202310194383,143.94537623848143
EK202310183986,166.002917827704
EK202310150419,139.51061508517418
EK202310194684,148.15186842171116
EK202310123982,170.31845864812797
EK202310167254,135.5127541164927
EK202310170710,119.67342657855144
EK202310112450,145.68418936153364
EK202310220586,139.83180639139303
EK202310189665,152.14481719111012
EK202310117974,134.53242265397475
EK202310131602,137.80223048553566
EK202310162096,153.54456141086587
EK202310243659,144.73454198454445
EK202310187107,120.27920218238584
EK202310188591,124.49971989154729
EK202310130729,141.47242864766687
EK202310207612,145.76086333345728
EK202310190165,142.1534963806787
EK202310240918,137.73313836004317
EK202310138933,132.77163925774283
EK202310124424,123.51369112685174
EK202310207452,136.9216160671668
EK202310149692,156.17589232584052
EK202310122269,157.03848559510706
EK202310178206,156.10606013386865
EK202310236928,131.7189584778437
EK202310108129,151.08641114321446
EK202310242986,135.9108427829557
EK202310153555,143.08032327888935
EK202310135472,148.1594542064075
EK202310135151,148.400174897288
EK202310121132,145.7075872042478
EK202310159808,136.15743589031786
EK202310111940,140.27924067921327
EK202310211823,123.3741802386787
EK202310208954,167.12138678518747
EK202310174925,159.89284231038474
EK202310139934,133.2117261128522
EK202310128204,131.24555803340928
EK202310207948,130.40696100781278
EK202310194132,150.69962678885835
EK202310213757,141.7593591596061
EK202310210438,139.55644725029234
EK202310144525,160.51826628385905
EK202310125105,146.6735739690785
EK202310120299,135.07397485516944
EK202310246727,147.62290011270426
EK202310200847,146.7046753325719
EK202310181091,135.28944290868216
EK202310130669,139.40552665536515
EK202310164111,147.28494099067382
EK202310141945,147.71895273944568
EK202310238865,170.19892853711076
EK202310107320,133.577622675856
EK202310220000,151.5207144379074
EK202310180826,150.5843644484007
EK202310117534,145.8120877643705
EK202310148403,166.15863562071615
EK202310235756,137.02067305179997
EK202310215153,122.97395575515124
EK202310215909,150.01015084451112
EK202310232668,131.19435199111015
EK202310169331,159.87177773767547
EK202310168151,135.15825936161218
EK202310218890,136.85618989902474
EK202310186779,151.22347370268966
EK202310114858,135.2105310345574
EK202310152341,149.61576246918233
EK202310128217,124.71768154495939
EK202310193271,126.09519551821802
EK202310180464,155.02655420548433
EK202310205276,149.93974575338692
EK202310125640,128.50259886731865
EK202310141600,150.5028129385085
EK202310141981,162.73798017598264
EK202310167795,153.28303703753062
EK202310192334,134.12646899063225
EK202310241694,137.93366683750486
EK202310196935,133.64707657300812
EK202310180151,131.2184577233098
EK202310106774,145.2348993493651
EK202310215027,152.27524029719467
EK202310216078,151.96555960447415
EK202310163711,143.56900138133844
EK202310109770,149.6043478804873
EK202310215501,133.2077821667121
EK202310163977,132.6484856374695
EK202320007174,168.42777928673493
EK202310205844,143.47624582508152
EK202310139223,130.32566696071535
EK202310244458,129.4022015664734
EK202310131387,151.60251350212516
EK202310143831,144.68712072742173
EK202310147793,144.93051625345822
EK202310219748,140.77558234785775
EK202310155389,139.2797957081548
EK202310134466,168.24376490438914
EK202310151903,144.40284387492878
EK202310234772,139.69955431492235
EK202310131775,167.4187464528473
EK202310134952,159.77122099884326
EK202310118242,133.56903954406155
EK202310107035,132.5697307989462
EK202310131515,143.4756444335708
EK202310244132,135.26789047939613
EK202310201654,165.45342423118015
EK202310237041,148.7782051407747
EK202310171334,153.57847993752404
EK202310104916,134.7490962217987
EK202310182983,147.91450734867664
EK202310164359,155.07544632808174
EK202310112552,137.30997358372423
EK202310201546,131.16683092850613
EK202310202954,134.60065257080038
EK202310134253,144.3808090033523
EK202310004718,145.06914520126531
EK202310242169,151.76248628836058
EK202310188966,128.66800047491554
EK202310179423,126.53541290437757
EK202310218744,155.2589922105374
EK202310193025,154.32593576822362
EK202310232272,140.3058977180968
EK202310217104,136.7234967312226
EK202310245973,135.59769565548672
EK202310108124,155.76012312695306
EK202310195074,164.83650804012842
EK202310177534,159.02142921965256
EK202310220572,126.82918566906997
EK202310176418,150.7764688931224
EK202310159967,154.0913018366649
EK202310163800,157.0348396621024
EK202310154402,168.64231069608175
EK202310212424,137.8098315818259
EK202310115194,138.66956025188557
EK202310157002,147.85649632777123
EK202310236493,136.65092988401415
EK202310209384,147.8376086851344
EK202310153699,144.37938639491617
EK202310140162,133.28531101284227
EK202310191690,147.51856019986067
EK202310164321,143.66881349307837
EK202310167679,134.28078881653298
EK202310118401,130.8409747167715
EK202320006231,170.56271494178114
EK202310158105,143.77560019901557
EK202310179352,144.1078401530546
EK202310112735,139.89670780302697
EK202310144319,137.42925791252938
EK202310173893,166.71502204920395
EK202310160526,132.295132695382
EK202310147338,129.20581166573527
EK202310164737,150.9139906430698
EK202310226429,123.93825521612541
EK202310119510,140.07499031505915
EK202310111353,147.02236098851532
EK202310121601,137.80908711952657
EK202310138216,125.93364503266352
EK202310222532,154.89073572256677
EK202310138949,134.35060615731408
EK202310214912,144.4570946036051
EK202310121057,137.71544776934167
EK202310231318,135.04715466259304
EK202310137231,131.3430440188192
EK202310136824,135.83472724357523
EK202310115476,146.61239043976673
EK202310195522,163.06344734482144
EK202310130890,124.52972093259045
EK202310161838,172.23439688222058
EK202310158188,132.98869820254967
EK202310184190,137.64047143877178
EK202310106659,142.2045133646755
EK202310134400,132.56112616953973
EK202310209267,141.29982845282763
EK202310241209,139.97665581353675
EK202310214760,150.86448994522257
EK202310151809,169.49064495601735
EK202310198002,147.25969111045967
EK202310228621,135.5689259015103
EK202310162885,128.24579734975612
EK202310133298,157.73546548713196
EK202310126484,140.99402364245225
EK202310196380,129.7367484212023
EK202310143373,131.43354661410342
EK202310202385,143.3518894165454
EK202310131648,135.2482605419279
EK202310116966,141.39281401853447
EK202310134410,160.27838843741495
EK202310191544,140.98179668888002
EK202310196047,152.31486806793217
EK202310119440,135.91719142410417
EK202310132919,138.85579494288098
EK202310156448,158.2047156859569
EK202310198177,135.562467375718
EK202310148838,155.8190709199826
EK202310171364,153.92683748429835
EK202310120500,126.59434339136045
EK202310247151,134.95201777224014
EK202310144904,119.44494362553822
EK202310174989,138.60035040735534
EK202310133355,138.69454459244108
EK202310226353,152.63423329520157
EK202310176858,131.76887392519433
EK202310227114,145.48215259407138
EK202310187693,136.7655976403049
EK202310109711,157.35046175515566
EK202310181780,151.65863972090045
EK202310163147,151.25306728704655
EK202310190696,142.54054755808335
EK202310165868,144.0409779926593
EK202310110400,133.03503947246514
EK202310135537,152.29738082865435
EK202310169217,160.81064451703583
EK202310195878,162.2050269338503
EK202310189489,134.02044775450622
EK202310205257,117.93354059074808
EK202310239304,160.18548867518797
EK202310132417,124.48411557416632
EK202310221095,125.74263431142738
EK202310110398,125.19109961211419
EK202310240389,154.32975517261872
EK202310185614,148.4828288064248
EK202310213110,126.48150327546678
EK202310154463,149.07212584157867
EK202310177140,170.0062517903922
EK202310175268,146.20157152986198
EK202310199152,124.23115565118331
EK202310128676,146.5064308845051
EK202310168399,146.70717008145456
EK202310201459,140.0738786913998
EK202310235106,153.0914801854029
EK202310232368,139.60367796873194
EK202310127908,134.71794961383742
EK202310182464,152.72947206148825
EK202310184852,133.57688376116337
EK202310170955,136.02024443700176
EK202310185265,146.90511678686642
EK202310114431,159.3784391622038
EK202310124741,155.70519834888802
EK202310193561,145.7515621852804
EK202310113830,140.9340200691425
EK202310229300,142.6159602730874
EK202310176918,143.09148503975686
EK202310222543,137.36195250298763
EK202310240095,151.99928380319358
EK202310208448,137.33332587373758
EK202310201172,169.65511407943143
EK202310125525,142.4431736564294
EK202310221529,133.0022279758559
EK202310120352,147.37504478755085
EK202310140711,149.04609681344414
EK202310211389,138.01516488049197
EK202310124018,166.6531641311636
EK202310143340,122.84387908968762
EK202310180385,154.805794344727
EK202320006974,166.66496509442993
EK202310159693,147.228281282277
EK202310181459,127.13192214262037
EK202310182182,143.73708725538626
EK202310141048,151.75928975831744
EK202310211604,130.04841550447048
EK202310141173,143.86134599258534
EK202310151648,145.18656049975766
EK202310243583,147.96391619643381
EK202310133700,137.27206524185218
EK202310152960,147.10566384975306
EK202310192543,138.63436230321796
EK202310131141,133.35311568107528
EK202310134377,133.08656942679355
EK202310174653,143.19800228332213
EK202310218574,145.71607610371032
EK202310191005,152.52927769469727
EK202310104855,129.8517463748132
EK202310178218,150.9828997467305
EK202310166318,166.09823642712135
EK202310202248,144.1767532537
EK202310234490,158.7375122226391
EK202310225442,151.89341428606863
EK202310123331,134.80481636210732
EK202310238951,132.3383704749591
EK202310114122,136.0916902264786
EK202310202645,151.87857445870821
EK202310221624,143.25040718120238
EK202310147534,157.0151476379393
EK202310197356,167.9593056525408
EK202310222430,138.5481373949942
EK202310225523,115.15935996173329
EK202310177178,152.21544571852746
EK202310153665,123.47885150802236
EK202310196238,136.03435102187612
EK202310244577,150.4067065732175
EK202310172448,160.6708474495655
EK202310225799,126.22139715052973
EK202310183968,145.45952050113445
EK202310203019,145.45978852161272
EK202310109776,150.00600585399118
EK202310111537,149.78279076918128
EK202310124731,163.17618785862007
EK202310213643,138.68846015069337
EK202310146267,140.71173318517228
EK202310245701,134.1440711043234
EK202310177157,121.82074048819837
EK202310153114,162.76288198887963
EK202310004024,157.26923886383625
EK202310240323,138.52256121479087
EK202310116344,140.17842983389542
EK202310174344,145.14158969244372
EK202310166165,148.43834498482963
EK202310122743,150.31133156741183
EK202310226015,139.379734806739
EK202310152541,148.89161150664864
EK202310189773,142.96906102314261
EK202310232097,146.1732132717341
EK202310155304,132.30713016824535
EK202310200289,136.6649056420283
EK202310208997,137.73624428141986
EK202310176430,142.53141415488017
EK202310205504,129.96104684734453
EK202310241123,147.65817975611307
EK202310160664,143.56657609580228
EK202310235837,136.19315884533526
EK202310190225,135.39819588776618
EK202310218794,114.38104139321992
EK202310244811,130.1555935319291
EK202310144333,143.31653215951425
EK202310134916,146.72591791416812
EK202310133279,161.4730762223872
EK202310230299,138.88283647638266
EK202310181539,151.49049846146494
EK202310137837,145.9447571896279
EK202310142434,161.25235449669498
EK202310108559,141.03904042609364
EK202310172173,132.43155311181
EK202310170541,152.22478457359864
EK202310106066,125.44646224439693
EK202310242004,140.5636435417637
EK202310114374,150.0219024607038
EK202310147018,144.71614016884016
EK202310193730,142.3250182563589
EK202310155054,129.82098670429465
EK202310211249,138.48851303907998
EK202310203058,146.91172865411835
EK202310224924,161.56067167551998
EK202310153934,135.97133118085853
EK202310192789,138.47288533240285
EK202310176566,148.61080593211287
EK202310215186,135.49324984908358
EK202310159944,140.69133532096058
EK202310209677,140.3052920675158
EK202310137062,150.110718771454
EK202310209003,156.24743767233485
EK202310236143,141.86018590590936
EK202310159540,161.49184869583178
EK202310141923,138.39613526551025
EK202310214900,151.89843708887565
EK202310150311,145.48000282182127
EK202310145121,154.05175143524056
EK202310138102,142.3520627264245
EK202310195227,147.1515865919342
EK202310215003,139.50563226860083
EK202310133345,146.9711744631122
EK202310241621,138.8434394623569
EK202310232734,128.0195961070344
EK202310192752,157.17740660151804
EK202310155287,126.66324953674064
EK202310230367,134.223996059498
EK202310204826,145.7005481345334
EK202310217569,172.74484723252075
EK202310239151,143.9181326574977
EK202310225087,173.44692059270096
EK202310142211,157.45888180465607
EK202310143872,146.1347670236674
EK202320006692,148.66797109082364
EK202310243470,138.2541605224219
EK202310202312,166.11618598159367
EK202310172400,144.43938304949825
EK202310175257,158.00074404274926
EK202310156574,152.73168523246255
EK202310195996,157.16101701147733
EK202310207174,159.09118072152864
EK202310221440,155.51559384574492
EK202310229365,140.60678259702078
EK202310184849,144.35590029189814
EK202310186317,144.96347227920944
EK202310122351,123.13277883835958
EK202310147942,154.98152034709162
EK202310204767,128.61386244559483
EK202310151776,151.39135151277938
EK202310162542,154.20871317722458
EK202310149376,160.13231292868346
EK202310188687,142.78696682489286
EK202310126040,131.59479815065347
EK202310132787,120.43245592836179
EK202320007196,158.97378388432566
EK202310194184,146.28417576170378
EK202310148035,149.31992270107182
EK202310242086,149.0837922745846
EK202310158984,150.98723450700354
EK202310123998,172.68878153049164
EK202310143322,161.92931828356518
EK202310169220,175.14820170912265
EK202310163343,121.28717939532073
EK202310195035,162.04351616429156
EK202310244095,145.656296742598
EK202310004865,160.2772889868261
EK202310202516,140.07979004050196
EK202310170156,138.80075965214976
EK202310217210,148.52395010487862
EK202310139116,159.06051232721495
EK202310181676,167.5412333984079
EK202310117650,132.6918788444025
EK202310126117,132.43326737261637
EK202310145631,129.62188683928935
EK202310194552,154.06005103222776
EK202310231065,130.58584098195917
EK202310243723,145.30685965319628
EK202310150462,145.40037211497796
EK202310175160,140.20136137963985
EK202310145549,145.42885360696695
EK202310218100,127.62837775867924
EK202310172122,133.9351112271246
EK202310195049,137.02776195560568
EK202310179443,150.47493750142084
EK202310149733,140.4648123550983
EK202310115695,137.39057218032332
EK202310149488,140.89709965482083
EK202310154087,148.3436301910214
EK202320006192,151.22424430003068
EK202310125278,135.00006151327628
EK202310241332,147.09529296142736
EK202310143810,140.58827037678847
EK202310105018,135.7667123320359
EK202310237785,157.797925660935
EK202310223864,162.68632874409795
EK202310226433,158.00331966339073
EK202310157972,160.65173711818284
EK202310174015,144.94778067996916
EK202310183160,136.3313922469581
EK202310191076,150.72026292760725
EK202310172756,136.71450724561873
EK202310104599,134.21001869010334
EK202310238264,153.6153720292707
EK202310127187,147.02330423458707
EK202310165833,153.50005103331685
EK202310195179,151.95706156346617
EK202310153898,159.9337849707781
EK202310170585,129.2830152419607
EK202310245910,142.06070128669992
EK202310170174,138.21943465527556
EK202310115207,144.2841691208317
EK202310120317,126.76510956734329
EK202310236898,136.49753374723264
EK202310146305,153.65235700055328
EK202310112140,146.89371965204856
EK202310143217,130.62720868975583
EK202310150540,150.54394743066825
EK202310223717,130.5617159843136
EK202310219843,148.4836500961356
EK202310198855,142.55729317595305
EK202310191446,148.45812072018435
EK202310190334,159.32634194851235
EK202310184752,143.53385432189438
EK202310160416,152.6017086426438
EK202310173011,133.1139132237887
EK202310128863,138.1176992277092
EK202310190262,146.0975080702058
EK202310110902,157.80023461831624
EK202310193520,160.56651110785236
EK202320006543,157.12005741261922
EK202310187711,140.75825735234048
EK202310200254,144.29494450521062
EK202310155513,135.79260901479375
EK202310180642,146.34484229576307
EK202310196569,143.65534894685052
EK202320007271,162.92312581464216
EK202310179403,137.66913519390613
EK202310241241,150.59979284886936
EK202310192182,143.6067504479867
EK202310203673,144.9997946864241
EK202310163605,129.80449700411452
EK202310108085,149.92908952338016
EK202310195692,154.17329041122542
EK202310190401,134.77791264127882
EK202310192575,131.6240585007932
EK202310227513,162.96717273911844
EK202310130882,155.77215101577596
EK202310104224,149.59449723481868
EK202310144297,140.48356901908727
EK202310210525,142.47097689436458
EK202320006267,171.49261152215712
EK202310150061,145.96285903968754
EK202310189465,155.5263979413015
EK202310239884,140.85356381434775
EK202310137344,139.48814538895493
EK202310212273,130.23758718801673
EK202310205202,171.14658871459352
EK202310147736,146.48182879242998
EK202310138489,157.8926671468292
EK202310169998,160.6626203447549
EK202310123563,122.00996453287134
EK202310162573,158.61357336235608
EK202310122865,155.36439407744865
EK202310189811,141.88794483975727
EK202310160895,155.7225901134447
EK202310153256,124.3901445090554
EK202310216969,137.3416207486989
EK202310152260,151.87046216740097
EK202310141709,137.0246696032556
EK202320007373,148.24083797104313
EK202310193336,151.51331953838232
EK202310164703,146.58955575103337
EK202310103814,139.0506624286723
EK202310200017,136.6661543749949
EK202310218767,128.12969019522257
EK202310188858,143.21486931659553
EK202310192187,150.04871726494238
EK202310194207,148.22176383767217
EK202310130206,166.9317525238966
EK202310110494,136.74222334469366
EK202320006130,170.99060097258644
EK202310211320,142.67218975846095
EK202310224161,140.3756237019472
EK202310240472,150.63506262203353
EK202310209032,161.42441588349413
EK202310167634,135.3794851518821
EK202310180571,145.05250095996595
EK202310229017,130.63917810103177
EK202310131345,135.25986408268346
EK202310138019,128.1036030703337
EK202310004554,142.27799110870154
EK202310132971,134.84424497186836
EK202310141635,148.75630974315973
EK202310194247,156.48302667156773
EK202310148311,178.662479307068
EK202310121972,141.63436451039368
EK202310142685,141.47071637847012
EK202310106949,151.8991220447724
EK202310163326,149.86267938880292
EK202310220547,130.20798258242107
EK202310104514,141.70365412304946
EK202310145431,141.84424232285036
EK202310117273,141.01907779677114
EK202310166607,137.1668061258264
EK202310189589,122.76872545518535
EK202310196074,133.07875531300144
EK202310153363,134.59314020412864
EK202310162392,139.0852934591655
EK202310229624,136.19011213570235
EK202310195898,146.7166169215014
EK202310219784,130.91370500463418
EK202310184116,146.87969764263596
EK202310223449,139.4703225751493
EK202310163821,157.31317144382803
EK202310183192,141.7032928297732
EK202310226918,144.73631316244519
EK202310154785,149.12649750361012
EK202310179367,146.92981076869768
EK202310195531,156.27452338650812
EK202310130452,145.05100354966063
EK202310121734,124.45732673780564
EK202310133991,143.805461096365
EK202310210591,146.31955324519853
EK202310139555,171.3226370712198
EK202310228357,146.93997729772173
EK202310125608,120.50820455367926
EK202310107185,130.50506394370643
EK202310235572,132.756649701244
EK202310230158,133.3260482016624
EK202310145383,119.76228296054067
EK202310143147,134.19524641888466
EK202310164771,153.74183937360453
EK202310144247,146.76199924517041
EK202310220979,137.74806089452466
EK202310149131,123.08435884977125
EK202310196632,150.94083231001795
EK202310131051,159.15162242802845
EK202310134659,144.99217825009785
EK202310200213,126.21993875205423
EK202310146862,129.87850835517438
EK202310188949,146.81655694615947
EK202310137016,161.00870033141763
EK202310239591,143.01824449733735
EK202310160714,163.84650244573842
EK202310120187,140.552616355833
EK202310171815,134.84695849090082
EK202310197107,157.7588896363987
EK202310135357,134.98907448708053
EK202310139656,111.39392610573121
EK202310210779,168.65852720288532
EK202310238374,135.3990410509486
EK202310232468,115.9053686615296
EK202310170608,127.29701387246527
EK202310161875,148.77192455656774
EK202310154794,143.2013353906124
EK202310178981,150.5752749427813
EK202310115024,131.7830896637471
EK202310198317,164.94056883705744
EK202310176549,145.0072139005232
EK202310125448,131.60425224698474
EK202310223899,136.49546484601697
EK202310240237,147.08792654410263
EK202310194815,164.7062996202849
EK202310245437,137.90307813134822
EK202310109463,131.90735784941043
EK202310126220,137.95942616317737
EK202310162672,141.51937665341978
EK202310106706,137.7711202733233
EK202310230813,135.8719504435871
EK202310229853,146.39709416205898
EK202310183987,149.7902047299293
EK202310130317,160.2225572346997
EK202310104984,148.65303101993823
EK202310174152,140.19716496645879
EK202310228308,136.65728958425248
EK202310111938,152.0516290521903
EK202310191965,173.57379254802095
EK202310125325,120.81882124535498
EK202310235246,137.7331233664584
EK202310108851,151.7079027689553
EK202310139648,151.38574710978648
EK202310116135,140.59327344086088
EK202310195391,138.4957829278957
EK202310139056,150.8065462457999
EK202310201109,144.7305927614449
EK202310247192,160.64180050165362
EK202310119623,157.96217667808125
EK202310174223,134.92851946213173
EK202310150628,160.23751752398843
EK202310166077,150.9924112079398
EK202310178835,133.9571652177651
EK202310184672,171.3658570494294
EK202310245587,126.01724114481468
EK202310211153,137.71622636268094
EK202310148852,148.7359295634049
EK202310237982,140.43637074285954
EK202310212607,145.22389439431046
EK202310188439,133.59048864827724
EK202310244428,144.1916183570411
EK202310187031,131.7255376243882
EK202310114894,150.803833295686
EK202310140044,152.7828795544675
EK202310223861,138.26867055209692
EK202310184954,143.83882257563417
EK202310229341,147.46038903944492
EK202310193100,158.60430166522704
EK202310154175,135.8680890578874
EK202310103979,137.482459691603
EK202310210100,151.15820159028448
EK202310112422,115.3403162526189
EK202310147941,142.992707281588
EK202310109450,139.88078898159665
EK202310227736,142.72394979149405
EK202310147053,157.66766032354528
EK202310219645,137.21668144012588
EK202310213369,133.60886945538212
EK202310154826,160.13711379876221
EK202310119234,141.67260662107748
EK202310210678,134.4760600599701
EK202310106182,147.18966127158353
EK202310132534,128.26124791114486
EK202310220157,135.76190273477073
EK202310108493,152.8475452879851
EK202310192669,162.5266497376143
EK202310172385,149.28294416528055
EK202310133787,119.66546966118926
EK202310172222,138.39579360896786
EK202310183649,151.65188338034258
EK202310135892,121.4933339373899
EK202310129170,162.89407334441321
EK202310209741,123.54845205023128
EK202310129427,144.11805851159008
EK202310192393,149.49973799543847
EK202310245714,131.90061471524524
EK202310130517,145.80296417180898
EK202310178411,171.42332330922264
EK202310189618,156.69144869767263
EK202310143288,165.798570772398
EK202310199193,129.53562769554395
EK202310227313,165.87644507835594
EK202310213919,161.71423750215595
EK202310244481,125.12430699425727
EK202310120478,137.0339523938307
EK202310107634,142.94510664317417
EK202310157691,125.99362499860354
EK202310215874,130.1804480773499
EK202310246981,136.766809935951
EK202310153195,155.5787093462703
EK202310242256,154.735233717493
EK202310123017,117.33727257758109
EK202310205136,155.79742646906533
EK202310170231,159.6342454018114
EK202310168120,129.73298839667302
EK202310003727,157.7159539846829
EK202310217369,152.36415099361764
EK202320006688,156.17498612641288
EK202310230112,129.1439702826144
EK202310177152,127.45604369387205
EK202310106847,148.51830542902434
EK202310228061,144.28632597013745
EK202310233311,145.62399865180026
EK202310226138,140.64453059592483
EK202310200931,150.81602589344692
EK202310219804,150.11518349851494
EK202310141658,156.5952918140555
EK202310207757,125.4473653664724
EK202310147486,157.03430709190872
EK202310239005,148.219410222911
EK202310129712,158.38375132416763
EK202310148369,146.50703504148333
EK202310155404,127.96928730380971
EK202310218716,153.25254903549464
EK202310188882,142.4533173977398
EK202310221316,129.1126060692109
EK202310137120,140.37384655823612
EK202310217405,145.15827330775622
EK202310149231,134.0535656705697
EK202310174189,128.20368931690967
EK202310138929,132.30989420678867
EK202310123610,145.77750524679888
EK202310200717,130.4308207578823
EK202310190751,150.34452854584993
EK202310146784,141.407766032842
EK202310132879,162.16435623737397
EK202310133709,159.12649637233878
EK202310128722,136.71386124485753
EK202310103790,148.80033443015947
EK202310218931,125.6451795362305
EK202310218663,143.30908308064505
EK202310247844,158.92347914989273
EK202310190812,155.44318278507333
EK202310208756,157.18580720771715
EK202310156744,138.78903861677432
EK202310228838,152.00792976809205
EK202310136171,130.53851542355687
EK202310126151,150.94697263146585
EK202310173890,110.01305338939113
EK202310235680,125.91995568279883
EK202310156616,167.35058261782962
EK202310134563,158.11719142898494
EK202310211003,140.9777321258059
EK202310185632,160.22807072716756
EK202310241758,124.35508344466855
EK202310148534,141.34895613753514
EK202310182316,151.56412626763932
EK202310191280,151.04555678644414
EK202310129812,150.112204375789
EK202310004693,133.91389738846442
EK202310172541,173.2869042299839
EK202310201639,136.8921263762767
EK202310204202,149.1561511321314
EK202310129486,146.33163442317715
EK202310203423,158.1892518842426
EK202310169919,138.93519372981135
EK202310174297,154.57663630059585
EK202310172937,142.76340914653142
EK202310109427,142.78977477761637
EK202310131119,154.08982687154958
EK202310151810,162.17230438742055
EK202310137213,140.95806120709742
EK202310136572,144.85687955923277
EK202310132184,157.30749367475968
EK202310238825,136.16518938733017
EK202310160725,170.15716536548908
EK202310127240,166.64800916752748
EK202310115224,136.64132973346557
EK202310127515,127.76709123027707
EK202310130232,163.7591567149006
EK202310176152,119.07782225876309
EK202310189265,140.80474977114446
EK202310121845,145.4769618887362
EK202310248808,133.61384211919216
EK202310216603,132.37530713530012
EK202310106462,138.524211388181
EK202310186070,143.39370263361727
EK202310200271,126.37586984828958
EK202310222232,143.50157766274683
EK202310224303,135.99301441907113
EK202310108205,147.98422704473148
EK202310213223,150.20294727539053
EK202320007747,155.57000252348791
EK202310195798,153.98767805693006
EK202310172690,134.04042306200242
EK202310139602,148.6333508688621
EK202310124892,132.43452606718554
EK202310136630,133.35834010542183
EK202310133236,129.75536809188813
EK202310109780,152.66783089028058
EK202310139773,130.66073449410288
EK202310138601,141.0610105807835
EK202310192309,141.21724683215666
EK202310201720,136.71856554792498
EK202310246040,162.15433073737336
EK202320005733,172.7140170287588
EK202310119837,133.38618158074183
EK202310235139,141.467388683851
EK202310129171,140.39448807593115
EK202310204107,143.63911514939826
EK202310206346,162.6433600061872
EK202310126908,142.46022453132574
EK202310201951,131.53313697199434
EK202310185504,155.3409877059898
EK202310139015,148.30879620939527
EK202310164756,149.2679197693952
EK202310207001,147.4815532770981
EK202310217541,136.7351790735689
EK202310149840,128.2931567442009
EK202310218711,130.676904010319
EK202310133519,133.27590121475777
EK202310168888,154.85260423389778
EK202310209126,143.88171603719823
EK202310189031,144.2381642091053
EK202310217455,147.32400848721278
EK202310155271,138.9437220588831
EK202310215067,155.28255310518236
EK202310161595,129.6106523079955
EK202310120502,128.71394497209994
EK202310241869,157.87031961223045
EK202310103712,152.67601665041636
EK202310150266,176.1220800295142
EK202310119972,139.28347346027996
EK202310179290,136.2720879648927
EK202310192440,152.82911270857278
EK202310131793,151.37259274331936
EK202310109571,169.98558162086553
EK202310230188,161.38045964148603
EK202310119855,145.6795164463726
EK202310138704,166.24201701527693
EK202310118159,118.9440244969003
EK202310166249,145.17309465365392
EK202310187053,150.44087462488136
EK202310165742,159.3048735898237
EK202310183750,148.95889018910844
EK202310205405,148.2276395966756
EK202310131038,160.8544493765326
EK202310207627,149.10805855393085
EK202310220460,144.8687245154281
EK202310239483,148.01074393483634
EK202310141073,155.7339037237672
EK202310217239,115.75874202377321
EK202310146989,161.5201106899999
EK202310160800,121.89825459485948
EK202310190813,162.39791728904692
EK202320006164,158.95285276696285
EK202310143973,168.25424101031183
EK202310111799,144.81147593656132
EK202310208269,141.63778436187522
EK202310159828,164.08327373845535
EK202310113945,129.1482222677062
EK202310168361,144.84625071532258
EK202310176103,153.01569895015697
EK202310136310,138.07815430044812
EK202310200326,144.9670768177308
EK202310179044,142.95597315385805
EK202310197944,150.49782679920727
EK202310183295,175.70467685717523
EK202310240215,154.37803502404992
EK202310225695,123.54158798702355
EK202310138029,122.42227127717977
EK202310208987,146.322417452539
EK202310156602,174.16679533572025
EK202310239059,146.76184219181468
EK202310185901,147.17523986791852
EK202310200662,139.9465061739593
EK202310109920,132.30030402207709
EK202310188247,153.8072555915639
EK202310183201,142.9134803797485
EK202310104073,151.50085805317607
EK202310183040,142.48133863260324
EK202310200329,140.29851093000542
EK202310108982,148.75108679673306
EK202310214848,150.84825803796593
EK202310194212,132.056004424258
EK202310155460,166.46777109797782
EK202310179825,146.97916028967575
EK202310183614,152.20594111929947
EK202310233580,129.73701235225926
EK202310223060,131.92540148366845
EK202310110018,138.8247534637278
EK202310219086,152.98886601204057
EK202310210708,124.1311872449722
EK202310206894,147.80336392288783
EK202310176692,138.7392504673536
EK202310211237,133.10796620888124
EK202310216145,139.22883752516879
EK202310174790,151.13263629512969
EK202310130432,134.62509492744758
EK202310176912,140.29309803976935
EK202310239861,134.00410633897184
EK202310201821,143.9471608361758
EK202310194140,146.15360750773493
EK202310201014,135.90623082659383
EK202310211210,146.6669470051881
EK202310210215,141.1508721579997
EK202310109048,128.5905344575939
EK202310115364,155.55772252959977
EK202310125998,136.8570051181126
EK202310113308,123.68723168166258
EK202310166014,154.33781108342302
EK202310240961,130.12995742029327
EK202310192526,144.08482644441438
EK202310118614,136.23616955198338
EK202310208485,140.94724076888667
EK202310113185,127.67379428207
EK202310123009,135.59188595281412
EK202310131866,155.8217755340861
EK202310246596,140.74797849970705
EK202310144786,129.9193430418793
EK202310188069,162.3215064859575
EK202310161238,156.16554207606836
EK202310108065,140.2726373833541
EK202310176554,150.17623830118296
EK202310172801,158.55335367398567
EK202310231997,145.02492812147196
EK202310150544,137.449126602487
EK202310242116,140.85382578594204
EK202310228121,122.98982547362652
EK202310163938,149.84049554761526
EK202310208770,157.90037121707658
EK202310162906,132.43031058005937
EK202310171122,118.05231165138595
EK202310136574,132.5521261773731
EK202310168247,146.00343818572355
EK202310116653,140.72380506103232
EK202310225365,151.39227470623845
EK202310154568,140.13667532094246
EK202310144616,141.45429847497317
EK202310123329,140.90026180819515
EK202310184908,155.31359839024472
EK202310176975,146.78464622547088
EK202310244230,151.61192121125274
EK202310139801,162.6631990219787
EK202310140231,135.47308634776564
EK202310163109,134.48872997751346
EK202310133245,124.38706337382149
EK202310003719,136.50272485084486
EK202310128658,122.49700129198831
EK202310196514,149.94316238913012
EK202310136745,142.25857038202577
EK202310135739,131.81422091983876
EK202310167219,161.74136094714171
EK202310188340,153.96296885663625
EK202310233341,149.13588620618333
EK202310207484,141.53019224362853
EK202310145893,151.83795607055623
EK202310137850,137.3084795487215
EK202310228098,145.7157645179503
EK202310123631,155.44818836203885
EK202310233006,131.33205995977596
EK202310236781,140.93021021104724
EK202310184351,140.28276384096011
EK202310197215,149.808876008607
EK202310134606,135.69449469200595
EK202310124613,151.65296349386767
EK202310176760,130.2340232274941
EK202310181242,142.89721891601204
EK202310146018,130.1076572132852
EK202310118057,135.03297702340478
EK202310241929,135.1398867098798
EK202310134625,173.7700737117778
EK202310226675,148.78059137663737
EK202310200650,156.98743002448472
EK202310202459,135.1457315929887
EK202310165871,137.1033333175437
EK202310190177,137.39585543217092
EK202310221650,135.57852127768712
EK202310195755,145.34301661696765
EK202310128800,136.12290698208645
EK202310103775,153.1356021548692
EK202310117228,147.8362836705514
EK202310151800,141.5865901816906
EK202310210424,134.28390919959077
EK202310208507,143.78008960382925
EK202310003803,127.98516177314842
EK202310171322,153.01113909169877
EK202310168526,158.10769770582274
EK202310197721,143.9448688448378
EK202310238027,139.85669906341388
EK202310172276,137.2697693643448
EK202310124247,138.4554749308908
EK202310158194,155.29425284623693
EK202310167282,152.31876178755277
EK202310173439,151.52137059995235
EK202310125677,144.80004927995847
EK202310210177,138.30366979745887
EK202310238899,138.8137011080099
EK202310113985,145.46331374571025
EK202310209990,152.77681808463743
EK202310228124,141.52236361511933
EK202310104190,135.73105815046063
EK202310201389,118.17108515141751
EK202310123163,141.39027511264615
EK202310191131,164.6595125593568
EK202310203502,147.9469448975772
EK202310123878,143.38089564994596
EK202310247275,138.37785599716705
EK202310227023,132.05495364775467
EK202310175135,125.1429758665975
EK202310226835,142.3801706316969
EK202310109034,160.33009751612025
EK202310186583,157.88744599564527
EK202310107744,144.60849862861983
EK202310220042,126.95690884997461
EK202310202298,146.86667882565797
EK202310189344,157.85837495954513
EK202310148801,143.71499463566568
EK202310172716,139.24272452047472
EK202310179116,149.94980732508532
EK202310174016,130.76610417644852
EK202310108847,134.84710304119932
EK202310232003,139.1642729288038
EK202310126703,142.92660901815483
EK202310106477,141.57648970184673
EK202310123106,130.53955803057016
EK202310169334,175.61936949928258
EK202310231339,130.35082795762597
EK202310175772,141.76970580330064
EK202310196241,159.9694096272824
EK202310143871,149.6264080928878
EK202310142265,147.79486549211367
EK202310163563,130.22277301434005
EK202310244604,130.80177435025985
EK202310247610,141.92096790784151
EK202310116133,126.35533105084012
EK202310144893,119.47642152697412
EK202310138511,160.82119553224544
EK202310178199,155.73480181627244
EK202310238970,173.3051600402395
EK202310137277,153.02642012517884
EK202310195419,153.77753851383545
EK202310234603,136.95160187630526
EK202310137485,137.93952647245663
EK202310221268,118.94538449797798
EK202310166447,143.98124410773883
EK202310163342,128.09168099775184
EK202310160258,139.5518276977134
EK202320007173,153.8707133536506
EK202310166608,146.1676220770228
EK202310190777,138.21961138386257
EK202310228415,131.34398227578458
EK202310160470,129.54205705837649
EK202310199928,142.7906765227138
EK202310139397,136.66156583406675
EK202310103828,142.2940891381363
EK202310198546,160.00230193221375
EK202310168601,153.20635695683302
EK202310199500,149.02118209280354
EK202310130735,113.56315357606034
EK202310203344,149.60013314911072
EK202310149177,134.48908626110702
EK202320006908,167.11289826762197
EK202310182119,141.71168077026937
EK202310108526,150.42995567903955
EK202310123316,131.0307682016889
EK202310175509,143.01819365837684
EK202310115166,141.2062808065034
EK202310169504,148.6557436540119
EK202310191512,137.59830245818983
EK202310111425,144.80942957871022
EK202310192823,151.48731303821955
EK202310159703,145.71433954392194
EK202310110465,128.09028845223477
EK202310217003,133.7930954240339
EK202310187166,146.95407300950353
EK202310225739,145.408782862952
EK202310125501,132.03966691854222
EK202310118486,134.67018337311413
EK202310221279,132.0796384318791
EK202310194956,145.42395429476852
EK202310178722,132.66909904908505
EK202310182533,147.49262674165686
EK202310138053,144.96394636997007
EK202310231131,126.82567422918413
EK202310212157,134.51006458433662
EK202310125603,130.01340996271333
EK202310136248,151.7657450376562
EK202310115244,135.5061379720658
EK202310132254,138.94861744320443
EK202310178792,172.39878247309315
EK202310191023,153.7023806923731
EK202310162415,139.90898101563562
EK202310125102,136.81344241083792
EK202310208134,149.89134295089923
EK202310105586,138.40939688761165
EK202310213166,132.5979002900269
EK202310247801,141.58889540834903
EK202310247262,132.7580284815147
EK202310126467,134.9786974301005
EK202310176266,140.18921412927963
EK202310109933,150.59645907077316
EK202310161495,156.79408310689473
EK202310205248,140.80946092277017
EK202310224138,134.31069072175265
EK202310212586,140.283357736225
EK202310131904,132.65428880494113
EK202310120534,139.1583660148398
EK202310109184,159.04215439203173
EK202310198723,180.24806232352802
EK202310190770,153.66706499032918
EK202310114461,145.36687858534734
EK202310223578,128.6615383997371
EK202310133222,147.21490366974595
EK202310136866,145.05245918833927
EK202310176700,147.5955404130781
EK202310126084,133.8564604883281
EK202310196727,153.31425997742218
EK202310225009,135.92946860634797
EK202310207005,164.33871948316053
EK202310222794,139.54278860502293
EK202310171893,145.26093111821058
EK202310172296,123.771175718454
EK202310139698,170.7450661740088
EK202310128914,132.58882554230448
EK202310235545,145.7043192772943
EK202310109242,136.47744346578457
EK202310177486,137.0878668207752
EK202310199539,142.15431767491754
EK202310188301,155.8582214206907
EK202310201859,153.3851809865484
EK202310170159,146.4574279042672
EK202310148167,143.3467328020561
EK202310155933,159.6026586005333
EK202310149269,138.84545654024882
EK202310188885,131.38283048096727
EK202310109274,136.21944712856046
EK202310162745,153.03932049256625
EK202310146260,148.4902464764726
EK202310168090,121.60352543412671
EK202310219761,129.086418938904
EK202310230205,122.45534009666555
EK202310114523,131.57091126373436
EK202310201162,160.4574291353871
EK202310188350,156.07687396837173
EK202310178664,138.3430615928271
EK202310125253,145.29138555241207
EK202310194315,147.1780009166064
EK202310178855,148.03955585831304
EK202310114913,147.1899532318163
EK202310209479,154.7978274090088
EK202310207800,167.76444019412023
EK202310205487,130.07464997845491
EK202310168431,147.1818320306313
EK202310235593,149.16038560028792
EK202310235602,136.86346103078688
EK202320007124,169.86949556372906
EK202310207771,128.51789162619033
EK202310228788,135.56665131636203
EK202310227982,140.68470127316823
EK202310194813,158.2131481042054
EK202310241087,137.7067355464082
EK202310148405,141.78983947702025
EK202310140778,144.8494707817312
EK202310198551,140.63886028020022
EK202310120216,139.57860100988728
EK202310154323,146.38449849315654
EK202310158123,169.80556410399487
EK202310215528,146.37832543560148
EK202310237307,156.44144669946738
EK202310144499,165.99351187231125
EK202310200349,157.9672178248963
EK202310199428,156.00346805843762
EK202310205917,156.18476156731586
EK202310123848,131.65944081623502
EK202310171335,153.55565695550985
EK202310113026,143.68925856268885
EK202310227460,138.0889715451044
EK202310218273,157.4258867854831
EK202310211553,138.1371589088075
EK202310196786,147.68395468537963
EK202310237300,141.51986571680118
EK202310125146,137.4665863716788
EK202310118100,130.92352504534134
EK202310186326,138.05148126141125
EK202310128919,126.41571525742197
EK202310198759,132.73285243376023
EK202310236246,145.18135045676743
EK202310149187,170.49578279745137
EK202310182726,157.88575922216734
EK202310152601,141.04664977516876
EK202310220436,132.71434917863664
EK202310193514,155.7435935136487
EK202310246478,127.43860994919166
EK202310243128,153.7053662146243
EK202310127415,140.32908769215138
EK202310213162,141.4334084463775
EK202310137235,131.47311747024227
EK202310178654,146.04086696236322
EK202310118153,141.93960446985108
EK202310004571,134.80371706516715
EK202310151403,176.47018526044508
EK202310245278,149.91342180664637
EK202310143897,137.49488602831357
EK202310218277,137.28997008925268
EK202310162879,152.13720577688272
EK202310136599,142.09605458247452
EK202320006442,168.3135946504754
EK202320007344,148.2277079262676
EK202310189969,166.4376107831809
EK202310166949,180.90071248264286
EK202310114939,130.0808018491271
EK202310226036,150.503249832063
EK202310166986,134.3471714910748
EK202310217723,126.24162944996316
EK202310137499,160.1003051007299
EK202310132371,136.9523081108143
EK202310197508,146.2763211540517
EK202320006448,163.24862810599575
EK202310217287,131.6275761197881
EK202310210663,126.23168193882779
EK202310104277,141.1875905397089
EK202310200683,152.83870027961237
EK202310225623,149.39526587689159
EK202310207191,160.27039132010017
EK202310129539,116.94251587253063
EK202310128514,164.02062054508337
EK202310140966,134.41239314726727
EK202310129386,145.5444728134025
EK202310179691,129.829555902991
EK202310188920,138.864753224801
EK202310247484,140.93118890233578
EK202310193673,137.0568899207462
EK202310170091,128.06206833704624
EK202310172920,161.42092915946932
EK202310223477,145.73434858629602
EK202310171073,157.7195217151702
EK202310194158,138.33537036197276
EK202310207919,158.90482950368295
EK202310120306,139.99029555033115
EK202310207223,138.25831502952323
EK202310244280,140.51050962026616
EK202310106527,134.3646396443073
EK202310142859,161.52506425939336
EK202310168389,145.4664438436904
EK202310143594,128.7892578339131
EK202310167480,156.1541084759709
EK202310156995,137.57115903332038
EK202310119214,139.40622667988265
EK202310148853,138.69298244578235
EK202310217497,137.27811717247326
EK202310120366,137.86338810126168
EK202310217526,167.0948975138454
EK202310195002,142.16208212613947
EK202310169241,162.409937523841
EK202310159114,151.48397007883926
EK202310192176,137.95832994344207
EK202310159110,148.79488507209513
EK202310158664,140.46042165793594
EK202310192338,123.57243054340563
EK202310230524,127.05418266365501
EK202310210362,149.41634460750691
EK202310212895,152.55913933595545
EK202310193440,136.59882090263076
EK202320007869,150.8733240644238
EK202310167916,141.6854341365181
EK202310206630,149.29352711476875
EK202310157459,145.32389596125716
EK202310216902,153.2302187337707
EK202310198965,150.71955535964764
EK202310201874,140.66239802248367
EK202310117999,139.65031697640902
EK202310204212,152.9611632915921
EK202310183852,145.0075513357899
EK202310219321,142.62817562484756
EK202310235218,139.63635150301897
EK202310106655,134.55265233255471
EK202310109169,165.63191140330233
EK202310229525,129.64788520557042
EK202310234441,134.75793530123826
EK202310119016,150.76996162184486
EK202310003723,149.38911381260823
EK202310177973,137.50554255755893
EK202310143560,157.9138669890618
EK202310245405,151.91154602488447
EK202310123670,128.9645350831145
EK202310125143,151.92743585524343
EK202310162721,130.650534785277
EK202310121368,145.52598170625225
EK202310207810,166.15217878028784
EK202310110877,139.45607108510268
EK202310207642,146.39922408885053
EK202310236676,126.62771817089899
EK202310178731,156.35753805973854
EK202310166361,154.57110048825268
EK202310221798,157.2155369331334
EK202310177403,159.17739797893873
EK202310134022,142.44831801593855
EK202310167333,145.93836158738694
EK202310166210,150.84239812489056
EK202310110220,134.54962759178903
EK202310145795,150.1354423506221
EK202310164123,165.46046266324814
EK202310196621,161.2866962951891
EK202310120415,147.63228032247827
EK202310148912,149.64633033289957
EK202310179102,126.99213274340158
EK202310196322,132.32477457261743
EK202310157568,151.4104978750141
EK202310146998,136.8918279828174
EK202310223698,148.29360213951222
EK202310234532,138.03322134620126
EK202310138792,161.68619981883324
EK202310246869,118.01453957565641
EK202310126504,143.42649712262846
EK202310113606,150.81288936923656
EK202310131578,138.1263626528808
EK202310156389,141.59730319383917
EK202310138943,132.51666222133917
EK202310105288,158.1274295779461
EK202310188558,165.13155089595313
EK202310234995,133.25509679887227
EK202310181950,173.57879473273
EK202310157098,154.74606101879976
EK202310132543,130.07080081727702
EK202310174319,143.72167696120306
EK202310225811,136.27812051469726
EK202310157066,152.4550725073184
EK202310205138,143.09936174172935
EK202320007203,156.74517347308264
EK202310227039,146.35658604907547
EK202310106033,122.17412818568269
EK202310146183,152.0446055727913
EK202310226180,133.33128208215493
EK202310162385,140.95970743524944
EK202310235946,121.84785832003857
EK202310182408,145.94269279333665
EK202310155735,154.85160929979568
EK202310190520,151.76464326560762
EK202310146058,141.46550767864284
EK202310202633,152.79063932666932
EK202310196099,159.84648422643014
EK202310129632,145.3367749661721
EK202310138166,127.29161203443527
EK202310148720,146.58472850019177
EK202310145781,148.0057352117774
EK202310140364,140.2130547569413
EK202310152526,120.98768857454708
EK202310109041,130.75868267578824
EK202310239518,151.28227358472128
EK202310187894,129.21787804394754
EK202310140674,152.4758445191319
EK202310133919,134.39774667923874
EK202310183378,149.43757551264193
EK202310232538,135.98072207345254
EK202310203159,142.63314540599572
EK202310114364,138.33003928893024
EK202310165382,152.70563182258658
EK202310212412,133.424299342577
EK202310106291,128.55775886288941
EK202310136964,149.67269455919944
EK202310114872,145.03872984300708
EK202310211044,138.3754096960319
EK202310196962,152.1154493506638
EK202310229743,146.37320578783988
EK202310180091,123.83952484869285
EK202310113899,151.94882106449626
EK202310238528,153.7211035275525
EK202310167500,147.20449373659366
EK202310184018,149.68323343824966
EK202310194972,146.0276970335311
EK202310120304,140.51725687677663
EK202310142049,125.03032836599523
EK202310178765,173.7343234835811
EK202310182864,128.22836604084682
EK202310192331,148.0465134376859
EK202310164774,144.4606830922201
EK202310156817,166.42389031714026
EK202310237151,150.49965769671888
EK202310234802,135.1454723540283
EK202310210106,155.3441265821786
EK202310195014,140.79777075195244
EK202310147893,156.8901746286059
EK202310113010,134.73412971863854
EK202310183485,146.83889981207577
EK202310123549,141.8685621712526
EK202310215820,130.60053448074459
EK202310174861,140.1752412914973
EK202310170243,125.61491313279889
EK202310139779,128.30813630012207
EK202310226387,141.0658504936745
EK202310126951,128.83338799459509
EK202310122461,120.30935623394834
EK202310137617,148.83727775374305
EK202310232607,150.67748012019268
EK202310188917,149.37126056027836
EK202310230010,122.63819667420793
EK202320007620,148.27720693524282
EK202310179514,127.50088614081574
EK202310200726,130.1114176888777
EK202310145542,132.42400463220307
EK202310140934,160.3169824841876
EK202310141993,134.98890621061085
EK202310202052,133.1333981710435
EK202310206128,145.4640544627683
EK202310129191,162.4404795135207
EK202310132531,137.05339001389726
EK202310145895,146.65870552747342
EK202310150717,156.85431406639387
EK202310238478,136.88592760654095
EK202310215961,147.2348277844646
EK202310140355,153.43568121454678
EK202310107109,135.75752423976982
EK202310245704,128.25981857460664
EK202310140078,141.67812190049088
EK202310201205,159.54365482396037
EK202310105811,129.13271147081818
EK202310213056,147.93156196860087
EK202310218710,143.07439945153766
EK202310212505,144.2819590093357
EK202310222413,129.43429400598433
EK202310172293,135.8811356816247
EK202310109647,128.56075533976764
EK202310188891,145.1022765204744
EK202310137965,143.07998132701462
EK202310107117,136.2946992094033
EK202310207869,140.16780578117022
EK202310169495,156.4633656758293
EK202310114538,153.4902890192893
EK202310165920,120.30968624430955
EK202310130807,140.93728379705553
EK202310170628,144.00874091930478
EK202310117370,133.22378586412893
EK202310239420,143.1452345716931
EK202310108908,139.55465268983195
EK202310124380,130.36453346228137
EK202310114384,146.83225101103122
EK202310176015,168.03894598151516
EK202310213032,134.7813501440906
EK202310191795,138.86835762218988
EK202310203571,147.40180241205442
EK202310138185,127.15688881249429
EK202310182667,145.3879915093098
EK202310178540,161.3790358598982
EK202310173419,147.33489686181608
EK202310171759,140.02036559145844
EK202310230057,146.69706930146623
EK202310239289,136.76689622122166
EK202310203690,159.4182810464117
EK202310109021,139.11627090239853
EK202310126805,154.90426162358364
EK202310213809,128.71416595955117
EK202310174863,166.8325879478925
EK202310221636,134.62913391390012
EK202310171548,125.73533371244326
EK202310194319,153.27464889805418
EK202310233853,165.98584138969915
EK202310158671,158.56813409590188
EK202310230596,128.7704859418392
EK202310221893,123.54216704701933
EK202310227172,143.941173769328
EK202310231306,133.47523222431576
EK202310158074,138.04630013400532
EK202310104860,155.2885464972244
EK202310216640,144.39030287526285
EK202310200103,143.1950405189075
EK202310141785,134.7510100436944
EK202310145978,120.14504911403665
EK202310004077,168.0300496755173
EK202310133888,147.785690892272
EK202310125723,142.15405828062723
EK202310136090,173.66806132593828
EK202310246571,134.3392768006118
EK202310243027,131.97130629619744
EK202310109649,147.25846418947503
EK202310176461,130.04624445442258
EK202310122952,147.49086356284658
EK202310243326,142.90252180126774
EK202310135058,170.8965431599329
EK202310200094,135.90476165089132
EK202310146558,127.12324645819245
EK202310121295,142.65801045889705
EK202310214783,159.72016680171126
EK202310172681,126.53063041408562
EK202310241971,126.68451830927258
EK202310188843,149.2690791928501
EK202310136447,143.06687773166647
EK202310231662,136.63957680363262
EK202310157790,145.29261114987358
EK202310120107,162.076493580202
EK202310225152,155.91629911728685
EK202310200264,162.91922240002444
EK202310134521,139.2008800452085
EK202310173584,143.24333089597846
EK202310196666,143.13248630676173
EK202310164106,119.52401412333418
EK202310138379,156.67963153960727
EK202310228204,127.07646146003664
EK202310125152,159.16496019747615
EK202310216720,142.9316487965733
EK202310228063,146.18455465634852
EK202310169786,146.82087720650128
EK202310176342,149.9702072823611
EK202310163187,153.7950124812489
EK202310124025,155.27377072308965
EK202310171872,152.07065584745882
EK202310137265,136.3633316089908
EK202310209292,149.69025045840937
EK202310137925,128.55880952652942
EK202310199295,137.8545120105171
EK202310152826,168.73383748464278
EK202310104368,114.99072517832249
EK202310187730,138.8997156209242
EK202310181862,148.21984045361415
EK202310165938,137.98938577652456
EK202310183431,152.17722017512816
EK202310236615,136.24602221003607
EK202310189593,127.44672416048383
EK202310221069,141.78822403300603
EK202310205373,148.50186720628432
EK202310142031,151.78024792872657
EK202310128716,142.90033947868864
EK202310202961,160.42849051257804
EK202310205295,136.34337558600313
EK202310116568,131.05410550294525
EK202310209928,141.88267357780708
EK202320005639,151.46079716511895
EK202310133603,169.5552932421481
EK202310196192,176.97675778127103
EK202310133688,161.67496318099367
EK202310107855,150.96158077297957
EK202310138935,150.28672736614126
EK202310204089,148.04041812700416
EK202310219313,144.82351178705406
EK202310189726,131.686564618784
EK202310152282,150.46925488337388
EK202310180251,141.40092640273053
EK202310165981,154.81782332945065
EK202310137451,129.77148285557797
EK202310126122,146.00829591244502
EK202310243998,127.64686480586911
EK202310184231,153.97507730517486
EK202310228417,138.16567509057964
EK202310241091,133.770500007183
EK202310190393,155.33124543811752
EK202310211537,134.95297385853118
EK202310147678,136.19528841299893
EK202310242270,140.9300684861864
EK202310149069,159.34462701573028
EK202310163921,151.33553646940177
EK202310133083,125.85656523906748
EK202310224140,148.4580403344699
EK202310152867,142.13495873641384
EK202310203736,121.17329507280655
EK202310165596,135.81225751814904
EK202310214453,138.4836468018067
EK202310164740,144.28107679457065
EK202310214137,176.12932922558608
EK202310146679,145.80608058299904
EK202310104097,134.36047307163767
EK202310200834,156.15633513563597
EK202310163017,147.89142867298094
EK202310165977,150.65105863309117
EK202310243475,135.3275053035926
EK202310241365,159.99275340424182
EK202310244319,155.585113585233
EK202310120396,139.08296057558695
EK202310241624,141.15205836415316
EK202310198761,179.02996987719834
EK202310150943,138.31881376374642
EK202310248679,145.92002376806514
EK202310215685,151.58652425089147
EK202310104356,137.46279557078682
EK202310206239,127.74339340049205
EK202310157180,121.74661135252487
EK202310131514,142.09162300802987
EK202310244801,158.04517419822147
EK202310116569,136.3410580235719
EK202310123027,132.12365830968218
EK202310223311,141.68935160086258
EK202310174904,140.7763863879281
EK202310133194,154.01719918082568
EK202310184130,134.13904827954374
EK202310194455,155.3736961577611
EK202310106381,143.49956524915595
EK202310227001,144.07609716121505
EK202310153912,141.9356452290709
EK202310193865,131.31202492339608
EK202310232459,126.98223699779221
EK202310198400,130.9899701791633
EK202310182607,146.67512657069264
EK202310225129,134.0942754220757
EK202310197516,141.22668978592262
EK202310131801,167.2287938191058
EK202310212554,154.6280515839459
EK202310227543,143.12760795756796
EK202310130530,138.4352057032656
EK202310193825,152.9754418906429
EK202310211045,150.55588356518896
EK202310129373,154.05730691827998
EK202310147392,142.20890541987853
EK202310187904,159.52080596951743
EK202310208503,135.50589599903122
EK202310110837,145.2754736013486
EK202310229225,130.68679720979793
EK202310164336,136.8498154857484
EK202310195313,152.73627300331364
EK202320006926,155.01003184237888
EK202310174594,131.7274377545158
EK202310187599,157.00104257286287
EK202310198391,135.41742878659318
EK202310224871,137.7854947641414
EK202310128469,136.37684772838142
EK202310108118,144.9646332605536
EK202310164855,132.34861315289305
EK202310157619,155.35850767411287
EK202310212148,130.92898519218116
EK202310241888,150.33166953700965
EK202310200720,158.22003344253207
EK202310178703,166.69044881043487
EK202310208199,142.6155023736332
EK202310200707,148.95686313300038
EK202310222186,154.10684882623306
EK202310235687,146.73319962624822
EK202310169723,153.84444883272377
EK202310242395,150.8794184998276
EK202310202866,156.04258245049394
EK202310137258,132.07153346022332
EK202310209819,150.68028032569555
EK202310111291,141.04081795098384
EK202310210190,137.51164851452808
EK202310181968,150.88448442933947
EK202310173847,141.56457771511367
EK202310170341,131.36609587708637
EK202310112839,146.95146685735747
EK202310207240,143.0932255079654
EK202310122514,132.037734352224
EK202310190722,134.47824641911947
EK202310186422,139.46897532778365
EK202310154379,168.04059962195575
EK202310245323,149.70308279746706
EK202310122299,135.66127075853072
EK202310125100,135.74844268780495
EK202310118253,130.1047194307246
EK202310238969,147.55914161794834
EK202310168188,163.30048909590357
EK202310160206,157.13682722358922
EK202310222871,149.82456564890657
EK202310209611,143.17501184472061
EK202310212974,141.59348248867272
EK202310128407,130.9833406770281
EK202310222412,130.15035418198235
EK202310200939,131.6249035157262
EK202310003959,121.96648201652013
EK202310190302,156.09614102670037
EK202310186405,172.71841138623273
EK202310138957,132.10212148415934
EK202310105023,122.9754403757854
EK202310236632,122.81403724746175
EK202310162662,152.4691755940413
EK202310198218,154.79930508784923
EK202310186500,139.39083795192477
EK202310138863,144.6331205809766
EK202310241224,152.72578101685733
EK202310171644,148.22300100370077
EK202310239875,134.4881584651803
EK202310187156,155.04936548804707
EK202310174507,146.5913571701455
EK202310139245,157.52661471507733
EK202310161355,151.63698666847824
EK202310131302,132.3872188660134
EK202310106366,139.96594950682845
EK202310180236,160.80660917726638
EK202310146739,137.73715073976828
EK202310122526,135.6065477101361
EK202310171449,122.06047043752027
EK202310158382,148.46123097294728
EK202310003648,139.25879871043293
EK202310203626,124.28704912081128
EK202310105539,120.22020554712208
EK202310172856,150.42960499606042
EK202310247114,163.24022119206472
EK202310169299,163.29569721878048
EK202310216048,158.43876490875792
EK202320007664,149.03144457332144
EK202310106821,134.12948359547
EK202310201424,130.76288556649757
EK202310177794,146.54534490283407
EK202310225174,137.82717165722195
EK202310236955,124.09711776004464
EK202310216158,125.49172958090452
EK202310176370,135.26947966965534
EK202310139805,123.2780558728206
EK202310129688,133.28676228481385
EK202310114179,141.99432337964
EK202310004734,142.90019886084704
EK202310153706,169.9161734117571
EK202310159985,137.52689101009793
EK202310207436,162.20432352689448
EK202310172357,146.75590442282527
EK202310137540,143.77859323443786
EK202310246082,135.20270329287806
EK202310231504,122.86178674311083
EK202310180342,167.31612981166478
EK202310149538,147.37547795153355
EK202310236300,139.58352083056351
EK202310184866,147.9717473458669
EK202310236107,147.67212480029144
EK202310177453,132.84010425990297
EK202310171178,147.78485033971964
EK202310146756,135.71542763546034
EK202310147896,152.34525898937684
EK202310167599,150.56353532458039
EK202310165277,127.93362784262963
EK202310213182,154.5115194555169
EK202310231983,135.84463618111243
EK202310119961,135.07015659969744
EK202310168921,145.90237687603286
EK202310152986,141.00587418588776
EK202310222123,137.6887543653473
EK202310165121,135.11196549949904
EK202320006143,160.00265453189974
EK202310136406,140.60087148131586
EK202310113171,148.3838689693137
EK202310178750,167.39050276452636
EK202310184720,139.65962643428264
EK202310135947,133.59734841227638
EK202310106555,146.18785223507498
EK202310147773,143.04226513944442
EK202310166654,133.2972143969317
EK202310231220,132.69455487577125
EK202310179554,149.01886278645097
EK202310121805,128.4286706361334
EK202310221539,136.02066134552211
EK202310109095,136.0629306157842
EK202310228094,155.12468926110654
EK202310128632,132.84743236061524
EK202310168239,157.82347232167118
EK202310229923,144.79333972300736
EK202310182545,152.7343077779341
EK202310111819,144.85166970712544
EK202320007299,161.76303316877716
EK202310113423,125.19891592178358
EK202310141017,151.49742522557557
EK202310236316,139.3417129932529
EK202310108216,141.467036233925
EK202310192703,154.73238110839154
EK202310123050,127.3466840531683
EK202310221659,131.89098841440628
EK202310195354,159.6541534861939
EK202310218205,150.7000372950933
EK202310142204,144.00287641139428
EK202310169069,147.44396223902038
EK202310110164,127.76358097967706
EK202310242272,133.7617853873278
EK202310171541,167.79154789009996
EK202310164252,166.18900790521175
EK202310230378,122.71350623383142
EK202310162807,147.7723567700621
EK202310125970,150.3053986654085
EK202310232037,134.7789478741251
EK202310179302,144.0501478794816
EK202310113416,135.32492479128408
EK202310120907,135.32269046691056
EK202310131914,127.0011565777537
EK202310246477,157.7968096255809
EK202310210578,132.04099132189825
EK202310224656,157.7368294789188
EK202310134643,132.7727524477098
EK202310165344,145.4380621627083
EK202310128094,142.94342912095178
EK202310212344,145.06802044293184
EK202310163429,122.9820766252023
EK202310142109,135.02245476815415
EK202310148011,154.6346469892592
EK202310177720,131.3247052012631
EK202310130679,153.33270927070754
EK202310128185,169.75352484457767
EK202310157906,144.40237725227817
EK202310219715,140.388959396426
EK202310107586,119.61467233769459
EK202310236962,134.6917951186262
EK202310133594,168.25072548494433
EK202310124136,140.0342834587933
EK202310147276,150.6096360970693
EK202310209860,160.44149757802865
EK202310170014,137.45449370287295
EK202310125838,131.8991954545734
EK202310176810,138.39812531093497
EK202310104451,151.2220997676328
EK202310181648,157.171745864041
EK202310148857,139.700045078605
EK202310161540,176.07256722770768
EK202310109347,144.5630290390944
EK202310143168,147.29979602073408
EK202310182799,145.39359365137688
EK202310183847,143.88895161263324
EK202310231882,143.91225945160195
EK202310236483,111.41725140073116
EK202320007850,148.08263795916625
EK202310171115,117.5992944543952
EK202310138799,147.23331696592504
EK202310229790,146.4391899412714
EK202310120135,138.0464611410518
EK202310165362,153.62332278459368
EK202310160759,141.04570142593107
EK202310128908,153.23599484404608
EK202310126950,139.27369119197988
EK202310210878,138.19274066547405
EK202310144127,130.28372300081026
EK202310103769,146.70951851193493
EK202310224658,150.20676698655177
EK202310158660,148.71372017000863
EK202310115044,143.40548521029538
EK202310225928,135.38812145181336
EK202310131183,149.64393064523668
EK202310191329,126.85281457687313
EK202310247806,149.1402449459783
EK202310128359,132.40653941820608
EK202310158015,135.59156947215953
EK202310216742,143.04180141502573
EK202310180156,114.76391356662596
EK202310156742,165.38456935381947
EK202310206889,144.92534651174566
EK202310141595,147.8019842586673
EK202310213331,143.63883399787727
EK202310110177,129.3907469479377
EK202310177752,160.6682661798753
EK202310143528,139.07344181262053
EK202310121245,130.671796448428
EK202310121730,141.92346325772402
EK202310166696,163.60223548417125
EK202310139416,128.2977573118228
EK202310137350,152.20052598924366
EK202310173056,135.69807630189135
EK202310183242,148.0209764152665
EK202310181856,131.54736215521598
EK202310187043,149.6434045522103
EK202310146563,127.65027059753108
EK202310210145,146.70682032573595
EK202310149292,149.89685297225938
EK202310219306,140.50827262858292
EK202310180670,142.526658402011
EK202310154730,140.0937446376911
EK202310220947,134.26053000406873
EK202310202735,143.8892355724988
EK202310123527,127.80052043947003
EK202310120644,136.725700868393
EK202310129017,160.84245962751797
EK202310162431,163.9227516153408
EK202310150024,145.37538625524118
EK202310237610,136.53451804539745
EK202310228863,141.4646318639161
EK202310114239,145.54595612948614
EK202310111704,144.68873276409656
EK202310175377,129.51802032770436
EK202310128857,136.34215628832854
EK202310141561,142.26902743752942
EK202310133921,133.16378322628645
EK202310143422,132.77294993382566
EK202310222897,130.00723657303254
EK202310127138,146.79536293499032
EK202310185976,142.8864579664075
EK202310118702,151.24560159112707
EK202310112998,153.10609763670246
EK202310134460,161.85332577218009
EK202310198419,145.29868565592224
EK202310116533,135.2730791363465
EK202310152035,149.84876186372438
EK202310186167,144.39242238871932
EK202310174777,139.4534794528278
EK202310241957,145.37274664468939
EK202310194759,146.38143028680523
EK202310209627,142.83414304099287
EK202310110386,143.72712995290567
EK202310183168,127.58367434584632
EK202310230042,147.92558815050128
EK202310173070,142.31379954771788
EK202310118014,144.15011006197707
EK202310201071,124.33352601644772
EK202310151104,112.3961905566295
EK202310150451,147.72857702606143
EK202310185662,167.09160119089242
EK202310152420,147.8271930416837
EK202310004807,138.72794356285533
EK202310123731,140.11378698838863
EK202320007290,157.2133098513181
EK202310159273,157.13928708845367
EK202310241776,145.93478272707884
EK202310240911,132.5099384081587
EK202310128834,139.92613183586874
EK202310128400,142.76312380366102
EK202310233118,156.88463129939012
EK202310234404,133.63707062803954
EK202310158169,163.07522512844818
EK202310168826,132.8585826921055
EK202310223636,160.83458893992042
EK202310228740,166.67305478629973
EK202310115835,137.43618432322552
EK202310131407,124.62224676315203
EK202310150935,142.2765648658975
EK202310225345,161.66198053463367
EK202310146990,155.73898083427645
EK202310227539,145.5668471534363
EK202310145038,123.94808993057549
EK202310134905,146.1051214080353
EK202310176247,150.03897175127264
EK202310238587,151.1438359703781
EK202310208338,140.0321800221646
EK202310202600,151.43165177558825
EK202310244941,143.26869546818125
EK202310121341,156.8113369243898
EK202310142598,173.58838311785863
EK202310198678,142.37028139462944
EK202310243034,140.83303726320753
EK202310188200,148.44909312096064
EK202310248513,119.5271122721274
EK202310247587,138.7933214981395
EK202310175167,136.3717359649343
EK202310248135,143.04764873478987
EK202310116341,148.3062474889438
EK202310187249,159.69166644596226
EK202310117946,148.1574484578175
EK202310120013,134.9079565542605
EK202310168464,137.3523708139292
EK202310188127,135.77461918959048
EK202310234954,140.1502209185524
EK202310240694,154.80226509537212
EK202310156774,145.88602539586836
EK202310242931,142.30204863957005
EK202310120909,138.80568534817886
EK202310213600,133.26340946596952
EK202310185790,145.97387360592768
EK202310189010,138.06891331710352
EK202310198849,127.40509323955055
EK202310110578,145.89473777990636
EK202310197754,152.6779986436366
EK202310224146,129.54551032865348
EK202310174258,134.19904475796514
EK202310190295,137.45693332390206
EK202310215366,140.8194254619476
EK202310236141,142.455777725035
EK202310235081,145.71637116527128
EK202310113404,136.03819562691575
EK202310147836,170.6303731340079
EK202310119847,148.29574778227766
EK202320006154,163.69557453496742
EK202310181606,144.36258487055056
EK202310108458,152.17613762996737
EK202310191692,158.78227909428455
EK202310137028,137.8097920196474
EK202310186568,156.0170556553542
EK202310193659,147.03421084444005
EK202310201443,141.6075450754245
EK202310171284,153.51618197639866
EK202310162022,144.28425084373453
EK202310124310,139.15600354368215
EK202310150577,137.1019931422779
EK202310180293,166.13732977180103
EK202310233601,152.5166270340318
EK202310218244,141.42136147220535
EK202310147274,146.4766677144365
EK202310144827,145.23499801050082
EK202310188705,129.19256202996792
EK202310171879,141.97371198638047
EK202310004380,154.15835098463518
EK202310124117,140.37368615300954
EK202310139515,157.34730552899407
EK202310223076,144.4333671549764
EK202310189237,140.21569135983424
EK202310158900,155.49074145759886
EK202310172965,136.37051000695467
EK202310133331,149.61606636782736
EK202310139550,133.09512986026837
EK202310182260,137.87513713505425
EK202310240459,133.3891956782503
EK202310129723,167.43420703293623
EK202310140428,131.43560330895218
EK202310116169,130.62171412503108
EK202310121335,129.8382327476934
EK202310154424,134.25468667213093
EK202310171495,154.7524380732502
EK202310230777,132.3483683976522
EK202310207460,144.496083433368
EK202310194955,132.39026989096072
EK202310233382,134.5839189783058
EK202310126476,147.13375281693493
EK202310112541,130.67556667890952
EK202310211941,156.53018801424182
EK202310160649,144.48413434151703
EK202310147152,144.3601512442634
EK202310226978,146.03561938174633
EK202310156779,138.12770941297677
EK202310160400,160.63800859077284
EK202310113592,127.05367132361751
EK202310173652,150.71256743929834
EK202310159519,137.816220654606
EK202310124262,133.87972425039135
EK202310205506,135.00121878700406
EK202310219097,155.2397550472853
EK202310226057,132.0562200403289
EK202310153736,127.57820839713133
EK202310180775,127.94776321997307
EK202310169348,164.1597629438003
EK202310131502,147.09406714682174
EK202310121729,113.10217936174888
EK202310159565,147.7026331426693
EK202310204448,136.540908872729
EK202310153462,146.07617166223298
EK202310144316,137.85754218419342
EK202310135075,171.38657783698605
EK202310221375,145.37298758541357
EK202310163745,159.93165987293045
EK202310128307,154.5386309484743
EK202310117545,169.76078838226684
EK202310135049,173.57145777505502
EK202310168241,154.02675482394147
EK202310212910,139.80727188662777
EK202310201819,155.639600661555
EK202310159317,156.36461867410583
EK202310205644,136.5720707489461
EK202310154083,134.9900498167282
EK202310229522,137.95659457016967
EK202310110884,157.09915992522699
EK202310157913,134.5474839854689
EK202310178487,171.87859970506867
EK202310159316,156.30325840357554
EK202310109379,150.61334567799094
EK202310188031,122.78830435236773
EK202310198040,155.74479708635755
EK202310175083,155.80114286402315
EK202310155364,138.66465066999663
EK202310204163,148.7326533773132
EK202310199502,139.91905920838573
EK202310204489,156.49585419634195
EK202310179081,138.721984838743
EK202310233796,123.70977155315911
EK202310166659,152.2974365067966
EK202310160108,145.37977681936277
EK202310189609,152.8877246450447
EK202310104591,146.48255637432865
EK202310241388,127.38426519015637
EK202310141772,143.16014246760815
EK202310193970,140.0077873238631
EK202310115247,129.69714881482756
EK202310205518,147.8054493255752
EK202310169284,137.52719790485216
EK202310148744,147.79809925783195
EK202310190361,135.72714355921823
EK202310174521,169.19243646680047
EK202320005722,168.25410281124425
EK202310223637,144.4922618386155
EK202310206779,144.2368358108503
EK202310205588,148.2541504242484
EK202310173304,145.31463189810432
EK202310168176,149.83639078292956
EK202310213786,146.33074476513747
EK202310193979,154.29567537773195
EK202310126924,123.99960287367625
EK202310130529,143.5130044027256
EK202310119471,137.05487671345887
EK202310196749,139.82467405128972
EK202310113250,156.4169087252097
EK202310155906,139.1589479364325
EK202310105766,124.18278617507418
EK202310201584,159.33026238855626
EK202310106175,134.1651805362372
EK202310178826,159.61853916046007
EK202310184322,132.02765417394298
EK202310106188,129.8776648843376
EK202310124482,134.65880800437978
EK202310186934,135.4270930726758
EK202310190559,146.98316159425374
EK202310247940,128.53641056448873
EK202310161261,150.26209796805324
EK202310167492,131.5629662806951
EK202310117822,132.1177863461203
EK202310185255,146.80773470360103
EK202310209656,127.12327018155345
EK202310161945,148.5981771989139
EK202310214665,153.91724830958654
EK202310146073,143.71827643422387
EK202310160721,165.42235582766693
EK202310245095,148.50111708539342
EK202310239697,145.2013113036132
EK202310196401,152.57102276898115
EK202310245200,149.40511533249332
EK202310151874,165.68764152982382
EK202310127590,155.66360581971415
EK202310172784,121.3169270930272
EK202310217741,143.3247173202463
EK202310118696,148.5690410072652
EK202310175680,155.5051666204024
EK202310248407,131.35208111036533
EK202310116779,134.62735707235834
EK202310230914,134.47590027372388
EK202310121682,141.70053783934284
EK202310124137,135.77631438488504
EK202310138758,134.6312984487675
EK202310115217,162.00805036897395
EK202310165227,136.8603196475477
EK202310198606,147.8534992166918
EK202310139887,141.0903582821451
EK202310235696,135.54189858678023
EK202310140862,140.58130045770667
EK202310245296,146.0454630721456
EK202310178643,150.41370205613202
EK202310109769,134.13932151444226
EK202310168383,134.21610925909482
EK202310173293,145.00936744513226
EK202310199278,157.4670444514634
EK202310188364,174.17240749601095
EK202310226539,127.33119831516382
EK202310104626,149.13572915518026
EK202310113611,147.3135206872731
EK202310155381,123.884224278837
EK202310207381,160.79265149496032
EK202310232919,152.9457656627398
EK202310239683,141.1665503577619
EK202310131225,129.00157490620754
EK202310173001,138.81033957718475
EK202310194749,132.81619309504114
EK202310103766,135.24185847622238
EK202310173848,144.27959494942598
EK202310134143,129.50910881956204
EK202310233093,146.12656574020102
EK202310184337,149.191092396335
EK202310129410,141.57428765661518
EK202310118391,124.8379578179994
EK202310222008,135.56033090783362
EK202310172498,126.9479801271586
EK202310187928,141.8205729379197
EK202310159483,122.53277253787509
EK202310110871,151.17564020081232
EK202310146779,140.5608401977644
EK202310155616,132.08144322886884
EK202310137460,145.23975894803303
EK202310209877,132.58647920732145
EK202310140666,145.75040495433535
EK202310122918,146.3819383236886
EK202310170046,145.703820563429
EK202310143434,150.96314547897896
EK202310140495,142.78785963843802
EK202310174705,165.46519061251803
EK202310228168,143.85847127373717
EK202310127824,142.20224275461436
EK202310235975,129.45300200532913
EK202310190602,142.49800054694305
EK202310106408,131.651284155021
EK202310233717,145.263609143154
EK202310203927,143.46015313076305
EK202310106512,131.6389480750016
EK202310208972,146.0416317539972
EK202310156588,160.72352927966745
EK202310242168,140.59646185581389
EK202310123091,141.70787541858584
EK202310199389,148.7418495019465
EK202310154978,139.89221805490808
EK202310158716,132.5788815950035
EK202310159396,150.18564539746234
EK202320005678,167.60755444389733
EK202310110183,119.6219132192276
EK202310225959,135.28617561448334
EK202310225303,132.3060358084175
EK202310108877,145.74821891796032
EK202310237629,146.22189361231892
EK202310211593,118.96677773287202
EK202310151540,161.48318800998945
EK202310149041,147.3402762145425
EK202310147417,155.89784288865835
EK202310229267,129.31550514782904
EK202310194169,128.04258697477135
EK202310130855,141.1753729119948
EK202310218381,142.5449536583146
EK202310131759,151.24238600030748
EK202310159130,168.2312284125161
EK202310181380,145.7368193004607
EK202310154840,155.0639828586447
EK202310155113,147.51351082610535
EK202310190213,125.55881376210472
EK202310125761,157.16208005594757
EK202310228436,149.3684035695864
EK202310245583,146.45332406959255
EK202310138440,154.01811687113687
EK202310153292,133.13878352097024
EK202310114994,124.77112682132707
EK202310172366,145.09367974510846
EK202310124479,142.53543963815156
EK202310184003,169.98231161409072
EK202310179734,132.47126767421025
EK202310185315,142.58158844526105
EK202310247954,153.26601382969386
EK202310146620,145.21029451378396
EK202310171244,162.01944295042296
EK202310134666,148.88595075208613
EK202310220005,146.238692410965
EK202310156110,140.65384177307084
EK202310207825,170.49872159953492
EK202310168883,144.24008515921514
EK202310136483,129.34523272554384
EK202310196952,167.8889802939412
EK202310196373,131.6026433375661
EK202310118816,133.16455851568807
EK202310165110,142.1195440886635
EK202310142607,160.29125431740692
EK202310168946,136.04363877386876
EK202310105295,150.2101445997918
EK202310106334,128.99757997554988
EK202310105612,139.00429745568272
EK202310119938,144.75974330702894
EK202310192361,160.7044301558545
EK202310195020,147.72838491901544
EK202310129686,137.21492458580366
EK202320005926,172.05735217937234
EK202310210500,135.2285428360845
EK202310139090,147.41222796507554
EK202310138528,152.50096990503334
EK202310201466,134.05418485788545
EK202310230750,133.28203151076724
EK202310148719,136.9777796170855
EK202310150803,137.54803098768198
EK202310216988,146.38322882779843
EK202310111431,127.85565396876241
EK202310185972,146.03048561837372
EK202310195667,162.41385964670445
EK202310140854,155.1313995075889
EK202310210882,145.89564076679125
EK202310233837,130.69541192070392
EK202320006073,171.54686454519788
EK202310196309,157.19700205355227
EK202310206916,154.27022999767428
EK202310226122,138.43006706815464
EK202320006289,165.0954892215332
EK202310226436,143.63095706663603
EK202310169442,153.2619937539415
EK202310241543,136.70525531341815
EK202310217591,131.84567425986657
EK202310140276,128.33806842543396
EK202320007784,143.17864046529516
EK202310149529,143.25554941231215
EK202320007633,144.43458861278086
EK202310119859,141.82121048857795
EK202310230599,120.32491487335238
EK202310140256,127.86957246814906
EK202310155491,132.5541147880174
EK202310132167,158.97801675989385
EK202310224240,164.20599532325315
EK202310110704,132.72160211591077
EK202310140659,115.06292966846769
EK202310209654,144.6854676519774
EK202310210751,136.18230225551247
EK202310114252,136.90793878505534
EK202310131050,135.6189746749497
EK202310176400,134.29066877199006
EK202310225146,136.89191529806774
EK202310218218,140.86812268200845
EK202310199879,147.4580775965862
EK202310233661,135.78345144783256
EK202310225646,115.0416556573331
EK202310141379,140.40147126940258
EK202320006182,147.30988765915967
EK202310173692,123.3439672830232
EK202310177607,139.38611352020808
EK202310233946,134.1536733587282
EK202310126324,126.5934640459718
EK202310191584,146.36716917439037
EK202310162051,151.4848900965161
EK202310217086,141.22111144530768
EK202310175283,128.3343716659938
EK202310161464,164.9492790908557
EK202310175429,151.538343266204
EK202310162548,159.15876300137595
EK202310124184,129.5620627846329
EK202310175929,154.9752154922866
EK202310162414,141.2543849718804
EK202310243129,118.69846708686764
EK202310157428,169.57779676287913
EK202310155573,138.5347234701622
EK202310163052,140.79746438688585
EK202310206064,146.86263914224307
EK202310248323,136.91958596944386
EK202310168056,172.01889626396644
EK202310128927,160.1554549045576
EK202310139485,154.8999240114289
EK202310242735,132.46978605725963
EK202310134082,124.87109469070373
EK202310104455,124.93392884631986
EK202310159631,152.02508913824323
EK202310212803,145.57151507975658
EK202310104486,146.313591668672
EK202310194508,131.4631522663634
EK202310147608,154.57508076854154
EK202310150343,137.36600123922344
EK202310231361,134.12979473928343
EK202310170149,156.31818507545418
EK202320005932,167.62506460144326
EK202310211081,137.51517654976723
EK202310164819,153.35421672910186
EK202310182415,145.03840849974065
EK202310129406,147.44083868957375
EK202310186466,125.6669832852048
EK202310116340,140.05089021895878
EK202310177218,148.51337821367156
EK202310207532,146.61511674783716
EK202310222391,134.8085832903936
EK202310176449,163.11693601227196
EK202310245955,144.108037866093
EK202310193130,139.92580055772214
EK202310158757,126.3619185955324
EK202310227627,126.42808720264422
EK202310136426,140.52912848829516
EK202310130279,168.47366589440426
EK202310140320,143.32415460239034
EK202310208976,134.27081618690036
EK202310140233,146.95154512931907
EK202310111236,145.69389484132492
EK202310106947,156.1331194560583
EK202310225392,136.1976422097866
EK202310156828,150.35464032471643
EK202310169518,122.79956684153552
EK202310112332,143.55896696878665
EK202310157079,168.5532741792191
EK202310113908,133.63978173376083
EK202310228518,126.1415262813782
EK202310162931,124.8475505797633
EK202310209191,131.6552847112368
EK202310170787,149.95974509787627
EK202310123235,129.53422088423764
EK202310155678,131.91739598125864
EK202310164712,129.18618918892628
EK202310124306,139.04439924110963
EK202310209118,145.70187030615585
EK202310198258,133.4528419590027
EK202310234831,137.79858603965582
EK202310226914,143.527311179598
EK202310202181,139.28974499142353
EK202310181074,122.22132954798255
EK202310231524,130.15809745290906
EK202310159999,149.58980558918185
EK202310214159,160.4441173840687
EK202310104655,133.2120252082849
EK202310191665,154.76521133586886
EK202310226912,138.39643002036362
EK202310229568,130.85661918337334
EK202320006366,161.53270497095627
EK202310158803,133.35974535452942
EK202310218310,127.73359945229126
EK202310204232,142.34018692912974
EK202310186641,155.3425055521081
EK202310145275,137.43555059152217
EK202310215048,150.87272160758766
EK202310155714,132.28530633716687
EK202310154842,145.93267490245944
EK202310131202,139.75336286542796
EK202310166844,150.88303772568102
EK202310209974,142.01319350130782
EK202310111411,134.76662203617522
EK202310208383,132.11035190543572
EK202310228239,145.022704996617
EK202310220185,123.6626012979853
EK202310177863,134.08580500435517
EK202310191386,159.52494890686702
EK202310176540,147.48805924269854
EK202310128361,139.12234823320284
EK202310127737,149.68737065226534
EK202310205567,159.1860221155261
EK202310110038,117.18309781368716
EK202310135018,175.65536011317994
EK202310152829,165.10648596031228
EK202310106061,141.8919900096855
EK202310234328,150.14730061236804
EK202310179105,158.23512964887254
EK202310106635,139.48651000696304
EK202310133437,130.2537893155088
EK202310163497,142.12365677940855
EK202310170389,122.73017110549628
EK202310176900,142.45542675217916
EK202310218778,145.52173997591
EK202310188856,157.55414036009572
EK202310195987,171.74378047655887
EK202310139386,146.8015399728153
EK202310220080,145.27581170919942
EK202310132718,140.08397134441225
EK202310184630,168.44083973960514
EK202310175811,119.96038837083655
EK202310109074,128.78392463379038
EK202310237543,134.42427260555183
EK202310229949,135.23352953489223
EK202310174243,126.78858071059102
EK202310185313,144.26386825753542
EK202310150933,153.64733571578242
EK202310114721,140.11851709084027
EK202310168635,136.1289579721153
EK202310188341,146.13062028951148
EK202310213705,149.91188163386272
EK202310239073,121.52743781368054
EK202310163500,122.95570081591502
EK202310208351,135.11202427410805
EK202310106450,142.34092004763446
EK202310115408,131.08319919240338
EK202310223788,139.27928686916235
EK202310243905,139.10775314355618
EK202310173232,129.54509302299746
EK202310147240,163.66599236436716
EK202310170514,149.1292766943575
EK202310150951,115.3342641959379
EK202310116493,140.17627412670012
EK202310195983,157.62315110454477
EK202310152131,128.42331867043063
EK202310104754,144.9119987896922
EK202310205406,144.51047432419205
EK202310160153,152.6853781513802
EK202310221221,131.82794249522945
EK202310160257,163.10700090378475
EK202310137708,145.6021652839007
EK202310115489,144.75179704960402
EK202310137151,142.69309736068578
EK202310227780,125.55031913276439
EK202310214472,150.7882502903302
EK202310133088,166.29619194166878
EK202310239663,146.70790924979613
EK202310215474,138.5191733889212
EK202310183236,138.99766717294267
EK202310214837,138.5063203977104
EK202310187923,144.49932059582466
EK202310197935,154.02364693324142
EK202310140273,147.14518571326525
EK202310117788,125.91357236318004
EK202310170592,141.49086312064782
EK202310156315,143.4072974485648
EK202310166296,145.74194420815738
EK202310156678,147.09474272247164
EK202310197364,148.67897229125998
EK202310004739,136.22748780566076
EK202310133626,143.5838329513513
EK202310199623,146.1463245220167
EK202310159296,171.5915969702065
EK202310192767,148.8705655817771
EK202310148778,144.87819765938312
EK202310156041,132.44512123270778
EK202310186950,146.75832935810155
EK202310236558,137.96766048739622
EK202310213585,137.06210558134148
EK202310184418,138.0140476960763
EK202310140115,149.6896068952434
EK202310163224,129.26279003310464
EK202310228835,137.44556150766957
EK202310162030,140.83278185733815
EK202310168987,131.7011428580403
EK202310221729,153.40278802056233
EK202310181909,142.41029718912029
EK202310149566,152.0475481673265
EK202310149852,137.52124740651612
EK202310246189,141.19213901245666
EK202310173822,146.80268178849525
EK202320006684,166.66779034349548
EK202310151342,148.89271488086123
EK202310004964,148.03111154885045
EK202310167966,132.6099903033755
EK202310184397,122.52544344529359
EK202310200638,137.058072054417
EK202310181195,145.805597138127
EK202310149384,137.59741442035704
EK202310192111,149.96643264601838
EK202310119248,142.86334299269697
EK202310150757,141.05368729462768
EK202310105899,110.72062659736554
EK202310109147,140.98344579987176
EK202310003890,142.06240205570242
EK202310136861,142.04249794598473
EK202310209403,135.13483462708612
EK202310143496,132.0092782236011
EK202310171668,138.01789865884984
EK202310168536,128.95863260279188
EK202310216195,148.241465361364
EK202310117347,143.6710513987186
EK202310208923,141.8205797923752
EK202310239643,145.95985958169135
EK202310206445,140.65509130590354
EK202310104049,141.04098995143679
EK202310228180,142.43558759484125
EK202310116347,136.3620582950893
EK202310205059,135.06516919742975
EK202310248120,133.86505102389543
EK202310171398,153.79052847001267
EK202310161887,140.88507622124732
EK202310208795,144.5138511154067
EK202310211198,141.94504885762305
EK202310175547,150.6587308696776
EK202310168520,153.2645137608128
EK202310212595,135.6819246766042
EK202310116251,138.94242178887626
EK202320007851,155.43382895276687
EK202310106764,140.04617455577198
EK202310187318,123.44126849229404
EK202310158705,152.8343827913046
EK202310185110,148.10993905661348
EK202310170152,141.3465175335716
EK202310195607,157.06569711680083
EK202310111449,123.44754553673634
EK202310153841,164.28000164454525
EK202310167617,166.7170394782953
EK202310114265,140.0892306904992
EK202310133143,156.7891898111615
EK202310158293,156.08936140449404
EK202310181702,145.25150983690784
EK202310212416,139.86923115715985
EK202310231600,132.36716500708633
EK202310230507,126.114495930657
EK202310223031,129.92740947404667
EK202310180391,126.86037179995277
EK202310177543,152.69088342877856
EK202310218831,146.0148993748429
EK202310223265,142.9689364989317
EK202310109405,138.86681666959132
EK202310138084,140.21142123443164
EK202310144834,133.30734034622785
EK202310119130,141.95705685165174
EK202310241445,140.74350740682598
EK202310187813,123.33774043042219
EK202310233825,149.47147995908787
EK202310163582,137.18631033838835
EK202310152391,131.26904731315267
EK202310236241,145.2357768574766
EK202310179557,147.85573803625311
EK202310004239,158.32993928229567
EK202310218905,121.47475373547566
EK202310132305,124.49519734922738
EK202310230005,133.70548194692134
EK202310210560,142.61055692361148
EK202310216882,153.53521972460072
EK202310176911,149.82564778128162
EK202310136229,137.88050772066228
EK202310106054,139.15355313237134
EK202310195370,146.94149653124995
EK202310173198,138.52010435335902
EK202310173224,148.10800177755803
EK202310192049,152.55669921905542
EK202310119480,134.1257838281957
EK202310173031,141.61738264387466
EK202310141972,168.75485483641117
EK202310146369,150.1140489516657
EK202310242801,133.87856044454827
EK202310206809,151.6494709746817
EK202310185734,113.49309755162331
EK202310139207,166.96333251535555
EK202310210887,131.65752545289487
EK202310105956,149.0216964159868
EK202310163503,141.76890181329364
EK202310123765,132.47019811516893
EK202310232619,149.06981891411527
EK202310205867,136.03502053147167
EK202310158665,154.47005525787208
EK202310236631,140.34226926394075
EK202310190792,146.4376925962716
EK202310210386,141.09079974753342
EK202310200450,138.74379827481027
EK202310174140,133.6814721448063
EK202310138770,147.4692148270893
EK202310237110,129.78319564653034
EK202310164459,147.94826648130874
EK202310132579,119.98273371619709
EK202310196378,126.99267146415028
EK202310193320,148.4122367796798
EK202310232595,163.3689795537922
EK202310130509,139.98883448327572
EK202310109357,161.44613434874688
EK202310231395,141.5091215563788
EK202310193035,170.47107982108997
EK202310213027,148.5274015653154
EK202310138622,135.1177397603292
EK202310193234,149.9179767172219
EK202310185497,138.95971860180683
EK202310228201,139.2741291616039
EK202310230916,137.75854711591467
EK202310219136,133.261510457818
EK202310229694,140.50228193150366
EK202310242998,143.51716464854368
EK202310118461,151.8872302464274
EK202310147273,133.1691844713282
EK202310112383,152.21349218581236
EK202310161078,166.0871613212276
EK202310164392,149.53436827635045
EK202310111127,129.6839644590782
EK202310169688,114.38088663521101
EK202310111033,145.60422450251647
EK202310118526,133.94177488064872
EK202310190143,151.51387055958568
EK202310232739,143.30179268989028
EK202310199403,146.48745122693435
EK202310168879,161.94284677032186
EK202310140593,130.71682008566094
EK202310003734,145.2523875790434
EK202310234646,129.35997107075102
EK202310133170,138.21574957356495
EK202310181389,129.6665422495882
EK202310173177,151.85172047509744
EK202310164882,123.64342052165917
EK202310191760,156.69898334464455
EK202310234933,154.71865269826816
EK202310164012,131.82704500658372
EK202310207434,147.699833657241
EK202310198243,128.2817604871368
EK202310162062,149.73023055858758
EK202310124086,149.31254830116814
EK202310159310,146.63687802675372
EK202310241058,147.5550398658487
EK202310179083,137.7368824121881
EK202310175051,132.0492206891335
EK202310149452,150.03292154737488
EK202310230416,130.6414151498125
EK202310187500,157.23739684619395
EK202310183313,152.7180911900594
EK202310237296,149.0922792134631
EK202310214789,151.99423163336513
EK202310180222,144.97463062274346
EK202310122939,158.96444249598986
EK202310181965,147.6665198576767
EK202310228380,151.79586862300016
EK202310159058,122.60231887811096
EK202310188976,140.6937148101903
EK202310172452,138.33130006837834
EK202310215052,150.88698739915353
EK202310247517,154.68622210360599
EK202310156349,144.18612650565123
EK202310242723,143.92882578420185
EK202310107972,144.86848732672874
EK202310153284,117.61204396261788
EK202310142419,147.7681898719133
EK202310202260,141.03454649193614
EK202310169840,162.62539817938557
EK202310229959,141.332425545618
EK202310112101,149.22528359484932
EK202310170405,136.7955567509804
EK202310187604,138.76091023926259
EK202310226938,149.58633514828222
EK202310170407,132.88957764308384
EK202310188787,139.44440114226663
EK202310157751,140.5517861125289
EK202310110049,136.51611035694785
EK202310171605,139.88127520556188
EK202310225647,144.81554096956992
EK202310160034,141.22549230278165
EK202310104086,139.96671540254434
EK202310133846,132.24419756287247
EK202310149687,146.5996251717658
EK202310237643,145.70302508300486
EK202310240693,142.74037421109676
EK202310209107,153.45795389219873
EK202310152954,140.90234796672115
EK202310107042,138.384910307796
EK202310147766,135.62638819045648
EK202310157864,131.69850645188131
EK202310132609,147.51731378160335
EK202310198224,141.21457429418282
EK202310181372,148.97816550760962
EK202310107536,144.97737691839032
EK202310107339,117.94274474053499
EK202310231880,158.90271166239992
EK202310121562,138.04229126869643
EK202310219911,117.05050308935584
EK202310111456,146.81750670399276
EK202310230174,139.18195898440084
EK202310123273,139.94614926810644
EK202310130394,133.84410267390513
EK202310125858,142.91865448829728
EK202310148270,148.8967395471523
EK202310158632,129.7430230710786
EK202310131026,129.3315559262705
EK202310204177,147.20485820544678
EK202310116255,148.31330363477207
EK202310149497,147.93888659895788
EK202310105304,154.91226284451486
EK202310188432,130.54231891509775
EK202310153241,159.62796453897738
EK202310143739,153.51085137862097
EK202310157045,145.3193797847066
EK202310221281,137.86753459199645
EK202310183812,151.31162699690034
EK202310237731,118.27713690854885
EK202310157369,140.8689955121476
EK202310162985,156.2112044840602
EK202310120645,144.54786700887124
EK202310222168,130.77040693372624
EK202310185855,148.56801169008622
EK202310208538,152.48480120454408
EK202310176660,152.04340332756055
EK202310004357,144.19338176362746
EK202310131180,148.56006913522918
EK202310239429,150.55625764310147
EK202310143219,139.11674239713923
EK202310117261,135.50071400687156
EK202310185385,150.83332606346715
EK202320006967,161.24304062777844
EK202310133649,153.62817217614304
EK202310124686,142.46707217946155
EK202310158040,137.4240863771741
EK202310196688,140.5217264563999
EK202310191616,139.39553433674786
EK202310115678,128.0356420805159
EK202310147246,149.37965205033038
EK202310143506,138.81446076944053
EK202310151678,128.14725083758663
EK202310154413,152.94672512067385
EK202310140205,134.96099784380112
EK202310220100,145.33985362495284
EK202310125163,141.53656983473203
EK202310220961,128.5149770258316
EK202310230382,126.31508470388171
EK202310235095,130.02864617224546
EK202310161057,150.9222350129487
EK202310118114,149.83513006636576
EK202310170808,132.12936121023367
EK202310134456,151.46507487527631
EK202310200301,148.33978142104615
EK202310159200,162.47796319285072
EK202310238472,124.63790415762546
EK202310128987,136.74006749427573
EK202310108858,143.2179790085173
EK202310226102,136.21776783562265
EK202310113124,124.14148161504838
EK202310225235,140.25372304048864
EK202310179343,139.16021698839955
EK202310178389,148.07771240257136
EK202310119599,119.12438006441013
EK202310244023,134.54191318803186
EK202310156102,134.449613442502
EK202310130216,165.16466589620902
EK202310234897,141.22271557775647
EK202310187102,132.53524777733003
EK202310239290,117.26460088239472
EK202310136586,137.90766603749572
EK202310108466,145.4425081955564
EK202310230613,136.75114480492635
EK202310152593,150.75653278666283
EK202310196010,159.67489781268574
EK202310226253,128.16405836764454
EK202310203216,139.24295598160575
EK202310166883,138.33430213628364
EK202310129487,146.98917036592218
EK202310105043,145.21247035680756
EK202310138902,130.59639717103903
EK202310202724,146.43896045195353
EK202310201811,164.7059636504035
EK202310175242,137.18106159821286
EK202310114269,127.7019055888263
EK202310231260,130.39579005284125
EK202310104135,152.5037974239535
EK202310157818,133.3796787348818
EK202310182339,151.0232835553649
EK202310147937,137.5419737447172
EK202310200292,137.3134368031798
EK202310230177,132.34956408006036
EK202310162469,134.41186943821063
EK202310204330,139.11210722057916
EK202310139204,150.82542438633374
EK202310130100,143.89947244152492
EK202310155710,148.1129656602506
EK202310233995,137.1395304183719
EK202310184497,149.32721487447628
EK202310164378,138.1201314181202
EK202310219862,150.10626111394623
EK202310125493,138.78911811629763
EK202310154947,151.43221092044206
EK202310177743,142.91572411446543
EK202310183365,117.28697019352164
EK202310195017,145.2031976724597
EK202310111369,148.71256438022266
EK202310225082,171.32606245178837
EK202310155429,137.02506631578225
EK202310226852,137.6108181338987
EK202310180504,155.72180323578573
EK202310181743,169.14523164258844
EK202310003997,154.0118148605149
EK202310205645,147.86190176268022
EK202310115820,142.50559493441182
EK202310162941,143.7294857672863
EK202310180586,132.11499045195708
EK202310220916,129.33363794203544
EK202310202555,158.08497532263078
EK202310149995,137.87249685126585
EK202310119295,160.35863623450925
EK202310187858,148.35092263872625
EK202310237992,156.2039249331386
EK202310213952,152.31311288130692
EK202310123029,137.12087574161245
EK202310147096,152.79662855976738
EK202310223097,131.27733632089684
EK202310166215,135.06941152886995
EK202310004720,153.9661135823945
EK202310163572,126.48969893416509
EK202310162607,138.58670564945814
EK202310126965,155.09514172119603
EK202310140141,140.52414998525697
EK202310177046,143.73167259337797
EK202310197851,158.1430613074108
EK202310117189,131.634376580147
EK202310210540,137.94794361832564
EK202310177596,136.34860981547882
EK202310155696,149.23377972579286
EK202310175690,154.15170766842982
EK202310219739,134.3065426323999
EK202310003649,134.3928083061646
EK202310175576,150.97336902184296
EK202310178878,150.09535800325253
EK202310211266,125.62837211107687
EK202310141670,143.62401150472147
EK202310159615,156.39648846270387
EK202310234233,143.04425312516585
EK202310229461,140.35443412833845
EK202310205036,144.07325436747766
EK202310225181,139.75762533862843
EK202310191452,150.19762800554167
EK202310146939,136.1902868891187
EK202310182164,154.95304967272241
EK202310170225,161.1802061005775
EK202310194220,147.73302199550724
EK202310197061,157.30634654838605
EK202310173373,136.37251592858513
EK202310209119,147.54323324932767
EK202320006628,167.19272848799815
EK202310136886,123.18921084446725
EK202310159668,130.91321497761695
EK202310204891,139.51588171661078
EK202310246209,154.5025116301962
EK202310198151,142.5124407338602
EK202310111528,136.6759388127144
EK202310181657,139.5420226827403
EK202310110692,131.83571264529576
EK202310187777,166.50185720999647
EK202310180038,120.50449657062444
EK202310107931,126.08986170321137
EK202310186808,145.74265811692237
EK202310229289,144.60559768147925
EK202310223469,141.53046996312884
EK202310124329,132.91592722339985
EK202310181534,143.0124054670802
EK202310132729,143.46952142910317
EK202310121382,138.79315528116047
EK202320006815,171.72246870433707
EK202310199820,158.49918921146883
EK202310148775,149.35041867764298
EK202310160487,127.99975589533209
EK202310225148,170.81092227204994
EK202310144291,151.52757339921726
EK202310177549,149.75996880973275
EK202310195485,134.23517815375664
EK202310183864,165.75001327254213
EK202310120532,123.35349583381219
EK202310170076,133.21048078213494
EK202310195740,142.04015905320406
EK202310179595,137.17816712225147
EK202320007837,141.0122948435439
EK202310184046,143.8126322334738
EK202310171869,138.09769499335502
EK202310223256,136.00899554268992
EK202310233904,137.39376765654322
EK202310247327,169.37061774680703
EK202310127761,150.32184186682798
EK202310131174,137.59053329886063
EK202310112799,135.96191399870943
EK202310121242,142.40806901397437
EK202310220124,140.7581726227805
EK202310118386,144.51840335626818
EK202310111074,150.63493323153398
EK202310182197,144.17352057491507
EK202310138009,131.03687549118095
EK202310205273,161.1863584428467
EK202310118039,150.26357784170213
EK202310126134,157.02426790226713
EK202310130337,135.2209581575481
EK202310106788,134.53964641582047
EK202310167682,148.5617975848779
EK202310146264,137.6577026616585
EK202310138461,111.83020562796541
EK202310218689,132.70942906253362
EK202310176319,164.57133726568804
EK202310118958,131.63120321050673
EK202310167604,151.69132638201216
EK202310205793,125.60063002002926
EK202310104740,138.93844989683714
EK202310166561,136.3641106929179
EK202310110675,123.26836976012699
EK202310201775,144.74286527143653
EK202310188302,174.26240788292552
EK202310167994,142.30714889698584
EK202310135487,152.66904784237758
EK202310168143,135.96148001508473
EK202310204808,144.35483768628106
EK202310151944,160.57890075317698
EK202310224341,143.65494664059682
EK202310111538,168.111359156717
EK202310122316,134.40202855639714
EK202310178272,151.532539915469
EK202310174655,143.64692417432673
EK202320006786,168.42113801238253
EK202310170761,152.8410130895227
EK202310117836,146.75465820797342
EK202310197808,155.5951661040333
EK202310236038,169.30578727270367
EK202310147177,150.9569399551416
EK202310226210,141.28139105961787
EK202310128001,139.48955616342127
EK202310150524,158.87970390072405
EK202310128526,144.4358660793519
EK202310126204,136.16078736904922
EK202310117271,137.6894178677768
EK202310176809,133.34357998814014
EK202310169896,157.35363805976897
EK202310241503,127.34484820479051
EK202310159411,158.56464984973854
EK202310168543,160.2100315777178
EK202310196558,149.6857210086672
EK202310163150,157.26437373913882
EK202310235581,138.35954319984737
EK202310233161,140.31527609461804
EK202310190473,153.54349749229536
EK202310196173,130.0940004332292
EK202310208613,135.00581104027833
EK202310177724,124.6692588382912
EK202310175056,143.7383130284293
EK202310111228,139.28394006120269
EK202310234828,129.76352029929328
EK202310121915,146.11545788009386
EK202310220373,147.53751120461462
EK202310145989,149.13349161700785
EK202310246664,152.54216369987873
EK202310239676,148.77569530273092
EK202310223963,143.17172653291135
EK202310210083,150.5307442342843
EK202310165601,128.93959415570626
EK202310211271,146.25948554084852
EK202310179038,135.88033838539442
EK202310112961,149.26665389269166
EK202310141004,146.5857137610544
EK202310150784,162.4228769248754
EK202310174865,147.26719503597533
EK202310123688,124.69426168074523
EK202310190962,151.59568604384756
EK202310192255,130.4101959361648
EK202310192265,149.9983173969741
EK202310193019,152.20933719597056
EK202310114602,131.8905655227664
EK202310110286,129.53488504674064
EK202310163569,130.4425730899418
EK202310174927,171.57655874876048
EK202310204027,156.54640053121682
EK202310197637,135.871468679523
EK202310190376,130.86918959375728
EK202310146945,127.44549746203887
EK202310149841,124.65238481481879
EK202310170965,160.0325654573427
EK202310107183,143.6985641862554
EK202310163517,139.43354036561493
EK202310203286,157.74645362488255
EK202310146022,142.7329066767506
EK202310111432,129.2132679737509
EK202310202147,163.15811971249462
EK202310139521,162.92221657841304
EK202310214439,158.20322975569368
EK202310178903,145.61393264816155
EK202310123729,131.7109134976949
EK202310199058,150.63821564435048
EK202310136770,151.34505527851212
EK202310226727,147.7970297591917
EK202310223073,123.2977589373346
EK202310200813,146.98701806712674
EK202310123891,136.86497693478853
EK202310122410,142.45166802842346
EK202310213591,137.0976144599696
EK202310247671,165.82164689285074
EK202310168753,136.94288593070257
EK202310227492,142.68976528419546
EK202310121230,135.1137888764606
EK202310162300,158.93811898391957
EK202310138673,146.11786390425988
EK202310177419,142.62944255277895
EK202310221047,133.2472841669649
EK202310199069,136.9404718223227
EK202310124433,151.61897357348093
EK202310152193,167.6322579627984
EK202310221750,135.86329338302315
EK202310111508,140.05701499257682
EK202310225858,134.41836674433495
EK202310244419,167.91207911804966
EK202310139413,154.67523226649473
EK202310156930,134.5257831296854
EK202310160323,163.99009001290366
EK202310140167,140.45585485235674
EK202310106834,139.77250806731118
EK202310116024,138.26253711819322
EK202310221867,134.8814486157553
EK202310158833,155.75968693933524
EK202310123702,138.42050046703164
EK202310192686,131.4708968928714
EK202310210956,154.70408231976973
EK202310142282,163.59977722965345
EK202310138282,146.82529768591505
EK202310224531,132.36621923762246
EK202310165971,132.56404675553884
EK202310161662,145.97292914339727
EK202310109830,139.5862087149436
EK202310149086,157.90139950439138
EK202310128457,151.64502632624243
EK202310146894,145.9976597014146
EK202310153536,128.79860338389292
EK202310137317,139.64854567793313
EK202310109096,141.8897992160979
EK202310188535,139.61886839401032
EK202310193279,136.76389233283265
EK202310229951,146.7350439960758
EK202310110507,122.62847494291199
EK202310158912,145.78864234981677
EK202310121939,153.76484607618633
EK202310133006,156.91080076139716
EK202310123534,137.24240191001306
EK202310116590,135.38387264934818
EK202310225727,139.2270338639657
EK202310121585,132.5162567487329
EK202310204778,146.54660992334183
EK202310185473,155.32460852659455
EK202310210130,145.65927173351812
EK202310148836,149.69922960299087
EK202310119653,142.8395306011049
EK202310198898,125.54738578930923
EK202310248089,155.5688043101172
EK202310139296,144.85481338518122
EK202310179982,173.62043889317388
EK202310237915,132.3910282455554
EK202310158701,143.68967112445182
EK202310200383,142.33043515644277
EK202310123263,133.94541507198977
EK202310120640,136.84412601280292
EK202310164686,156.68626001671436
EK202310172560,145.40145375005233
EK202310112120,146.9995457502329
EK202310111450,128.78246427551284
EK202310127176,173.59265402114414
EK202310155228,137.2357752016206
EK202310122785,165.88491290080123
EK202310129726,164.92297084578252
EK202310202138,146.27203890916974
EK202310174059,130.2035584938497
EK202310241322,149.33777239380498
EK202310240201,149.4549371308181
EK202310152861,159.77421700381967
EK202310190128,159.79846712600514
EK202310142222,148.02833793428854
EK202310239282,140.37804391581855
EK202310123815,128.66503075967907
EK202310135342,144.06784979461932
EK202310165056,139.82785080058346
EK202310197918,130.33874764187777
EK202310152287,145.29986869551044
EK202310118776,157.18672600936756
EK202310204594,143.30185264131592
EK202310207755,124.09764701054681
EK202310202942,133.91077636192432
EK202310115468,132.53561058534657
EK202310196078,164.44926812790624
EK202310208592,151.09616137057284
EK202310138579,135.13329403447977
EK202310221870,127.33712764876378
EK202310104365,150.42776174954255
EK202310240461,153.15464394770618
EK202310189760,135.7329272850968
EK202310190187,144.5138465739915
EK202310221590,159.70455839190828
EK202310195095,126.53569170468201
EK202310209962,139.91412289652706
EK202310236666,129.17868516860756
EK202310163532,138.5324780309176
EK202310200231,130.06644708072193
EK202310166801,128.68070768210808
EK202310137829,123.90093373971602
EK202310178645,140.50198889857236
EK202310132257,130.56818541129357
EK202310116109,135.6539821099715
EK202310170340,145.578754138045
EK202320005685,156.05070976951674
EK202310110254,131.93134501246223
EK202310142286,155.1266302051009
EK202310113972,140.19758822362837
EK202310173627,176.01162425626177
EK202310161526,162.42738862177654
EK202310199255,144.44284074277076
EK202310127635,135.60310456354694
EK202310230652,136.8842271568309
EK202310162047,152.24873165897017
EK202310187427,144.0834031724256
EK202310183777,163.66711891496163
EK202310209587,150.12150839642365
EK202310206498,143.84264044962524
EK202310212354,128.50324829153593
EK202310124840,141.12340069721182
EK202310120474,132.3702129630597
EK202310145470,129.99121469719952
EK202310193235,144.42673700326353
EK202310173946,135.5653140539067
EK202310139407,133.39626448378831
EK202310172298,128.65781292884577
EK202310172477,159.40444521661374
EK202310136836,128.57830622514663
EK202310153000,152.00140604690333
EK202310227011,135.28486560045772
EK202310116524,131.39446091295378
EK202310182080,147.99221585195667
EK202310172447,153.64552394360024
EK202310202778,132.94273789967414
EK202310173634,138.49667762179732
EK202310233498,154.77581420300507
EK202310147033,144.63556770458717
EK202310229276,137.70935420943403
EK202310149539,151.33554903122103
EK202310169898,150.75126419095108
EK202310140444,143.45682051813074
EK202310148794,141.96612696753002
EK202310168225,151.9780993137531
EK202310122509,135.04188878210806
EK202310200433,155.2798999357905
EK202310147275,148.25360780159176
EK202310173524,147.76314816141593
EK202310172383,137.30311521644876
EK202310162443,151.49313969676933
EK202310136680,156.4559429484146
EK202310145392,126.43524262716745
EK202310128822,146.96885948322785
EK202310178947,125.59001490375007
EK202310161017,126.61170267705424
EK202310117154,129.56301180989124
EK202310191847,145.868128804561
EK202310235861,157.87987554219967
EK202310144219,138.01716822719453
EK202310163279,154.53363359120635
EK202310123158,125.49602249845907
EK202310130523,153.60273514429983
EK202310149646,149.65094121558144
EK202310135587,134.6470770750235
EK202310206712,162.45963202816347
EK202310114144,140.1600569462939
EK202310143984,137.5286453874867
EK202310247715,145.1917407569838
EK202310166729,149.17113263376274
EK202310166588,148.50673837741613
EK202310104103,142.96516539405195
EK202310180245,166.1088698290851
EK202310147372,157.43212452326654
EK202310153045,137.130233276373
EK202310218342,139.12153007583066
EK202310178452,136.9952875770854
EK202310215610,154.82269010414464
EK202310125820,143.35650500899257
EK202310145000,151.67478317316838
EK202310123565,135.48046134847036
EK202310119232,129.97746066829114
EK202310121655,130.9606028135525
EK202310220009,148.57435372961143
EK202310108478,162.37958732189114
EK202320006810,161.8500660089904
EK202310164302,132.06400425290124
EK202310127527,139.65013762524637
EK202310158421,145.1620157234716
EK202310130473,131.69862777564515
EK202310191209,142.89778302975898
EK202310151031,134.49279602390234
EK202310242418,136.33501077877045
EK202310117038,148.2751472727693
EK202310169468,159.36909296332317
EK202310155518,132.50880220465245
EK202310160439,144.79762796807398
EK202310137675,144.92897541962859
EK202310129243,140.22406897360312
EK202310161476,155.85932054565103
EK202310117393,129.7585462428372
EK202310183468,150.78492431382762
EK202310136137,134.99243659663165
EK202310186954,158.5995233154648
EK202310149506,157.36372080467834
EK202310138751,151.3232930372554
EK202310210563,150.95606224627633
EK202310153823,164.49618777824546
EK202310109991,152.99250914919278
EK202310163957,168.8104892153553
EK202310213655,141.75436370815572
EK202310200962,160.79285412698977
EK202310161409,167.23262321943648
EK202310153656,152.27009167032742
EK202310135461,116.466582688237
EK202310192428,147.9170086288987
EK202310125512,146.27507467800265
EK202310217273,153.18609247855142
EK202310154096,153.97686439886056
EK202310230788,124.22714347021527
EK202310178884,118.80265045366869
EK202310172461,160.6260577020259
EK202320007592,143.38452999502195
EK202310199895,140.48896693285272
EK202310239443,133.79246029348732
EK202310123294,127.86024982187382
EK202310177951,146.67413835336413
EK202310203901,167.87719516975744
EK202310133270,149.9375656400939
EK202310150003,148.02147086641597
EK202310173535,144.5585577141285
EK202310177996,136.9276352760904
EK202310177998,142.545193278343
EK202310105111,136.56003820320643
EK202310132782,146.52819678478156
EK202310147465,154.70039726676643
EK202310189373,146.3309522238504
EK202310212915,143.21663403594818
EK202310192950,139.27939148433248
EK202310116860,129.9926704938087
EK202310219235,130.02890491589173
EK202310159602,167.13656479423452
EK202310004247,138.17665469443975
EK202310108971,137.43719229928982
EK202310188852,147.5819980525361
EK202310139403,140.43282658802113
EK202310234630,140.24824629922998
EK202310003419,134.8608106923024
EK202310240718,139.29068363135335
EK202310139149,154.73615153426513
EK202310191432,161.4533681067089
EK202310150654,184.23251846012147
EK202310106818,148.05122814172242
EK202310238168,127.37767825399129
EK202310164496,131.84550826227778
EK202310187495,159.0774610701754
EK202310103974,146.01177149115676
EK202310109251,137.34627382395433
EK202310120857,111.52116070258026
EK202310170330,149.24000922042856
EK202310173297,147.85275560983868
EK202310140255,135.2000691642342
EK202310139229,140.77393437821075
EK202310174339,151.05732684087153
EK202310241642,157.37027691201337
EK202310124888,146.31184644510975
EK202310182131,136.47810672757353
EK202310204239,138.0139927620548
EK202310168111,134.41117513186836
EK202310121789,133.24242745237814
EK202310140719,146.66934207192412
EK202310192995,143.94772299707128
EK202310117846,129.01020975347362
EK202310116879,136.77014744404758
EK202310146348,130.02491626392393
EK202310161368,164.49731903183516
EK202310176187,158.19313609437143
EK202310003798,137.67007394830244
EK202310147169,152.09026576428468
EK202310130622,138.52148797586725
EK202310246544,161.7088812467862
EK202310153051,153.77415733304926
EK202310185995,149.80440005121497
EK202310110814,140.7179626306631
EK202310151121,134.10368392767367
EK202310219095,126.22136191810891
EK202310110404,143.90304276676926
EK202310144409,143.22051701636295
EK202310187391,137.303749221973
EK202310149764,142.78745952599442
EK202310201310,153.27172781801605
EK202310236862,127.79270026233306
EK202310137394,149.04725177774787
EK202310141967,148.8334664127846
EK202310116050,126.19141989831093
EK202310207103,131.00912405814518
EK202310004907,147.2004537331755
EK202310151090,144.44390587610826
EK202310172058,156.56074729587618
EK202310115937,133.856024631982
EK202310200500,139.30785985024735
EK202310197265,162.4828231730265
EK202310156808,147.05423122235462
EK202310210778,147.96483195876263
EK202310178848,136.62259858737954
EK202310189222,148.76024203396838
EK202310245286,148.54144575672643
EK202310201625,134.60932546504665
EK202310245649,140.4938077314885
EK202310149643,142.89126689257458
EK202310136510,140.37542401081785
EK202310122753,145.0011639282182
EK202310246817,151.85677340430777
EK202310210226,136.38369428255504
EK202310172695,142.67300819109582
EK202310170665,167.11759822991974
EK202310142911,141.10357583489616
EK202310169874,141.6936938023617
EK202310198233,159.27030568620373
EK202310207245,145.1131700006893
EK202310123010,162.22630143536233
EK202310237178,133.689830640505
EK202310199794,136.0919038589998
EK202310150744,144.71399860577262
EK202310230791,128.10109761359848
EK202310219009,137.47525129671442
EK202310156827,153.00178382177907
EK202310128134,156.7754980251711
EK202310106985,132.43089556991322
EK202310169339,164.14117733284104
EK202310235910,149.189612979692
EK202310234586,143.20418346342265
EK202310225660,129.4386496564962
EK202310004833,138.5860513880074
EK202310197506,143.4222286645856
EK202310165175,152.9038802558157
EK202310133623,164.297760646147
EK202310188944,140.1661131401005
EK202310195388,159.43791339565752
EK202310136775,152.49705799791053
EK202310123115,125.24950043298261
EK202310236860,144.1494024422813
EK202310144494,138.7957540705855
EK202310229026,140.34882171075387
EK202310135882,145.27417758297722
EK202310212362,137.00611258069756
EK202310159458,131.22996492778725
EK202310208432,133.91056763046674
EK202310157240,118.62298753159072
EK202310209343,154.59342740282094
EK202310214206,142.9432203815131
EK202310178372,153.15085944253565
EK202310243735,143.008741088321
EK202310148264,137.09415023214547
EK202310137796,148.17529466129494
EK202310124924,143.4726966113228
EK202310236432,133.58906492504357
EK202310175676,138.13651592627767
EK202310235955,145.80124109773791
EK202310198947,144.86200244072427
EK202310134055,145.5251821665483
EK202310174001,138.1212756383494
EK202310115167,146.08706916102102
EK202310127593,144.9040892041684
EK202310158302,163.14315353236137
EK202310212755,150.46177308003374
EK202310240947,130.84038390856713
EK202310149996,131.6011020279181
EK202310150238,118.9666948146441
EK202310235315,153.9982396199744
EK202310112303,138.8860855525488
EK202310162832,145.93200196164514
EK202310168734,139.66072622929974
EK202310144612,133.5317531692271
EK202310141463,136.72914290745982
EK202310186157,136.98306325585577
EK202310196629,175.3930355795196
EK202310177781,126.77239490477875
EK202310214576,155.8128076521241
EK202310213457,130.43280975568572
EK202310109319,128.08220580554553
EK202310140409,151.57731594955504
EK202310159595,139.83318664668022
EK202310221635,136.0769282946312
EK202310156425,146.0969590864717
EK202310151139,110.88804117973208
EK202310122849,133.898047901279
EK202310149074,151.796424828613
EK202310242259,150.67753829072592
EK202310164229,167.64148367218218
EK202310193843,154.46889343291798
EK202310206163,129.0688122824044
EK202310226035,138.51837316120935
EK202310152221,152.45290790257798
EK202310105803,132.32429338333645
EK202310226363,128.90425656367964
EK202310154688,148.7326281597872
EK202310176650,126.89086170550092
EK202310145747,123.9779889418296
EK202310211584,133.52738054872253
EK202310220442,138.03241912151526
EK202310205364,140.95296210546528
EK202310247943,150.45667161124246
EK202310211494,132.48510753975015
EK202310223193,138.22594456135485
EK202310192188,162.7245421893164
EK202310182827,142.9543895862295
EK202310232562,153.9340947351877
EK202310133290,124.95442147118564
EK202310158696,133.2836570804706
EK202310217289,138.9949054491591
EK202310160255,155.8996714702938
EK202310153931,134.00758321040746
EK202310152474,123.90271744143772
EK202310202098,157.4459843078761
EK202310222372,155.39601018838874
EK202310122551,131.97001142442153
EK202310189977,162.3362359718019
EK202310235124,150.08400748587113
EK202310230811,146.03680191995065
EK202310139101,153.124280126573
EK202310172491,139.35738836588578
EK202310217910,128.28404719685304
EK202310111343,136.29971730046958
EK202310003655,138.5937452361379
EK202310143114,138.48367707588284
EK202310199189,128.60614807051104
EK202310216615,137.49689440054811
EK202310191841,141.63995493509097
EK202310125751,142.02410106053185
EK202310138803,154.6411337654686
EK202310164581,142.36555899389631
EK202310208664,157.95983742503032
EK202310110520,128.19307333853368
EK202310121702,150.21324922274385
EK202310217544,136.2560432269985
EK202310230128,138.94570549359705
EK202310143116,144.55081372376526
EK202310240904,120.11576023834054
EK202310119417,156.75368660391416
EK202310140166,139.71867488868074
EK202310173685,141.26717498835123
EK202310183555,144.02068658449414
EK202310184119,144.90078821581372
EK202310107937,150.17496865247875
EK202310212966,140.48358339220582
EK202310161552,156.8808180501669
EK202310176844,139.65523739497237
EK202310106215,127.52621675164058
EK202310114075,136.31488389291474
EK202310130063,152.86628411785716
EK202310205703,133.66719671047053
EK202310197515,131.51354850496466
EK202310211815,125.41985677070637
EK202310201003,145.58623152301539
EK202310230991,126.9099573415966
EK202310117518,148.90978352376695
EK202310197246,155.22107153574711
EK202310172663,130.90413399015233
EK202310139483,148.51450909344686
EK202310129316,160.58230985313182
EK202310152009,153.37218943825292
EK202310202611,141.94051289827362
EK202310226354,137.6830660973586
EK202310117193,136.26808050957473
EK202310118713,145.22990073841024
EK202310172411,166.50007061814097
EK202310219644,125.0580222334857
EK202310213531,143.5707582405265
EK202310242803,132.11263474237336
EK202310152661,151.56116535456357
EK202310152241,139.58896277968938
EK202310229787,148.75958639599858
EK202310242437,141.6264815806879
EK202310108706,152.40884871288128
EK202310185541,145.32629582439867
EK202310164254,154.6312190831155
EK202310169434,137.06281657424827
EK202310140161,130.38675587460554
EK202310140926,166.33532536172663
EK202310144378,137.812295060626
EK202310207675,122.73518243961789
EK202310176041,127.57619966395953
EK202310179507,154.70298636718707
EK202310217262,136.32816765221838
EK202310212384,135.96653702109643
EK202310236809,136.58368524039636
EK202310210937,134.32395470896046
EK202310146509,140.80981745104447
EK202310208359,145.2974323498591
EK202310196964,159.6288870124547
EK202310121297,137.98752971897292
EK202310125054,147.34963365114498
EK202310150801,140.72524539980438
EK202310124068,140.9171817561032
EK202310217152,147.72175854548098
EK202310213127,140.27439630988894
EK202310138002,141.72195620442014
EK202310137999,137.22860266747884
EK202310120368,147.29778803036717
EK202310139442,143.38978693777068
EK202310130726,132.48557326072063
EK202310227013,139.92861305516107
EK202310120427,144.9221568992992
EK202310178312,148.02084290286402
EK202310174421,134.96194556747474
EK202310152720,167.1446915776081
EK202310244641,144.47846925796782
EK202310207759,133.6394247114364
EK202310150664,144.6615491394757
EK202310130175,166.42402557403767
EK202310218396,131.88807242422746
EK202310200848,141.53482313689764
EK202310169858,135.45212694381237
EK202310167529,156.59430480789828
EK202310105681,137.4747987713219
EK202310120146,142.67263053084676
EK202310119589,153.2358900163364
EK202310116721,137.4638132536659
EK202310167292,145.00241785918058
EK202310184949,160.20861780850487
EK202310114495,141.26536570364448
EK202310196817,145.1113968600131
EK202310247795,127.28770443102466
EK202310182295,154.4082130876881
EK202310104403,148.23889947541252
EK202310145319,152.4573285039354
EK202310180791,156.41743750766503
EK202320006323,150.1978481594206
EK202310240533,153.30579427568918
EK202310127909,157.66314672607126
EK202310127901,149.8404471424918
EK202310152050,132.0559812046273
EK202310129455,140.0001057601164
EK202310109106,157.68511774584152
EK202310131756,148.44919957116824
EK202310237136,143.04247622259248
EK202310120314,149.40295631177136
EK202310148251,143.36315459596125
EK202310138226,141.75382284028515
EK202310109018,144.72862354055883
EK202310208749,137.44457198217165
EK202310003722,141.59492390347668
EK202310231839,140.56620324539517
EK202310221232,129.85611145775417
EK202310216059,117.43477168799801
EK202310225575,154.05662664085884
EK202310106813,150.2394179517068
EK202310165461,142.04666745482012
EK202310233667,142.7661366756099
EK202310155049,142.00613997886052
EK202310114377,149.07541035689172
EK202310231905,129.04922159272783
EK202310205554,133.62040965593704
EK202310158652,130.2092609154304
EK202310178116,125.4643010094683
EK202310206509,153.56703606499394
EK202310203355,163.56498790813248
EK202310242205,149.71988574423224
EK202310133154,121.870850155258
EK202310227076,140.55751806288325
EK202310138977,146.41215823994355
EK202310227762,134.19950733640462
EK202310176853,133.7764651201983
EK202310162306,132.0580491043429
EK202310210652,138.8286769622534
EK202310231471,123.32307748523118
EK202310198811,152.23001789040435
EK202310194755,138.5094226542643
EK202310213637,134.32551747670163
EK202310216935,162.15434649086444
EK202310148553,170.8330047405082
EK202310118079,127.80252634436445
EK202320006148,174.9197741864145
EK202310169315,148.45403957688677
EK202310215478,128.45153478152855
EK202310193163,157.33325951277422
EK202310166480,159.24329010194197
EK202310121860,140.86633444190397
EK202310229325,135.9526689580319
EK202310178140,140.30891426825912
EK202310217881,147.80883483820864
EK202310172603,145.90176453689915
EK202310172232,134.02601931464395
EK202310215413,144.58405624227493
EK202310200194,152.63474978937344
EK202310212870,139.94320627034693
EK202310152587,155.17103668421834
EK202310138105,144.3634838423742
EK202310184620,147.93752848691838
EK202310120222,132.24642985344292
EK202310181510,149.15496236225903
EK202310209297,137.9452546925203
EK202310114316,128.34009532457185
EK202310122992,145.79609064868671
EK202310169594,130.16316248620208
EK202310130080,129.18347195179214
EK202310133522,144.20506314427328
EK202310248335,144.0806999570202
EK202310146609,140.59688453627533
EK202310125379,135.67117238973867
EK202310138254,144.32894928614277
EK202310148644,138.61555944481375
EK202310142229,148.9360737416311
EK202310179390,162.7297587530065
EK202310122502,129.22552367874493
EK202310132067,139.58649708280439
EK202310139033,148.1902933650876
EK202310174868,159.2174128387574
EK202310135426,143.42396115965124
EK202310159611,129.06709682491285
EK202310201750,148.6598431983829
EK202310182771,146.971980343591
EK202310168375,136.09755521336893
EK202310238925,153.11549729218635
EK202310220283,135.7829606238106
EK202310141586,146.19781143908858
EK202310121160,134.30876081524053
EK202310231913,143.898823114127
EK202310180283,129.91016614407263
EK202310131842,167.71965447414865
EK202310188406,141.17021558439055
EK202310154032,157.50136341483832
EK202310108823,162.9407298133764
EK202310120117,150.31224940012916
EK202310247965,158.96730116600122
EK202310229128,163.07143227848144
EK202310150441,137.99684117743433
EK202310211128,144.58041882415745
EK202310185601,142.65565657047847
EK202310160008,144.42236257490708
EK202310229066,135.25160494180795
EK202310180392,119.63353584359535
EK202310119754,143.83502917709666
EK202310156284,139.04927264005482
EK202310202853,146.1465357995737
EK202310122376,159.25018237938338
EK202310233034,155.15759484061908
EK202310201718,134.6941497486696
EK202310195404,132.3325370583032
EK202320006623,174.70520724401172
EK202310172346,123.85271421996792
EK202310220369,158.99897324899064
EK202310133576,156.79923546816138
EK202310203386,169.73053773754552
EK202310125524,139.38700864894585
EK202310183338,127.81869077458678
EK202310199400,160.62478085671282
EK202310232929,117.20405982670877
EK202310144777,153.39446869056252
EK202310206148,142.6965716408758
EK202310163892,135.43837360046922
EK202310226194,134.19393292918923
EK202310229083,138.58579760312526
EK202310242355,137.58809221050578
EK202310153019,129.17156016168033
EK202310133725,168.34054967629046
EK202310237397,135.10362730185662
EK202310108761,139.34317084674606
EK202310202125,131.9313643502636
EK202310223149,153.2265877123185
EK202310211064,143.670565202502
EK202310206726,169.08847783899583
EK202310239457,131.41225188875043
EK202310131359,133.88865672679003
EK202310225966,173.90733258745922
EK202310162670,143.31317114214116
EK202310112377,156.24756954161387
EK202310161138,123.62476137431618
EK202310143575,123.68695974831493
EK202310140582,137.12668614474526
EK202310106691,158.46953993338013
EK202310106388,121.10031364345457
EK202310132651,137.86852322320217
EK202310235986,153.54333048166296
EK202310116284,147.2289676408788
EK202310243775,170.27161296168023
EK202310129332,153.95578094585468
EK202310004513,120.15746108563266
EK202310148366,127.58269530202287
EK202310127277,148.72637648027236
EK202310197024,149.5650157025867
EK202310132043,127.6204685076026
EK202310109603,125.94888644012731
EK202310119816,143.94040403216647
EK202310183299,145.773894955156
EK202310157782,143.37950853091058
EK202310240073,144.39909138768155
EK202310124263,144.64013718907688
EK202310118878,132.8289434663697
EK202310159933,134.2000021035772
EK202310235851,139.42348172100424
EK202310199705,165.68219482733232
EK202310121857,143.82434042460045
EK202310135337,160.57213407761284
EK202310116218,139.7784234930603
EK202310247152,139.4955517275562
EK202310213364,161.0289315849012
EK202310117331,140.88438496391294
EK202310220060,156.48710070350987
EK202310113433,157.12752779397007
EK202310200316,142.14231445183117
EK202310204117,151.06675584850558
EK202310142962,140.83768797383843
EK202310149474,154.2605473630395
EK202310156319,146.13258442008194
EK202310111297,136.03845355277824
EK202310149401,160.36526118364125
EK202310141738,136.60047409483954
EK202310219293,139.3354347650003
EK202310228805,136.91196414171512
EK202310232975,133.5771653390657
EK202310238431,142.5563262121409
EK202310191477,146.49884405684162
EK202310107521,153.53752106389408
EK202310126862,156.31527565606905
EK202310116842,141.506357285852
EK202310220332,143.44217581982397
EK202310191222,147.7092134304701
EK202310142584,139.67552362286543
EK202310181821,138.15374090975007
EK202310193376,133.6749869576827
EK202310220744,141.5948518014771
EK202310146397,130.4773746001309
EK202310168910,140.96865334092104
EK202310230593,140.3500554974552
EK202310228617,136.75430945780622
EK202310155826,151.48401650840435
EK202310211936,139.88154661151242
EK202310210374,144.46315350745473
EK202310143369,146.70703949708133
EK202310226681,147.07394963636435
EK202310222110,147.5709135907372
EK202310237461,151.7326440845376
EK202310004906,129.12351822051227
EK202310242700,135.30302328389683
EK202310205947,130.29022103786625
EK202310178378,152.15516903718975
EK202310165711,158.29773493937074
EK202310169499,138.68963053947718
EK202310146580,150.26159827109305
EK202310213522,122.8866278183739
EK202310236119,157.6732100683762
EK202310223991,135.3118646032946
EK202310121767,145.34275070070663
EK202310188210,145.599360480369
EK202310160523,137.7188736405268
EK202310109762,147.65622787500936
EK202310171055,139.8400712784553
EK202320006726,155.22441602912704
EK202310210705,131.79064210836884
EK202310152215,146.34177200572628
EK202310125726,141.44098017776798
EK202310172100,139.62555938040236
EK202310003880,138.3600725495993
EK202310128330,148.2503973341864
EK202310112999,142.1837326847877
EK202310201791,156.42091111507017
EK202310124897,136.0067021582835
EK202310218886,151.4619017062358
EK202310166286,148.1732672204804
EK202310214269,138.38987610179345
EK202310131160,150.94764408275242
EK202310189137,125.71946721998796
EK202310118145,137.9637654120269
EK202310182255,138.96262462600438
EK202310177007,154.36266984254377
EK202310205755,141.640831943677
EK202310135629,133.80046946938307
EK202310232047,129.40095961721846
EK202310171967,148.62460168109584
EK202310184827,166.08042992472198
EK202310131897,165.75818003367132
EK202310152600,164.41519621776632
EK202310184315,154.77025807688997
EK202310106757,142.32016658638193
EK202310145774,135.80195869445114
EK202310134477,140.63477196675953
EK202310221434,135.5756363150964
EK202310183603,144.08173052062665
EK202310191157,147.15426378797187
EK202310182657,123.22068659109203
EK202310174889,165.43769617464906
EK202310118138,141.20409157489283
EK202310157349,138.0555330388693
EK202310143539,135.5324626165208
EK202310106752,138.86385867190276
EK202310163158,159.8315232461177
EK202310132302,137.2651643655432
EK202310198764,172.36858683217926
EK202310237390,129.7135489263105
EK202320006875,160.8277244806388
EK202310144420,125.19696244274338
EK202310238324,135.05020181239308
EK202310199756,154.8797140772708
EK202310226741,123.71797857803476
EK202310207205,163.96942704464803
EK202310180418,135.73310512437044
EK202310110312,132.27940940457805
EK202310119768,146.35415453644006
EK202310225430,150.7745481860685
EK202310217204,152.0525499373522
EK202320005824,162.89158369277175
EK202310199269,150.20754204267206
EK202310199501,139.30131567927967
EK202310158676,148.9801302606993
EK202310224293,141.35704440429953
EK202310232892,141.30359857364564
EK202310225252,155.82246207480037
EK202310113567,135.01483566125177
EK202310224840,139.40574469348908
EK202310109292,133.8134286284525
EK202310226200,142.39321450400877
EK202310239680,126.59187865162234
EK202310173548,149.52864764964556
EK202310235032,138.32776444353357
EK202310153501,131.310633758188
EK202310124943,150.10635077086155
EK202310164539,135.56886443904386
EK202310230792,117.8934762408904
EK202310218099,144.80451413920417
EK202310229998,138.54894240576527
EK202310157394,142.38631626846
EK202310226677,134.68997275346487
EK202310165785,135.27752758506
EK202310148800,159.89580729414104
EK202310140528,150.043164254886
EK202310110007,130.16076089545652
EK202310218212,127.72865919645494
EK202310237319,139.12476516052703
EK202310113425,123.7491278582693
EK202310193343,149.11112935877236
EK202310111647,143.87878339391222
EK202310219959,143.64219189947227
EK202310171010,165.46998697304647
EK202310113418,127.82271829224922
EK202310220109,131.55344832849713
EK202310231986,139.95056797956317
EK202310163423,139.32813194617665
EK202310155174,126.48052639460725
EK202310184525,148.7601048773697
EK202310229347,151.46351750542885
EK202310142923,149.06034154359605
EK202310210269,125.45651018023858
EK202310196636,131.39072056019953
EK202310158355,134.68240494649055
EK202310150025,161.64939770384555
EK202310208520,161.40436958603667
EK202310144006,144.96438778732892
EK202310142308,144.3413170310796
EK202310205760,144.68621234339707
EK202310237299,129.1953592383106
EK202310163552,141.77878425673822
EK202310221189,140.71382618659757
EK202310129583,153.38892680787492
EK202320007854,157.06326076192562
EK202310177946,143.84942392514318
EK202310184968,150.57391507311144
EK202310146300,140.72606372005967
EK202310104019,124.79102802650192
EK202310197813,146.33126924555089
EK202310175869,136.36398495781518
EK202310179266,141.50913060915937
EK202310167362,133.7805375836863
EK202310104210,127.8823606794755
EK202310202549,153.75974987739346
EK202310191743,148.87924462826123
EK202310166413,137.14932182067568
EK202310203749,135.4280994816904
EK202310165306,145.98884136496088
EK202310216846,147.50235949518645
EK202310198888,132.36965193917507
EK202310229697,131.23266238965613
EK202310105578,145.74507616561078
EK202310214588,159.8081824331729
EK202310201136,163.6986732702648
EK202310228123,140.31371800001628
EK202310110127,137.52718537447694
EK202310247206,156.29593644605137
EK202310121901,143.4885756656971
EK202310166880,155.6244095724017
EK202310118097,133.13104297564004
EK202310142606,152.46298678664715
EK202310181131,138.79788527772345
EK202310211240,129.3537773176331
EK202310240803,149.60111957972626
EK202310188331,142.77515670700495
EK202310190398,149.4524179301644
EK202310192965,142.9269166965493
EK202310238010,153.4622625058554
EK202310184509,158.71718074740772
EK202310156014,135.70107762278573
EK202310175583,163.0304997023784
EK202310155000,140.17843689143592
EK202310243443,150.86531210656383
EK202310218044,128.48632083720767
EK202310170653,152.33474025908066
EK202310182360,152.40767952927874
EK202310170068,128.90742629366642
EK202310217301,135.78406617213355
EK202310227388,138.2667036984007
EK202310168221,152.56348866048694
EK202310182297,134.32836302713991
EK202310222399,130.38453656202503
EK202310231989,134.08089475744328
EK202310170400,130.33232170854492
EK202310192873,153.31111333793487
EK202310227069,125.68954487360288
EK202310167053,134.65606891579404
EK202310127994,140.41006520017788
EK202310158796,157.88512252701503
EK202310185789,135.4221019211211
EK202310111478,148.34344910746591
EK202310175233,161.82614217106138
EK202310129973,134.66538010765285
EK202310172495,142.50811080768457
EK202310107866,150.42994123049158
EK202310124298,131.19590855584667
EK202310225001,120.89937162541227
EK202310124145,125.41214271617825
EK202310127463,129.8142395243663
EK202310136106,177.7842507074592
EK202310105453,138.88065567575842
EK202310175015,141.23509570135465
EK202310230922,142.00480183195413
EK202310238898,169.85731157094511
EK202310208522,160.04813007833627
EK202310178681,167.76237225940565
EK202310141116,149.7004591305511
EK202310004001,154.4051051351509
EK202310191798,138.29999645767614
EK202310201918,134.68632587685394
EK202310108606,151.22242952663134
EK202310220064,142.2793741387759
EK202310120614,109.36224944278253
EK202310131340,133.86868722598936
EK202310151419,166.95577221136938
EK202310221165,137.4180015899969
EK202310192641,148.68146324745348
EK202310191435,144.6294373499038
EK202310232224,133.14025047875054
EK202310224387,126.61599996001212
EK202310145906,145.10446641622178
EK202310230764,132.13549146557312
EK202310236583,132.47305195873486
EK202310157601,123.94204414570873
EK202310166668,145.7294284097342
EK202310244790,145.93688719254922
EK202310127133,149.39448535023038
EK202310004413,161.43490903278555
EK202310238475,141.996691324463
EK202310136559,129.3158904030801
EK202310152026,145.1893515032069
EK202310180741,141.06535516598706
EK202310221752,148.18955822761458
EK202310228294,117.99225296492867
EK202310231601,143.41115604099213
EK202310238106,136.84809469539834
EK202310175909,142.02542423708553
EK202310165153,117.49874340864348
EK202310105565,133.4211800483265
EK202310185347,158.12772035074846
EK202310184004,161.47863013401718
EK202310183138,135.5392799228369
EK202310113152,138.93187942263881
EK202310199569,161.1945058759796
EK202310151037,155.31084429294953
EK202310106219,127.57299839391612
EK202310106185,142.17286970473887
EK202310164530,147.2666196855144
EK202310166239,149.8296653629828
EK202310108760,158.95337437858882
EK202310108861,139.27981740472492
EK202310177413,158.19939701910022
EK202310211129,118.92705851082417
EK202310229184,148.25508323900618
EK202310209428,161.00195248760932
EK202310228583,145.82574913643967
EK202310120692,161.32959083872035
EK202310137642,134.56922814742552
EK202310245435,141.81477758913127
EK202310159599,142.0359966336066
EK202310148010,152.42791245426147
EK202310129728,157.41059552759287
EK202310114201,140.99018271435202
EK202310207474,162.89763649913542
EK202310158602,160.58149543637458
EK202310197691,161.52293088657368
EK202310235040,145.60752195795365
EK202310129119,152.66841026140582
EK202310142174,154.73108325876294
EK202310191253,134.31456368041677
EK202310241141,141.4862082642722
EK202310144017,143.88516131332932
EK202310182852,142.32442661423107
EK202310243301,140.17972790802042
EK202310176307,155.8229132314892
EK202310209283,146.1215834760993
EK202310216003,142.73665480545927
EK202310246200,137.25717534135399
EK202310173196,125.76496287456254
EK202310122833,126.56875021170373
EK202310118540,142.6932497017726
EK202310168622,152.19507326298609
EK202310174271,137.4758275121023
EK202310201560,160.60862177455218
EK202310113325,125.1600993424154
EK202310172664,133.60456913695273
EK202310192162,156.74501398568287
EK202310134544,128.76754967869198
EK202310222337,162.62156780551604
EK202310199226,145.98939885038644
EK202310214101,166.65466288385545
EK202310188611,148.8037743793319
EK202310220799,137.84182262842322
EK202310184861,147.07092649457854
EK202310106782,132.49771914448624
EK202310232084,134.04807907330746
EK202310178435,151.02797772474204
EK202310165952,147.72939676397158
EK202310141382,151.08885394876518
EK202310163439,148.68702453111294
EK202310205428,122.98497583325192
EK202310178086,135.63842677814046
EK202310004022,162.57827949075175
EK202310114303,153.95341965429742
EK202310104436,140.87082451236003
EK202310240015,150.59748154250124
EK202310202741,151.28832744139265
EK202310226747,140.68429633041504
EK202310148639,133.84798265465946
EK202310117683,131.18358860201369
EK202310232945,127.48658500400992
EK202310220108,163.18762647098734
EK202310172683,137.7874595055318
EK202310104609,127.42506790620064
EK202310182165,137.8292865261753
EK202310112029,144.70756038480394
EK202310157969,150.66511772259597
EK202310120703,132.32832194752916
EK202310191410,135.14769932916917
EK202310156166,136.01514787454042
EK202310248074,156.45057790886648
EK202310175176,127.64665189751943
EK202310194239,147.53395108485415
EK202310162582,137.55594019307932
EK202310218787,136.27840321031752
EK202310228638,124.17507855074419
EK202310139489,167.0638929263258
EK202310210571,137.11172023667095
EK202310143902,130.4386700667291
EK202310198163,145.0785657302781
EK202310166041,165.34969379543085
EK202310242789,162.37097199049654
EK202310202040,159.67737672126827
EK202310194102,137.55702452433866
EK202310210845,131.58993771808377
EK202310193409,163.3436715992422
EK202310241561,144.2991734396828
EK202310129327,149.60874781361426
EK202310145599,169.69196264843785
EK202310155246,153.4471733184181
EK202310204706,128.63756570752852
EK202310218784,153.23722230115595
EK202310243990,148.40194021778836
EK202310137899,126.94688643419244
EK202310175650,130.24928896485255
EK202310234991,144.41393838628048
EK202310221501,137.31213949268988
EK202310117760,125.8812691059482
EK202310209924,125.94585141926368
EK202310158508,138.68113880820815
EK202310188607,147.69374756454533
EK202310176707,152.0906409628754
EK202310241804,146.62506058690144
EK202310130229,149.69453026914465
EK202310196748,142.16187614183116
EK202310226961,135.09322024081092
EK202310126275,128.43049313707485
EK202310182346,162.39985159758942
EK202310215287,148.43393486188327
EK202310186469,171.48694720129308
EK202310147351,136.12685222683308
EK202310227063,144.29090844967146
EK202310239630,136.5247462282931
EK202310202315,148.11875354969004
EK202310151573,133.19994876542887
EK202310229182,137.05586056580725
EK202310197801,134.75030240579798
EK202310247336,178.256301967741
EK202310183064,125.8938242987252
EK202310200957,162.252654924744
EK202310112953,141.25163475989095
EK202310185221,139.40129755224274
EK202310176129,164.86233453217855
EK202310171777,118.79566020147628
EK202310186071,129.60519599989482
EK202310206123,138.45447177180074
EK202310217431,160.48656646551763
EK202310171470,111.74128120201462
EK202310246028,149.61454776481068
EK202310145970,138.04300903395364
EK202310234938,127.3123009680025
EK202310156116,127.19257850652014
EK202310116714,133.09223494806122
EK202310212797,139.03518109549606
EK202310138938,151.26471996297397
EK202310148128,140.2681330738094
EK202310175673,133.78670032297325
EK202310238664,132.7601240115403
EK202310190836,142.63632971578434
EK202310196156,141.6454100022628
EK202310132459,136.55030067734572
EK202310159062,130.7291841886827
EK202310147832,163.13001758973982
EK202310116029,152.27177019362196
EK202310203822,146.4575136011741
EK202310223388,150.2657159694671
EK202310208656,151.57462239133056
EK202310003650,123.54451382405317
EK202310163159,131.54811482345045
EK202310188703,142.64076175333287
EK202310144864,128.87921049158783
EK202310156884,146.04338713715453
EK202310216506,144.99196939330727
EK202310220197,141.7265563344021
EK202310234667,140.09553749738055
EK202310203255,147.4855692159973
EK202310105960,137.305436135691
EK202310115804,141.79137378835958
EK202310246112,139.13333733767294
EK202310168025,155.06501989789535
EK202310178472,137.4778823875494
EK202310181975,145.94551712851103
EK202310132905,138.6479878360221
EK202310113841,129.39277502180454
EK202320007828,161.00583850485975
EK202310192867,149.25332003163126
EK202310109054,131.02845150888209
EK202310236216,135.2263259121323
EK202310170777,141.6008204530177
EK202310166144,130.16336236802962
EK202310201844,145.53391694003474
EK202310123470,128.90676766629
EK202310224526,121.95115238425953
EK202310151158,130.29930306858677
EK202310184295,141.4933109816667
EK202310124272,143.18438915249183
EK202310162944,148.74506894368125
EK202310224817,127.59844579194264
EK202310172859,152.90148105613017
EK202310137191,126.23123087168163
EK202310140281,134.69678340231937
EK202310114907,136.59076620270852
EK202310122165,130.66087907249394
EK202310215454,135.15201658834732
EK202310243142,128.37004974322906
EK202310164187,147.68359066775014
EK202310225253,133.7004807904795
EK202310174458,173.88704922654665
EK202310176969,151.26630633991456
EK202310219479,118.12783399816163
EK202310119494,150.6238602356146
EK202310123405,139.76352813352423
EK202310231534,116.84095797432576
EK202310222489,141.7247355674357
EK202310111149,149.70000358549984
EK202310184714,130.23394751330335
EK202310196844,141.50269729732614
EK202310232521,135.2637867762303
EK202310184622,172.72176819909183
EK202310118852,145.08599950823887
EK202310168516,160.14711963870815
EK202310178071,130.80911612677116
EK202310149839,139.36637757647708
EK202310184305,166.02273751242623
EK202310222961,134.7828164449641
EK202310197108,148.87335324392586
EK202310244680,135.4374112511893
EK202310164685,153.53824213424124
EK202310153568,152.24456879421663
EK202310204533,143.24931960224825
EK202310243304,140.8859212161171
EK202310122606,145.61450066173973
EK202310107843,147.84269524536018
EK202310195481,141.16705180156856
EK202310195622,136.89882777427985
EK202310185200,136.87409673714015
EK202310127597,142.8151012128264
EK202310145627,123.4308646483347
EK202310157400,121.6067317835086
EK202310226857,145.64109548064434
EK202310127964,144.73494170159847
EK202310179573,152.74358970234573
EK202310212013,149.37016183162564
EK202310226545,136.98191049849834
EK202310166825,131.96639969826722
EK202310163867,159.76347100588237
EK202310196745,143.9385113730928
EK202310109208,147.76748931955794
EK202310205143,147.67238655191886
EK202310136525,145.80690816760733
EK202310159137,138.12757092627285
EK202310238980,142.27318506807083
EK202310121185,149.06211633823884
EK202310142061,147.11898382838712
EK202310198507,145.12369048783148
EK202310184870,150.3505864882521
EK202310155208,144.8892231125786
EK202310124725,121.4055915330336
EK202310103880,146.6159800452131
EK202310246880,138.84911860849095
EK202310190191,128.14032771213425
EK202310241383,136.1253989046731
EK202310109761,151.67064204625257
EK202310218045,152.8016299693017
EK202310208985,135.6172369037968
EK202310126092,137.7889156455665
EK202310247678,152.06938868210415
EK202310137747,139.69442321119112
EK202310201825,153.0287658804183
EK202310130845,133.90778079722782
EK202310239295,136.11248128512656
EK202310166294,148.28949211093888
EK202310211671,141.052694686783
EK202310248376,128.53899685105077
EK202310188903,156.56629222809073
EK202320006661,171.71850828176773
EK202310157204,148.54592873416274
EK202310222542,128.52238412289572
EK202310182598,143.05616077900012
EK202310128634,160.3859076572781
EK202310137926,135.38874222391473
EK202310197018,137.14537792003043
EK202310184643,168.93644543989146
EK202310217014,144.26777217803578
EK202310200280,139.4905550093817
EK202310183028,131.96034765356066
EK202310106142,122.21932031602734
EK202310103822,148.86933516174744
EK202310157052,140.76434921468845
EK202310122614,139.5020316927815
EK202310155664,144.17892412902674
EK202310165913,126.5290177597272
EK202310191203,145.69955931521076
EK202310119226,132.3032033944435
EK202310234080,150.67868633742688
EK202310196735,135.42000639533092
EK202310149314,140.7999647843522
EK202310155188,138.20183688907304
EK202310114860,145.88841024821627
EK202310118865,151.4111170054622
EK202310160832,129.81444692377133
EK202320006619,162.81696802183316
EK202310127739,128.70570461681467
EK202310115501,133.97677684425975
EK202310166491,167.75895823535112
EK202310197828,163.79084774010764
EK202310242137,138.2594726085464
EK202310235787,147.61949288522632
EK202310220464,153.68247025261317
EK202310112649,140.3486665055775
EK202310110214,124.2648145635632
EK202310164835,142.1282057363194
EK202310204462,127.06821960599811
EK202310187862,162.85421629821496
EK202310131273,139.04790583112353
EK202310128020,146.22273203004403
EK202310204211,163.44069795339215
EK202310208246,130.41071279981696
EK202310166450,145.30951150968585
EK202310171141,146.02852312908252
EK202310159355,147.38110190617294
EK202310194303,159.60164303744423
EK202310214928,141.3545351489575
EK202310122215,144.99415130558836
EK202310175732,154.82491145150647
EK202310195150,144.12412135587644
EK202310160826,131.22214105771383
EK202310159966,152.78251101659387
EK202310158608,134.14046401684627
EK202310243112,142.35675241373164
EK202310109607,154.641639039115
EK202310149652,145.61401513482738
EK202310110860,140.2606942037328
EK202310232156,145.89706132546038
EK202310178087,136.58392271274644
EK202310196125,146.17590850857442
EK202310178589,145.19672913398716
EK202310146655,139.5783713703588
EK202310176638,146.55607540352332
EK202310183451,146.93032134281006
EK202310238783,127.05218154269889
EK202310180591,139.96636118723234
EK202310180161,160.03088036161896
EK202310160060,154.25174473129448
EK202310234699,130.39326511876953
EK202310113916,142.60512521128214
EK202310227268,138.52951909698186
EK202310237635,149.7285664996953
EK202310182258,141.19395864635032
EK202310193859,145.28980280725168
EK202310153659,154.2208306963061
EK202310203955,142.07941612505473
EK202310236094,149.31341391496733
EK202310187734,165.89685983652777
EK202310216149,146.72017173418024
EK202310168413,147.3589298792054
EK202310116401,135.41808488278414
EK202310201191,167.7155314067641
EK202310190480,133.03213122627596
EK202310161074,166.15996561520637
EK202310140353,148.62466573634373
EK202310173633,147.20704310372432
EK202310158068,141.20647991140825
EK202310154103,136.07204120489814
EK202310113546,135.63713103879417
EK202310204238,124.0704068309452
EK202310104944,135.19028688438874
EK202310234535,130.15677614037463
EK202310126859,173.28561883093002
EK202310117542,140.66752088463073
EK202310210903,130.43136319907427
EK202310157130,143.599594521728
EK202310145116,139.72235108153927
EK202310208124,139.79467234300643
EK202310245982,154.39518877893462
EK202310133043,155.5480636938223
EK202310149054,145.66306357473067
EK202310190190,143.22621780483846
EK202320006047,155.12951603661486
EK202310134850,120.6291296380294
EK202310202384,131.0635349635898
EK202310154117,143.37970811136117
EK202310133365,141.6714168554069
EK202310108193,149.53577751501743
EK202310203056,160.51979866959104
EK202310149046,143.73664601669836
EK202310165578,162.65725312282294
EK202310186659,162.0182071068121
EK202310196955,159.2129789467551
EK202310197552,166.88860255097694
EK202310212202,137.68575649750383
EK202310224513,128.8757892459802
EK202310004468,163.13167788858695
EK202310216094,136.9052795146716
EK202310230966,115.40388016125476
EK202310118412,145.98134201388058
EK202310247101,131.4729210052027
EK202310178117,152.75061150714012
EK202310219876,138.56375679525974
EK202310215307,147.78121907865912
EK202310218134,152.0958199639994
EK202310221530,135.3166045420594
EK202310154982,141.81779878637462
EK202310182970,126.19665594807681
EK202310214235,163.1310920179289
EK202310220158,125.18171211624843
EK202310104394,141.87105471467058
EK202310111159,112.54026608602898
EK202310158577,136.10917236830036
EK202310110382,130.5688850877651
EK202310133639,122.94597782517542
EK202310246509,158.95376969189493
EK202310149660,147.48766953831495
EK202310168884,131.340014119698
EK202310243940,146.66226591586158
EK202310191906,140.03587747483454
EK202310127477,131.4311106354317
EK202310225432,135.7122353394666
EK202310233319,145.1015563866003
EK202310162668,156.09357793416905
EK202310148695,171.67431842771933
EK202310178807,167.49472676106126
EK202310106771,136.21524518717646
EK202310155396,150.4653469150118
EK202310189899,158.84021924012802
EK202310106717,154.54234805662836
EK202310232588,138.05825305789435
EK202310226348,145.89448595095698
EK202310109931,146.15258170295786
EK202310226884,159.3672121415514
EK202310213466,138.50140518955897
EK202310121691,131.3585821843335
EK202310198701,176.32649387054016
EK202310131737,142.3619318609781
EK202310166136,153.1335865467581
EK202310116855,147.97413300572816
EK202310138351,146.25962540685921
EK202310191381,160.50584766379092
EK202310003663,140.93385960225092
EK202310172884,173.38046602983187
EK202310185550,144.5357780407311
EK202310148380,137.75393180531853
EK202310149387,174.6855957153441
EK202310236333,130.92680016869676
EK202310199352,156.79847087965518
EK202310137894,148.09131518691672
EK202310133727,165.08481305366598
EK202310178526,158.68195970232182
EK202310189610,153.5635271245097
EK202310109350,143.66723411378624
EK202310218617,128.97098570031204
EK202310109125,171.28722363437288
EK202310163826,144.4068808228872
EK202310130248,178.29583946965883
EK202310221541,149.54128638318352
EK202320006518,150.32714986078955
EK202310229391,136.14625519260898
EK202310211450,140.0950929482204
EK202310193482,148.5227150186712
EK202310198828,150.53258342107821
EK202310183006,123.43216142531466
EK202310003501,131.00803802625342
EK202310121041,135.50659535333452
EK202310211350,123.69140767204746
EK202310246075,154.76262102475928
EK202310127204,141.58650731472065
EK202310234563,134.70230673338446
EK202310139042,137.92086609710748
EK202310171256,155.70557094525893
EK202310139647,134.53194576893787
EK202310122462,132.43018778794232
EK202310144293,132.99113541333924
EK202310168436,126.24983977358326
EK202310120536,131.2729707720506
EK202310166379,153.1626936489197
EK202310180256,136.8066611804986
EK202310246761,153.43886215568364
EK202310219864,152.9585339149253
EK202310190068,170.66688452310666
EK202310181556,140.85930194370073
EK202310230597,123.07048662908745
EK202310130866,153.26277541620564
EK202310205037,153.6484107267246
EK202310209585,143.63250636894645
EK202310185564,151.36214577670577
EK202310176944,145.34721636652813
EK202310176381,131.00654684469865
EK202310141448,147.9640128870993
EK202310148056,149.98923742225992
EK202310182965,132.0170255308857
EK202310135422,148.33200327238453
EK202310122191,135.29136090653648
EK202310145667,163.48255376096213
EK202310202035,131.6864090039391
EK202310136887,128.17495200091463
EK202310200020,129.34966300944677
EK202310184127,162.12481541469288
EK202310107122,127.19095170980134
EK202310134379,139.39325473516251
EK202310211319,136.61733560969515
EK202310212855,148.43993021058108
EK202310242461,151.85383307125727
EK202310200853,141.42673812552164
EK202310200401,165.90345504982034
EK202310189295,165.808976278732
EK202310105500,143.32613306572864
EK202310128584,150.10961445605736
EK202310209825,147.77456742669779
EK202310204586,143.01127864823943
EK202310179426,168.18836773829236
EK202310180912,146.93335311162633
EK202310173571,149.1440699418392
EK202310112070,143.76699002938904
EK202310199038,147.04616817358678
EK202310126021,146.5701606117848
EK202310155509,137.00749679773006
EK202310197401,128.60875148125106
EK202310107626,151.12460076140815
EK202310105142,151.59147265757926
EK202310243059,130.82772317991837
EK202310174039,132.01224466232517
EK202310201047,150.95928173388518
EK202310204579,149.35728928311045
EK202310187739,144.9731612945391
EK202310181773,144.781587715156
EK202310128097,148.39586626416465
EK202310222975,151.72419634526935
EK202310132503,151.43918084854795
EK202310188182,165.55663686537244
EK202310133046,150.0180351495697
EK202310176947,153.67828709251066
EK202310167628,128.02403267510644
EK202310134899,128.0430674613446
EK202310115714,131.97700318550048
EK202310225258,120.9183243299665
EK202310181522,143.54675066748052
EK202310190839,156.4437350018299
EK202310217264,144.99120447531246
EK202310123146,157.63737938210406
EK202310142906,141.56394577153242
EK202310165063,136.45849243809354
EK202310004149,154.92588388518186
EK202310222025,119.354961802965
EK202310201396,151.45464783254283
EK202310140521,161.95786433463687
EK202310190410,149.45286803762886
EK202310237623,126.41267230306828
EK202310207648,138.01295364774364
EK202310150068,152.76620187049446
EK202310199516,147.41564784309915
EK202310214499,157.69787175438987
EK202310193968,148.61537632332806
EK202310199178,126.50823990506177
EK202310226312,142.51326517809085
EK202310171202,143.49163304000726
EK202310136385,155.5823448158198
EK202310240675,160.0613715847065
EK202310131075,146.95896115098967
EK202310213481,120.60673382713141
EK202310212831,155.3578810700447
EK202310163142,140.4302791393612
EK202310107446,131.2155632199368
EK202310157890,143.78864013998873
EK202310214663,139.43433510892842
EK202310163666,133.0246925627583
EK202310117353,137.35309556908814
EK202310209794,122.69236170975594
EK202310123734,145.2792910773211
EK202310224602,140.01844205784528
EK202310218073,155.9856324123846
EK202310247816,152.26899197344218
EK202310234711,128.70975593820344
EK202310145443,148.90282619110621
EK202310246298,163.6846391345138
EK202310110010,141.79487672854242
EK202310159895,163.95315532908876
EK202310111143,145.04555102294634
EK202310209834,140.56570617324724
EK202310209444,145.94981369446793
EK202310192938,141.64701989037664
EK202310132559,120.04306068462799
EK202310152101,157.73359872066348
EK202310180196,127.84721078426432
EK202310194423,122.15292408194387
EK202310200390,152.85156776853964
EK202310180474,142.8219681619939
EK202310116603,146.0672221527829
EK202310171924,132.22373627064786
EK202310212746,149.85448750074238
EK202310146529,146.879744062773
EK202310215859,153.54361897725983
EK202310141533,140.9040785001222
EK202310233067,141.26831900554407
EK202310214675,156.51755511363837
EK202310148386,152.09368229844168
EK202310168758,149.86021666589244
EK202310222971,137.70652187630665
EK202310109333,150.5809072097639
EK202310243241,149.77890763124364
EK202310146985,147.23655472469358
EK202310232878,178.99899210487473
EK202310234120,133.43431641046243
EK202310162882,166.73851748449354
EK202310190206,131.5865206856565
EK202310159348,165.45478711675358
EK202310201231,154.3532163584615
EK202310178530,159.04454496846185
EK202310189794,147.29512385411465
EK202310236784,136.69550226468638
EK202310175553,135.23261611450732
EK202310241797,139.98238424955102
EK202310114344,153.90634869705647
EK202310239590,146.9364634388869
EK202310227224,163.8932372965739
EK202310121744,141.5322802747915
EK202310003715,149.88325700274376
EK202310116073,140.17117654979654
EK202310197067,137.43047401549532
EK202310115532,144.5347288413942
EK202310217365,152.82427817186604
EK202310148754,155.70578526402176
EK202310109024,144.0600706879948
EK202310004073,133.72119062330236
EK202310198767,141.8654221505301
EK202310125904,136.50408097767573
EK202310189747,135.9594135333084
EK202310121824,155.5251569470434
EK202310183939,144.6087859102865
EK202310207963,139.84562729180493
EK202310004477,118.27731174239177
EK202310184855,140.8718265025254
EK202310121710,136.41918204880767
EK202310155103,134.04862085691298
EK202310127606,154.68067476644168
EK202310237460,116.60268736842634
EK202310189005,129.44222064357245
EK202310163144,171.7787151674577
EK202310195358,167.52210446239943
EK202310114203,115.02760170008416
EK202310200907,152.37917407299062
EK202310149290,152.55674741203075
EK202310186674,147.31958379374146
EK202310219434,135.03460677989366
EK202310113939,131.5534636042814
EK202310144604,143.56973240776432
EK202310202520,151.21514522576135
EK202310199251,144.97447983270106
EK202310171909,144.2222302226987
EK202310197493,150.84417032809574
EK202310200738,165.97718201248364
EK202310242193,153.73918411673998
EK202310166469,146.5804213106415
EK202310179577,154.18570732700908
EK202310199333,140.7878544087711
EK202310208438,129.7866860251888
EK202310243666,145.5656827055744
EK202310113305,133.19489270406774
EK202310189666,174.6904198694902
EK202310233041,132.78839691614058
EK202310127498,151.377037198585
EK202310208207,134.58575989697673
EK202310161596,135.08024682278597
EK202310175979,153.4269827661354
EK202310222437,137.28204235346303
EK202310139352,159.01555278561855
EK202310120360,139.99571956541206
EK202310183484,148.7203890998791
EK202310206451,132.86262628375496
EK202310163448,158.42184520410552
EK202310113067,145.2913705648003
EK202310217739,114.8995185010709
EK202310120891,128.17595526425603
EK202310144456,142.99379968060774
EK202310243976,150.9147201377258
EK202310126697,136.95977710462367
EK202310221562,128.19587501103052
EK202310245501,128.06150909623236
EK202310227085,141.6249655435772
EK202310124539,137.10086567307542
EK202310113359,147.9230656894072
EK202310127238,148.10849861178374
EK202310186281,169.74585135471588
EK202310231780,127.78273905414014
EK202310218693,133.2430538868224
EK202310166062,125.97888411733587
EK202310194807,150.9535946013002
EK202310145164,151.08597346955528
EK202310139520,141.2438561705139
EK202310202232,154.53103038586946
EK202310106234,135.90012387027653
EK202310150099,132.67322832704608
EK202310148854,134.0551037178972
EK202310207751,149.27413429352868
EK202310119385,159.05322215183566
EK202310247407,127.586485775701
EK202310187815,150.04821145438595
EK202310180649,143.75913743931946
EK202310169614,126.42675785299525
EK202320007494,157.82006061826405
EK202310123604,129.94640282987154
EK202310115115,138.06289597225378
EK202310247203,144.49595000360765
EK202310128939,133.76910276147595
EK202310151766,162.85582377477886
EK202310154684,144.97730560539804
EK202310147564,150.39189123377588
EK202310217040,143.40437853044355
EK202310219269,122.49374687529301
EK202310177587,132.248881135427
EK202310172628,135.87853973056744
EK202310193264,165.30080084182214
EK202310204129,141.17908946513373
EK202310227714,134.39704432646556
EK202310174368,157.85941115803695
EK202310115514,134.4318468433023
EK202310114314,144.08903520364402
EK202320007053,154.84922513549992
EK202310196358,150.9358791308462
EK202310223590,131.0257157167064
EK202310186191,142.50108417884994
EK202310169460,160.70463440848172
EK202310206652,166.24808694623167
EK202310176776,154.27158156782968
EK202310112945,129.3685458375289
EK202310243798,145.42639882336286
EK202310173522,126.57813500289382
EK202310147691,138.44149529092343
EK202310221131,134.28901997123052
EK202310193542,131.37580122215996
EK202310110806,140.42418642113014
EK202310140872,139.89866920560425
EK202310115723,128.06024548587027
EK202310227673,139.3386085210017
EK202310104188,146.27947683405884
EK202310176128,140.41548851898094
EK202310179757,157.106499907766
EK202310217690,130.08229065511085
EK202310114918,142.27219055432423
EK202310160022,157.4737273753461
EK202310117222,136.08453053871204
EK202310181651,145.5156647149861
EK202310202302,144.40442805200928
EK202310141935,137.44260252139824
EK202310166006,143.86485776330483
EK202310141835,162.60082631611544
EK202310113039,151.16701336814728
EK202310171526,137.34453568929885
EK202310231390,145.79568799975033
EK202310111326,129.38533255406261
EK202310104950,134.26542036092977
EK202310234139,140.15869009763938
EK202310207302,149.86913552773277
EK202310202018,118.90346344698827
EK202310205260,155.55913209137609
EK202310221441,168.3489976877592
EK202310174816,139.55368530986445
EK202310138649,155.42154011224193
EK202310208013,160.43251070908627
EK202310181493,152.05026608774554
EK202310243648,139.0886248521513
EK202310113262,144.58434763801782
EK202310171352,146.85324278501218
EK202310189555,128.91855214261864
EK202310154506,145.51636174884865
EK202310227922,141.36835203646018
EK202310243180,158.5142531778358
EK202310145403,128.63432767036448
EK202310229261,132.49800397931492
EK202310125086,139.4442052272821
EK202310188059,126.50008859888497
EK202310175935,161.8399076580915
EK202310104930,129.28135222494518
EK202310207696,142.75293489183676
EK202310176769,143.88552566121854
EK202310241580,135.94192759344853
EK202310128189,139.19516218677188
EK202310116358,131.66709477589328
EK202310203206,142.35498319732795
EK202310224617,124.11606307818079
EK202310216139,125.58827232612644
EK202310175157,132.12159486080856
EK202310148792,143.16475337420346
EK202310127748,129.8267345446674
EK202310183427,144.85370853181627
EK202310151784,136.66652964391955
EK202310202141,153.85470946623624
EK202310211204,156.13224002770073
EK202310230323,126.04501745398167
EK202310109892,139.96124858528216
EK202310187574,142.9877898004571
EK202310174395,140.62600793430443
EK202310205384,149.43931935837057
EK202310139355,133.3137329474902
EK202310161479,158.46020124859976
EK202310135561,132.903960374784
EK202310165218,145.36685179969456
EK202310183022,153.119937308001
EK202310125772,120.32522900729691
EK202310105325,149.3588991427965
EK202310205291,146.95331370146303
EK202310183115,134.97565627270865
EK202310142673,139.84081969064428
EK202310144959,122.45400069362498
EK202310156704,130.4321696313798
EK202310132122,132.6111426830804
EK202310174428,160.69599111997923
EK202310238510,137.46783322593438
EK202310004299,143.47595496218133
EK202310225687,152.86810002899932
EK202310152553,151.32938815382866
EK202310180231,151.64371971544975
EK202310189895,160.11337595054604
EK202310115789,132.5995081753394
EK202310107016,148.06596053768484
EK202310174702,133.83077985336064
EK202310184083,136.02570993069963
EK202310193580,163.0679356660401
EK202310217608,151.39247527544285
EK202310143791,138.32495146029717
EK202310171379,151.1880158039137
EK202310151018,137.62888653074307
EK202310167547,133.22012093694832
EK202310113875,156.53436933130598
EK202310242027,144.2419152332789
EK202310236948,139.5966263307746
EK202310241638,116.72576027908968
EK202320006399,134.94720614145925
EK202310155475,138.13621792152472
EK202310183498,148.21653344628405
EK202310175183,138.21704470725504
EK202310212112,139.92902623678663
EK202310219895,144.03401740659464
EK202310136160,168.82310134130512
EK202310237484,132.15165495009217
EK202310165481,128.39081380809742
EK202310240928,118.82689261520183
EK202310103807,136.6188414788706
EK202310138400,147.04265235577384
EK202310206371,120.79990249219233
EK202310194193,158.73729251563284
EK202310148048,148.97041599446837
EK202310215728,138.6176793219113
EK202310131760,146.2229484897734
EK202310123574,144.50197567292403
EK202310141515,142.04692300740277
EK202310237561,157.85536601568165
EK202310217955,124.69164737995362
EK202310208062,140.58610556148952
EK202310163578,133.37561190500494
EK202310116460,147.64953421911798
EK202310181932,170.0854647849674
EK202310190411,158.7325500772181
EK202310229861,147.06294057804195
EK202310246656,136.40068495781546
EK202310118260,139.5640099468538
EK202310115843,139.2286098460794
EK202310170542,148.60541010064398
EK202310189836,171.3553772981597
EK202310176951,142.97758340114285
EK202310116213,163.45167020789108
EK202310128876,129.8325129876205
EK202310210854,135.01560661881905
EK202310217897,141.8611592141963
EK202310213279,146.56988177304135
EK202310203346,139.3896811787722
EK202310111168,147.5453995473154
EK202310205607,140.89299843909828
EK202310181632,176.09667405463983
EK202310163875,143.24173832684704
EK202310106796,148.84842431774288
EK202310172056,173.29779210482914
EK202310195599,148.64241973462657
EK202310140727,135.71866306444136
EK202310208341,141.5562589952333
EK202310129380,136.12364390107743
EK202310140408,159.0477468164264
EK202310196671,159.91232850201604
EK202310164630,138.98769758232646
EK202310147505,147.71690645791293
EK202310110408,147.71936512388766
EK202310189343,154.73929638630472
EK202310232277,150.17874374639814
EK202310113134,133.57029570264777
EK202310154457,150.12206697379872
EK202310192875,142.32250886308464
EK202310116376,132.49192015540197
EK202310198131,131.3966261667602
EK202310200171,146.22097242263246
EK202310200642,148.11924479560818
EK202310123172,162.91415258140796
EK202310182386,151.71304423861844
EK202310148751,159.96215797429443
EK202310109301,132.5521060156163
EK202320007005,149.11622758623025
EK202310118442,136.64159072136627
EK202310132586,138.0303401412398
EK202310137853,136.43813341268955
EK202310175957,140.00023763040275
EK202310137878,149.00669925428573
EK202310141392,151.0716995645979
EK202310150895,139.19681778197025
EK202310234943,119.03307181939662
EK202310180019,157.30640775690327
EK202310118936,150.638845179052
EK202310140493,140.90563223340365
EK202310175748,141.01128461516493
EK202310139140,140.72572870658828
EK202310194407,132.85628570870585
EK202310174235,139.44334176985473
EK202310171740,138.16321908761935
EK202310135496,165.28782700498226
EK202310219315,132.84930606947344
EK202310209481,152.70070712254778
EK202310142378,166.01532526569488
EK202310213131,138.8495600900321
EK202310126847,147.7796539168967
EK202310139757,137.1035054937761
EK202310166582,165.24039121634254
EK202310177776,147.56735750917358
EK202310179499,155.39928508090793
EK202310243445,128.9125163548148
EK202310176421,143.5122728952607
EK202310219058,140.04347082358814
EK202310108023,127.74877469187447
EK202310140417,163.56080967380962
EK202310130436,166.5512362480671
EK202320006321,166.17137628111615
EK202310220044,142.20254065783473
EK202310131037,141.80978481130583
EK202310248111,136.11762736175416
EK202310106861,135.02241586889642
EK202310110253,137.68884939929467
EK202310201245,153.20489294781342
EK202310138402,122.8886404060426
EK202310233866,176.00952345631686
EK202310003560,129.69080273370685
EK202310120345,127.56349526263021
EK202310201242,132.2397629920172
EK202310190427,150.81872376587577
EK202310148725,123.79349830890065
EK202320006763,156.27736675767727
EK202310196906,155.11217400480615
EK202310241763,145.98272937891167
EK202310204305,153.84994866483905
EK202310190705,161.32240339826873
EK202310107647,126.75865297859826
EK202310178205,154.6862082357511
EK202310226329,129.77590897133388
EK202310155075,155.8629553145406
EK202310161375,157.8709343331962
EK202310184194,159.03322284195622
EK202310146287,145.1678187258896
EK202310151428,166.55229364740578
EK202310169581,119.01650804757072
EK202310159986,137.93943975282085
EK202310235054,140.9389235936972
EK202310232794,151.65390771242434
EK202310237245,132.43592367667944
EK202310159951,168.5642499166449
EK202310137689,137.54935412454498
EK202310104122,124.91224136873309
EK202310237215,135.38431625106722
EK202310224167,153.15897562939858
EK202310165353,147.3841587878323
EK202310003464,139.4191540471447
EK202310146423,149.77995255118236
EK202310175125,129.22699085042854
EK202310229556,150.4622847825881
EK202310227408,138.58091574576883
EK202310243062,145.03488995962354
EK202310213464,135.43193102674874
EK202310111472,151.0900695043246
EK202310108233,141.89189827051354
EK202310223065,130.08594644525377
EK202310230558,142.43556986552943
EK202320006897,159.2114015981243
EK202310200032,138.2867231059142
EK202310187191,158.96349064955646
EK202310161900,146.69181606805148
EK202310121241,139.47085323236206
EK202310225448,138.91658576756757
EK202310227739,142.97101930125368
EK202310216508,146.21070646446432
EK202310233619,140.73330499609702
EK202310233918,142.18068393110516
EK202310202411,128.43124188601607
EK202310186765,162.97985907372964
EK202310241519,138.50079315637305
EK202310203547,150.66586303288068
EK202310186570,166.66681795389889
EK202310146153,119.54354821010543
EK202310226412,141.03612441813442
EK202310214773,163.6137169803432
EK202310141684,150.63267366429176
EK202310149333,139.32731112438847
EK202310144706,139.23759757646044
EK202310104027,140.46601982207144
EK202310109413,155.37446223453793
EK202310193755,141.3106545344862
EK202310166019,152.54718176843804
EK202310203410,150.00596264098678
EK202310211531,135.91698546931573
EK202310196157,149.55274551784254
EK202310244349,147.38388152034145
EK202310145494,132.84109989636713
EK202310212588,148.00388638464077
EK202310139780,136.17131602920267
EK202310240088,147.64078621369262
EK202310111166,151.94542713440467
EK202310188435,127.69648322857172
EK202310177633,145.23404883056133
EK202310112926,145.04192171447338
EK202310234867,125.18522805050466
EK202310185802,133.86978761909754
EK202310162594,169.373004918271
EK202310180089,153.23285716573812
EK202310217336,128.4460109648352
EK202310192546,155.69254876051406
EK202310214169,135.8187333116472
EK202310140770,160.98326079142885
EK202310133498,158.45195887260226
EK202310118801,155.74569307199778
EK202310142404,158.89679928899497
EK202310147891,148.1225254910222
EK202310210538,132.6931646546383
EK202320007456,146.7941561951662
EK202310144587,137.16262521585497
EK202310124235,125.00963651622584
EK202310158438,144.83973814543742
EK202310215490,124.46654895369778
EK202310174451,151.8814002778072
EK202310212066,135.1005384623633
EK202310222526,135.42996156242606
EK202310188934,117.43838195965083
EK202310227893,129.9719698132422
EK202310181260,142.5548745306235
EK202310202577,136.26129488997972
EK202310120212,148.4875779135126
EK202310149119,158.24091035240832
EK202310154393,177.9018945654686
EK202310152225,120.8505458178636
EK202310105646,136.31827882796
EK202310119351,128.22092089642618
EK202310148657,140.9253321427229
EK202310196509,136.97126086308327
EK202310194902,151.43337802542342
EK202310148288,128.73417532805541
EK202310215542,150.61784359793862
EK202310167939,149.13614170307733
EK202310167455,158.42237436823854
EK202310117792,128.4960654982303
EK202310173362,148.76229931009775
EK202310124739,176.72560754024178
EK202310175587,152.51659904173613
EK202310213185,139.16672720724284
EK202310152468,149.1577694214493
EK202310131120,155.29010218369206
EK202310124976,145.59263343184293
EK202310112499,158.37498381825964
EK202310195528,134.95214507935455
EK202310239210,143.01701897009676
EK202310142674,152.5150693707521
EK202310243104,145.30366395368762
EK202310237267,145.9109570966153
EK202310169374,138.1633946685685
EK202310234090,127.69630918857143
EK202310233816,149.51226161270606
EK202310196376,156.57799128214594
EK202310148225,143.65451952132557
EK202310228837,120.03599723546787
EK202310181830,141.97525900231997
EK202310191899,144.1078182568249
EK202310229263,140.2374134087886
EK202310141990,141.3029154935226
EK202310169654,149.7986410755877
EK202310123584,140.59499474565484
EK202310109674,140.33589952658346
EK202310106658,142.60556825343093
EK202310237324,126.65906484296747
EK202310133847,161.137015573794
EK202310177544,127.8559065084138
EK202310123823,143.08588529978323
EK202310240866,127.42672603237465
EK202310200799,151.83362235249467
EK202310004956,130.25260618823935
EK202310109116,158.9842326513681
EK202310181159,148.793571959832
EK202310128546,151.0730270424091
EK202310206764,136.11416550559466
EK202310203787,131.73574396420298
EK202310193227,134.31562371605298
EK202310157337,171.95621548605223
EK202310190691,163.35026457667908
EK202310126193,138.93272607604263
EK202310223219,133.7375837237287
EK202310161546,156.53033642930447
EK202310220676,144.4125778937648
EK202310142344,135.19075974493947
EK202310182666,120.15762355932887
EK202310217828,135.12197206745032
EK202310240257,135.3862983592095
EK202310125068,132.77887228323124
EK202310166358,154.24627747355086
EK202310177216,167.43227490146774
EK202310146952,133.7942485303746
EK202310199886,164.76450741399037
EK202310147741,158.614704132725
EK202310143091,146.67867823521874
EK202310199575,141.23275849149397
EK202310187305,159.4337439444651
EK202310222496,152.35612418773854
EK202310216424,142.2377840231367
EK202310104377,151.8213778654027
EK202310227219,126.55961057438817
EK202310140922,147.69347795597056
EK202310165008,162.43201860752967
EK202310135583,148.08857478888632
EK202310171535,130.58873516833916
EK202310219272,147.38513284393937
EK202310120647,146.77238478860275
EK202310140490,146.09345568772642
EK202310173840,139.58158682357765
EK202310208109,130.96050263870606
EK202310175605,144.4235373597467
EK202310194297,142.68732010918725
EK202310116012,124.40010276115419
EK202310133738,124.900088255431
EK202310003422,142.75261048695336
EK202310186980,161.2533212210372
EK202310157421,139.06933675336643
EK202310145922,129.1708987621836
EK202310203349,146.31921229238458
EK202310230457,172.38305882026071
EK202310230009,127.07873074468469
EK202310144393,158.8589504704634
EK202310155684,137.49148140240803
EK202310243499,137.28794524822854
EK202310148155,132.47806607161434
EK202310162141,139.71773525130703
EK202310202043,145.37842760016864
EK202310165608,140.47682522620414
EK202310193544,120.63964674515611
EK202310164222,131.0537240279223
EK202310154530,146.97978196365747
EK202310185022,140.29415960970582
EK202310167516,155.58884923668785
EK202310165006,129.19806716685176
EK202310138314,167.03346264658285
EK202310213702,132.86523182465885
EK202310223111,159.75533448833318
EK202310183009,126.93402207065935
EK202310175427,137.0117105666309
EK202310198303,131.42858514846085
EK202310142355,163.10661211694668
EK202310190847,154.6953649228246
EK202310165750,162.6176662975047
EK202310163376,133.68529303390466
EK202310146237,157.87603633989383
EK202310228171,142.7690770879634
EK202310222340,149.37907030083747
EK202310119317,137.13465930827326
EK202310209759,150.45562476229975
EK202310188992,143.207459529102
EK202310236787,134.50694722426925
EK202310235111,144.6454528856828
EK202310192259,143.64178681865477
EK202320005738,159.78365912476312
EK202310143173,165.23694654304686
EK202310188740,147.81647270040511
EK202310106354,140.02921984216746
EK202310235348,148.75115146391667
EK202310234038,161.83909322321887
EK202310172622,177.25087381263992
EK202310172486,150.15562788978608
EK202310121194,124.75205047034835
EK202310221290,148.5182675784545
EK202310207879,144.95813213651022
EK202310114510,136.76396437548055
EK202310179068,148.312926047368
EK202310163368,143.87428730653207
EK202310232807,137.69500240883087
EK202310120523,121.37629800143813
EK202310103969,146.2360676131902
EK202310004188,142.25919859087253
EK202310170648,162.2740042094383
EK202310139767,140.0074956034876
EK202310138473,167.4408501327252
EK202310235505,137.34729914617387
EK202310178729,129.11580414017823
EK202310246801,138.80317755286188
EK202310120603,139.4379466219639
EK202310114895,146.60109901401358
EK202310223798,140.02490224734044
EK202310128963,133.04925951371675
EK202310133013,135.24590331220082
EK202310180731,167.43037893932637
EK202310113860,127.76717740108074
EK202310201583,116.05999939294708
EK202310137449,136.34101384107169
EK202310149678,160.45960408669492
EK202310199061,144.8240597504665
EK202310206139,133.40538614678655
EK202310178048,157.25452981101665
EK202310206902,148.72399909957977
EK202310135879,141.86475653633963
EK202310118974,129.63040069886836
EK202310240661,155.50740273895283
EK202310247702,120.16728802865221
EK202310108959,152.80591481042674
EK202310139148,140.5250651551372
EK202310213608,133.84724337063147
EK202310200833,150.78461226154454
EK202310205491,147.12700354164994
EK202310151833,160.96356704600686
EK202310170507,124.9002922765794
EK202310204695,150.1831809694893
EK202310190993,148.77860761398784
EK202310181846,141.15879089138463
EK202310191614,153.8697953092265
EK202310146281,151.59468242952354
EK202310239715,144.16603060114744
EK202310224583,122.77059866815799
EK202310225752,139.00885337791132
EK202310004050,149.54934756499006
EK202310112334,116.63841814185095
EK202310178782,125.33705731737601
EK202310162090,148.2041209179594
EK202310221447,150.45736271162684
EK202310219812,151.9991843915455
EK202310161855,154.73506541401053
EK202310127861,141.0664114792016
EK202310114282,145.96149791348816
EK202310105617,133.6049801305911
EK202310209302,144.48463705406934
EK202310115118,162.98769614157754
EK202310003916,139.29810339064886
EK202310153698,151.7513250933832
EK202310229027,135.67125760466112
EK202310125705,145.18384191428194
EK202310123526,143.37569560463047
EK202310226530,145.7305718473927
EK202310136267,133.21624783635806
EK202310126875,150.28155269046104
EK202310219223,121.1648885098654
EK202310169669,137.85706060794269
EK202310136907,129.48671693117427
EK202310167168,133.45676992490118
EK202310225793,134.70588755148162
EK202310178640,163.90945249339555
EK202310130165,135.30192818243847
EK202310154261,141.8474448682263
EK202310220444,150.13796010413694
EK202310237028,146.79462493600116
EK202310165818,135.11039840769462
EK202310122598,142.09013271364074
EK202310220372,151.4748231834558
EK202310137417,138.45588808305166
EK202310143378,157.88326976042237
EK202310175009,153.2805312485722
EK202310211432,140.61098631460823
EK202310207842,143.3570379070648
EK202310180149,133.9917551044631
EK202310190554,150.55511250235185
EK202310223988,132.77532535634114
EK202310130954,138.615279655116
EK202310116904,139.81541938336304
EK202310161528,161.13726272547314
EK202310148911,133.1214756889258
EK202310153873,148.43546900746833
EK202310144622,142.26402927021184
EK202320007179,167.0155026777157
EK202310213291,136.739132134872
EK202310248459,140.88845150544407
EK202310129665,131.90520590047612
EK202310105584,122.65877617076968
EK202310223037,123.34213733171835
EK202310173189,133.8644495112633
EK202310174998,164.25409396977463
EK202310128550,131.86481285417284
EK202310192354,123.21322306861649
EK202310118760,123.91382383528469
EK202310131373,139.96311379376752
EK202310168865,134.77926307671984
EK202310105103,155.74482284669435
EK202310242757,141.34786634920633
EK202310164146,171.9892443473021
EK202310165707,154.94911810516714
EK202310157341,160.9835477720988
EK202310161673,163.48734242883035
EK202310203730,129.5344426734791
EK202310165334,146.31527437965204
EK202310149964,144.83513016211964
EK202310109435,139.70189715279298
EK202310105784,142.7255775507355
EK202310004512,128.0331531026958
EK202310129345,158.2599500286353
EK202310168741,130.87953850391753
EK202310225441,143.04686468610436
EK202310189863,132.68366033854338
EK202310181790,146.66176665119477
EK202310223107,141.79600070449186
EK202310117337,127.78172367744855
EK202310247125,151.42515309601782
EK202310146172,143.48955555484187
EK202310229871,140.56021744470928
EK202310167352,158.61015996623473
EK202310197659,169.48911659214593
EK202310237148,147.50969085562357
EK202310204685,159.01181915805762
EK202310241003,144.702981408553
EK202310148969,136.36029433575774
EK202310217817,150.3985782931507
EK202310154285,145.78539943825083
EK202310241422,150.26622000373428
EK202310238083,152.74321129528144
EK202310177368,159.14141401493018
EK202310161506,150.70082903746024
EK202310159694,134.8185402975038
EK202310233873,138.88032197818188
EK202310159627,133.27691051209794
EK202310204809,142.747597991503
EK202310221148,151.11508239780747
EK202310203840,137.95203819710434
EK202310175485,149.18716746503512
EK202310157943,156.0727220469321
EK202310166246,148.03642289228847
EK202310104784,141.55711490124554
EK202310123376,137.84255387921058
EK202310204029,163.88285112610532
EK202310185358,162.09298752407918
EK202310108669,148.67725898057316
EK202310236018,154.0416700144339
EK202310238742,144.99904740403989
EK202310111453,136.42477742754153
EK202310113005,138.92801366599414
EK202310234668,143.39873268784626
EK202310231883,138.89855762364846
EK202310170221,156.6610628032986
EK202310004896,133.71559688133914
EK202310161173,150.5604683151405
EK202310145172,129.25339127593227
EK202310173181,131.21758549123928
EK202310188825,145.7740505977725
EK202310179888,152.73140860464983
EK202310232212,128.0908620879015
EK202310162487,145.5840140682306
EK202310136794,146.55558627271026
EK202310169969,138.90322910186126
EK202310165477,135.99771754620434
EK202310177712,148.08831450807344
EK202310129186,134.57147258069486
EK202310127134,154.685828982541
EK202310228641,133.00160398609725
EK202310195004,132.90915175677137
EK202310196656,143.52851257010968
EK202310129468,151.1126002808037
EK202320007200,155.21171285438513
EK202310153589,148.13335321504212
EK202310212764,169.13489721692264
EK202310205885,164.2455235550607
EK202310198505,127.025391443188
EK202310222811,138.28317312817015
EK202310168127,152.46619671947687
EK202310143599,142.64379067533855
EK202310227359,137.8299506040818
EK202310135358,140.09519600465006
EK202310171217,164.94836745197168
EK202310191424,149.53395111236608
EK202310149689,174.21929740276815
EK202310195376,158.268427333516
EK202310178299,151.96572345433236
EK202310210228,144.48502929759013
EK202310107326,129.75214097241104
EK202310152535,145.35401415172666
EK202310154473,136.8203455179648
EK202310174554,140.35728554709357
EK202310163286,137.0099770238588
EK202310111638,154.61798731630074
EK202310196108,163.13001515186787
EK202310212686,137.84411722711786
EK202310231718,143.0100609081823
EK202310137776,148.0331788420457
EK202310178405,157.0494275848747
EK202310117455,133.5477930155898
EK202310118568,149.3347375923187
EK202310222315,146.6268805115678
EK202310160822,143.61241232757823
EK202310118020,128.11093947177312
EK202310194677,180.5370703422377
EK202320006977,156.16854168414898
EK202310214502,166.5608806628831
EK202310146297,137.0655820122453
EK202320005953,171.52479499992094
EK202310200023,139.53443336257732
EK202310147399,149.97131765745252
EK202310110181,126.44603060671471
EK202310225409,179.20647084668386
EK202310107374,147.60791040194277
EK202310235775,134.25725302637642
EK202310154935,150.94043851497105
EK202310160129,150.38753921376397
EK202310136819,154.09066685192946
EK202310212339,130.2056674547826
EK202310186377,160.44454260753278
EK202310149686,166.1009523558136
EK202310137146,152.18584481277003
EK202310219413,121.42212105412827
EK202310224119,135.02726852155527
EK202310124397,135.08102620209687
EK202310118844,154.37215604288974
EK202310178888,130.64910864919239
EK202310203695,139.5676875977645
EK202310215102,132.1279181257444
EK202310116309,136.83558678916705
EK202310177340,156.83444974071338
EK202310155692,137.8710582124445
EK202310209761,118.81225361819048
EK202310192459,146.29441831268664
EK202310166094,136.1366587895345
EK202310106639,137.62371644745087
EK202310122597,133.1138485268498
EK202310176641,150.40177178830044
EK202310128106,130.34535149482613
EK202310164373,141.74091705825163
EK202310172650,140.2943510333476
EK202310161760,144.68146672749663
EK202310175173,135.6353823818486
EK202310220355,136.0385808815765
EK202310134340,127.76183069017878
EK202310200856,171.0148630249763
EK202310198775,174.88510730343836
EK202310237814,161.75918613227677
EK202310144745,146.5133404921041
EK202310116937,143.73030866236084
EK202310180183,150.34938536651703
EK202310123116,143.40053598479955
EK202310111360,141.88001854077592
EK202310218124,149.6848285988385
EK202310146929,157.21418840546673
EK202310144079,177.4510126730279
EK202310212540,162.80502194523626
EK202310206504,166.10972068433375
EK202310126991,133.70825657515178
EK202310159652,139.9580893770741
EK202310132965,139.1750889015954
EK202310203675,150.6733332399316
EK202310003467,135.8456787349721
EK202310178560,124.7311403542317
EK202310115094,141.29582612544323
EK202310127215,139.905589484574
EK202310116379,138.8874953227394
EK202310121118,139.36834095812884
EK202310196670,134.26168808869295
EK202310159655,120.71706311833927
EK202310201991,138.52981096184564
EK202310173068,148.0960313901944
EK202310117260,139.79058719704716
EK202310130209,145.34720770337128
EK202310183122,126.61295128530595
EK202310216257,124.19434324560244
EK202310176511,154.5804429866338
EK202310187962,157.20780403575327
EK202310245277,144.83948531257965
EK202310181710,130.60342328139362
EK202310227487,129.6916621717167
EK202310210107,164.2232564105772
EK202310175757,140.97408735329313
EK202310229135,147.3498820318521
EK202310150766,136.6388539511605
EK202310164086,143.18683243238328
EK202310121488,147.49601418326802
EK202310122656,131.52903508190693
EK202310176310,145.34767486176602
EK202310207786,127.17519176109305
EK202310116196,137.78735054902367
EK202310166658,146.95207165946306
EK202320007269,174.06312274405832
EK202310240222,159.9990254365041
EK202310233074,130.41134532981278
EK202310003785,141.8254338445228
EK202310218333,136.89743603862217
EK202310199829,152.8078780201476
EK202310141201,128.495357699143
EK202310152509,152.11163191161907
EK202310213008,137.41383945020513
EK202310234244,146.45558221508884
EK202310185496,143.91436350596433
EK202310123939,144.1360541789911
EK202310245118,143.3228027697132
EK202310126945,138.58854948347619
EK202310192940,145.22324794161133
EK202310154479,142.79924113333195
EK202310238968,138.78174614830868
EK202310220804,150.55341977577737
EK202310121547,131.07278048010363
EK202310156977,142.54819293602972
EK202310220913,130.47341802574658
EK202310153791,162.4049924907851
EK202310231371,131.11831725129244
EK202310155012,151.136094232343
EK202310106729,144.77107120953963
EK202310121458,116.25574490932841
EK202310129298,142.1400319280608
EK202310185168,162.7761371771344
EK202310171342,161.72147611136438
EK202310182043,136.34408824677772
EK202310159692,163.43622582823554
EK202310198219,131.39875082303993
EK202310186486,158.79046442400283
EK202310194185,139.1294692947188
EK202310135060,170.53189646648343
EK202310151875,148.51132865929858
EK202310148212,128.15470771349408
EK202310158337,147.5628319783109
EK202310160093,145.99432847682476
EK202310176986,149.17477694528333
EK202310142751,172.82999831852817
EK202310186987,138.50354919470874
EK202310213398,129.77074807980466
EK202310227507,162.10971664360463
EK202310230539,134.50042299658637
EK202310233022,135.9987472832509
EK202310112067,141.71897627513488
EK202310191571,160.0650154085831
EK202310128575,152.43150060857482
EK202310116429,161.6947117307575
EK202310222260,134.08832118479347
EK202310167112,144.3708005727161
EK202310197671,133.1349371737303
EK202310133983,143.30731454930972
EK202310125081,147.83248589688952
EK202310165303,142.3929802181836
EK202310245022,140.75686172224505
EK202310168737,142.92333268365024
EK202310224066,144.15204434635936
EK202310112653,133.53459503301252
EK202310163794,137.22893623192112
EK202310177672,149.14409008499436
EK202310113138,128.12890308562282
EK202310198082,141.30934933329672
EK202310186324,149.81510686375427
EK202310245063,118.57859646072536
EK202310162008,146.88193841546362
EK202310187033,146.37071982349732
EK202310165002,142.1435226561535
EK202310179112,138.90731247642267
EK202310136261,139.40656176666525
EK202310107886,142.95216113183494
EK202310178081,160.51449637214455
EK202310107978,148.0876517480988
EK202310186291,173.795368775395
EK202320006194,162.43087733820664
EK202310162147,134.3084108378563
EK202310145820,136.20333095470676
EK202310208270,136.39076998614445
EK202310244610,139.65750541306946
EK202310115965,127.9528777708974
EK202310173325,136.51647114812897
EK202310200487,137.72182643711545
EK202310151600,170.76238878483116
EK202310174873,136.6734924585933
EK202310154656,146.88957237612672
EK202310186158,164.7054714899583
EK202310159695,155.12631995444855
EK202310153171,163.18232812187782
EK202310116138,151.68090006639017
EK202310241920,110.83531580976458
EK202310172803,133.65418776501232
EK202310003408,130.11930762062417
EK202310113293,133.8773326914155
EK202310199063,142.33143521853643
EK202310151401,158.2379980773465
EK202310154601,126.11145626517978
EK202310111616,148.62618662285823
EK202310135809,137.85059485527808
EK202310123689,134.38163086157815
EK202310125344,128.5394800344704
EK202310204834,129.87515897363838
EK202310154600,134.61382472771044
EK202310171105,131.07832516466087
EK202310192374,144.96414981846976
EK202310137424,141.8396517766443
EK202310004414,133.42436945591697
EK202310157406,140.32703259619126
EK202310194870,159.3624814558928
EK202310184853,151.58804448245925
EK202310176587,139.19304787780416
EK202310211243,125.6737682832939
EK202310116843,141.0443544844863
EK202310167978,136.95678729638263
EK202310199028,157.666426116747
EK202310178842,136.8583384684818
EK202310003563,157.53659579644483
EK202310113491,134.7008257180803
EK202310202425,139.43646402516106
EK202310156026,153.84902650048852
EK202310235868,125.21490499438093
EK202310129923,136.30701714025508
EK202310115347,135.9011645712973
EK202310136092,166.48820494357014
EK202310212411,125.59726673125812
EK202310198783,173.73806222272617
EK202310154295,137.1234809362786
EK202310132080,142.5950033295
EK202310115510,135.28928799889155
EK202310186713,118.6601881979243
EK202310246486,126.73738229139201
EK202310220909,137.92238051225087
EK202310133930,146.2621891911433
EK202310230327,174.1188189032649
EK202310227578,149.4834766892212
EK202310147328,169.73940279712195
EK202310174500,123.7252837929338
EK202310121141,136.71230360766467
EK202310218136,152.7550646767275
EK202310187497,153.28344242254406
EK202310219497,138.10574909258668
EK202310158430,155.51007378772127
EK202310232072,144.53106145419827
EK202310161910,156.06445363433596
EK202310232257,143.84927188875554
EK202310109324,140.55258090705502
EK202310117586,137.4836041298146
EK202310145201,146.48685475626183
EK202310191458,141.3013418559817
EK202310163905,148.27679289885646
EK202310200681,139.86118856651103
EK202310190561,134.5877198452404
EK202310144363,140.0798815456011
EK202310196397,145.44128614414944
EK202310168831,143.08157666150382
EK202320007357,168.50488731448368
EK202310125955,142.71827820988656
EK202310210692,140.55156131538274
EK202310202677,149.1107813609441
EK202310212296,148.52451817157558
EK202310228282,127.37017531235226
EK202310198392,142.564591427584
EK202310189017,143.905738001862
EK202310184070,153.4518476741403
EK202320006398,158.41771566109475
EK202310221409,158.48116542952812
EK202310229971,134.9005801413794
EK202310202941,141.65350440496434
EK202310131905,136.89783677136165
EK202310112775,146.9387817609594
EK202310209245,129.49055481872207
EK202310185710,151.6039387437321
EK202310155827,127.00599972196042
EK202310158156,165.0541573583361
EK202310143080,153.22631327508228
EK202310217821,125.10803969682692
EK202310205060,140.91182671955866
EK202310152230,152.50890729569232
EK202310215647,133.65372473282872
EK202310216568,146.76056079103597
EK202310173496,134.9976209159103
EK202310132220,136.14172108923233
EK202310229606,134.25971883455077
EK202310197847,135.55053862150004
EK202310114444,142.5075034296646
EK202310212587,143.90870570525976
EK202310128678,130.64548104994122
EK202310129009,160.04887027517816
EK202310135868,143.57418187968563
EK202310004655,139.69857901437314
EK202310004666,119.55751785500769
EK202310172312,129.61655363913601
EK202310212324,138.7516378059396
EK202310234071,149.46786960017045
EK202310237714,140.56987739250167
EK202310227143,126.13756518361305
EK202310106080,153.41601931649302
EK202310115972,148.42030119578865
EK202310223416,148.00953807233316
EK202310185745,146.9354080109547
EK202310108584,155.30604465656793
EK202310244398,140.73517416453606
EK202310104476,150.97714584671655
EK202310243111,143.1323366532065
EK202310182118,141.18643709298362
EK202310231776,130.92374516207073
EK202310114793,131.05633614167985
EK202310107506,131.84364084476832
EK202310203271,148.62400244145965
EK202310206441,154.10039193620878
EK202310197006,128.04526097597827
EK202310213977,136.13986458239128
EK202310174608,149.66733990946068
EK202310126126,134.01806757498886
EK202310230545,142.36717601940705
EK202310103903,124.22529599376358
EK202310234105,156.76321525445047
EK202310165010,148.90451590068258
EK202310181940,146.72304104600352
EK202310118673,137.6846803258185
EK202310188868,149.62224428392224
EK202310170989,156.27981480156987
EK202310213961,145.8221857009266
EK202310236748,135.22002928432488
EK202310128144,146.1196857034021
EK202310131032,128.64058538592334
EK202310199927,140.04162693049676
EK202310228569,138.74240099475762
EK202310137099,148.24431301742894
EK202310216503,153.549111670443
EK202310225348,135.98120191354508
EK202310188082,143.62486513951612
EK202310107466,153.4160092337618
EK202310119468,164.07736814324068
EK202310177435,125.24781503283131
EK202310226065,173.2037625840772
EK202310238474,135.61532962013825
EK202310178935,140.83343289375756
EK202310111288,150.15358443849436
EK202310231278,141.67871548261633
EK202310195743,150.06599400720583
EK202310177642,148.05748960903287
EK202310159731,155.8127056744889
EK202310233199,150.4328299318987
EK202310164963,141.53615603510633
EK202310108728,127.22326294011411
EK202310241516,137.82625177480475
EK202310114502,140.0169070876598
EK202310163597,138.50141394387688
EK202310194099,148.5670227982845
EK202310191390,153.26150400973165
EK202310136653,147.59484539163773
EK202310132780,159.6472498039228
EK202310192296,130.98873048546022
EK202310210820,127.49484851697392
EK202310157545,158.9683402753562
EK202310117978,135.9937498524206
EK202310128805,133.32947938041235
EK202310239206,138.0809715807924
EK202310184728,148.6517479207415
EK202310188346,138.10044120378953
EK202310115220,122.84099272429602
EK202310136091,176.6067187347254
EK202310187000,152.14539751471878
EK202310004481,141.38232981977467
EK202310142481,129.71286852519978
EK202310241665,141.93096943824736
EK202310172530,120.43678560961567
EK202310242247,153.14484679073462
EK202310201108,144.06680210741905
EK202310157151,146.84334072752753
EK202310248777,136.16673905390797
EK202310234150,136.92716648718405
EK202310245991,133.67211525901016
EK202310196183,142.89215657938678
EK202310112151,145.92585680451276
EK202310240040,149.72639632308812
EK202310122111,133.8860414147485
EK202310237646,141.0227200926679
EK202310236751,143.7766626763551
EK202310110678,114.90327431421301
EK202310175472,142.02191333410653
EK202310104032,147.43722018878879
EK202310130367,135.20729504056388
EK202310218178,166.4761598625546
EK202310190059,173.0845472488885
EK202310154040,131.68411962382493
EK202310104704,137.42461629084366
EK202310234675,137.81476599959763
EK202320007076,153.42196873898266
EK202310117416,143.00876434385364
EK202310106592,153.63678792116534
EK202310218855,136.6623615576964
EK202310112951,149.13128545013268
EK202310198510,144.90974242756653
EK202310170591,124.11970072036634
EK202310171607,138.75528729257258
EK202310188047,167.75817768393364
EK202310106176,133.71331896849767
EK202310139729,142.27696090698876
EK202310188177,152.01803315912377
EK202310216551,126.98332956937827
EK202310190746,155.83961351274584
EK202310198445,164.56305445709128
EK202310167557,139.0636780076425
EK202310232345,134.66774658669496
EK202310205089,158.55156956384647
EK202310200704,140.52337925341985
EK202310168328,178.99102693396367
EK202310117660,128.56262228876645
EK202310241204,151.9431883757839
EK202310219555,130.90968462376307
EK202310108822,152.3136278866403
EK202310178261,150.55206611975632
EK202310170803,148.58382530621384
EK202310180578,143.76204398556655
EK202310183233,157.5114664636956
EK202310214067,170.39239837967136
EK202310177910,152.15743406956568
EK202310184628,168.25196627790987
EK202310236640,127.84362902086069
EK202310189443,156.18321255434267
EK202310219770,134.44863736897562
EK202310188035,152.92631108240943
EK202310110194,149.52877074775353
EK202310244334,143.13027962770985
EK202310196346,163.1059705601625
EK202310239240,137.40354833335445
EK202310190697,158.91875823703504
EK202310183845,147.73848536204915
EK202310173568,147.7963439008448
EK202310122648,135.92535426943633
EK202310138573,139.6516730393762
EK202310107238,153.07613782846096
EK202310123716,146.05779932847534
EK202310222719,136.31597881567524
EK202310119574,143.80333582836644
EK202310106379,148.0809760413
EK202310179487,161.97730077219185
EK202310204316,138.9541442993913
EK202310112072,145.43458805066038
EK202310103891,151.58674594202412
EK202310121527,149.87216723286468
EK202310147901,153.66333423965258
EK202310129747,164.9730145460985
EK202310216313,140.20084734379608
EK202310138904,152.02271596368848
EK202310148441,142.98422699301392
EK202310153870,129.94988543939056
EK202310108732,132.91167817494
EK202310180949,145.2868234142598
EK202310108710,137.41522288558147
EK202310198670,138.94384112746397
EK202310150197,167.97631428624894
EK202310213492,133.8723842822131
EK202310136448,145.53245304035354
EK202310131230,152.21398602656265
EK202310231399,137.27336472994273
EK202310121599,148.9114849175885
EK202310179738,159.48954168788626
EK202310167476,162.94895411710525
EK202310131623,154.54276579869293
EK202310140730,148.74256431709716
EK202310144389,154.65062629221802
EK202310245102,142.66404300338584
EK202310132691,134.95735441926823
EK202310106449,135.9542257462872
EK202310167353,128.59328578847376
EK202310236989,126.76353804713283
EK202310111119,127.07178719777966
EK202310186689,161.30145170524446
EK202310209031,154.83622414609385
EK202310139037,146.57866927920753
EK202310158574,139.5984600178819
EK202310235776,135.363834314346
EK202310149594,147.37020696458927
EK202310106989,149.98549668469022
EK202310207828,159.24031698254672
EK202310129283,141.66162182425776
EK202310103761,148.8200949656151
EK202310117820,120.88750383839843
EK202310170386,142.501252020823
EK202310200918,153.76858423813644
EK202310104618,134.03665331923284
EK202310211311,134.0696447613726
EK202310217151,154.92138654751247
EK202310197688,161.10062023102586
EK202310141161,125.3762439783633
EK202310200723,130.11524824116066
EK202310192613,148.0228830944172
EK202310231385,139.6710968270781
EK202310161421,132.96131211944004
EK202310185090,145.46902188801337
EK202310118323,145.0599784471906
EK202310179435,147.44767735386196
EK202310246748,154.2808048022211
EK202310203308,132.43600809281037
EK202310166549,155.33383747047208
EK202310231043,145.35924353027679
EK202310144171,135.37524658492225
EK202310171076,153.48713613315854
EK202310234671,141.9861266596539
EK202310178258,149.85787382362432
EK202310123111,130.9679143683996
EK202310105273,148.76610522941058
EK202310232779,109.6813532238065
EK202310245923,129.51779724873137
EK202310232934,138.17505847350745
EK202310206444,149.27704528457335
EK202310199292,147.71429297897035
EK202310172407,140.76836507784407
EK202310110982,125.57032565637797
EK202310136670,154.06858002327525
EK202310196416,163.2987577369358
EK202310147370,155.0625958004964
EK202310203187,136.1939429981232
EK202310127574,147.44723258244798
EK202310223109,140.71188873968975
EK202310210815,133.7178516240575
EK202310132728,168.42843118504382
EK202310195728,135.24951888793098
EK202310162562,166.1018223850318
EK202310122166,141.7027356222076
EK202310133502,159.67678550788173
EK202310176748,129.38429635463174
EK202310149681,138.73186388702638
EK202310133367,158.3725716248453
EK202310233308,142.74923048856647
EK202310111956,148.1738230689515
EK202310213087,117.2398747641496
EK202310163861,140.07493655746364
EK202310183017,126.1465888986853
EK202310148049,141.95078786773684
EK202310159587,143.83177007035064
EK202310120104,159.95560115038106
EK202310173791,139.6053329750338
EK202310120609,125.3452714303358
EK202310120220,140.51087105631785
EK202310164643,139.98946449888678
EK202310242480,135.06389836856442
EK202310237393,121.91037721903781
EK202310110258,134.47783921481997
EK202310203310,153.80955158078854
EK202310244388,128.52166760756086
EK202310142420,157.80021636366567
EK202310127247,157.92693636727378
EK202310245410,133.99910987759657
EK202310198231,149.31478712057267
EK202310224714,136.4518987503048
EK202310112152,139.34430824922742
EK202310219634,144.17090763354767
EK202310120507,138.8213327586641
EK202310121024,154.8235812285994
EK202310162609,148.2482604931174
EK202310198139,142.15836743604683
EK202310115733,137.81646695783047
EK202310197648,172.54852666572467
EK202310152061,157.10668814607163
EK202310246184,140.2816974155383
EK202310175646,141.42855949589833
EK202310195357,152.00554359321416
EK202310180995,155.60346441510723
EK202320007602,161.22961747261232
EK202310125780,148.07568701127505
EK202310141209,135.336394049201
EK202310241145,152.95345018377418
EK202310214473,168.05783842942225
EK202310104412,133.868913472649
EK202310145300,140.50625915278923
EK202310178546,130.08372511450844
EK202310222192,132.51442105571826
EK202310003791,127.76148346573774
EK202310164084,139.27019175948143
EK202310247625,126.29617488480528
EK202310179777,137.7340455463961
EK202310204086,119.73546415893196
EK202310199051,149.49565507375073
EK202310199503,137.44515169846724
EK202310124201,140.09546385053932
EK202310111462,142.97775766679476
EK202310149507,154.71272130303458
EK202310149626,147.6510273449014
EK202310196221,140.65817951328668
EK202310241259,150.79217153962966
EK202310110599,137.13657676898362
EK202310234816,142.5779684782866
EK202310179926,146.22447361414274
EK202310158821,144.44304696408742
EK202310203000,144.72897378701245
EK202310162317,132.88561873657454
EK202310125499,141.459583504152
EK202310171521,146.63586375608065
EK202310155121,130.89382769994089
EK202310246662,145.5917397859716
EK202310222404,121.49433393891442
EK202310119271,150.08807091473042
EK202310179293,138.92696386102205
EK202310162370,139.39058625824214
EK202310185317,159.74225353050954
EK202310192836,168.18484543412387
EK202310197187,159.13243696299224
EK202310119438,136.8041644790662
EK202310154800,140.00853072171967
EK202310162887,136.31257412412143
EK202310114407,145.71313381106464
EK202310107541,163.4980109134076
EK202310165391,141.5154806625733
EK202310114222,149.15615169418996
EK202310108463,150.88846930823806
EK202310160505,143.52510536613997
EK202310175819,122.82059591552547
EK202310224211,143.79631645071618
EK202310181094,158.77725738636624
EK202310209683,144.1203242302128
EK202310144068,167.6003416914248
EK202310185016,154.24546847989384
EK202310242866,127.19629269954875
EK202310136700,136.54300124128383
EK202310129667,140.08411227572623
EK202310185490,152.07285469162198
EK202310180615,134.58616942438442
EK202310106120,128.57316956003922
EK202310139529,124.05496280032996
EK202310208712,153.49744840048953
EK202310202493,148.07318704610887
EK202310127493,152.57707518735447
EK202310185646,143.71569171190652
EK202310236048,122.26831557636973
EK202310215422,138.80920064713817
EK202310154768,152.56756037739072
EK202310156660,139.69121108607575
EK202310215522,132.9995109144823
EK202310191431,156.03424098738355
EK202310219661,146.26801373671933
EK202310111217,108.30359899186715
EK202310142283,155.63474869581268
EK202310152451,159.4155094009863
EK202310131900,149.47551771734973
EK202310118813,144.02752239165562
EK202310158474,151.4937107261427
EK202310206038,177.94033860467073
EK202310140824,138.44437153394176
EK202310193053,133.3403356641519
EK202310239738,136.83932977736538
EK202310183514,165.98273342681318
EK202310228473,142.26503530828754
EK202310187727,142.1153857895588
EK202310208678,141.5210731897239
EK202310151445,144.81539683755912
EK202310129744,139.58564123161815
EK202310242221,139.17286426554963
EK202310140908,138.37470814974546
EK202310213034,146.21746311893102
EK202310162066,143.13047440927068
EK202310166091,133.80596014687814
EK202310168349,112.77958428058216
EK202310204830,135.0424775864822
EK202310119237,127.39934002246092
EK202310177687,140.2087315881928
EK202310194046,140.53468440821015
EK202310120099,125.9741127263471
EK202310139982,165.91882386057944
EK202310172126,129.78565991298836
EK202310225892,126.84813524299382
EK202310204605,146.3839366085175
EK202310166382,146.50364861906075
EK202310164816,148.28992415037715
EK202310118373,126.44853866568957
EK202310141696,146.39580691234818
EK202310229964,149.0263614353972
EK202310127949,146.30197266271554
EK202310239375,165.77103027760631
EK202310173625,143.83567754692476
EK202310141849,162.5057226838698
EK202310115485,133.4910783530338
EK202310129234,160.72479140882203
EK202310105793,134.34677806291066
EK202310158046,135.8467798043856
EK202310192078,142.7334032699411
EK202310211785,139.83932328057918
EK202310194018,159.05002275252627
EK202310223067,132.52894743621198
EK202310131851,162.10046394782333
EK202310146819,129.68036394777803
EK202310240643,153.7169183223923
EK202310156305,141.82425889864578
EK202310207011,128.63901008093816
EK202310225288,144.74825106479386
EK202310246090,148.9270831699814
EK202310159743,140.42277856388762
EK202310160951,159.10833549133224
EK202310164394,151.17117945623576
EK202310172687,131.75315010795745
EK202310157664,136.36861466976666
EK202310186799,150.11032038606058
EK202310177813,152.13430168283404
EK202310135564,153.7399714873658
EK202310109869,137.09241555899706
EK202310232529,138.0107318267075
EK202310190796,139.10880579286535
EK202310157371,145.78330376294699
EK202310248440,144.29280945562573
EK202310236433,137.25346666748214
EK202310155362,148.27494156416256
EK202310178291,149.07806704585914
EK202310236912,149.53302082431284
EK202310104076,124.32105400371687
EK202310192380,130.44678621329308
EK202310138804,148.95137414534972
EK202310151241,145.6730850069571
EK202310199540,130.68054565718163
EK202310173988,123.67764753366545
EK202310173002,134.09240171710752
EK202310243625,144.40544483797564
EK202310193531,134.2659150370442
EK202310114242,139.94318392187068
EK202310138736,138.03428702283713
EK202310190347,135.3981870957364
EK202310236408,138.95187763115538
EK202310120734,175.07394699679733
EK202310199091,150.85648665692554
EK202310163422,137.504225484722
EK202310204728,140.57715503339162
EK202310130979,142.2794654264765
EK202310183928,139.6852862450576
EK202310149172,154.47439260141255
EK202310112222,149.56118679827776
EK202310135593,169.00285720508097
EK202310116248,131.03402918130658
EK202310139060,162.91291897566444
EK202310119677,169.08623798955927
EK202310158107,128.86437464690025
EK202310132346,149.7804486148907
EK202310134894,140.85620834726805
EK202310136486,141.77414817085938
EK202310129929,173.66427367258797
EK202310105561,145.95544920661814
EK202310154663,132.71707613909086
EK202310170691,151.91097349948453
EK202310129385,147.37771594278593
EK202310201900,156.8010356171868
EK202310167771,147.83944758432335
EK202310157806,149.91792021664213
EK202310149813,178.1001555052868
EK202310176321,142.25971204198538
EK202310114996,136.70513635267642
EK202310190897,151.18130504965362
EK202310166461,133.57925618168025
EK202310137821,135.61884019991263
EK202310112150,149.9464546072355
EK202310192173,127.41351689863816
EK202310173654,155.67329438201648
EK202310220329,148.52766743073659
EK202310202774,159.49241273162312
EK202310150939,139.481452483093
EK202310155941,141.5813772551176
EK202310185382,158.50464535195692
EK202310237219,135.73228350854777
EK202310244185,141.27835539199225
EK202310221987,123.07729134391585
EK202310193216,145.62498820512934
EK202310145019,142.88058182425257
EK202310193312,148.52168684344707
EK202310121038,147.21660324791253
EK202310210609,151.97609480904458
EK202310198874,149.01902551294592
EK202310144516,151.8306449458929
EK202310110453,125.94815419283287
EK202310135805,141.6461276661553
EK202310128896,131.11468701826234
EK202310183544,145.04661219928622
EK202310181264,148.64391588692337
EK202310204958,154.63013919600814
EK202310168271,137.8837480150925
EK202310219179,123.07497724744539
EK202310224962,145.57023302795076
EK202310210604,141.88091173420682
EK202310159739,170.32773061844526
EK202310132707,135.37415118836896
EK202310105567,147.69131221484204
EK202310226814,147.08627501863572
EK202310217907,136.47651705717078
EK202310199396,145.85879488934242
EK202310105066,149.50394486567967
EK202310200675,136.14053752700838
EK202310237294,146.24117930783322
EK202310157377,132.59246618033563
EK202310229136,142.0904811273013
EK202310186430,134.55388390058357
EK202310163802,125.15952732430814
EK202310142202,163.47295510300657
EK202310195256,146.00095501422896
EK202310004248,146.44538993593093
EK202310195944,134.00185105744745
EK202310152129,149.37934770337822
EK202310235567,150.47334773055528
EK202310239108,161.92625523236248
EK202320007089,151.5033018737805
EK202310188372,158.69831056784273
EK202310177026,146.31955201290447
EK202310130893,140.9737218714415
EK202310145973,141.21370346600122
EK202310168876,127.19027199985543
EK202320005981,166.10660149765093
EK202310158643,147.84602893731022
EK202310186188,153.16519406663477
EK202310134495,128.773207830234
EK202310247686,143.1078703490557
EK202310150624,135.54486277422308
EK202310205684,135.81721631028557
EK202310130971,144.2054898847005
EK202310109938,154.7548818549652
EK202310157726,138.3531268537059
EK202310217250,136.43055237227466
EK202310232228,136.21617395105645
EK202310212931,145.59789035554363
EK202310224251,142.55781119775642
EK202310177088,134.73154308363968
EK202310178114,122.60545324462373
EK202310133902,151.43543736010417
EK202310243447,136.4134805274385
EK202310203833,139.0739573827145
EK202310205106,165.51289137726286
EK202310244839,156.70345003087343
EK202310153612,173.32338293919076
EK202310168129,120.21473846182951
EK202310210315,121.09719952803027
EK202310221450,133.32767072879744
EK202310229011,132.7506979622155
EK202310109445,128.8053864886759
EK202310172449,132.86554718458257
EK202310173624,123.98730711958845
EK202320007778,153.34910465497458
EK202310191821,133.2095465117581
EK202310163402,142.75834794866904
EK202310198726,177.82199995857616
EK202310235035,135.605686835102
EK202310190400,128.3742885417402
EK202310223143,135.1123747622968
EK202310134393,167.6965883451859
EK202310190107,152.82757131252427
EK202310199104,137.72111809917973
EK202310198171,135.50714303702185
EK202310126236,144.27197046522326
EK202310110975,124.75724136738033
EK202310163529,126.68484044971837
EK202310208517,133.32931185784003
EK202310229161,110.05266864733262
EK202310224145,139.34142749819415
EK202310245526,140.58886827518276
EK202310105925,134.53949448563313
EK202310241775,124.22569147290258
EK202310131256,136.37856313039916
EK202310167720,141.37934841116692
EK202310128585,150.41173455247824
EK202310171250,142.86374828495298
EK202310136309,149.00544682620014
EK202310159794,148.42249648013154
EK202310147802,176.30903347747596
EK202310217371,147.78537469602253
EK202310142272,140.76275422250382
EK202310192020,142.98427854417665
EK202310121935,145.36168177005885
EK202320007881,167.7498370153641
EK202310144741,147.34765300382992
EK202310237080,149.31768708922698
EK202310121787,122.81773428215303
EK202310157606,129.5047363763525
EK202310171437,155.9979758200591
EK202310108122,137.19952875468678
EK202310151362,127.26315137967721
EK202310115777,142.57311386581293
EK202310239193,150.975201437488
EK202310233042,136.65875211368467
EK202310202833,168.35774211928353
EK202310113174,139.79189751166075
EK202310167499,144.00585084750847
EK202310126289,144.26096321566376
EK202310129491,131.94507876478062
EK202320005784,158.75400809882916
EK202310170372,134.51947934338554
EK202310213906,137.01824368895157
EK202310199476,150.74861275175493
EK202310247011,152.82575312957835
EK202310195117,147.61048638736202
EK202310120294,153.66537748008093
EK202320007259,156.33568027307567
EK202310188597,146.35451336862815
EK202310165978,147.1864955967455
EK202310115867,128.14714797038977
EK202310193317,169.46172004765359
EK202310203873,127.99467189546348
EK202310205284,129.88482793862536
EK202310111575,121.5254084885083
EK202310225817,135.99599623394954
EK202310231254,123.5955209745403
EK202310183664,158.9476827470936
EK202310104179,131.621333416137
EK202310230497,127.45589758639453
EK202310193284,137.9023084834257
EK202310147738,155.37150328954547
EK202310241264,152.92949813629858
EK202310199094,152.19511732044904
EK202310128153,154.53458236195317
EK202310177426,154.57747196091213
EK202310106407,147.0968556618091
EK202310224168,151.42263157908494
EK202310182894,144.6048833653533
EK202310196624,163.78377793636295
EK202310174799,144.23935060006778
EK202310244287,146.95538961527228
EK202310158225,139.56830924737204
EK202310158700,170.94983370879345
EK202310194647,129.92485552919138
EK202310176945,140.0364675218728
EK202310242585,132.55057609891446
EK202310168424,140.27257098303747
EK202310155163,152.96376301662244
EK202310124200,130.77038363162563
EK202310167074,156.8669679461465
EK202310227610,166.59270208824287
EK202310172440,160.9386922120739
EK202310224828,128.44869255862852
EK202310125087,140.61090250537293
EK202310172624,141.86586751258204
EK202310212981,141.17411138141154
EK202310212038,129.10278120918022
EK202310181888,144.59427643125676
EK202310151373,150.24423728669237
EK202310151400,172.74633661559906
EK202310129480,146.24654226836836
EK202310105531,152.60721956222383
EK202310168802,148.74869966114363
EK202310143364,144.3774917400457
EK202310124872,123.25450503082459
EK202310204355,140.6395655672003
EK202310151111,170.46373652099066
EK202310208992,128.3680679798779
EK202310214546,154.1734940324282
EK202310149411,124.17772319466415
EK202310142260,141.20118873998285
EK202310164059,145.37537975955848
EK202310109215,150.83087800744985
EK202310199582,149.44895868584592
EK202310127468,127.95856784949868
EK202310142858,138.97801971079755
EK202310203332,149.05880739202559
EK202310158565,159.48133718674137
EK202310172619,139.96177074477535
EK202310107206,145.55185618742522
EK202310211213,130.67873824007856
EK202310172337,132.11398122020026
EK202310220668,136.46466829205673
EK202310153800,142.66570807518218
EK202310211090,113.57401871032425
EK202310189907,140.62675387179968
EK202310187277,129.99227120117575
EK202310196375,149.7942488266089
EK202310133091,150.1840400322536
EK202310126566,128.9007170823907
EK202310157696,129.42482998807736
EK202310170462,126.9013781323466
EK202310187255,156.77301949568462
EK202310123459,137.38852008110817
EK202310145959,141.37635474849162
EK202310220363,145.75858733245101
EK202310139815,119.45956070311092
EK202310181913,145.43026525396323
EK202310109098,130.44240141866038
EK202310132727,168.04541129953085
EK202310122252,150.7004267332323
EK202310167093,165.9057023842647
EK202310139661,138.983720430725
EK202310174818,175.65700834845848
EK202310166691,134.58113852671897
EK202310003691,169.09933426288077
EK202310237525,130.4621850963928
EK202310117373,140.7883548715882
EK202310179546,146.15341567470097
EK202310126077,136.9429671522479
EK202310184499,170.05832345510171
EK202310186109,152.17958728015824
EK202310106103,153.83284481075725
EK202310112500,142.64207044664101
EK202310133741,137.0886299774467
EK202310109783,146.00903707878365
EK202310117249,134.92109412176706
EK202310203878,135.37053423498057
EK202310196452,136.92098976022507
EK202310181760,148.6529803599308
EK202310112276,145.27405592924472
EK202310190428,139.97459524307976
EK202310217583,152.72609690002685
EK202320005844,152.51490221104893
EK202310206265,147.30191794111562
EK202310221855,136.80398954984287
EK202310152502,153.66523405471958
EK202310119997,133.87274902690964
EK202310234516,132.65545157842823
EK202310109706,170.5412891480696
EK202310148105,135.15207179363713
EK202310154560,124.59051130456609
EK202310236829,128.4206402730059
EK202310167010,142.25621701311957
EK202310240372,150.4381523454098
EK202310129679,145.73781928502655
EK202310213367,136.3578461665689
EK202310198361,148.26907939090242
EK202310154494,128.32883184705955
EK202310247393,162.80946311378352
EK202310233217,125.94843938854979
EK202310147827,170.96399950773525
EK202310115117,146.80402848419732
EK202310148420,136.65955614072334
EK202310190832,158.8088257566749
EK202310134924,133.2203320027975
EK202310188986,154.05299448613926
EK202310129065,160.43472218960295
EK202310191867,127.2653302596489
EK202310134983,148.30703898792208
EK202310113731,142.40019881623627
EK202310201726,135.18072870324846
EK202310230201,159.8327835765506
EK202310168525,151.15040398287397
EK202310244486,129.60114787633802
EK202310189155,155.85235200449588
EK202310140440,145.8468043415741
EK202310106749,118.03847139225358
EK202310179762,143.53368021283165
EK202310129836,143.70580728862208
EK202310220701,129.78855895576322
EK202310186360,134.21734728770548
EK202310109349,164.3548441514931
EK202310201338,154.84724459685336
EK202310212253,122.14856797467303
EK202310155921,147.39246863178127
EK202310205532,169.3028235649359
EK202310128471,152.63906530572135
EK202310201094,133.57309456849129
EK202310190383,142.09879847470427
EK202310110189,133.07093305342735
EK202310147602,135.24945137578732
EK202310198097,130.95703849031332
EK202310216064,126.65665564378068
EK202310211013,147.52173257346763
EK202310160719,152.53991427879302
EK202310176494,138.10077048094092
EK202310145249,148.82884153340754
EK202310235596,128.4382424387393
EK202310110412,156.93966078110705
EK202310200832,155.5710701126704
EK202310204509,148.10096911451612
EK202310149049,156.01542363521295
EK202310183661,149.75047342169134
EK202310216447,137.939955110326
EK202310200320,147.51504506738885
EK202310161067,120.13927470955433
EK202310207130,135.41659816006927
EK202310145591,165.18281744488993
EK202310127977,147.65851835300217
EK202310161518,164.73893308103152
EK202310138156,123.92671727420816
EK202310244709,139.94889694975672
EK202310142566,143.85301378767068
EK202310124071,124.34878534759584
EK202310152858,168.4032463605955
EK202310190782,133.6949233416217
EK202310167544,141.1635401175135
EK202310192845,132.16370268481083
EK202310160817,124.55934402457002
EK202310196420,159.70217820273473
EK202310004827,145.98646653914983
EK202310227825,145.89879114007326
EK202310194467,150.227651953458
EK202310113608,149.81730244186255
EK202310103781,130.27934124139784
EK202310221275,149.4732479372069
EK202310169673,131.53787505990164
EK202310190005,141.42157858100566
EK202310188898,151.75803012763186
EK202310183079,165.06705153405366
EK202310166912,144.85987830612407
EK202310142437,150.0039710164257
EK202310212298,145.40834870127668
EK202310109551,136.4935483508825
EK202310222094,132.35951092513346
EK202310202049,144.79503579979757
EK202310212471,147.3581345118863
EK202310187583,156.60397693885463
EK202310188837,136.8410089189511
EK202310220895,131.40606339529353
EK202310108270,144.95272841194046
EK202310186872,152.26050089955754
EK202310156937,150.8748407843043
EK202310242846,146.7140918254747
EK202310186481,126.33445687593509
EK202310221455,140.75197528365553
EK202310180574,137.81433236513286
EK202310168049,142.87676334676638
EK202310133898,160.22742765235841
EK202310168746,139.80418500940385
EK202310212474,139.5840090231508
EK202310161742,136.23486137190912
EK202310181202,156.29101645910782
EK202310200036,122.09657204267046
EK202310184172,143.50894209311397
EK202310239220,129.16973138082906
EK202310165958,128.78410959701839
EK202310212102,139.1709724886952
EK202310218823,161.29518220237784
EK202310151307,125.10177730368835
EK202310204250,159.2362340214676
EK202310183865,151.5322760696083
EK202310149510,150.26895515538249
EK202320006769,157.188612760462
EK202310227796,137.74594146127242
EK202310248710,141.38335261522994
EK202310198205,137.25419949108627
EK202310135989,128.86141237857228
EK202310124456,132.52078052497222
EK202310221007,128.8099194065532
EK202310126207,154.94015343221776
EK202310181795,147.2480703419644
EK202310168767,144.30407584751657
EK202310119332,129.76160054898992
EK202310135427,144.53168521910297
EK202310206685,144.08926310018066
EK202310241653,134.37763140567824
EK202310196379,135.0253118384585
EK202310120248,147.23881431635985
EK202310172212,138.82523257634745
EK202310181585,160.95662387819596
EK202320006780,172.48593152912667
EK202310133161,120.73745761697771
EK202310109841,146.64812637204076
EK202310152371,171.94515178353925
EK202310125316,129.48586939512984
EK202310127854,134.6339699420333
EK202310208551,148.55241062480155
EK202310172019,125.32508698662551
EK202320005655,161.0431263497701
EK202310117833,124.69461986657262
EK202310110950,130.18250467537638
EK202310244018,138.85642900974614
EK202310234592,136.818968027321
EK202310136966,132.12385500170964
EK202310185914,151.01258100115248
EK202310236175,126.74345602743678
EK202310187917,143.56356054610498
EK202310004461,150.53022503681234
EK202310131974,148.44331266702815
EK202310184967,147.5316544515689
EK202310185067,149.90175043596375
EK202310236069,130.61199088755384
EK202310186869,140.66223766914902
EK202310149914,146.18460381439272
EK202310154439,133.80776101737632
EK202310117130,135.000191693494
EK202310192819,150.85863240271385
EK202310158666,154.47789470371316
EK202310197005,122.02504472603698
EK202310203581,133.14949375280096
EK202310178102,130.5658034463584
EK202310224457,134.09092881032416
EK202310118618,139.79294159393046
EK202310185500,150.77775695787136
EK202310213431,129.65734170043703
EK202310201151,157.16117085234708
EK202310228224,137.24408241706578
EK202310148041,146.38598181786068
EK202310178742,164.13458182855385
EK202310227550,135.9177686189925
EK202310119869,144.7715973104284
EK202310146474,155.37166086532477
EK202310123299,123.33200109316502
EK202310187842,151.47546941360022
EK202310155425,133.28575096120863
EK202310210739,141.39469660994965
EK202310177302,151.67700052353095
EK202310202123,149.59087262834126
EK202310104749,148.0934142090318
EK202310185079,130.1004057655721
EK202310132781,123.83826182696072
EK202310193932,141.91092929200377
EK202310189612,119.64731082633034
EK202310201902,159.3899246142888
EK202310208534,141.59564125446576
EK202310189130,156.08283182644215
EK202310215684,129.70468663659926
EK202310160446,147.1398013837301
EK202310133958,163.17341898688613
EK202310176688,160.09860340235377
EK202310211793,122.16630594165673
EK202310210111,132.59886950100164
EK202310232666,121.25996104639674
EK202310128743,147.67538383744323
EK202310130719,113.75567549298012
EK202310004334,145.72113820740904
EK202310126855,144.36185739137161
EK202310152426,145.0090224110324
EK202310188746,132.0011308632633
EK202310236429,132.45238252120015
EK202310170500,139.083046382158
EK202310124582,141.49713325307758
EK202310181729,167.49111494291103
EK202310224787,129.7835510440744
EK202310108930,147.2789593800965
EK202310104434,120.40671552791054
EK202310115530,136.73414428597624
EK202310184629,166.58998840731283
EK202310217615,133.7221726115112
EK202310228010,115.03953147599212
EK202310199351,157.8185845981592
EK202310231067,140.9551396299705
EK202310215633,129.55512593990926
EK202310142323,173.8001096944249
EK202310244740,138.51320560640298
EK202310173913,154.6965585081393
EK202310218786,120.01265764597076
EK202310215448,141.3819296440976
EK202310114357,141.04320392517073
EK202310197601,146.827372346958
EK202310247322,152.0906276659064
EK202310231270,141.5506329104092
EK202310142374,127.0056305307419
EK202310117138,130.18577002805435
EK202310176849,133.11560927857246
EK202310109114,141.54239310502305
EK202310182696,156.34178230717453
EK202310135900,144.4545605332018
EK202310123905,157.07865505661593
EK202310130761,130.28609702468088
EK202310122276,143.11599765349385
EK202310121513,147.00345032642076
EK202310168032,159.27415112613403
EK202310213827,142.98193010339108
EK202310115189,129.4819285290796
EK202310138716,137.5700424624198
EK202310246376,146.01651482325553
EK202310227795,131.02787345500485
EK202310138696,146.38486726184823
EK202310194234,131.15756696466283
EK202310184761,166.28865836269205
EK202310162543,157.7763538181798
EK202310236480,126.03443058167908
EK202310209507,133.03132278285517
EK202310136499,148.78272638900316
EK202310204660,139.4409483291314
EK202310111522,147.82703830209056
EK202310105606,129.61339118563063
EK202320007453,151.48174851262036
EK202310232384,131.1072169356885
EK202310206748,129.1857997925265
EK202310241912,157.26345522962794
EK202310124064,138.90754721648167
EK202310122759,144.95653135499907
EK202310190369,156.51798628588412
EK202310186879,149.17998400285694
EK202310149694,123.5573334482125
EK202310223534,135.12147815286355
EK202310159550,139.05295293031904
EK202310221243,138.9445736549137
EK202310244635,138.56509172038113
EK202310198162,112.49101287760257
EK202310125552,131.53166212838985
EK202310132850,120.18593017911844
EK202320005964,166.52587343232844
EK202310126781,171.69795902850683
EK202310147128,160.66423914943607
EK202310226818,133.62109142288946
EK202310124338,142.25566456936906
EK202310225790,127.19345568330282
EK202310144382,148.23136565779816
EK202310160141,157.61801056119216
EK202310177663,139.60658144829858
EK202310231419,127.81577051818819
EK202310141307,134.238990459769
EK202310119017,154.0583128811327
EK202310219691,137.07795929368183
EK202310114034,134.59922862443582
EK202310207177,159.43165302391057
EK202310120353,139.62379931817716
EK202310003709,131.17437374326946
EK202310208102,152.52342920049472
EK202310117194,150.20207315337214
EK202310160414,147.60394731989993
EK202310128750,131.26908474887452
EK202310236926,148.21035442956924
EK202310230067,144.50580972499864
EK202310209445,147.57773587721465
EK202310237314,155.44468480026615
EK202310232234,132.06393853088713
EK202310150354,150.58331156016177
EK202310196951,152.8102464659709
EK202310194465,157.326221787342
EK202310193016,154.07023684019578
EK202310151083,127.37638058134593
EK202310184367,146.27564094309508
EK202310112469,157.65279280364246
EK202310192489,134.25507440787518
EK202310224546,133.6948607056063
EK202310247421,158.4762842520432
EK202310194417,148.6881981523842
EK202310121339,142.04392970584516
EK202310190360,137.72095988097016
EK202310226836,147.26516143177346
EK202310168945,136.45228166792552
EK202310227078,149.14355479001583
EK202310232895,135.37145509774328
EK202310230495,140.97944758184008
EK202310246097,142.59087631144135
EK202310202842,126.56227077735515
EK202310220262,126.90835451175376
EK202310134200,138.62199643266774
EK202310203601,154.7561898518679
EK202310190558,133.75990512928132
EK202310232949,126.95776361789122
EK202310195423,152.90483491842696
EK202310164136,135.33051736045562
EK202310111473,153.25240627779377
EK202310194752,142.32471948749475
EK202310139201,158.27897723917545
EK202310215712,129.31168512818277
EK202310126580,143.40560643277598
EK202310143206,154.64867327201262
EK202310222539,126.5883644717354
EK202310239797,127.98580036684609
EK202310157767,149.00185971083738
EK202310237925,138.1179205479324
EK202310227346,142.93707866587434
EK202310222227,133.90773579757843
EK202310231460,129.25883394476818
EK202310105762,139.5332061816103
EK202310149701,141.30568063087145
EK202310231185,126.64805100891482
EK202310187011,144.3367828206468
EK202310188048,146.47150569345703
EK202310147979,150.96357313403968
EK202310136963,159.98776322638645
EK202310223233,137.8079449074161
EK202310147717,136.4972878823757
EK202310235875,150.31473006449076
EK202310146872,135.52277586291933
EK202310114622,141.95450605161926
EK202310127235,144.18831969332828
EK202310170129,124.82187048634336
EK202310174462,149.45097237814423
EK202310239145,147.36806929719515
EK202310103947,148.79519351419975
EK202310118725,152.2376074926282
EK202310181241,152.51256095197266
EK202310215016,155.8326037968869
EK202310197863,149.38018777685758
EK202310162387,129.26630542344006
EK202310108126,143.81275678081496
EK202310207445,145.2838092199566
EK202310003781,142.6564325856872
EK202310153594,139.94671643683412
EK202310234731,140.81385483695286
EK202310112047,139.89152037501606
EK202310246932,142.7913625375691
EK202310218014,125.36585580453462
EK202310159032,135.45782141623172
EK202310108938,146.50114554806837
EK202310126068,144.14461025345764
EK202310146294,146.43851334479487
EK202310197490,148.0571478459697
EK202310235805,162.4610377928293
EK202310244213,126.59716362792125
EK202310169974,140.519443870275
EK202310180762,147.13964678729394
EK202310117588,136.86754874976828
EK202310146489,143.4640480233635
EK202310242008,136.72870578544848
EK202310175256,154.40413136612358
EK202310183438,149.96020409712645
EK202310216482,145.38650472160492
EK202310150432,145.72084649440416
EK202310224664,143.12927390551678
EK202310182573,152.71796164846103
EK202310227828,140.4233812093936
EK202310183759,161.40011743923026
EK202310168521,152.7065055626362
EK202310183715,141.64865273394798
EK202310142868,135.44381417069462
EK202310202199,155.09013107755115
EK202310167759,140.33758204687504
EK202310229275,133.97924323427986
EK202310229628,131.75230558382876
EK202310190352,144.48268854421158
EK202310234142,142.1076302309066
EK202310141693,136.2252732115571
EK202310133997,124.64026484241789
EK202310180676,132.1821306926212
EK202310127990,150.68510863498855
EK202310194053,164.7210167054373
EK202310240865,143.67552821277616
EK202310238191,137.48258937113485
EK202310218152,146.43194839813984
EK202310192642,138.30354133349107
EK202310113518,139.28636505065185
EK202310177048,155.74720284789112
EK202310003870,131.48093876673485
EK202310184101,135.28522348251755
EK202310123625,146.11273168462807
EK202310105534,140.33322581371388
EK202310130598,155.12100231199022
EK202310183150,155.36652918146925
EK202310223939,135.39869887210804
EK202310151237,144.98051173282118
EK202310150186,136.00624193362177
EK202310119286,157.19616930316698
EK202310147962,133.85483663241814
EK202310195618,141.16850912815997
EK202310146717,139.35416249645417
EK202310226225,133.37786784324155
EK202310108305,152.67792050008225
EK202310132381,126.00603293938252
EK202310130474,130.97257994392956
EK202310123530,129.66279040983414
EK202310207610,150.54366767663663
EK202310142942,149.55454886200133
EK202310181486,147.6540779928646
EK202310227391,136.5565038159617
EK202310219674,141.41658590295742
EK202310231118,137.59077896455167
EK202310156122,140.62776331801805
EK202310168356,150.44570259313858
EK202310152965,156.59719317269312
EK202310240478,152.96378450014888
EK202310220260,133.23130721592386
EK202310166323,145.65739462393367
EK202310130108,162.60191065722267
EK202310139786,142.5291687698448
EK202310163761,147.4613768736775
EK202310221197,145.2933531974464
EK202310194216,151.26394146009
EK202310209659,133.98053270981393
EK202310214603,176.04776506136966
EK202310108794,157.90745798199265
EK202310152434,159.2224257890875
EK202310134754,141.81060974947852
EK202310236812,140.48637689485497
EK202310167567,146.1215206532193
EK202310203493,155.55429267705074
EK202310175040,137.5363221697337
EK202310205734,159.35935040427714
EK202310104881,154.40182468871905
EK202310188034,161.5856812640203
EK202320007581,154.577700165423
EK202310004300,127.45068093349224
EK202310126491,130.420102450679
EK202310236882,137.5523544410402
EK202310151164,127.60179481403054
EK202310106280,144.85939801781203
EK202310163693,138.48885542627175
EK202310168683,134.2110796517376
EK202310189719,169.46451717183425
EK202310233687,146.90994665236093
EK202310201579,153.51287865729216
EK202310202351,139.27742651303691
EK202310180846,144.4058566172108
EK202310170131,131.44444821849507
EK202310113992,148.96331200514607
EK202310225909,144.62497351440027
EK202310118201,145.28884609903673
EK202310184100,153.35708186369473
EK202310169994,144.7510587277101
EK202310186322,138.42294174716636
EK202310187689,131.9406037683792
EK202310241609,131.79568412287833
EK202310112492,122.03715426106417
EK202310216335,138.17929551170153
EK202310207022,158.17147138665385
EK202310125948,145.34674920459113
EK202310127865,138.76219136639432
EK202310174681,144.74556304032674
EK202310233071,139.4982340560423
EK202310193133,149.18092484491152
EK202310132000,132.21204166773504
EK202310103983,159.65632705044698
EK202310191233,149.90441480615593
EK202310231154,129.6367926452535
EK202310116716,138.55802925227806
EK202310179545,137.74656702149503
EK202310206643,130.12062966258688
EK202310134367,176.35239671183388
EK202310176122,162.4641142225006
EK202310214013,147.19605731304824
EK202310134741,141.08400065158708
EK202310174213,136.7661254323213
EK202310141096,169.04393804666492
EK202310206920,159.45108573067938
EK202310194809,163.76586300410193
EK202310202514,139.75162957281543
EK202310110026,136.79194241753382
EK202310104374,143.82513032273098
EK202310120332,136.55305514742153
EK202310157554,133.8342968685123
EK202310204383,123.43061984274867
EK202310208398,130.64441135969557
EK202310118265,139.24747255189277
EK202310231010,118.97170276358108
EK202310213437,120.36583380896657
EK202310146583,132.87132811970594
EK202310195386,141.1436328967234
EK202310228443,141.9839905749941
EK202310123135,139.57992209887348
EK202310142556,149.93326379405917
EK202310245462,133.63566358750717
EK202310234824,134.34419489374454
EK202310197141,157.61794897365866
EK202310229145,135.98712628397857
EK202310209147,139.89241352974594
EK202310214152,166.9115791178894
EK202310164947,135.65799259898318
EK202310222842,136.6863699073847
EK202310211770,122.36287540526524
EK202310004960,141.00650184324965
EK202310239260,135.5195235754121
EK202310115431,144.82847792256726
EK202310202893,124.93418380873898
EK202310205187,129.81536308142427
EK202310202065,147.57635226174745
EK202310127001,134.20764102327215
EK202310181721,183.61542040667888
EK202310161325,148.01355101447294
EK202310140540,162.5789429670563
EK202310167097,146.56565431727054
EK202310140718,153.3859251594511
EK202310149480,122.11869488922497
EK202310183531,141.55646824300788
EK202310148864,151.6529451108784
EK202310003701,149.8541693776627
EK202310144900,129.40138300062605
EK202310144750,156.07023733564642
EK202310162709,138.36091507158181
EK202310186895,136.23752101762042
EK202310226408,135.21437501295384
EK202320007110,170.66192860104837
EK202310162496,163.76347416932674
EK202310212196,139.96900016387124
EK202310239361,134.23638475216535
EK202310125997,131.95329344734097
EK202310246168,139.1671658545481
EK202310193381,163.75595793770265
EK202310190604,136.7544197729967
EK202310111954,142.1455326542482
EK202310176791,144.22826642922013
EK202310141476,146.1842642203099
EK202310221421,165.88308507171317
EK202310129409,146.71986511411293
EK202310122129,121.83873017359272
EK202310149924,174.07032531032868
EK202310179998,139.7068663579261
EK202310195558,163.84395733651928
EK202310112050,154.0448628748687
EK202310136298,150.7528430453481
EK202310146636,137.89004227870734
EK202310239762,153.10592117399582
EK202310200996,142.3515042018023
EK202310223066,130.13334509797988
EK202310167187,136.60494651357556
EK202310124533,153.39105175387954
EK202310143956,168.6160312115765
EK202310178323,152.826199409333
EK202310224950,144.5049933960801
EK202310179276,133.75301906558704
EK202310246017,143.24708402475125
EK202320006428,168.39774710429344
EK202310241114,133.52917336747893
EK202310217472,137.82235672648835
EK202310162260,146.21738764715334
EK202310240436,138.0065051729865
EK202310198123,137.24037801036326
EK202310156200,145.59533232178265
EK202310141977,163.13782102539193
EK202310223019,130.43652852529485
EK202310193508,149.88973995004704
EK202310222293,146.2096063708868
EK202310156492,159.0934620445684
EK202310180531,130.6643213648629
EK202310225433,119.04112857766572
EK202310127891,131.5053433017402
EK202310228056,130.9663167797843
EK202310106710,150.84123622654866
EK202310183113,129.4916829381853
EK202310180843,142.825444649501
EK202310204705,141.28617799747605
EK202310140212,155.82638726679738
EK202310179669,142.37149893177076
EK202310212869,142.3667984150526
EK202310203115,163.35978208159815
EK202310131490,145.04149861627167
EK202310109872,148.60013697326264
EK202310150034,171.7730290962799
EK202310174047,141.52359009434244
EK202310247649,154.00614688291117
EK202310217502,158.019672153392
EK202310133755,132.41549827011613
EK202310169961,140.9139057995811
EK202310188670,146.70457802817756
EK202310238912,159.24510870982542
EK202310113770,144.1482810899288
EK202310146729,120.62042066377981
EK202310185503,153.22115430873245
EK202310245764,139.11406303621305
EK202310242449,148.53141050360938
EK202310206998,135.58608134777572
EK202310215872,127.92534428926353
EK202310130322,160.5522930563522
EK202310107786,162.72514348369057
EK202310201622,141.8900450737304
EK202310125291,144.9023545366392
EK202320007483,164.98450714603482
EK202310232956,134.41762689967393
EK202310134707,154.95294590426073
EK202320007480,156.9388060991361
EK202310203884,130.94668746333042
EK202310209390,145.3723907007829
EK202310105328,138.06538794770807
EK202310144128,134.94708199259844
EK202310115260,153.83697343246072
EK202310136404,136.47608269155143
EK202310200686,156.15128514392728
EK202310149205,127.3651028087935
EK202310224673,146.32575628140597
EK202310233927,138.79730611982905
EK202310231452,126.60885231997771
EK202310147484,141.62453655443508
EK202310227688,140.6736253396854
EK202310119870,144.35862928951175
EK202310230862,130.03866892833022
EK202310124325,141.5915016306056
EK202310174689,135.63664350098307
EK202310241097,124.879935305436
EK202310201197,159.54180100167923
EK202310133296,152.11431345019352
EK202310233451,151.73604121786008
EK202310135940,125.60716024125358
EK202310107985,148.04302797934182
EK202310157602,146.74814778721324
EK202310139763,133.45209075282412
EK202310238145,164.99873366377687
EK202310168639,164.9100872925278
EK202310219394,149.17869351819496
EK202310216358,118.75492704179493
EK202310127032,143.69269302380766
EK202310148206,148.036942811904
EK202310227757,156.5193196535981
EK202310112688,146.6793825398046
EK202310214245,152.2148838817134
EK202310124215,133.96426602823868
EK202310132325,141.01510196723513
EK202310245630,131.04097378570307
EK202310159135,122.7795401237211
EK202310153895,141.06909250046854
EK202310211988,133.74722553258871
EK202310185598,144.17184966954707
EK202310192392,145.3186993981319
EK202310242881,159.35694884265556
EK202310153163,160.26833910376354
EK202310179601,145.4769639874548
EK202310241826,150.5585852172178
EK202310125720,132.60217833454223
EK202310106591,152.3452289912671
EK202310162420,147.35974857909386
EK202310133893,143.63013856111166
EK202310168619,165.5090175604771
EK202310142512,152.92309296733086
EK202310197943,136.529110728415
EK202310176141,147.91152867810786
EK202310149618,146.9216000322256
EK202310226109,139.72889881217486
EK202310122228,147.5825472991644
EK202310176047,177.90913078521135
EK202310198997,152.81258045554478
EK202310232656,135.58776845510704
EK202310182446,128.14051090122163
EK202310139943,138.5896612468063
EK202310165615,133.1458187179852
EK202310142885,131.50556576092168
EK202310193296,152.86951301411315
EK202310121667,125.16776657279951
EK202310223883,143.9489661819662
EK202310143204,146.02093292167302
EK202310205226,146.26098244579006
EK202310119065,132.13964928247418
EK202310213461,144.51603344020526
EK202310120362,128.7605481017035
EK202310194154,149.02581699313578
EK202310107601,155.32124596217886
EK202310204833,141.389483598575
EK202310176205,155.95009710863297
EK202310154960,144.15354510670662
EK202310130425,152.58960773416558
EK202310126003,144.41940547559946
EK202310192656,144.9036480728311
EK202310213037,147.3867378275354
EK202310243222,146.80218122995993
EK202310132202,112.81526050913585
EK202310235252,138.2680184802502
EK202310160890,141.14844812181985
EK202310198189,133.06834848161924
EK202310119695,136.01525727207752
EK202310172550,151.33673529751331
EK202310229494,144.21100938849554
EK202310004450,124.21167969570878
EK202310146462,145.09141083214692
EK202310113248,143.10516045660876
EK202310221078,122.62707290076136
EK202310124198,145.5411222136034
EK202310212260,117.13671622816776
EK202310134794,135.31472733805535
EK202310221523,133.11164952273563
EK202310219960,138.88519200091315
EK202310121234,150.61725632727118
EK202310233970,136.63768347327922
EK202310188001,143.72342176640737
EK202310163334,141.82512070375364
EK202310208205,141.84057928671623
EK202310130304,131.77150188539642
EK202310154503,148.81869644177272
EK202310170798,138.83048276356996
EK202310152846,166.1345381924809
EK202310130702,145.1684700690363
EK202310203151,151.1781217791329
EK202310217313,142.7215525567654
EK202310233757,126.50265207835479
EK202310138726,157.47675358727113
EK202310156939,153.52706396206779
EK202310129985,150.4431963025452
EK202310190426,136.60765978731143
EK202310171121,137.86484322757502
EK202310214542,144.00392303376844
EK202310168552,131.50842954592414
EK202310183003,141.72528171585986
EK202310123726,151.77365686540148
EK202310181506,154.25161331639848
EK202310237990,125.46262236875043
EK202310162825,152.3141039467442
EK202310224013,115.20658325622729
EK202310158873,123.81488699683598
EK202310137354,142.56709186093534
EK202310123420,130.31071491226118
EK202310225576,138.46079201701428
EK202310229941,142.7258831792043
EK202310229623,133.97039619474177
EK202310107612,148.8314497716606
EK202310246113,141.1026469456784
EK202310144693,132.06207851027003
EK202310116502,142.10475307555012
EK202310139421,123.77528452195315
EK202310112631,145.74525899343624
EK202310106168,132.0292080922889
EK202310207682,142.78549380526937
EK202310157085,167.39829107627668
EK202310245691,137.31709766777837
EK202310200879,126.61386621069651
EK202310131443,146.07303374223724
EK202310196154,144.90323367975932
EK202310231226,147.52142303260217
EK202310210056,126.15257829379344
EK202310114898,132.31718330253227
EK202310203643,152.20389656044458
EK202310160283,149.10720801356842
EK202320005966,156.42636415491262
EK202310167009,148.7816767227472
EK202310191878,138.91938334648611
EK202310152713,168.02037623549316
EK202310179861,155.47152903880735
EK202310153872,136.00956074784486
EK202310106053,154.65172779161946
EK202310189085,125.28963949443549
EK202310212320,133.31467085732638
EK202310147327,152.35245686320488
EK202320006343,149.50571337664758
EK202310178068,150.82060197117994
EK202310216051,135.55880934431855
EK202310120390,139.07452026638305
EK202310150611,150.64921095456052
EK202310170657,155.39106207733644
EK202310132614,139.83625578378155
EK202310130044,147.66577353696104
EK202310230130,125.1773245918036
EK202310142200,141.06906915515128
EK202310142024,169.52438071842076
EK202310199015,134.56226395032093
EK202310129011,139.57907197743768
EK202310162645,160.61560186967313
EK202310165075,144.09921917984386
EK202310242200,142.9120099145846
EK202310216319,141.57905399850463
EK202310168191,138.46505081330133
EK202310173505,128.202225491151
EK202310197116,153.84391121117875
EK202310196993,161.48527214324275
EK202310190097,147.6688553034521
EK202310243824,144.1184838930024
EK202310185884,160.72719713742202
EK202310115378,129.1722341822266
EK202310203204,154.13048166695214
EK202310118547,138.7950423183558
EK202310228351,134.13416634227585
EK202310243844,144.72888280757212
EK202310169224,126.8823383792356
EK202310173833,170.84990959110084
EK202310182027,139.37403312130442
EK202310128404,132.5038530216345
EK202310221581,173.5632668188559
EK202310202028,125.65189744963158
EK202310140548,119.23953982259519
EK202310134135,135.63749979336174
EK202310192158,153.94553538476117
EK202310112502,136.41312022429722
EK202310113790,147.95319522985207
EK202310218316,118.33163287983558
EK202310188343,158.49901204438083
EK202310176251,140.33277208453075
EK202310201210,160.70147436125805
EK202310231157,140.90779439976876
EK202310195345,155.02447097526655
EK202310151257,135.31799142168148
EK202310156988,129.692310824546
EK202310225915,161.43462007420067
EK202310239080,145.87497580312225
EK202310210523,130.87901664988087
EK202310130378,138.26670838297034
EK202310152365,135.7117259447038
EK202320005984,158.92099379224067
EK202310228471,138.5530911594479
EK202310121673,123.59992957513495
EK202310239395,156.02778827955675
EK202310198842,151.34612040286635
EK202310241420,136.72976726623
EK202310231742,137.7616691783629
EK202310131099,149.8437017737746
EK202310188446,131.00863473779603
EK202310190252,134.7130389913271
EK202310236866,137.95788212013147
EK202310207108,143.47847560645263
EK202310184757,166.209060323356
EK202310104389,141.57092887428362
EK202310217076,126.79409150013447
EK202310106797,141.1796801390907
EK202310216511,147.7836970140992
EK202310209342,154.48979714772716
EK202310183200,148.9343259083021
EK202310145433,167.92740750789406
EK202310140014,142.39413629883092
EK202310125223,133.13556594026835
EK202310140119,140.77960351983165
EK202320005700,163.89354354881516
EK202310194061,145.64230851484876
EK202310195873,154.92919565412248
EK202310220232,133.62466451186984
EK202310216119,134.85491145383648
EK202310134968,155.2726457317223
EK202310174540,128.36815772512622
EK202310185424,132.0840291693571
EK202310125685,129.36582932356143
EK202310234710,134.7816176902284
EK202310214117,167.9141830401918
EK202320006910,151.47770056976668
EK202310231049,137.52962261058343
EK202310195331,165.71211941157918
EK202310194304,143.5898592465263
EK202310171159,144.9202479388437
EK202310138049,144.39697680674416
EK202310198003,140.33971604914828
EK202310159099,165.80468789283842
EK202310216629,138.67166542103408
EK202310191293,148.84020356622784
EK202310174065,147.12542940127287
EK202310191081,164.68804258501729
EK202310122728,124.53430556995382
EK202310244744,137.13205734772916
EK202310226033,126.01520782131284
EK202310232759,151.66641567745683
EK202310196945,149.74869768801787
EK202310223385,143.59451469048952
EK202310219176,145.27784269852393
EK202310131076,151.20431696649842
EK202310204889,126.85537453287114
EK202310125633,162.59414887892922
EK202310153304,157.9190802588773
EK202310138923,127.20774813991565
EK202310110215,155.20815041246686
EK202310212666,138.0251957640276
EK202310219342,126.62735737273795
EK202310161803,141.9649308278947
EK202310120553,137.40407081194732
EK202310230584,134.1021258048441
EK202310224579,138.39916689257248
EK202310171422,143.0654584104354
EK202310106867,139.8345221617172
EK202310121769,137.78156576813188
EK202310215792,135.142339005913
EK202310138205,126.19501840746248
EK202310189070,143.89172164303596
EK202310151230,143.9820198808348
EK202310108779,144.03985844382888
EK202310167488,152.4212987091493
EK202310243336,124.20171328814097
EK202310124223,135.4069751412473
EK202310240547,142.86526694322353
EK202310191562,152.5966612292603
EK202310140508,135.8547912619978
EK202310119457,146.831279646217
EK202310179610,113.66722203772758
EK202310146453,149.60717416222863
EK202310163261,182.0658867110064
EK202310214487,164.9879046054459
EK202310195013,144.45629144952585
EK202310129643,133.7023401514388
EK202310106761,144.4251849441455
EK202310132636,141.69470821577806
EK202310205792,137.7253360768762
EK202310176096,154.8066801846657
EK202310132675,136.39902445364217
EK202310203792,121.9139056143306
EK202310188904,151.74767262844532
EK202310233751,139.5265435950381
EK202310105923,134.31331614714787
EK202310176082,158.43657987768688
EK202310231901,147.17946534512996
EK202310117263,129.06416872939297
EK202310189853,159.4464961969637
EK202310161443,164.51545755746224
EK202310245106,155.44600072257683
EK202310203080,141.78097531337878
EK202310229771,142.5651056934583
EK202310178345,134.10709130504083
EK202310212555,147.69214610946287
EK202310183797,150.35352747496367
EK202310247956,115.77009844148645
EK202310137158,139.08272841032166
EK202310121175,147.88733658114322
EK202310142530,128.65213832582364
EK202310145622,155.26838873965357
EK202310110044,130.33447721653033
EK202310141565,142.0547383669868
EK202310203553,150.13007407839038
EK202310186294,145.05728641916235
EK202310232455,138.34273585304567
EK202310234707,119.92005467843747
EK202310190127,150.8845137445653
EK202310116984,141.9251316624144
EK202310113225,145.10175181411628
EK202310153087,148.8164758860343
EK202310162145,136.58691449819736
EK202310241242,146.13350913859264
EK202310199480,136.34091335070667
EK202310133097,142.74117570393406
EK202310148951,151.12247965682752
EK202310164526,159.28483717696463
EK202310157028,138.86352545518488
EK202310174361,145.35317136311494
EK202310186033,141.9246447568143
EK202310218703,132.9395650606544
EK202310179140,127.49497854840749
EK202310185393,141.7509263774275
EK202310109267,122.95524475842197
EK202310188479,135.47789233197025
EK202310132207,159.4513005016163
EK202320007399,164.74382762121797
EK202310118229,134.00745746745642
EK202310125154,135.06248763611973
EK202310140377,148.1562739178291
EK202310198868,144.2292876077598
EK202310209658,126.60711512186289
EK202310241949,149.0122061231259
EK202310179752,164.6140169702658
EK202310117086,129.70347747304984
EK202310166263,149.69982059035914
EK202310203482,154.40999873928033
EK202310164665,148.49314945026586
EK202310168393,159.83418523476396
EK202310131582,136.3043733654973
EK202310150017,140.87157596012864
EK202310150912,127.6987865013876
EK202310117341,142.70930507179057
EK202310181073,128.94601148351288
EK202310172053,147.46433310523918
EK202310239963,157.53426363426044
EK202310132072,148.7143383976446
EK202310192876,140.79553094706444
EK202310152121,144.13591598985388
EK202310213403,137.25636621410547
EK202310239334,129.69141913698658
EK202310148570,151.33550195298167
EK202310155053,132.66326412940023
EK202310132986,138.74959674750934
EK202310110729,155.45794124023635
EK202310174910,160.0836889685449
EK202310187690,137.23010134183443
EK202310127998,139.62927021640752
EK202310137683,131.01707178663264
EK202310108081,116.9707851544992
EK202310239262,154.0436170628405
EK202310182783,128.46590225735912
EK202310204488,136.99177263002662
EK202310199126,157.12885125147494
EK202310107243,138.6667665074545
EK202310105267,137.16464784094356
EK202310152097,164.9494489720652
EK202310125739,134.66476332341202
EK202310170277,154.69467556475638
EK202310237606,142.7423158174192
EK202310234522,127.42437077696741
EK202310161698,139.05817466303307
EK202310165822,128.0598760447239
EK202310248288,143.06005632273008
EK202310136063,167.37668353356375
EK202310117203,145.46169945578214
EK202310154981,147.7268137905147
EK202310232175,141.7714314605837
EK202310144896,118.53842596156977
EK202310142768,129.64437829693196
EK202310160960,120.90530390241304
EK202310163131,138.93696836659097
EK202310239813,134.00074441135087
EK202310144375,139.50111155094146
EK202310175307,171.02872605668458
EK202310227665,143.50401099026152
EK202310132201,154.26001342239775
EK202310143654,155.19454974292194
EK202310197398,123.59233377949738
EK202310247650,130.4665138391571
EK202310218583,144.94919917179394
EK202310185132,132.60087506779578
EK202310166220,144.37684359254175
EK202310183470,149.16466218797032
EK202310193070,146.9929058295963
EK202310127467,133.79460862165195
EK202310208200,144.66967718087238
EK202310230712,133.37149197751415
EK202310137427,130.18469785790367
EK202310140112,146.99757709461565
EK202310223686,128.60276405607593
EK202310176982,151.03515457991685
EK202310118244,127.36814319704919
EK202310151713,133.60348824686477
EK202310212261,137.6643986675968
EK202310134611,127.79404526226128
EK202310120945,147.3631632152022
EK202310151019,146.36159002401055
EK202310141095,155.08973820600988
EK202310137745,131.08367755354237
EK202310225567,156.59746364143805
EK202310216872,151.23118568475354
EK202310212300,142.22739183175497
EK202310225881,154.57596249841575
EK202310151821,128.51325783352087
EK202310129868,138.80815608150635
EK202310156170,148.11694264227526
EK202320006992,145.64868496377147
EK202310173073,146.55174564668192
EK202310240592,136.52379105690028
EK202310128981,125.90471446305182
EK202310225347,152.10176358357415
EK202310107505,145.31246435816757
EK202310004769,125.96018090562382
EK202310192529,146.66720225456817
EK202310205344,154.23887239291523
EK202310241518,138.51742066432337
EK202310188554,151.95753015801225
EK202310185562,164.38097155656894
EK202310154855,133.1678900972136
EK202310175481,164.3922947075345
EK202310157901,152.25219348155963
EK202310221152,156.36222988297544
EK202310200465,161.25148754686967
EK202310183211,123.7537818025209
EK202310194651,134.45485487082152
EK202310116691,141.15156462381256
EK202310219488,140.46685730655994
EK202310155631,151.8261580528075
EK202310168504,118.96590655328531
EK202310199253,130.75557392242993
EK202310221668,139.0429280070171
EK202310212285,126.83070396810534
EK202310172945,147.55368431541697
EK202310186658,134.84701579881613
EK202310222256,137.42510212014096
EK202310224152,131.54692224248134
EK202310128793,138.05898726404862
EK202310120896,133.7361065195889
EK202310120399,140.02349333532405
EK202310169743,145.72611279758024
EK202310248477,148.814407829084
EK202310116273,135.1517000746207
EK202310247694,143.92006855558728
EK202310215708,127.14190840824412
EK202310236946,135.77628052807103
EK202310200762,157.229898189658
EK202310178415,154.21322228720234
EK202310144132,161.58084110348474
EK202310225926,137.31191789831544
EK202310148881,154.63432013811598
EK202310177347,156.3152349866707
EK202310213539,136.6296411057624
EK202310208401,143.4193674472848
EK202310238371,140.526553407792
EK202310234534,143.99203077264593
EK202310136323,147.72928284313673
EK202310135243,147.58812278256892
EK202310202317,135.4646628713843
EK202310226279,140.69027961010673
EK202310203743,138.39124381085728
EK202310205749,155.42221392109641
EK202310004277,146.92205886715075
EK202310113847,131.1641656670813
EK202310194210,163.19517916409498
EK202310183278,142.1990219801741
EK202310145260,137.7122889074596
EK202310239730,137.03165679617544
EK202310228304,138.77100445940266
EK202310152088,143.35418133109627
EK202310154058,131.8538458340242
EK202310136681,148.77965996693297
EK202310117313,126.18962271742035
EK202310233274,138.908321721192
EK202310179794,136.18921367002469
EK202310135084,174.41234166394224
EK202310206633,143.54208514379098
EK202310234183,126.35073707140674
EK202310143964,135.73612544740845
EK202310158947,150.22261459718402
EK202310137263,137.4093636814686
EK202310203360,154.6603188256764
EK202310004905,154.31782857171493
EK202310140955,148.79102343441903
EK202310214327,158.3219539645889
EK202310222556,127.69344943113856
EK202310128510,158.19423461175924
EK202310119821,143.50986973679105
EK202310120108,140.6162680777783
EK202310212000,133.989750923408
EK202310105271,156.5322726819579
EK202310229500,123.03693459604492
EK202310110970,129.570975054185
EK202310105364,154.73457803071219
EK202310108637,141.6312123372824
EK202310164376,160.62866606174637
EK202310230032,142.2366639098377
EK202310236376,134.7240322374374
EK202310181052,125.50182886586319
EK202310203281,148.23608695440916
EK202310181885,149.7394058777414
EK202310138885,130.31485583830099
EK202310121415,138.89212292787357
EK202310186231,142.14688315690634
EK202310212814,161.1575242654897
EK202310233197,135.84417664196948
EK202310184928,153.26385068538553
EK202310109218,143.85632576799622
EK202310189923,141.3335351131269
EK202310212951,135.92998453558144
EK202310166071,157.66637626829336
EK202310151335,123.28004081447547
EK202310106930,130.77358822324035
EK202310146184,158.3794530663602
EK202310178125,137.88323000113581
EK202310167170,142.33251038928776
EK202310144047,172.59052322663925
EK202310161545,174.05588054519313
EK202310110114,143.87143368726257
EK202310197034,137.17539304828892
EK202310125522,138.76144999996868
EK202310239777,144.3180691035579
EK202310183013,153.38846111999584
EK202310201498,163.2671887824462
EK202310233357,140.39136941478037
EK202310193361,136.14746540623906
EK202310160811,141.854134720816
EK202310167037,162.46468441043115
EK202310209597,134.71434869846794
EK202310196969,156.30142953228875
EK202310123103,128.76670784666888
EK202310122187,152.03121918993543
EK202310197780,162.35336115232732
EK202310217861,137.88243619764063
EK202310239177,160.46826629727408
EK202310184410,150.69531588716944
EK202310198476,139.54493349923177
EK202310145712,149.0296584788885
EK202310125391,144.68830095095066
EK202310162973,137.9102612241617
EK202320007481,154.94682929360562
EK202310211032,157.7767215524655
EK202310184725,154.98873598674956
EK202310121942,144.32480772962194
EK202310146503,136.90212824301682
EK202310186497,143.49041503639737
EK202310141946,144.0326306333879
EK202310188222,152.7337533073485
EK202310237766,141.34361040184197
EK202310224087,137.0728048635677
EK202310245643,141.95693224771063
EK202310153868,140.21446277665643
EK202310117630,137.59367726911495
EK202310150168,133.71673498551905
EK202310104804,151.50408174419692
EK202310227586,130.4100901711766
EK202310226962,157.14435612721886
EK202310204684,128.2841043972182
EK202310106991,132.82202094853307
EK202310219834,157.3992040758033
EK202310240450,144.6923379331708
EK202310214713,137.64995305404827
EK202310153479,137.16188719046093
EK202320006589,173.9676579440998
EK202310151125,164.54363845298573
EK202310170205,143.39355166599012
EK202310174684,128.6693884876598
EK202310145286,147.7082331254663
EK202310174584,131.46050016376233
EK202310183058,149.94305585224095
EK202310233099,130.85037064410173
EK202310144550,155.07367984378044
EK202310207112,141.9115441182935
EK202310232978,139.73913695469025
EK202310115348,139.2400347551518
EK202310183741,162.6814926771101
EK202310144742,142.17298049383717
EK202310178484,161.34620566440157
EK202310151424,168.575369575342
EK202310223346,146.42479709970806
EK202310138234,164.35480925022222
EK202310190044,162.28339661386102
EK202310210164,149.2966599568985
EK202310175594,152.6978367884433
EK202310139802,147.31444894168573
EK202310133593,168.79082791028728
EK202310236059,125.1103775700058
EK202310247892,133.78633947321075
EK202310228841,137.9575236557837
EK202310142116,157.15555199315025
EK202310139752,134.51281403402774
EK202310247535,167.21338772244096
EK202310204858,137.19353545255007
EK202310127198,159.37332359878272
EK202310212663,132.76472540713468
EK202310133054,122.90738233837227
EK202310116254,152.95476392483852
EK202310140288,143.37357344466653
EK202310242550,140.53318963961786
EK202310208841,137.61577439725377
EK202310167295,162.94207943238257
EK202310109419,148.28417273341466
EK202310233386,148.63239429710578
EK202310214181,160.67313083174645
EK202310180240,146.72659875205272
EK202310181535,140.69958271628605
EK202310191715,155.71360809857322
EK202310157953,168.40752882285608
EK202310234893,134.69183993594237
EK202310160253,161.2602731722216
EK202310141553,130.5097848113204
EK202310207337,175.1178213779145
EK202310131278,136.53131126451416
EK202310178817,167.58938272207567
EK202310106002,138.93887811005345
EK202310166631,127.11889494725659
EK202310107493,135.9862363640663
EK202310194394,151.47754456351493
EK202310222252,143.2602406706441
EK202310247371,153.02282615599623
EK202310160792,126.89100416045349
EK202310225122,149.25698087439156
EK202310214184,155.25251893306788
EK202310191751,133.61311100005602
EK202310237163,135.56948570289788
EK202310225188,144.93322028999836
EK202310202616,153.96419405691077
EK202310143696,138.34376505414653
EK202310132352,149.52982636789648
EK202310214086,131.2058994990256
EK202310137011,181.9013494696625
EK202310248717,139.39499252203694
EK202310200235,136.3327535246782
EK202310144103,143.19696013764693
EK202310111910,142.9700595995546
EK202310225339,149.94898817566965
EK202310246108,136.41471083663484
EK202310180876,135.8632240380547
EK202310237122,138.49333388786135
EK202310112441,131.54573988096527
EK202310179395,144.78827258849878
EK202310157137,149.9672531719078
EK202310136914,160.70030099441152
EK202310127925,124.91253932250831
EK202310210485,133.78924420175932
EK202310215065,141.71096983672604
EK202310113641,135.24933243478847
EK202310204283,136.15444850441446
EK202310150194,140.7110507708569
EK202310118749,127.78159240465013
EK202310186678,149.19404755354805
EK202310110316,131.52413217069545
EK202310190151,122.81204749998872
EK202310119041,137.99496489569967
EK202310140703,142.33083821602284
EK202310236754,136.05911937605325
EK202310200936,133.74289906663816
EK202310200923,150.31250129283143
EK202320005983,143.2053293290242
EK202310173120,155.1376083067665
EK202310131266,133.4952566353354
EK202310182913,132.6323678324493
EK202310126468,140.50814832559843
EK202310240681,133.77674510835365
EK202310163541,141.99438221596512
EK202310133063,140.29412487147624
EK202310187205,136.33395187988435
EK202310176435,142.22532159732972
EK202310113625,143.40997613363737
EK202310153932,131.01595566881
EK202310216429,150.46073512949795
EK202310124022,146.65681291928428
EK202310187335,176.391822124261
EK202310227041,153.1675073704576
EK202310173817,140.88758537177935
EK202310131798,171.5442359067352
EK202310225142,135.631973041259
EK202310180166,131.98177696095973
EK202310119416,134.80555131934014
EK202310200200,127.6354274888239
EK202310150439,145.75697341803112
EK202310130027,144.5948194848624
EK202310179043,146.13316816597714
EK202310183695,136.29646532730948
EK202310175077,143.95657308222923
EK202310112086,150.8358019361953
EK202310225730,136.01699732653051
EK202310215244,147.42125662621
EK202310191753,149.61178895252962
EK202310174965,151.40359108695577
EK202310157557,154.71876070659818
EK202310159970,155.0988093530691
EK202310129081,167.51649404628674
EK202310107248,134.5159518020119
EK202310180853,152.36659460452512
EK202310181698,164.85576260311063
EK202310222641,135.3547931462611
EK202310189633,160.54259227313514
EK202310105178,144.15275566226745
EK202310109844,125.76624986700833
EK202310239039,162.08992736223308
EK202310114472,132.304393835351
EK202310179622,136.1716623899529
EK202310115407,147.73227905372417
EK202310106728,135.66487817328664
EK202310206467,132.53299098768184
EK202310169318,119.28602713516358
EK202310113553,144.0347011179668
EK202310148432,139.40873992851388
EK202310224899,146.9580854033233
EK202310218411,114.98476842791588
EK202310108919,142.76822837111519
EK202310175334,131.95863510244544
EK202310225062,135.69908679324655
EK202310158879,143.95153296520948
EK202310226440,133.2828932671493
EK202310224115,120.77153551494476
EK202310148638,141.29317798453627
EK202310233064,160.14150719222093
EK202310158419,145.7755977411411
EK202310241484,148.25929781899836
EK202310163712,132.4896578919237
EK202310186217,146.96504014770298
EK202310142453,162.23019479947575
EK202310137405,135.76606366332842
EK202310185670,141.77837086675288
EK202310150583,120.69975769630256
EK202310227556,131.49293507284145
EK202310234889,137.34525424901628
EK202310111783,137.15106233295433
EK202310127384,140.11673350288675
EK202310113072,149.7690794849537
EK202310160328,135.64077861549416
EK202310188693,166.75153730009808
EK202310104466,149.45913059463456
EK202310143296,164.55403444600603
EK202310212529,157.78849965529866
EK202310207081,162.50676088021527
EK202310239036,139.06401042134425
EK202310114317,129.85977749733289
EK202310004599,150.71027686637893
EK202310165205,126.83823179855749
EK202310162068,171.07780992444967
EK202310109742,144.72683024398611
EK202310151519,166.7865610206277
EK202310164727,109.0200187813138
EK202310193975,158.1330212995185
EK202310176843,133.4174058690491
EK202310238118,152.96163038766076
EK202310231683,136.9457944090385
EK202310170288,150.15340230242018
EK202310233487,127.88064420691225
EK202310144532,135.6028339580486
EK202310118690,138.16205710154756
EK202310236135,160.3394274104764
EK202310220057,151.01666559924533
EK202310136020,167.58245417377344
EK202310120718,143.70971903526515
EK202310205363,143.0763549730009
EK202310110765,135.01775837022112
EK202310130164,165.34919951650974
EK202310170195,133.03000643925503
EK202310131195,133.12768134828903
EK202310197794,160.852698189876
EK202310189698,163.46821529080077
EK202310180559,128.500826723988
EK202310193333,160.63213531442813
EK202310164974,133.25250211956603
EK202310126083,141.8761910291877
EK202310189770,146.6850716544747
EK202310123085,161.48227183444604
EK202310130001,134.52778580055667
EK202310141464,151.591650909907
EK202310116699,137.99665246038737
EK202310126001,120.96670976565828
EK202310153591,134.1847396856152
EK202310110843,147.10851996180912
EK202310234696,131.69672464804808
EK202310218654,136.81686554372538
EK202310160361,135.78985859238833
EK202310232799,147.29427862334325
EK202310172223,136.24088153089508
EK202310107432,141.81988832253
EK202310115124,144.08684497365198
EK202310240700,145.7203319266718
EK202310166544,127.76861162223838
EK202310116517,142.01884617016353
EK202310209466,133.82625047851144
EK202310115034,152.234229889498
EK202320007112,154.6409752729429
EK202310155572,146.48824280412776
EK202310184647,172.39762291652596
EK202310237715,133.7538276136633
EK202310140880,135.90768004422395
EK202310171935,148.615143159436
EK202310110649,138.56326207260167
EK202310235243,153.7205828141786
EK202310222984,150.40071378722536
EK202310103848,126.82400699669509
EK202310200981,141.5171455859445
EK202310138670,155.87753811714828
EK202310116342,139.47552518743507
EK202310148866,143.6902356843047
EK202310136555,127.86350973437726
EK202310155446,167.1364328914791
EK202310147661,143.87176167420705
EK202310168674,141.77424747695397
EK202310142524,144.9170046065717
EK202310248385,144.08513019674308
EK202310165956,133.7302816048381
EK202310120604,134.32402570054708
EK202310158534,150.739057728567
EK202310138524,159.84960767776437
EK202310231297,141.7997989843935
EK202310231319,130.474294783486
EK202310133278,134.33904086400477
EK202310142657,153.10404976085744
EK202310114071,138.88903324768972
EK202310116075,129.13926477674502
EK202310139321,138.11426443321702
EK202310232658,136.45526630197884
EK202310185531,136.83907068111162
EK202310231623,138.61668386167267
EK202310183491,150.43630959945685
EK202310171783,153.29171831883292
EK202310116076,131.70871034919233
EK202310200347,147.329926498666
EK202310189649,153.12264235938437
EK202310135957,129.51147751114894
EK202310245361,150.79136236555064
EK202310138713,146.30528575077176
EK202310169366,171.59202674998227
EK202310246917,156.95942627879737
EK202310183943,153.80195172303468
EK202310110540,131.41631255304665
EK202310170711,121.70693921996607
EK202310246548,158.30410290972628
EK202310174376,141.49701000381089
EK202310180261,146.3613903050098
EK202310232346,113.8787170253652
EK202310237154,147.28206309567102
EK202310171359,145.68841742518615
EK202310136595,149.00785568301728
EK202310144015,142.0785742945418
EK202310209121,143.78049473408737
EK202310222216,124.07627767264846
EK202310107905,120.83366847748134
EK202310188461,122.41438592717441
EK202310222800,129.33931277275207
EK202310217737,127.47237463046574
EK202310218371,136.11732339703048
EK202310208739,117.00701557575509
EK202310219741,152.50627626261922
EK202310211457,147.50659524802379
EK202310182740,147.77276846400142
EK202310163470,140.55937039915284
EK202310245687,144.58245189308582
EK202310168480,138.41437879635075
EK202310185027,165.61154789871856
EK202310194951,140.0220499276452
EK202310190588,146.72357261537041
EK202310177991,143.94388057013543
EK202310162069,147.2991055646385
EK202310125865,153.59620234717175
EK202310220126,143.1393511758372
EK202310158441,149.9740170047525
EK202310145659,149.849130397587
EK202310129542,121.38460512619075
EK202310151845,142.05215649383194
EK202310230263,127.75529273062303
EK202310111108,143.4575208575852
EK202310171363,157.31099510050916
EK202310127866,148.9157806534022
EK202310129063,136.16080711283294
EK202310144099,137.21839837541717
EK202310140594,149.10453021585084
EK202310154125,161.16950643703296
EK202310131342,134.29353524217825
EK202310203912,132.34927993557943
EK202310118762,139.13890661030916
EK202310131877,177.82557409488584
EK202310106187,151.3020465898221
EK202310120319,138.56229074818276
EK202310209664,126.8593538093241
EK202320007072,163.2643272041784
EK202310121959,139.95089071988883
EK202310153089,143.7605354376595
EK202310151971,143.96090345215916
EK202310151896,160.10430655146217
EK202310135751,133.58905621946965
EK202320005711,167.64569893281256
EK202310134604,159.69157987320312
EK202310130128,157.16630790968387
EK202310241667,157.56501624452883
EK202310140220,145.89313821358675
EK202310190478,146.86339313344024
EK202310162552,142.78587186516822
EK202310169398,137.30038255015984
EK202310110027,125.62319603324079
EK202310242977,139.46205055122795
EK202310182314,135.06200611246624
EK202310147967,154.8764970756691
EK202310107549,167.70980382159416
EK202310209315,158.01959794056464
EK202310216226,149.61677621612563
EK202310172171,172.16080679799407
EK202310198531,149.63382914866145
EK202310108550,135.34463790396012
EK202310201297,157.66386494767974
EK202310168808,146.09911550828608
EK202310212662,135.66986317871556
EK202310244470,137.61855541967176
EK202310111112,142.46974163221245
EK202310212061,150.2886496052762
EK202310131027,143.01449312946326
EK202310168347,137.11009830215454
EK202310138779,169.81743210717912
EK202310228854,134.05615808834546
EK202310156047,152.51253360226076
EK202310209290,137.64616766093894
EK202310121347,129.46322307171755
EK202310171158,146.37896642124093
EK202310233104,148.66050569692078
EK202310155615,131.58334809766515
EK202310179680,137.67802143188416
EK202310125362,142.77078701961577
EK202310107378,132.75978618162043
EK202310206995,156.80175820740203
EK202310205548,135.69804855672447
EK202310181487,160.12634855459615
EK202310165214,156.543469828927
EK202310243818,141.19083896017722
EK202310139297,146.33793700766222
EK202310176765,147.35775793533875
EK202320006044,164.73617287252935
EK202310226154,129.67024692069864
EK202310246712,150.23242482363793
EK202310190930,142.92306193576914
EK202310216412,162.43273633081296
EK202310123615,141.86443104868147
EK202310155164,138.0528415350053
EK202310193422,158.44003968230933
EK202310183961,134.58771718883204
EK202310181902,149.96459139681974
EK202310123760,150.44217618507733
EK202310147302,145.20270024778117
EK202310210787,142.8346570547082
EK202310132847,125.00438182558733
EK202310126696,138.58581762810172
EK202310232230,130.9618976624448
EK202310223850,144.38867153930798
EK202310237551,138.64436350723602
EK202310188279,134.53805536071286
EK202310152561,141.63088993374515
EK202310197741,130.43500349481064
EK202310241557,149.44372506499988
EK202320005587,164.29453956364193
EK202310173993,125.4755710706533
EK202310139298,155.3149537811348
EK202310226418,134.6494749844477
EK202310120554,144.93422564608184
EK202310210326,129.4622194375244
EK202310124646,111.44582227387244
EK202310243187,133.24559243611048
EK202310111546,158.99397246268956
EK202310225889,138.74737054884824
EK202310239244,123.31868100362767
EK202310226952,128.6985158343907
EK202310154546,141.5280313503173
EK202310209747,130.619442460234
EK202310208437,130.55545667144486
EK202310217996,153.39377407578309
EK202310154333,144.1064429322802
EK202310199044,151.57967510795498
EK202310193652,155.85513492274012
EK202310199108,140.51386748521014
EK202310138541,142.4374353234826
EK202310109275,154.2443785965735
EK202310241877,154.6565527803719
EK202310247060,140.31338202342897
EK202310233675,138.24990257593518
EK202310127980,147.37721113291366
EK202310216345,131.21450795100944
EK202310124692,139.0411857355313
EK202310214703,152.39172392526297
EK202310125176,142.53347150694114
EK202310230402,137.21392008376708
EK202310204376,128.2112499451462
EK202310003738,142.0766318694396
EK202310177361,157.59877931948765
EK202310142175,147.99591719663826
EK202310121737,119.13961911538141
EK202310231332,141.5522460227461
EK202310126428,137.39304242956874
EK202310208151,139.35339757756987
EK202310160932,156.40547574521662
EK202310201461,149.7119974004611
EK202310190429,138.26784222077157
EK202310180683,155.55439111134095
EK202310216976,155.2525679261272
EK202310125226,138.1588589727461
EK202310201559,142.6348844780928
EK202310201026,150.09816145476867
EK202310241612,113.16931393343421
EK202310159055,134.6667923100556
EK202310128633,150.4401429171901
EK202310241584,142.7488370064841
EK202310124066,140.33688701270643
EK202310143999,136.54625053908575
EK202310127055,124.97519667032999
EK202310109477,135.41008314374355
EK202310142422,128.15778707801365
EK202310170493,148.22343076159083
EK202310245660,131.4252201000916
EK202310174604,139.74164830881955
EK202310145956,136.664691600743
EK202310170744,143.0922870628517
EK202310137459,143.40984324404752
EK202310205343,135.10434583979867
EK202310113624,146.4953855605006
EK202310230917,134.66029224298842
EK202310131938,140.1278909198637
EK202310192653,151.75116882384248
EK202310233709,143.37118093014826
EK202310125722,149.54018773903283
EK202310167315,138.91752360436786
EK202310155548,144.17212302781235
EK202310143279,137.85894216087559
EK202310150075,146.8131417746884
EK202310122318,138.38606996821704
EK202310126189,140.99030069024204
EK202310226757,141.18308550110828
EK202310243030,144.96776172835453
EK202310130445,151.25264916237083
EK202310243191,149.4186063020079
EK202310203273,133.55159319759602
EK202310188485,143.90334889925174
EK202310230409,127.77037392426226
EK202310183553,131.76905489115086
EK202310220994,136.66650042735185
EK202310207037,130.78311745807648
EK202310165758,134.64251308896402
EK202310106826,142.631587384408
EK202310120683,142.6803626194074
EK202310134934,140.90351596028822
EK202310165051,138.10611496395524
EK202310189221,120.33594869789678
EK202310157513,155.61417785924849
EK202310190280,155.88082609990872
EK202310123034,136.88460858114615
EK202310206344,158.82383451361207
EK202310135546,160.20766173423257
EK202310246417,122.10229798704569
EK202310220955,135.3903089353282
EK202310109848,131.60513409225732
EK202310154849,150.663970411577
EK202310110348,145.7153503050546
EK202310167034,160.40853632676664
EK202310113223,127.7740903379438
EK202310165666,135.8553070983723
EK202310235856,151.38100566784638
EK202320005842,150.83574359585137
EK202310154000,144.88156474838607
EK202310142071,151.69287235403002
EK202310209033,152.1120343058233
EK202310196340,140.4087136033412
EK202310216529,146.47395112882947
EK202310164553,147.7635813448574
EK202310104021,139.2094062993662
EK202310239632,135.5848263941977
EK202310225277,153.45441764114562
EK202310175861,140.71645694540874
EK202310129169,156.89826684303054
EK202310122145,136.13514455253826
EK202310227448,123.16045006595688
EK202310177969,137.7540424238482
EK202310193062,146.93100838801735
EK202310182763,149.0710335105552
EK202310235087,138.13334937275818
EK202310121651,138.2333023285219
EK202310212604,129.248818192759
EK202310226694,110.41915469391401
EK202310004579,154.8312577721435
EK202310159373,133.0942667602883
EK202310177799,141.8646730768876
EK202310119324,123.7790772341348
EK202310129405,147.29416322131647
EK202310237885,148.2322732706576
EK202310135421,143.28137453778123
EK202310175226,150.9054758329777
EK202310173605,170.46378076467542
EK202310111658,124.75395806024044
EK202310185671,157.82809290092345
EK202310196715,127.4648381785936
EK202310196589,139.10292153559718
EK202310199584,145.4803975124273
EK202310143146,141.34545908957796
EK202310121051,146.80105862557252
EK202310231042,124.93687157605491
EK202310194606,134.63255731787402
EK202310212236,128.0376822354722
EK202310153083,151.42682568746744
EK202310141649,137.8157156854828
EK202310192808,147.5595928343135
EK202310169365,146.74740644184854
EK202310189768,143.03290645042162
EK202310233720,131.97197279339554
EK202310247878,153.87476218831853
EK202310178488,139.1752736974067
EK202310151955,160.1808765253267
EK202310104506,140.96269463203646
EK202310205228,129.93062105303747
EK202310116841,129.93698129573383
EK202310105208,166.92202716523448
EK202310168242,148.29836061713422
EK202310172150,160.51002798830964
EK202310199656,170.77321719313923
EK202310202819,138.98404290878884
EK202310118069,120.76751871162823
EK202310226761,125.84798372897689
EK202310158901,156.53741104702172
EK202310221031,146.8259188078135
EK202310204076,140.00382621167103
EK202310146995,146.46593996567105
EK202310126768,140.02460648450213
EK202310167991,147.5072064221287
EK202310142215,132.05968617854626
EK202310128249,143.64285841060547
EK202310168392,156.1932858728456
EK202310241392,117.42004068530835
EK202310167654,137.74610599913112
EK202310124170,126.3438639902758
EK202310211894,137.60453428351232
EK202310213128,139.00442491956713
EK202310223813,140.04234473592828
EK202310106169,145.73559666937766
EK202310110167,147.7065216179064
EK202310237365,148.06600090866962
EK202310153054,152.9276836309322
EK202310138889,141.84313098593407
EK202310136676,127.43103254639706
EK202310177777,142.8645076488744
EK202310183311,173.62224893931082
EK202310192034,141.46862669225052
EK202310161294,150.25502025892484
EK202310215386,144.2584025642712
EK202310237862,140.73738893264834
EK202310124110,142.89485160584042
EK202310105757,144.91921885490768
EK202310131681,136.2407348490206
EK202310122852,129.0072049255323
EK202310106485,124.87232864784824
EK202310182695,127.96638598283837
EK202310238540,129.39582889102516
EK202310104101,135.40939569589528
EK202310121381,144.91518039888146
EK202310200186,146.17827326317493
EK202310190609,136.44770955086807
EK202310230288,129.88966651698203
EK202310166620,163.15611164804824
EK202310147442,154.48223828322284
EK202310137943,130.5379077325458
EK202310208851,144.9344541902309
EK202310128623,118.32574283102917
EK202310179932,136.7225402493981
EK202310191123,143.4609952565103
EK202310222467,143.1353481930944
EK202310120128,130.55208637840752
EK202310143211,113.36518836178831
EK202310158431,155.97639284264272
EK202310200191,145.56521494758329
EK202310121797,129.2818654496578
EK202310246836,130.97111512272144
EK202310122588,136.59750140123626
EK202310212376,131.89295789070565
EK202310202020,136.23095157989468
EK202310003990,151.74740493593137
EK202310195950,157.0642835821281
EK202310215709,147.77589822313163
EK202310140933,137.52392272030306
EK202310135948,133.20707893438015
EK202310156397,168.03418317330656
EK202310160468,117.69344294522409
EK202310181061,170.7483786596713
EK202310165217,148.75824942644041
EK202310221056,137.4111414400241
EK202310168493,134.901031911257
EK202310136547,120.10115943603626
EK202310247972,137.757974491551
EK202310167486,146.36619234819494
EK202310240744,148.74056262824863
EK202310148632,144.9530644850174
EK202310199792,149.93104608118597
EK202310200958,157.59203078627695
EK202310171502,158.29865567018976
EK202310164924,129.87170870991753
EK202310175724,121.24410899005008
EK202310139433,145.9839612203599
EK202310217068,155.86281596959972
EK202310110561,132.71028060282603
EK202310248008,154.6228825858052
EK202310157048,143.44486886786044
EK202310141117,132.9571591191231
EK202310195935,144.04681616873262
EK202310168643,132.75896166240832
EK202310004252,127.75163207765753
EK202310151231,149.78347384951672
EK202310221120,134.49271248505096
EK202310115802,143.0079572641392
EK202310217669,145.33812375672377
EK202310179308,140.46537478223644
EK202310190511,144.5996349928822
EK202310189661,130.67154800196582
EK202310218561,127.96284824331653
EK202310216544,146.31209534924258
EK202310130093,142.55991096404338
EK202310227470,145.14128037068673
EK202310149720,152.21968280149397
EK202310123936,147.97607227265817
EK202310185139,144.00531772720456
EK202310164969,115.25933671283768
EK202310159566,159.7560682562886
EK202310153493,129.5321922008464
EK202320007009,172.81743939117013
EK202310149916,150.81424156986188
EK202310195613,122.67177635539821
EK202310234039,142.04294217176448
EK202310109288,121.80019448682633
EK202310212808,124.46956547262837
EK202310234197,127.13475176262591
EK202310157802,146.46683892395058
EK202310207417,139.17185960696486
EK202310245686,136.88279639186186
EK202310159054,147.65390558438105
EK202310183850,138.85198476854032
EK202310118502,168.30701511336838
EK202310128627,155.8206327295528
EK202310220287,150.76218698014858
EK202310199273,141.72348987712812
EK202310142033,148.20757183847047
EK202310229082,135.22378714558846
EK202310143807,136.88197187494185
EK202310206645,126.06119209713357
EK202310211819,141.99308720772217
EK202310197690,153.34193376399315
EK202310197678,131.3625653406504
EK202310234454,121.05850293519154
EK202310120882,152.52794245001527
EK202310169899,149.9675234607188
EK202310202826,136.54733426522807
EK202310161402,169.0065089800051
EK202310121220,119.64202433599112
EK202310125862,128.03537347995615
EK202310197968,124.88110153396372
EK202310237174,126.0515958759312
EK202310134475,146.16078982401297
EK202310247308,160.78879991759572
EK202320007435,141.8945462658919
EK202310164160,126.98251301054202
EK202310122449,167.9207501270663
EK202310139591,146.13024210508667
EK202310141624,146.3836031939448
EK202310138255,150.0235754020525
EK202310193958,141.85185474906137
EK202310222645,129.68698374601803
EK202310105689,140.38123998326395
EK202310219882,141.69010567869384
EK202310178757,158.67683257114206
EK202310241650,127.68347422971453
EK202310246447,132.16494072927938
EK202310217078,162.73793924065487
EK202310139978,145.48230680995235
EK202310241716,144.35657409374141
EK202310133093,139.79511256226883
EK202310243929,146.87528031232395
EK202310140929,160.91850823207182
EK202310191115,143.85130373976935
EK202310207003,138.91465284222667
EK202310145248,153.74580633645556
EK202310239401,158.27455851545037
EK202310155225,147.2549520594432
EK202310151560,129.92480548455632
EK202310177641,141.62078639900216
EK202310222696,130.9749398624816
EK202310150293,146.92404133236525
EK202310195144,145.43279512509375
EK202310243924,137.26613439942193
EK202310178439,142.06461575723736
EK202310195750,129.24978546548903
EK202310166551,139.44061422368358
EK202310217145,166.49201102543333
EK202310240066,150.18287153259385
EK202310199715,164.23295219987156
EK202310132904,137.4638296209203
EK202310154841,164.05004229892512
EK202310234469,122.64415061133761
EK202310114515,135.9206037539008
EK202310117966,149.68165946441158
EK202310137867,129.326086657981
EK202310205349,157.66131001781793
EK202310112816,143.63068136560696
EK202310168065,155.14773926041084
EK202310169737,161.32882182818994
EK202310148917,139.71232361034683
EK202310196463,143.31141870806385
EK202310231207,127.48048174597712
EK202310128533,140.77560976092465
EK202310197226,125.9424084081433
EK202310154933,151.27930716086237
EK202310117103,135.97346162420638
EK202310165309,151.4279733055967
EK202310104246,145.98650351633353
EK202310105130,139.8051479068119
EK202310216979,129.80661423376696
EK202310193989,127.46571101123003
EK202310147207,143.86984932660312
EK202310135301,166.8613573412078
EK202310180058,145.81441871069813
EK202310150495,151.43443934702583
EK202310184503,158.21440317956922
EK202310107823,146.08434970903355
EK202310241936,149.47900059190252
EK202310186182,145.78225383118394
EK202310003976,139.9555810207906
EK202310156046,141.69718828043665
EK202310129628,169.78722559131072
EK202310142854,138.60254153643137
EK202310241326,155.95364394910746
EK202310160722,147.93687645986236
EK202310143237,132.66112980755423
EK202310107245,152.59369256984377
EK202310114305,148.62523654419144
EK202310134035,141.5057715087323
EK202310199912,136.1493107357141
EK202310140410,149.05177076194954
EK202310183615,157.93257947812447
EK202310147371,145.73735925043937
EK202310111631,136.458515770223
EK202310139777,137.7484529793407
EK202310176357,133.3890390054732
EK202310105349,147.34955250127726
EK202310238051,149.0650146092501
EK202310123087,123.14159865007136
EK202310199824,138.20735312103807
EK202310225713,130.25781473462044
EK202310156653,144.09607431419997
EK202310238527,148.15476324276105
EK202310148824,174.75997613413773
EK202310186203,151.53605831739583
EK202310105194,144.1391649726393
EK202310141266,144.7201534985267
EK202310126789,169.38387257248968
EK202310135067,177.28251331206445
EK202310222780,123.6258049964823
EK202310191104,147.01743137132615
EK202310244171,173.4904824480731
EK202310166225,152.38526731605896
EK202310217237,136.30939499009475
EK202310225459,131.24088591401917
EK202310109489,143.2430679367861
EK202310167581,144.31694520683752
EK202310127053,124.67620323125269
EK202310158488,142.5233506178074
EK202310134328,139.2123976941448
EK202310155326,144.99907151858147
EK202310181981,153.0517739471991
EK202310237066,132.58373042098268
EK202310123955,150.54378643320695
EK202310228593,135.17887381593704
EK202310190125,161.01309727134048
EK202310115548,141.17979671691762
EK202310111782,146.220234481417
EK202310243482,157.60824358073884
EK202310163452,134.98818930285873
EK202310123894,149.98154973293188
EK202310154308,129.0324897481926
EK202310125766,133.40069100714618
EK202310176942,145.54047642350247
EK202310127476,146.63650212762838
EK202310158246,153.48028740753696
EK202310194016,144.96435355491576
EK202310227342,141.27885128945246
EK202310134667,151.45688762953696
EK202310123740,138.00272766871444
EK202310105769,135.34557454648856
EK202310228947,137.71381417651972
EK202310169454,158.58211133378964
EK202310104666,133.02157139109102
EK202310151168,128.3102804118398
EK202310233283,144.73774394254008
EK202310172969,139.39442392098792
EK202310209511,146.7634462193053
EK202310185148,148.82800106180167
EK202310181055,151.68363956147633
EK202310153153,157.11409282133113
EK202310187550,163.72079017698059
EK202310107176,143.47613031415761
EK202310144598,124.65297550673299
EK202310139318,130.22256666600506
EK202310160272,166.69984194591063
EK202310195091,146.03816045071125
EK202310186267,132.61691193719847
EK202310204034,140.50437068851855
EK202310128110,138.39526784578777
EK202310119313,145.751905478053
EK202310157152,131.9292614157798
EK202310189194,162.84828749651044
EK202310115332,153.46433681247325
EK202310213972,140.0567871006278
EK202310174634,158.79205386839732
EK202310141976,143.08679344784116
EK202310217725,137.0285541694019
EK202310240779,144.33675353443408
EK202310133212,164.46081714570795
EK202310198208,142.21366693294726
EK202310185889,155.5725540626323
EK202310189206,148.26597132828968
EK202310177011,149.35049064986381
EK202310179732,142.96483790849288
EK202310224354,131.90994727465542
EK202310163111,134.09617120797583
EK202310194747,120.17693079460764
EK202310166854,135.65485633575761
EK202310242694,148.5599390779877
EK202310141362,135.96764882714817
EK202310183977,155.25182597403438
EK202310179207,133.2686318600443
EK202310247546,152.6202236730807
EK202310140989,140.43233680193205
EK202310196104,138.58505751785148
EK202310004793,146.3839160735162
EK202310185123,147.4134023017
EK202310160604,150.181305646242
EK202320005906,170.25352814196083
EK202310216868,137.45664418992007
EK202310164383,172.06873870337654
EK202310135531,150.8362846747358
EK202310225232,133.23714289307875
EK202310152968,142.885191771294
EK202310193329,150.64775863546782
EK202310208494,135.76090188145105
EK202310120865,131.92834045954694
EK202310160731,129.01209124335077
EK202310143803,167.377056656232
EK202310216607,145.60501073211688
EK202310183415,151.9733312240712
EK202310200013,124.51676175891086
EK202310104115,159.31517646821442
EK202310133379,139.0497164617616
EK202310131060,169.12254572281108
EK202310149753,142.75219655586858
EK202310148087,141.84585088725925
EK202310172156,171.752553418858
EK202310118569,119.00626989976735
EK202310204670,130.3289825659288
EK202310234858,139.74030691021702
EK202310203722,144.10923060642827
EK202310232168,142.43090380509636
EK202310213536,137.5420166632177
EK202310113341,159.19467343209902
EK202310134517,146.68519363739094
EK202310175096,145.7365184263957
EK202310118503,131.63742695501713
EK202310206791,140.43193682476502
EK202310133225,132.67347169351328
EK202310139427,129.59783708373615
EK202310242973,140.59692794296973
EK202310230311,125.8067073481869
EK202310192098,141.31549590510616
EK202310139654,148.114342502046
EK202310104039,149.57342394621008
EK202310218808,145.86978837364657
EK202310112932,144.7641110410252
EK202310139942,146.26998543526858
EK202310155659,142.04143787358723
EK202310225247,151.8366386425597
EK202310126309,146.5345066573653
EK202310132111,165.23386510826626
EK202310242286,153.9519097955419
EK202310123840,134.73494235539076
EK202310210407,133.04312406030616
EK202310144692,160.17445550608772
EK202310132665,163.04128554387
EK202310142951,171.02823898527993
EK202310239672,142.40908340128536
EK202310228540,125.7955041694209
EK202310134450,137.0166087723592
EK202310202201,154.60114731877755
EK202310237145,136.8480418007561
EK202310248506,139.67350815093968
EK202310181213,141.88876347019635
EK202310197495,147.5322421386379
EK202320006060,168.27406202616243
EK202310240535,146.2248378273563
EK202310238367,153.91871651432055
EK202310105848,119.43159953465076
EK202310153010,136.08668883660752
EK202310245093,135.40506911831196
EK202310133381,132.40680699256006
EK202310132940,139.58606590534532
EK202320007659,162.68493765699736
EK202310125644,155.05666613477908
EK202310141453,140.91308499797958
EK202310217985,113.29293773276069
EK202310105477,151.89847345054102
EK202320005870,167.09348147400698
EK202310148401,155.53114616148406
EK202310218056,128.8546427812337
EK202310104777,154.7110274030683
EK202310136506,125.4455316164382
EK202310243986,150.94114687883004
EK202310217742,154.02826581766968
EK202310149440,142.23132724028045
EK202310176195,118.60888908401549
EK202310147405,138.4221463490043
EK202310210916,138.83916267262742
EK202310136871,142.98547202501965
EK202310204028,135.65063470600248
EK202310236173,141.96209869596237
EK202310144792,126.37476176875182
EK202310199783,142.25103391189506
EK202310115630,117.69509442195603
EK202310171734,152.36539928152325
EK202310219359,146.62845937926895
EK202310136081,174.55481394862076
EK202310238195,142.31569138687692
EK202310168013,156.84628284195367
EK202310171083,153.78637239626747
EK202310211010,133.26973167767196
EK202310212579,135.7559494941483
EK202310129157,152.21381434715
EK202310123465,140.95807751419724
EK202310192944,147.34330117643987
EK202310104057,133.6925148688012
EK202310140551,163.35442453843183
EK202310243448,135.12066003018708
EK202310238701,133.59177043256278
EK202310243934,137.5805812077165
EK202310225403,148.8629919995342
EK202310194134,143.14663167205794
EK202310223407,132.69306747987898
EK202310164382,135.22020912064613
EK202310136103,181.53965074233267
EK202310208188,142.9611191295622
EK202310145816,135.99993959200333
EK202310214812,142.81096982794858
EK202310202835,156.38090233138487
EK202310125645,143.09005795502097
EK202310121206,139.01258728326047
EK202320006076,133.5361415037967
EK202310184640,163.37555163680253
EK202310141217,144.79639951224092
EK202310150527,130.78322211048453
EK202310125769,140.17416730418452
EK202310197697,144.10613229330187
EK202310206446,155.70458596224026
EK202310151327,130.90298442571395
EK202310175105,135.5536507243054
EK202310139134,156.41513743272833
EK202310119006,147.1273447722527
EK202310109789,132.03992347913817
EK202310205096,146.26565373935125
EK202310118587,149.25182608923848
EK202310171349,167.72255051806508
EK202310212106,132.27830611148573
EK202310191242,140.48228700779245
EK202310200352,147.4300978846766
EK202310128949,127.29736814927178
EK202310122161,138.58435219874974
EK202310201553,153.00340254124535
EK202310139788,149.72313546407653
EK202310244144,136.99500604950805
EK202310003717,172.36356083437158
EK202310130693,137.61989851404354
EK202310183999,172.0258601433208
EK202310172800,140.76464517828228
EK202310161242,153.09759955884212
EK202310146441,140.66729419284025
EK202310117631,124.90558022209287
EK202310212373,142.69748426474368
EK202310113819,138.20229145647642
EK202310210848,134.34111392270316
EK202310158047,146.02978448304603
EK202310144950,140.43175021488156
EK202310229677,137.79635035266304
EK202310128529,142.2555774739073
EK202310224957,156.37560398709942
EK202310111880,148.23423892854873
EK202310104750,143.66284541124847
EK202310230949,123.00440168181132
EK202310123557,158.95505501659218
EK202310235606,130.80164570861908
EK202310198394,136.17533731567758
EK202310161777,152.3628475300995
EK202310134912,150.29918193760517
EK202310118238,129.39973490127585
EK202310154314,148.4992260776496
EK202310195062,133.9019096325704
EK202310144785,135.98377020542605
EK202310225938,129.49940705118885
EK202310145864,126.15063835038568
EK202310219409,139.06641653830633
EK202310140726,153.44200200481097
EK202310132055,151.2920418133243
EK202310176826,138.59897597408883
EK202310136603,145.0496792152483
EK202310131597,148.08521105304206
EK202310246396,154.97865848826405
EK202310238453,144.54821839623466
EK202310210356,149.1475572510206
EK202310238874,160.08552543540404
EK202310243980,166.5409027043812
EK202310130204,158.1469657112679
EK202310232972,149.07480554913684
EK202310132480,153.5167352956786
EK202310123064,169.12474983615354
EK202310116125,139.7691947601984
EK202310216605,145.24052594450836
EK202310135031,175.15136371995987
EK202310119678,143.66637702833077
EK202310156982,174.39982292281707
EK202310181434,159.32778661042641
EK202310160699,148.38132726324244
EK202310206737,144.76774257980964
EK202310179993,143.95556210741142
EK202310141387,150.7360036878378
EK202310210766,133.9960083841722
EK202310109069,158.23822587521488
EK202310183082,142.92098829076775
EK202310184893,151.34091318250913
EK202310246516,140.09001131310387
EK202310229143,148.34861121094514
EK202310131062,158.30428744925234
EK202310185681,159.88882500317672
EK202310185540,141.37094073507856
EK202310114449,155.23803852696236
EK202310165928,156.19001150756043
EK202310107191,152.95340132860198
EK202310228437,128.90097453566383
EK202310143843,154.3352163166922
EK202310180377,162.91278049098725
EK202310241530,143.8755351332249
EK202310162708,174.32782882300916
EK202310138305,150.5900777779764
EK202310103875,136.5285339533943
EK202310125471,130.82099616434328
EK202310152377,120.49347319049635
EK202310113683,151.2306914795618
EK202310181927,147.36773631881346
EK202310176699,155.60092167526366
EK202310179246,120.82186866150212
EK202310218837,139.20300510495048
EK202310156548,166.29722491404857
EK202310169871,136.6828355171158
EK202310183587,182.22797000659807
EK202310223255,141.07834396363117
EK202310174418,128.9919898222708
EK202320007116,162.1884284419826
EK202310224284,146.1173263317857
EK202310174549,140.10730489288454
EK202310161579,168.09747597627597
EK202310147194,152.96835719817037
EK202310112625,133.67040100157692
EK202310142795,136.56557713822843
EK202310187355,130.58007793378508
EK202310166085,158.40430243928242
EK202310173662,155.70896150124008
EK202310179128,142.76225361764617
EK202310178324,144.879884394114
EK202310141982,126.39346312194314
EK202310200610,149.1045966251421
EK202310116989,149.7769120222706
EK202310148385,154.517171401491
EK202310003411,128.9050094815076
EK202310247578,117.90397119680445
EK202310244685,159.88099643215003
EK202310129901,142.18898123234777
EK202310200914,136.94289627634586
EK202310129257,136.13562053987204
EK202310240699,147.29647299817898
EK202310216215,152.06461665425485
EK202310156174,137.939262146913
EK202310221194,149.15710221750948
EK202310103999,153.5398097600755
EK202310192191,126.15897955425686
EK202310140596,145.00610430754853
EK202310143276,132.46639911198105
EK202310234844,146.26655738428633
EK202310187581,134.95968011029117
EK202310140028,157.841689177215
EK202310246026,131.45223539407937
EK202310227430,150.86522008994032
EK202310132042,142.11618759448817
EK202310177593,144.8169729723281
EK202310141118,141.6910402802022
EK202310247138,156.17363419608887
EK202310130201,154.85354969612973
EK202310131399,145.6271794748583
EK202310175507,146.28278875261455
EK202310216063,159.06864945066346
EK202310247001,145.2907082685053
EK202310003515,140.13918603244306
EK202310174264,133.75040108438353
EK202310169815,143.23951663720666
EK202310110931,135.14008406816043
EK202310116115,142.02873248009277
EK202310124245,136.7265951588849
EK202310201777,147.24006593588598
EK202310166287,147.36478208278615
EK202310212681,155.47006415455272
EK202320006340,163.0496756651339
EK202310155270,139.97805984841813
EK202310115765,137.91495987064818
EK202310179416,129.76910069612984
EK202310115011,130.04148648111877
EK202310159851,157.51543224905967
EK202310185875,146.5837233432056
EK202310195751,153.48638236481384
EK202310212496,142.6526874074567
EK202310134077,132.08168912143847
EK202310125764,137.03104951106295
EK202310219281,132.12484529948145
EK202310138192,126.049076180141
EK202310227717,132.07370743788567
EK202310178143,143.14260052695988
EK202310137761,145.12001881075963
EK202310239906,128.21851660128212
EK202310190459,155.8180047768542
EK202310115727,131.32080113486384
EK202310244833,159.2476568069408
EK202310107229,126.2539183061287
EK202310224274,149.76852205437274
EK202310194396,161.83660931293252
EK202310134831,131.25798865249325
EK202320007479,154.55435210499326
EK202310170018,147.85369834159115
EK202310177337,163.77253195720647
EK202310119476,144.04408595567511
EK202310213475,138.3887296115076
EK202310206650,146.62535347875715
EK202310231785,133.62839820870244
EK202310222833,135.05731892685074
EK202310187301,142.31434218805958
EK202310111784,132.8114403664118
EK202310227788,137.60517806457207
EK202310150141,148.31831583881151
EK202310161536,159.19624123800926
EK202310137661,136.55145965409343
EK202310226163,123.63052841381042
EK202310223040,123.60633919605475
EK202310111512,151.48574073915708
EK202310211220,142.73939713818928
EK202310122194,146.92999658771328
EK202310182104,139.83642330676264
EK202310179334,166.43077465058803
EK202310179331,160.82949444761476
EK202310145350,129.0362526941762
EK202310201986,127.32422648337901
EK202310196946,139.96710152335902
EK202310217855,117.8350229967003
EK202310236350,124.52674408195864
EK202310229165,129.23635820766518
EK202310171617,139.79387208133812
EK202310115459,149.78490435260792
EK202310196848,139.7170132557938
EK202310127398,136.3524106534083
EK202310205390,146.4804588725014
EK202310142325,154.926214217445
EK202310196201,161.52120138381858
EK202310238646,143.48359223831295
EK202310230272,164.22093775780084
EK202310241132,140.1408521318793
EK202310212259,139.16242775789172
EK202310228514,140.01777818766757
EK202310238485,152.15399900169965
EK202310158861,149.01343373707527
EK202310227360,131.12837926642422
EK202310136436,144.91444766823847
EK202310231528,125.51747194407629
EK202310221158,153.56964737828255
EK202310211507,142.61810123909896
EK202310190845,147.51594370182616
EK202310157714,147.3823341468804
EK202310135990,133.08874500318586
EK202310164365,151.8507371644816
EK202310153926,160.10681327186975
EK202310150008,144.1854405774224
EK202310141032,144.01929334138288
EK202310193812,147.07919082371237
EK202310137931,139.40761442389464
EK202310156495,169.90444292012467
EK202310122480,150.5004717604716
EK202310216486,139.9014245958029
EK202310222820,146.7835050492195
EK202310111196,152.27919018187228
EK202310150248,135.71375444527186
EK202310136916,148.91903812166345
EK202310107139,132.5546531915592
EK202310181412,153.50788322425794
EK202310206211,133.46464343667765
EK202310109768,141.25790441168303
EK202310206447,151.7041495729061
EK202310211977,128.11246986730637
EK202310235013,130.69686598709603
EK202320007348,150.0603089596045
EK202310128131,143.63789321045587
EK202310107501,150.56504434526624
EK202310247682,140.1233852876554
EK202310227429,158.28962092638258
EK202310204611,143.0112836066398
EK202310133183,134.29285432992975
EK202310218119,124.86874127035988
EK202310183206,143.06439058826058
EK202310232942,128.44942063814563
EK202310205411,145.42010320683764
EK202310166033,161.79171743953273
EK202310134596,177.7166254598192
EK202310136873,168.78982348205585
EK202310203514,148.66861590123378
EK202310126038,133.43808180280425
EK202310191150,140.74691526386252
EK202310129389,147.8714618767293
EK202310222819,147.40953945048025
EK202310152891,166.38234676971584
EK202310157272,145.3853058490378
EK202310135873,153.527183027692
EK202310197559,158.54824120904257
EK202310169845,163.6025490757125
EK202310165585,150.07423443958314
EK202310159036,148.59121077156937
EK202320007295,163.9563819673332
EK202310133662,135.9311734405098
EK202310189827,137.45849328661424
EK202310148841,156.64417424603863
EK202310146896,140.3585420566598
EK202310235090,136.0471076647884
EK202310119567,126.99875718952434
EK202310172433,164.1714713891138
EK202310247849,155.2711638037698
EK202310207306,130.59824635789073
EK202310183094,137.98789294408945
EK202310216955,160.47641258204223
EK202310192760,168.73657468450858
EK202310164280,134.79236728151946
EK202310203989,155.75489495979008
EK202310239786,129.47504555022093
EK202310105979,146.14233255366202
EK202310003640,142.4841026934491
EK202310240750,148.09555250367762
EK202310179109,139.38824823011097
EK202310150944,136.42474569711672
EK202310201413,148.31943594925872
EK202320007436,156.8857361867426
EK202310113726,142.19168098816138
EK202310122262,121.9469326096281
EK202310224480,131.5367610178921
EK202310194020,137.4428654478303
EK202310183018,163.86242782459934
EK202310181414,161.34051687008053
EK202310113303,136.74286345408822
EK202310108976,145.72977416445966
EK202310160184,136.92464710197447
EK202310210774,125.30228576938032
EK202310161905,149.856966145289
EK202310142271,155.3770396511046
EK202310172860,140.23490237562314
EK202310145464,129.25269144009673
EK202310004728,152.21165347991968
EK202310166310,154.16442936065596
EK202310105822,119.79086275354419
EK202310147953,140.43718998545447
EK202310108291,157.1154129697717
EK202310240186,148.8014845242074
EK202310136365,137.89543184283792
EK202310221390,151.4266767950629
EK202310229925,130.2079370355072
EK202310141278,130.76383400496704
EK202310246624,155.56788374210026
EK202310220360,127.917419060849
EK202310224653,142.9017624448953
EK202310160368,139.49405814395638
EK202310126911,145.03559432300705
EK202310222925,140.90183730228551
EK202310200594,135.08946634895548
EK202310150819,134.87544605051337
EK202310129913,157.60647841981867
EK202310187155,161.91155290705703
EK202310221177,133.760240846592
EK202310117855,148.61589056176686
EK202310114109,144.7593516306291
EK202310212056,144.95467814830715
EK202310235416,137.33455019288638
EK202310119909,152.6365042697512
EK202310234670,133.62546393661103
EK202310191663,171.1139093888714
EK202310157791,118.37883525112473
EK202310232045,134.10347776186373
EK202310177127,149.59424205066455
EK202310175989,131.24317373968782
EK202310127307,158.75117963595616
EK202310105741,149.1591736266616
EK202310174633,135.94031963302655
EK202310114332,133.9646734751727
EK202310176623,139.88975182435996
EK202310157384,138.36035226558778
EK202310230266,137.57697750510542
EK202310178822,163.88621215324048
EK202310174964,148.17031435652112
EK202310149670,129.75883832153016
EK202310189731,151.76377301857676
EK202310134729,169.65587896397412
EK202310198042,136.54003133288927
EK202310231499,125.0909869551805
EK202310155095,143.55617591560335
EK202310180485,138.67939140387747
EK202310198871,112.29583543427418
EK202310004386,139.89322065599265
EK202310165308,130.83022424000293
EK202310131429,129.68508803974314
EK202310141545,149.00409877028272
EK202310184517,146.39203500643637
EK202310199293,124.8766552121612
EK202310152428,153.26222772941472
EK202310148889,178.32203184046034
EK202310187273,145.63591713472266
EK202310179239,165.35025736484485
EK202310235514,133.83336679288598
EK202310169287,149.44663515710403
EK202310240454,173.1083015821083
EK202310206328,148.58648551738085
EK202310108495,138.91075118092542
EK202310213966,137.64637504747546
EK202310196327,139.3474162334445
EK202310167665,163.94646767444888
EK202310171391,153.3804119967124
EK202310183683,123.53342051797105
EK202310157793,137.8413846420784
EK202310156197,137.5918211541707
EK202310198098,134.8850451170103
EK202310146704,127.59865518982197
EK202310218935,136.7779895197954
EK202320007401,159.46001693392023
EK202310137190,141.60955042862076
EK202310154815,145.22298294466015
EK202310126612,131.54809804253534
EK202310120357,152.85425010494626
EK202310165826,156.10941587892248
EK202310214388,154.5628650219939
EK202310204549,153.65463794565196
EK202310209491,144.06429730565293
EK202310208295,148.20581759417954
EK202310196248,132.13390428201467
EK202310242787,162.941863854176
EK202310225423,151.25595003780683
EK202310110863,138.37985297539484
EK202310117182,137.65713202569043
EK202310217191,160.03020753830984
EK202310193055,140.68950720469496
EK202310212058,141.0814148338172
EK202310103911,151.50200780658253
EK202310213355,123.24531732294062
EK202310175342,155.6996569716526
EK202310237346,133.6908774741662
EK202310186492,144.08462604523356
EK202310147951,146.14614411869212
EK202310191447,143.6352888564613
EK202310215972,142.46584106129467
EK202310199031,146.84606875338991
EK202310152507,153.8644181208577
EK202310143892,126.33115423606131
EK202310129112,155.3789643901835
EK202310152184,128.92939260788341
EK202310227166,120.05259623339126
EK202310182576,143.98974912147753
EK202310004383,135.85685816935518
EK202320005865,171.75328421371563
EK202310199455,149.54806762018399
EK202310230815,121.19713149448506
EK202310209305,142.5930440903715
EK202310138624,154.44869007519657
EK202310126039,132.74976113801617
EK202310131814,144.6667614101466
EK202310184163,156.52341715647006
EK202310118608,123.42080499572603
EK202310227117,137.83301788835524
EK202310152007,145.93757846945076
EK202310229187,133.59670843554633
EK202310139035,146.81735401072777
EK202310175328,156.39230848467807
EK202310159155,139.51101517833277
EK202310239122,137.08487700147077
EK202310167140,149.19310737834115
EK202310186155,149.5049200493318
EK202310193982,145.55126810920765
EK202310138270,155.15952717770188
EK202310117049,132.75897509566246
EK202310142284,141.53776242541144
EK202310164426,139.9764251036156
EK202310176396,149.00049173430025
EK202310201189,169.29769447475252
EK202310004591,133.40679784173793
EK202320005991,154.46099381622167
EK202310231608,128.51184208677742
EK202310136139,146.6785373745214
EK202310113238,154.9295063357751
EK202310158141,167.81705101953966
EK202310126316,132.815647570935
EK202310123281,165.02599466369037
EK202310167569,153.5645676235314
EK202310174151,153.02925966424098
EK202310116527,132.3255274030573
EK202310193916,137.64659138157398
EK202310227923,143.9094289355636
EK202310240783,150.91446318097658
EK202310143752,127.21323114795172
EK202310106162,145.18356522342322
EK202310107199,140.5167646695591
EK202310213671,124.64969444927294
EK202310208384,136.66052515302937
EK202310196006,158.892759464267
EK202310134465,168.70321079926856
EK202310151047,136.66627331289126
EK202310124565,140.46148529637657
EK202310183135,148.97380809711532
EK202310213685,146.51005513355656
EK202310143407,154.5434248522846
EK202310210115,156.81622295825935
EK202310110851,154.10789902731526
EK202310229392,146.65141332389223
EK202310204386,139.77066745543186
EK202310235968,149.44795973265084
EK202310199913,142.8294925864278
EK202310138545,128.4854754005886
EK202310116537,146.88444261717927
EK202310134658,162.43815858754377
EK202310224022,170.45811311306468
EK202310234186,122.60251334918085
EK202310163888,142.14082008852904
EK202310212249,138.32186944241204
EK202310140225,146.15936975907252
EK202310140896,156.68339438859883
EK202310186538,128.18029390105133
EK202310136216,153.0539375415069
EK202310108888,153.6686828941926
EK202310182062,147.2701226314276
EK202310163277,144.35815655906455
EK202310107567,136.26718826700449
EK202310120960,164.36132776758578
EK202310180719,142.27576002437388
EK202310131600,143.36269525674388
EK202310177372,152.5040731909008
EK202310126121,146.9526507908686
EK202310162878,149.58589960090222
EK202310201167,168.92369713943776
EK202310160968,150.66238247320425
EK202310197271,137.85469484737254
EK202310181868,154.17105161456283
EK202310151314,144.35816072367967
EK202310164572,159.62831034207045
EK202310205777,143.03309055771783
EK202310138104,139.30146900615605
EK202310167840,135.9562191339769
EK202310226831,138.8246974735453
EK202310147830,148.68249605466107
EK202310197709,128.04006263101212
EK202310213022,151.35274403083412
EK202310193283,146.05249121473005
EK202310205081,130.0209800305351
EK202310122178,144.049073479343
EK202320006555,169.4484282475769
EK202310237774,129.02898490316647
EK202310124965,140.76843604592005
EK202310186156,137.04290800550504
EK202310117980,140.97537966487496
EK202310125951,150.9864339318467
EK202310151873,141.42046942875427
EK202310207092,137.6229698853543
EK202310117489,154.69929128416612
EK202310216348,171.782607305741
EK202310220010,146.18185736479685
EK202310214618,160.41227733002745
EK202310206863,144.68692223690664
EK202310109000,155.61683375909502
EK202310188574,167.90813289008472
EK202310165717,165.77658970948747
EK202310128017,142.43463750427014
EK202310165060,141.70895360292712
EK202310200674,136.18333029276
EK202310221350,134.22202122781746
EK202310235065,142.50333674697887
EK202310163335,170.89039371262928
EK202310120881,129.76845725409535
EK202310137678,135.45570061420707
EK202310128015,138.69313835078145
EK202310234830,123.12813681269941
EK202310167377,144.854312179305
EK202310164502,154.08653779639562
EK202310127391,146.19370990400975
EK202310179523,150.487935289675
EK202310223246,127.34356631707865
EK202310108837,153.83859120106575
EK202310200232,135.9119915665631
EK202310204659,161.90808961692613
EK202310189046,158.41927048912882
EK202310137247,142.6827692652493
EK202310132734,142.1113987805169
EK202310136878,122.58532493983917
EK202310236360,133.4697309696223
EK202310228358,131.00277117717283
EK202310134060,158.35434244835722
EK202310165565,136.0952152546875
EK202310226873,143.37624249426545
EK202310189864,134.2199531927809
EK202310119822,151.02375229071225
EK202310139438,156.08010434680455
EK202310190768,139.48949958262415
EK202310165094,155.30178363827727
EK202310138047,137.54400748976119
EK202310166258,151.23131066501253
EK202310229510,154.63578324231088
EK202310226767,145.16986758214856
EK202310141133,154.43826794527735
EK202310109811,135.5611620661775
EK202310150474,178.11641663201215
EK202310179190,122.7800383222362
EK202310196236,137.14478660630255
EK202310209246,143.91775702669324
EK202310197990,148.90920335700238
EK202310207124,129.86022190056315
EK202310212257,134.13511573542087
EK202310108488,149.0280377234551
EK202310103709,115.68161726694669
EK202310232504,137.5051945159893
EK202310134238,149.94159797466935
EK202310123117,127.54772529116487
EK202310121605,157.00384180444757
EK202310173315,161.0040849208126
EK202310121739,134.97465335728032
EK202310208354,143.4616691515165
EK202310161392,139.50716477166588
EK202310234724,122.18296313400543
EK202310111484,138.98032675659817
EK202310187014,140.66196795486624
EK202310104426,120.83867271378679
EK202310145898,136.90401387813958
EK202320006067,169.20004417968835
EK202310188463,165.45874181591446
EK202310140762,143.47988398450002
EK202310218714,163.22066269057467
EK202310243661,122.16548547337155
EK202310177326,147.9705177893532
EK202310234236,137.55654802945963
EK202310227958,136.84083391761303
EK202310118900,138.24965373480273
EK202310165267,151.3381438389618
EK202310230827,144.89687554406996
EK202310171222,153.1633317079875
EK202310162860,150.15269612173222
EK202310235544,158.93970481258975
EK202310161220,139.06882548369117
EK202310121708,165.46772135330318
EK202310179835,135.4371907390359
EK202310239604,133.24973644019596
EK202310219818,122.06270159879108
EK202310161568,154.56930435107043
EK202310160061,155.52650623390275
EK202310110380,139.03900201159482
EK202310246413,137.44882244088757
EK202310235850,148.02067939968026
EK202310165684,137.20336532172794
EK202310104090,134.8264887312973
EK202310243966,134.32937150465213
EK202310228270,132.35063206607603
EK202310110387,148.47892468234176
EK202310152984,143.63177093203242
EK202310223888,137.2746684596558
EK202310204934,148.7352606629964
EK202310162381,152.73213173902346
EK202310197868,145.93582692165143
EK202310107186,134.53150621230586
EK202310163263,125.18189281627248
EK202310198200,138.95311070992776
EK202310211345,145.80212412393416
EK202310226051,143.44759947020776
EK202310123297,159.26240057970713
EK202310140795,141.7999866244927
EK202310207289,132.12108163214137
EK202310225168,134.22498075401393
EK202310183349,116.18126310852652
EK202310105114,140.0266469001402
EK202310176080,162.41925325413408
EK202310179405,158.14338050570208
EK202310190274,151.87024066538265
EK202310132186,142.5658655461422
EK202310146444,149.02341571535294
EK202310225702,147.0450666926041
EK202310218239,133.48512005618124
EK202310147577,138.41834465136904
EK202310183811,172.52591496938317
EK202310162937,130.0017729734467
EK202310157881,158.55480255576808
EK202310207952,129.02817885173224
EK202310141225,141.29443049787886
EK202310193030,153.1008621235493
EK202310122847,127.02006148847238
EK202310165669,136.9596133899088
EK202310114924,147.92787743236465
EK202310218309,158.6230740785254
EK202310208489,157.94341497801724
EK202310179997,138.8296589714734
EK202310147027,147.84579126110935
EK202310004319,137.4757569215119
EK202310175632,120.64084353636929
EK202310189340,168.25969879314388
EK202310177526,158.2563448109623
EK202310207611,164.94247491800462
EK202310194660,141.99672606501284
EK202310229979,148.6043590673315
EK202310240147,157.4384478534052
EK202310211637,133.55834712956684
EK202310149224,136.90566452738787
EK202310177662,145.76481015626084
EK202310179984,160.37822048116814
EK202310228864,158.0457955595797
EK202310180524,165.65535569134144
EK202310229356,168.4547144568972
EK202310149225,125.89276076096169
EK202310188850,148.7977447097126
EK202310237876,155.94507653970373
EK202310219004,136.02731187779426
EK202310125299,123.56290634330573
EK202310156188,134.25676211410368
EK202310238230,141.41361703252483
EK202310187694,138.54667806978466
EK202310158043,136.82837627260332
EK202310214647,151.5468400758287
EK202310221207,121.51467973879014
EK202310173575,166.02921055777185
EK202310113008,148.75000994695492
EK202310239053,137.43817386187195
EK202310104640,138.65796887161216
EK202310241514,128.74265722875734
EK202310004700,168.99749779693803
EK202310162482,131.43682486694112
EK202310119906,137.40705420403953
EK202310153205,146.86962877918117
EK202310114919,140.75193539668027
EK202310235152,133.29560772999488
EK202310203791,132.58921309271565
EK202310123842,150.2550477149047
EK202310141447,165.4177937669107
EK202310192629,151.89752003350586
EK202310244491,153.7804776722513
EK202310216050,120.66758039275187
EK202320007061,149.5203792054818
EK202310217253,148.61476273142267
EK202310187351,162.2871306975476
EK202310247064,138.3327957644812
EK202310215396,147.08716004189125
EK202310109791,151.70112365850295
EK202310238972,146.14136670503794
EK202310210241,147.83273766415786
EK202310138585,164.39493814891458
EK202310215255,151.24508728489107
EK202310181801,156.18538225416617
EK202310124314,131.41289297045648
EK202310175289,158.4981854393048
EK202310198498,146.8604762225684
EK202310154216,155.16300558900926
EK202310226242,149.60514919504686
EK202310127354,154.0149642933012
EK202310179264,148.08020491246344
EK202310139507,159.8748867905106
EK202310129883,153.46643990141808
EK202310232951,153.50789709758058
EK202310233288,127.19490651643572
EK202310121403,143.57367234156501
EK202310158908,151.41770873656262
EK202310147431,138.52108702077504
EK202310138917,142.64166525328426
EK202310149611,134.89819720509917
EK202310221612,150.16049881493794
EK202310143554,142.50810100999547
EK202310172722,126.22683857301817
EK202310199773,132.0744761018856
EK202310127375,142.223587557753
EK202310225978,141.10717620669655
EK202310227248,144.0227901244446
EK202310116384,154.34426934815355
EK202310180690,159.2943949342755
EK202310122858,121.17280979440464
EK202310226310,134.3271967190801
EK202310195569,154.3932317420733
EK202310198823,139.06057026056578
EK202310121439,155.71241077195293
EK202310161947,146.26556437626047
EK202310232604,133.06850851044655
EK202310149617,144.218038957705
EK202310146783,127.2895014354992
EK202310176164,151.32137507578346
EK202310135912,135.929864177875
EK202310229257,168.84647492330373
EK202310235094,129.5396554574288
EK202310118246,145.42664748829486
EK202310185828,148.42054118293186
EK202310106494,144.37890354470844
EK202310146544,143.83153989173357
EK202310227579,137.35271868161328
EK202310248311,140.72338858918337
EK202310204884,139.20216798222174
EK202310117059,140.5334449158007
EK202310231772,126.05536076294285
EK202310139447,130.39609749655793
EK202310189968,160.59126212058337
EK202310185749,140.12145193234716
EK202310110703,114.74870042546097
EK202310237233,135.50998189223492
EK202310240881,157.4621002587003
EK202310125013,160.27982171130176
EK202310128536,128.55090574887825
EK202310153537,164.69338276035305
EK202310190471,152.17365769498767
EK202310151841,144.02777445038362
EK202310202685,122.07485310741593
EK202310105765,147.0435163378553
EK202310136470,129.5516938330048
EK202310202012,134.7421179863137
EK202310125711,158.9913861231765
EK202310157673,118.86620184723422
EK202310164027,148.618445258951
EK202310151517,160.1353815290933
EK202310180147,133.16431850397572
EK202310198373,154.794942160949
EK202310204349,157.41321123413428
EK202310219251,134.25766797004886
EK202310172594,134.2690742608592
EK202310179118,136.54129802915685
EK202310150133,140.85825391309692
EK202310165331,155.13463089744766
EK202310163772,142.7260842669531
EK202310126377,131.9444303765317
EK202310145984,147.5756191808685
EK202310246976,132.65125079971526
EK202310113703,143.74515329117506
EK202310232392,143.13250939572993
EK202310236403,120.87099851443116
EK202310139475,143.67923839578486
EK202310192609,147.96338941071477
EK202310224294,151.65592518699006
EK202310152213,140.61714341858558
EK202310108540,159.54959086565245
EK202310210085,164.16408295710013
EK202310226804,143.87211557570376
EK202310137397,146.24624647462798
EK202310117951,133.3848463692728
EK202310193300,160.83310034085466
EK202310106304,144.4922286856283
EK202310129954,151.51001351920308
EK202310215057,157.64236531444595
EK202310139115,143.62488636834436
EK202310212736,167.40050767938936
EK202310135023,152.03229915072876
EK202310139581,154.68169374792163
EK202310199274,136.647747779797
EK202310211965,121.86112409407284
EK202310246061,132.1038970672279
EK202310203442,143.75306767109296
EK202310181526,152.37455423250609
EK202310193412,135.9404850647544
EK202310139031,134.59183607918297
EK202310221231,137.62812775214883
EK202310134998,176.5661620969207
EK202310141687,165.2075476081578
EK202310197304,156.4244070640518
EK202310201782,143.76943680435392
EK202310135431,169.9214895831784
EK202310208259,132.88600610845916
EK202310161380,119.79347475816945
EK202310186230,154.40206175609106
EK202310152403,143.29216548350337
EK202310116913,122.86822633008275
EK202310244061,120.54745136695756
EK202310135475,158.03876186555655
EK202310165270,145.076821144657
EK202310138939,130.7193636327886
EK202310141892,136.61613749428696
EK202310124993,146.32870798845954
EK202310170388,136.4784881964285
EK202310157255,133.7839281691013
EK202310133503,164.98493382547545
EK202310175284,134.533778093911
EK202310241462,136.8853025497614
EK202310154232,139.79915262101585
EK202310163615,167.31583182623518
EK202310197907,154.23528955603126
EK202310186389,136.8587861937315
EK202310245749,125.71200456732504
EK202310219676,141.1292503874746
EK202310190121,151.35017646042868
EK202310209264,140.0684176177633
EK202310210983,135.70832201473556
EK202310187936,146.3620267445564
EK202310133895,131.40917425337898
EK202310186472,166.3436198936743
EK202310206380,153.51804101833085
EK202310193643,151.0903420168137
EK202310225084,150.0622680624732
EK202310220518,149.27176858149335
EK202310169406,134.7528487773474
EK202310237549,135.69670449081278
EK202310109909,174.41232955757494
EK202310212592,129.1053079106425
EK202310179751,118.41798246595687
EK202310112820,141.47866267784508
EK202310195293,132.82088084131834
EK202310236702,125.35443176140224
EK202310145993,140.62803706604933
EK202310222902,138.3175219521265
EK202310189301,161.28474511487065
EK202310205807,152.09418341801845
EK202310163101,143.76726297145518
EK202310203688,147.40624058314444
EK202310174439,169.94245992135305
EK202310156353,156.43819513516755
EK202310162723,142.17662894991267
EK202310212065,131.0937665273705
EK202310004255,148.03923184795303
EK202310222006,114.9815118814997
EK202310194790,143.3530265068601
EK202310106043,139.6751075340131
EK202310242730,142.04254365779525
EK202310242586,154.53931355029732
EK202310176604,157.71984617350327
EK202310109635,142.7796071298206
EK202310216117,127.5400708035904
EK202310116981,158.69837109270017
EK202310221657,135.91876987999214
EK202310144341,135.44364950541637
EK202310228428,131.0167014900334
EK202310146265,133.1390495837744
EK202310209443,136.91168180373853
EK202310218588,139.39711595109816
EK202310108618,152.03100776749494
EK202310121760,127.58020635558975
EK202310107369,139.8337434498125
EK202310115437,147.0460647138473
EK202310187394,152.25457895480216
EK202310165757,135.29650402025695
EK202310195111,150.74958883443648
EK202310188262,164.05935780248535
EK202310124663,135.579811214518
EK202310143110,141.42269784254734
EK202310211384,146.0337121143316
EK202310118553,139.94257108655367
EK202310149358,171.73525247461464
EK202310164859,140.43506411348773
EK202310207799,143.81181594410612
EK202310172115,135.4712150203133
EK202310215359,145.39430495780172
EK202310161036,150.83931556459711
EK202310223447,139.2841913342714
EK202310181639,115.8288202887497
EK202310204435,145.09110842657313
EK202310104184,140.77964616059685
EK202310160295,153.38119719393143
EK202310192033,143.6366411453874
EK202310168110,151.63671923130983
EK202310189097,129.28019429614147
EK202310167385,133.16946311838956
EK202310109968,145.9480902716078
EK202310198949,151.31636836231954
EK202310197617,164.88740246968973
EK202310108360,144.39328386992213
EK202310159270,153.72558547331786
EK202310145269,136.98809574279625
EK202310188812,118.38898477019582
EK202310125988,140.46718562374767
EK202310112939,121.83828925251507
EK202310247895,127.40100109143219
EK202310131311,133.76654209253766
EK202310183854,144.8389812844159
EK202310219712,126.44608847094409
EK202310160911,149.80586207186406
EK202310231162,143.68936151635626
EK202310135041,175.40175759848148
EK202310212037,136.73377620637746
EK202310226698,143.6969656804216
EK202310134750,133.936616504746
EK202310148234,158.2634159933007
EK202310174532,152.62860469040874
EK202310109167,124.01155707063678
EK202310197750,163.0099755932212
EK202310164476,127.97150761510274
EK202310233270,167.20974609096947
EK202310135322,161.38267410311607
EK202310209231,134.47271358590007
EK202310202820,142.20720017132658
EK202310174302,151.40585881352342
EK202310125602,134.5789171879412
EK202310158386,148.14281727714584
EK202310242062,141.17758695189704
EK202310141111,138.6307555437232
EK202310136233,144.0780227596235
EK202310236818,134.88254474493422
EK202310184555,133.13490684451915
EK202310198830,145.5234392033403
EK202310151478,167.14465129141186
EK202310231437,126.83737285317187
EK202310150468,151.02440265810316
EK202310241943,150.63976453380502
EK202310231053,131.74123032034268
EK202310154428,146.82453531575803
EK202310192603,161.80685794788576
EK202310161912,133.5206337518188
EK202310130902,126.66730248054768
EK202310183672,147.30264558073907
EK202310227046,167.87376376077574
EK202310166255,142.47438563524477
EK202310137864,124.53134012783549
EK202310116959,147.53444395263534
EK202310238412,140.85744023635283
EK202310171649,158.71305511438177
EK202310193766,147.39860693767343
EK202310123847,170.15293665035773
EK202310146498,132.68475992677202
EK202310239626,145.7291662284475
EK202310195302,134.20196712252337
EK202310212103,137.91954201481013
EK202310192877,125.42101491634226
EK202310111009,139.5081925869913
EK202310136743,133.72855813663023
EK202310195641,146.38453001880802
EK202310227516,152.5073599788625
EK202310115577,136.9606360200678
EK202310215165,139.46995708381917
EK202310138284,171.1406449819076
EK202310126665,130.28243549530634
EK202310239150,132.58886207493734
EK202310203149,148.53015801132923
EK202310193960,123.87169938393042
EK202310171451,128.90954713874612
EK202310121337,120.03987348086261
EK202310117375,133.63444245622821
EK202310220920,138.47737394555404
EK202310115368,144.25373826622473
EK202310156865,161.29988224425895
EK202310185189,148.8958023374084
EK202310122055,138.1180967233562
EK202310215356,166.3226968515912
EK202310147958,140.71087068489044
EK202310121750,116.16331778290484
EK202310173060,133.30360557934142
EK202310163776,132.4841718647704
EK202310220192,139.03174461997702
EK202310218549,154.89034088870147
EK202310157001,171.85841003963512
EK202310225119,145.61123888408974
EK202310204051,148.86507386422528
EK202310122949,130.1932152470008
EK202310121503,121.71509808332193
EK202310131147,147.49152083185143
EK202310108909,148.47337539302555
EK202310151114,133.7094027013285
EK202310233392,139.82422591308134
EK202320007141,158.59317793377113
EK202310164522,145.94270182160048
EK202310177297,150.71754780986086
EK202310210546,145.67214287782164
EK202310184589,145.83382384054457
EK202310212117,143.03128147175707
EK202310133272,138.44988085374337
EK202310205158,145.87467249516095
EK202310174636,149.36397551430815
EK202310140946,153.5477307905823
EK202310117042,134.17277474580965
EK202310134320,126.745277229527
EK202310229429,141.56820162655129
EK202310106153,144.0174739584754
EK202310247761,164.9910808085847
EK202310227271,128.9847859557108
EK202310239428,121.73554172333783
EK202310215784,129.30902416789388
EK202310210318,126.68224262856216
EK202310141900,151.16097669979516
EK202310184802,176.05005614148826
EK202310165235,148.60937366122997
EK202310171404,119.84750686784504
EK202310210573,136.17616477989108
EK202310210122,150.85630399027517
EK202310150189,143.4905693738864
EK202310156048,145.18944708811904
EK202310172500,165.81894667131039
EK202310132244,131.78443230254084
EK202310245342,138.28917425146912
EK202310139313,137.4268294886194
EK202310207856,145.60116470726695
EK202310116311,130.39068640333142
EK202310208589,146.2284931499367
EK202310136325,137.21533740322892
EK202310248759,119.53963955389523
EK202310198653,144.07011945591054
EK202310195491,162.8523282705346
EK202310103816,128.16964347361278
EK202310207373,146.85937264304064
EK202310227064,139.5249442258056
EK202310138546,141.62696954929842
EK202310205952,133.48305464032768
EK202310212677,145.66014429319253
EK202310228148,131.25313515239696
EK202310107729,143.42231978229447
EK202310211277,149.91638885023963
EK202310195545,138.01233732291968
EK202310116564,145.6980242208949
EK202310184823,149.4107446003374
EK202310170543,161.85441851555314
EK202310193619,133.3439852973517
EK202310239035,155.14285382533194
EK202310133171,141.07136630087663
EK202310227136,137.2946125281078
EK202310142625,123.29650549351035
EK202310244169,134.71853532430663
EK202310246581,142.50794433620092
EK202310165380,154.05736651602743
EK202310193395,128.05328160607635
EK202310109332,147.83974416331947
EK202310163291,169.95761926986768
EK202310124290,147.69787939756412
EK202310215739,138.9637296047303
EK202310241146,135.2466173485805
EK202310124580,141.9116142644396
EK202310211475,137.09678441546592
EK202310004503,149.96838951537669
EK202310143151,140.54352814687428
EK202310136531,150.9646197102882
EK202310119568,137.18618799559312
EK202310107515,132.9732532205186
EK202310189886,148.53574591909143
EK202310124398,140.79475467344037
EK202310125848,135.33451151662214
EK202310211088,127.40581054054961
EK202310156421,159.85147748622478
EK202310157177,150.5562653032223
EK202310211323,144.47859523638863
EK202310202592,134.0393321532689
EK202310194894,142.7639147462322
EK202310215071,152.69710091162267
EK202310202956,146.36341018409053
EK202310234488,140.8125043740952
EK202310187089,131.477427025401
EK202310227517,156.05264039914252
EK202310170551,158.57441149345235
EK202310189993,141.1775569197783
EK202310149202,144.4974786664263
EK202310229780,127.96019582038193
EK202310245465,130.4051183607769
EK202310218891,146.5781920674041
EK202310124812,175.8514448204408
EK202310208935,137.26567120182787
EK202310140658,129.85608130667674
EK202310183874,152.2516684556405
EK202310107413,129.91259266490573
EK202310194042,139.71824794580814
EK202310157446,138.482226337905
EK202310199004,130.45798410298067
EK202310135601,125.61584478034445
EK202310201970,147.91106697000012
EK202310139356,142.22204214498421
EK202310134175,143.2674816533643
EK202310108539,155.18185670107113
EK202310177643,139.20272886007518
EK202310103821,130.3833330494723
EK202310206740,154.18921125382093
EK202310131433,143.67400217714922
EK202310204350,139.9552615445421
EK202310225071,133.38648058788613
EK202310211718,136.83978760495881
EK202310131849,148.79016759390677
EK202310153172,156.6462831908519
EK202310132642,138.76132321875784
EK202310112845,142.060576870476
EK202310177008,147.42739011399266
EK202310130444,147.44294565227727
EK202310147078,148.63001508166906
EK202310208564,144.0139464060153
EK202310194298,138.98216002403166
EK202310228548,140.5849569791195
EK202310187217,141.45352567516846
EK202310171794,133.36049531794282
EK202310174423,133.44605302177044
EK202310186521,144.00269205757047
EK202310189274,163.4995656370189
EK202310128594,125.81360779339373
EK202310213657,126.00705154553526
EK202310136140,125.08411198677952
EK202310144986,131.60884133506931
EK202310117312,140.4632929163974
EK202310165610,180.2527170954391
EK202310130595,144.1297430089782
EK202310004575,126.0647058266438
EK202310119145,143.7474341501545
EK202310179788,123.17373303561315
EK202310247106,144.9531515611286
EK202310118131,137.85695065401595
EK202310144354,130.23651458024915
EK202310192108,144.42645646041788
EK202310169582,138.36625822941764
EK202310227386,133.2902291483961
EK202310174182,141.1259254524985
EK202310222783,127.55229281688476
EK202310178639,146.67171367112536
EK202310245259,118.361515472429
EK202310167257,146.79765213113774
EK202310162914,111.79218478550345
EK202310004463,144.02424189384186
EK202310207893,156.6681183833569
EK202310148230,145.43730599281352
EK202310116055,140.03525272615107
EK202310224157,148.06590615070536
EK202310114888,142.74299632858524
EK202310195337,162.52953609618277
EK202310216934,165.71070930592145
EK202310216677,159.22677777134322
EK202310188580,139.78989481972738
EK202310219727,143.30471948560626
EK202310166001,142.94115888370956
EK202310229705,132.5244249601628
EK202310209871,143.39382781350886
EK202310196361,145.45333206617846
EK202310234245,138.24131050048013
EK202310138920,140.9667389061544
EK202310122618,131.7070028372496
EK202310175727,159.48158863637337
EK202310155478,140.0651637806746
EK202320005560,142.828217570055
EK202310110719,152.4145116556045
EK202310136240,152.21125530861983
EK202310186251,168.45219436275613
EK202310216248,141.16425253759778
EK202310205301,148.45368255422653
EK202310211409,133.4906754740472
EK202310154889,138.7588397862366
EK202310133167,152.26811684368695
EK202310190742,143.20063492963524
EK202310181049,147.96229597843413
EK202310190345,155.24134527317295
EK202310223134,166.61206181350073
EK202310248510,143.91064305756248
EK202310177287,156.37901924188182
EK202310127550,129.91664458122258
EK202310118313,135.0401936012995
EK202310222760,139.12621153986947
EK202310112189,138.5857645187987
EK202310141089,136.79635049090675
EK202310132200,163.7813440247504
EK202310221040,140.84582628417925
EK202310111716,149.61912148518073
EK202310206062,106.59633900519813
EK202310209855,146.26026695281303
EK202310104428,144.2315990133447
EK202310177723,145.1267010725991
EK202310003367,122.02849310205539
EK202310182125,147.50400886638067
EK202310194084,150.30595588125044
EK202310211789,139.63059241590855
EK202310132488,151.23417033722967
EK202310142803,132.42754095734077
EK202310181723,165.1308350037348
EK202310103735,138.9646841397064
EK202310219083,141.52609119638268
EK202310215988,143.73305627588473
EK202310234414,110.7132056679519
EK202310203900,130.17510123742892
EK202310137717,138.54482808977906
EK202310112769,147.8487817199466
EK202310160354,129.0868367546347
EK202310105028,147.23249255169526
EK202310128626,147.32524569023002
EK202310206626,154.22422236441946
EK202310247911,126.25296209382286
EK202310156966,142.4211125076751
EK202310111774,138.744678936399
EK202310141388,139.0275835732884
EK202310105367,137.34668246673462
EK202310138470,137.00908361006907
EK202310238177,142.3557768044965
EK202310169946,154.17119141227442
EK202310189158,144.36139764424084
EK202310231981,138.4332435778724
EK202310174508,138.23435487217233
EK202310110650,114.23659611053365
EK202310195172,162.03841091998274
EK202310188961,139.82490778947235
EK202310219185,141.88134410167413
EK202310208623,138.9422885734217
EK202310128662,132.44795921618496
EK202310185661,147.41384636258127
EK202310157894,139.18557999712826
EK202310200928,154.45092151400468
EK202310004224,130.95293480991688
EK202310150214,133.30704150214885
EK202310111969,148.40264949045473
EK202310129506,142.24467604352157
EK202310127186,156.23906822462106
EK202310173377,124.5484618825283
EK202310163570,138.75408133091918
EK202310196742,130.29863570660626
EK202310167664,156.25793700156598
EK202310148814,148.52309790068378
EK202310200567,162.90025477965594
EK202310168414,155.64574658225368
EK202310203613,158.67511913215793
EK202310247919,155.17807030046737
EK202310200083,172.97883583498609
EK202310148844,129.22591795839642
EK202310159721,145.77260093525223
EK202310131910,144.8088513642509
EK202310153522,131.9457870445723
EK202310212250,144.1212335019192
EK202310111147,155.87644040691856
EK202310170237,131.58218107966184
EK202310166954,143.78412277719588
EK202310193804,144.71444554615402
EK202310180730,167.4765977983831
EK202310004363,168.35709738706333
EK202310123533,137.9091585269353
EK202310235018,130.37275759458458
EK202310176008,149.2289607417532
EK202310151334,124.07312738620163
EK202320007865,165.43468653771282
EK202310236423,137.53623536371322
EK202310130270,165.43150192062205
EK202310220333,140.51724072177123
EK202310196344,139.9828582908298
EK202310218805,149.2953484998114
EK202310116838,134.56592915228862
EK202310185359,141.29252243928957
EK202310150318,149.31307523624773
EK202310121733,129.71041152815366
EK202310242000,146.78905077005652
EK202310193114,125.0411416450409
EK202310171559,132.70311819709406
EK202310122635,133.2679091794032
EK202310167040,155.29603042439163
EK202310166470,133.94433307567235
EK202310195612,147.56688519945277
EK202310233457,141.46188753900472
EK202310185055,136.80055034966585
EK202310177519,155.34673762755284
EK202310247329,159.4344810250368
EK202310195549,158.05311505675596
EK202310144213,128.00459976094908
EK202310135438,154.96822801147954
EK202310226468,138.61260164127168
EK202310105289,139.50242419462376
EK202310120252,147.09272319483225
EK202310176662,137.46940292644305
EK202310114289,138.4513793463392
EK202310126976,137.24961023693896
EK202310207593,155.96150144646583
EK202310114272,110.02225522812645
EK202310199080,142.6355545994201
EK202310122669,132.8945739252856
EK202310180804,154.22508416915213
EK202310204732,145.63412499076
EK202310200464,141.77338964318346
EK202310203808,119.00746988283558
EK202310212010,136.5958420183477
EK202310245942,149.02852935330273
EK202310004694,132.15472383927099
EK202310155200,144.36852124855827
EK202310164369,134.91778936889222
EK202310126268,145.04354162888063
EK202310170105,159.63680752498115
EK202310225963,149.67709512368882
EK202310114547,139.6272411611903
EK202310236239,133.13923992623205
EK202310112862,145.84436469385903
EK202310109972,155.97038552145983
EK202310132643,132.47102006074957
EK202310132419,152.4562632115127
EK202310161002,135.270657155894
EK202310189189,141.08672487558857
EK202310148790,146.21777031271097
EK202310169154,164.65999895550348
EK202310196747,150.7866884757637
EK202310122266,154.33784891350797
EK202310115421,126.03882502022708
EK202310180521,146.40178153985343
EK202310167786,145.02999173606048
EK202310167076,164.33442492081596
EK202310168839,139.04402115845298
EK202310110674,126.97894117101183
EK202310236684,120.74555580639628
EK202310128770,133.3904862677668
EK202310244917,152.0400114412117
EK202310128367,162.60269224850308
EK202310129004,137.71325111633607
EK202310231478,129.30590679847833
EK202310178172,149.77748736316218
EK202310180564,151.74982824410182
EK202310112326,127.48300012999876
EK202310200330,130.41895199403808
EK202310138725,142.42006489927914
EK202310177009,155.99384933680932
EK202310220598,161.95740245947033
EK202310200436,148.44281558250117
EK202310242674,130.2808170495827
EK202310222668,169.51699156589348
EK202310118184,127.50897037595901
EK202310138203,140.8267702821468
EK202310118829,145.56577035724467
EK202310185969,145.3645897602907
EK202310216351,138.03339862220685
EK202310187284,143.50262468495498
EK202310218216,143.55100952740383
EK202310219259,136.6371948578618
EK202310120929,131.65423950833792
EK202310108093,154.05287442152215
EK202310142267,152.51154586949465
EK202310174980,151.98431632506313
EK202310114009,150.20045389033436
EK202310242966,140.50397930300377
EK202310147064,149.44569261250118
EK202310223815,144.36125477968824
EK202310185149,161.61898627085031
EK202310173756,129.7121201192227
EK202310212549,146.8969793768978
EK202310122123,138.3117049568807
EK202310148593,130.15466054863515
EK202310203858,135.90310548436938
EK202310194323,150.05312954928638
EK202310210067,148.2649571179563
EK202310247362,134.19899613772
EK202310179728,171.52853565670648
EK202310135263,138.88619239361512
EK202310228041,156.3930688823654
EK202310198439,143.41147068643082
EK202310224121,136.18510240235523
EK202310176263,139.20262270417032
EK202310210520,135.9851261761193
EK202310153558,132.4509191825876
EK202310201528,144.0431912729717
EK202310204700,138.1851075018943
EK202310199855,157.60469177481298
EK202310133334,147.28680954874568
EK202310125891,140.99309836229918
EK202310149237,140.8560926411793
EK202310207352,133.70638812692684
EK202310143244,164.4762858498122
EK202310173902,161.7002367355791
EK202310204441,126.10207073966453
EK202310154510,161.70784873161006
EK202310197593,148.59004686222687
EK202310139918,142.91257619818418
EK202310143944,142.51937396899473
EK202310182605,132.50333637606795
EK202310113041,138.649236170024
EK202310108339,141.7036676424532
EK202310177699,146.56324315692802
EK202310158001,155.05784393535475
EK202310243619,128.01017125936093
EK202310225367,143.32591801518782
EK202310148561,139.6615918358794
EK202310242689,131.56675103687422
EK202310146006,154.39471648852472
EK202310200037,142.44214496655374
EK202310186473,134.9096254442817
EK202310105390,122.34356783145762
EK202310150556,144.20310300518827
EK202310180347,167.32159430387372
EK202310203230,167.78463854161828
EK202310200016,145.515074982043
EK202310154269,135.63387833180545
EK202310128087,157.1651095039625
EK202310122816,147.9154627834863
EK202310134877,139.90013584549632
EK202310195490,142.8934180258781
EK202310209715,129.30187961976014
EK202310236837,143.31603999753244
EK202310196435,131.0354564282303
EK202310139068,154.35922520575969
EK202310171012,160.51523578924596
EK202310150360,152.49515485390643
EK202310222353,157.7049262719661
EK202310197842,157.201201037677
EK202310188412,159.1954985984929
EK202310153874,147.2397833651405
EK202310213199,148.41446558370527
EK202310127730,154.71790300860607
EK202310215194,144.37154916899482
EK202310126576,130.36609157991936
EK202310248182,137.86986319298612
EK202310198801,168.33259065254862
EK202310198160,126.73062515154433
EK202310198294,155.55710805111238
EK202310167705,127.84275621484582
EK202310217704,150.94769341366205
EK202310145831,133.44173539197558
EK202310105308,136.74132230876398
EK202310230902,131.18934752372363
EK202310202412,125.54566277679648
EK202310130126,159.96869296767275
EK202310193563,146.7930722833168
EK202310130811,144.43000034121562
EK202310169126,160.49172115227844
EK202310107052,163.18429730028976
EK202310134315,119.77696488098186
EK202310230590,127.22697158534791
EK202310212377,132.04788153185928
EK202310227080,146.1273602999659
EK202310124256,166.63494681045316
EK202310219252,148.02513379275211
EK202310230033,132.8468773216075
EK202310117668,141.3127140879343
EK202310228344,138.54688914582272
EK202310233855,147.12120876884063
EK202310147814,152.6517019329595
EK202310107881,145.78716586599955
EK202310230203,168.25070415514472
EK202310177383,158.12271758806835
EK202310122567,140.8616994039316
EK202310207619,156.43171415180117
EK202310202333,135.86803590458456
EK202310189380,139.06125726940402
EK202310180057,137.07673936489215
EK202310202234,140.54913239026035
EK202310233426,145.04126748871758
EK202310175207,135.77417242010875
EK202310204631,144.3269607546764
EK202310194398,131.80084800612934
EK202310139820,153.70871737142625
EK202310116562,153.81273180680327
EK202310229058,128.9778093665864
EK202310247161,132.95691378786594
EK202310189860,128.6383373481876
EK202310104099,140.29515417146675
EK202310244738,165.58848968853724
EK202310247933,124.4711275634262
EK202310149446,146.06444990483925
EK202310161930,142.88206191910726
EK202310116286,152.06182419015497
EK202310109850,138.23806306263668
EK202310204890,129.98917623879547
EK202310124176,120.53651456979469
EK202310231512,134.21642238472742
EK202310157031,150.74220768904263
EK202310219683,132.3499395895073
EK202310105922,132.7049011025229
EK202310003444,147.16679249248335
EK202310128205,116.7155997328144
EK202310136781,147.13644952543174
EK202310195373,147.91097815272792
EK202310140338,140.5177021270151
EK202310178676,146.69700874656806
EK202310234329,142.7643337243568
EK202310115125,162.20790859063302
EK202310219503,128.23281458553893
EK202310201769,140.02388560288423
EK202310139458,137.03406827757158
EK202310194338,135.4621657414566
EK202310223572,136.0576951658908
EK202310125065,160.32635145866124
EK202310227016,146.3515156403374
EK202310176702,145.80331383494502
EK202310155243,146.2179007550722
EK202310192723,152.06218360323032
EK202310198191,145.99584349829627
EK202310105422,129.39942117907495
EK202310105777,146.19251031128601
EK202310187970,140.9567614614699
EK202310236294,157.3391128487631
EK202310210632,136.4930000964692
EK202310122661,154.1930724484146
EK202310132816,172.0528545636305
EK202310221993,136.56239168523385
EK202310235308,149.69060534467457
EK202310232426,125.65676383296375
EK202310225207,124.74024917224399
EK202310120329,145.71728762367303
EK202310174955,138.34740679501152
EK202310233002,162.89573688168073
EK202310226820,138.17491499110153
EK202310231561,126.89580088868175
EK202310178128,131.1660758824325
EK202310231088,131.36383651082997
EK202310147614,157.87333686080248
EK202310192044,131.58832699386028
EK202310207423,129.5469777521964
EK202310144998,143.03017338372072
EK202310160433,142.13035626924596
EK202310182388,148.8171333544415
EK202310004163,141.20594043358224
EK202310178635,141.62760174733486
EK202310147316,164.12385148675827
EK202310137625,138.16453755322618
EK202310234674,131.13192552935786
EK202310206395,140.30162738806948
EK202310198108,163.4555514420843
EK202310230135,126.94198099929218
EK202310124667,116.36794458884242
EK202310197608,155.22388915751554
EK202310239140,150.9606970465531
EK202320006708,158.32681521127205
EK202310141682,131.0413804469375
EK202310173078,139.7703819426158
EK202310180684,160.86362928900056
EK202310168825,145.08162861917828
EK202310196603,151.41799990656742
EK202310143301,167.5293835885323
EK202310198024,158.82984139678737
EK202310238866,153.32976248322402
EK202310174309,112.9863691757095
EK202310169127,135.59596962151312
EK202310118888,147.8625781707238
EK202310219211,129.100794889586
EK202310117888,128.1747873844281
EK202310203714,130.35821984496593
EK202310212227,130.64540574205523
EK202310224375,129.40481758167027
EK202310169753,145.6503606955807
EK202310218369,150.99621269376172
EK202310229422,152.36225389789809
EK202310114027,142.8357311767078
EK202310191499,130.24966947541472
EK202310123832,144.05312236597885
EK202310117550,146.3745340952811
EK202310153034,141.58813113242616
EK202310147526,142.75874660748948
EK202310240029,128.96456654814838
EK202310208321,138.0710102572932
EK202310110615,130.64584233177993
EK202310172001,148.50944338578677
EK202310245514,145.28752018604047
EK202310113405,143.38556030712672
EK202310133712,168.47351144848864
EK202310220573,137.70714983400526
EK202310127361,166.78222788396945
EK202310203296,119.11421965565651
EK202310205467,132.52764764323757
EK202310182859,148.0493607367462
EK202310116644,137.54938586148978
EK202310143055,144.8109567740489
EK202310137541,148.0964106969115
EK202310240346,146.82544719031227
EK202310231920,142.71718456036803
EK202310003793,137.39817908504304
EK202310179099,143.46782474221558
EK202310182101,149.175102203027
EK202310180654,136.87902237700476
EK202310203568,155.0885886677843
EK202310201589,159.98865488662193
EK202310185227,146.05869625850895
EK202310204045,156.60412749883653
EK202310231962,138.13406374881527
EK202310206237,127.13098726298436
EK202310129023,160.20272567308822
EK202320005658,145.1158063288748
EK202310155013,143.50721268764704
EK202310207955,131.28004708381388
EK202310175039,124.664837709301
EK202310189095,139.72749714671195
EK202310222588,142.17207872333827
EK202310194826,130.1026830050635
EK202310116127,136.7585068327535
EK202310186036,142.17262342139287
EK202310228425,116.55180957184498
EK202310142709,126.4585456175704
EK202310212132,124.78306451152275
EK202310106890,130.6706110877375
EK202310244866,146.53249930842287
EK202310185150,152.4202197173181
EK202310137324,132.7119241002184
EK202310171191,118.08033561161153
EK202310113505,123.50778795923368
EK202320007023,154.16530548971073
EK202310119257,160.82199396928243
EK202310149918,151.40293281278076
EK202310223014,129.8193830964064
EK202310201000,147.35746166848892
EK202310172203,145.79087209678224
EK202310203943,148.9366211715163
EK202310120010,128.80305853496958
EK202310108002,150.43208913833988
EK202310241637,142.37138951703574
EK202310174800,152.3654362474825
EK202310127377,149.52326506364795
EK202310122799,161.06865328128686
EK202310229843,116.80349474734544
EK202310226129,142.71405102039193
EK202310140081,155.3146443775674
EK202310229999,128.1628591404093
EK202310203546,156.5349981002564
EK202310209757,146.3125560679104
EK202310116016,127.72134862904373
EK202310165012,171.42976579172836
EK202310122837,138.75586154164463
EK202310146822,151.50846829149842
EK202310112044,134.49226765077225
EK202310166309,153.5228795754377
EK202310172353,145.67053069083312
EK202310111013,157.16612658448838
EK202310134532,131.69419372825624
EK202310201623,136.89772295804602
EK202310207833,126.76546303500459
EK202310153627,154.83008850927257
EK202310173741,155.12662679354702
EK202310233377,158.1419575556443
EK202310108336,139.5330694000448
EK202310144097,130.53784703952505
EK202310242026,143.14053454402674
EK202310123987,164.3821168624395
EK202310201556,161.90190978755228
EK202310141802,152.89607983395229
EK202310160116,156.75376646630582
EK202310208420,144.0471766028226
EK202310201286,141.26798555997655
EK202310242784,143.16464532076324
EK202310207678,128.29993014826567
EK202310235367,135.25975730442846
EK202310138835,151.01905569059105
EK202310126496,150.31159551816347
EK202310210203,146.07600612957748
EK202310160698,155.71479705263178
EK202310131627,146.7508806813644
EK202310192509,139.45922818006318
EK202310237182,140.90983189429923
EK202310195225,151.18590926815392
EK202310209548,141.5487020234622
EK202310170414,129.38410286745986
EK202310178511,133.79791469984488
EK202310169436,160.70775168103546
EK202310163299,132.64073418257436
EK202310197411,130.45354176321658
EK202310208679,143.48612777078054
EK202310178121,131.07216814529755
EK202310126051,140.2380214942852
EK202310158375,144.76195874838618
EK202310190778,132.4412339782658
EK202310154851,131.37959333794475
EK202310179709,134.7413813363422
EK202310114702,147.35020187783974
EK202310167850,127.62877037664045
EK202310004729,144.80153992242927
EK202310183539,162.38378227925702
EK202310196615,147.0535337310066
EK202310162856,157.8681331576784
EK202310133076,146.79564053515685
EK202310230396,157.33367463414146
EK202310158633,150.82135254830374
EK202310161117,167.96921206239287
EK202310004351,143.24968847271393
EK202310174767,157.5011284412736
EK202310183707,142.24707295394094
EK202310201085,149.48448205587727
EK202310117365,128.28827008166041
EK202310211525,140.13709066579077
EK202310174033,147.44139839229337
EK202310133029,166.2253772900738
EK202310109257,131.56219257276652
EK202310208465,138.03841467216674
EK202310003437,134.53604065677757
EK202310147849,158.3789481641034
EK202310172875,138.12715837291137
EK202310195261,149.73814308436087
EK202310124700,135.97237668053813
EK202310209462,139.73532485102518
EK202310190370,168.76221545276587
EK202310166689,137.1981082364441
EK202310125440,136.12413466767023
EK202310242447,152.4631616163587
EK202310208224,134.89751675846566
EK202310164938,150.0463100849696
EK202310171017,144.52282505182782
EK202310221295,126.44101992577548
EK202310116789,117.82841615672228
EK202310245230,147.1583655495805
EK202310196239,144.63387080986925
EK202310217020,152.5031503411772
EK202310149091,148.5924223178628
EK202310188633,138.76180255671522
EK202310145175,137.41705951800168
EK202310184944,137.6901866297711
EK202310116881,142.49675788292157
EK202310133865,133.02907438183047
EK202310170575,149.8045980489394
EK202310217837,115.72342676769932
EK202310142127,138.83003625847527
EK202310220280,131.0672156337606
EK202310220011,152.9313986213908
EK202310136446,145.58458747237069
EK202310167400,148.11301109699585
EK202310136757,151.2753890635116
EK202310219947,132.2005320123215
EK202310215446,154.45851075675571
EK202310113390,169.32450949646528
EK202310231430,130.18890280418702
EK202310190750,148.8994903083821
EK202310218203,130.67244750055127
EK202310232673,153.11731366455902
EK202310172719,123.11174707019892
EK202310238088,148.6701984204942
EK202310122490,123.55976423393597
EK202310141767,140.46177187872374
EK202310164189,153.33308989335129
EK202310131789,153.27758355632793
EK202310131787,133.3864642692964
EK202310111463,153.9655070253391
EK202310189888,131.38732192031995
EK202310123502,140.40474196423816
EK202310248489,137.54662860146465
EK202310104974,141.90092717320798
EK202310133434,133.06650561969377
EK202310122152,131.8997124373407
EK202310223645,148.34303533479257
EK202310218467,131.32015249309927
EK202310200984,143.35476505468165
EK202310246962,157.88961000084603
EK202310138658,153.570671697516
EK202310135971,135.9370196996741
EK202310145071,140.93794493201975
EK202310236227,154.2861545091875
EK202310161820,139.23321155031513
EK202310116560,148.804289265576
EK202310147855,157.8200516684121
EK202310198848,146.2996490957783
EK202310126318,142.94472833807703
EK202310168761,150.79459414856933
EK202310236060,142.46251819351943
EK202310194911,167.1636007784309
EK202310232213,126.32613183916013
EK202310123619,132.76328741013927
EK202310129238,159.17687322417927
EK202310239622,149.4287681323638
EK202310130274,166.03558995850082
EK202310136862,124.88665204243891
EK202310144925,150.5336681396496
EK202310117994,131.1422664726552
EK202310145721,156.5819969018083
EK202310166110,129.27828306691725
EK202310153689,153.51524755869602
EK202310167524,121.70187382685333
EK202310171110,148.68466374405673
EK202310194242,132.43060244385643
EK202310128824,134.41379866801051
EK202310217802,157.44930164459385
EK202310174759,134.4486820808518
EK202310163258,147.60645897680428
EK202320007136,145.38337466971393
EK202310223074,131.1347940205661
EK202310127999,134.4740731100127
EK202310210697,136.32580696054856
EK202310187479,146.40459050369006
EK202310229648,156.24374033165728
EK202310223615,155.50396169091223
EK202310205259,153.5057856472472
EK202310207915,150.89310172980322
EK202310161035,158.84253726234232
EK202310211684,144.14808982837658
EK202310217627,135.69835334352354
EK202310188184,152.60045054723722
EK202310179703,150.27694546112235
EK202310191167,147.10658500460866
EK202310206412,123.39504431439104
EK202310138851,153.46367512149385
EK202320007328,154.6759409200997
EK202310211346,142.37518709518062
EK202310169209,149.5417285357292
EK202310145302,129.50806475969927
EK202310203140,144.783299616745
EK202310209732,133.48552121467588
EK202310117958,132.27461201510954
EK202310155922,137.5164131013781
EK202310184930,135.89009442089636
EK202310150832,140.5913502026952
EK202310208806,151.4735016367818
EK202310172410,165.05358738649602
EK202310230235,139.28145903572323
EK202310203566,139.86149492552732
EK202310123801,148.15417144577702
EK202310141762,170.24232814659987
EK202310245120,123.78934704311
EK202310183959,134.99701167529955
EK202310128037,160.40556974352398
EK202310004669,137.11013382908325
EK202310217022,128.91360062495903
EK202310110060,148.19650279293467
EK202310231754,124.14151608491248
EK202310132866,141.58905826470408
EK202310246978,144.5024615009053
EK202310111800,141.4414611152843
EK202310141316,143.7828865071783
EK202310225078,143.39255758255703
EK202310224113,125.88575284406559
EK202310229156,136.8548754753887
EK202310158924,163.3985164603215
EK202310193952,159.53232723670155
EK202310134851,151.72973293284042
EK202310107778,139.20814280979377
EK202310201914,161.2139331739469
EK202310226477,130.79582121400668
EK202310200818,149.03104321362594
EK202310178725,129.44403144212845
EK202310136843,137.21048677311285
EK202310188878,163.00457618802437
EK202310192998,151.4383015663437
EK202310123605,149.9813559904195
EK202310109206,142.47273155560535
EK202310110309,145.22229926829715
EK202310201669,155.34761992063395
EK202310228267,150.15947299916334
EK202310120920,132.59097572174272
EK202310239638,159.29618821271436
EK202310138789,156.831457699848
EK202310187947,173.97420635882563
EK202310143793,136.84879898292292
EK202310231992,133.7123598401906
EK202310243082,133.88204860902843
EK202310174903,156.77854309227226
EK202310004153,153.2784669910479
EK202310211574,139.2198853714615
EK202310133648,141.33959817154994
EK202310145095,147.91316480424732
EK202310180354,170.77335425573727
EK202310111206,133.23287441975015
EK202310182140,144.45968622385493
EK202310202202,143.89300745837969
EK202310158892,133.96521647048064
EK202310193967,141.9879963475013
EK202310222297,121.42744629236364
EK202310121931,151.42741143248375
EK202310170526,154.4678542225651
EK202310119454,168.04905125971732
EK202310235204,143.50838535709218
EK202310123917,138.79525503842498
EK202310157703,144.12713145381935
EK202310149315,149.98523415683724
EK202310146815,146.06005899476358
EK202310126049,165.2960037275969
EK202310232396,147.4102478471156
EK202310199056,148.41419425517768
EK202310141228,133.8076024477646
EK202310196032,144.01909310592825
EK202310107291,145.51129791017908
EK202310122690,153.42933732739357
EK202310236528,143.4098469797754
EK202320007677,147.4807491278199
EK202310210488,145.11199199325773
EK202310207172,160.41180970177638
EK202310182902,128.8336672466093
EK202310139806,175.53621280483972
EK202310148583,155.00030178261972
EK202310220644,143.39517253416264
EK202310112733,141.0486511546636
EK202310204401,143.32976743817196
EK202310160356,127.50076573679038
EK202310225435,129.34547821115333
EK202310196076,145.78359013163762
EK202310203598,144.73305880164082
EK202310140544,154.12611812932315
EK202310212327,137.92824397309315
EK202310235705,147.78326540980532
EK202310202376,123.6334349348176
EK202310196089,151.03294433103673
EK202310139122,151.92129822261595
EK202310176023,146.72777517592567
EK202310117387,131.77357904076138
EK202310192216,143.66451050521206
EK202310122067,146.4876551856206
EK202310224886,140.07141386027757
EK202310234937,143.81377154033888
EK202310196488,143.69876185999573
EK202310140986,133.3302235981718
EK202310104819,143.52653443143413
EK202310192016,145.60082886265286
EK202310230705,125.78721752900518
EK202310191079,159.26681487603895
EK202310224030,144.47301329147328
EK202310116108,123.61610066212236
EK202310216944,156.7796696562307
EK202310239270,136.3767620498325
EK202310179674,155.4302274419201
EK202310135614,139.9808351079577
EK202310196625,128.14921567409618
EK202310244109,139.42920246802535
EK202310211711,144.66929283992113
EK202310175336,155.33408582425793
EK202310155402,137.34925388298728
EK202310110776,170.18427441010215
EK202310246416,149.42739204439243
EK202310180852,130.9292748919452
EK202310173163,150.08782834567893
EK202310146639,164.17988307686687
EK202320007618,155.99444713614886
EK202310245395,140.3408541775235
EK202310175505,154.03203688549632
EK202310196444,152.45226926981968
EK202310172044,132.13741710449403
EK202310140972,169.78946746196002
EK202310236512,139.94400467203906
EK202310141653,150.34586225883092
EK202310236235,141.0419025052961
EK202310111947,147.06981796582457
EK202310129970,135.6753383882613
EK202310156921,146.8524875858138
EK202310111882,138.40123732768603
EK202310142671,149.22712351126387
EK202310225816,133.07493028533378
EK202310129016,154.28934704685923
EK202310216107,143.7956811667317
EK202310192345,134.86538346150135
EK202310115608,135.9652998942283
EK202310218293,140.96369224217995
EK202310105946,137.82499613504223
EK202310194919,139.58588992288946
EK202310138207,136.36806325022923
EK202310199908,139.11044488936201
EK202320006707,157.08581422786827
EK202310162516,152.96519014018688
EK202310121312,122.35900388445187
EK202310240696,151.57125787026644
EK202310124904,150.14166605903728
EK202310238291,141.71675343705215
EK202310127974,134.3639900764525
EK202310136024,163.03521266070265
EK202310187265,143.58548548973718
EK202310108072,127.77890867923848
EK202310240013,140.83459622076276
EK202310212042,144.53904584735957
EK202310237376,135.98989196984795
EK202310220612,129.70964931570833
EK202310194509,146.53365640956466
EK202310209569,143.20500407600613
EK202310114438,150.5228109060634
EK202310132881,153.7907740403473
EK202310175705,138.336564193123
EK202310004055,150.67104989487007
EK202310175229,154.80787989621442
EK202310174345,154.23786225142723
EK202310212490,133.42602013477153
EK202310136810,139.1791283803496
EK202310157304,139.39741132009206
EK202310169599,123.01781488192796
EK202310107717,152.23304349284774
EK202310105279,137.87110103060024
EK202310110848,135.96452700651187
EK202310178772,167.77274577950314
EK202310245828,125.61114277038521
EK202310219817,154.2792908247124
EK202310200575,144.04278678171846
EK202310105122,145.5070289227684
EK202310162052,144.60557223657813
EK202310150697,154.54259482575827
EK202310158553,151.67435117218676
EK202310210487,127.85086339390357
EK202310219594,127.86262483039442
EK202310234064,167.84259282643666
EK202310147076,156.2071813359652
EK202310168891,160.95781694973903
EK202310230477,173.52856166493757
EK202310151700,154.30853098427497
EK202310105830,166.4069420167238
EK202310150350,149.21362437281869
EK202310221753,137.68216215305608
EK202310117832,137.62051297308886
EK202310192005,125.17078832736311
EK202310236133,147.23938417269105
EK202310128003,128.37151878235065
EK202310192879,156.197031553721
EK202310127978,133.64320083769655
EK202310145508,141.40259825988315
EK202310112586,150.07573119415616
EK202310241863,154.67536370487827
EK202310221932,137.67858350480265
EK202310132949,134.96997807246674
EK202310223688,162.171488731059
EK202310143982,132.13969218038346
EK202320006378,163.20815276431208
EK202310104123,159.1905225822676
EK202310185565,146.52140204020964
EK202310229086,132.18112967570607
EK202310133226,159.72570041026472
EK202310118081,143.31814842533308
EK202310150049,146.25966566805698
EK202310135400,128.88356996066625
EK202310116088,133.6832152748983
EK202310231696,136.4554573940428
EK202310146749,146.9510371829607
EK202310111238,147.00254909020515
EK202310191666,161.35260921266783
EK202310135953,144.42182071164132
EK202310161122,158.7012543015449
EK202310228253,145.4954402566545
EK202310153608,148.12279749644364
EK202310138495,168.8847522331837
EK202310145050,131.69461746741064
EK202310206747,142.6374456215142
EK202310203488,166.04863198557905
EK202310183419,170.18630061501239
EK202310129584,132.6306908711605
EK202310131950,130.73094973080188
EK202320006497,146.6949424108847
EK202310158313,151.4331316576
EK202310156450,131.90433338341688
EK202310206931,165.2184660571761
EK202310224192,140.54165978851242
EK202310181248,141.71267125583208
EK202310139477,131.11912016617205
EK202310106863,140.29304018773354
EK202310113902,142.91490729478906
EK202310177431,144.3339233402423
EK202310189561,152.77393548417808
EK202310206223,120.2009918248769
EK202320005580,170.15263643899596
EK202310240584,140.74942671601627
EK202310193474,136.29550825265807
EK202310106515,145.3837024260214
EK202310134230,143.53963192659646
EK202310184191,142.1887650326553
EK202310120682,138.40934191706887
EK202310169684,140.30720613354987
EK202310119557,142.15631397808136
EK202310126983,140.38280224354506
EK202310167903,145.89068748482094
EK202310133442,131.70520278430234
EK202310210959,137.93481825127938
EK202310212306,142.01414148518293
EK202310230307,135.9392943816174
EK202310212565,139.68822111159133
EK202310192899,143.18673433864743
EK202310170190,131.1013742441226
EK202310153027,165.3816592458424
EK202310114380,133.6424429548978
EK202310133567,164.753190487343
EK202310214756,150.74118023366157
EK202310114168,145.86902221957587
EK202310217065,154.37060580899757
EK202310169361,138.29038017067774
EK202310165708,148.72228022980752
EK202310228615,130.79102221707925
EK202310209019,158.1285488309095
EK202310132985,120.16503935845228
EK202310110233,142.0077044120851
EK202310143464,128.24940896939665
EK202310136141,147.2245504752197
EK202310226017,150.55790454661528
EK202310155663,128.67934233979062
EK202310195009,160.89174351072373
EK202310126196,158.61190535946335
EK202310108026,149.44558057799762
EK202310172643,135.52812410376384
EK202310153423,137.22539668409937
EK202310243003,136.30165220626458
EK202310153678,144.17795857175125
EK202310169206,149.0040840462342
EK202310196881,145.4168697319694
EK202310247696,133.91083793342864
EK202310160692,151.17331834447887
EK202310157186,164.658457122862
EK202310156752,130.44330784626314
EK202310114419,135.00137307513683
EK202310117232,128.98243535316726
EK202310221881,136.573559066322
EK202310202289,135.49604518262248
EK202310221155,139.0238921909166
EK202310197000,145.22298596447763
EK202310183680,129.62641628080198
EK202310166065,125.21799027041254
EK202310224104,132.1810380143973
EK202310198490,135.34948358000327
EK202310185320,140.250834289603
EK202310112969,141.15913976137284
EK202310122531,129.7436245845127
EK202310223294,142.34947625317758
EK202310243257,155.48624810856003
EK202310227369,156.13294286370123
EK202310132379,130.9026457697615
EK202310207889,143.63011955742962
EK202310155220,128.68744388462403
EK202310149989,137.73572855527001
EK202310116304,137.81753114832262
EK202310207654,160.92984060404564
EK202310233148,140.6100874132661
EK202310133990,161.81431822359693
EK202310131881,143.0609174529135
EK202310147674,158.67550475696288
EK202310161848,152.6323123371426
EK202310113742,144.82819873357994
EK202310107292,134.5472897975063
EK202310157457,138.04198746253334
EK202310159983,132.3637676043182
EK202310222436,127.49182470745266
EK202310116722,136.27366014867476
EK202310228029,136.05429975530066
EK202310226778,143.31690055428768
EK202310223904,135.20830957308272
EK202310205019,144.99226480068447
EK202310119364,138.85316491271806
EK202310003651,140.1473750240567
EK202310212861,141.40124133123712
EK202310110710,144.2566542703501
EK202310131651,145.39648432535435
EK202310144906,128.5015212762288
EK202310188544,149.46137079066133
EK202310133839,140.9939778439826
EK202310118694,153.11373084309983
EK202310110720,130.60161998201184
EK202310128544,138.37776799128534
EK202310193628,136.91470179074733
EK202310148648,155.30230316699053
EK202310153778,149.6517393598492
EK202310188918,127.33746227923473
EK202310126546,133.28210136153302
EK202310214084,165.40942163276824
EK202310191915,153.05971787043916
EK202310230973,139.16046682191302
EK202310220076,123.48967289538608
EK202310198281,121.8945189808746
EK202310210973,131.1630262820168
EK202310116202,141.24646452694054
EK202320007382,160.5629146393859
EK202310140017,136.73423469836044
EK202310235458,133.38647346034003
EK202310224553,136.95118925533433
EK202310131411,139.17598516835105
EK202310172944,149.10260391182533
EK202310187715,141.54509911804655
EK202310117160,135.6630974618347
EK202310223783,142.2012540107572
EK202310208505,133.22507900099583
EK202310177144,145.26054774659343
EK202310141554,125.75343331551244
EK202310153806,159.58914554060712
EK202310178651,135.95630337991744
EK202310207053,140.7949156304799
EK202310121285,135.06763500035294
EK202310129917,131.66606879843775
EK202310178974,133.99244020006023
EK202310139959,151.0586181136053
EK202310240930,142.93063623866271
EK202310184143,154.23147890204817
EK202310141627,144.4579199886797
EK202310248495,134.70428641540119
EK202310210251,136.821677308216
EK202310181393,138.9621239007159
EK202310203408,149.06904595620153
EK202310210221,139.24023173518972
EK202310153228,148.80915791160908
EK202310181161,145.31184131962584
EK202310122291,151.06483504876536
EK202310219649,138.99062910581728
EK202310108802,149.99715085415363
EK202310147915,151.61894522126025
EK202310219111,137.90545494417964
EK202310004516,127.35017849217897
EK202310187796,152.4613310663619
EK202310152632,156.97447636067886
EK202310234189,123.76869622936945
EK202310248401,135.32141068892685
EK202310198077,130.48082179677218
EK202310182281,157.90402254733777
EK202310173305,130.76120378016083
EK202310191194,144.83276205818984
EK202320006641,169.9459704853493
EK202310187839,166.85970413535114
EK202310166786,158.03397359475395
EK202310104248,154.98136228210655
EK202310140808,146.4404687189181
EK202310154881,141.63389204903518
EK202310158734,149.4533815221934
EK202310198034,146.77629393285815
EK202310210288,137.35883315225175
EK202310115555,148.38754698775685
EK202310122253,142.20015460004004
EK202310208001,151.6111055030746
EK202310247301,168.81832188764687
EK202310158412,137.97745032110097
EK202310133516,133.44905931788168
EK202310199724,156.3159984358228
EK202310203434,140.77928608005058
EK202310149601,157.46671938954256
EK202310207662,127.9964653749851
EK202310155823,165.56651553492173
EK202310155070,147.15091878632904
EK202310003692,174.2827854877216
EK202310112220,138.1002413197518
EK202310210474,127.40290316570173
EK202310174563,155.40326092180595
EK202310178481,147.40868095500178
EK202310161746,156.9143536566267
EK202310184759,132.17224367011823
EK202310214382,160.9551091299254
EK202310220383,129.1921705706717
EK202310181896,152.08044773946358
EK202310109101,152.4871588179397
EK202310111874,141.9348063587897
EK202310239939,147.54863562304214
EK202310146648,120.19951417687993
EK202310147888,151.86413174473088
EK202310228585,121.21020267947057
EK202320006300,168.27552200428022
EK202310157823,131.29487804434706
EK202310175416,141.60774475829132
EK202310191246,141.24537509536515
EK202310241025,146.18182329131022
EK202310175713,122.15913929162842
EK202310165199,143.50538308707343
EK202310229611,135.97366174017063
EK202310167463,149.43414705076495
EK202310125411,137.20482662113648
EK202310247310,147.05628681695282
EK202310131556,149.2407104737982
EK202320007526,168.49179217238185
EK202310109396,168.76349551247333
EK202310243612,141.2126581132966
EK202320006821,160.42735830382318
EK202310191818,146.01289107045255
EK202310206573,116.61927794427451
EK202310176203,165.4482466241355
EK202310113063,145.33369795096152
EK202310152411,145.33411898748426
EK202310186297,155.10396190639784
EK202320006177,160.89347953541898
EK202310184504,158.62676691957589
EK202310118343,136.14169581453615
EK202310166342,160.01457906032124
EK202310238948,161.24091656559534
EK202310226471,132.66114219586538
EK202310153486,122.04668789013925
EK202310146780,136.18333818785712
EK202310129676,151.02179145412725
EK202310230251,126.02360919710186
EK202310227178,136.93727607177652
EK202310148962,151.85978483851858
EK202310235140,156.60535158929036
EK202310158736,157.5139906719908
EK202310208299,143.00128745971725
EK202310205311,135.86702251104415
EK202310140268,140.63823055467947
EK202310158411,140.18377194479
EK202310120168,143.07760045426465
EK202310120164,141.35524375411038
EK202310191318,141.87769771639887
EK202310124551,144.63006847797402
EK202310133393,115.10359596757749
EK202310244048,137.86261168619018
EK202310209487,155.8977105985161
EK202310130550,140.03304199094106
EK202310134976,169.88859787586375
EK202310113614,132.22450126291554
EK202310237767,144.98807086743628
EK202310120386,143.27758556863085
EK202310190693,158.417423745158
EK202310158340,135.305733346177
EK202310185631,146.30201525710982
EK202310193894,135.67003376708098
EK202310232391,128.89735949589442
EK202310129047,143.33930361334
EK202310187052,146.1348340158168
EK202310174623,152.10808997655448
EK202310149978,146.99851961152393
EK202310238712,136.58180532401096
EK202310172389,169.10857364355678
EK202310187833,126.5935945126268
EK202310238335,166.2436948281117
EK202310232031,137.03889539628292
EK202310224185,139.28770856650263
EK202310166575,139.18922429601074
EK202310119974,131.2815909916415
EK202310195917,128.60596907810054
EK202310174762,153.27035293841948
EK202310237282,129.52436797184484
EK202310112142,155.92858565972455
EK202310107661,147.01651063443848
EK202310197179,166.75893127162126
EK202310154174,155.25928979211625
EK202310241892,129.09508443465967
EK202310178171,140.37677661304704
EK202310134220,150.30537112675003
EK202310200711,143.17729173219374
EK202310190031,159.7129106226438
EK202310215938,149.71129779999924
EK202310125861,142.28775232784523
EK202310143873,155.70610530478967
EK202310165035,147.31453292669045
EK202310157391,140.81091420659146
EK202310216624,136.63418091725748
EK202310136516,126.52437793384297
EK202310175267,158.50551553058858
EK202310139527,134.3127218470019
EK202310145890,139.3617619765181
EK202310207934,141.87035504100933
EK202310216534,142.63282994642773
EK202310243402,142.6050101153513
EK202310125822,151.81962976757703
EK202310210671,144.79288989284564
EK202310118842,134.4135839348956
EK202310242780,134.3504219276863
EK202310183963,123.83274749484012
EK202310192132,145.94799251637878
EK202310158172,155.58058279990462
EK202310107920,158.70340009443
EK202310116588,138.44213676426162
EK202310157004,153.28994322279547
EK202310203397,150.060065909957
EK202310145727,163.28731344732523
EK202310134294,153.75594042604195
EK202310161573,168.93395795455697
EK202310163914,149.96274097664894
EK202320005749,152.35967486994866
EK202310004457,140.12500366796675
EK202310198895,128.69650473411065
EK202310200079,145.14987766021807
EK202310236220,145.1773757316524
EK202310167195,157.1533578120189
EK202310190621,151.81968800866707
EK202310126857,143.6607382004083
EK202310221597,136.57819462220124
EK202310139743,152.5560125648137
EK202310173860,151.6967377080116
EK202310212130,143.28003849581873
EK202310238113,151.44920549467065
EK202310232782,151.29083220735313
EK202310231990,150.1146286852544
EK202310154189,140.95629483763207
EK202310111012,145.16933707681872
EK202310208334,128.2016832904164
EK202310222126,138.3217806542118
EK202310206217,127.90254258483745
EK202310185801,145.5182733697214
EK202310207901,134.7555236789101
EK202310121054,144.49469558189728
EK202310188410,151.69547805350274
EK202310203904,148.30508941502626
EK202310230514,127.4327375272911
EK202320007184,167.76524823114062
EK202310196925,161.9990684023493
EK202310201983,133.42970391425973
EK202310242071,151.52506937862532
EK202310242487,146.9360415977883
EK202310174134,156.74338387220908
EK202310221304,139.72946246570908
EK202310146366,133.54190308846376
EK202310242718,138.93837577441883
EK202310158582,151.90936239650586
EK202310182050,133.72296907015868
EK202310110321,131.14433430021336
EK202310126720,133.15836219532022
EK202310145134,158.65990632864083
EK202310134228,145.05192037931758
EK202310151176,124.21170935954899
EK202310159471,110.77913619617647
EK202310197298,149.68886571089777
EK202310114442,152.5135245805603
EK202310216170,136.43897028676832
EK202310126914,132.43635098038604
EK202310160897,164.30668401342334
EK202310241296,144.66431808573557
EK202310145492,146.5738525235869
EK202310142012,155.2769569763453
EK202310141538,148.93127149241687
EK202310154638,163.7440886509499
EK202310238848,153.79936841059234
EK202310139821,143.8975025280146
EK202310108173,149.98700829591505
EK202310119610,143.6846068515501
EK202310242565,155.76149415204125
EK202310186446,144.39830936577343
EK202310144153,142.86196434001565
EK202310234883,129.5078464261781
EK202310124017,166.66439558383323
EK202310163758,151.07541308011378
EK202310203597,143.74614826171396
EK202310104417,138.57217680933255
EK202310202155,153.01075623097984
EK202310245823,131.51390374552872
EK202310203079,137.64168132422643
EK202310161636,152.5766848046166
EK202310144165,141.38104657474622
EK202310204775,139.20512511335767
EK202310167770,164.33930138285606
EK202310215963,147.71849008297633
EK202310133633,132.08416052073784
EK202310214866,125.79100917782269
EK202310180646,149.51069358386863
EK202310167541,146.51725612066426
EK202310136641,163.68572957129575
EK202310148939,146.68641797925903
EK202310103722,153.02527560936838
EK202310179303,143.22963603464706
EK202310200620,153.7115488307974
EK202310125714,131.67753438248596
EK202310204522,146.36854612729297
EK202310150835,153.62512940722021
EK202310130780,139.70596420498146
EK202310105814,133.43896002098515
EK202310172033,139.71195902516385
EK202310201852,149.34370829555033
EK202310148715,149.23625560620474
EK202310221644,118.65559969881843
EK202310114274,142.8057956874639
EK202310178264,153.956103243783
EK202310164025,148.2386386626871
EK202310204651,143.99612166834547
EK202310141344,148.6750775463935
EK202310185886,158.7112478003467
EK202310203443,142.40511064366063
EK202320007693,151.13420063250575
EK202310236673,145.45422227935018
EK202310205537,155.80210738974785
EK202310215661,132.69476689730936
EK202310116840,131.02494759591286
EK202310179840,147.7230408648717
EK202310178802,155.3602651931924
EK202310124043,140.4085819773468
EK202310160029,151.78072961657296
EK202310166756,151.3653673935936
EK202310234362,130.87310040457473
EK202310130046,132.09957057375598
EK202310175285,137.29761042764244
EK202310155324,153.18206642490037
EK202310110760,131.3211729980759
EK202310167871,132.45777173651098
EK202310111911,138.38702759714153
EK202310105964,144.64459900614304
EK202310187240,146.41076209920524
EK202310228002,138.36532057926158
EK202310202448,162.26106760829822
EK202310144304,140.79831994362067
EK202310132248,144.4979870705868
EK202310200767,126.65998724029446
EK202310246600,140.6970926097126
EK202310156024,153.30357427294075
EK202310124951,135.6929879056596
EK202310127803,141.4902105675637
EK202310212512,146.33404733053786
EK202310237901,128.7000597037186
EK202310123799,141.804195118919
EK202310122255,150.8934021764437
EK202310140607,132.36561953074943
EK202310214168,147.2834514488966
EK202310205290,133.48413468067713
EK202310201590,137.24235159665358
EK202310246716,154.73340514265385
EK202310211043,130.23610236526278
EK202310245155,145.03247002793134
EK202310146684,138.8037286052555
EK202310224856,156.10434579099604
EK202310149244,131.30831932260372
EK202310130714,122.92483966986514
EK202310185702,147.8621002685098
EK202310105075,126.90213972192727
EK202310103937,158.57124018176154
EK202310219458,134.92931525033532
EK202310220878,135.45087735113938
EK202310114846,157.84152483865617
EK202310165810,131.52791205483368
EK202310188784,151.55203680363837
EK202310119305,130.09744221093365
EK202310142173,132.91673505338315
EK202310218752,151.8723416535833
EK202310191456,149.233004283059
EK202310110108,129.17769820517518
EK202310159818,162.93235275269697
EK202310151468,171.10046512101752
EK202310107315,130.21662023315753
EK202310200556,161.7280937866498
EK202310217485,141.58784789597772
EK202310206013,136.0870346249818
EK202310004134,151.43288405178706
EK202310124207,140.96706383879106
EK202310216869,145.10051891860937
EK202310112622,157.3191836763075
EK202310239660,140.8736712958883
EK202310236964,124.54789979359738
EK202310182396,154.57158444668656
EK202310213788,156.57004255667002
EK202310193031,167.6770242865941
EK202310181134,133.3123297588098
EK202310232914,130.00802209022473
EK202310229534,150.2751792456051
EK202310187612,150.58186350672383
EK202310186706,150.89092026253505
EK202310146528,151.11449720327272
EK202310201671,130.3367095132252
EK202310155878,149.4396541730218
EK202310186935,131.2374495142448
EK202310165048,152.20781697735106
EK202310214244,148.01105375556236
EK202310003448,136.9159807482828
EK202310237813,142.0563780429507
EK202310229380,143.26725538071753
EK202310136410,131.78136062013158
EK202310181792,143.97408564814674
EK202310174073,155.75673706578712
EK202310230921,136.04413120371672
EK202310131346,135.87693177327662
EK202310167144,163.26208776641937
EK202310198792,125.49257122647921
EK202310230863,136.47325113990888
EK202310116803,125.98067405707545
EK202310161651,166.62965487777478
EK202310140098,134.17203691910348
EK202310147311,170.75407508436965
EK202310228798,131.08577100151032
EK202310166857,154.61324690970565
EK202310204207,152.77270854813818
EK202310181214,145.85777386592557
EK202310163102,146.72630693056314
EK202310132529,151.87544706616507
EK202310194194,153.0101023093348
EK202310185194,142.01740358950124
EK202310139315,138.5520593544937
EK202310133963,168.0500026183195
EK202310107375,133.8562892757664
EK202310183190,139.97273477949471
EK202310150967,131.56967090921415
EK202310235477,134.31438044840567
EK202310231329,135.5778316598837
EK202310151218,137.3659588281214
EK202310117961,138.0052016767635
EK202310115637,146.29266774174909
EK202310148316,141.10327421372136
EK202310189439,164.88054918461856
EK202310183291,161.643178948809
EK202310180341,165.52304309215967
EK202310195359,147.12434723622104
EK202310168437,157.8472411031617
EK202310239724,146.78074082380277
EK202310120281,152.05278460737844
EK202310154084,140.48548956433876
EK202310202226,131.8586150792468
EK202310211847,128.755800259467
EK202310225040,148.9803989811326
EK202310148021,146.66808222681254
EK202310219384,143.12558912049076
EK202310189651,159.68051241830042
EK202310172718,138.8181188448442
EK202310154499,138.05271950983945
EK202310199387,163.2367938223137
EK202310109346,142.57295327032858
EK202310151918,145.45903265060767
EK202310138435,133.3812077238168
EK202310208281,138.89025462527948
EK202310144236,137.93796857287958
EK202310169290,140.47260690347855
EK202310120393,135.7697410576462
EK202310183688,142.14399287426625
EK202310192046,127.99121233338836
EK202310141942,144.2505397164111
EK202310120519,132.78529636010802
EK202310226413,135.1724562749123
EK202310177117,151.72769721196607
EK202310217940,141.38592602296475
EK202310170501,143.2904419707777
EK202310223357,149.83301924942975
EK202310245835,135.26913140892003
EK202310137793,141.13285984937255
EK202310174008,150.37861762334398
EK202310209155,132.2277909054703
EK202310177866,142.75887896526717
EK202310137396,132.37694471650755
EK202320006094,153.69297926399315
EK202310237036,141.57108619195924
EK202310177476,143.60749498770534
EK202310218927,126.7956987167137
EK202320007708,164.62703120629163
EK202310150749,159.5982758633186
EK202310226921,150.58683230752058
EK202310134168,150.78253923071475
EK202310198694,170.04374919883645
EK202310153758,140.12860667555364
EK202310164887,134.2357397529383
EK202310235542,170.16238799488158
EK202310175801,133.33469502814603
EK202310201383,145.31755486871256
EK202310003604,142.01868446618826
EK202310132259,173.694706638528
EK202310223451,148.7212534144126
EK202310232766,157.7460395278857
EK202310162702,138.5303438568984
EK202310191785,136.48667182393424
EK202310222647,132.53120630761703
EK202310120606,128.70300865805777
EK202310196738,137.74626928529005
EK202310167031,160.87684307797042
EK202320006878,155.2825115614961
EK202310128617,175.35371090274606
EK202310156730,145.5425997966171
EK202310154328,128.56379637318835
EK202310199723,166.88428636705405
EK202310204015,150.8522978469359
EK202310165125,149.9477738037461
EK202310128837,145.89002564571942
EK202310109283,142.17224705319774
EK202310140754,152.9486551325319
EK202310133445,128.40409869791034
EK202310215163,142.27768267564912
EK202310152379,153.93954194665116
EK202310222153,125.77401163919878
EK202310168369,140.28690893612097
EK202310146927,127.88390249504744
EK202310233613,136.0856789596887
EK202310194475,138.35652994566843
EK202310176902,142.00395002079358
EK202310109845,131.51864523807464
EK202310143688,148.10566406912517
EK202310223718,141.9673134321204
EK202310114527,139.18156258756454
EK202310120556,138.70186931144252
EK202310228552,134.31609775773057
EK202310149970,143.480368364785
EK202310199626,134.1564962187527
EK202310214977,141.89272077591139
EK202310184953,152.03485974056886
EK202310004437,132.5814630486028
EK202310213912,155.3790288537373
EK202310151119,137.20133216252384
EK202310171466,122.49129768199366
EK202310152063,158.4549002624326
EK202310137186,146.37390279041313
EK202320007104,151.5142575254049
EK202310202185,144.1944999306676
EK202310226204,138.70719982644363
EK202310189423,149.40375096734607
EK202310192491,132.4307613553895
EK202310187212,146.28907079033485
EK202310192179,150.6759923197662
EK202310126111,132.31113455199556
EK202310175586,162.8758194507294
EK202310194758,149.65760596081375
EK202310214384,161.1361631679897
EK202310179433,153.87484555105746
EK202310118937,128.3340366044317
EK202310230656,128.5485942018395
EK202310212922,152.56966426565845
EK202310223591,126.55126044744658
EK202310182731,147.65224789237408
EK202310197092,140.16861324508355
EK202310188601,145.4662581882141
EK202310185962,149.903593554832
EK202310154873,133.68305727470945
EK202310140333,132.2188804588741
EK202310239540,143.04715650182447
EK202310207256,131.1204061625147
EK202310193996,139.0934249840927
EK202310196769,147.15881319895448
EK202310123958,148.03838886150734
EK202310240085,129.1266185462673
EK202310246484,131.6991181884613
EK202310147689,150.91222762624875
EK202310189701,138.35453548056773
EK202310237575,150.42662709889342
EK202310219357,140.21141323286392
EK202310120804,129.22816287622544
EK202310125732,136.99127168004827
EK202310167873,133.04279924575172
EK202310247821,145.64415879423944
EK202310206331,153.2899662729617
EK202310131746,149.8745282930669
EK202310125465,132.38866634988966
EK202310137591,132.08234566273515
EK202310146755,134.89480743292168
EK202310145331,144.632434884758
EK202310126909,147.93247850659466
EK202310176521,144.76038611734128
EK202310160650,153.10545797625701
EK202310114819,115.45978777324704
EK202310218236,144.5578507623115
EK202310204841,153.14097402629756
EK202310004910,142.0417151502949
EK202310146653,137.6390702427551
EK202310188782,132.5863225992509
EK202310125945,148.6504091491638
EK202310176437,146.26571534141036
EK202310193288,130.8876512753049
EK202310178658,162.34539885923917
EK202310150054,129.88211908687768
EK202310142919,158.51814742726765
EK202310222262,136.27945986842184
EK202310235742,165.51402596998653
EK202310113166,142.6833756893071
EK202310224000,152.4337533404833
EK202310198993,138.98877475965833
EK202310228553,141.4113497310059
EK202310190794,135.0369935991674
EK202310201535,158.80344579167894
EK202310165775,147.51640794657672
EK202310173099,141.004922433566
EK202310152431,149.36813273890505
EK202310232652,154.51212458384978
EK202310182578,137.03536852658894
EK202310176081,158.13235733413643
EK202310168495,138.95894797140411
EK202310243081,139.29124670812837
EK202310214666,143.930921348031
EK202310173376,112.84966685217555
EK202310185049,130.9451690503553
EK202310151788,145.2740931187438
EK202310142398,145.7701663970638
EK202310191734,161.4551667684512
EK202310185366,140.84989119423733
EK202310110653,132.042085568383
EK202310197984,138.96656309786903
EK202310212461,131.27895918857095
EK202310220987,123.14792912183745
EK202310114458,128.74215520249257
EK202310167289,137.86267206415502
EK202310178582,140.19791445123815
EK202310135726,136.44259827968804
EK202310208307,138.15838661356747
EK202310186529,148.80146513878285
EK202310163685,137.19165444556788
EK202310204304,143.15731694868145
EK202310174269,139.28589085388975
EK202310169002,140.53861828673703
EK202310195183,151.47547284369634
EK202310172158,158.8538923908011
EK202310195251,155.47662364296627
EK202310217760,153.93684070195167
EK202310233545,145.46515739479338
EK202310146187,141.26278167897104
EK202310201834,137.62031447450974
EK202310172626,150.22563402971082
EK202310173313,151.1470892213834
EK202310151898,151.19221658253767
EK202310112427,127.51553860898544
EK202310202848,151.28354286568307
EK202310106441,152.4962703530172
EK202310200903,138.99158827072162
EK202310211769,135.94200480549162
EK202310210065,135.27564970441216
EK202310243416,131.69725850200732
EK202310178697,167.4711583813198
EK202310161358,134.8586964929166
EK202320006190,167.62648389016806
EK202310180462,142.44847564903228
EK202310162539,153.39165134625753
EK202310148977,143.67748579169825
EK202310194237,133.09522820490835
EK202310223514,128.93079185779348
EK202310162269,142.90199897089602
EK202310121844,136.52311603598594
EK202310124866,128.2708173162526
EK202310107700,158.67181450489895
EK202310221161,139.22136834427437
EK202310245562,135.97496763817387
EK202310179235,142.16878536926956
EK202310124532,150.7845601264026
EK202310128389,161.64152104377257
EK202310129800,142.16935034308923
EK202310207578,147.41778341304203
EK202310193457,147.28395027202157
EK202310206549,139.21349017782856
EK202310192075,143.63524453216564
EK202310234817,137.2151033686721
EK202310152042,135.74090229339174
EK202310199732,146.981098661781
EK202310106385,144.023511682735
EK202310232034,138.41534935004947
EK202310225160,141.33535663253267
EK202310168514,173.35637590304876
EK202310196347,149.7135993184398
EK202310132598,142.56932091033076
EK202310193609,139.2402166540112
EK202310112508,147.02302422254905
EK202310155472,137.85172612644183
EK202310177321,129.35985271686778
EK202310128022,150.10439909435303
EK202310206990,133.23919718301303
EK202310142239,142.53473998684058
EK202310129832,144.87930389429897
EK202310213810,144.7306318417632
EK202310198404,146.44343935760224
EK202310003754,127.4372152064559
EK202310133307,137.46887622019852
EK202310155718,154.2312475874598
EK202310124975,146.08186567525487
EK202310238569,140.99689491728734
EK202310155626,151.7115314101282
EK202310109451,133.53492175780826
EK202310156701,121.87659203786339
EK202310112702,133.18271270448605
EK202310219593,130.9999117705138
EK202310236091,134.27980834201253
EK202310109465,147.59418621994885
EK202310239232,142.27471663560857
EK202310153092,143.1887283897149
EK202310142926,166.8821675781271
EK202310195282,161.51921455107066
EK202310144631,150.4511999941171
EK202310158174,138.26925847568526
EK202310130498,151.726780026541
EK202310152250,138.71575711013222
EK202310154816,151.44294864413177
EK202310187452,134.0017094630625
EK202310130712,133.0284225613633
EK202310225931,136.4183354526561
EK202310212154,142.441970458696
EK202310180982,165.0888300149936
EK202310187065,135.41868842376977
EK202310231143,128.75113644144275
EK202310244459,125.41470608237535
EK202310117863,134.61328231156068
EK202310104458,144.56720677398604
EK202310228846,134.17337294516574
EK202310129898,151.21979820371746
EK202310160315,150.77518240769257
EK202310146629,132.90417757730447
EK202310166930,172.93787094051186
EK202310242374,158.69264798656275
EK202310210376,156.0194531057414
EK202310197387,149.56345488852082
EK202310136364,133.03500655304293
EK202310204149,139.75751254300698
EK202310107806,146.50969390324724
EK202310233474,159.79584198389873
EK202310228559,145.50508089172777
EK202310138215,135.90234004626274
EK202310143063,140.63105573865568
EK202310157985,139.92520573827662
EK202310190599,127.97761430784075
EK202310114903,133.1586564738226
EK202310133276,130.67904047865017
EK202310132588,114.48041631746615
EK202310004157,154.5695821652413
EK202310152358,160.88074273555728
EK202310111141,155.78670178250826
EK202310200435,124.25649574865409
EK202310204982,133.16830373408774
EK202310212495,128.10254478139453
EK202310183601,151.88559873814052
EK202310214375,158.58769776819068
EK202310210198,138.526673486763
EK202310167063,160.93637616967905
EK202310149576,150.7674650091896
EK202310132215,149.20864546136912
EK202310163904,160.4379049142745
EK202310200956,141.69784786054848
EK202310180120,154.73765880205198
EK202310121104,134.5834416068199
EK202310203655,149.67233994654345
EK202310194561,146.1967085266009
EK202310222799,146.39360018575337
EK202320007041,147.79802565401783
EK202310119052,131.87382166491332
EK202310137233,152.3938275150429
EK202310187775,145.49484416176116
EK202310232434,133.52289407351725
EK202310205717,144.97604087465217
EK202310221339,143.3705457878865
EK202310123835,144.93992590421183
EK202310232532,135.04073420852788
EK202310107165,146.69391372435726
EK202310203436,136.48844050010115
EK202310169851,146.35150641248845
EK202310193274,163.07830234215385
EK202310151878,144.2521988579277
EK202310180128,141.10893642165334
EK202310150220,142.39680371448335
EK202310187751,143.2529091507677
EK202310162881,147.86319684086314
EK202310192822,155.4962914872021
EK202310195620,141.21374963411526
EK202310135344,133.07326140185623
EK202310190721,147.5680294825612
EK202310121180,145.2854907626684
EK202310197995,146.0695038251629
EK202310238294,156.65148885636853
EK202310181201,136.36238478582752
EK202320006195,161.26267113813012
EK202310144714,142.29104503861197
EK202310174694,158.8504691325266
EK202310130143,160.03325133598463
EK202310213402,127.50755720569322
EK202310164458,153.3531072773621
EK202310138233,148.50720065206173
EK202310196325,146.0338214249582
EK202310230287,138.30619028000862
EK202320007443,155.82854533068124
EK202310237310,154.72528876367377
EK202310188028,151.48704290269714
EK202310221385,150.2464379556428
EK202310201433,139.43485856205905
EK202310210894,136.49119168865568
EK202310144757,138.55085882269475
EK202310230555,115.9344608166408
EK202310127197,150.20325977610221
EK202310210367,152.9160451808863
EK202310107406,142.7858633737074
EK202310201552,143.28358488517077
EK202310163315,127.18514078994843
EK202310106204,134.63018408683072
EK202310189865,137.93717458489184
EK202310143319,165.92614924198318
EK202310187989,146.58220949734906
EK202310204280,146.55096272988362
EK202310166053,159.39539569394276
EK202310179719,151.41902543373556
EK202310119334,134.73266197510398
EK202310212088,125.24540567252666
EK202310123364,139.30358055524897
EK202310235184,142.39408601786914
EK202310150098,138.8757632100035
EK202310219013,156.83805718379224
EK202320005598,149.2022105622426
EK202310122400,145.2946717143914
EK202320006069,161.8216125999508
EK202310240606,141.2356764203677
EK202310192122,153.17309384465293
EK202310239991,158.3721862625601
EK202310129077,143.27445193972954
EK202310246377,125.10163268842513
EK202310242482,142.65071254709144
EK202310162862,137.21426048242566
EK202310217556,140.9103953097546
EK202310136375,151.1708357712507
EK202310193072,153.2173768805198
EK202310232709,131.77342043743047
EK202310137784,128.03179306769837
EK202310195933,150.5747709971895
EK202310190342,133.5502106611157
EK202310128675,143.30141498303516
EK202310156867,128.4507216437406
EK202310148670,130.28657213728928
EK202310176460,117.73678893260465
EK202310129961,168.66100233569827
EK202310146909,148.02732518661782
EK202310138497,145.3990345197402
EK202320005583,151.3337593702662
EK202310139679,153.4797934975991
EK202310138331,148.98246000648427
EK202310183937,145.0776046023258
EK202310180455,141.53185221337867
EK202310197763,124.84534808338354
EK202310196627,155.19170943951272
EK202310219790,137.18474404788094
EK202310185905,164.4863984589587
EK202310004706,129.91049475598066
EK202310181268,130.6919512823157
EK202310219922,122.84191002028805
EK202310149625,158.3820668743857
EK202310200086,153.79627025825005
EK202310214446,149.8493022665144
EK202310244555,143.8435284768631
EK202310203678,160.35330924066915
EK202310121725,156.66714916763726
EK202310178580,148.53859918917445
EK202310231258,135.07177226131657
EK202310116413,150.42353876893011
EK202310130519,150.0443273100822
EK202310114605,144.87932712277993
EK202310104328,133.18944831656486
EK202310217095,142.24593544065067
EK202310159014,158.43302794292924
EK202310240255,146.74115120899876
EK202320006678,164.4467142542744
EK202310127358,148.7941905003791
EK202310228371,137.4946260073189
EK202310212880,143.58313598237334
EK202310184252,158.78216779061955
EK202310222457,128.45980491092965
EK202310106525,144.3205731530587
EK202310212900,136.66056728859007
EK202310164200,151.47690893064006
EK202310141506,139.931362809551
EK202310124179,114.87195307501189
EK202310210747,130.5172164924493
EK202310104325,137.00508712600526
EK202310171837,126.5107372527265
EK202310183388,135.46971850065944
EK202310175474,150.94831696675024
EK202310161361,151.29279365511516
EK202310163883,141.483297350487
EK202310233128,132.39839449926995
EK202310199650,159.15142578254432
EK202310107707,160.34437018869133
EK202310112036,146.79093632259463
EK202310152162,134.5529845644601
EK202310115154,146.05766369187756
EK202310106295,133.02088435610258
EK202310209811,144.17511881821255
EK202310170779,140.00637211251743
EK202310132319,135.90993330387076
EK202310176117,170.31329135545528
EK202310109117,120.32793831520691
EK202310146050,134.2266108198318
EK202310189377,174.40082301459196
EK202310108901,144.89875322706914
EK202310129280,143.70947486775486
EK202310186201,155.90420141583644
EK202310125879,147.93948451938056
EK202310223489,155.87704370689266
EK202310195362,164.6189804757014
EK202310168199,133.79510484089357
EK202310123430,139.67081031601785
EK202310169481,149.85558378370203
EK202310212350,126.75576186569884
EK202310204165,149.34731025100166
EK202310116597,146.04931093262724
EK202310178940,142.8994964181005
EK202310181172,154.04242881319212
EK202310232407,130.11891723086492
EK202310120201,121.39216472917244
EK202310132088,178.35837282034151
EK202310176583,143.17667647813295
EK202310116485,134.37046770368616
EK202310232488,125.92791999445693
EK202310185248,129.40355631311138
EK202310114195,128.43966285310347
EK202310171527,140.88086457732047
EK202310239847,136.7892876283279
EK202310109025,121.64884182466642
EK202310188543,135.50676360373478
EK202310164772,155.74818185522798
EK202310220946,132.26435915944677
EK202310157893,141.90859385283557
EK202310130096,150.95669977793068
EK202310215475,133.60064082594585
EK202310175525,149.6418198898211
EK202310241739,155.95333934802892
EK202310149577,130.957263279329
EK202320007764,139.5079581721382
EK202310162677,142.92999034898295
EK202310118455,142.485544022991
EK202310144170,152.49690780442927
EK202310123446,151.64965863547405
EK202310111614,162.294718257588
EK202310148681,153.86420808669766
EK202310135706,130.3238091255046
EK202310169610,136.56659924613572
EK202310154626,165.88351966681563
EK202310186396,126.99864692744384
EK202310130384,131.3568802178836
EK202310139999,132.01980220264642
EK202310173443,154.59541239781262
EK202310172753,154.509758389113
EK202310150539,143.3383459209435
EK202310197972,160.66384561241375
EK202310167038,137.88765361510008
EK202310121549,137.78004435859484
EK202310144749,143.40488638488333
EK202310129763,135.03463766837865
EK202310105138,139.83747518611767
EK202310145803,129.7963298689972
EK202310150239,132.14112840706264
EK202310169489,134.49888944935097
EK202310138665,160.5887537649994
EK202310123078,131.6019770820111
EK202310219135,142.4405381082038
EK202310116443,140.97098133167142
EK202310195859,147.9917882424947
EK202310118292,136.8557100337076
EK202310134982,167.62777086994782
EK202310236579,135.41199950327942
EK202310145251,146.92622613855198
EK202310144320,138.11312419581756
EK202310165413,136.53602098530925
EK202310164223,138.94850540704147
EK202310178660,157.32085239740246
EK202310152292,160.12156498093438
EK202310232276,125.85513751979853
EK202310227732,142.56139337834404
EK202310155773,149.99655622087295
EK202310188232,160.49656492183627
EK202310182770,125.64742151037153
EK202310202719,135.7076416297809
EK202310138556,140.94519063596346
EK202310239172,150.02201313266858
EK202310151877,143.47384599174705
EK202310116662,141.0330682482292
EK202310206983,131.53922481962775
EK202310161922,132.86238656126142
EK202310116370,134.07669475847428
EK202310216242,153.25951864577192
EK202310223914,136.60082109495008
EK202310183638,140.93230984141573
EK202310180955,168.98374965035705
EK202310135432,146.76642238905026
EK202310220264,137.3343900073443
EK202310241824,155.51749706984657
EK202310175340,155.4422713530296
EK202310123572,128.43927201151556
EK202310228745,144.82006192246175
EK202310150402,156.610698971919
EK202310123048,134.51922088193476
EK202310245625,143.52405621506995
EK202310004596,134.60656170373056
EK202310187568,139.39720729583865
EK202310004796,141.45861333222226
EK202310206482,144.914686197827
EK202310152723,165.1614057376488
EK202310144324,145.8140363872861
EK202310182703,154.02654045483183
EK202310207031,146.53139623485387
EK202310224829,129.56732686470426
EK202310194916,151.0229767653091
EK202310158171,162.84326359924455
EK202310237739,156.30747807660958
EK202310233535,163.59091088473275
EK202310159582,153.772672343949
EK202310157407,124.7880186937787
EK202310222554,131.27115525784237
EK202310209992,132.07776662568529
EK202310197773,160.51024750892458
EK202310219559,141.39385361992106
EK202310149590,133.06810361785116
EK202310172229,134.97157578980742
EK202310179759,139.43427627857704
EK202310141351,149.29746329429253
EK202310202674,161.433454977681
EK202310150237,139.84821860102372
EK202310131854,157.42744449547848
EK202310209299,142.57761322729237
EK202310152323,168.2710611891281
EK202310130424,153.5019050286648
EK202310219110,141.00427641180258
EK202310208971,135.70517005192846
EK202310175417,129.9815543608294
EK202310178979,151.64881032238893
EK202310149330,143.29926719837087
EK202310214732,159.96155689197562
EK202310151284,136.68660990330608
EK202310246323,143.17642421931103
EK202310162754,142.54862112895967
EK202310142435,153.49669759754758
EK202310218666,141.47684531256917
EK202310221049,151.01950056153817
EK202310173708,142.05857132594815
EK202310192941,136.91813480282735
EK202310126047,164.2157281301083
EK202310241369,157.02297429958352
EK202310183820,159.7291700269757
EK202310243559,143.5697313160403
EK202310148350,139.94856182271357
EK202310224931,138.1710929867991
EK202310236248,145.46664314003587
EK202310156811,146.49828518132546
EK202310224565,129.65372171166706
EK202310203958,140.89781470047993
EK202310119312,135.64976845205808
EK202310178028,142.3729590473987
EK202310186588,153.4685861913105
EK202310139697,146.6452950050653
EK202310197136,141.1934424352961
EK202310220806,130.22627405724091
EK202310222987,147.12405731802073
EK202310161970,127.95288614088447
EK202310208174,151.39729378440614
EK202310118068,126.83677790780992
EK202310131022,143.4717848399029
EK202310122159,137.20593804282456
EK202310216067,115.91099819538505
EK202310245924,137.7072065258096
EK202310111788,133.79733260862574
EK202310127853,142.99197279212837
EK202310106238,150.022583663802
EK202310158124,129.9329711581285
EK202310132835,140.0467078610711
EK202310148914,145.23375606688361
EK202310231691,133.19738181963177
EK202310247000,158.2401477456213
EK202310192115,147.62688271149568
EK202310104130,140.83218374643624
EK202310139212,146.1198637923705
EK202310197454,147.17711537628128
EK202310192429,144.2771966219533
EK202310167625,135.1015234499453
EK202310199497,147.89019552638837
EK202310153618,141.7435588189387
EK202310181484,141.99121637186468
EK202310198186,130.2266111297928
EK202310152220,143.90586023198588
EK202310159039,144.08469952489682
EK202310191546,139.62858588951315
EK202310133158,132.80310046269705
EK202310201688,144.2905729477254
EK202310235017,134.03572254815134
EK202310135857,159.0165941381527
EK202310218208,168.91862540930214
EK202310118595,133.82086709600347
EK202310163828,152.3174660618161
EK202310141421,139.53223210117883
EK202310180807,139.66976847360763
EK202310205637,138.64482934810016
EK202310105788,147.64802911511956
EK202310216219,147.2928092737673
EK202320007125,170.7773870735502
EK202310104911,148.10899778021695
EK202310189159,165.63378296891713
EK202310195473,154.60074127132765
EK202310118604,129.02104913978428
EK202310195319,145.59035466677005
EK202310240500,152.91904341279772
EK202310113748,145.69716481793665
EK202310004313,150.93417921504596
EK202310143650,145.18922585292353
EK202310165864,147.08660517770835
EK202310197618,152.19717840509352
EK202310147381,132.33771732951843
EK202310204456,134.0451277900201
EK202310168795,136.7071211236679
EK202310162071,166.48200783593973
EK202310155041,137.7464425617154
EK202310116293,147.2546198796669
EK202310111802,139.8116887763723
EK202310143876,148.12164960349546
EK202310170107,161.2154202199156
EK202320006604,169.72241383825627
EK202310181395,153.06132824277645
EK202310128405,132.1003867616776
EK202310172117,139.8846939003072
EK202310173280,148.08825004516044
EK202310114735,135.83389417087886
EK202310124558,125.66526906476025
EK202310122475,133.47811764423437
EK202310137618,132.71173685230116
EK202310105474,138.26186737709713
EK202310209280,126.39480355452888
EK202310142912,140.71685438683662
EK202310246004,132.59187898070522
EK202310186374,140.2053141822568
EK202310139853,147.4148273712057
EK202310243432,129.6503515675892
EK202310135700,121.75756252328453
EK202320006074,173.61543739128157
EK202310207199,158.62033613201262
EK202310114736,137.01370084353698
EK202310129145,156.2553784536313
EK202310135339,162.02959462719767
EK202310105627,138.08049161030044
EK202310114046,146.05630752015273
EK202310121749,130.50319931344296
EK202310160579,149.7843363660689
EK202310132059,145.33833410074385
EK202310158407,141.9600963205942
EK202310115805,141.0555075803649
EK202310165675,146.67775575454255
EK202310223393,145.4446229927757
EK202310166586,153.69433185431407
EK202310142763,142.73757912575192
EK202310169174,137.2096039870168
EK202310118007,136.52180179054147
EK202310188453,148.01324889839947
EK202310186603,141.89685851798117
EK202310115518,142.43069184191643
EK202310237777,160.0966519167928
EK202310245509,142.2971518298922
EK202310149571,147.9306665404768
EK202310238699,123.43484242995653
EK202310162044,142.331790673013
EK202310178900,120.11828027852096
EK202310210189,149.7037030650903
EK202310246044,157.95884019955025
EK202310169510,169.69895447458927
EK202310224019,142.56931653702136
EK202310196916,141.86230024490618
EK202310110545,148.09130374077657
EK202310158475,152.93768506883765
EK202310240666,151.42767693827562
EK202310147702,138.86080541371044
EK202310240541,133.55014315153116
EK202310165419,149.28814725011955
EK202310158944,164.42314201612348
EK202310154741,155.67024261374956
EK202310183411,142.19833576484183
EK202310150802,135.67120800552033
EK202310236647,128.6981015639762
EK202310168877,156.042535358327
EK202310177550,142.2418405952941
EK202310161815,143.69523697199173
EK202310205936,135.78082159182304
EK202310236918,156.9490829309859
EK202310231978,126.52532211702783
EK202310145447,134.3036327169228
EK202310113081,152.60927079467808
EK202310245380,148.7732450446574
EK202310226536,121.22241569124539
EK202310171629,144.9582694105646
EK202310142578,160.52948770567963
EK202310154571,140.95985563624146
EK202310133424,135.06038696848603
EK202310205232,123.98030387386757
EK202310125353,131.59956957173466
EK202310129062,147.35971069368006
EK202310148286,152.22507391612953
EK202310217186,164.6185629281048
EK202310240058,150.96173890172687
EK202310004925,153.13258035908825
EK202310121900,132.12872789056547
EK202310193811,145.05988602454715
EK202310236073,137.344897945235
EK202310209661,138.4846034907738
EK202310183452,121.52053428433487
EK202310198390,132.96748213242103
EK202310194814,149.7519251000658
EK202310154258,144.73792050928907
EK202310225570,151.9340225092975
EK202310236562,126.53413318229082
EK202310125786,136.43243297453492
EK202310227228,129.07007633949843
EK202310104334,153.4362356943742
EK202310247598,163.55862276285137
EK202310163731,152.95035807048762
EK202310153854,161.02425145075057
EK202310209072,148.11130391067664
EK202310130417,132.92409320520375
EK202310161714,124.83427121306394
EK202310161726,152.52176847070552
EK202310214070,153.8214319728554
EK202310174019,142.41913100741039
EK202310197029,143.23791065061542
EK202310236341,139.00343511060854
EK202310218675,141.1016688846707
EK202310124319,135.75165628386148
EK202310231778,129.04416492987693
EK202320006401,140.38055657579392
EK202310107779,141.39315275918813
EK202310133015,143.1636542651063
EK202310181550,130.8676750380572
EK202310247332,157.34053467953092
EK202310111163,126.80956016350343
EK202310145310,148.52175085726844
EK202310126094,145.14785159679744
EK202310161397,148.1872709257851
EK202310146374,148.11899809743048
EK202310136414,145.3103334127626
EK202310141425,161.1959673180774
EK202310138405,145.79931311158137
EK202310173668,150.4860492339487
EK202310184285,146.32315284431712
EK202310176095,158.9167475553835
EK202310211570,135.2463002579025
EK202310208829,132.428971746268
EK202310147190,160.54306985528996
EK202310191735,130.2205554330389
EK202310213951,149.47792383644875
EK202310140049,151.1730129051087
EK202310169326,147.86506828305596
EK202310157230,172.20956789465404
EK202310124090,137.08714891361555
EK202310142146,136.31529678289294
EK202310107242,140.22027703328604
EK202310192993,138.02023256688832
EK202310149787,144.25081712543755
EK202310177888,143.63973095632082
EK202310212815,157.54802209771418
EK202310223609,156.41975897540067
EK202310189733,169.8970942520309
EK202310218104,134.85018286033684
EK202310111896,143.39984828106884
EK202310132753,147.8923649786834
EK202310112173,141.59199394888276
EK202310167323,148.1557568800827
EK202310140969,139.13386692258044
EK202310214853,153.8724394304884
EK202310105928,130.25055658042328
EK202310213446,132.01322630245537
EK202310134309,142.60405145006933
EK202310177619,153.4687338639076
EK202310004283,119.9587299516523
EK202310176874,140.2431479665319
EK202310160131,148.50261082921858
EK202310201219,167.2448737629819
EK202310004099,137.02710190598987
EK202310167947,147.24806637784715
EK202310155342,133.26696789136844
EK202310209163,143.70662747516468
EK202310242285,125.54591038425954
EK202310215045,157.3353241593874
EK202310245674,137.29792613286565
EK202310192087,148.16953954459854
EK202310182851,131.01299508148503
EK202310184176,151.28628686890164
EK202310205303,144.94959265758825
EK202310108199,163.36301949890563
EK202310124913,154.04043341305243
EK202310140458,136.45365360698233
EK202310142132,136.67757431048855
EK202310147065,162.9759913043943
EK202310143393,136.62618681242958
EK202310139964,129.00150063655903
EK202310225775,151.23320313248732
EK202310127142,150.43324852999174
EK202310179582,141.04605453102798
EK202310207922,158.23118215097946
EK202310195810,157.93465247334225
EK202310178849,151.35863711018635
EK202310229124,140.82477054098396
EK202310113502,131.09072203862425
EK202310223610,144.63606022023257
EK202310147986,150.2606051405494
EK202310236813,139.79093841531088
EK202310176936,149.34506686943814
EK202310199151,143.7168402476695
EK202310192534,132.89818415847859
EK202310217624,137.3086956391621
EK202310003755,131.50851824707738
EK202310161830,129.21879012793693
EK202310243624,135.13104119837362
EK202310164105,134.86050895663993
EK202310179948,170.64725003172845
EK202310135310,146.5127629743795
EK202310004295,121.75332462606073
EK202310141079,144.03903101093405
EK202310225179,154.04499228296964
EK202310227335,138.9870029437195
EK202310161160,166.16760139675048
EK202310247623,158.23972264687563
EK202310206076,136.44144416916677
EK202310119053,138.3386280502614
EK202310139617,129.0955974227578
EK202310143241,133.43845257273148
EK202310115504,146.38686607568656
EK202320007161,150.04659780445652
EK202310183784,158.94021077115323
EK202310187344,168.19198071027813
EK202310185527,133.85437090664828
EK202310238290,147.1040263210509
EK202310140457,141.72378717853655
EK202310150648,134.33214951312672
EK202310223600,145.06613187077318
EK202310167530,144.38469269985364
EK202310224100,125.94517043263046
EK202310152786,143.36505817036698
EK202310135478,135.26288281039072
EK202310193078,131.1468399208481
EK202310155463,150.2600523764198
EK202310105582,129.26911272280012
EK202310135195,135.23948555387514
EK202320005552,167.89533651419362
EK202310228708,130.03287891605913
EK202310141498,120.89360821579092
EK202310193872,161.2487939274608
EK202310141414,173.3953900927051
EK202310151905,137.4860412259169
EK202310127407,157.50244067947915
EK202320006299,156.98628385637403
EK202310212343,141.30093449756498
EK202310168454,148.49477851627745
EK202310171479,135.24304540249494
EK202310110727,164.54172653843884
EK202310109806,127.90173671493118
EK202310229172,131.48420064059115
EK202310221527,124.42509762124932
EK202310136692,120.45798104405203
EK202310225939,130.28751845555988
EK202310128011,130.7248388754831
EK202310119451,145.41838479360047
EK202310240016,140.26587593904898
EK202310137412,139.4348861775345
EK202320006473,167.25829850955762
EK202310133714,161.47138696933732
EK202310182002,132.42989303430184
EK202310146885,153.05848760581964
EK202310228765,150.83179385294102
EK202310199335,148.02058794181065
EK202310144286,151.2194154269079
EK202310120179,143.5716968001898
EK202310125242,134.9029640694556
EK202310129853,145.87965969179052
EK202310105724,144.10885211447646
EK202310177232,124.90747050283602
EK202310240889,141.17717305152172
EK202310135626,126.99321490911694
EK202310182429,130.3522607532815
EK202310160815,149.18972696288287
EK202310161842,145.37062567128152
EK202310194125,139.90985619040026
EK202310163430,142.58482612055775
EK202310207741,126.92336178484655
EK202310202036,117.11186621155476
EK202310165652,120.75060563166016
EK202310136570,140.96493812820907
EK202310139028,148.1605203716333
EK202310163487,133.1225003879162
EK202310177984,154.9073652235353
EK202310239997,137.56412959925635
EK202310176249,155.12612089427338
EK202310152361,154.797142215725
EK202310151709,139.19680592169635
EK202310135268,148.59487729050164
EK202310171919,159.47283053060605
EK202310122006,157.29992781977717
EK202310127839,143.4159719928649
EK202310219814,148.11363864489775
EK202310187560,167.2033868803438
EK202310113366,132.57473459506102
EK202310134748,136.86166862840224
EK202310208843,154.82594134151077
EK202310175338,138.96365379971587
EK202310124470,136.31485258194678
EK202310121775,134.89777439991715
EK202310237332,117.04689101823786
EK202310141855,142.03926883645178
EK202310154289,142.2135103672499
EK202310120044,134.78890352960426
EK202310192432,155.78721184776438
EK202310160195,150.3968691716844
EK202310105413,137.59570427783115
EK202310004863,147.39960183564307
EK202310138732,141.7352882461589
EK202310225944,121.61595445840511
EK202310239340,122.82334586492544
EK202310155959,155.47472806686724
EK202310177384,150.8808061132627
EK202310114746,134.05140573890748
EK202310156841,149.50117107708542
EK202310213654,136.99009417474545
EK202310210592,148.1682465615652
EK202310110296,139.5298531534389
EK202310240236,145.23241050688574
EK202310242957,138.54338751521567
EK202310163621,157.11047208294178
EK202310202691,156.95125594198737
EK202310127490,133.41322530527046
EK202310199512,149.9896574784074
EK202310155288,131.4111525526428
EK202310237968,143.31598409474964
EK202310118847,145.9615722530625
EK202310144769,128.23571644207644
EK202310212518,152.79828815841938
EK202320007577,143.31173913909734
EK202310244590,165.67728738804144
EK202310003432,134.57752340340969
EK202310242932,150.2734862322603
EK202310184880,157.20902132685464
EK202310208839,151.2640802062033
EK202310225707,152.457840680296
EK202310196085,162.22738132712053
EK202310111047,138.10822968142037
EK202310149321,154.69836629001023
EK202310214602,141.49053872853545
EK202310190162,140.38094985916186
EK202310203789,126.47326158071776
EK202310165931,146.81777890526558
EK202310143768,144.97626453829866
EK202310226420,143.21181031380496
EK202310206883,136.29227550545338
EK202310230191,156.58390650851234
EK202310223966,140.30072979401402
EK202310118804,123.36083900253074
EK202310224984,131.57565245414503
EK202310221101,142.26406308251865
EK202310241759,134.84905039788092
EK202310219986,150.24677491387047
EK202310247113,131.79807080713607
EK202310136489,145.9175557242188
EK202310189176,153.2084805589402
EK202310201813,149.99457322459656
EK202310167143,142.18319704307282
EK202310245156,151.48336615238478
EK202310149980,144.0612026481071
EK202310238395,157.43173425231095
EK202310223767,142.78187871522726
EK202310118543,148.85417505888802
EK202310137202,134.62617972717283
EK202310245378,151.2677186802697
EK202310202917,155.51246338139055
EK202310120015,129.20494955896908
EK202310242744,141.16013055309023
EK202310170961,145.72163706912653
EK202310170849,132.1858596056848
EK202310108365,142.84524876462294
EK202310225302,135.8904860036326
EK202310141853,134.8951406141815
EK202310152952,154.32669105760522
EK202310118252,135.65394982437388
EK202310150764,139.10000083238168
EK202310188288,153.4502931770498
EK202310236699,145.95806625813407
EK202310228975,147.4337988712412
EK202310176364,136.67162502429028
EK202310148297,137.9447022519702
EK202310234706,128.4601280508347
EK202310202029,131.20498080793854
EK202310218635,116.26092342290488
EK202310187565,169.53214316848013
EK202310238217,145.45403562168886
EK202310144263,135.40523295687512
EK202310216046,124.60895376148495
EK202310240199,155.26947062790194
EK202310118761,135.49449578382547
EK202310118387,144.3492840442786
EK202310228319,126.36271117394205
EK202310188942,151.35886799957387
EK202310171922,150.67940049869046
EK202310205751,154.70817157156606
EK202310181387,158.6994982267841
EK202310194611,141.1941345137917
EK202310123903,135.66314097674095
EK202310201170,164.66121355321044
EK202310124579,134.5750317754912
EK202310225456,133.30133873653196
EK202310224047,132.9758112626282
EK202310168185,131.95729006924466
EK202310149367,151.0858771605549
EK202310222236,149.9141191415768
EK202310191402,141.8121692976774
EK202310216518,132.85448133114687
EK202310116323,132.14920376871578
EK202310229479,128.73596055957952
EK202310242068,143.67893570223126
EK202310172108,119.34066617920733
EK202310148960,142.99344814392526
EK202310203368,155.65945150491973
EK202310248782,135.1558605793018
EK202310130742,171.0750815389773
EK202310127431,139.71635508154446
EK202310166666,159.89017319025626
EK202310142516,135.6999108512004
EK202310171160,161.73365503528987
EK202310131980,151.32265352323316
EK202310230754,132.35746475703863
EK202310205660,132.3792064224496
EK202310195938,161.61213852439877
EK202310223018,127.15796362856668
EK202310189611,161.69731566002514
EK202310114061,147.7656143686021
EK202310168186,144.27018812604797
EK202310123079,141.21486625846984
EK202310142507,120.71747957245466
EK202310192082,126.48488675504011
EK202310116417,159.89082619399665
EK202310152679,127.0578379285309
EK202310186123,147.76778999854778
EK202310187670,134.32950836278914
EK202310199114,137.34664886576638
EK202310144744,136.55515537994876
EK202310171906,148.5508890514704
EK202310222160,137.0120111899528
EK202310202383,143.6129741868977
EK202310133543,143.78203676672135
EK202310240197,157.05551711715947
EK202310224654,153.00657287053153
EK202310159827,167.44583457103374
EK202310129302,161.87683565009124
EK202310220687,132.87060707970565
EK202310137416,140.2124802606969
EK202310195263,148.10522871703395
EK202310226117,139.0274632109035
EK202310177937,159.55419519585476
EK202310224977,132.9044001289011
EK202310104811,149.9460938175625
EK202310202225,141.9387864685686
EK202310198252,140.0799883953812
EK202310169634,154.28980589666784
EK202310141724,143.7326800321467
EK202310132515,130.79616820670935
EK202310222595,131.83173417192478
EK202310245206,159.74266143512236
EK202310206384,156.47938550765963
EK202310131595,146.40515371799606
EK202310114450,155.1794847083288
EK202310193999,141.33075919652686
EK202310153211,108.19397669935631
EK202310168571,168.4209669305088
EK202310117487,126.85109904124947
EK202310147040,160.32341644701307
EK202310164747,159.07586368033864
EK202310185539,143.26294895878624
EK202310180947,161.31165542445964
EK202310209467,136.05975414107488
EK202310197453,134.3605731736904
EK202310241952,139.86179102522846
EK202310171659,130.58945220172504
EK202310121984,127.95854669744458
EK202310145988,153.31441344653527
EK202310227472,161.33855439123394
EK202310158925,153.62806765595838
EK202310161059,155.549812840994
EK202310246350,140.86763183402704
EK202310204768,157.99261333461675
EK202310245196,136.19547986724945
EK202310134281,149.6658219147568
EK202310232567,146.32921856169892
EK202310187864,141.33852133390695
EK202310175599,148.55792591413112
EK202310137474,139.07715290326217
EK202310214594,134.81862676956075
EK202310176570,137.82069491346908
EK202310143525,133.1964844914314
EK202310216731,135.41564358483367
EK202310182951,158.50571797450172
EK202310195606,162.5757182353232
EK202310003354,149.28967001656562
EK202310003704,146.35347625829073
EK202310207753,149.05374935880837
EK202310108512,153.86580777988829
EK202310230571,131.20490576214888
EK202310210082,153.40969614119763
EK202310191492,130.0932491657664
EK202310113969,126.74467955913613
EK202310123941,140.95558000504406
EK202310135080,173.2957803088224
EK202310117802,142.4258331014154
EK202310158376,137.37321026537845
EK202310140051,164.18908235874807
EK202310230366,131.18047960624142
EK202310138959,161.0962276686005
EK202310112243,139.848477520419
EK202310142973,156.2934380564826
EK202310179563,149.00309421926102
EK202310213686,142.7400971101982
EK202310207985,143.21079734960318
EK202310169142,134.63848196213672
EK202310189846,158.6648119780169
EK202310217981,141.1737482036856
EK202310168427,142.87818825629765
EK202310165111,141.55203063097545
EK202310211489,140.4446714082061
EK202310164721,152.03458281351814
EK202310192084,145.73215608984972
EK202310155310,129.35182686991018
EK202310207807,155.39401070214706
EK202310167274,136.65746792570363
EK202310232098,148.76149469249287
EK202310246400,152.9912043365202
EK202310181247,144.93730430149995
EK202310146677,137.60250438073533
EK202310199983,154.05235026159028
EK202310198892,125.7408198635174
EK202310118490,152.70316193227038
EK202310218556,143.62049544189432
EK202310209766,160.42040060514415
EK202310201549,130.89984058669165
EK202310227205,127.06672038144599
EK202310201879,131.2949771015788
EK202310208984,133.81289056626866
EK202310172280,133.2880940546614
EK202310127074,141.66756267060066
EK202310003431,135.2620137707642
EK202310128481,130.29382981364893
EK202310191056,149.73434690076124
EK202310224670,137.43195649940657
EK202310148699,152.77991285193318
EK202310186655,155.75769914827183
EK202310145129,144.52199987486864
EK202310141368,130.33600121317602
EK202310215091,146.75590362603504
EK202310131768,135.71238159717387
EK202310169680,140.84360208913725
EK202310215558,153.97648176434896
EK202310235372,148.83849336077463
EK202310123185,134.34696063957972
EK202310188811,129.2314968158127
EK202310160442,152.14542210734274
EK202310190513,154.01174492384786
EK202310174071,150.40857580953482
EK202310226475,136.08873863036507
EK202310124362,124.72998111447633
EK202310217706,137.1321632769801
EK202310226498,149.19072428917963
EK202310237132,132.3152067457911
EK202310156490,168.50568100715543
EK202310161525,157.22129799267972
EK202310233261,149.8673069761829
EK202310183188,154.76137963065148
EK202310204179,142.83273483424102
EK202310221970,128.8169809503911
EK202310136055,133.26102493766322
EK202310192784,144.3582034126231
EK202310154098,151.2724735613881
EK202310195221,158.5120219633474
EK202310247669,170.16154642427452
EK202320006739,177.41698437162717
EK202310143079,137.64821170042114
EK202310157780,147.73753477960744
EK202310122685,122.70497024810633
EK202310228079,136.19774797116514
EK202310178496,147.58746708579224
EK202310108793,140.10511326720115
EK202310243880,134.0410999786828
EK202310108022,149.8090276316121
EK202310127023,137.11510987359986
EK202310114813,122.991778614188
EK202310211046,131.42323212792525
EK202310139161,140.474252164127
EK202310165288,144.8538749403815
EK202310245913,126.5756237761146
EK202310216026,149.7637447464103
EK202310132021,143.3987167439654
EK202310206339,153.15415351289164
EK202310216740,128.6275522961925
EK202310210301,136.31847050444242
EK202310167900,152.93332680284695
EK202310173409,144.92590738857552
EK202310144428,164.2849617344085
EK202310194970,140.62693053470338
EK202310105005,130.8994439669548
EK202310108090,139.639322507195
EK202310229406,155.2750865156617
EK202310152037,133.63547497010657
EK202310204361,148.6908362839514
EK202310114029,133.25017391918928
EK202310158725,150.1228216229941
EK202310158027,147.1304762569218
EK202310148586,132.1429408283909
EK202310237068,133.51048496025544
EK202310144709,139.71048498906586
EK202310161357,128.96388765370796
EK202310124452,138.56156239923536
EK202310131605,166.77573752442248
EK202310162054,154.3894189853669
EK202310181680,167.77347968256953
EK202310117645,131.45844847068054
EK202310147699,131.08235331462186
EK202310153309,138.5134407616116
EK202310184492,138.59749829636738
EK202310104645,147.99094089974975
EK202310137713,146.58430119757003
EK202310243221,133.5352523340024
EK202310156335,141.24950543637593
EK202310197583,153.8747251773504
EK202310137359,145.52846224769385
EK202310130956,139.2288257712966
EK202310171369,157.4685053388002
EK202310232324,142.17127761979796
EK202310172995,135.34710823173413
EK202310134239,144.2576744420201
EK202310243506,136.47842012464653
EK202310163154,141.72661928174108
EK202310127929,146.94609536059124
EK202310202227,132.80819525446037
EK202310139348,147.03453205853458
EK202310158547,142.21376573102765
EK202310236863,130.5183347667836
EK202310179959,172.91171923652615
EK202310195894,138.13205695869016
EK202310229850,133.97774798890825
EK202310242435,142.0880742165186
EK202310135502,122.12506393595307
EK202310229084,138.4232207268807
EK202310118049,140.94950266701653
EK202310201122,161.6147297431428
EK202310109875,118.57961619800744
EK202310196757,131.28147830855755
EK202310139569,164.61484196177452
EK202310107377,140.8154765980854
EK202310116923,137.7078745557984
EK202310228873,132.83720409791403
EK202310218754,131.13286506803985
EK202310154272,136.81105382943574
EK202310231169,136.23021108376037
EK202310217977,156.93495207234895
EK202310222555,141.96135196851597
EK202310162130,148.35847816502363
EK202310112323,152.25753827811644
EK202310159262,148.12670447124097
EK202310151594,154.12313166677052
EK202310163721,122.74543312606072
EK202310149061,140.56131743374368
EK202310147880,160.4005252023348
EK202310212050,142.51861593827192
EK202310117729,129.6337347921006
EK202310107629,148.6832952266178
EK202310139317,139.02607337315104
EK202310179272,136.91242025651903
EK202310121894,138.28688431069565
EK202310139188,144.6369000215884
EK202310167435,145.70499947707398
EK202310228964,151.5736780765279
EK202310113550,136.03524423426867
EK202310180850,153.12938910465815
EK202310105563,123.4013698912386
EK202310110748,126.81235553166314
EK202310234819,127.32139930073299
EK202310154339,145.43582021910495
EK202310210307,129.74534210982233
EK202310239873,146.7447752450399
EK202310183383,135.52748208640432
EK202310193557,128.15808808877455
EK202310228033,132.972843980395
EK202310167532,142.11531579512916
EK202310222264,118.64934302773614
EK202310106581,134.11764214882862
EK202310221125,123.69463341819292
EK202310165054,152.01234428381358
EK202310150415,162.45681876854005
EK202310233802,150.0588673232898
EK202310190617,144.36858258697748
EK202310106410,142.17311623052274
EK202310216886,143.88769668488044
EK202310115900,120.76764089268093
EK202310104935,150.42147485378277
EK202310129722,169.74338097189866
EK202310120948,135.4481404714493
EK202310164436,132.30475763373448
EK202310122507,132.95214217291974
EK202310160593,144.53774007657626
EK202310210615,134.63731406429423
EK202310132871,133.81019912866063
EK202310237902,130.7747490366436
EK202310231150,130.43518863518463
EK202310165528,150.93440373404823
EK202310244497,128.90126652917658
EK202310107512,143.34366820936984
EK202310120477,136.3818099663343
EK202310229593,125.66923957924027
EK202310126986,144.8483206379638
EK202310175535,136.0696643675841
EK202310148104,134.55187277806064
EK202310201431,153.03442759243273
EK202310148767,150.30402576774833
EK202310113034,126.95806241533339
EK202310209227,134.6027105930348
EK202310114309,133.62439830332673
EK202310174763,148.55792177536088
EK202310236793,131.3630184914173
EK202310177429,147.69278233292454
EK202310167536,129.01455035253292
EK202310141576,156.38745146024152
EK202310213488,123.01016352519306
EK202310162322,147.77955382046704
EK202310130610,134.87431426091524
EK202310152488,146.0706559309083
EK202310151734,169.8648517883953
EK202310155060,117.32589494142813
EK202310226481,136.4899187254312
EK202310119174,139.79496150738828
EK202310180130,130.66833233173404
EK202310104489,164.4554884706368
EK202310195688,144.94389724239147
EK202310132973,141.1535557399388
EK202310135035,176.14784751345127
EK202310167150,125.01029328490579
EK202310195252,151.60934098504796
EK202310127294,159.46714073335215
EK202310140484,136.06822032719808
EK202310119854,143.95122589420586
EK202310248841,140.23927199821927
EK202320007808,152.96109706157338
EK202310199228,146.96576302749423
EK202310184715,144.616468429593
EK202320007242,148.64818275895468
EK202310147415,154.30867285402772
EK202310171570,135.21452965474248
EK202310110477,136.53003201786402
EK202310113604,143.21672081129677
EK202320006431,160.79540212893983
EK202310121838,131.2752858717585
EK202310148733,151.1956581398472
EK202310148335,137.75485155702614
EK202310113968,120.35971809960847
EK202310231455,138.9491629515617
EK202310203454,144.24005726083274
EK202310191708,129.0925528636911
EK202310109582,151.8044380784063
EK202310203719,134.02573180621766
EK202310201332,159.1992951031139
EK202310204835,137.86743620996486
EK202310131213,149.1174860046444
EK202310155687,145.04309199739927
EK202310178634,141.59696645350746
EK202310115110,148.4435113179278
EK202310201445,167.16160869670128
EK202310233989,135.09320932276984
EK202310226621,140.00621340099602
EK202310182124,146.1797243974515
EK202310129960,140.79222949531697
EK202310172024,154.59083159787593
EK202310124587,145.61062736292402
EK202310180490,137.84652083409347
EK202310218866,141.11770305165098
EK202310145486,133.95256207699305
EK202310243783,132.9159218884618
EK202310163544,127.5606897775703
EK202310245299,132.5964294504953
EK202310185466,133.61962275836947
EK202310114372,146.30892464448365
EK202310132954,138.72912762396814
EK202310156324,136.82944702825253
EK202310237016,138.61319062615024
EK202310214641,144.64028994968538
EK202310106858,145.30634463795815
EK202310182500,161.07401840394053
EK202310125749,138.22394869350143
EK202310201978,126.15588059275778
EK202310112112,139.98729159058743
EK202310243292,152.28007821803024
EK202310192897,135.65438827644581
EK202310173512,137.76544439623726
EK202310125634,132.46380669655628
EK202310165797,150.34612098634605
EK202310213138,152.95200089338874
EK202310211642,138.1553868862739
EK202310156317,147.2695242788527
EK202310154649,173.50065395305197
EK202310198938,151.50704858632136
EK202310175465,142.6388927707991
EK202310187555,138.89089891787694
EK202310183448,176.21923313809168
EK202310205101,141.63784556923608
EK202310201536,138.71501857032158
EK202310131221,133.16516968606436
EK202310242173,161.55777672969768
EK202310195317,141.9367320475232
EK202310139267,138.45482140297295
EK202310189575,165.2596617799684
EK202310186883,154.23751365625805
EK202310184286,157.9128888578572
EK202310194270,147.35403604025595
EK202310003611,143.79324464324128
EK202310189126,151.34056182460506
EK202310179964,170.01162168742562
EK202310118181,117.90161658581538
EK202310220832,146.47478434456784
EK202310203022,138.67613747252076
EK202310205592,163.6023432790654
EK202310128283,127.93835011868379
EK202310214279,149.9525512632033
EK202310175101,152.02970607892848
EK202310116399,133.16532312036182
EK202310132303,138.7860258759174
EK202310147925,137.95420091064207
EK202310219063,157.87026780881095
EK202310197713,147.47191148534708
EK202310165104,147.972025610523
EK202310198835,143.25407511040666
EK202310230554,130.69400103535784
EK202310103890,138.04345595906196
EK202310152894,158.23979357854668
EK202310156771,157.17780147002705
EK202310239166,141.16007031196597
EK202310157043,169.09354754911897
EK202310158767,138.86208847036758
EK202310231819,162.4224807856264
EK202310162990,150.08878504445852
EK202310237033,161.6131420633374
EK202310220279,142.22151128080506
EK202310105088,147.88065031570773
EK202310183088,129.2912023182997
EK202310134719,146.76899195060173
EK202310126509,142.1712566139684
EK202310113028,138.31502796295297
EK202320007641,161.69560793603378
EK202310194771,126.91093518698794
EK202310193624,135.8630105705002
EK202310178811,163.67500323043285
EK202310127140,150.19153851373278
EK202310193675,149.71251891787185
EK202310208947,125.50396434549363
EK202310242072,138.6944105736809
EK202310129762,138.64315990877395
EK202310178638,149.87896296652266
EK202310208504,131.0926556532356
EK202310131365,146.5318079649222
EK202310118546,144.03191958685773
EK202310245144,138.36781488336717
EK202310142879,129.7919998622921
EK202310197920,163.3938390151263
EK202310182216,156.361567928758
EK202310163824,144.85404330637397
EK202310247357,155.9747271864744
EK202310145691,156.10683682590107
EK202310176063,163.0403250186654
EK202320006459,169.16906608282457
EK202310227785,127.01207423047171
EK202310189723,176.54879918415907
EK202310182881,153.68493209991652
EK202310196251,149.93369480692746
EK202310212183,133.5143537163441
EK202310165884,128.62477148732648
EK202310162354,150.951776854898
EK202320006915,168.71242875364362
EK202310152978,167.1353531314644
EK202310186596,168.8519086996387
EK202310184203,133.30145234594335
EK202310115228,142.79629488715804
EK202310187250,152.14816574179775
EK202310199882,147.73151750470308
EK202310247733,160.32247883719864
EK202310142093,141.0973657370458
EK202310192250,147.34138697577623
EK202310161127,175.42815494085062
EK202310227929,135.55451034590078
EK202310144416,128.45170855807288
EK202310129300,154.83884147389094
EK202310132887,129.65835885411713
EK202320007268,167.41230303426966
EK202310117763,126.2956107516579
EK202310135610,121.58204073189569
EK202310108226,149.29463224162893
EK202310197484,163.05303442843575
EK202310220905,130.035937316265
EK202310210612,146.75788742649436
EK202310199825,135.4351773838683
EK202310167815,134.75093072750306
EK202310222270,121.21717687364287
EK202310218829,128.3242777628825
EK202310158524,142.3207790874261
EK202310227353,127.02343020254222
EK202310105993,146.32873196440931
EK202310128862,137.10944226945094
EK202320005603,167.58245654392255
EK202310145543,153.41825699944803
EK202310226964,130.27195452761862
EK202310106404,160.95803246411538
EK202310158792,152.36375750344968
EK202310169557,163.19367779083262
EK202320007615,159.791621901283
EK202310244340,131.61623604247472
EK202310241009,146.70753809683293
EK202310173004,135.40770763854553
EK202310229814,152.67022062976795
EK202310136774,156.40585953514022
EK202310134670,152.46099281614954
EK202310125653,139.39843036686116
EK202310104378,147.26576823026997
EK202310114092,142.4422104266884
EK202310242755,142.70733716061125
EK202310175831,141.7187316696287
EK202310123102,140.77213117435224
EK202310246196,135.484472154662
EK202310164308,137.82417567842487
EK202310164001,125.20057904366672
EK202310127733,175.8685303164506
EK202310107896,147.68990732623922
EK202310196209,168.94031220789205
EK202310164751,144.72278409386425
EK202310180897,144.24396353463916
EK202310217788,147.04552508777465
EK202310193711,154.61319169515062
EK202310244316,152.5267200189317
EK202310224163,141.8789734751936
EK202310104994,130.51849892661807
EK202310140073,160.34502457486923
EK202310188584,153.21765385328837
EK202310110511,136.36890556880047
EK202310231033,137.1871898395044
EK202310178461,162.81982518337463
EK202310167965,136.03502170918
EK202310106027,126.43971210136039
EK202310193439,144.08138854172682
EK202310151107,141.08548236095882
EK202310196605,127.30985609314527
EK202310218318,154.98324207643594
EK202310195078,143.59479304019496
EK202310148837,171.54677846527943
EK202310127102,145.67084001936263
EK202310114514,146.8436082171678
EK202310121553,139.69270136531114
EK202310172559,134.54517099153222
EK202310151216,121.12132588390601
EK202310128073,136.03675786040958
EK202310108605,145.4940319457082
EK202310201812,142.14640568888447
EK202310190862,153.6615265879572
EK202310223367,175.0201822130834
EK202310217222,141.33302422587946
EK202310171756,152.6266217879089
EK202320006771,169.95183270354835
EK202310124052,154.5830124189384
EK202310221124,129.22411486987195
EK202310154368,146.12296145531027
EK202310155273,114.96622857538487
EK202310161608,159.29712050514587
EK202310176630,137.76084674276643
EK202310158951,151.2195951993067
EK202310223924,128.32653363077628
EK202310187178,146.94051743551597
EK202310189441,162.14086042253723
EK202310193808,152.01762907808984
EK202310117653,127.23259204284494
EK202320006281,158.79707361501647
EK202310104452,154.16142704848758
EK202310170998,160.8559742131656
EK202310247137,140.43586765376563
EK202310207587,159.9530736936604
EK202310224054,143.8106434745698
EK202310124503,127.12313783724902
EK202310111608,148.4223854596431
EK202310169517,139.17592757997502
EK202310177572,156.34803293425497
EK202320005767,150.137761634701
EK202310194290,120.37956261692648
EK202310115205,161.49490109774985
EK202310227698,123.68675470252008
EK202310120637,154.26697168578502
EK202310143976,134.27476756003713
EK202310246533,134.68039776175593
EK202310244741,133.4846581682572
EK202310163421,137.17857090693786
EK202310169247,165.67655970148795
EK202310136860,137.6466379505442
EK202310217749,140.39090825112808
EK202310128152,145.85313389790977
EK202310193309,157.76884640470436
EK202310243321,152.44436714445402
EK202310152737,126.95971594121696
EK202310187887,155.08137445481626
EK202310150896,133.3244865881059
EK202310123219,152.69364696749008
EK202310166345,123.34849463687014
EK202310163457,159.88877844775317
EK202310218300,158.44437224286204
EK202310177093,140.11368326866256
EK202310123434,134.42280314819368
EK202310226930,138.55210176490135
EK202310210088,166.79379650148437
EK202310190936,153.78429329498653
EK202310127583,132.40957546906262
EK202310185141,139.87848527733493
EK202310138333,141.5524006554385
EK202310143408,150.19665628666834
EK202310147317,137.41543630351336
EK202310127752,140.1963633140452
EK202310248048,151.9067328680674
EK202310109094,143.83379930458486
EK202310230897,132.13833640189728
EK202310229240,159.17660992743353
EK202310158776,134.44339915177324
EK202310178235,157.64747396033601
EK202310153456,118.65179269865067
EK202310125365,135.17988353873272
EK202310228431,139.08808675811187
EK202310177613,160.10001909672155
EK202310230016,146.99030580628957
EK202310124464,137.07028786975778
EK202310160084,149.63583951564817
EK202310230147,145.4076526115819
EK202310154253,152.21477302868686
EK202310180390,132.19657640770967
EK202310126260,140.56559566296778
EK202310110447,130.87823586216362
EK202310225162,149.82664676077965
EK202310127787,133.22621499696908
EK202310127024,132.34250786642534
EK202310123897,146.51430770881805
EK202310191044,147.8935636022313
EK202310107279,139.6099529750738
EK202310222709,148.5910888341698
EK202310158190,132.5741328026122
EK202310226271,137.26142105711122
EK202310227119,140.03614608951256
EK202310180033,148.40566105693014
EK202310113831,123.82497138656728
EK202310127200,140.16855716624787
EK202310234951,143.3891552993509
EK202310113479,128.10143934417317
EK202310207326,139.7029337135978
EK202310227319,152.1681565383973
EK202310230874,134.15158976521494
EK202310139589,151.1785588628468
EK202310114753,152.5448896788414
EK202310121349,140.45582192373234
EK202310202957,150.81261870617865
EK202310159641,143.8883305634272
EK202310176020,145.45489668476188
EK202310163367,142.53892244029956
EK202310186524,138.25510048629036
EK202310221903,162.028820868104
EK202310161048,152.08654852155394
EK202310187444,134.35981411629555
EK202310127440,135.42367927425244
EK202310218146,158.723983662916
EK202310150639,173.78604767895305
EK202310233888,130.96750577818815
EK202310209197,155.0926784802228
EK202310143716,169.10318641454933
EK202310104198,139.32748681152205
EK202310154483,138.08555125003642
EK202310167981,146.79886634126072
EK202310180723,133.9673845506784
EK202310196829,132.56562947036468
EK202310115909,136.14995382300538
EK202310142747,165.8042149719415
EK202310168568,148.13067279037048
EK202310116790,119.75397236396148
EK202310246722,139.28895346086915
EK202310201508,149.47601634113104
EK202310184072,141.88742603117225
EK202310243865,118.53191151722802
EK202310210914,127.2455075625652
EK202310239276,143.83506329456145
EK202310215006,168.53948579354585
EK202310104899,138.2105527224292
EK202310123211,118.90883741767007
EK202310139857,146.34506574646772
EK202310229104,138.86193794659684
EK202310225758,152.3871976356223
EK202310154150,137.89277972353813
EK202310151559,159.93965889669207
EK202310121018,152.2058972735207
EK202310139751,135.26590756090806
EK202310130814,157.45447477335506
EK202310226459,142.71387099899772
EK202310144732,134.9763660368297
EK202310159300,160.52453335616104
EK202310216298,149.38319135821638
EK202310108276,136.65572659915176
EK202310132846,143.6843754630015
EK202310146926,136.1340675490406
EK202310205179,141.41602169769163
EK202310172161,157.12719592795824
EK202310206115,151.87080759140946
EK202310197301,120.9380992398579
EK202310172771,138.74809449102816
EK202310109812,150.25889940989043
EK202310152808,130.3709059227054
EK202310121442,135.42029058710875
EK202310136433,138.59844410020952
EK202310242312,128.50376604220597
EK202310104384,144.20909075430882
EK202310199318,137.52384689051354
EK202310135620,145.22832070484006
EK202310153631,145.85390500326938
EK202310133022,127.55486486607501
EK202310112038,125.89645547791126
EK202310200944,152.36734945994152
EK202310209272,152.12578852654548
EK202310221651,135.02388366662115
EK202310147889,148.01803122127512
EK202310004590,124.34790647625411
EK202310196915,157.2973796895075
EK202310186595,141.26300850099094
EK202310104696,150.97284869548233
EK202310144577,152.2660056819794
EK202310169285,115.50623688471721
EK202310184084,143.59419849465817
EK202310132378,147.64374117164894
EK202310246159,183.58571996862878
EK202310202358,115.40045221837401
EK202310159800,140.51241204267993
EK202310209349,146.07030999783936
EK202310200523,124.85823314717298
EK202310231409,138.52045970892053
EK202310125721,148.0139048262822
EK202310150276,146.9590250084408
EK202310197223,137.88298593645908
EK202310160408,149.35543471121915
EK202310213557,134.54693397016524
EK202310218382,151.62697326132516
EK202310209694,156.09813592997403
EK202310211465,153.83233491429482
EK202310227036,147.40423968864545
EK202310168055,141.04298420178984
EK202310173868,143.07839410560794
EK202310235783,134.42412579700138
EK202310182758,146.71729926438724
EK202310202200,137.28226295949355
EK202310114988,143.308116745383
EK202310176929,141.47382467279022
EK202310121237,142.7950940740924
EK202310152253,138.07830044081646
EK202310226416,153.85408809735014
EK202310140761,154.0344437632698
EK202310200743,147.29549124031917
EK202310165360,143.78858330789993
EK202310235685,152.7700950579724
EK202310238675,141.23773202033
EK202310191990,148.55837950683065
EK202310149927,153.32092748932047
EK202310196613,152.55744209144865
EK202310138650,155.30000959013842
EK202310135837,139.53577419496358
EK202310004179,138.9865415363863
EK202310202844,138.64473240978666
EK202310156145,140.37651905974485
EK202310137772,128.0836680809284
EK202310139643,166.64191359762452
EK202310190140,148.49005721136095
EK202310182976,126.39970677323936
EK202310140267,141.77538353009203
EK202310149614,147.2070715590817
EK202310188618,143.60228913308566
EK202310153165,139.0698257167695
EK202310239729,158.34655420019186
EK202310104290,133.76678214815053
EK202310237254,160.08970550757198
EK202310127230,143.3662002087463
EK202310133287,143.51223698359743
EK202310196943,130.94804898718493
EK202310154405,141.0206937397085
EK202310235085,132.71648122193005
EK202310144062,147.48674172108895
EK202310185906,146.35272199818698
EK202310133676,161.55337343173034
EK202310196801,146.41242759254322
EK202310223356,145.52432320082798
EK202310174845,166.45340292768668
EK202310131724,136.1681215636054
EK202310227778,127.68751515222188
EK202310139935,145.85691894609226
EK202310109785,160.49017742179768
EK202310162467,148.968475596495
EK202310190820,146.58144476990583
EK202310111438,139.43271673992714
EK202310202344,166.05441613696428
EK202310128622,160.80445458979221
EK202310239716,140.84550363536158
EK202310206350,169.5800178869095
EK202310137152,143.9950161106262
EK202310186456,156.15111846997493
EK202310247836,128.5561031098489
EK202310239485,146.18477969117342
EK202310192860,141.66518824927178
EK202310130413,144.119511598327
EK202310193922,150.5547983849811
EK202310181806,143.22307145441718
EK202310121213,133.67839104906042
EK202320006017,165.22325903214406
EK202310123080,133.7331629844142
EK202310155988,141.22412829500755
EK202310126966,160.78632398745827
EK202310189745,139.86948225909714
EK202310203961,127.49037003610368
EK202310118179,142.46559909830765
EK202310109004,152.4480010562822
EK202310003506,137.06213303487093
EK202310106808,134.64448247194147
EK202310242146,134.8057085409937
EK202310114687,145.03166882925757
EK202310139155,159.333923176408
EK202310229903,122.97251906564789
EK202310170375,133.81293157710138
EK202310199839,149.5600941724228
EK202310112897,131.4428862864174
EK202310221448,148.68289229049034
EK202310191215,151.9170985079838
EK202310221051,142.2748210474976
EK202310221033,134.2354535771272
EK202310224111,133.165931762087
EK202310217504,131.634261452734
EK202310179120,150.92002798502583
EK202310106293,132.35078404066007
EK202310228948,126.71541393901157
EK202310192129,139.43727510512952
EK202310109160,142.36938486716537
EK202310170771,146.62075075606037
EK202310242806,133.66339271389103
EK202310175538,156.0219031789804
EK202310149012,156.2120151667522
EK202310104532,143.93250666804636
EK202310212068,141.21721020797543
EK202310123340,140.95661923148046
EK202310131077,152.15533046437747
EK202310148068,139.77045347136507
EK202310190251,135.29571231195362
EK202310174004,156.3381181194607
EK202310156599,135.43806178909614
EK202310153023,153.44038804122653
EK202310145554,152.53182266997547
EK202310160744,156.88654180798906
EK202310185195,136.41698442906545
EK202320006590,167.90867675638526
EK202310129886,149.74883319651008
EK202310124625,149.33597649827317
EK202310188309,149.45599771146448
EK202310142832,143.87206184373946
EK202310183119,151.57427785558897
EK202310105045,130.06166729171886
EK202310170611,124.95045022478149
EK202310155999,146.26983285830008
EK202310230234,140.75495469308908
EK202310103794,147.52765244343877
EK202310241301,146.56566465981328
EK202310202926,160.68731025367634
EK202310247420,148.2458184270791
EK202310165584,165.99868968067054
EK202310179695,119.07392645150442
EK202310164314,151.8593896052622
EK202310155082,144.06391491898918
EK202310145770,149.83250180027093
EK202310247538,165.4186273607359
EK202310214111,162.55206933457936
EK202310181544,141.80058566702726
EK202310151024,130.05081306121593
EK202310229794,124.62783873060854
EK202310125839,146.56766022424753
EK202310128797,143.4608978176776
EK202310147449,141.07410971809523
EK202310211288,117.55274861082337
EK202310165604,131.96823212167888
EK202310140481,147.17550305975305
EK202310154542,147.55582228086928
EK202310213091,129.08410647118575
EK202310248733,135.92629058722227
EK202310152930,165.89525527198248
EK202320006866,161.48142994717264
EK202310216477,113.55257095351345
EK202310181197,150.55548627031106
EK202310244809,148.1862013174943
EK202310111806,134.51152523056453
EK202310106490,152.26979998390706
EK202310145258,136.45482445624108
EK202310205168,142.5966227993239
EK202310157331,160.16325975677788
EK202310163882,137.90416673020923
EK202310129546,120.25173721537931
EK202310148414,133.4724371890974
EK202310224909,115.8579724427022
EK202310165479,130.5940684305326
EK202310170016,133.27118203240934
EK202310182759,142.2740804452716
EK202310111689,137.7341000258014
EK202310202711,151.3009426034962
EK202310201534,141.9577540295851
EK202310113940,142.4554391681825
EK202310114299,134.81913340180085
EK202310203251,149.9089320644587
EK202310143744,158.31996328170223
EK202310149498,166.42535132864
EK202310217908,129.67836524162385
EK202310211929,121.12185906986917
EK202310149164,152.65148496273335
EK202310164565,139.12788260046858
EK202310210725,131.45379205951969
EK202310121120,143.65028744065967
EK202310216961,134.60160585711648
EK202310172951,146.01679042402165
EK202310230076,130.33847334822119
EK202310214365,149.81471200255487
EK202310120411,136.24063533679077
EK202310233763,146.99940346099154
EK202310189756,131.42708131527112
EK202310180908,149.2820231914689
EK202310163595,136.9185195555024
EK202310117226,142.09754487171296
EK202310133078,141.25475088800323
EK202310214364,142.13893853079162
EK202310216563,143.48615098480192
EK202310233460,138.01254087941868
EK202310145609,162.87362899475647
EK202310224257,137.0636355427426
EK202310192247,127.69132860350774
EK202310205631,136.72765756205763
EK202310231421,138.70369842930995
EK202310226086,131.57495527264484
EK202310237602,141.952608068583
EK202310136602,129.84646264848598
EK202310122474,131.24774856375942
EK202310188932,158.33000225908006
EK202310138201,124.27805100596171
EK202310194378,167.41613176361687
EK202310214991,161.67306507727383
EK202310225525,142.10014405640536
EK202310134214,151.8773400922909
EK202310195862,142.49176622238977
EK202310159199,148.57286717576744
EK202310155737,142.80778780739854
EK202310170011,144.21809081086462
EK202310201630,141.7563876310458
EK202310226552,134.28066489551964
EK202310160002,127.48138071861517
EK202310151703,155.5306314315344
EK202310143816,129.72049786840253
EK202310232638,150.5421496082033
EK202310114002,143.86196077797078
EK202310129927,155.80297513477015
EK202310203267,152.2078074548118
EK202310177954,145.03708768124483
EK202310153060,144.2999440084944
EK202310111529,142.6538428693681
EK202310137725,153.7241000615252
EK202310166343,156.0820991165753
EK202310186809,153.96659996789404
EK202310144953,136.57057376862178
EK202310122463,135.01663579444676
EK202310134204,149.4758091134224
EK202310150378,136.26378518827417
EK202310237288,141.77182365057587
EK202310248480,157.38402394020574
EK202310004124,149.28884340070104
EK202310003566,121.18346988095757
EK202310213203,138.50718656654442
EK202310124344,136.90283733490492
EK202310228408,174.1846649960624
EK202310232131,134.4113433013181
EK202310118742,149.56373682430979
EK202310134004,145.04588465710265
EK202310247397,151.47687681763705
EK202310239190,121.98249131731848
EK202310246475,134.74407297535777
EK202310198578,155.5232403187611
EK202310215084,132.9132487868105
EK202310105260,144.17665547175562
EK202310165433,145.404915279621
EK202310140038,154.6020239230138
EK202310107453,136.9919870971168
EK202310221064,141.7210941798467
EK202310120243,139.26305879285016
EK202310184845,142.29993795545445
EK202310176066,148.61634085488868
EK202310227077,144.95716045985515
EK202310144370,136.22732267652725
EK202310162124,139.4639881300817
EK202310110699,149.7474692532424
EK202310153084,162.04935472491576
EK202310160786,141.91595205093378
EK202310242308,148.1378123190069
EK202310194163,132.77763268329588
EK202310105869,141.78451523189864
EK202310214672,147.09575406097187
EK202310145840,148.10295460095986
EK202310178975,147.38490528166753
EK202310189351,158.13139779077895
EK202310180495,146.0691212569519
EK202310202435,140.3780473521299
EK202310111129,135.68553682043608
EK202310157646,145.43675085236623
EK202310227821,146.43891942038883
EK202310142018,121.09474455678992
EK202310176861,157.750249283549
EK202310228822,138.74351950455596
EK202310142217,146.4621379758692
EK202310237859,149.11139379541623
EK202310146830,139.6037386471831
EK202310152183,149.61900038969875
EK202310179889,138.6575652739878
EK202310217535,152.42406908093795
EK202310111073,140.83456428876266
EK202310228103,145.0251712045285
EK202310171811,152.03356062199978
EK202310224290,141.49240417788812
EK202310108057,142.66664873170924
EK202310240225,163.4932179056413
EK202310240301,146.78413896598906
EK202310126961,135.9776388783817
EK202310235847,140.718291677645
EK202310107011,147.45159075817622
EK202310185554,155.14816064295198
EK202310224213,131.70097755126324
EK202310132189,128.65749549816965
EK202310193327,155.4251818411318
EK202310230501,133.2852303372522
EK202310130145,171.36761402784342
EK202310188675,143.83427962525025
EK202310155036,135.80983275413485
EK202310177355,149.32421109141364
EK202310139948,137.79743065668754
EK202310119442,144.68676870949972
EK202310133620,132.65431820005395
EK202310202179,158.5220534660903
EK202310217546,140.6786292708147
EK202310182683,132.05119039509245
EK202310184843,142.33861234423478
EK202310108718,154.94383048718234
EK202310159849,153.1033153937646
EK202310004889,130.80448651306236
EK202320006575,165.87235023602295
EK202310209060,150.09223141019157
EK202310104959,140.6529337015178
EK202310182681,129.37900150541253
EK202310145101,149.46467120886487
EK202310134497,134.341986351811
EK202310120585,135.34721395014103
EK202310198684,151.3051638630957
EK202310109466,140.75889346445499
EK202310106981,130.46658696783726
EK202310004230,126.98131169687504
EK202310173364,127.14619492487196
EK202310164220,138.564967253594
EK202310207890,124.81171763855315
EK202310134470,150.1628158744305
EK202310124056,136.57025243966075
EK202310185859,140.95258837989664
EK202310160054,145.40081124196703
EK202310246219,162.72413473759366
EK202310196525,154.2910909211128
EK202310193933,144.58846246714012
EK202310144345,138.6446241035503
EK202310004466,147.23365928016096
EK202310168682,153.2307812028939
EK202310231230,129.12502446247706
EK202310206143,127.48330411648844
EK202310120180,147.61178704198755
EK202310208027,142.83281738053824
EK202310211315,147.26597027800793
EK202310176576,136.08573299393592
EK202310174969,148.21745093534471
EK202310210179,132.0331060350054
EK202310217528,135.7600487075348
EK202310238600,133.41242966875973
EK202310236054,135.3245525322706
EK202310137936,140.78903940174163
EK202310222493,131.8720643964394
EK202310171713,134.24864095261913
EK202310171703,132.16840276835495
EK202310132101,164.29153276026338
EK202310136177,129.76726829241383
EK202310222204,151.7166541058292
EK202310198438,146.34361831376648
EK202310198847,146.26145994399363
EK202310212204,126.67745442427878
EK202310158611,147.19259711521823
EK202310214429,145.15306457152712
EK202310197505,130.2269391200072
EK202310155317,149.76260329357135
EK202310103873,142.34670248413877
EK202310203439,135.3236541985985
EK202310205578,157.85742131850628
EK202310114493,129.47281710212866
EK202310192330,131.64698374393842
EK202310150257,125.09997690539205
EK202310212345,136.2293301143069
EK202310166764,151.72243297499412
EK202310173381,119.6686375098519
EK202310129246,140.08313426574983
EK202310198977,163.75845062540205
EK202310111435,151.51526743748352
EK202310210569,151.1193607867959
EK202310216496,155.32031768316958
EK202310159176,134.6703490815666
EK202310205779,130.26037642546999
EK202310160097,159.0562843935278
EK202310144776,138.06700014480964
EK202310232327,145.02209127532754
EK202310177826,152.51546543751115
EK202310232783,141.78127771891283
EK202310247658,129.76029919354428
EK202310192257,143.8228705055006
EK202310105522,147.72397424438128
EK202310110676,124.91316131543148
EK202310175277,132.48745946323405
EK202310222480,132.88090702586413
EK202310244692,139.60655707556282
EK202310238299,155.64480756493413
EK202310196847,153.01840937102162
EK202310219030,134.99476151945169
EK202310003531,132.5224175198922
EK202310216422,149.4093088252002
EK202310112977,153.42504979187697
EK202310184951,155.6060992549605
EK202310195157,152.31015185637708
EK202310107454,145.64873997971546
EK202310139967,124.64568285260148
EK202310150754,138.28775895297196
EK202310136822,135.28950233546502
EK202310219114,130.86196199772422
EK202310200603,175.81637096766048
EK202310141838,136.23144743552334
EK202310148763,147.91967135510424
EK202310234275,150.43355075467394
EK202310219816,148.4946159848559
EK202310105056,140.5522289105872
EK202310164743,148.96315332102915
EK202310132814,151.00523154112588
EK202310188510,146.99650473563838
EK202310190625,160.0469400409082
EK202310133363,138.8795488872311
EK202310164850,138.44128103939866
EK202310112766,131.51605653572702
EK202310242743,154.0732329278275
EK202310167944,152.46725866662317
EK202310174056,142.11043057802266
EK202310196467,142.26315331859797
EK202310112347,139.5382016887227
EK202310183616,154.50625902356774
EK202310169352,158.6807948233834
EK202310209027,152.9340893260824
EK202310223654,147.6421180565182
EK202310118853,146.62906397910686
EK202310161978,166.6193253351733
EK202310226345,144.78511154517972
EK202310229817,138.75456067289562
EK202310163424,118.67338756528191
EK202310230830,134.91004274175955
EK202310181485,149.4872622323054
EK202310173117,153.21963204739637
EK202310191342,143.37860181755306
EK202310205302,141.0812749378762
EK202310122843,136.70394684003548
EK202310201365,143.04793341507718
EK202310164039,136.7659827984055
EK202310176835,143.80832971345794
EK202310240788,122.94116497597405
EK202310112640,135.90783796895556
EK202310181638,128.9028280114236
EK202310233877,139.87949981844392
EK202310107169,129.84160210797313
EK202310178789,147.629377403843
EK202310152645,134.68546667841264
EK202310139143,154.34859953688502
EK202310185606,117.7100791298692
EK202310236253,131.36819532540926
EK202310188369,144.89968386797153
EK202310138500,161.37030938119662
EK202310231971,142.01835295996437
EK202310194339,138.79527518663318
EK202310175771,157.11531713009362
EK202310109100,177.41899949690887
EK202310196714,145.8340543517855
EK202310135780,136.85845649321297
EK202310177286,149.11794028976962
EK202310162248,140.19333445562336
EK202310113556,138.2447467591462
EK202310225632,152.52519200565882
EK202310247856,139.22503210150296
EK202310178852,136.69178878710886
EK202310163577,126.75284926418765
EK202310151357,126.24565514893673
EK202310111121,139.6125511604209
EK202310181600,149.07300502299842
EK202310194358,129.7195453395738
EK202310202153,165.71270890317408
EK202310105466,107.98045138025664
EK202310216384,135.3239449533512
EK202310153150,166.9728971069918
EK202310230780,148.10673252371714
EK202310248548,119.15709921505335
EK202310121252,142.6761067937757
EK202310201045,141.34538648554283
EK202310208942,155.27205566190273
EK202310173243,141.68001065384684
EK202310183907,159.3006287889603
EK202310152258,135.98369966006703
EK202310151886,121.68909450508335
EK202310124883,132.2258944862486
EK202310206942,162.4266661560646
EK202310186343,137.44135704342864
EK202310199252,143.46571121369004
EK202310153785,143.78885890974803
EK202310119274,144.9834749449295
EK202310229019,128.98555128184097
EK202310003459,146.86007691235386
EK202310215837,137.54490077777618
EK202310104012,168.33814106614057
EK202310226825,151.47882156849641
EK202310112000,135.2292375095718
EK202310228139,122.06422204585456
EK202310195964,147.85790409289996
EK202310196447,137.01288320569338
EK202310133431,136.75705130889673
EK202310148207,138.48546542946858
EK202310208262,152.00966902636935
EK202310234548,132.79248665556358
EK202310110644,176.9054773041248
EK202310112284,154.23592033941253
EK202310185528,164.19867584268943
EK202310120181,128.99481746510574
EK202310155062,131.47411562609358
EK202310141339,140.8552880123242
EK202320007364,147.78312051254758
EK202310153420,126.51410137985934
EK202310168023,155.6006300403597
EK202310136980,163.80479287916992
EK202310109577,152.19971637080226
EK202310242836,153.032053751368
EK202310245264,152.44199481286012
EK202310156259,140.57235500206124
EK202310190170,144.92299070616716
EK202310248085,118.7424549356131
EK202310236610,126.33504454281228
EK202310127984,127.11747475903582
EK202310151526,167.03348262758087
EK202310183833,134.11786603426648
EK202310181035,123.30896002858923
EK202310209277,130.87513371598834
EK202310208187,134.65908925054532
EK202310113331,144.14089881557197
EK202310130050,148.59682698177377
EK202310210098,163.40164693485528
EK202310131769,136.76573115338164
EK202310182943,160.5942028837452
EK202310245900,135.03613868789225
EK202310112562,161.85911320509953
EK202310112368,146.48896538589375
EK202310153158,150.01589305806453
EK202310246187,159.63466315355427
EK202310158259,178.0682672351196
EK202310191908,163.21724376932602
EK202310229177,113.47670773398146
EK202310173976,116.4809146147993
EK202310235029,143.6146876584773
EK202310160651,148.2769460051836
EK202310104176,144.10405202272312
EK202310163031,150.2346996980079
EK202310189284,148.40808100576484
EK202310203767,122.02901647993069
EK202310153903,129.89942777779436
EK202310163959,135.97530230739648
EK202310175696,147.21053942616354
EK202310196551,147.77254808545564
EK202310130357,144.86988488580891
EK202310227070,157.25324359972052
EK202310223980,150.45131278083335
EK202320005716,161.82946898794995
EK202310191016,143.73627327196877
EK202310159308,173.5991285445885
EK202310157506,130.8427651128138
EK202310205339,136.01642104257493
EK202310173591,154.48854728718527
EK202310212415,134.89191696914588
EK202310152400,131.66587570630318
EK202310116809,139.4032935896472
EK202310223921,156.18811328904857
EK202310136881,128.94041703024706
EK202310197683,166.47829367906462
EK202310119242,137.90922892910976
EK202310156431,141.52373964486839
EK202310142993,163.85363430966856
EK202310190357,118.42816480272819
EK202310138818,158.26233594907984
EK202310180708,131.26293544945042
EK202310171205,140.6328182798044
EK202310205536,141.11155050834972
EK202310178501,148.8890960698467
EK202310114516,144.56814940175565
EK202310217959,124.52013219861323
EK202310197130,123.45484526100392
EK202310175335,153.2617991315589
EK202310106557,148.1810382443217
EK202310228468,134.5148634725999
EK202310107166,133.70224658126446
EK202310187850,158.826228134788
EK202310231655,132.27470098011898
EK202320005951,160.64763651744872
EK202310110395,128.60654879083106
EK202310229554,151.01751542748974
EK202310129150,142.93275478270994
EK202310245507,142.9521633762629
EK202310165967,140.8896487059029
EK202310139144,123.27401302793552
EK202310205378,137.92971720868724
EK202310118211,130.03070317482485
EK202310117975,138.0811370364768
EK202310246423,135.05589765058602
EK202310224264,132.80893727735918
EK202310157523,135.87236739372494
EK202310136806,144.13204138106798
EK202310209414,147.99315137191985
EK202310105657,145.15451482887082
EK202310227287,137.4913740851456
EK202310143495,150.79130313419097
EK202310104202,134.79142972952997
EK202310132179,156.74125202271685
EK202310192107,147.3491854321374
EK202310201701,157.97640896242837
EK202310204228,122.78043742516633
EK202310204465,169.5145404544186
EK202310220504,153.6271276913788
EK202310190283,140.41933776483225
EK202310220919,154.59575493072714
EK202310136224,144.77534592113776
EK202310229439,123.0047863549686
EK202310201973,132.19703877121853
EK202310233266,143.75237192456913
EK202310120402,141.31294377093943
EK202310203268,137.6858685152615
EK202310103759,149.64808541547745
EK202310206364,145.3878652018529
EK202310239486,138.95691775075562
EK202310167126,152.1055332397997
EK202310172738,135.5764569788585
EK202310225872,148.85697578371162
EK202310124187,137.85035497330315
EK202310230657,132.86245262152386
EK202310219193,126.92250375422387
EK202310169804,161.3594538677758
EK202310214791,142.87403779320442
EK202310130499,142.70934722561185
EK202310125258,141.4005694477294
EK202310217221,141.10686408998467
EK202310244345,154.989897519872
EK202310130692,140.59980210409785
EK202310225290,153.99393157425925
EK202310202584,152.95181413331056
EK202310165777,131.32242813473331
EK202310173066,144.28257420546578
EK202310142994,154.26182302174647
EK202310146665,132.66284607257822
EK202310213439,124.88488944873733
EK202310239350,142.0517983202326
EK202310187146,170.1326217787276
EK202310141831,169.07734230377847
EK202310181405,150.76103271309583
EK202310218983,136.5851355894871
EK202310224271,157.1451870914258
EK202310141723,145.88149556295838
EK202310191900,149.38680684420422
EK202310179485,154.0722602945725
EK202310162868,150.6979441377996
EK202310182366,123.4416678267932
EK202310148108,129.24819091931042
EK202310160133,158.19939050369393
EK202310166838,153.52650877573458
EK202310209189,133.8364797896244
EK202310135477,164.28217185153127
EK202310136211,129.81211269062888
EK202310211907,158.48990988351025
EK202310204224,140.12301324667166
EK202310003420,117.41421614571648
EK202310111245,169.58283101503784
EK202310155528,125.09736535582647
EK202310116420,156.10274881336574
EK202310163647,139.09441899848628
EK202310004316,125.80211513603419
EK202310136565,153.24409929470013
EK202310242785,129.86472197783374
EK202310142669,146.5246842982143
EK202310113336,137.41381663157057
EK202310147196,137.53305797785737
EK202310198324,170.1419901401867
EK202310143104,159.13158924493447
EK202310112994,140.32033776796132
EK202310175359,160.43435759741516
EK202310185406,150.50072033811617
EK202310179778,142.59381173574823
EK202310112667,153.28272657038949
EK202310194252,134.76626610402255
EK202310147035,123.39953616963291
EK202310111219,151.99411796648684
EK202310214524,140.82910183499575
EK202310232716,142.39602253065038
EK202310105019,143.73487842189203
EK202310234559,135.51773862530408
EK202310173427,169.0576195367005
EK202310195378,144.35529717024897
EK202310134112,138.12121572096893
EK202310181301,125.09425740970217
EK202310214980,139.4087956850516
EK202310238261,147.3099653086381
EK202310130718,136.8346989152621
EK202310147373,127.0505528790106
EK202310168667,149.9485151043013
EK202310225226,159.29206400470048
EK202310118349,148.14477892742696
EK202310157718,152.6118177820815
EK202310187448,156.8716519923845
EK202310181860,143.65350114105428
EK202310236193,154.9832368046479
EK202310152103,152.61296842420114
EK202310136089,166.07240173842422
EK202310238835,152.29600821956296
EK202310142264,139.58021789826682
EK202310198539,152.32788643782186
EK202310190468,146.65252624674903
EK202320006389,151.83048686867684
EK202310148444,123.5489400665397
EK202310149959,146.61714551714726
EK202310228555,137.23338184856772
EK202310105501,143.83248702148325
EK202310119203,136.90356202392965
EK202310232306,140.8388115273869
EK202310182557,142.20921706959936
EK202310213342,134.83375715764907
EK202310167646,163.32684428431327
EK202310195462,152.6982344944082
EK202310171718,137.06687909737707
EK202310150737,141.31818207422833
EK202310207739,154.40257421136306
EK202310121660,143.46077825313523
EK202310205678,132.13322539945037
EK202310242815,121.84831492869954
EK202310193926,134.63513832987095
EK202310169215,158.56401899711574
EK202310121914,125.6588359379855
EK202310146443,143.09547012664768
EK202310186043,140.66361901127675
EK202310242764,155.51993509016518
EK202310125734,127.02453398063359
EK202310188093,138.87258410775007
EK202310247744,153.43493458103447
EK202310183732,158.98085932001248
EK202310120950,139.36349116956208
EK202310160943,146.01674403029756
EK202310223077,136.75987905624544
EK202310113322,142.7384909724823
EK202310171016,157.88552166477456
EK202310118992,146.80141810939426
EK202310210813,119.07644743012715
EK202310119393,142.05655347110977
EK202310165072,152.16628690152075
EK202310130476,153.18413251058695
EK202310176158,132.29799557038848
EK202310235070,149.12433098409272
EK202310108800,137.64845266989897
EK202310213698,116.41238430158413
EK202310211960,136.54805033434891
EK202310115107,136.67467661754606
EK202310154887,158.87528735302598
EK202310125964,127.46712250587805
EK202310197631,153.47625278852234
EK202310152495,156.6649175073496
EK202310138965,150.5844190566534
EK202310229751,129.86661818629713
EK202310243042,133.15901761446935
EK202310104932,140.4503421669315
EK202310196593,147.375688899735
EK202310166871,129.76414741303466
EK202310148398,150.4277260981718
EK202310209486,130.03168521080943
EK202310136632,132.9956966342557
EK202310189646,164.48304395220902
EK202310225870,143.5852279408185
EK202310161755,138.7884354385883
EK202310228917,137.53530289388993
EK202310148074,145.32576924878867
EK202310127137,151.6343649670241
EK202310189248,128.15607737281806
EK202310125103,136.0536872301008
EK202310191210,139.61060524765938
EK202310218240,141.86255035582835
EK202310237275,126.59146969789037
EK202310162417,159.51928282287378
EK202320007302,156.29126084096137
EK202310198514,137.1980931087739
EK202310156654,165.73248097725298
EK202310171571,146.96565429244342
EK202310177305,147.77157522887683
EK202310246747,159.97857531649873
EK202310202758,174.6467560702402
EK202310106134,116.16515534731425
EK202310004263,156.80636299177667
EK202310167253,138.49078545347885
EK202310154950,144.06932997076962
EK202310104343,142.18900530009518
EK202310162981,155.08051764440327
EK202310170399,137.88512491659048
EK202310157462,140.1367987136271
EK202310222137,143.3457478612458
EK202320007745,151.5546402916034
EK202310220891,125.99618654116256
EK202310197465,153.95415441285004
EK202310169484,140.75716302167183
EK202310206857,132.94216604573984
EK202310246430,133.4162642202481
EK202310116674,135.1577944364512
EK202310143852,149.36657349141544
EK202310181630,143.13304920407253
EK202310208946,149.68385772932083
EK202310108868,154.46508617379462
EK202310175588,150.83022323182146
EK202310159547,130.56679777239626
EK202310188294,152.31732181751642
EK202310180437,149.57327779372116
EK202310212936,140.09556525661185
EK202310130231,171.78305785654055
EK202310127231,152.55491841710503
EK202310189985,149.17946722070067
EK202310116510,147.77891454288095
EK202310207462,153.58531979408676
EK202310218692,153.5566758112218
EK202310227138,136.40880058978982
EK202310209607,143.49469413139613
EK202310119774,138.68500191291156
EK202310244607,152.6225245069773
EK202310113466,154.57418774640547
EK202310117710,123.92873322822716
EK202310175467,159.31494445764065
EK202310137952,149.7402830590381
EK202310235796,140.58685903845856
EK202310248336,138.00786872727193
EK202310185289,144.05489579026687
EK202310149146,146.90373538623638
EK202310129791,166.3674037431555
EK202310122547,137.87876447750975
EK202310131673,151.77007336456413
EK202310218477,150.66150628985983
EK202310158788,159.41863958809833
EK202310243244,145.49469153077345
EK202310137064,144.25528180738755
EK202310178386,151.14877384298418
EK202310159003,142.6305123724484
EK202310127413,152.11113443022165
EK202310194146,137.98958533454845
EK202310232087,148.5626804755087
EK202310143601,151.4700968264187
EK202310127915,136.78040190441814
EK202310148535,139.40456366936027
EK202310127692,137.2618529122967
EK202310134785,143.0149917845661
EK202310196646,147.29738054543452
EK202310003600,125.9361372522455
EK202310246935,164.35748412592085
EK202310239761,144.00417572489874
EK202310216852,127.28045882833841
EK202310220984,135.42422190707532
EK202310144095,139.32844194205128
EK202310152597,157.96344166456888
EK202310168343,142.27480238336068
EK202310137883,128.03743237052527
EK202310193368,130.9437709080083
EK202310127993,151.65443003231616
EK202310141466,154.30003323342996
EK202310124906,143.73320555985995
EK202310121318,145.547622563574
EK202310214552,156.97700205564473
EK202310242972,156.0325143234421
EK202310169356,167.79471069837336
EK202310141331,148.63545099474956
EK202310148511,169.62679357540225
EK202320006765,171.41723734310466
EK202310131274,134.1718890132556
EK202310126970,138.24665788744437
EK202310167321,150.39892876864093
EK202310215589,135.03856778018803
EK202320006107,153.57046692372737
EK202310147086,159.9481545202465
EK202310233859,144.98720596602985
EK202310141954,141.6069134070495
EK202310234852,129.16409983596407
EK202310136328,132.39409853722194
EK202310133047,123.9746506834665
EK202310136399,145.55382678468462
EK202310207760,132.25249687934678
EK202310139278,142.98414709862075
EK202310125356,130.86153478421843
EK202310146350,138.71244024754805
EK202310177090,134.80437195053622
EK202310138005,136.6716582830945
EK202310137985,153.43138484067066
EK202320005567,161.90639037917117
EK202310197087,144.58455237580728
EK202310157990,146.64402858500029
EK202310176214,148.4362862621007
EK202310128811,137.59459702634553
EK202310120029,138.06212627924756
EK202310144471,139.0599768978694
EK202310188230,133.92529796217832
EK202310154178,142.1674083088747
EK202310157814,146.70904746668964
EK202310130684,141.94472866135155
EK202310140639,136.8373208513809
EK202310233784,146.089686646967
EK202310177044,136.32709840887892
EK202310204770,144.34277669575096
EK202310143193,125.7507606087018
EK202310229063,157.27205173993585
EK202310142428,150.3353128455214
EK202310142101,153.13169694422658
EK202310199185,138.08050309306807
EK202310122048,140.63537800049863
EK202310189594,169.61403134517855
EK202310105475,144.75534127313827
EK202310181985,150.2976986890966
EK202310111833,141.9441219637089
EK202310164318,128.71920571990938
EK202310170916,142.43115383395346
EK202310158358,156.99611569186368
EK202310106802,131.60300950847505
EK202310158510,145.16594399802992
EK202310212527,134.2736023722568
EK202310109926,141.30214076086756
EK202310114932,173.55878401834502
EK202310223038,127.43882451898763
EK202310193126,154.21083506699443
EK202310246777,140.3216618346529
EK202310189632,155.36100449983934
EK202310240945,140.25825583068362
EK202310239693,145.1326454979834
EK202310216494,141.09011115560364
EK202310183749,152.36304577920032
EK202310141275,138.8433843904163
EK202310131036,140.67954618990768
EK202310113828,150.100384202019
EK202310207144,124.46164514268469
EK202310190451,140.34389699703277
EK202310229761,125.38950757235327
EK202320006392,158.0986222244809
EK202310227082,140.48430252835928
EK202310211827,133.75369622057266
EK202310235192,145.5588498011961
EK202310198132,152.98687438260575
EK202310189905,160.83199737640052
EK202310193570,147.73578414856104
EK202310137822,136.2804802239647
EK202310206557,146.3761421581874
EK202310127272,152.6816357851582
EK202310195399,142.26987826504046
EK202310116174,167.08178423511185
EK202310112198,148.57762193585404
EK202310163418,144.05152445273063
EK202310003339,147.45316817316353
EK202310145884,150.3961710251883
EK202310210819,130.18449110645713
EK202310188596,132.06213766643552
EK202310227740,125.04930642215086
EK202310171332,150.68413522178392
EK202310107268,137.93572682060275
EK202310232122,131.45162572459063
EK202310145739,160.4140181010671
EK202310240638,135.41866281227553
EK202310174884,170.8951588995935
EK202310213193,134.65226032911943
EK202310218429,143.0105671611091
EK202310225216,123.49373247252508
EK202310235813,144.0978718111571
EK202310223825,145.88963504915074
EK202310165260,151.72432120232406
EK202310136218,147.94155161169493
EK202310138301,150.56514475124928
EK202310217412,156.57866924807004
EK202310224143,147.15306556938384
EK202310155730,151.2362772791092
EK202310246010,129.96962336345302
EK202310111437,142.14002526771063
EK202310162583,165.75946265854805
EK202310126440,138.7148659022245
EK202310104619,147.5442642293544
EK202310172843,142.10621990312183
EK202310147555,176.44401523302434
EK202310161054,157.01337323235097
EK202310209188,144.0778618590098
EK202310144583,137.7278071659023
EK202310113571,149.50693777427685
EK202310236906,142.97543011152715
EK202310236614,138.58969728054782
EK202310153224,160.25642993653562
EK202310139052,166.22251157885563
EK202310238192,131.20700924722914
EK202310233466,124.96592787990457
EK202310215038,152.63676809794723
EK202310179617,135.6075913743112
EK202310159717,138.81806411510067
EK202310152017,161.22431285516794
EK202310190439,134.6392082994323
EK202310193413,155.61980092214085
EK202310160170,173.22416700084318
EK202310123300,128.72555097763882
EK202310204445,141.74588502097674
EK202310214835,140.52727229886122
EK202310220520,139.99385975926558
EK202310003433,140.74560021825405
EK202310159797,137.02564580184946
EK202310139535,154.06105925269128
EK202310118986,141.59667942784515
EK202310131290,135.16626798185644
EK202310145211,136.22833577571032
EK202310124121,137.17857794732888
EK202310164013,121.25124062841945
EK202310158539,149.74564648089776
EK202310157029,128.8194813112393
EK202310205071,155.78680003550517
EK202310237265,142.63710105231044
EK202310121334,159.14713510650745
EK202310169722,157.71124100377543
EK202310227972,148.0237166563771
EK202310148017,164.4924539115868
EK202310201744,152.29894150353365
EK202310178777,159.88339626026698
EK202310158599,137.17514423153773
EK202310223823,139.69924408394172
EK202310244269,152.3882896933874
EK202310145223,146.67725036236928
EK202310183001,150.1109148526947
EK202310144652,133.91478288314295
EK202310149925,154.76374383683782
EK202310232433,135.58175493113768
EK202310170505,132.70068591595358
EK202310213173,142.80828061174338
EK202310140978,148.76851138888756
EK202310003838,156.94685030340057
EK202310197038,143.53141389432616
EK202310144172,158.57529774476473
EK202310107554,163.3542319585623
EK202310145215,147.4461646281842
EK202310178423,148.00531827804923
EK202310135509,166.2410866281881
EK202310114244,132.58549265046824
EK202310143184,136.73688010478557
EK202310141247,124.1590035551975
EK202310202303,151.9290656780492
EK202310111325,142.70893422012955
EK202310167906,147.57638790943986
EK202310105431,133.57163316299273
EK202320005905,167.05834116703392
EK202310127826,163.0159926429124
EK202310104035,140.25970972469557
EK202310213387,130.30599044055853
EK202310109955,133.94391341077628
EK202310218233,135.17070782493147
EK202310115271,130.49387322230854
EK202310206248,141.6358883007844
EK202310158573,165.197199014488
EK202310183224,152.02196919567984
EK202310231210,132.84374081651438
EK202310118684,144.82150298300854
EK202310242985,134.1552205743149
EK202310136035,140.71164774935903
EK202310231734,146.7075543730557
EK202310145163,137.20679191518948
EK202310211871,125.07975724980722
EK202310151737,141.599726995934
EK202310165550,183.76178250037003
EK202310214955,153.0799463361786
EK202310112312,132.69578918229672
EK202310122742,155.32881968856657
EK202310202487,129.83104007011866
EK202310233089,139.3417958075759
EK202310166257,148.37794865774043
EK202310180021,148.7396352878703
EK202310149123,130.50911877310728
EK202310139242,151.02893948189487
EK202310140791,139.1981400831164
EK202310230828,140.61676024787153
EK202310242667,139.0890920184441
EK202310188077,154.52349185244012
EK202310184134,153.05072341392514
EK202310227767,153.6779785138891
EK202310206257,142.73355776014768
EK202310112535,153.45105432919368
EK202310142903,139.88401309030365
EK202310109645,141.12532557823715
EK202310153020,152.80958613770568
EK202310106726,139.29088514417822
EK202310223842,149.40174954769265
EK202310194598,159.89629052563495
EK202310148450,140.6785611813116
EK202310120806,130.44759242124638
EK202310209691,146.667700052722
EK202310114213,150.03813570518545
EK202310152335,149.29422555565424
EK202310232377,136.0818543685525
EK202310150359,143.3938344478569
EK202310172745,122.54786220796458
EK202310201411,164.7237788456735
EK202310152893,157.9551964067017
EK202310155212,150.3529598025676
EK202310182742,137.683487545209
EK202310183087,142.23102200304166
EK202310200379,146.02782388738416
EK202310173094,122.12973304275103
EK202310227985,148.61159043815735
EK202310238336,162.48884583938204
EK202310184224,146.96397042139245
EK202310232915,156.0300381949596
EK202310219151,143.39088074109162
EK202310213370,132.11791249625617
EK202310219745,137.53287301694044
EK202310138780,139.02885222193478
EK202310203481,154.7506125446117
EK202310174922,137.33948919235314
EK202310233758,132.06881655731937
EK202310153471,131.41051127079805
EK202310151891,161.43476769729554
EK202320005592,151.3830323997736
EK202310105631,139.8252594256806
EK202310176003,143.72572844253324
EK202310181211,134.58124945935367
EK202310144399,136.59984722937156
EK202310240649,127.71602167672654
EK202310145192,155.84580831470478
EK202310206829,145.42068196816527
EK202310110211,125.7454847554661
EK202310234760,136.96532175310344
EK202310114319,141.9473089638124
EK202310135966,137.98074718331833
EK202310183214,151.21908911394013
EK202310163942,170.2804732941468
EK202310219060,124.9072603650289
EK202310192350,138.08298482805526
EK202310130531,149.4252374747924
EK202310163172,135.166504156658
EK202310240348,139.36660035078916
EK202310198945,158.68362858584885
EK202310004178,116.69842209512075
EK202310199537,155.915186665673
EK202310152430,139.88317389006255
EK202310200143,145.0698707406912
EK202310190524,157.90761656445153
EK202310116645,130.6744973217858
EK202310193204,147.27572246176072
EK202310148808,157.01911305150674
EK202310231781,136.54306671475874
EK202310129095,142.54251921075135
EK202310114613,143.47417712617494
EK202310190518,130.59298482388039
EK202310180509,147.79743784321352
EK202310220514,127.51645660328992
EK202310225336,124.02121234986525
EK202310237750,151.86612520035544
EK202310182363,150.69625894357517
EK202310196291,159.45263516506586
EK202310161270,147.09014097983408
EK202310132154,120.80778706322991
EK202310181652,145.35606720651418
EK202310238306,150.9479443449215
EK202310187861,134.4363879520577
EK202310196524,148.01846902990297
EK202310218151,143.37513208727216
EK202310176813,134.29671871352934
EK202310115338,144.83715595625958
EK202320007107,161.9344028043047
EK202310190744,153.38145986849582
EK202310242292,145.9767949303241
EK202310133848,138.7489400092943
EK202310173165,140.9141136933007
EK202310201969,129.46946677623902
EK202310194094,154.4395591871806
EK202310192787,136.9369186295136
EK202310107065,126.93661455787198
EK202310247670,164.99151774557657
EK202310200824,149.97465197470282
EK202310157197,135.59905371332084
EK202310192671,140.45670073141486
EK202310189959,166.99121580471407
EK202310242747,148.47812986174728
EK202310221418,126.26441312948779
EK202310178956,137.04614248492624
EK202310162978,153.57917555655015
EK202320006792,147.7189847112779
EK202310119199,132.83734660243397
EK202310229640,146.8236501534582
EK202310136912,147.72475841735437
EK202310193691,151.92637177121225
EK202310141736,131.9257363426772
EK202310159077,159.56280033521261
EK202310199320,136.44504893696205
EK202310205972,134.23712929784804
EK202310155578,140.15405167011642
EK202310115031,136.0851875376557
EK202310143815,140.95385611571743
EK202310133150,171.64466972622964
EK202310133982,139.40022770851454
EK202310216455,154.4458003294997
EK202310206390,143.32933540310387
EK202310204338,142.78528595729227
EK202310115162,141.70517506445637
EK202310117837,131.2705835588042
EK202310211582,136.1261384802573
EK202310119713,142.70613783096425
EK202310136154,132.06099883203422
EK202310222178,128.4552062226626
EK202310143261,135.19676815156896
EK202310122388,141.62859437716872
EK202310125099,142.01237258890635
EK202310172723,124.29996933084576
EK202310226850,145.9940473019017
EK202310111054,141.16562622330764
EK202310187762,144.91247876623825
EK202310213222,136.347523566104
EK202310105201,164.19993292019268
EK202310173124,161.16896664090774
EK202310180253,136.70920048256863
EK202310248026,166.6596799672038
EK202310177052,133.29119355738814
EK202310171106,154.80294487785426
EK202310136327,132.09158237532512
EK202310208120,136.32158473876842
EK202310004784,138.21668342320444
EK202310164690,147.58070670681724
EK202310214669,153.7175314482957
EK202310131706,157.5570103228104
EK202310104529,131.888540911134
EK202310118248,152.97122049893886
EK202310137915,144.22079533000263
EK202310247207,156.20423476545898
EK202310185211,147.92200120616835
EK202310121850,133.1634976146263
EK202310128165,145.98892790021839
EK202310123063,132.71911035604091
EK202310219511,124.61007341451736
EK202310242037,155.74446771973015
EK202310180079,146.7171205718844
EK202310193224,156.51292086284332
EK202310191500,123.72696520912028
EK202310116444,131.33876356619183
EK202310130285,143.126709057882
EK202310108568,134.02016083510958
EK202310136319,131.11482650245867
EK202310224242,146.91025441351317
EK202310227382,129.5867391641594
EK202310202780,147.82887338095355
EK202310137223,146.04704765802586
EK202310230312,133.96886946452918
EK202310234557,143.84297515209533
EK202310189352,164.55101841360622
EK202310226383,139.05145184860007
EK202310141535,150.08850512797463
EK202310184208,135.1178722969086
EK202310230152,146.3821448948173
EK202310160390,153.26918107327407
EK202310122632,134.91542457066356
EK202310165838,144.7893899651951
EK202310144483,167.71951232442444
EK202310108194,140.9301054695544
EK202310106793,131.11784471093665
EK202310120779,127.25218066547708
EK202310113163,144.28592967750347
EK202310115686,135.09771338339348
EK202310153049,142.17616478468622
EK202310177121,156.94002601338883
EK202310151267,152.37735861766302
EK202310214589,158.7865973259229
EK202310208963,155.57717823700762
EK202310154044,143.05117664903779
EK202310198051,147.1482915645837
EK202310105305,147.09486888821394
EK202310135168,142.99301763699444
EK202310200887,126.78993554628009
EK202310202015,145.23037757946489
EK202310211458,148.61499568368978
EK202310135559,149.64342685707206
EK202310135685,149.1447139022508
EK202310164450,126.1920021700573
EK202310195626,149.2224807224833
EK202310238957,134.07480072415947
EK202310131647,145.68273862797167
EK202310150387,150.80308941752722
EK202310121479,132.35318194898502
EK202310236900,142.14592227172977
EK202310159488,139.4326684902044
EK202310191125,140.8822720801514
EK202310132284,147.2281544545631
EK202310205918,129.85159961987378
EK202310192730,157.41443986164492
EK202310123751,152.0292998578924
EK202310157723,147.4490875252983
EK202310166159,155.57490897388502
EK202310217657,130.56489845610213
EK202310139130,162.30030664305374
EK202310176465,138.83048059849273
EK202310135907,139.0713840382483
EK202310142364,132.16196956328514
EK202310106377,141.04934586896732
EK202310246049,132.93892511417832
EK202310213693,133.84316543953105
EK202310164186,148.96323308987567
EK202310160898,153.27345930499638
EK202310217495,170.31019384171807
EK202310170927,127.82811188262767
EK202310164087,120.49435080609925
EK202310202710,138.11966290005435
EK202310161660,152.98385733207076
EK202310118714,136.87649179656944
EK202310208776,156.8676430667578
EK202310192073,146.3091353657758
EK202310149834,124.51787353565449
EK202310115300,150.41184496689706
EK202310137234,138.33608401029775
EK202310167336,149.10338257535338
EK202310130940,149.85589396679174
EK202310108363,149.18567901937394
EK202310240062,153.88838975260742
EK202310143711,150.99904885760904
EK202310126099,136.61037807151166
EK202310111701,156.58250618054967
EK202310109430,138.92652614713617
EK202310229241,130.67930773533817
EK202310224916,136.88589738672374
EK202310198104,138.46273246418295
EK202310146821,148.48638297582065
EK202310149423,164.44548107676255
EK202310189461,157.91411845138168
EK202310113093,140.49205407635947
EK202310203899,167.95905755619285
EK202310222972,131.43626647459496
EK202310122045,146.21805025908247
EK202310197655,169.59819397865456
EK202310207370,158.18766629094452
EK202310126718,138.9965113594829
EK202310239768,142.31311424169547
EK202310154953,147.35946871536987
EK202310104866,142.2155286600045
EK202310213299,139.07720694425285
EK202310152880,171.31058097277568
EK202310210510,132.1459805035659
EK202310003355,134.92614668737426
EK202310138578,148.4651691731391
EK202310221979,130.6982113623981
EK202310136372,139.24730718129177
EK202310240726,141.20362968680035
EK202310199316,151.16022974145923
EK202310180477,153.30288383722623
EK202310222146,119.90270251065878
EK202310195135,152.2449210559059
EK202310225124,128.6885583338482
EK202310197588,162.6101260413075
EK202310164715,152.21079772412818
EK202310224547,158.2389211602783
EK202310195634,164.8265485931555
EK202310233272,130.59032275744826
EK202310133354,138.28217128057656
EK202310155274,145.61630477513418
EK202310187381,149.59599716006488
EK202310181622,132.99466057862924
EK202310180891,141.2937346535245
EK202310208781,157.1535920385094
EK202310138532,120.24409325417903
EK202310158039,145.47548879087702
EK202310234759,130.61434096938652
EK202310172371,142.70282089673992
EK202310004492,140.37686230276068
EK202310167403,153.44754393623504
EK202310224663,135.10564173256813
EK202310125319,142.89624228563025
EK202310148708,165.06583917886047
EK202310199777,156.79388357060685
EK202310121002,150.9590322311186
EK202310223457,110.37710469984562
EK202310241156,150.91001316673854
EK202310242414,146.2585705633701
EK202310233868,145.45920329119377
EK202310218542,130.36989264373108
EK202310181849,172.9236605846878
EK202310199972,135.50639135723517
EK202310219891,127.13491611015365
EK202310198598,157.0114995418227
EK202310192601,132.70765586008835
EK202310192902,142.61739145774152
EK202310186540,143.08482042951093
EK202310135637,146.3154744053839
EK202310224182,172.23318302448314
EK202310245468,156.898613986969
EK202310187476,133.6107528179116
EK202310004176,145.9099179417618
EK202310173306,142.83962498235144
EK202310174815,131.419070668004
EK202310003528,137.87323225850352
EK202310106869,130.88637691663388
EK202310114334,135.09454883626293
EK202310128865,138.216661153074
EK202310162698,144.57993497845715
EK202310246100,140.9949678320252
EK202310183029,137.4086387853432
EK202310138016,123.25331434302433
EK202310003652,128.25407657279814
EK202310206206,125.33264197068844
EK202310152370,151.6256887401467
EK202310168292,146.43157216106937
EK202310198068,130.42811901269755
EK202310138206,136.91428964724264
EK202310199965,143.9165378499904
EK202310108649,151.94668633422114
EK202310120575,128.20214940377326
EK202310124777,139.9742997560879
EK202310165021,142.6868309381795
EK202310183112,150.2486762748985
EK202310105459,127.46169531030523
EK202310134757,135.07937814064775
EK202310103956,123.05968881571492
EK202310222980,152.18241259589618
EK202310199522,159.5586296978541
EK202310224732,135.56455421346084
EK202310192783,143.88919974414463
EK202310194812,163.87042467842946
EK202310236020,129.49685347877622
EK202310108411,149.99383651611564
EK202310106942,148.49896117556312
EK202310110399,144.32553147912077
EK202310203809,124.95783732971476
EK202310126385,141.10532285464706
EK202310130826,144.9377891022207
EK202310143699,157.72220532915404
EK202310115466,137.69008217886335
EK202310201041,142.7849713373157
EK202310210566,163.43015225101885
EK202310142263,146.59787410716172
EK202310226772,129.92823903649196
EK202310174000,139.41702539559137
EK202310134341,158.77093802763082
EK202310213426,125.94801472184028
EK202310135863,149.91801636578361
EK202310135242,164.91368116228287
EK202310146997,138.2355444952939
EK202310243667,159.58697359810984
EK202310229674,139.85321069336874
EK202310130805,127.54921749244221
EK202310220574,126.30418667017572
EK202310164649,145.10002086573988
EK202310134408,123.70751567872114
EK202310003474,129.17870314723945
EK202310118263,135.80125144453535
EK202310161867,154.58311433657408
EK202310181365,145.49921668756073
EK202310154801,158.91642155210695
EK202310219520,143.62403592369805
EK202310200310,147.97518379483478
EK202310207883,154.7287674268836
EK202310146716,136.53008750776374
EK202310123679,136.95972359562796
EK202310240065,163.78951831943675
EK202310185668,149.74237882402718
EK202310182482,163.323802038949
EK202310112781,145.42591739415997
EK202310105135,160.86642691981584
EK202310164531,137.82760491799408
EK202310150078,159.8204984679818
EK202310223094,178.04069125760793
EK202310247424,165.9809234136247
EK202310186061,127.84185225247892
EK202310173560,122.57700220081725
EK202310190249,153.2419863287208
EK202310160821,123.39688488581041
EK202310188946,136.56223062225945
EK202310149161,147.66731296142808
EK202310122403,135.93017148624057
EK202310195995,149.97073039906027
EK202310176442,122.63322007045232
EK202310146105,156.6223021841823
EK202310212801,158.70951305120076
EK202310227700,141.42760335277958
EK202310180756,138.53877958001772
EK202310140861,146.1962323750551
EK202310207186,154.4227359958613
EK202310225979,131.60733156926813
EK202310171463,144.83751868722922
EK202310123630,146.3650714019178
EK202310184360,137.45508121708937
EK202310176661,145.5460376983401
EK202310118436,135.6037975071173
EK202310106839,124.94783923575541
EK202310205589,139.36333048016778
EK202310224665,115.7526142531999
EK202310191707,137.84244077160665
EK202310108998,142.22038911700005
EK202310168084,135.28582963335518
EK202310222339,156.50346570447076
EK202310129697,139.89610128313214
EK202310170459,133.0890455913802
EK202310170867,143.8004579164143
EK202310004814,142.55639066781626
EK202310139330,130.77923773260198
EK202310243947,136.7901386852905
EK202310158812,155.5639593026778
EK202310246467,140.83595863172005
EK202310139605,146.0000473377255
EK202310204546,157.60705606748513
EK202310247739,159.8500916032748
EK202310163645,147.48599182114424
EK202310213374,134.92441559222937
EK202320006854,172.4084068984249
EK202310003821,131.63998395931648
EK202310154988,139.50788656772855
EK202310141484,147.5059631731466
EK202310166793,143.26183182129319
EK202310216066,138.88029624837006
EK202310209262,147.02186799987774
EK202310216292,137.63201686901792
EK202310134069,126.28060203702319
EK202310177735,150.4482548371939
EK202310213634,153.06384198403867
EK202310162478,145.59738075044046
EK202310232091,135.37822540636984
EK202310138848,157.13864183625495
EK202310233671,140.73115950754905
EK202310142473,151.7822959342708
EK202310159684,162.2646598777022
EK202310180111,155.90883353873366
EK202310229192,154.25653322393185
EK202310119588,143.49914954725912
EK202310238495,136.06773280716698
EK202310209893,127.12416344363555
EK202310234545,139.86954236718537
EK202310174703,141.9819638407101
EK202310171373,137.7886439106237
EK202310150301,152.52916445444205
EK202310198468,125.07011954138179
EK202310142834,134.66488822119888
EK202310123180,142.445707400622
EK202310205955,138.71847331979376
EK202310227181,144.31534979817818
EK202310147163,141.12213720330885
EK202310196863,150.53358093519907
EK202310107077,122.74508299740677
EK202310224123,133.36435575909348
EK202310178723,123.63211311199528
EK202310188726,153.3422496747255
EK202310145842,148.9151566028941
EK202310126848,155.06738911950492
EK202310149653,161.51185067827296
EK202310210321,128.87146715113937
EK202310138754,149.64039027136374
EK202310190404,148.65312028183658
EK202310142661,122.18729758027776
EK202310163611,158.79299285821423
EK202310192118,151.4240193680043
EK202310209339,138.93965196740763
EK202310211087,135.70022098435493
EK202310200565,162.24486046052627
EK202310162171,130.53548916148608
EK202310239766,128.7466225875594
EK202310242115,150.23801985154716
EK202310206840,140.36999365250753
EK202310186840,133.85122103313194
EK202310122626,150.80097020726285
EK202310247532,147.83600519441336
EK202310248321,132.57582974395518
EK202310137335,149.69525710107334
EK202310164720,135.4581446798832
EK202310164776,145.73252256048622
EK202310172694,137.67432069909142
EK202310115208,139.73122880461622
EK202310140400,134.01062983176627
EK202310217155,159.90484088378673
EK202310220114,163.87059134394758
EK202310145630,143.75812125629125
EK202310246549,142.90362664111763
EK202310204696,145.11981453623204
EK202310225296,134.7314136667684
EK202310195107,152.54536955141398
EK202320006795,171.36439899804955
EK202310108157,146.89548497086153
EK202310121697,141.43358971705587
EK202310106708,144.61413324796086
EK202310181363,131.62466852151198
EK202310106364,133.2924410102779
EK202310180893,139.8393846766282
EK202310183016,138.74952725983312
EK202310004166,133.36899361065747
EK202310199838,145.43523507140839
EK202310148423,137.84537631021104
EK202310181024,148.9453333390539
EK202310114930,130.26324958578422
EK202310128476,164.86995327799158
EK202310169523,132.11772680456411
EK202310168371,168.05863560655857
EK202310195418,153.70019808216387
EK202310176857,126.97678673487684
EK202310111775,142.7915363805832
EK202310153448,139.94947860449037
EK202310141648,152.5931729679843
EK202320005982,145.18348582310102
EK202310003582,130.264250714489
EK202310222503,132.36759878915933
EK202310202091,150.9490023402
EK202310115161,162.29213980701445
EK202320007144,156.58484144035197
EK202310120067,145.1872534934313
EK202310156517,137.54171176191932
EK202310248466,135.6570365645292
EK202310183536,155.49881800667382
EK202310237952,152.82438919552504
EK202310205472,153.60932295400414
EK202310170132,139.80659612402133
EK202310132623,121.70575980067603
EK202310227130,140.42851984393732
EK202310131693,158.32369438922302
EK202310212847,164.25819634547412
EK202310192454,144.25838530362532
EK202310151379,166.57136008976514
EK202310166887,141.35524889507482
EK202310151838,138.58638558521025
EK202310218637,135.0003908762118
EK202320006368,159.20779261552235
EK202310110191,130.2293218166892
EK202310123397,142.16360321184413
EK202310183798,147.5794658126695
EK202310142570,143.98262010829308
EK202310123542,140.2307656762056
EK202310189606,169.51779681345909
EK202310239154,151.5791585061286
EK202310218250,129.58159807459413
EK202310222212,155.77751473955138
EK202310213689,133.6810580000037
EK202310108905,149.26285361412127
EK202310201539,141.88770352276416
EK202310241773,134.51112112874696
EK202310136938,146.70415223038674
EK202310223539,138.39869677571787
EK202310175290,140.155183338091
EK202310167269,134.33501677022016
EK202310136276,137.3134013282688
EK202310241802,131.87794766968887
EK202310159213,148.5256521458272
EK202310163058,140.06551419857533
EK202310204661,146.83323445704548
EK202310165933,157.90664413089735
EK202310123794,143.14655155374658
EK202310191803,120.81362146275359
EK202310158551,165.07098690081872
EK202310146637,136.24511217159744
EK202310214984,142.29829464999585
EK202310191267,130.74998768808427
EK202320005702,166.4576762870408
EK202310112412,140.4946445937005
EK202310246169,157.26241481148213
EK202310173215,153.2277389968686
EK202310233468,137.964479449714
EK202310197783,166.2331628968041
EK202310151122,127.88147426901257
EK202310248270,131.482449005182
EK202310238332,123.49576569282807
EK202310194686,145.45311913489746
EK202310205802,134.86628603403418
EK202310205367,133.97996741375874
EK202310119704,138.42011516777183
EK202310149724,137.47319013153955
EK202320007846,167.61128141290664
EK202310108803,140.8918040339355
EK202310004799,141.06737212275695
EK202310198015,172.4906658271778
EK202310179913,137.83840429106507
EK202310180275,149.70232189286932
EK202310201100,153.64438901132004
EK202310203139,158.4561017378376
EK202310175999,154.46447457447826
EK202310205556,153.45840623439574
EK202310215029,158.9058522534964
EK202310246170,150.99925681968858
EK202310169135,142.95609094580493
EK202310132991,123.85511831964504
EK202310122441,145.9698982201011
EK202310004600,145.87189011664788
EK202310158154,166.26514876674025
EK202320006789,147.0263508219794
EK202310235205,150.46552765081378
EK202310241817,150.46288942229316
EK202310108496,156.44139594835704
EK202310159875,133.64298025665502
EK202310214914,144.42176066979584
EK202310145239,151.08072824334363
EK202310133595,161.8595466383649
EK202310144564,147.77124030736252
EK202310003645,149.35384739261903
EK202310152554,152.84087682060473
EK202310234203,139.40585023988584
EK202310119736,144.30893176313472
EK202310111683,137.3638171061767
EK202310171365,155.84506057898733
EK202310145469,141.60787104334366
EK202310104013,148.01751755269422
EK202310162563,170.24849581542776
EK202310234855,119.6353043904325
EK202310165574,177.5260675552468
EK202310128252,132.75750037126522
EK202310230398,136.7065604180474
EK202310197359,168.9318028715303
EK202310184700,137.29415922335713
EK202310139238,139.02148243135358
EK202310189435,151.39859799791944
EK202310229589,126.04009578429329
EK202310238308,135.97870845746075
EK202310119072,133.91943675384107
EK202310106928,134.75960587808922
EK202310248344,141.26825056659547
EK202310171179,167.81403692630894
EK202310247349,149.05294269915996
EK202310246070,131.6834119815043
EK202310003686,138.11898937733963
EK202310113178,135.5501606478053
EK202310228096,152.51649161097032
EK202310186013,120.18934937494394
EK202310106951,142.08503177425033
EK202310177362,158.0516317250821
EK202310158884,149.4844528327743
EK202310138608,147.58155928122758
EK202310143128,163.3803459428494
EK202310247561,132.73609199754614
EK202310204978,135.67526007033464
EK202310105695,136.55699751356536
EK202310108077,128.44763207638334
EK202310222072,121.23892318143945
EK202310140241,133.20497808122786
EK202310175319,153.84853698160265
EK202310122035,139.70998062940143
EK202310106538,144.3152168559879
EK202310178197,148.86006012492882
EK202310169222,137.2097614951393
EK202310216866,145.75819880878163
EK202310189689,156.19984513187458
EK202310228733,119.95560652450783
EK202310201271,141.31903086634472
EK202310119633,142.3115031711203
EK202310138720,128.79173243265552
EK202310108018,140.0870561386614
EK202310222345,130.16872675693318
EK202310210971,143.48449580645988
EK202310239519,138.55046739427624
EK202310111361,143.87969503547026
EK202310115072,133.87304064153358
EK202310152934,170.1584434583064
EK202310201912,162.11386203101753
EK202310213140,143.7148662760356
EK202310123466,142.90378172488843
EK202310212463,142.29628439838504
EK202310237675,158.06425658718675
EK202310161926,150.84387308266622
EK202310145150,140.77842497128913
EK202310185746,137.52696834477442
EK202310177566,145.84599404330348
EK202310244477,141.41426882520716
EK202310206745,152.5492383176874
EK202310174696,143.16499984585698
EK202310218448,133.07098103861915
EK202310131105,148.38858804782015
EK202310202457,128.06267255034638
EK202310107914,133.78981800487554
EK202310177630,131.77878776928983
EK202310167548,146.6925549463695
EK202310153531,126.1175944015066
EK202310119481,154.55369574863167
EK202310233113,127.53440510199871
EK202310200729,150.96669255676682
EK202310107842,161.48499797571782
EK202310145572,164.32458490396104
EK202310141270,134.20023999707334
EK202310180294,144.25355538020074
EK202310211781,138.95590695889385
EK202310130166,149.17670388345036
EK202310168426,153.46541216303487
EK202310238553,142.20860827457363
EK202310216542,156.22005207442646
EK202310188002,148.815342250909
EK202310210328,139.19545998645793
EK202310125237,132.97513251228781
EK202310248501,124.73522181620218
EK202310178221,152.31980329193374
EK202310108029,149.9426366598926
EK202310111887,149.2005595749663
EK202310185328,143.35718605536016
EK202310104024,157.28820214747293
EK202310136271,130.3276794183529
EK202310204759,155.30104108309317
EK202310223434,135.75562041506961
EK202310195383,150.87750221953175
EK202310140709,136.48956913353297
EK202310195890,152.16718071323277
EK202310208311,153.83726947314707
EK202310154808,127.38523187075532
EK202310125908,131.24897687368806
EK202310128381,131.6749380602894
EK202310126417,143.57326588753492
EK202310155257,134.73685266604076
EK202310180115,152.9311534023209
EK202310134943,146.57133686579988
EK202310146571,131.30094515578594
EK202310151982,154.2318868949113
EK202310185006,140.91527534288784
EK202310141525,139.9222054682463
EK202310122362,162.42858500971684
EK202310131463,132.61504403846075
EK202310112675,132.53939432627982
EK202310214395,155.61633703853713
EK202310117362,134.41690739870918
EK202310195147,152.04231938145753
EK202310221205,130.4074078708061
EK202310108309,148.8060826854902
EK202310117176,132.86707534961678
EK202310197367,170.5583088792563
EK202310167645,161.36432030902438
EK202310216871,146.032014597942
EK202310246466,139.1001901658607
EK202310174197,132.34349964503537
EK202310133708,163.3122323299099
EK202310214726,154.52967234980383
EK202310235715,147.46727250416706
EK202310144146,140.37761875451002
EK202310232336,136.846894997218
EK202310126787,142.49995983976817
EK202310147504,137.46664953864746
EK202310205381,128.27547760727282
EK202310121997,144.95901203097358
EK202310212329,139.52687507899833
EK202310112068,162.26626083876232
EK202310136784,131.08969513377164
EK202310120002,135.91310868308065
EK202310226231,142.63469940499522
EK202310167029,155.16177085396845
EK202310232991,145.66692258118874
EK202310141646,152.2863437953336
EK202310217163,157.91810565136635
EK202310147198,147.0178155610088
EK202310228365,140.7113161373876
EK202310194716,143.11533960485556
EK202310199844,131.6618383195136
EK202310168777,137.19657535785078
EK202310192183,142.43203933312495
EK202310109241,152.63524030218767
EK202310222596,139.95032857091
EK202310126978,134.15299769756675
EK202310152604,135.3793138087015
EK202310122324,130.43574791305983
EK202310112196,136.1040716887444
EK202310145565,160.37994880712375
EK202310207537,148.98574152485446
EK202310198691,177.38955035053561
EK202310193152,159.56219286582268
EK202310131752,145.42349424680106
EK202310201904,165.18364826335994
EK202310244465,137.18855194772465
EK202310233714,153.18303874336613
EK202310153449,128.91701561762974
EK202310217520,136.74946721734216
EK202310113415,129.1810069303706
EK202310172532,148.1412449034427
EK202310211969,136.3656367123693
EK202310199232,144.72618912861986
EK202310218608,134.77008463680517
EK202310122448,127.03978661977445
EK202310184841,141.6642203755615
EK202310130240,166.21411305698507
EK202310210575,124.9641997915024
EK202310175143,139.7080810035287
EK202310121434,140.4053319626068
EK202310172273,133.31409226801958
EK202310175483,154.9955384953373
EK202310197679,140.83370390981045
EK202310155037,122.28729997659731
EK202310171911,156.8774374820836
EK202310191161,122.78010038975165
EK202310244157,145.8465562223351
EK202310189824,150.36541961309246
EK202310149560,139.51336837415545
EK202310179284,131.20679553685017
EK202310203064,153.28586364308262
EK202310185974,145.37466680180964
EK202310225562,143.3371298151047
EK202310153740,146.66162348282893
EK202310225206,138.58151670954166
EK202310193780,128.42876288970862
EK202310198553,140.84648138114858
EK202310174477,157.6710120708174
EK202310200421,133.10154487021143
EK202310119138,146.45794088311854
EK202320005816,152.18877159267285
EK202310175740,137.51479387899275
EK202310116505,143.02750785683415
EK202310198911,142.75946392884657
EK202310127697,144.45613944355094
EK202310212650,151.28115936588438
EK202310150100,112.48160782273497
EK202310167937,154.37621569081082
EK202310221941,127.47898403640465
EK202310117495,134.54764510496256
EK202310143529,150.99191141805406
EK202310166968,141.36024517126563
EK202310129968,163.33294798353438
EK202310194131,139.1282325320031
EK202310186960,163.08910352591724
EK202310128028,151.05320209247384
EK202310105027,154.3640895962049
EK202310222774,122.66436671638273
EK202310244918,123.19835318978494
EK202310210086,162.08140999234004
EK202310179813,131.06604618022718
EK202310187059,166.59637459297662
EK202310195516,135.56720736432888
EK202310132170,124.66904266719594
EK202310183880,161.28130591989324
EK202310248278,136.12501614093557
EK202310221792,131.24757394431188
EK202310166778,154.79517591745235
EK202310148365,138.77644568267476
EK202310205442,134.81699689787163
EK202310201815,149.09414010505938
EK202310201915,153.5131861026585
EK202310183293,164.45546740782456
EK202310104337,155.94133385933117
EK202310120714,129.84419181664566
EK202310132745,146.89433003329376
EK202310241556,143.63421325646587
EK202310145559,155.29652877278562
EK202310140527,139.41622596601465
EK202310105180,138.53920577515535
EK202310115505,129.7414590379494
EK202310232969,148.3641393279655
EK202310168606,113.73707915197889
EK202310117990,140.03732486293944
EK202310143898,139.53240881635253
EK202310111999,145.5888096664068
EK202310133045,133.50615879632363
EK202310142041,139.41608192833678
EK202310216099,136.55414291120852
EK202310138895,145.94320497234017
EK202310147820,154.05619881955985
EK202310113918,132.47469283004455
EK202310226640,127.2361507118447
EK202310169991,160.44088983774063
EK202310195941,148.47404330362713
EK202310213195,139.70047812423454
EK202310161969,151.18241343036442
EK202310208345,151.7323004670798
EK202310180754,148.27297518960611
EK202310110267,137.54966771883636
EK202310194583,152.76957043340377
EK202320007655,156.26354688555304
EK202310142157,134.4768872990217
EK202310112664,130.73902144112387
EK202310136957,166.59582006130776
EK202310215766,133.5378253628054
EK202310167175,145.90464633001082
EK202310004831,139.35808703745812
EK202310159889,158.93538729402508
EK202310125472,143.14526372949086
EK202310166020,130.15884861207996
EK202310240418,137.0965255523676
EK202310156003,147.3143276804551
EK202310188199,138.3133314375895
EK202310213973,148.64279470224866
EK202310233649,140.99888676357602
EK202310124811,130.24649037125553
EK202310216543,144.56845790269497
EK202310121207,128.46033221805325
EK202310132104,142.23989385710215
EK202310138805,157.03979053501135
EK202310234030,129.5855820716439
EK202310172808,131.08144044137075
EK202310122536,144.21407531796044
EK202310189381,137.42800748393745
EK202310242706,155.2525709024506
EK202310239058,130.25112228712308
EK202310192990,144.9380421419782
EK202310202471,150.25540944878344
EK202310222312,154.03414366073284
EK202310202945,154.25277759755187
EK202310199092,146.93544217293217
EK202310128375,154.4244522083788
EK202310107473,132.9792178472388
EK202310170279,146.49236576410104
EK202310149133,144.91579682424114
EK202310199648,168.05346974222925
EK202320006719,160.2291162648078
EK202310234669,143.13456685132917
EK202310149973,153.12414102521754
EK202310154407,140.94040176068572
EK202310192562,153.10282357317104
EK202310158354,142.4915005449588
EK202310202377,131.8939210242179
EK202310225193,134.6973473995378
EK202310117896,145.86922579358776
EK202310122973,138.90965210680713
EK202310163485,146.93554169356096
EK202310146561,123.40734988327748
EK202310248571,151.54988218611587
EK202310145328,158.8146152656812
EK202310229897,138.79859504009585
EK202310225899,133.17165559470251
EK202310154673,147.93704664255318
EK202310242080,136.71305785633348
EK202310234618,135.76737607639654
EK202310229514,145.2339608047147
EK202310199205,150.1059517555554
EK202310189908,156.34290308387398
EK202310227654,148.05560942693344
EK202310108175,125.00911984893739
EK202310165456,128.36877403502933
EK202310204739,137.6425920850174
EK202310124368,141.72732543741742
EK202310221567,137.52346242487906
EK202310111364,126.38479234698823
EK202310166449,136.4370203619852
EK202310104016,152.9966430726461
EK202310109663,141.99393113084102
EK202310233976,144.77980015952295
EK202310116602,140.17319504256318
EK202310206707,160.94484001465946
EK202310125360,134.59978090632842
EK202310141090,155.82582163124025
EK202310187733,139.32616479236182
EK202310146874,135.57784351144312
EK202310199999,132.10120896238612
EK202310133984,153.90726314597435
EK202310239052,139.3915424659661
EK202310116872,130.32086120527316
EK202310170227,153.1564509072761
EK202320007825,159.7344129308656
EK202310247712,142.31279270664956
EK202310133557,155.68144763751022
EK202310122565,142.02778864933157
EK202310164010,126.88979385291655
EK202310176533,158.29698923542188
EK202310222265,133.606319611947
EK202310164867,142.21808397435066
EK202310163156,129.2792941966451
EK202310183272,156.33128305081664
EK202310127914,135.97319752357262
EK202310245446,127.6286190182785
EK202310207443,147.55548540647462
EK202310197727,153.2303805611579
EK202310172576,157.54615003065285
EK202310004885,138.41104367231463
EK202310233895,135.5231029433534
EK202310210570,171.71044643834566
EK202310199572,149.1872363446118
EK202310168376,178.59500783387304
EK202310196031,148.05853944492662
EK202310208454,138.95585648663828
EK202310218454,140.96648946493931
EK202310194926,125.81371149399318
EK202310150716,159.95208008889546
EK202310169424,170.1588645134364
EK202310141489,157.47315806223443
EK202310198731,181.38423746239556
EK202310224708,146.27317604928538
EK202310220317,159.09973576712613
EK202310158723,161.12217823776498
EK202310226439,142.4863809185127
EK202310155952,153.04640189509445
EK202310235925,144.95282518081822
EK202310149483,150.80114942785616
EK202310182940,143.79802033281644
EK202310233127,162.4860921189141
EK202310198223,163.1654073153478
EK202310206595,127.58688617294645
EK202310162953,143.74846608759745
EK202310124622,146.01855809162168
EK202310199000,139.48526536548107
EK202310225515,136.81924928662798
EK202310200414,152.16984000578495
EK202310163151,137.3907731963068
EK202310147583,124.43566774460749
EK202310175959,137.78179247665398
EK202310156571,163.34425301910858
EK202310159464,137.43002058660338
EK202310133803,142.43160706047348
EK202310143242,158.16563732407963
EK202320007862,146.45713339834882
EK202310137674,129.8954433440768
EK202310158748,143.3154655545924
EK202310134807,150.03323618821386
EK202310232180,124.822341930546
EK202310115545,139.97539814613498
EK202310106800,153.13953602530302
EK202310164487,142.11899596038612
EK202310189669,157.4708865324405
EK202310183633,131.9534406973973
EK202310160528,143.23185301338256
EK202310157424,141.46977574619677
EK202310175169,139.54211152192514
EK202310230775,126.5799108370996
EK202310176300,131.18706012383674
EK202310154141,135.69862791514706
EK202310121636,142.22190721858422
EK202310117991,122.20543010461301
EK202310114748,143.07098965277277
EK202310182305,151.19104176860753
EK202310183422,163.38240621547658
EK202310196576,138.6462479275898
EK202310212365,140.1694075278535
EK202310157851,151.86826697387227
EK202310143833,148.38387678517773
EK202310162493,144.34685156154129
EK202310200657,144.10254514322128
EK202310164870,146.29124743923845
EK202310139418,155.0384885989359
EK202310114290,144.51608347282445
EK202310206834,137.6276386388597
EK202310235641,139.7633616925254
EK202310179682,153.54989325809927
EK202310209582,137.73291899819728
EK202310225738,130.51708844876654
EK202310108381,149.61371416587806
EK202310125569,131.34350704837883
EK202310218417,134.15534001051034
EK202310228389,152.16942790609252
EK202310145963,154.29738286865185
EK202310109134,129.3492779093961
EK202310177470,141.54504498016996
EK202310162374,137.41256105699483
EK202310195949,130.3384112034262
EK202310122797,152.7789595726135
EK202310140758,126.41508145196958
EK202310232602,140.50007943623544
EK202310200151,138.34653190158807
EK202310166863,131.76932024682992
EK202310237243,134.27964275861882
EK202310120027,151.39377830495988
EK202310132524,161.41469652412383
EK202310204016,143.50095411995937
EK202310189020,141.31021840365452
EK202310202009,136.89271308345388
EK202310139108,166.8101710556613
EK202310181804,147.48150359839212
EK202310205040,145.18877063881044
EK202310141451,141.07976018297313
EK202310164866,153.48298647589252
EK202310245490,139.3092642107066
EK202310181489,142.40536561561998
EK202310147345,136.64642267807173
EK202310148300,139.91862981743864
EK202320006124,173.90015933635163
EK202310196622,127.56161604733842
EK202310182658,150.32304189878357
EK202310227451,155.0704163822195
EK202310209633,135.7529412819636
EK202310180045,151.80541723979795
EK202310240543,130.41570592402164
EK202310115142,155.5195047927928
EK202310247768,144.88710092221717
EK202320005662,150.93264345807066
EK202310182225,146.92480000270172
EK202310187393,147.2083437563968
EK202310111676,126.32368712582185
EK202310234672,146.46876217381396
EK202310217174,163.99534896692708
EK202310169712,160.77529092524873
EK202310141144,146.19002302284875
EK202310204110,127.20306825344339
EK202310217308,137.85188098933725
EK202310117170,144.189319646167
EK202310129087,159.8949525900698
EK202310221591,141.54501249247255
EK202310209271,127.95592456114404
EK202310219363,132.45992102614895
EK202310004090,146.68515423257912
EK202310211544,115.61754718563886
EK202310224956,149.336807645513
EK202310141398,143.8559670843957
EK202310148915,151.12248291359245
EK202310170219,116.13280696571083
EK202310191982,153.670902451984
EK202310223575,129.40954838161105
EK202310104511,137.1815373846037
EK202310152387,140.12698024184968
EK202310218082,158.59981997015197
EK202310217177,150.34479740634023
EK202310248357,140.69868911682858
EK202310129896,145.25216864846988
EK202310152480,132.2706734564769
EK202310239767,150.8154078387432
EK202310160883,148.73304653608366
EK202310140193,144.8490038806564
EK202310207625,144.96023234602063
EK202310165482,148.18526134434666
EK202310158005,138.19561215969279
EK202310185420,135.80758372333273
EK202310187990,155.08011357091277
EK202310138441,158.9808842314903
EK202310147390,132.62099452243118
EK202310158825,138.45741907131978
EK202310183745,151.67090933084916
EK202310148680,149.2031242786198
EK202310129708,157.04537379497947
EK202310190440,150.74486315011512
EK202310157144,165.76578175708107
EK202310113257,136.893430424806
EK202310141541,135.3556915748859
EK202310190438,137.85545367474992
EK202310243356,152.45671333293325
EK202310183196,161.42030128070778
EK202310196369,141.49879866613898
EK202310144897,122.86733600192758
EK202310144635,138.73939542000872
EK202310237276,131.1848085534713
EK202310196220,149.21296068464488
EK202310202228,149.12065278527328
EK202310123488,128.26498174290012
EK202310105805,133.29709911316726
EK202310142565,162.81342831994186
EK202310218967,128.7075642438278
EK202310120796,145.53940753846436
EK202310231531,126.29542267570811
EK202310199801,143.19274278356207
EK202310134790,141.0152903571414
EK202310203666,146.02600240883757
EK202310226666,142.44898269354303
EK202310232447,123.00828658722985
EK202310135897,153.63966423507898
EK202310168701,134.1147627215448
EK202310237343,156.49547386875662
EK202310154466,167.73708259638994
EK202310136457,155.37311905373133
EK202310121974,134.10240463834108
EK202310134631,143.68407636776948
EK202310213018,145.8615644619365
EK202310194001,136.53430041603968
EK202310136650,165.06761875468652
EK202310111505,145.79704214682798
EK202310209080,151.30682558312887
EK202310152444,144.6870204316484
EK202310121350,138.0303187304177
EK202310240365,152.50400683157378
EK202310159007,155.17092845694685
EK202310127159,145.26879742581008
EK202310226609,121.12067103434084
EK202310161102,169.91346081921853
EK202310103730,141.39609589850238
EK202310111243,143.14133371653108
EK202310156130,139.7353454560688
EK202310178873,124.0821667824804
EK202310176169,138.96362232875052
EK202320005724,174.1271729324602
EK202310150195,149.77584440689688
EK202320005792,156.8465991531052
EK202310117762,139.5120492174242
EK202310234499,152.71107967039978
EK202310176172,157.1624631922336
EK202320007254,153.45072767449722
EK202310128419,155.8098956851961
EK202310117754,146.36791651016526
EK202310222410,134.62488028032948
EK202310132750,126.08421675476568
EK202310195145,146.00253566025015
EK202310221266,133.46954895806792
EK202310156961,148.15649325522844
EK202310105175,155.16098339744482
EK202310167584,140.5914998108884
EK202310119050,138.36950757610376
EK202310127062,136.84321872485097
EK202310192052,124.10166427701999
EK202310118002,135.66442064460045
EK202310108997,124.59181009863426
EK202310160289,140.6346376069251
EK202310245922,142.04675774216236
EK202310116464,140.973551147144
EK202310192195,139.5006779183348
EK202310237707,132.0151987886098
EK202310145422,142.37342246077918
EK202310245683,137.24727610646192
EK202310121291,123.51578750645433
EK202310209309,153.65741674252092
EK202310104450,159.77679065915794
EK202310123660,122.43543572306903
EK202310186410,134.97159925626528
EK202310151555,162.4787193521037
EK202310104952,146.79178632486418
EK202310115719,126.0648511712792
EK202310181542,134.563572192386
EK202310150013,163.6726801016794
EK202310205849,152.66085003443268
EK202310196534,148.57706928881436
EK202310131464,129.39542784602855
EK202310210210,132.7521061544803
EK202310104249,143.96923291080904
EK202310207772,140.59995048222052
EK202310134829,138.38571717151663
EK202310179456,117.57355517695684
EK202310113484,121.18277168181024
EK202310182484,151.58130768911133
EK202310120445,124.49959871798977
EK202310213478,116.73180760788935
EK202310130129,154.30151629791192
EK202310197510,148.21823672350806
EK202310192959,147.98164033657554
EK202310203760,139.92573211240773
EK202310240021,151.21410682536515
EK202310160111,143.43478249833032
EK202310202544,152.47813248012005
EK202310195908,148.93542188560323
EK202310220917,131.09468530075046
EK202310146833,130.17172908265277
EK202310108791,139.02271873322212
EK202310225259,147.07999083971504
EK202310197958,163.29557816763543
EK202310157062,144.78509749730844
EK202310214170,130.65635556758315
EK202310243954,158.65896966613184
EK202310110033,122.64413969531671
EK202310144804,132.3725227011213
EK202310114117,141.1414649504397
EK202310165416,150.165168953208
EK202310228479,133.62213925803107
EK202310188134,156.63250597426563
EK202320006372,157.98977358930256
EK202310111226,154.72469940968202
EK202310118404,135.8315871148619
EK202310160695,157.801954423545
EK202310114408,142.13435829863917
EK202310182288,143.10691963107806
EK202310213633,125.21009088435389
EK202310229313,126.74187826860489
EK202310118665,139.44637761112588
EK202310233785,159.39197271247292
EK202310143238,127.66120011799568
EK202310128242,130.9402046747229
EK202310208336,141.10700229132647
EK202310216912,156.18041866691254
EK202310227300,133.30916622464562
EK202310196434,126.74538338242812
EK202310241940,148.82274597349718
EK202310140334,137.80172073370917
EK202310122524,135.72812385602523
EK202310211571,129.17150441778836
EK202310202080,148.72959707243237
EK202310155180,162.40780741604365
EK202310209752,146.40727522350312
EK202310003753,154.3553436361168
EK202310194332,147.02948279961882
EK202320005885,161.03505845661533
EK202310135026,171.575795300155
EK202310225630,156.82444895382298
EK202310129248,147.8118787427899
EK202310118004,148.34573707213855
EK202310126344,130.3470620269262
EK202310125666,159.33874762474198
EK202310169951,136.7451871755339
EK202310159424,142.65004891139984
EK202310195617,153.08807415916627
EK202310240165,138.0539414800883
EK202310109583,152.48116022461073
EK202310127484,152.41558288736096
EK202310115422,133.43846237407584
EK202310189217,134.0188072139885
EK202310164467,133.2127853275823
EK202310160239,148.4876482468684
EK202310205148,152.51974597357273
EK202310177198,134.61437092407226
EK202310248326,132.18487194181327
EK202320007611,159.10247006235483
EK202310216806,140.93011197271323
EK202310236444,124.29786955217682
EK202310202895,154.09772110055638
EK202310189069,128.67769518991085
EK202310164095,178.26767983054705
EK202310177139,136.098540659302
EK202310150069,157.66101336475108
EK202310217651,130.7574058933308
EK202310104531,123.66288477441684
EK202310175593,137.48681944961567
EK202310128801,128.1059705833658
EK202310226079,176.38789900534687
EK202310195896,148.92940148873194
EK202310248307,125.32162256448868
EK202310213215,153.8210245099028
EK202310126761,142.53371542204755
EK202310138077,136.6856385028533
EK202310219983,129.3670641233789
EK202310155585,144.87212694359417
EK202310224738,166.18134944896963
EK202310121398,136.48871848170145
EK202310144202,136.41023211150613
EK202310171260,149.9360185141328
EK202310224405,137.38656120328602
EK202310168192,151.25645808267603
EK202310147878,145.754744024013
EK202310190896,152.80694834778657
EK202310114382,136.45378741231983
EK202310115319,147.29140167245623
EK202310212295,137.94014968424938
EK202310145014,132.14947714038772
EK202310153112,139.74264719130295
EK202310181859,131.4199385793123
EK202310201638,126.52981319765733
EK202310217948,151.00877624892527
EK202310126418,135.1324528930989
EK202310147842,142.9580208045164
EK202310213180,141.3051484767267
EK202310149555,149.89630804889106
EK202310162559,154.0374897404701
EK202310181969,147.84440904395552
EK202310239453,145.44346174659904
EK202310185897,143.7203491876143
EK202320007785,139.29768592537712
EK202310181407,156.9601662299104
EK202310223290,146.30049436987528
EK202310197319,140.97581508704764
EK202310128098,151.9397002284069
EK202310131498,145.0653103792995
EK202310104275,146.3272099650323
EK202310152898,163.03182978151744
EK202310207617,154.57746260022853
EK202310165239,134.2548651091632
EK202310161435,145.53734600154357
EK202310242971,151.0038556763623
EK202310111598,149.48727485194397
EK202310131958,131.8865348693124
EK202310186311,145.28441868410823
EK202310157046,147.77535336015947
EK202310115828,137.13694179511583
EK202320005888,160.82639955313678
EK202310116165,157.78946806220247
EK202310127616,150.6534850629131
EK202310190516,137.27424136978726
EK202310181145,144.15725029426312
EK202310112674,146.21105802063917
EK202310108818,150.39562326607015
EK202310137418,136.37799883997295
EK202310234306,154.50706941605057
EK202310147271,135.74752176457233
EK202310228137,124.11978279519448
EK202310208396,128.60610750662744
EK202310129360,165.19371553831073
EK202310104685,126.15176328145442
EK202310240248,151.59422077847918
EK202310111851,144.68203584760394
EK202310110232,125.77500358094524
EK202310149631,148.61286506871252
EK202310111987,140.27783997451135
EK202310149812,155.91009012075995
EK202310125394,140.76410697141665
EK202310201038,134.0694319765797
EK202310196950,132.5864958680719
EK202310130689,148.78452203457888
EK202310162831,144.16079172900837
EK202310191124,129.64255624883697
EK202310137249,139.61690376324177
EK202310221302,131.1019416266107
EK202310119496,139.51740362687872
EK202310123089,132.3695720085454
EK202310201023,135.17473272601433
EK202310200056,139.8989459349019
EK202310124074,136.04095338043825
EK202310187451,166.44145448680538
EK202310178204,164.67734291915232
EK202310176034,168.11367699924918
EK202310105275,158.56276051985293
EK202310217600,150.14469596018932
EK202310145365,114.96277968715158
EK202310179864,130.0267432369554
EK202310146164,129.69041002017408
EK202310148409,146.12492372517983
EK202310160145,148.88793759241184
EK202310211569,146.9091779760751
EK202310191535,151.53279659074286
EK202310212337,143.5865668953104
EK202310186617,140.1008307644139
EK202310200499,131.14141866022598
EK202310190255,135.70080478753118
EK202310161517,171.67078433251544
EK202310167751,145.99201676879093
EK202310230575,126.8903329201558
EK202310160889,133.6801076915556
EK202310236418,136.16675898983542
EK202310176273,136.2516913049055
EK202310104700,140.49540207463684
EK202310107420,150.24844073296856
EK202310169267,151.02224316862825
EK202310187330,170.20871720504448
EK202310140279,137.44264214303448
EK202310201773,133.42139373761188
EK202310168395,153.74864403292685
EK202310166412,125.90586693717825
EK202310175402,125.72756955118109
EK202310128581,154.5551644259437
EK202310232461,141.04082279725088
EK202310138340,147.46514337178687
EK202310175300,134.01470623853209
EK202310125041,146.05017163579234
EK202310177394,163.46070331129795
EK202310163068,146.41927030156472
EK202310128960,147.94688660138598
EK202310213859,151.9461779707918
EK202310153664,143.22836411960947
EK202310168885,142.07734102621043
EK202310211096,147.77280538080313
EK202310233212,138.28823513135387
EK202310204970,140.9419777851238
EK202310246566,139.24951082813735
EK202310181736,166.26824598587092
EK202310235583,153.40230728489652
EK202310235586,139.70544968317012
EK202310229567,129.49544461324092
EK202310237891,163.44820771556982
EK202310156320,149.24914646167986
EK202310200700,137.6045480068328
EK202310157317,130.0880073582629
EK202310165659,128.14298553955814
EK202310230462,174.4871301566892
EK202310107771,134.38683618528975
EK202310199945,131.55917623591765
EK202310239536,143.96372311470697
EK202310108719,144.49160289504553
EK202310193930,140.91729078904055
EK202310153705,154.93696176993652
EK202310230423,139.26823916078428
EK202310142088,125.14594727883252
EK202310240261,131.09053953916123
EK202310234834,121.91297163412419
EK202310175123,145.7161379474392
EK202310223459,140.40046084494253
EK202310113022,144.0159812696632
EK202310139384,137.873153353622
EK202310127365,156.72540452937127
EK202310175890,141.40105101045316
EK202310210471,116.82739365748708
EK202310124749,126.40337821604625
EK202310107106,163.24983926152706
EK202310199447,125.91787186908343
EK202310214057,148.8252560877175
EK202310158006,172.9108833209628
EK202310183095,137.66870456899284
EK202310122989,160.39660744084412
EK202310004181,136.82917421498894
EK202310221000,156.48833111240563
EK202310216704,137.23587174487503
EK202310218492,136.50323212005466
EK202310175061,149.37542375560574
EK202310144712,142.1433863085005
EK202310230385,112.0916266921079
EK202310154951,148.65079602053567
EK202310158887,145.92781425162195
EK202310132252,131.73457884798896
EK202310160262,164.8399141379609
EK202310153966,135.8629953877919
EK202310190560,127.87712074758834
EK202310124555,133.7472402873665
EK202310114555,136.40410239192803
EK202310190493,143.49661776084537
EK202310161137,142.96433357500598
EK202310224942,136.06843271955307
EK202310230466,162.67630659914437
EK202310216178,148.16306183142612
EK202310205948,130.4585320318743
EK202320006948,156.81966464566165
EK202310224873,116.80457105215187
EK202310231707,126.29761946768413
EK202310198816,147.37609371342714
EK202310239894,133.65787064272337
EK202310212434,138.06058526980078
EK202310242399,152.0011802844622
EK202310126630,161.1695675792978
EK202310212116,133.0539624724999
EK202310116735,153.60023201426992
EK202310142424,136.6608162951516
EK202310126653,134.9311579885278
EK202310130536,149.87002119312015
EK202320007559,163.3336942322783
EK202310244114,130.882488135096
EK202310194656,139.72240239970827
EK202310228023,135.7658349447131
EK202310184412,140.19197300401402
EK202310138297,142.32510312687393
EK202310233553,147.25715526260572
EK202310222650,130.70922476310727
EK202310148133,159.28419889350258
EK202310124138,150.42583337286467
EK202310210134,134.92228288429135
EK202310203676,144.6056565312928
EK202310120898,152.31720611651517
EK202310167341,153.79866439942435
EK202310180216,148.9819217515947
EK202310246916,144.28735428587183
EK202310157656,121.89552520117671
EK202310205414,135.37346210671961
EK202310152717,150.65085288988024
EK202310106791,147.7245470210424
EK202310105725,135.5267149835242
EK202310104432,148.37922986316286
EK202310194299,143.24068077160493
EK202310153184,148.02038741905702
EK202310240659,157.08570617129283
EK202310219840,132.37614795551843
EK202310153949,132.6497418243425
EK202310132803,155.2249630390994
EK202310146592,145.54941999285705
EK202310172131,126.59485841075778
EK202310121613,133.23301095991891
EK202310167818,141.18375289695058
EK202310200796,148.75946471059265
EK202310116481,141.81497812052038
EK202310114639,148.5891810121164
EK202310212375,121.05208394827254
EK202310235321,135.0398106848769
EK202310222322,137.25801930241147
EK202310110700,115.6480651522935
EK202310189946,160.6728537015447
EK202310162874,145.7103749734635
EK202310130785,135.689334386483
EK202310242378,144.97979494230754
EK202310241513,127.92794375849499
EK202310160539,140.47667020198048
EK202310222342,133.35687826134472
EK202310138062,138.93483033724155
EK202310231769,135.666079299315
EK202310158224,133.02136321178511
EK202310224139,141.97610053792653
EK202310216169,137.47850171492735
EK202310139185,132.32730779727248
EK202310110485,149.3272636176171
EK202310239046,140.7449792543704
EK202310138942,143.177577284794
EK202310169633,123.88235870419041
EK202310109575,156.8585453646032
EK202310200090,154.6407873716095
EK202310163491,143.83632186006653
EK202310148729,144.5094375357646
EK202310140411,149.19756491377774
EK202310243532,151.6595348114428
EK202310125468,134.58124511164698
EK202310221117,148.44537840689867
EK202310232056,131.7166500001704
EK202310210091,157.3793710561306
EK202320006396,151.6760682722438
EK202310142016,116.07324084867723
EK202310235002,132.5973251422779
EK202310183074,133.51519712091684
EK202310182233,149.04886924892165
EK202310225556,135.78685825630367
EK202310179915,133.0944104458753
EK202310173349,150.32024235267406
EK202310212842,148.86748407413302
EK202310197784,167.35821500150843
EK202310138785,154.5551767103759
EK202310144444,135.12215149082428
EK202310181562,134.78665046584032
EK202310248524,142.97256507769436
EK202310216425,145.62109086309874
EK202310229912,121.05853601836792
EK202310139002,137.33894612682343
EK202310120982,126.87978873274727
EK202310221837,130.9239365138805
EK202310119947,146.51136932187708
EK202310149071,160.4390328058102
EK202310185898,157.78028619351656
EK202310117197,143.43799521100598
EK202310142908,147.57871177943522
EK202310185756,163.45615409872335
EK202310238913,164.8794646127768
EK202310204574,161.32152114488153
EK202310113564,151.59863195728633
EK202310118542,139.1823537905671
EK202310167688,134.25039170619596
EK202310212185,139.61484796385724
EK202310117088,128.85057461315043
EK202310229808,161.1548106812809
EK202310207582,148.32791373807993
EK202310154912,136.78453952273173
EK202310181168,138.01791966816737
EK202310149374,140.49063550377755
EK202310104396,153.38059517081618
EK202310109994,141.83065823183625
EK202310170860,132.72230138459437
EK202310115815,141.1594038535905
EK202310214779,160.44249480309855
EK202310109121,146.57765746066352
EK202310134158,125.72656267670341
EK202310167627,158.9954450449565
EK202310225236,137.60186950948494
EK202310181807,151.18066135232914
EK202310247389,141.94773696442297
EK202310235579,150.57239582078378
EK202310173291,145.9788264502766
EK202310192355,135.81169348750598
EK202310142541,139.51387237442398
EK202310150510,136.2035097475521
EK202310223761,134.40267839376457
EK202310175574,122.2067356600912
EK202310238511,130.90257208962404
EK202310157509,145.58338661876675
EK202310181989,137.29829775508398
EK202310003618,139.23216922883856
EK202310179471,137.46650395975058
EK202310230763,139.64753714378202
EK202310204971,143.78786673602855
EK202310233557,134.8092977135695
EK202310145292,151.09537665048254
EK202320005880,154.98933620479477
EK202310245241,141.6408341432051
EK202310212493,131.2939473950138
EK202310193001,138.81706531718325
EK202310199238,138.39923416673304
EK202310160941,143.6284633387525
EK202310155028,124.57043444399814
EK202310130868,153.06399360237484
EK202310200440,147.23727846669001
EK202310182060,146.8668785936557
EK202310111816,137.2573778330994
EK202310146969,142.5313472195241
EK202310158404,141.84910658130156
EK202310110705,143.49296944768096
EK202310186759,146.08235496019304
EK202310157536,139.3232112382959
EK202310140019,127.22158243268625
EK202310179351,139.71683074442925
EK202310183791,157.98385687342937
EK202310206480,166.81979391011885
EK202310133811,135.05033302374233
EK202310217540,150.92009478364346
EK202310132032,139.1716623419531
EK202310139504,168.5454198762489
EK202310161554,166.3909842573811
EK202310127921,153.45085612136282
EK202310140328,134.6037499955493
EK202310179259,149.2258635467996
EK202310110275,138.5923227942882
EK202310148522,149.67064133184343
EK202310245827,130.1631705073598
EK202310104601,146.2444057482805
EK202310158718,139.05629963673343
EK202310148204,154.3195827734325
EK202310152034,148.21560464262345
EK202310205880,141.57056829613225
EK202310150725,143.01052667497837
EK202310154400,156.4943949781705
EK202310120186,170.1443095116676
EK202310192712,133.49206021157238
EK202310165189,144.18888746865215
EK202310152937,162.13578318589092
EK202310234101,132.55073703345118
EK202310191564,149.5998993672799
EK202310174430,134.48734579731723
EK202310208622,150.5036784281998
EK202310233831,151.80317422354887
EK202310136566,135.89763809508403
EK202310146005,140.34455758112722
EK202310221494,144.90737944833637
EK202310239849,142.20680159873814
EK202310176728,155.42056405280078
EK202310106909,133.78700254223583
EK202310208429,143.93883944829273
EK202310174444,145.66128766540044
EK202310242098,142.06798161694846
EK202310175190,140.22138549835265
EK202310177312,143.01136958377262
EK202310229607,140.78672223920123
EK202310121574,125.73472389091134
EK202310187339,141.26160242972344
EK202310227049,147.1556295941103
EK202310135213,136.5741641633188
EK202310128318,139.4628905897505
EK202310108701,160.2235050783699
EK202310114284,136.94211670287405
EK202310108473,147.63874247409916
EK202310160235,147.00311709875163
EK202310120842,117.06571997706074
EK202310142363,140.62927521056
EK202310163562,137.78586485098492
EK202310192991,140.99101461014305
EK202310203468,144.1389915723637
EK202310188577,134.61392639289377
EK202310240344,125.63576830998986
EK202310113690,151.50897535018342
EK202310213117,148.13726249301405
EK202310222749,137.97433085361232
EK202310004635,128.96301757723654
EK202310141613,141.0319510695288
EK202310108032,147.1678227558638
EK202310233880,144.23684062499072
EK202310205163,160.6748675427032
EK202310104692,138.94251492819222
EK202310237071,120.0632166854873
EK202310111732,133.24835859192487
EK202310137404,131.8947054013901
EK202310146556,128.66950916873552
EK202310111180,152.31987634349727
EK202310190526,139.51722910500652
EK202310119701,140.91420522218812
EK202310182123,131.62898310520848
EK202310187615,174.38409375566175
EK202310201487,133.58438791081974
EK202310144094,130.6650523064137
EK202310116261,147.80290483015756
EK202310142783,127.4692964968053
EK202310192602,149.8683329884619
EK202310167866,149.79001826880776
EK202310145551,149.4870964855167
EK202310117731,136.24988499973819
EK202310125526,126.09195941862227
EK202310128615,132.1931686046389
EK202310180563,146.1170293433224
EK202310139532,136.09411906260732
EK202310224142,132.81510377345816
EK202310233781,159.83357555408497
EK202310157368,141.9693974325957
EK202310203603,124.04154578401267
EK202310180362,166.02565510284575
EK202310198397,143.02870253060433
EK202310124770,133.1788584111959
EK202310223755,126.187394107088
EK202310106275,116.97735641646878
EK202310205161,144.8708257981573
EK202310139936,137.1118366503429
EK202310205611,151.25146468102886
EK202310134137,125.42478625868382
EK202310127542,161.96031767704704
EK202310193128,137.3657180302052
EK202310237157,139.6366135110586
EK202310107674,146.65954522246273
EK202310149217,141.16970308790516
EK202310129309,151.6130542989942
EK202310156886,134.3764689799702
EK202310117116,135.5993183477674
EK202310225911,119.45249943235572
EK202310145676,149.98742653045625
EK202310166738,154.7101727413472
EK202310158541,121.85431340924748
EK202310106511,147.91372483841124
EK202310131343,134.87054214693327
EK202310245992,132.56599469758518
EK202310140003,139.6889926623488
EK202310174342,135.07697785697968
EK202310208385,136.08939933756815
EK202310216439,132.68317765779918
EK202310211004,151.55849100002845
EK202310106760,143.95404927502216
EK202310176087,121.19902200009865
EK202310106317,117.94393970082726
EK202310215460,125.80013503395477
EK202310201661,138.8077882714275
EK202310166937,160.18737296170443
EK202310200307,147.02816042736748
EK202310181766,171.21342493640924
EK202310214069,151.15572429879788
EK202310200177,143.4486273026591
EK202310123321,153.33177156375123
EK202310151256,145.21150773769406
EK202310171945,150.98561467157998
EK202310136311,134.24439020811576
EK202310150029,159.63634048500532
EK202310212078,132.23717803820912
EK202310210902,129.33843233549047
EK202310210594,146.21796311797527
EK202310127288,145.6190217302203
EK202310126517,138.03190100964994
EK202310161234,151.3457396841103
EK202310220266,144.98273544622026
EK202310142494,161.25215985294773
EK202310217357,141.7187001890621
EK202310132692,138.33859786092208
EK202310227115,151.83278162365482
EK202310141700,125.71380836951016
EK202310115959,137.57650742151037
EK202310230099,140.89562681759153
EK202310211438,149.94922280340623
EK202310219042,142.32064123588347
EK202310177531,149.19750344676433
EK202310233521,151.0463207859363
EK202310128329,164.60446573512712
EK202310201328,170.33848616981416
EK202310171078,135.50587729194913
EK202310138130,144.5363520153835
EK202310177993,132.85638539106134
EK202310228196,174.94456354124273
EK202310170822,142.9952676859823
EK202310184514,142.77135179579156
EK202310208895,131.68523771581079
EK202310204293,144.94631556846983
EK202310163755,154.9027042663501
EK202310112893,158.062183122114
EK202310207633,142.07858427284634
EK202310120935,129.58037642896537
EK202310198348,143.81721228082677
EK202310216671,129.53121384497965
EK202310203558,140.17141138300727
EK202310221470,133.45629972396293
EK202310134114,140.22619945129534
EK202310161904,158.67721817909327
EK202310121193,139.3523692635607
EK202310112380,127.99852640540594
EK202310123715,139.09605364353334
EK202310182522,132.3606290583109
EK202310165246,151.52941054150685
EK202310165109,143.97249681440314
EK202310226207,144.48781229289207
EK202310189166,164.14299182906146
EK202310171824,138.7726277682084
EK202310212508,148.86700318132037
EK202310188289,149.01678244044203
EK202310161253,136.71603053476053
EK202310188025,147.85830030224906
EK202310170339,136.068630874621
EK202310103831,123.92452238994457
EK202310214220,118.74102105222943
EK202310149031,158.59274274532223
EK202310147724,156.2480541949261
EK202310142296,148.84273064589826
EK202310176974,157.19224522009642
EK202310161334,170.052347195368
EK202310213866,141.34512239068053
EK202310225737,145.94293220256182
EK202310156109,135.98841302891594
EK202310200303,139.5934901149301
EK202310185044,172.05625957540184
EK202320006653,159.9260312552974
EK202310111122,125.94972330685258
EK202310120782,163.59218933796626
EK202310198165,141.5705766118207
EK202310228584,121.60753861048781
EK202310205188,139.85401666428527
EK202310121258,154.20667651031604
EK202310199633,136.2951565845666
EK202310143847,133.80057204280422
EK202310135571,147.0343064751045
EK202310206110,128.97966844549546
EK202310138447,140.50082435778145
EK202310192664,134.66404660962473
EK202310187215,156.3444963983002
EK202310151514,165.4769730458685
EK202310144726,160.89353483153863
EK202310207249,148.72702961857135
EK202310161306,159.80056600189303
EK202310158826,131.51500340293993
EK202310173556,153.07909286990088
EK202310125091,143.39044386376256
EK202310142377,142.7687126021036
EK202310236947,120.03884186387073
EK202310208442,127.15020697694673
EK202310118298,132.08626801899513
EK202310219483,125.33011114379737
EK202310211212,152.91988721480334
EK202310104173,146.3520918571364
EK202310201478,155.05729911686112
EK202310158280,138.7317727045999
EK202310123070,144.37576036290187
EK202310138063,151.0593111683959
EK202310164203,142.73731387227977
EK202310190017,155.38343192676427
EK202310169668,131.81961385212173
EK202310113501,157.78476998441613
EK202310235684,146.28769315393492
EK202310137261,135.04588448907066
EK202310162355,149.25542403487432
EK202310217469,156.46344995679408
EK202310161201,128.92612013351493
EK202310157515,124.25891688712589
EK202310145284,155.08147596612818
EK202310227827,132.22529990810906
EK202310209456,135.5124397663443
EK202310211698,139.43741984682933
EK202310194731,137.1412670156108
EK202310248330,142.01187791685456
EK202310106105,126.75785130631029
EK202310160743,145.38420232921519
EK202310166605,131.205116620108
EK202310212995,151.27584919022223
EK202310233144,136.36832768925413
EK202310230980,130.01930828065534
EK202310226067,158.95615048034068
EK202310120976,119.2827519444958
EK202310128266,138.67324593859794
EK202310106331,134.87474746551274
EK202310199325,134.71563316182704
EK202310204088,152.58399317235333
EK202310174720,130.02916596732248
EK202310240940,141.26527358982582
EK202310109263,150.48727589918764
EK202310106322,134.71375402997478
EK202310135599,110.77006843171257
EK202310145520,137.07428973528545
EK202320005632,149.48833413427343
EK202310199819,147.05405726385885
EK202310172008,146.6573181887177
EK202310199276,138.13882038001884
EK202310106548,155.91049054956704
EK202310217167,162.72020314384594
EK202310176173,155.72625948159964
EK202310221378,152.4744396433377
EK202310201211,167.13256113775734
EK202320007715,144.35880180543626
EK202310182662,129.8026918806759
EK202310177694,145.97034463512466
EK202310156023,141.51064530569752
EK202310111848,135.44157381902022
EK202310129647,163.28693196087073
EK202310170544,160.80501119337592
EK202310242820,151.15069298193671
EK202310194133,158.00579211788875
EK202310216029,143.9830324000916
EK202310107349,134.6514575065777
EK202310208265,152.86370929067948
EK202310229154,137.89554646294116
EK202310107089,135.11472835340098
EK202310112252,136.33099965526318
EK202310148875,152.52931560381032
EK202310119051,135.78848690955485
EK202310147588,132.60417495078886
EK202310113617,136.63577182222485
EK202310147037,135.81112522887335
EK202310238313,105.37379381013227
EK202310192918,146.99451479939083
EK202310155166,135.3896254681961
EK202310177734,155.45498323882074
EK202310125003,129.1298179156729
EK202310204102,144.25662915026987
EK202310127233,140.0116697691454
EK202310154507,169.2253404920755
EK202310208352,140.68377643701882
EK202310123745,143.35366595384653
EK202310147036,152.71424098245953
EK202310110497,130.17391846473924
EK202310246320,152.57052536416575
EK202310138361,136.80657068149972
EK202310167217,139.38182744473403
EK202310229839,141.87319375656674
EK202310204873,133.7803887113949
EK202310208025,133.78612062104207
EK202310139865,149.83075660804448
EK202310238834,142.21102128776835
EK202320007032,159.55719717838411
EK202310223956,124.49926022742792
EK202310205152,129.21396395733564
EK202310127859,146.0859085131159
EK202310122230,146.583550875485
EK202310235039,121.0206038326061
EK202310172181,146.34134223596232
EK202310152472,137.728318825861
EK202310163385,156.1020506647012
EK202310226473,127.39524322355392
EK202310196206,165.94756469334268
EK202310004942,127.22891757397628
EK202310141871,128.04549350084858
EK202310215986,143.66708019056745
EK202310211462,148.97530293993896
EK202310245537,135.8355335385673
EK202310204491,146.166916106275
EK202310139744,155.39506991521208
EK202310138719,150.0432016138908
EK202310128437,132.80581801868107
EK202310138286,146.6398970303466
EK202310148950,141.50056280934055
EK202310225042,149.34790656826203
EK202310227372,153.30358054716717
EK202310184056,166.3055146152323
EK202310203882,135.9542370762646
EK202310108510,142.49506162323073
EK202310220594,135.4165765694696
EK202310119141,139.66777670573617
EK202310246490,149.52350065399557
EK202310143698,158.36684790356932
EK202310126746,143.39941530481144
EK202310233106,159.60535773341084
EK202310108410,151.25473749915673
EK202310186336,149.96389875280616
EK202310231142,129.23031246679818
EK202310126076,133.9110866567611
EK202310205622,146.45737579174187
EK202310220488,143.13522871536009
EK202310120527,140.52088461365076
EK202310220246,136.90927212839338
EK202310161188,143.71657731496785
EK202310155699,155.2212211617623
EK202310189021,125.26857559033766
EK202310236601,122.56221280757548
EK202310164905,141.50563358600783
EK202310128052,131.19909733831634
EK202310126712,155.81583972663373
EK202310239805,155.25562780396703
EK202310224857,142.9192669792738
EK202310173357,155.6984136262816
EK202310127584,141.26419844563563
EK202310229371,145.02413513715555
EK202310110882,145.77085326736378
EK202310160530,143.25880792982053
EK202310116477,126.29976030023774
EK202310118586,123.40724637926458
EK202310172703,132.67773177036156
EK202310136123,168.35693126576916
EK202310108114,147.39067523933338
EK202310208296,138.91776315300768
EK202310232508,139.8152943351248
EK202310220252,117.21251658238027
EK202310168728,177.2010430283133
EK202310165440,171.02586530994813
EK202310214684,142.52745888202455
EK202310107697,138.17614518355134
EK202310129545,119.03918364048614
EK202310163236,141.71714280306156
EK202310236802,145.15729754370673
EK202310153242,155.59212471876998
EK202310144615,159.15155956680337
EK202310129912,135.80335068417884
EK202310197325,137.773252431344
EK202310216540,151.2272637754723
EK202310104778,143.71747889095587
EK202310114062,156.75184664346202
EK202310205213,137.7753768847365
EK202310227892,129.46923323171018
EK202310232305,145.6848472723712
EK202310185667,153.468360861316
EK202310212219,134.7980015012926
EK202310214315,152.14073162387808
EK202310222807,139.9413157483434
EK202310192829,160.09001461547612
EK202310246736,135.3816763273005
EK202310144859,148.77471500499058
EK202310167652,135.2639039395948
EK202310120246,141.26128459262966
EK202310182888,144.28133883963292
EK202310150758,150.18799350286437
EK202310172256,142.40510960105814
EK202310143177,142.6689736506011
EK202310197462,136.9698618430973
EK202310196459,131.9060363877546
EK202310164019,123.64833009884775
EK202310139039,150.30957885757732
EK202310134361,172.62862335685747
EK202310147025,137.63806530086168
EK202310208999,149.5348690742276
EK202310142527,129.31144861438912
EK202310193745,163.21955014479732
EK202310167641,150.7808011466455
EK202310240938,145.7962558441314
EK202310112017,133.82748359692724
EK202310240024,140.79553207462436
EK202310244708,154.17599604687507
EK202310210230,118.1626012668746
EK202310004423,152.0439484546689
EK202310221224,147.5506085842517
EK202310157667,129.78357931093885
EK202310215430,148.1405093022388
EK202310182844,147.36249847390167
EK202310236293,135.05907676376822
EK202310123092,155.0749203110088
EK202310125798,145.75212352128634
EK202310167474,159.2301905284801
EK202310124113,133.68941748684017
EK202310232206,121.93829187354793
EK202310222185,142.77742565113553
EK202310149306,146.27731038893205
EK202310167817,145.87255321353229
EK202310212632,142.99406362342805
EK202310132358,127.75889775310263
EK202310145151,151.6133437964986
EK202310141011,161.27696373338208
EK202310200018,135.52067723206878
EK202310132356,159.7624872347402
EK202310149165,152.75122446691876
EK202310129607,126.90877768427022
EK202310194843,134.04308090163394
EK202310190635,145.9034020333718
EK202310207943,142.30701986952772
EK202310164644,136.80135084077276
EK202310241540,126.28445295501876
EK202310116312,134.90874605502245
EK202310162974,145.92281777330913
EK202310151341,119.82584474927059
EK202310158724,147.61348139420235
EK202310247924,147.7724890892499
EK202310119010,129.6932166833197
EK202310186778,112.58459818973668
EK202310183764,157.20387778696775
EK202310151317,152.06956135253904
EK202310110771,147.06296502325338
EK202310180616,145.92736420235005
EK202310162283,131.72500883042767
EK202310228393,129.29028508083164
EK202310003867,134.42052657159866
EK202310162011,156.97739917886517
EK202310192785,156.65176429312973
EK202310205984,138.2057040454316
EK202310191301,149.42393123540546
EK202310205696,155.1890620834478
EK202310003384,168.04206817294698
EK202310244834,144.8658482760875
EK202310204220,149.0949436167156
EK202310110856,145.3616994815662
EK202310134787,134.5269294427131
EK202320007820,162.07537099936422
EK202310179208,126.15072882547352
EK202310223932,160.0571649893889
EK202310216781,144.667358396349
EK202310187602,131.04999019925074
EK202310179844,156.63758949794916
EK202310163357,145.88454946071153
EK202310137800,134.68193868535178
EK202310202504,150.1117090963313
EK202310152435,119.4012234299821
EK202310138850,147.4285557827193
EK202310120464,130.15751384154504
EK202310200493,141.63165796174815
EK202310243016,132.42135943221197
EK202310168573,141.46994287073366
EK202310163051,147.77622904230054
EK202310188721,160.24657746347475
EK202310187647,143.74577329270974
EK202310194460,136.711181603596
EK202310199853,147.3019639867736
EK202310199354,140.33516421052673
EK202310156872,148.60782673008245
EK202310183296,138.7295689157673
EK202310105927,131.76245949088243
EK202310106682,140.04938524579484
EK202310127329,157.33140454900558
EK202310116459,139.9585424075045
EK202310192223,142.91208693649068
EK202310004549,140.29367785594528
EK202310108809,150.62899940551642
EK202310180902,119.09189262182079
EK202310104309,137.11149841624243
EK202320005779,170.80330580889745
EK202310145003,145.62415532482467
EK202310234434,139.19493186331394
EK202310228455,140.93100898998622
EK202310196294,168.16064167101865
EK202310214611,144.50697933023034
EK202310128897,143.2015581719666
EK202310140953,153.0226686245645
EK202310153523,124.69855176663857
EK202310107262,144.23880320176474
EK202310177695,148.67445728085107
EK202310133157,136.42573740074374
EK202310243662,136.51852864897737
EK202310155394,141.92450608092355
EK202310126776,132.55610786415147
EK202310241762,146.5223058447193
EK202310141862,138.50307636481062
EK202310151835,158.57048870524696
EK202310128935,141.72451936414396
EK202310114330,146.39534980074347
EK202310166988,125.74074886053528
EK202310201794,130.78224242055592
EK202310181313,154.16898306116266
EK202310186725,147.3154222776513
EK202310146475,142.62423030945098
EK202310109755,143.6603148277115
EK202310161538,158.17998293368308
EK202310186435,137.50810343304616
EK202310193897,148.13109555657996
EK202310160769,133.6405375186523
EK202310212581,134.05684693972273
EK202310248122,130.6915390109798
EK202310235931,133.61025751914343
EK202310181771,164.6660461411318
EK202310155768,145.24121442345336
EK202310111605,139.3449313918707
EK202310127306,165.17670887098853
EK202310150190,135.93194772726022
EK202320005858,174.24797775384502
EK202310236072,149.06140505845318
EK202310225439,128.32329975722038
EK202310237893,153.12037052351906
EK202310136361,129.42236251409625
EK202310191072,149.06703382843327
EK202310181865,141.00013999065544
EK202310231592,149.8891330598197
EK202310207325,128.2895511527299
EK202310172714,146.5996634478534
EK202310224865,145.34218372987434
EK202310168576,145.50787306275276
EK202310103778,142.06349040465452
EK202310217586,153.63955552405343
EK202310231160,131.1119879629549
EK202310234098,153.5507936888688
EK202310178165,133.18109016445064
EK202310135798,136.92546425497247
EK202310207159,153.2097326291493
EK202310161503,169.9303899608137
EK202310164971,136.30313812087184
EK202310227797,138.3370586588979
EK202310138476,150.44142501615408
EK202310105436,130.0044689898299
EK202310171599,132.04438648294644
EK202310155833,154.8934840768082
EK202320007748,156.67487490347767
EK202310216275,142.34447592686044
EK202310178246,150.2549746640503
EK202310233952,135.3921246213661
EK202310236351,124.00576336130112
EK202310208975,136.91753049981756
EK202310210410,148.97114180766087
EK202310179531,135.17171248634415
EK202310207618,147.53912826100506
EK202310173550,168.0517434320438
EK202310226730,134.46370096241372
EK202310129523,153.52420605714508
EK202310220746,142.5016889784776
EK202310248566,151.0044264399652
EK202310193943,160.65299429793086
EK202310119814,149.76631730773465
EK202310142248,152.3691903236895
EK202310186304,162.17394056094312
EK202310138557,160.40878403196734
EK202310245483,136.8376065092249
EK202310132300,126.17863678692477
EK202310208081,141.5635314923778
EK202310230460,169.2447745802051
EK202310140474,143.64532105445574
EK202310212083,140.66057744932002
EK202310136665,133.04060137809049
EK202310131251,146.8622959921989
EK202310232633,142.27903888144434
EK202310147477,154.22514159985224
EK202310205850,152.1802848455834
EK202310202041,152.8270590196645
EK202310173763,143.44545678048172
EK202310160578,166.7155791176444
EK202310191339,141.23399067218182
EK202310212270,138.26416705846884
EK202310145728,158.58919119955942
EK202310221046,127.69412706535404
EK202310188691,145.8688807124933
EK202310171896,152.4470854916348
EK202310139766,146.18184899430375
EK202310173220,157.86981967462236
EK202310162948,145.97860967004004
EK202310105701,126.63151976214183
EK202310197311,153.6440698923523
EK202310147640,161.0558784711691
EK202310183542,138.8623574560789
EK202310183535,160.37680956146943
EK202310245904,150.7508751840799
EK202310133031,137.3021235577267
EK202310188018,157.80432491041722
EK202310135860,145.80796074682044
EK202310236943,123.69815999271654
EK202310156470,166.40370453729713
EK202310195857,152.0914342581672
EK202310187539,138.27174406232604
EK202310004424,121.48619283674465
EK202310217002,129.48823352134573
EK202310179415,119.9825364205816
EK202310120456,146.3099195440247
EK202310200863,138.31591676440524
EK202310147545,144.18452778027213
EK202310230822,137.46680112666985
EK202310121215,141.14143068958984
EK202310177411,168.5836485676158
EK202310224282,140.29876375507553
EK202310140227,125.82299408262134
EK202310129737,157.02730928370787
EK202310140849,133.94132885735306
EK202310189202,156.78386748538577
EK202310104642,140.90053013587047
EK202310208010,140.7140262891416
EK202310166940,169.3338584153387
EK202310162024,148.23342690799984
EK202310199815,138.19676667511376
EK202310152439,148.99234899086875
EK202310233448,138.8598393290015
EK202310242843,150.76973067140565
EK202310201491,151.02004610706567
EK202310107632,131.18823588133156
EK202310198770,180.72162436671866
EK202310137566,132.49385130397394
EK202310142121,133.90066964933354
EK202310190572,140.9291781137974
EK202310205775,132.29922689856272
EK202310220844,152.52288817435527
EK202310139338,135.52861423512115
EK202310108582,158.98201820469438
EK202310158552,141.41753392479697
EK202310184301,158.50918096237712
EK202310243616,144.68702643899564
EK202310151811,160.89431739097193
EK202310125407,132.56447015417527
EK202310139375,141.68713381855693
EK202310239439,144.8130540768353
EK202310155841,123.65328759127263
EK202310215149,143.08631602543403
EK202310107124,138.1186075494704
EK202310134118,115.29386160804428
EK202310194279,155.86474049955874
EK202310246720,141.04064030454933
EK202310162584,154.24872444978308
EK202310195982,156.24319858229654
EK202310228933,132.2278971161591
EK202310116256,146.6847414926122
EK202310114568,141.695071407037
EK202310131206,135.70580940454693
EK202310175053,145.68877038623435
EK202310221935,143.2023508612213
EK202310185735,141.0119639268376
EK202310223371,120.76970211023414
EK202310228532,140.0613621798216
EK202310201399,154.02439384397
EK202310225779,144.2139075763255
EK202310223354,151.02622028634627
EK202310149880,143.2815877318458
EK202310182361,138.76324958399593
EK202310245495,123.6656138903208
EK202310004203,148.59517001812313
EK202310179618,144.4094742246714
EK202320007066,155.57460885803738
EK202310114050,145.77719586875065
EK202310191315,147.17511287431012
EK202310146983,148.33635862804027
EK202310130594,153.45898844902234
EK202310242203,147.03425664792104
EK202310241138,139.81031400534383
EK202310156504,158.05371455995407
EK202310197660,161.85151989917034
EK202310140136,146.78734551332158
EK202310143917,127.1234183193776
EK202310219192,143.11073761859436
EK202310134270,156.07965113738618
EK202310232270,128.8986460038902
EK202310173917,140.01890923502552
EK202310173711,127.08305590603871
EK202310112756,125.83893534798815
EK202310204172,136.40870228832998
EK202310159759,140.62181347314726
EK202310186227,137.084025610512
EK202310185665,152.4129430687765
EK202310117309,143.7297673276939
EK202310197672,136.67570465097137
EK202310153079,133.31226278832122
EK202320006035,167.84785200392474
EK202310247525,119.88372262018378
EK202310161438,127.03646585461195
EK202310218023,154.75068804170706
EK202310150064,155.23950368887745
EK202310142573,145.58182755933402
EK202310124576,130.70845443048373
EK202310219887,140.2561159494056
EK202310120184,159.4768593264052
EK202310112918,138.25227960767648
EK202310109372,174.46672739340286
EK202310107015,151.15294378666417
EK202310150353,148.8475987665701
EK202310204484,136.39411199221453
EK202310146488,136.00696339126927
EK202310124804,155.53787278628917
EK202310185666,156.7168186486186
EK202310195519,138.09344884392593
EK202310160733,139.6097986857533
EK202310104544,135.1596952425688
EK202310184750,140.93883333282682
EK202310003740,124.67627451208797
EK202310226854,129.07535887306807
EK202310125742,152.99917844312762
EK202310168317,136.29133887568014
EK202310149766,150.71374589134004
EK202310190272,150.86894713406554
EK202310146274,142.78021055626508
EK202310112851,139.08243516446777
EK202310175254,154.36149609868534
EK202310163259,132.02237064854336
EK202310133880,137.04385945485586
EK202310217079,127.42039168277866
EK202310170637,155.32242662758367
EK202310194778,114.18421440122967
EK202310218095,151.32454159952792
EK202310135253,156.98691683363424
EK202310197692,150.75704983947458
EK202310208639,137.68269987803714
EK202310246924,131.22020985465178
EK202310189081,146.87590146315642
EK202310186006,145.92918094719806
EK202310234924,137.9325592361872
EK202310159161,151.99622252775544
EK202310118361,127.44562352270302
EK202310103934,122.78830721410012
EK202310218075,145.84033465608374
EK202310151847,156.43605487747845
EK202310227485,152.45762420650846
EK202310215170,137.67017091078984
EK202310182285,144.28026273014055
EK202320006523,171.02082844579724
EK202310226724,132.67621700859357
EK202310144268,155.29583685437785
EK202310156630,167.757149382555
EK202310245294,141.8458547516292
EK202310223363,134.35209332738447
EK202310237800,143.98067096081178
EK202310173460,151.2985599672948
EK202310209655,147.60930609262775
EK202310119136,133.62409778270236
EK202310127314,168.1183805612956
EK202310193844,145.3733323267586
EK202310162315,146.6154760403357
EK202310218294,136.71488877796398
EK202310151071,130.9964978677014
EK202310217686,139.07115633051586
EK202310154435,163.9103120571271
EK202310191927,143.79326172201007
EK202310181837,134.19278949100902
EK202310148256,160.12956348360777
EK202310230363,138.30113115685174
EK202310156095,132.77643668285586
EK202310169939,146.95647814859558
EK202310141818,145.705033072656
EK202310230706,135.69163111367644
EK202310138074,139.39146152553795
EK202310213136,164.65450234411517
EK202310245174,151.91863338551013
EK202310149067,158.2970089373392
EK202310215609,140.67361680056845
EK202310170363,128.27535087492942
EK202310238402,143.8492137919976
EK202310117314,137.42814362014695
EK202310241750,152.1578618656624
EK202310154247,126.14810913145504
EK202310148755,149.33285415624312
EK202310150162,133.8311822514356
EK202310189110,134.3086872487197
EK202310168769,167.1659037166141
EK202310211938,140.77187185982243
EK202310176335,148.15503707755136
EK202310113812,126.4933385592677
EK202310123004,131.74121045775917
EK202310205174,146.71977295586484
EK202310168759,144.90198619592414
EK202310213442,121.30042253892137
EK202310239610,155.77658448211184
EK202310195241,131.34115938462614
EK202310153703,160.63398239934298
EK202310150341,136.68720733134592
EK202310208289,136.9198458845654
EK202310111014,148.77043709821936
EK202310221055,146.23612877008384
EK202310201138,172.8485765519532
EK202310004391,134.10327941733865
EK202310155939,147.80668065398274
EK202310148376,137.141372860053
EK202310116871,145.37938159805998
EK202310197518,130.59257393935482
EK202310119757,132.97371141887183
EK202320007473,159.05272462864536
EK202310134809,142.52867562382988
EK202310189457,170.22536806476566
EK202310185033,149.21796113283483
EK202310229340,148.21306215618833
EK202310122288,147.83082116749972
EK202310120743,146.09650907549843
EK202310242075,150.85217574886582
EK202310140597,145.07998138540572
EK202310242069,119.2974426955365
EK202310136890,149.2348688629857
EK202310209810,137.8359983844643
EK202310223071,133.18759496847534
EK202310218487,147.57322981442434
EK202310232696,159.33556772053592
EK202310209345,139.3915255513707
EK202310170813,130.46267556875287
EK202310153786,167.03246399685247
EK202310151789,143.28226539941278
EK202310151677,120.15386364047114
EK202310137204,138.05574890294764
EK202310218836,128.37291137609847
EK202310151080,132.40905730062076
EK202310164354,145.9507866050385
EK202310173775,154.00784059133736
EK202310121695,152.78386211159872
EK202310205477,140.56398592441906
EK202310157033,145.42345877178565
EK202310119370,137.57968018871105
EK202310126142,160.8238048205553
EK202310205658,149.71904141742775
EK202310186719,163.49380731476657
EK202310144182,140.1849691801827
EK202310246415,142.97933750968053
EK202310227129,161.99815014498714
EK202310156707,155.7129696359471
EK202320005770,165.74246149809116
EK202310166383,155.91853814783562
EK202310210479,130.34100213989822
EK202310179571,142.39341399176305
EK202310187791,140.24332852509744
EK202310171969,125.65952620318829
EK202310132165,157.47814137031298
EK202310124907,138.76400497598414
EK202310208889,153.23918261548263
EK202310247697,142.23666909113734
EK202310194854,135.80490655011482
EK202310225021,165.86082845221148
EK202310238477,126.42156500670626
EK202310239246,126.56144619747086
EK202310176503,142.12008637877614
EK202310176496,140.09089555028925
EK202310198306,155.86189998763746
EK202310188583,139.42425717358336
EK202310207194,154.82168927329863
EK202310219806,148.66291894992108
EK202310227819,109.65596607541477
EK202310164368,168.69510982069528
EK202310239912,141.88532570744272
EK202310198458,145.24307127138613
EK202310142902,139.52938332328446
EK202310240388,140.62240795801566
EK202310222895,142.12740497352752
EK202310160875,143.0800139756779
EK202310167060,156.3950120794175
EK202310224028,172.2882587200206
EK202310151657,140.30293100860365
EK202310155117,127.99925640586399
EK202310136926,137.4673690567203
EK202310143427,172.7782910037421
EK202310172189,128.57583877231642
EK202310125542,122.01244302525063
EK202310217168,149.63068185079263
EK202310121975,137.8811764659303
EK202310182960,125.40438290738675
EK202310128220,125.72988813056367
EK202310112524,140.15902188494633
EK202310212379,138.6648481104297
EK202310207577,150.48844553177983
EK202310153262,156.39012105545862
EK202310198456,144.456702952853
EK202310108358,130.73529939436457
EK202310160189,153.22731490897465
EK202310210891,128.2561886668293
EK202310193109,132.24319497342867
EK202310181289,147.6523132658635
EK202310131577,146.36735824339752
EK202310211895,152.0572150911888
EK202310190829,155.71472137281452
EK202310127301,154.97211446865688
EK202310116811,135.02968412926776
EK202310107250,145.72539673370667
EK202310107498,125.22229099122981
EK202310192130,141.6936912047705
EK202310132040,138.69290472708263
EK202310175120,130.97769183465803
EK202310246012,153.75081733292762
EK202320006537,168.2099516573582
EK202310129645,152.61095037096166
EK202310188742,143.42223532397256
EK202310196813,136.56151740811606
EK202310125413,151.50917442376505
EK202310166995,134.90515509896488
EK202310146585,133.58134477349512
EK202310229973,140.91952074329612
EK202310247518,137.82198252840385
EK202310198340,135.57994831158473
EK202310113811,132.19594151622144
EK202310188773,149.54088612471955
EK202310109282,147.7186859258214
EK202310240034,146.02270302712893
EK202310215437,139.58356486409963
EK202310194389,161.50289041211752
EK202310172196,127.46410604378121
EK202310165827,142.76734205020253
EK202320005561,153.957571942367
EK202310149595,145.11213192128173
EK202310168288,159.16696627015543
EK202310140892,125.19773480261885
EK202310184756,147.3665699251944
EK202310155970,144.79103526788376
EK202310219701,137.51861789209912
EK202310174732,129.88262764963338
EK202310195694,152.24543039708445
EK202310213272,147.22325311500043
EK202310140437,151.12813628040215
EK202310235734,131.91208119231615
EK202310130236,166.65062217645453
EK202310144191,140.2183883979995
EK202310190014,158.80115338691084
EK202310244140,142.9268907686276
EK202310179886,151.54718614624653
EK202310124185,131.8638839359489
EK202310153209,118.5650748351291
EK202310153141,150.96215769835808
EK202310203881,138.66389762296618
EK202310166214,166.58994756388878
EK202310165860,152.70639128398676
EK202310221150,132.7615235604348
EK202310212669,132.4098909153059
EK202310183646,138.61299400674278
EK202310161293,143.3632574180539
EK202310123374,129.0261111036224
EK202310167702,123.74555082490487
EK202310218991,138.26386315326138
EK202310153681,135.77819724639008
EK202310132053,155.88708731863338
EK202310181558,126.24445652747958
EK202310234347,154.3317400452499
EK202310205398,135.71409226274878
EK202310236180,131.52239874967003
EK202310215127,135.73908837825894
EK202310184646,167.54737189520674
EK202310248044,135.52916504448206
EK202310232425,131.00235540183013
EK202310151757,135.204083915512
EK202310134956,168.27705893575367
EK202310203447,141.91012790064127
EK202310125366,136.667662630228
EK202310180083,139.93524629129354
EK202310170602,148.35647909027134
EK202310189329,141.31145456869007
EK202310152190,136.6697546579693
EK202310118845,141.1452447443274
EK202310202683,140.57100147089523
EK202310131733,152.46411640181657
EK202310151659,135.38948458087637
EK202310111223,147.5504268418745
EK202310189015,149.26942082249354
EK202310204933,134.28109965424986
EK202310220311,144.85505646278145
EK202310153186,151.94791489197925
EK202310204998,147.606283874364
EK202310206640,114.23288581931286
EK202310148731,151.28986824208116
EK202310177950,131.21453794750866
EK202310236764,146.96920175863005
EK202310149184,116.95014645540014
EK202310243178,160.41966209371287
EK202310149329,153.71082276843447
EK202310124506,139.73834769796946
EK202310175231,152.8103779450318
EK202310117163,139.08532270105772
EK202310235121,157.43589153992764
EK202310201963,140.7959135119078
EK202310177877,130.56316872735752
EK202310196442,135.98139873897918
EK202310165909,144.26703889661107
EK202310148120,147.81811874267058
EK202310165323,137.45433456552826
EK202310148717,138.31332760544623
EK202310110684,116.56225885857387
EK202310131621,154.8390155143573
EK202310155848,136.9278989732978
EK202310116241,136.2969760204903
EK202310139259,156.1140675521422
EK202310125773,135.73453641728196
EK202310233036,155.42010129329827
EK202310149022,144.959934165072
EK202310189335,131.4110209754258
EK202310124884,136.44224293533287
EK202310120137,137.71871601441657
EK202310164298,146.61698402714813
EK202310210341,154.8231270724008
EK202310235088,140.8664855592865
EK202310187731,143.35529802183007
EK202310243618,143.58085660262552
EK202310246975,141.36355519783893
EK202310178699,179.47783522339165
EK202310208826,130.54675358343897
EK202310192931,151.710570028749
EK202310144942,138.00342436635532
EK202310204406,145.12136375824804
EK202310228390,137.99193390825587
EK202310116598,159.57694529760653
EK202310168298,147.94653636321354
EK202310221487,151.73186445783656
EK202310129003,132.31419902551076
EK202310199518,142.1498067614441
EK202310230415,137.9952775018719
EK202310229198,127.38234216140592
EK202310191619,163.62745412315707
EK202310135624,143.38943114209331
EK202310188764,127.10277644611254
EK202310194928,136.76467088184603
EK202310136019,140.69246138207254
EK202310193486,143.4648532464858
EK202310114440,129.57969487514492
EK202310233214,135.7684110827758
EK202310228766,136.6091027602282
EK202310149990,167.34995660937062
EK202310122654,136.18323578089525
EK202310221978,148.06625520556358
EK202310166235,126.29393101069073
EK202310165801,136.77255619721467
EK202310164057,132.81663262377197
EK202310168718,135.5774588375047
EK202310108201,149.82312025247222
EK202310206343,160.52582376403322
EK202310114675,122.95570387080339
EK202310188537,140.9593600635941
EK202310179087,144.28382425451582
EK202310187084,171.61009133346022
EK202310187925,124.53733573394867
EK202310170956,158.37758053775372
EK202310212887,127.38693140731928
EK202310137413,141.62646907693735
EK202310217648,128.1935715496881
EK202310174679,153.69436949437883
EK202310229265,136.60924670331016
EK202310148461,151.04354882524197
EK202310222772,133.70105890239196
EK202310113407,142.16200790753797
EK202310206546,141.39864608495458
EK202310224810,138.01835638969004
EK202310228008,134.82656488489684
EK202310165670,138.0379830758606
EK202310188801,172.46632495313452
EK202310163428,128.14519536749597
EK202310155452,133.35926427684225
EK202310188057,146.26940421106684
EK202310191879,139.3936877909128
EK202310221170,142.04874406596863
EK202310231103,132.6581459977407
EK202310242198,154.91837030248834
EK202310187526,155.65901802244628
EK202310188098,138.62046810405937
EK202310203053,148.06903583170748
EK202310215291,135.87193445177218
EK202310175087,135.49593041199068
EK202310187624,164.23404007221944
EK202310190415,143.1038935287912
EK202310123309,162.9372998196406
EK202310148164,139.2244879287971
EK202310185918,129.18489091739852
EK202310122611,134.2257432462524
EK202310174402,138.5994971209735
EK202310165680,131.48051493323558
EK202310234342,147.7661934731507
EK202310196937,157.5318800037201
EK202310111601,136.78891933492744
EK202310115643,137.12611544176718
EK202310111554,137.51512013912992
EK202310128358,130.76019858451
EK202310131862,141.7829337079833
EK202310207446,141.65076959666433
EK202310189921,160.8887849068482
EK202310129789,157.33314257697992
EK202310226523,139.05743155259282
EK202310231417,129.42620297070874
EK202320007285,175.39238792451906
EK202310217873,135.9401274049483
EK202310105042,149.16244515022586
EK202310136636,145.47090551771842
EK202310175915,150.42716329346567
EK202310003483,143.54257465495633
EK202310200419,150.82512365858315
EK202310117924,152.36421589892828
EK202310181210,150.25362127260556
EK202310202561,156.70951298519012
EK202310107499,148.26861113505427
EK202310107137,137.9432331014262
EK202310231924,140.40095836056932
EK202310144923,145.8394886183644
EK202310207718,147.60803745896828
EK202310212477,144.65839236389002
EK202310107846,132.45002589683918
EK202310185004,141.2935706305816
EK202310134355,156.04195857659704
EK202310170491,146.84412667850745
EK202310234495,137.24079644072137
EK202310126339,137.89767842852646
EK202310185015,135.45698569512928
EK202310208389,129.50543249545495
EK202310165712,171.60657042197178
EK202310168161,157.1214941207349
EK202310152314,143.0553301063812
EK202310207349,135.56007713939277
EK202310195623,146.13390854088894
EK202310187039,137.57938544075174
EK202310141159,147.617686841653
EK202310209863,141.18645949426627
EK202310160465,146.70395067696688
EK202310171624,130.02764170642644
EK202310227086,155.06900711802865
EK202310177422,142.0196481476892
EK202310240033,141.801894785666
EK202310147863,149.81763982267006
EK202310187436,152.57090742309197
EK202310210870,138.77389906306854
EK202310104543,153.29867488993835
EK202310136266,130.62819735243298
EK202310169848,146.71223907318017
EK202310134804,132.52866576903858
EK202310128125,141.1984213040735
EK202310105804,137.8195653747522
EK202310240636,134.07376907573027
EK202310128250,126.56552560993075
EK202310167986,147.27726562516997
EK202310223738,125.76332270679072
EK202310194978,155.19793407686598
EK202310174109,135.428794252655
EK202310234407,118.90009002511665
EK202310174138,134.79327420320826
EK202310167183,141.1909194060848
EK202310111941,140.01773305091984
EK202310199956,144.70489963471147
EK202310116743,141.51921611588736
EK202310140835,153.0324178048264
EK202310179216,164.43572488977995
EK202310205539,162.24975239124035
EK202310196566,146.91376641575926
EK202310224930,147.45920651896847
EK202310120947,147.45907311546438
EK202310170902,126.3337247413942
EK202310235028,146.1807747865242
EK202310113734,139.42363530292278
EK202310204036,139.01804100561657
EK202310230642,130.2417335429622
EK202310131709,136.34240048499908
EK202310226061,137.6135375584202
EK202310175946,138.16126926691666
EK202310152205,150.68251112094993
EK202310188482,147.12151417637293
EK202310108311,137.30193793280966
EK202310191290,136.64551760039453
EK202310144489,136.01987844806766
EK202310172283,138.20582071722612
EK202310226719,151.41767327825866
EK202310159716,154.67113541780745
EK202310199594,150.9487030478718
EK202310173559,134.29266846567342
EK202310136955,142.76542211366674
EK202310116269,133.78733545459275
EK202310193704,150.12610959545498
EK202320007431,166.71057919240138
EK202310132812,156.08920365466955
EK202310180739,136.8204066952948
EK202310174941,159.23356497366785
EK202310178926,143.01574566371545
EK202310194112,149.430349942507
EK202310133210,135.96715849215929
EK202310192212,126.69964251369296
EK202310120175,139.8889228249857
EK202310139063,149.88896154414383
EK202310110816,130.9139075200596
EK202310133264,147.2949515379631
EK202310104140,148.01452735868756
EK202310162125,154.68670273229878
EK202310144954,128.76270408877897
EK202310169762,127.48233035237335
EK202310161221,154.13029848808256
EK202310216951,141.94271288927095
EK202310231726,139.7530061556442
EK202310149140,169.8352863060443
EK202310129051,145.65220426802009
EK202310134433,135.29165785319094
EK202310247557,165.85073460543504
EK202310231514,123.98352587677637
EK202310224127,140.80953167756456
EK202310126711,135.25234594873515
EK202310145914,133.88006656471214
EK202310147010,163.9868954880639
EK202310141199,146.3770320917378
EK202310163547,136.19862261449225
EK202310204148,139.98590561917126
EK202310159997,148.84241176509266
EK202310147517,142.07661521662976
EK202310120397,130.43254456351735
EK202310154029,144.9501223360196
EK202310208628,136.89434892868056
EK202310240529,147.7388461433259
EK202310119023,160.9662895511243
EK202310171849,135.47451273824316
EK202310180911,144.32199354901255
EK202310111220,128.43521340093693
EK202310155400,142.30084217496682
EK202310205379,135.0085206875026
EK202310151041,140.40684357228707
EK202310122951,139.13460057182724
EK202310196536,157.9433435890706
EK202310160766,128.0154710848107
EK202310209097,155.96160070687253
EK202310140289,129.61962127421708
EK202310133699,163.6510223456688
EK202310193965,137.3279150784315
EK202310201530,147.83178357003942
EK202310131280,138.03613304667664
EK202310225831,137.9761406884346
EK202310197460,144.99494599723505
EK202310225230,125.14289573688568
EK202310158454,148.7977619147438
EK202310245266,151.20000289674303
EK202310175415,140.52565272544956
EK202310194223,147.02947714992172
EK202310199942,151.08989577578438
EK202310233835,150.7229554738126
EK202310220027,152.64346914020123
EK202310119464,150.64672796550704
EK202310179368,139.7232248429982
EK202320006345,150.47779872039405
EK202310124702,139.82111923759487
EK202310197937,129.2051941262271
EK202310159091,145.10518515424067
EK202310138888,142.26975945576882
EK202310216680,134.6087404833432
EK202310240252,140.0357678014401
EK202310175387,145.30333437151836
EK202310199869,128.60176640896847
EK202310140275,139.49773833913073
EK202310151577,118.44181297225376
EK202310130981,127.79311122833822
EK202310131764,122.69118650031007
EK202310121874,142.33336394536988
EK202310171868,139.04888481018966
EK202310140109,164.80782240138927
EK202310120574,133.27268553148593
EK202310151566,136.61749200822237
EK202310124827,158.43429712645516
EK202310120607,146.88563056450116
EK202320006257,157.61943996529774
EK202310220130,152.38630348691086
EK202310144885,145.1192032448392
EK202310186525,134.413853824071
EK202310219807,154.14077575639845
EK202310167657,147.16414152842307
EK202310123275,130.45361424383924
EK202310215234,153.5059880292395
EK202310146524,144.76225885452507
EK202310169940,133.8233088170521
EK202310243649,121.69553137206393
EK202310183687,133.77541752103483
EK202310130415,159.8538314138232
EK202310188385,144.17541419105441
EK202310158217,154.68861653179368
EK202310004449,143.01351668315618
EK202310193236,150.5439582660849
EK202310151651,145.7937037446382
EK202310106009,157.58317905601396
EK202310185711,148.63519678465562
EK202310104495,126.87785678565791
EK202310144848,162.0644514619254
EK202310180048,139.19601049564764
EK202310137754,145.0320157305201
EK202310156546,161.46273312204514
EK202310137352,139.92704201323048
EK202310182441,117.67695860126153
EK202310208167,154.42151620688182
EK202310223871,139.83488049316819
EK202310172342,131.76369280473716
EK202310219366,156.0999697559044
EK202310196187,146.43449873548298
EK202310138150,116.76753744491975
EK202310172299,131.33551752054674
EK202310127364,166.74195642406522
EK202310139869,142.51917743113395
EK202310128954,146.4917647231331
EK202310146322,146.56438053615273
EK202310162849,148.8934250954077
EK202310181038,132.7791341030458
EK202310170175,144.89055109355525
EK202310112098,157.3862007702504
EK202310176673,132.40930914076839
EK202310139559,150.6760545537377
EK202310233592,155.80186816418376
EK202310224263,150.2494519110528
EK202310110134,150.5079134789597
EK202310226556,148.34283228506908
EK202310209883,143.2848035110211
EK202310231890,140.44190541574557
EK202310190968,160.89694801266432
EK202310136859,161.57194742371377
EK202310247260,129.87996447365975
EK202310172360,117.41974706389661
EK202310210416,145.77409859399745
EK202310227699,143.27786887253527
EK202310213569,131.53195957441142
EK202310224874,126.27334557184375
EK202310169709,156.5010194991287
EK202310228257,147.60061248746854
EK202310141038,149.47446162336337
EK202310129192,131.65321109415854
EK202310107751,142.4036795358483
EK202310140717,145.4338136142847
EK202310228229,148.8255949079139
EK202310207072,140.2170840583439
EK202310202830,138.58021535308842
EK202310148905,147.7723695865671
EK202310127758,150.27218351715885
EK202310178020,142.25652594991868
EK202310193951,147.25949157175054
EK202310155292,126.60926914651776
EK202310144487,131.49520697229963
EK202310121253,139.9601523070705
EK202310148088,138.85907676315801
EK202310187124,139.38205754761344
EK202310229693,135.94996884911734
EK202310201484,145.29817715010518
EK202310129571,141.0326035045368
EK202310125950,149.1458904930954
EK202310185603,163.37174832163788
EK202310114453,156.82308469979603
EK202310117950,171.22746503164194
EK202310119043,146.4848089950982
EK202310198703,181.00256927697498
EK202310140299,145.79307496124997
EK202310135296,172.36772514262077
EK202310107227,139.03655332933815
EK202310240359,150.95009933015106
EK202310240921,134.7545605003686
EK202310128737,137.7716795572027
EK202310124258,139.74985398969977
EK202310220986,128.57178623246983
EK202310120232,141.3928548109659
EK202310164246,141.61803005030782
EK202310179029,140.12547160091856
EK202310162108,178.69597958205173
EK202310117566,132.14649304430588
EK202310232452,133.93494703394038
EK202310199397,165.01968298961918
EK202310150619,150.34162663365905
EK202310112912,135.987937593716
EK202310196213,171.93954721144283
EK202310128306,135.5869588145723
EK202310186545,141.48903783931266
EK202310245338,146.1195391456195
EK202310126833,145.80682635824843
EK202310183324,127.8557580787236
EK202310206548,138.70494219893786
EK202310162684,138.20541028081362
EK202310158471,162.51728409608742
EK202310237583,140.94008836861383
EK202310142976,139.45431894533587
EK202310181877,164.6043931464695
EK202310193411,131.42437161557055
EK202310140403,128.0484356900464
EK202310223571,137.48600141401286
EK202310200630,146.71694133105063
EK202310219428,137.87091865732788
EK202310149680,148.64901916922923
EK202310109895,144.57633846686636
EK202310204098,154.24641187191057
EK202310177412,155.709267776314
EK202310219692,131.51186251571494
EK202310103878,148.697270842092
EK202310193630,134.60678986770412
EK202310109504,141.30783720722962
EK202310109364,137.3803375715257
EK202310239283,147.4435250584019
EK202310104478,129.282549297191
EK202310204048,147.625949026663
EK202310159059,150.50527242575276
EK202310156030,159.33434456341627
EK202310245545,144.67188769360484
EK202320007416,169.34273624579123
EK202310221846,145.83309214221634
EK202310132308,154.44687257618432
EK202310197059,133.36019177542772
EK202310234332,150.2664259997337
EK202310194822,167.091119776467
EK202310148932,130.81394207208913
EK202310128434,123.79366089629691
EK202310238922,140.05480169007978
EK202310114232,152.73531629725093
EK202310175005,151.2048887874766
EK202320007002,166.29671855878055
EK202310197439,130.1308599389733
EK202310236355,131.45146579925333
EK202310003833,138.36937421464717
EK202310204832,140.4306311098028
EK202310004506,122.00460708532404
EK202310121065,149.07205709502014
EK202310127094,181.58542074550766
EK202310213840,152.26745544258813
EK202310114333,128.97971588238366
EK202310145274,164.47579580952552
EK202310222042,132.53900383149747
EK202310213433,124.69107968280254
EK202310146144,131.15195705606598
EK202310204047,136.22992436577832
EK202310212828,153.00616590804512
EK202310138593,129.60876687687346
EK202310226806,125.71122561128266
EK202310208095,142.8005263909546
EK202310114814,141.51507617460757
EK202310186543,152.37873776934322
EK202310110336,131.86743415976977
EK202310167478,142.15294712121928
EK202310236430,121.08672230606446
EK202310217023,135.01934254342004
EK202310153953,141.05989673022688
EK202310230502,130.3403843599533
EK202310247381,140.09445879367962
EK202310208704,136.85607410401124
EK202310139824,131.16520701286248
EK202310197168,144.6712521621649
EK202310128080,153.32997029551865
EK202310123269,143.56441774729677
EK202310121955,139.64843711854908
EK202310161214,151.29576318169964
EK202310133556,140.44031373609573
EK202310197481,130.46131050798334
EK202310246538,129.41956595938436
EK202310194330,156.52972926800282
EK202310178652,132.45990596554466
EK202310209776,148.40504821759507
EK202310242382,144.80550397102547
EK202310234518,142.25453816501573
EK202310217553,134.18193714955217
EK202310003369,131.81737625820304
EK202310207859,128.98823860053196
EK202310215266,140.24427937085548
EK202310191942,148.06630470719992
EK202310113737,138.26069813879207
EK202310128655,154.2561946943474
EK202310248203,132.5127221644317
EK202310170678,152.55588501291328
EK202310225376,148.85869272453178
EK202310198236,136.61436774357807
EK202310138567,144.74910001555125
EK202310148635,148.4605879862347
EK202310121362,153.13394769066727
EK202310216537,156.1422916497492
EK202310244010,123.93316175837427
EK202310199391,166.16229659899565
EK202310150957,131.26443804652857
EK202310160956,162.56456383777177
EK202310234204,129.84917860745867
EK202310230587,158.46048135171807
EK202310212166,156.4703819058591
EK202310164638,146.62452859633794
EK202310157872,151.75423184064513
EK202310206238,160.51876829138837
EK202310137733,127.91261294880888
EK202310123238,126.51306090177296
EK202310201665,133.55340238843033
EK202310150077,134.044500428813
EK202310140491,118.41740423291301
EK202310183010,147.41366877906594
EK202310168338,138.83765188995545
EK202310146731,135.45149324245946
EK202310201575,142.29163111988535
EK202310151646,130.23382886725733
EK202310110613,147.12312943726735
EK202310107412,151.53918602697902
EK202310110590,115.38285901172321
EK202310127237,163.7473660375616
EK202310217513,139.8598184233672
EK202310148694,166.6475238333878
EK202310223185,134.69429308142358
EK202310172511,152.8823269013094
EK202310219014,149.1795080719352
EK202310134780,143.96681296451953
EK202310117915,127.7300733262751
EK202310153389,136.16767889135082
EK202310207296,132.27066450543853
EK202310132494,131.84767307407708
EK202310187803,130.1077951657468
EK202310233954,135.86218870344211
EK202310119049,120.10635100200864
EK202310243256,147.007856709849
EK202310244548,119.4932313146069
EK202310240124,150.11391454232484
EK202310148734,125.45416074411649
EK202310131233,138.6106956308118
EK202310220058,127.16971481493108
EK202310217202,142.95971629694733
EK202310179774,138.98489368792025
EK202310227794,143.43401617223816
EK202310132105,135.00064409057725
EK202310177761,158.04452519441833
EK202310227840,143.6417854186984
EK202310169016,138.53096247388586
EK202320006837,169.51222625633397
EK202310108574,157.2827332614089
EK202310190548,139.39535055000542
EK202310109486,135.4338179329808
EK202310200259,166.79500573701972
EK202310162701,169.55701565586494
EK202310160336,140.28764737987632
EK202310212709,135.2112742529962
EK202310226725,140.09271106355231
EK202310158681,143.701098627451
EK202310107964,143.70543830314836
EK202310235518,144.4870797694229
EK202310123552,148.49900110930187
EK202310201865,147.03020339036868
EK202310145317,159.89296402098648
EK202310183030,156.8460728131316
EK202310200118,162.36883791938496
EK202310114422,142.60341762281308
EK202310157848,128.69868368172052
EK202310239370,149.1827378292335
EK202310131836,169.27362412680668
EK202310143421,131.35713014957776
EK202310205485,130.93970633370498
EK202310168662,162.1004253457844
EK202310154586,174.6243318972522
EK202310186744,142.26108744538507
EK202310233340,138.80517289056888
EK202310239910,125.407214810906
EK202310245136,137.70991825421748
EK202310149851,169.38617198284732
EK202310149779,149.0302702165971
EK202310228990,144.86061700368873
EK202310242178,150.0254510960956
EK202310133873,176.67967414008598
EK202310164264,145.28469344965822
EK202310231632,136.76394390540418
EK202310144424,131.02547718568422
EK202310112760,126.61866443003923
EK202310212956,137.7765665920383
EK202310145964,138.2116420549701
EK202310126563,127.33108330520325
EK202310109694,152.69698548190553
EK202310128490,134.8363864800475
EK202310180704,169.14489711121956
EK202310126998,141.66890741069867
EK202310112115,138.56503316781507
EK202310209159,144.4884549177154
EK202310191498,133.4719002999984
EK202310216436,148.2859721365179
EK202310163197,149.1282724017955
EK202310151701,134.32999995167322
EK202310110130,130.30678310673716
EK202310226705,144.24623863247544
EK202310139340,167.4014516071948
EK202310110862,140.570913892267
EK202310127381,156.80361961697642
EK202310202546,167.60997725264355
EK202310225643,147.86406199029994
EK202310213096,133.60743159675877
EK202310235079,145.30347129428608
EK202310109108,174.04578493423656
EK202310225137,149.9083073318372
EK202310187484,137.0122121643216
EK202310244698,164.22346859446031
EK202310182643,153.08366957364638
EK202310172470,157.0077644537383
EK202310202542,123.56705260764504
EK202310240368,143.7814403613148
EK202310103843,134.9887627229129
EK202310219530,139.76160195168686
EK202310176306,167.69791142099652
EK202310239841,143.51800961716097
EK202310216087,143.03782811605188
EK202310153817,137.7036846715994
EK202310170433,142.22364072330708
EK202310219831,140.27624867823508
EK202310232545,149.33538822112973
EK202310128070,149.17987884632598
EK202310160215,135.4610871203842
EK202310233605,143.04678285924518
EK202310004309,142.57699011572143
EK202310162940,156.34882639492494
EK202310229901,130.63586170249033
EK202310155025,145.44069197655006
EK202310127004,145.94736322835692
EK202310247408,139.65801203852777
EK202310202128,146.65990005047638
EK202310178091,121.6162569824109
EK202310123328,132.74720811810622
EK202310228444,135.2076208830245
EK202310156135,141.12358896195207
EK202310164582,144.22643975687257
EK202310120354,136.68956176354064
EK202310225755,164.68570610475805
EK202310242750,139.54058409743433
EK202310142998,148.23705258771912
EK202310224125,144.44424273772734
EK202310169891,161.60931027742149
EK202310115679,126.24874809778262
EK202310198800,167.6878108051009
EK202310105498,145.1741101706251
EK202310178156,161.96251208278278
EK202310186930,157.82480180789506
EK202310133899,139.3762017338247
EK202310156394,138.63268925297436
EK202310122250,147.43417283367455
EK202310148614,136.36284967853888
EK202310195974,150.07315516007952
EK202310140125,122.97181766793653
EK202310210027,163.47040130448664
EK202310123730,128.0716531719443
EK202310116187,144.15466645684157
EK202310159940,134.50026722982986
EK202310120469,120.89977265838895
EK202310153614,144.46045619364182
EK202310233640,133.91937018889763
EK202310185515,154.1710296994444
EK202310205120,147.28160305611763
EK202310178305,145.1618435510845
EK202310184917,173.3866162605179
EK202310194354,154.53466511233626
EK202310171208,141.97737034749935
EK202310154255,163.28053001678984
EK202310245884,147.65513970155766
EK202310179361,144.33830597488694
EK202310181720,150.2692426784364
EK202310198136,158.24248730525565
EK202310123723,147.9598762040623
EK202310162489,145.52306165115294
EK202310242175,145.48945716948472
EK202310224905,146.9290356206187
EK202310248091,147.9592383429399
EK202310123593,156.65201178349312
EK202310183684,124.40280743553733
EK202310235351,151.91963630376412
EK202310169872,143.2094100283267
EK202320006484,168.36456993888496
EK202310199450,166.19644421093042
EK202310109127,135.4754094015914
EK202320007711,163.58585281793538
EK202310156432,129.08641335959067
EK202310233998,128.94011706666632
EK202310128218,134.1076384137025
EK202310121076,137.1047032034274
EK202310161013,124.88565322371231
EK202310116233,138.506439413744
EK202310172825,134.81570459002512
EK202310126048,166.7998217478496
EK202310238467,137.50609216953362
EK202310172112,135.61304116951712
EK202310105094,152.41824895723042
EK202310228653,129.43555519222934
EK202310166974,141.64909822774067
EK202310236937,131.2525927265977
EK202310155066,139.93600384032038
EK202310110822,146.96192970914893
EK202310117204,148.58818226568613
EK202310124699,142.43832764503918
EK202310201420,134.93613222952413
EK202310193066,155.17998651703527
EK202310103851,127.15782036199704
EK202310107858,143.523887885446
EK202310136568,156.8056130204915
EK202310108975,150.12165149408082
EK202310123028,130.26861973340604
EK202310124327,139.71663830833091
EK202310127718,151.6950807300349
EK202310155357,136.80260125512635
EK202310230360,141.37369524445626
EK202310107277,144.23730564916553
EK202310140418,159.82891479426496
EK202310205320,149.90582816066015
EK202310111068,144.486921207086
EK202310199336,150.88396980462718
EK202310124051,145.07115755661903
EK202310137534,135.8925802453655
EK202310134728,121.86015355072853
EK202310186537,139.676795668334
EK202310212779,153.21947534545652
EK202310184455,154.70920292798107
EK202310243388,130.3850219841838
EK202310137422,140.85617870036606
EK202310241788,152.86394389128884
EK202310107922,156.90371211936014
EK202310193955,140.16207376126562
EK202310194721,147.55461071464268
EK202310146903,139.66763908594422
EK202310134637,135.1197636728117
EK202310115633,126.86118417291897
EK202310226326,131.00990076767238
EK202310191621,163.80382032143427
EK202310218537,156.0399065847294
EK202310140032,139.4088710064138
EK202310187906,159.11342149780364
EK202310160631,140.9850372517407
EK202310235165,131.57284578309697
EK202310226953,144.80097258643877
EK202310231462,139.95483079760967
EK202310131496,152.19037444132704
EK202310215576,166.39456701498824
EK202310122149,142.58231728877215
EK202310167024,149.0729345858791
EK202310201015,156.9743098820784
EK202310139845,156.49341210917615
EK202310206739,145.16827061530694
EK202310107474,122.93820929153252
EK202310212444,144.15711834852542
EK202310160242,157.0127144057905
EK202310151058,139.5192295066269
EK202310107745,148.46889260657844
EK202310180777,142.40466830863403
EK202310118200,135.45139116501142
EK202310110288,141.16139196419505
EK202310133962,157.1351937760241
EK202310209998,150.38720708658093
EK202310113961,148.87571304650075
EK202310125421,128.63479537891163
EK202310204604,141.6866690735319
EK202310120459,137.90974035032434
EK202310179318,164.408513066609
EK202310188043,135.94254008870868
EK202310139621,149.48844908903075
EK202310223960,139.55286800249382
EK202310116277,156.64461337984218
EK202310173520,137.13580387256965
EK202310140244,120.53819717956436
EK202310172775,128.6033605273261
EK202310209021,155.9363586036828
EK202310137060,136.22959666110117
EK202310169472,159.21618850526488
EK202310220708,150.98502295223304
EK202310155346,134.40139390757358
EK202310203724,137.58496144894033
EK202310174172,124.46847697872795
EK202310127338,136.66860305962038
EK202310231177,125.83455295452558
EK202310110283,122.56426543032521
EK202310194192,155.0996068928954
EK202310179609,138.21665726321586
EK202310233542,168.40339255818452
EK202310223188,144.60103657682305
EK202310160161,142.09663858620215
EK202310142059,145.77415792407436
EK202310148973,149.34300879861968
EK202310185968,141.87372763423016
EK202310143375,154.60087837033745
EK202310223394,136.89478410606705
EK202310142935,141.19371938448674
EK202310128889,130.58331993411656
EK202310243694,128.43919425455087
EK202310168873,148.38736684161216
EK202310110255,145.1084884234014
EK202310217355,144.71971277941736
EK202310170477,129.06210413508362
EK202310126294,131.6471110186849
EK202310193447,148.0746315318926
EK202310208452,132.15093229968372
EK202310121117,133.6947214418634
EK202310188124,138.1512552780712
EK202310200744,168.51488149995043
EK202310246111,130.38995094682662
EK202310161343,168.43951211460157
EK202310174717,162.80074692445623
EK202310162592,142.42937168265132
EK202310199334,152.77185974995007
EK202310004427,145.93950045819489
EK202310128231,128.2922183165976
EK202310159198,128.98589880463177
EK202310190595,137.6940767146906
EK202310234887,143.06973973646805
EK202310230530,133.55272062113127
EK202310212245,132.9993171436099
EK202310247440,125.70328252053484
EK202310190679,157.9895699253707
EK202310215878,135.47642047045633
EK202310118270,134.73375351812555
EK202310109213,154.915890528879
EK202320007685,174.39677489196382
EK202310125681,154.70256608800238
EK202310187523,146.17343141734085
EK202310185418,157.6984445377583
EK202310147002,143.25567873860987
EK202310171520,143.02888612383148
EK202310222521,134.3238190612042
EK202310200454,154.5413083202175
EK202310121658,113.24991203195893
EK202310147902,147.64035740533683
EK202310204527,141.13745851627093
EK202310202723,128.86795550568436
EK202310149975,151.9094367941738
EK202310157163,158.18121106201616
EK202310125893,138.6242843412845
EK202310121387,142.45930831381352
EK202310151762,150.97007751364666
EK202310193998,147.3891605896944
EK202310106551,139.94796142946907
EK202310245044,125.24094955968974
EK202310207864,133.22376623585146
EK202310150519,131.55494135320401
EK202310180535,145.25561867132194
EK202310140574,162.10742092918488
EK202310152351,133.73762559245242
EK202310119381,151.8769487249788
EK202310144308,135.4954487204786
EK202310204920,139.52277180961602
EK202310169039,167.95831293991017
EK202310126992,137.1327160834494
EK202310165821,133.05622346873656
EK202310218625,132.2008993137305
EK202310224581,142.07327978452227
EK202310104040,130.25767216840202
EK202310151985,143.92132033917488
EK202310151422,170.4627323934067
EK202310181497,139.81280160027256
EK202310143064,157.69635790674133
EK202310115232,159.23080338476876
EK202310160598,142.92009681654108
EK202310153804,145.02989941000104
EK202310246991,134.9468087868552
EK202310205912,134.82030615373728
EK202310147949,145.3074114667069
EK202310147713,145.0293255268831
EK202310172130,124.81745654713622
EK202310193689,135.88254146573496
EK202320007377,146.89365680938317
EK202310234778,129.6231636676389
EK202310126968,141.60570428067282
EK202310168723,126.28452218043925
EK202310205210,126.8010654437287
EK202310236972,134.70615368686046
EK202310110805,128.35790769799004
EK202310110541,156.79811998274477
EK202320006784,156.5402898256676
EK202310169268,150.28216605703759
EK202310192717,152.31229109284956
EK202310134072,129.86313799051175
EK202310109817,143.3243150017642
EK202310111416,136.4695910001699
EK202310163760,141.22500788743932
EK202310206928,162.26100151208524
EK202310222806,152.23454956595384
EK202310245025,152.6428222665498
EK202310154335,126.2461609009266
EK202310122966,149.54345132243427
EK202310147154,159.62810073629396
EK202310161786,143.37773386700997
EK202310122057,134.23754326411856
EK202310206279,152.35310700415533
EK202310241236,148.78264767747078
EK202310107469,128.18395704943478
EK202310236549,136.8793169373331
EK202310144138,155.50331502242682
EK202310212131,140.25317044787
EK202310112701,137.90258989062508
EK202310163659,139.87629264691094
EK202310172713,144.75657718064514
EK202310175303,120.88692375629272
EK202310129678,134.65975377440688
EK202310204116,151.8986250207621
EK202310226565,138.3681244695671
EK202310177622,139.18997467077773
EK202310173275,143.9110464821048
EK202310108694,125.65692015053891
EK202310124863,140.45250463587175
EK202310209698,135.01446840833754
EK202310155502,130.05577491675797
EK202310160025,144.07252277788137
EK202310219991,144.5132389392659
EK202310229114,140.1075235087053
EK202310179717,145.04722947947943
EK202310112666,153.5317697989637
EK202310122607,146.37482872672385
EK202310203774,119.6336572188323
EK202310167012,131.80423365900967
EK202310177207,153.68151167915522
EK202310108755,141.42926325953516
EK202310235791,130.05525698507918
EK202310193173,166.02631466630083
EK202310226669,144.37515883385882
EK202310241591,143.69151094069386
EK202310139673,150.49869650428056
EK202310245678,143.73837168382167
EK202320005871,161.39795878027115
EK202310146553,142.2265980574533
EK202310110812,142.13800914889902
EK202310163248,172.10607262832966
EK202310198120,138.91281273726077
EK202310130383,171.0918292230641
EK202310165453,153.91718293785354
EK202310129296,130.54349217962186
EK202310114158,142.59288431568183
EK202310206093,166.91379490040978
EK202310178733,155.75445989003256
EK202310148785,138.37518646830432
EK202310182839,154.02394664009785
EK202310243137,135.29572109146358
EK202310180781,141.22215176163314
EK202310221757,167.3350705944131
EK202310247595,155.32960444165525
EK202310119239,144.95935344523642
EK202310174112,130.31907974981834
EK202310195036,150.12034299410718
EK202310139240,148.97365759136636
EK202310161228,140.92189853836896
EK202310124628,175.48036344090136
EK202310216201,139.9432294067339
EK202310171177,156.89975363357507
EK202310217298,146.13698651390484
EK202310105105,146.795794514067
EK202310121917,132.6389033215263
EK202310175901,122.88019664755706
EK202310248632,128.8626160353576
EK202310168647,135.49193491214984
EK202310189433,153.5459107671659
EK202310219364,138.43201567993782
EK202310208149,129.50380196731152
EK202310115824,138.3869861946726
EK202310147437,143.44761542292963
EK202310131516,152.44699514415768
EK202310216229,154.6367896196003
EK202310143057,144.48113942925542
EK202310227618,139.84569387329375
EK202310105862,143.37857576151652
EK202310191429,173.26138678222097
EK202310114100,145.19604591562828
EK202310240658,137.6866380613999
EK202310221826,151.07491973397856
EK202310228005,142.31456391640845
EK202310114273,128.08366299908175
EK202310129611,155.5181986017344
EK202310106828,131.39601280468068
EK202310216849,156.6837858431743
EK202310217419,161.26476621623635
EK202310123260,135.230759195822
EK202310189255,137.55065008677994
EK202310141612,143.50899229887003
EK202310115638,127.6282672454017
EK202310144626,147.7843170252586
EK202310128398,137.27696778479762
EK202310150599,152.44894815800228
EK202310209851,138.11378024556703
EK202310142306,134.34438190060243
EK202310151733,155.57169352143293
EK202310115665,137.63379604644086
EK202310144016,137.54447888407617
EK202310194248,147.22404801944086
EK202310221662,150.26803270820085
EK202310239754,143.0178680136389
EK202310183618,151.37902828196792
EK202310247966,129.29892414988217
EK202310144467,148.30306970161092
EK202310199980,137.96734546950887
EK202310147993,162.88197003375495
EK202310219732,145.09768977437378
EK202310201255,146.8907210956523
EK202310166834,161.99671700910017
EK202310188039,156.24594764073643
EK202310125812,134.6242038954411
EK202310149327,148.3114366195216
EK202310186774,172.72001999061627
EK202310131937,147.79428273649097
EK202310136858,139.33885938491733
EK202310194737,159.15307166273186
EK202310227116,134.09859456137502
EK202310188953,161.83147694568652
EK202310152825,174.09411790183708
EK202310233830,144.57909560812544
EK202310175569,151.54164917531776
EK202310127649,147.82906876861807
EK202310189873,159.74130753436015
EK202310164363,137.2332936275907
EK202310122930,130.0067789233792
EK202310159410,144.90894548587852
EK202310150191,121.61551510738354
EK202310174699,131.2966477475041
EK202310184344,166.14449225764048
EK202310142972,148.02460831710852
EK202310136313,146.2577708252718
EK202310159605,155.16497971722765
EK202310211606,142.3666026646885
EK202310194487,152.82251963192567
EK202310109553,140.65606236170964
EK202310121906,120.4246518281539
EK202310132283,144.35042502916002
EK202310156330,148.2333551075042
EK202310109685,139.88876656725557
EK202310166453,156.77894578978893
EK202310235141,131.83872873168644
EK202310242155,151.8805025780555
EK202310171093,146.19439559655996
EK202310157094,155.7236378167272
EK202310157497,143.30707699413608
EK202310112679,148.28807511386358
EK202310201020,136.66574656371154
EK202310137760,136.99655685150094
EK202310152523,163.1654567532422
EK202310227728,142.57344799474564
EK202310194083,145.1428479530405
EK202310194984,161.33262346843009
EK202310145213,136.43307366656376
EK202310216337,143.63628309672393
EK202310189326,170.10105444285063
EK202310145361,136.59255280130535
EK202310209596,140.59095369030555
EK202310147914,149.96872507828965
EK202310210977,129.51273170112387
EK202310169601,135.91044169484914
EK202310218627,133.7709271034843
EK202310222818,144.24683152478204
EK202310175529,143.74452777783628
EK202310201612,161.86371243379674
EK202310174062,153.5696411957188
EK202310223170,134.05812438187644
EK202310225186,143.54854376459576
EK202310243838,153.26137184717734
EK202310241520,135.99071298799723
EK202310166518,127.8230096787863
EK202310113920,142.57995994910047
EK202310164784,141.64177303393922
EK202310159164,147.80178997196592
EK202310149463,153.56811814868576
EK202310227499,149.1537755924429
EK202310217794,138.67340055174006
EK202310225560,148.3250486567103
EK202310147201,149.6253733543757
EK202310128156,156.19843813297513
EK202310115240,138.59957587428744
EK202310238532,140.71843247717047
EK202310183846,147.12359287662917
EK202310144731,129.37216725109965
EK202310162390,141.08990555474367
EK202310197431,137.66461383126438
EK202310105951,120.90837129977426
EK202310204990,146.25950127636128
EK202310210191,137.47808733933226
EK202310126933,133.7772305740776
EK202310202480,136.42721185085077
EK202310111923,144.65495252009012
EK202310119216,131.07844804231596
EK202310157432,144.81694875563036
EK202310177567,149.81240639951105
EK202310131552,145.691267733373
EK202310179248,136.0925351801359
EK202310151456,163.13417761195637
EK202310168955,145.466084432253
EK202320007813,159.05367167642325
EK202310117010,133.7119526454245
EK202310151990,138.64125218824643
EK202310125852,142.50545706699558
EK202310136345,136.97791566561503
EK202310107482,141.62620559833977
EK202310136674,148.49091227249636
EK202310162359,162.33962603069344
EK202310130813,128.7209627336054
EK202310242095,137.19294125560694
EK202310112314,139.4876293324384
EK202310234433,134.1214701698347
EK202310202458,142.11926486623705
EK202310129103,152.89734857815645
EK202310177132,163.91340590891872
EK202310242050,157.38461793854293
EK202310232456,135.523780974395
EK202310200214,158.5773303052834
EK202310163472,158.6948307211485
EK202310185311,158.76978649294173
EK202310228179,142.25680863270347
EK202310130371,139.11276480210418
EK202310179660,151.49440094811473
EK202310190711,151.3511405355338
EK202310246542,148.08443356316175
EK202310231496,129.7397281365342
EK202310222179,127.57898791751867
EK202310132158,152.04555186385002
EK202310167423,153.68011503340466
EK202310201349,167.54221612968814
EK202310142224,138.95410590160014
EK202310179938,150.08890633634692
EK202310223135,135.4935605293314
EK202310205817,159.97832759282934
EK202310246593,156.67970486819831
EK202310176304,153.5648020906226
EK202310130059,139.96253298844417
EK202310111192,147.7728711033368
EK202310165881,122.80738881452976
EK202310127812,150.36892542097635
EK202310190156,145.47526312225472
EK202310216483,137.29178103491682
EK202310144414,132.07082843973006
EK202310132901,123.0036020495645
EK202310154231,136.18943937682826
EK202310145897,147.43626469559706
EK202310209392,134.9893670892085
EK202310178084,126.24997791156106
EK202310125343,128.1875376357832
EK202310146816,150.28978444322792
EK202310155084,151.46097299031635
EK202310168900,148.83587030518137
EK202310185047,151.45093995455937
EK202310237486,127.3658559592525
EK202310203671,179.19141272526878
EK202310135522,161.2339425176443
EK202310159093,156.99671788790675
EK202310189257,129.9608882880439
EK202310177736,143.08399159038765
EK202310105312,141.58386168841588
EK202310242607,147.02515777133144
EK202310206314,172.83651116191004
EK202310125578,124.69974586340575
EK202310217187,159.65607128074265
EK202310239344,119.60421115176942
EK202310148598,124.36550669456761
EK202310211006,143.88715685252564
EK202310141573,155.84234342195745
EK202310208369,135.82620739066627
EK202310143928,148.9141090443426
EK202310149152,142.93198424349396
EK202310150945,127.60735675429989
EK202310158400,143.1433491835876
EK202310117629,144.86756305073396
EK202310104031,147.21519386903032
EK202310110083,125.87630171893986
EK202310178368,149.1156636847179
EK202310119686,138.5858296779775
EK202310143618,161.24986030829896
EK202310120487,137.70041375969046
EK202310219395,143.12105351145175
EK202310112376,147.67572922864747
EK202310201306,148.8395780312013
EK202310228811,152.61418691430288
EK202310171144,139.29560750612032
EK202310196110,149.6223107897145
EK202310115076,135.92997088792401
EK202310106850,121.52443887234281
EK202310224133,138.36561954207536
EK202310138595,140.68357717577643
EK202310197537,144.21651218494648
EK202310190665,140.08730657799367
EK202310148759,149.27035000357571
EK202310243283,147.61004292000496
EK202310159395,160.66949585856906
EK202310114620,138.2027278732783
EK202310111786,142.75874662915447
EK202310179340,135.3455465541177
EK202310246360,140.69172147504818
EK202310165546,125.53249837404772
EK202310231626,131.3201605322902
EK202310154298,141.71779834134648
EK202310234468,128.7999098132695
EK202310216859,174.7404953530538
EK202310159904,160.17678365246496
EK202310122874,153.92568292331666
EK202310226448,135.99081254786498
EK202310109658,137.64137141486748
EK202310248327,138.91760035553222
EK202310240275,132.7319007779659
EK202310160292,124.30243597327194
EK202310130749,136.0988466773175
EK202310208708,144.41072633833303
EK202310184600,145.5676422198789
EK202310136202,139.08374083308811
EK202310118993,148.62448431287376
EK202310135570,170.93261003444704
EK202310144234,144.3088363227008
EK202310232831,141.37034117010862
EK202310190714,134.36643025604317
EK202310237590,157.64509366418326
EK202310105068,142.6695657689474
EK202310233087,129.16529025352418
EK202310174797,154.51821315765164
EK202310241325,145.96744813881799
EK202310003548,145.99070767107642
EK202310226491,143.2256014181245
EK202310111356,141.22678993484132
EK202310246019,138.4282344320821
EK202310104422,127.34790907144261
EK202310140919,137.5581953280558
EK202310247367,149.45743388818744
EK202310108141,143.38548350121155
EK202310202875,158.84864395330774
EK202310132953,129.61163079139646
EK202310163551,144.26313323265427
EK202310155719,136.83794371101553
EK202310128169,154.6685390162865
EK202310227798,130.92305658747154
EK202310112895,160.06129793577986
EK202310110637,126.35271621977525
EK202310111099,153.25957262497855
EK202310160891,129.5495029474833
EK202310174833,139.97252296269895
EK202310133014,128.36082899982287
EK202310229258,142.31736903133054
EK202310191591,148.09351067491355
EK202310190178,133.86653687241133
EK202310227882,148.1274612775618
EK202310248423,150.92568990908893
EK202310199669,166.1288818974888
EK202310178419,151.06369464773834
EK202310229489,121.50582804180786
EK202310109158,163.46984708702053
EK202310167700,138.66193077806406
EK202310183769,152.46198685408
EK202320007189,160.5777742350311
EK202310119946,140.1663190190651
EK202310171685,171.5226779639859
EK202310237171,134.47346100211348
EK202310114451,137.76917101242103
EK202310200193,139.21565623078672
EK202310211187,129.26712815685724
EK202310163649,139.82909849912076
EK202310128906,143.04291303238273
EK202310155349,155.2136063606155
EK202310226103,135.68873407487612
EK202310130867,129.10550621094447
EK202310144735,140.36633659639634
EK202310131002,136.90181928628763
EK202310147837,159.10194704549193
EK202310182788,129.09587534364286
EK202310130743,137.528861082256
EK202310195554,155.9526794577241
EK202310111296,156.80263829650303
EK202310109329,142.15336310817688
EK202310003505,128.2938161164015
EK202310182130,141.79324792699342
EK202310158028,153.5000314164367
EK202310156165,146.26102454858153
EK202310210442,132.58612037839532
EK202310182184,163.69163124682348
EK202310198996,125.00718595035359
EK202310141171,145.4883305468539
EK202310223224,146.810443291311
EK202310186527,134.45323856123994
EK202310155114,157.83163106154316
EK202310176069,163.93824735663006
EK202310129120,152.08527308066888
EK202310189707,133.7854219685646
EK202310116275,138.73630346069487
EK202310208833,137.2786872554025
EK202310197309,149.31540958070386
EK202310213895,146.84737169011225
EK202310208737,145.72580528327074
EK202310200447,138.9875930364388
EK202310152283,156.54977043741806
EK202310220449,156.8902352373757
EK202310110949,134.12177812570522
EK202310209106,154.01835042533966
EK202310223835,137.6108834379031
EK202310230881,139.1675805610209
EK202310122186,152.0543242711561
EK202310170304,149.6633994736124
EK202310193993,155.49837620358892
EK202310141761,147.71891441991613
EK202310127568,132.9538678225961
EK202310128895,146.7020577123251
EK202310228433,143.3417826422128
EK202310118632,144.4438679971568
EK202310104226,137.54683993820404
EK202310164491,154.2471148236075
EK202310216438,136.0281290035667
EK202310214077,160.80791676274922
EK202310247400,169.52296500987197
EK202310174422,145.569241063582
EK202310122877,130.06662042585967
EK202310128301,159.5382141557248
EK202310121029,142.8320629177926
EK202310156904,130.10295334540575
EK202310228463,141.27936837649133
EK202310197399,135.69540687686643
EK202310210314,143.34419392359592
EK202310114247,152.69625764758504
EK202320005931,165.71032653650067
EK202310129928,147.22016108047822
EK202310213491,128.9245522608229
EK202310117524,158.4096687833336
EK202310118755,137.60560404106295
EK202310184404,124.70034116042532
EK202310227256,123.9168474040651
EK202310179166,130.63256915932772
EK202310136432,150.70599065928494
EK202310176274,129.2650073425796
EK202310151297,143.1999002881144
EK202310125109,143.86871010914444
EK202310116780,134.68621244174363
EK202310135569,132.39243418324784
EK202310134565,131.65814675112904
EK202310186448,148.85647994643904
EK202310178115,136.8558123280524
EK202310113148,156.5828908944852
EK202310228489,137.06358149837027
EK202310179723,136.86917522913396
EK202310157269,153.53219975402035
EK202310199275,145.29711107901792
EK202310233646,152.20349227879137
EK202310154900,152.42434754203722
EK202310140705,130.4029988054645
EK202310148303,130.6641425759422
EK202310216595,133.61274779805854
EK202310109916,145.2248179843385
EK202310115675,144.27713124378093
EK202310155830,130.0050263984107
EK202310218005,140.719786802155
EK202310141563,148.71550166401823
EK202310228213,159.62346065795035
EK202310212791,136.66665532814224
EK202310194782,160.6594455813337
EK202310231645,131.5699596767267
EK202310241926,156.11096817348073
EK202310210213,134.3641903957157
EK202310134817,139.21752946546414
EK202310133386,141.83950937670872
EK202310142531,156.5513223012123
EK202310187663,153.3154556596851
EK202310117777,128.55489229449023
EK202310158245,134.22403755490734
EK202310195137,147.11582114515107
EK202310142488,156.54553147552144
EK202310187991,150.48446555019035
EK202310150662,147.64759425914053
EK202310217688,138.49483469038788
EK202310179171,137.38583938651328
EK202310127405,155.0969347822036
EK202310135392,158.52807402604023
EK202310171859,135.19769906208833
EK202310105858,130.89681952043009
EK202310158319,164.64066621919508
EK202310230414,128.54073369730577
EK202310118707,142.70483592394584
EK202310128139,154.35196127458923
EK202310186693,160.4745556772707
EK202310179495,149.18857746799472
EK202310199992,138.65703260203384
EK202310107900,135.84131125836436
EK202310139759,136.85711972805638
EK202310109278,150.38109762033326
EK202310126409,123.43596721385299
EK202310207784,134.60347800884213
EK202310236292,140.68057869338068
EK202310154556,132.95085172695752
EK202310134873,131.05291759938223
EK202310132640,141.36830215445357
EK202310228961,153.82166923319483
EK202310185810,151.8429462986209
EK202310149986,133.93397102159517
EK202310131518,138.25320568744905
EK202310121880,146.72467517957097
EK202310191180,153.03016797459745
EK202310177003,147.8391220141339
EK202310215011,156.41637819583775
EK202310146470,136.69722049143468
EK202310200272,139.34360914441163
EK202310172780,132.87301822136095
EK202310225929,137.92232950500605
EK202310145639,138.1235089930661
EK202310246707,142.50624446858268
EK202310196529,124.53771364750241
EK202310232839,144.90955656592638
EK202310140369,141.09511355911127
EK202310141325,150.60154622235348
EK202310151532,172.05915343111926
EK202310217721,137.1233387915086
EK202310189960,161.09549357569728
EK202310132726,132.84701158083516
EK202310182587,152.313634156848
EK202310216789,153.61458696704142
EK202310187849,155.38753476445802
EK202310234305,137.37054581058698
EK202310142640,142.81139462139402
EK202310211367,141.8014482957314
EK202310237820,140.4196298336317
EK202310128311,141.10135153574385
EK202310234908,132.5271819705923
EK202310104928,139.01858194163813
EK202310124402,133.3085444731574
EK202310170954,127.18774451744386
EK202310238908,135.8189346327137
EK202310138176,132.27943088865828
EK202310150598,164.40406773168223
EK202310108952,162.18014018196104
EK202310147721,124.48295060871466
EK202310164148,140.12962131973816
EK202310164879,121.8822327939467
EK202310170715,148.45517519909026
EK202310169418,143.8086338289848
EK202310133466,141.6022556224947
EK202310133903,137.3676754646525
EK202310204671,149.01658801383584
EK202310156209,159.27309923016432
EK202310243873,135.43928641206236
EK202310134929,147.24490824848533
EK202310216695,128.08900320778406
EK202310158237,133.52611672894315
EK202310194292,142.03951653555856
EK202310103856,158.9491992665569
EK202310126627,162.20695382609523
EK202310121161,130.28219838802858
EK202310191392,144.64545632976052
EK202310245531,128.34563421219906
EK202310126763,136.46814148917684
EK202310161498,155.9585543250038
EK202310112456,155.44642008150322
EK202310191483,145.4080190195722
EK202310140746,139.7233781703868
EK202310175247,144.74644960364364
EK202310112978,144.8797530466201
EK202310115781,127.01993537441001
EK202310150028,136.30950261061034
EK202310204581,150.9395962283903
EK202310137480,138.82655147055516
EK202310191514,130.33092933857418
EK202310201678,146.32004763670724
EK202310117265,132.50652576566802
EK202310112369,128.24139510448393
EK202310208647,155.35338417395417
EK202310142602,131.82631457109383
EK202310113073,134.3956317115365
EK202310149092,134.63055928857318
EK202310162989,137.86763485397543
EK202320006610,161.8801462644238
EK202310177443,128.0298925243387
EK202310104850,118.45855140429093
EK202310126368,129.7626948801861
EK202310248204,143.03179012494107
EK202310190956,148.81348994008906
EK202310110980,130.56966787933337
EK202310154273,146.65743516635072
EK202310242223,154.81886457129644
EK202310117698,128.72359591323837
EK202310195417,166.92226261481775
EK202310145942,129.44647674572187
EK202310152887,165.47620281967136
EK202310169297,155.36811602560346
EK202310221863,115.8595953851457
EK202310199131,144.36786176391448
EK202310185529,148.7509138837584
EK202310113311,127.0308958001485
EK202310209762,135.24172135875972
EK202310164806,133.28160391139934
EK202310134642,132.45390937669092
EK202310146968,146.252493997998
EK202310107027,134.06194537210533
EK202310226716,147.92247411695496
EK202310243795,143.5805905348922
EK202310138740,140.65172815940383
EK202310144607,140.9701433504954
EK202310244471,132.45590340326282
EK202310159052,155.6509213177258
EK202310123055,140.78287828376227
EK202310113885,141.1009962831403
EK202310199531,135.96934717002438
EK202310236118,138.081175814081
EK202310137888,143.67356454560047
EK202310215531,152.60078817181596
EK202310185054,157.3971780250169
EK202310129573,140.30696509653845
EK202310163633,146.55209607830346
EK202310202282,146.5025930087792
EK202310143694,143.40676342272008
EK202320006080,163.27918448849272
EK202310232132,132.93485465798648
EK202310138363,155.63644860470893
EK202310193434,141.9447854022307
EK202310175511,139.98228412266994
EK202310133748,129.32278230463893
EK202310106718,154.32716759401495
EK202310188899,152.81784545264807
EK202310232574,145.86340272609323
EK202310212172,142.8778169144109
EK202310190446,129.69033576610934
EK202310113384,135.76587720573366
EK202310181368,163.50199334341025
EK202310003999,132.53998296329232
EK202310141115,143.73024732960633
EK202310109981,151.306974713045
EK202310166769,128.8589173205774
EK202310138115,134.12859459893238
EK202310128203,166.62250161829348
EK202310206649,139.33045840109557
EK202310110780,142.29736250513426
EK202310240635,132.52017669861198
EK202310190614,158.33687682140078
EK202310129881,160.64242838818978
EK202310127835,136.88712199474685
EK202310121093,114.87117670932122
EK202310150408,123.526654996998
EK202310164894,123.29751088485382
EK202310109584,143.04747085084762
EK202310173464,141.0049661526575
EK202310204837,152.58938452384342
EK202310152348,158.41320293817384
EK202310164097,148.03800245634065
EK202310127163,150.5622774236985
EK202310244695,157.91414169329073
EK202310229812,150.9039511392991
EK202310134538,131.40990016632205
EK202310210536,152.49007183821067
EK202310140667,153.94906346678283
EK202310141775,138.81137161448893
EK202310214180,139.9316319059947
EK202310164023,138.04395343314332
EK202310173588,137.14618032050288
EK202310170905,127.64352903881569
EK202310114396,142.94298302284568
EK202310183841,134.4428884660943
EK202310201453,150.79397016019917
EK202310113439,141.08524203895556
EK202310238212,126.6603765346431
EK202310127261,151.63168709106287
EK202310238188,144.13203756468056
EK202310206294,157.84987655749515
EK202310144833,162.15901786218612
EK202310211732,128.52866049419956
EK202310224752,162.61835196775928
EK202310193699,160.09461103762504
EK202310143520,143.911683771508
EK202310115211,139.75406398813624
EK202310164360,140.78197491274975
EK202310117381,136.16264967771838
EK202310229483,133.9289023584914
EK202310188649,154.56281540698205
EK202310200724,135.21475421621975
EK202310144431,170.67552856302248
EK202310133572,138.9636247001128
EK202310208802,125.60351640767414
EK202310248659,135.67146526103244
EK202310131585,134.8483686875428
EK202310233777,169.20232757153835
EK202310129212,134.41326355415856
EK202310155799,150.83848391793808
EK202310229572,128.47671010211644
EK202310128875,126.65862384980723
EK202310148223,168.15903720270035
EK202310142900,155.47971633245285
EK202310183384,147.32513760412218
EK202310111421,132.32215206741915
EK202310212086,141.03739312780328
EK202310239476,124.2667429907271
EK202310131957,156.45332964776898
EK202310204264,175.01410522545063
EK202310178704,156.93094539225197
EK202310227864,118.73999350783006
EK202310169538,118.56706664338097
EK202310173784,172.82148142588693
EK202310216416,148.18650684370712
EK202310196443,155.87779678882313
EK202310214690,139.90611165472797
EK202310224533,146.1286366579557
EK202310171089,147.61073151136898
EK202310213256,150.32296676697712
EK202310136488,140.17647383096977
EK202310199625,150.7259653351479
EK202310171589,146.74689772172687
EK202310226351,141.0125501028548
EK202310106984,153.26848288949265
EK202310212070,136.11956039391532
EK202310183076,163.8192317040017
EK202310232081,134.2138133744485
EK202310126981,145.40383365640852
EK202310154523,145.96284466877538
EK202310184085,139.1360712946666
EK202310170300,153.31541026782918
EK202310218531,159.7764794028097
EK202310206452,157.13020669706347
EK202310004184,128.52761423278537
EK202310177618,123.1757236824497
EK202310222352,128.51090415643165
EK202310106506,137.42501264650127
EK202310186819,137.5794617973091
EK202310140723,133.27202123521138
EK202310238611,142.72743618808016
EK202310120555,128.71094249778977
EK202310147094,136.88543239967132
EK202310155462,146.4299967862317
EK202310105723,152.69135977074424
EK202310136398,143.14800012459608
EK202310233819,154.83500069278438
EK202310133289,150.59770787064048
EK202310230003,123.2961212939033
EK202310144991,146.84897584453958
EK202310172964,154.68736112939078
EK202310238178,151.43953312298098
EK202310126938,160.97007505815978
EK202310231506,123.57429498443877
EK202310190088,146.07364500878975
EK202310172578,155.13126708734862
EK202310153732,145.4648889406721
EK202310179604,130.04502864792474
EK202310129682,134.14639890716262
EK202310143507,131.3240267203157
EK202310155560,143.07154199285443
EK202310127202,150.8002194368151
EK202310143252,141.1573280590538
EK202310217653,123.5984778156784
EK202310173062,175.6466508365091
EK202310105294,141.2439425220548
EK202310117821,133.9556011021921
EK202310215199,136.50769680908704
EK202310241483,147.1038082246504
EK202310174150,152.662772098011
EK202310219893,169.250585572249
EK202310219552,132.97633968186875
EK202310136028,129.5716778615938
EK202310225636,135.90455834661293
EK202310150738,143.81148216794625
EK202310176837,133.50608707910828
EK202310172368,130.05094307064462
EK202310184904,151.80917255334091
EK202310191265,137.6342750716103
EK202310144201,143.01925875159864
EK202310139926,141.57530224278358
EK202310133343,164.25773934805758
EK202310193942,150.4980695059003
EK202310181626,150.93007508810555
EK202310138065,133.9308655109148
EK202310175111,144.58335341203494
EK202310242001,147.03038265977176
EK202310160431,138.12627857383777
EK202310169578,139.5153581743641
EK202310137385,143.60196885466607
EK202310136468,145.72822694851482
EK202310158374,151.90472777918944
EK202310108318,143.31877566223167
EK202310122270,138.93471274583638
EK202310144491,156.81829481069101
EK202310123031,142.94823344708382
EK202310155418,141.48489550569658
EK202320006341,161.13783123580097
EK202310110341,136.49327020627385
EK202310103961,158.15250235305365
EK202310003695,169.28831214812556
EK202310200040,132.29552290218996
EK202310119278,169.81763663721236
EK202310174626,159.068925888445
EK202310153937,138.2762380164804
EK202310189548,165.23538854803292
EK202310149005,149.7467345359055
EK202310184006,150.15831331851248
EK202310129614,147.3861088096566
EK202310178276,150.82036342065146
EK202310124293,152.41100133664403
EK202310199434,155.1624209226472
EK202310111178,148.70264840253986
EK202310143329,165.77510088465732
EK202310229141,135.9162370545526
EK202310225446,125.50510860843397
EK202310133140,163.50481630727856
EK202310204388,136.23462454449665
EK202310127528,140.14635303494245
EK202310175944,149.29353263437446
EK202310205185,149.5869042757555
EK202310220142,145.21542197075556
EK202310188984,129.64570398755282
EK202310117484,169.26500277780403
EK202310222387,139.18437058327189
EK202310238376,139.5556514982878
EK202310190275,163.1807085625344
EK202310127517,140.98999015796048
EK202310148647,153.70188340394955
EK202310144619,132.28891990709036
EK202310172144,123.80932773615143
EK202310105902,148.4726646639455
EK202310169293,135.16122995223552
EK202310231168,135.81819077797257
EK202310147200,141.20079330494136
EK202310193258,135.86987478794964
EK202310134686,159.00015434797143
EK202310184958,159.3203502686322
EK202310172029,148.07439962920324
EK202310199176,141.98564636900386
EK202310232628,134.77633043165176
EK202310230800,138.50164968586807
EK202310169188,155.13591023224333
EK202310143652,151.53137972522367
EK202310210776,145.55539424495575
EK202310243268,129.16142182946913
EK202310219929,149.53152081415408
EK202320006873,158.47384034306165
EK202310142750,161.38938122572716
EK202310105033,145.07310399197084
EK202310171957,144.5085224969514
EK202310167819,155.2077947840373
EK202310224575,130.15690014373456
EK202310218984,120.89013717718078
EK202310148378,168.65580752913166
EK202310124296,135.05325857457967
EK202310153505,124.03066052634551
EK202310202475,170.13856960405144
EK202310105768,141.96860095644445
EK202310155150,152.52549670492547
EK202310131403,146.65646085412718
EK202310236965,133.31350063918686
EK202310128158,158.15352357761947
EK202310244898,148.62458350157902
EK202310168438,164.00894401672707
EK202310191063,149.00729529668195
EK202310247883,150.77667910388183
EK202310144879,136.4331089203026
EK202310248004,156.91234016622082
EK202310129311,168.58036733457368
EK202310159341,140.97627164720012
EK202310186599,131.63898245605822
EK202310003714,164.34878709979537
EK202310141937,140.94438921752
EK202310141516,144.78061426574433
EK202310211399,122.1355445742838
EK202310133332,148.11483571719367
EK202310245637,142.96046160787822
EK202310195191,132.07980956208294
EK202310120028,140.08605628540633
EK202310238137,145.45334607902836
EK202310155822,139.78782228029587
EK202310178814,159.1344908855033
EK202310117251,143.82228185504016
EK202310134938,156.78378248459907
EK202310209690,143.41248735785862
EK202310203758,138.43410565691318
EK202310115669,133.04348193744448
EK202310104134,138.41184190659712
EK202310145861,117.12215217615507
EK202310150671,132.01363910856335
EK202310240589,136.14215010356554
EK202310212301,131.54210216626504
EK202310142614,148.64254127980684
EK202310141457,138.82677094524203
EK202310245972,149.886680879337
EK202310150051,169.2903132856657
EK202310170670,150.57377973110215
EK202310211033,145.1160888590207
EK202310206028,158.23487253404898
EK202310116009,144.61166927346704
EK202310119459,150.30827369977388
EK202310205201,141.7644161283637
EK202320005999,169.9688160047756
EK202310137068,137.3228033525854
EK202310125205,135.7805155670692
EK202310111843,133.0008427847675
EK202310155744,159.43434228128265
EK202310189271,155.51010219806543
EK202310200042,142.3795937242093
EK202310234396,132.71291365759774
EK202310203600,140.51038939693638
EK202310206171,145.1459459474347
EK202310206072,137.16984585351534
EK202310163819,153.40147105201714
EK202310241837,155.26551845535715
EK202310122958,124.9025877888407
EK202310143934,157.8198333877075
EK202310108166,163.43392461584293
EK202310157169,165.04547947454748
EK202310152923,148.03464924979252
EK202310194312,141.7717263494213
EK202310176406,147.32552766497764
EK202310150358,153.77921768751239
EK202310219917,131.7153239141626
EK202310196050,132.89637974728834
EK202310199317,156.07194651576305
EK202310214061,153.8440458461913
EK202310122593,142.6708762755469
EK202310244955,143.76404125273297
EK202310156822,147.31057519037967
EK202310207476,144.74152992413653
EK202310158934,149.68994791403685
EK202310201930,148.7067478417348
EK202310119122,133.24918985826184
EK202310196169,149.15652682211365
EK202310201449,142.0364921943292
EK202310130630,137.43776377219655
EK202310216667,151.08740234227915
EK202310109941,133.23853920147582
EK202310200400,137.64786160535405
EK202310137456,147.7063726447023
EK202310196853,141.29475549219157
EK202310215704,145.5793878448013
EK202310135405,136.80386527098057
EK202310169616,129.91796809184157
EK202310216148,140.9547341905235
EK202310243354,128.16485788384628
EK202310228967,141.08218120592244
EK202310243234,153.7352551745073
EK202310192532,164.8440203235331
EK202310214813,147.83669755471934
EK202310104914,143.44674783964183
EK202310153816,143.26315898243647
EK202310202614,141.11881285085892
EK202310210862,156.95462135329103
EK202310170135,143.8145776117882
EK202310188088,143.955128669264
EK202310221249,147.83224654592607
EK202310232182,127.19696680639271
EK202310185589,131.89778385508578
EK202310220140,152.06116314326738
EK202310151225,136.46392243883486
EK202310120905,154.3355359915549
EK202310125281,143.15803798248672
EK202310129594,145.58169998429088
EK202310131652,139.1205601280337
EK202310178780,149.0833911546991
EK202310199546,137.36852118721876
EK202310184333,146.25829346395355
EK202310129518,147.490875641041
EK202310125847,146.45928522001668
EK202310146303,150.8349013268904
EK202310175806,134.631441768208
EK202310220347,149.64095695009044
EK202310225734,144.3801731802645
EK202310240284,134.56358555219205
EK202310114155,150.65772728125737
EK202310208667,127.80833376169582
EK202310247128,156.68765904752016
EK202310218283,141.38929756019454
EK202310227443,138.8268294531289
EK202310157358,155.4669285260401
EK202310205155,133.24462962751187
EK202310189640,151.24261628155296
EK202310219047,124.4404579339042
EK202310155307,117.10336515808949
EK202310190346,146.05729555989925
EK202310186825,160.12491307657328
EK202310203583,154.17029356103146
EK202310122872,118.16574092624606
EK202310223579,155.21798665852677
EK202310134595,167.93155097225477
EK202310199315,133.00880024938883
EK202310197280,126.68017749494237
EK202310105445,149.95611894667124
EK202310170127,128.7981112647306
EK202310124087,130.02872796596057
EK202310186812,146.18795670183934
EK202310175470,151.23592944903695
EK202310178249,153.72411021127866
EK202310246428,128.73283266625725
EK202310206906,158.30545681630127
EK202320007523,171.10529362330362
EK202310106696,130.76068401522934
EK202310139497,171.79594402639452
EK202310135104,128.78068444611347
EK202310165444,162.71159606971722
EK202310150670,160.9869222489345
EK202310141326,145.0563347050456
EK202310206479,140.23958124869748
EK202310182003,160.4628276768922
EK202310240148,160.21945098354448
EK202310246934,155.21169056168597
EK202310157908,145.72584576647597
EK202310233790,139.5701752716956
EK202310227231,147.31482660232928
EK202310104197,136.26153749709016
EK202310003919,138.87955890450593
EK202310134161,121.52663739689568
EK202310132637,145.65562325121726
EK202310112692,150.54533335127152
EK202310004804,133.91417688812882
EK202310188449,146.14048495223315
EK202310161514,142.6026443366715
EK202310121257,133.04701358221496
EK202310165460,171.10313732824167
EK202310246582,133.83686188998357
EK202310182549,150.803327593186
EK202310153021,157.35916291431587
EK202310155857,146.7799202879371
EK202310112710,146.80844305950663
EK202310193527,139.20861794858442
EK202310210851,125.51866431827303
EK202310166991,141.23580498181587
EK202310153617,153.56368645437476
EK202310162029,154.83362161386327
EK202310150898,139.18585022518616
EK202310119566,145.96726652804116
EK202310172046,152.54018383414814
EK202310113364,146.06548894682462
EK202310104697,158.73034259851605
EK202310110438,140.99938405809615
EK202310139792,139.64571980747888
EK202310108044,127.74650698498554
EK202310191154,146.85430271565653
EK202310162199,139.92104956919016
EK202310159050,141.48403354339976
EK202310127404,145.4671804414214
EK202310216583,142.6692200044378
EK202310233658,155.74243638618856
EK202310141492,144.85482512789548
EK202310203883,130.4753665945331
EK202310219043,162.61602065886166
EK202310145653,136.20387496673825
EK202310228503,140.7253946774682
EK202310179347,119.8791553091159
EK202310132009,149.37851980062368
EK202310212361,134.2981192784778
EK202310124879,138.51109249380096
EK202320006785,167.94430173267375
EK202310245990,139.75384585704415
EK202310177823,155.7328313565152
EK202310229376,141.07384279029722
EK202310181146,136.43651250091037
EK202310201989,122.32108216871123
EK202310192148,147.67273145636324
EK202310185865,136.7388688305084
EK202310149322,146.74603941097598
EK202310154759,135.10218127127237
EK202310142366,146.82107189186132
EK202310225136,143.9720090845144
EK202310140657,150.87282126509353
EK202310181056,146.7366003809249
EK202310147652,146.40027558978178
EK202310195069,148.54922037330465
EK202310186330,154.70738796689568
EK202310170880,141.0019124905139
EK202310104902,131.56064322650747
EK202310137021,157.59631443945483
EK202310112219,145.35597822857437
EK202310114567,136.1818113026445
EK202310174050,148.8758050320802
EK202310146459,141.167584240817
EK202310125401,129.66091476442696
EK202310232042,134.86464469008894
EK202310137842,130.56818054224004
EK202310235166,125.95771152015604
EK202310123303,131.7749073711032
EK202310204672,154.3159343529291
EK202310147206,143.5628240161426
EK202310165103,171.42574590400636
EK202310246536,156.87952719679194
EK202310204665,146.04142558665512
EK202310139971,166.5713363784146
EK202310230726,130.7089565013393
EK202310217044,138.47947747468086
EK202310175720,153.37732936729955
EK202310208548,125.51922997733352
EK202310213825,143.07129573537154
EK202310196825,130.36983099258026
EK202310117004,128.00299778155542
EK202310164666,148.88025972456757
EK202310195792,142.59589427316507
EK202310195121,149.5682677745259
EK202310188217,146.32296234159935
EK202310178996,135.21930542613694
EK202310107580,142.9150817078674
EK202310163974,147.2880354668769
EK202310237799,146.12074734447015
EK202310232053,137.67343181840485
EK202310178319,156.58799293461695
EK202310126202,134.10301030689604
EK202310227911,137.8875896710833
EK202310109084,125.72007560406786
EK202310143067,139.01181266333484
EK202310206930,151.01867039695105
EK202310201884,143.82299898613002
EK202310130641,137.02306018543032
EK202310157121,165.75658754143888
EK202310220877,135.11117128240954
EK202310149540,145.95003634239862
EK202310169600,132.53297799388517
EK202310163175,165.69017053407188
EK202310106277,138.50270654069087
EK202310209667,133.90223121032682
EK202310119877,128.5855732654034
EK202310204499,135.24927522980886
EK202310190780,157.730760759151
EK202310115565,139.771273667001
EK202310195056,140.38877967461045
EK202310111373,166.54879295330716
EK202310161299,147.79196542742972
EK202310245424,133.67865797342125
EK202310246906,115.76258013252179
EK202310120316,151.37351214430043
EK202310144965,138.37695268716215
EK202310211133,135.20200302005978
EK202310167406,153.93720740585437
EK202310162901,143.71264652725333
EK202310107075,125.50823765533791
EK202310140916,154.77230212997137
EK202310143120,147.1783215547766
EK202310114506,129.0338821981859
EK202310175480,147.9376832335594
EK202310118790,127.37530827745091
EK202310169280,144.27376722692767
EK202310129297,145.97569699520554
EK202310198282,130.43434469112844
EK202310240512,147.18880405702677
EK202310192236,130.4099550572373
EK202310177577,144.47976625032422
EK202310161068,156.0667673952457
EK202310111934,139.01769808728855
EK202310155260,142.60756071916643
EK202310124483,144.52087099489952
EK202310155315,143.9851054189914
EK202310123325,132.79371063488244
EK202310149045,153.99298634548362
EK202310222163,123.75627874656004
EK202310108935,140.71551610153722
EK202310188397,143.64875671887577
EK202310110895,141.2475795450542
EK202310146042,142.4068739777663
EK202310116291,137.72135264481128
EK202310214128,165.4411166331296
EK202310122572,132.8118756074913
EK202310246206,141.5307460236498
EK202310190227,142.73626989107782
EK202310137442,146.14790642415863
EK202310240613,150.2811341017568
EK202310171036,138.17156596897144
EK202310165619,173.02673258101126
EK202310135508,168.26600389698626
EK202310203859,125.39535019717201
EK202310208937,127.19797201793772
EK202310190964,146.04868671141452
EK202310157232,153.84253495467817
EK202310233329,135.47944516328334
EK202310004857,126.57571867895773
EK202310114112,153.94214939673523
EK202310231381,140.40282999442996
EK202310183273,150.4910231049226
EK202310198133,124.55226227203863
EK202310243118,129.47210168439412
EK202310179772,150.87615466635603
EK202310177045,136.54436700535172
EK202310129608,145.11595571235668
EK202310146699,136.36664713288798
EK202310118550,143.7985528231351
EK202310236716,125.00277879211917
EK202310225924,152.83663775736733
EK202310137908,127.53211863824914
EK202310136472,151.34755368358245
EK202310227498,151.12488707382116
EK202310197540,153.59897417802952
EK202310177606,145.59862198386585
EK202310233230,135.52884932359953
EK202310129471,149.37228186671277
EK202310240950,133.42696294513956
EK202320007590,159.74962468358663
EK202310163887,154.15570555139726
EK202320007425,168.1459514507038
EK202310127560,164.60087816784778
EK202310155824,140.00721111309912
EK202310187346,135.91537006109814
EK202310200413,148.83144184992224
EK202310185717,144.13771466822806
EK202310217975,120.81442494121126
EK202310216468,151.58905080841717
EK202310201451,146.7214399416416
EK202310187386,146.97750110692317
EK202310113263,140.02896275580144
EK202310129498,139.1008437936679
EK202310168744,158.8771856852859
EK202310142626,145.11841602843361
EK202310190880,164.3268090267784
EK202310131573,144.49430322823855
EK202310220638,133.79520314374804
EK202310207069,148.49755474468628
EK202310116824,138.8154492141053
EK202310231727,136.51920164392064
EK202310184770,150.76111935025028
EK202310197350,158.7118470142926
EK202310147966,145.86354677218006
EK202310160556,149.1577078635291
EK202310242942,137.66713316724721
EK202310207659,156.65063702771735
EK202310189516,138.84785949472698
EK202310214218,152.68334097681955
EK202310105070,131.01213130397994
EK202310218843,142.10510601046857
EK202310163176,164.86187450655711
EK202310109656,139.6293881781574
EK202310004202,134.05027074095995
EK202310203545,156.91870810303385
EK202310153518,128.78231497927686
EK202310119723,140.05572067941677
EK202310122303,135.9373771926248
EK202310113636,142.6092849198428
EK202310216948,128.66398716888708
EK202310154167,134.85815028602917
EK202310122355,138.50358668811324
EK202310150417,135.32061409521117
EK202310218226,146.50213476794934
EK202310191370,130.6660731472773
EK202310146010,140.5424404295681
EK202310242320,139.69194796245188
EK202310182162,149.51622212979157
EK202310129315,143.3295483785183
EK202310106705,149.8991962166178
EK202310240258,134.29534041557457
EK202310241039,171.88106948384768
EK202310204816,143.20720286491343
EK202310142491,146.68941136208934
EK202310200125,160.8738723555307
EK202310111662,139.8520826529241
EK202310141792,146.8650533141021
EK202310242215,152.03733870579353
EK202310227322,162.59560365365957
EK202310206010,138.35664864137377
EK202310220576,128.54831891933884
EK202310169744,149.70983065743604
EK202310236130,154.98386091276146
EK202310117603,140.24438829817197
EK202310164018,128.89049105661587
EK202310173758,147.16427041233908
EK202310169263,140.58644755872749
EK202310220742,135.74088408308222
EK202310234928,158.11439635115985
EK202310133036,136.2605596343854
EK202310134185,153.344942886286
EK202310185530,137.0666539650912
EK202310218330,146.38341823721382
EK202310220164,144.23127773641025
EK202310136625,137.1121534615999
EK202310190327,131.79003021445027
EK202310156810,128.12013495560137
EK202310235883,156.21788681943872
EK202310135135,155.88900478063817
EK202310232747,136.83983165009604
EK202310146074,139.480591636193
EK202310170263,149.4141597892471
EK202310117439,121.36464811213426
EK202310155695,137.53920306908273
EK202310180749,118.80126763369194
EK202310165733,167.03785865952807
EK202310122820,137.1276069324874
EK202310132148,163.129214620282
EK202310174037,148.19105057078443
EK202310116351,142.7078636255401
EK202320007454,170.56133112264308
EK202310126404,139.9499651747279
EK202310179147,127.51106258506147
EK202310119107,134.43146208199937
EK202310232208,121.00353847230068
EK202310146308,152.59362817323054
EK202310221836,167.62539610851007
EK202310241730,136.57226460322858
EK202310126972,141.1685314358981
EK202310190112,153.25864066313304
EK202310189550,163.72402703563742
EK202310167601,150.67082112154392
EK202310129178,147.62238116766585
EK202310208362,136.71868330179967
EK202310108633,118.36778872767522
EK202310119330,131.48173172186202
EK202310241595,131.84530418371583
EK202310133580,166.02202985862803
EK202310184140,143.06381592148125
EK202310243629,146.280229505051
EK202310240837,139.45858160614998
EK202310133514,165.87193887738596
EK202310248438,144.7867739016595
EK202310144323,144.29409817282766
EK202310199263,165.4005195797178
EK202310170561,139.98542773426442
EK202320006441,168.2755339691135
EK202310156158,149.17857385497837
EK202310160966,127.11775820474055
EK202310170924,144.640311119571
EK202310166196,159.45463597773733
EK202310180519,161.7345821600826
EK202310163021,131.65210505802182
EK202310217277,137.29892770586915
EK202310182542,151.99324775870915
EK202310187706,141.50518119776726
EK202310177424,141.1649820867192
EK202310116469,142.91866539358995
EK202310126864,146.71781828737173
EK202310171044,133.00007957471922
EK202310159422,151.0975209513378
EK202310126564,149.7649587697729
EK202310136978,150.54182575350498
EK202310227254,149.50134581287458
EK202310241407,146.4008404126232
EK202310151596,166.41868884059988
EK202310143155,140.95483187483578
EK202310003368,157.5233652972011
EK202310225579,149.47231992513565
EK202310142662,125.4176970650442
EK202310124623,167.23576485708531
EK202310117099,136.2315378789037
EK202310209488,154.9753438560426
EK202310218949,149.6077557116582
EK202310163688,131.00428625103152
EK202310233616,141.43298133445143
EK202310181063,147.38347385025048
EK202310122017,155.33190138390432
EK202310232279,131.0674548146783
EK202310188255,151.31905320303736
EK202310222087,133.82972950667138
EK202310235863,137.14723473476616
EK202310142201,159.12243642513351
EK202310142028,136.2033975396726
EK202310105750,125.40136518914566
EK202310192986,154.78907665092535
EK202310183238,152.27765899231
EK202310184211,141.56292095899178
EK202310114501,133.70902384982134
EK202310183815,141.01331832021322
EK202310239065,129.53778643619023
EK202310203010,142.76387733754268
EK202310119934,138.17752676510014
EK202310245690,139.1376116603223
EK202310228481,136.30046194235243
EK202310115026,151.96008065134384
EK202310227715,129.84554564817643
EK202310147211,141.24201701054432
EK202310112774,148.57445619448276
EK202310213753,141.98368308843638
EK202310115799,143.20990477912665
EK202310158491,154.80924173371682
EK202310224855,133.38322148925155
EK202310175378,145.41282824251903
EK202310120852,130.6226124533336
EK202310115724,131.15634320915544
EK202310188278,143.43215931840663
EK202310218258,140.775731436141
EK202310187357,140.6053441376314
EK202310170314,139.42434641905746
EK202310219875,144.77648163203781
EK202310198138,142.44085407469868
EK202310238879,141.1793319921307
EK202310179039,138.74846967505326
EK202310221294,115.72938055002653
EK202310181636,140.40090649724635
EK202310180030,130.62832733446695
EK202310188261,141.74248761318313
EK202310109627,148.59635344636888
EK202310218359,148.78578090126277
EK202310221160,121.93766463576569
EK202310210517,138.15791783111897
EK202310231490,116.38516774648718
EK202310142904,163.92083103146706
EK202310228183,136.00547402784352
EK202310190608,145.35607077642743
EK202310229652,146.45695178161998
EK202310201677,145.36334393360366
EK202310161948,146.079642545671
EK202310164852,143.796166263253
EK202310130019,153.0754590532112
EK202310137201,146.17926355308614
EK202310199958,145.52324748978648
EK202310168651,171.5776822344918
EK202310163750,139.657738447796
EK202310164255,170.31352382863622
EK202310112200,135.60121210190584
EK202310226582,142.08649367434268
EK202310150983,129.82808980103036
EK202310117868,142.57616627645558
EK202310104519,142.04972839810478
EK202310112900,147.63585819123315
EK202310175950,153.87779718708705
EK202310132832,153.72974516394356
EK202310177022,139.3177295228136
EK202310224847,152.90870779118316
EK202310220893,143.98157585285577
EK202310140282,152.77671167499423
EK202310140130,161.52781939798433
EK202310111884,136.43985044058604
EK202310169119,145.64142786695945
EK202310114003,146.64091460832103
EK202310204840,147.4378073936769
EK202310227423,156.62517461396763
EK202310243266,137.86841324829186
EK202310224568,131.90056759322127
EK202310129159,134.05913982211015
EK202310216851,155.33694367962747
EK202310173637,142.91635668561108
EK202310137694,143.29298622692824
EK202310224949,148.08740837294488
EK202310182755,166.6566951933719
EK202310121872,154.3044105214388
EK202310199590,134.5159298786237
EK202310237216,143.16156581603184
EK202310152666,145.01614181962987
EK202310119202,152.14950373661054
EK202310154055,148.97335358808837
EK202310131194,115.38186171392945
EK202310205515,125.08277242205094
EK202310226482,138.12370705657074
EK202310131717,150.5197851336421
EK202310116461,138.18130273853006
EK202310209370,145.05951278179623
EK202310112844,133.85173907903
EK202310148195,135.50860759750313
EK202310205500,112.85341163310824
EK202310180785,167.86550544291458
EK202310114659,140.8786479564242
EK202310206704,145.64001562559346
EK202310194100,155.90169320946282
EK202310192316,134.46199244749508
EK202310227158,149.56612475653932
EK202310210960,130.79359492876873
EK202310201569,162.11547529032123
EK202310208440,143.52415406608466
EK202310159738,166.20176047112471
EK202310167571,174.5630295684274
EK202310133506,154.45418410787937
EK202310206074,159.71618506131898
EK202310189737,146.50542914864985
EK202310168575,151.1871002987686
EK202310159786,146.7632524727427
EK202310241528,131.8554463942288
EK202310135551,168.067068416543
EK202310154421,166.49437039822737
EK202310229939,145.99975460533344
EK202310199977,141.73351352379146
EK202310212346,136.32966681512545
EK202310240842,137.05101089036359
EK202310188648,145.15691996919745
EK202310204867,144.4319560884511
EK202310221803,133.4786142503761
EK202310216991,135.9210382838782
EK202310234267,141.3237486851066
EK202310164050,140.48312960582012
EK202310160606,137.95250221370938
EK202310163801,158.68995438541597
EK202310202607,158.67304199909796
EK202310211679,140.9460985838105
EK202310161289,142.75943937469486
EK202310216723,151.95089592099575
EK202310241675,131.70750819024283
EK202310227693,151.1607572056638
EK202310153006,136.92680990994225
EK202310152517,135.22152384146204
EK202310119296,156.16896687701794
EK202310135167,145.91449219762305
EK202310129365,158.95507538817
EK202310224938,133.11900128782997
EK202310246031,126.34339890292726
EK202310227934,141.6945425790252
EK202310155888,142.63754504408567
EK202310112003,160.72812562582976
EK202310110042,132.56273519085585
EK202310202481,129.01802547765078
EK202310119852,151.50341027872062
EK202310191910,160.27402365164016
EK202310208404,127.06205965112048
EK202310175620,129.0687553991636
EK202310162522,157.3701008291807
EK202310141148,134.64889011777225
EK202310173552,135.96989186814437
EK202310235762,126.2554483829243
EK202310170630,137.06412277300498
EK202310215013,155.82895792046693
EK202310233350,121.76319202389024
EK202310189297,165.78487738041156
EK202310201145,153.4839368691746
EK202310128701,132.27956307285297
EK202310135409,149.5242853773941
EK202310117705,138.3599539910335
EK202310122677,131.23606714084147
EK202310193307,159.06466267983095
EK202310150126,167.93259127452177
EK202310203066,149.99173353150866
EK202310243263,164.56304310804853
EK202310147744,138.4528622833066
EK202310115839,136.34159901413915
EK202310120766,159.88938548762584
EK202310141591,143.01015299201273
EK202310171912,147.22005493111843
EK202310105341,141.30827809586918
EK202320005577,156.2741223284657
EK202310168922,154.25841502766266
EK202310241884,135.19674057216224
EK202310231171,130.7523507381408
EK202310160293,145.50694178508746
EK202310177237,132.5780309029045
EK202310003836,142.3254359157466
EK202310159624,150.62552896480952
EK202310201626,132.11461568370262
EK202310109032,155.70107266541496
EK202310139930,138.67477353295465
EK202310004116,127.75960864802892
EK202310186841,140.62060630472968
EK202310118029,149.64224023215849
EK202310239323,139.626052311403
EK202310204171,124.27132036283605
EK202310190000,149.9216231564372
EK202310220235,130.0362072493411
EK202310200517,135.50748102064438
EK202310124822,147.0820382665132
EK202310206677,149.85715755904084
EK202310173092,136.98159408578186
EK202310140031,143.72856116838668
EK202310118392,155.49400069676713
EK202310241116,140.25062776336515
EK202310162167,128.51736062233826
EK202310165764,132.77496115288866
EK202310109757,136.72870686853759
EK202310166993,142.96430203775137
EK202310178462,158.59175418403802
EK202310236406,120.8221233517724
EK202310168692,147.6382696398987
EK202310221373,154.35395027730593
EK202310144973,133.7254136222577
EK202310125785,134.8435922254162
EK202310187049,127.13579247809255
EK202310216907,141.67746121987156
EK202310129517,145.2590484625073
EK202310195530,130.33001475273147
EK202310177392,167.76608035027493
EK202310224171,150.09325454380985
EK202310195298,135.1679625515167
EK202310196360,143.7291479509305
EK202310197685,131.78816076164452
EK202310127212,135.89750868442144
EK202310194711,148.09136716391288
EK202310134995,172.15550708376574
EK202310215322,130.65216810748242
EK202310129156,151.07414898551343
EK202310194573,157.0765679778986
EK202310107850,166.0039798256339
EK202310224151,128.5872723330586
EK202310236621,119.75926615073476
EK202310240110,145.5674186895024
EK202310151137,168.53611364375715
EK202310245976,128.36414844029753
EK202310201981,137.17784982806177
EK202310128852,143.3876792663305
EK202310105479,137.71243410901613
EK202310134237,137.7544711546546
EK202310186135,144.12490491794705
EK202310126691,134.76988436013892
EK202310230960,132.60862535093378
EK202310167746,142.8216222399611
EK202310220451,152.7948802569237
EK202310187367,118.78844058528861
EK202310211918,143.8843316679348
EK202310218758,136.7396674788951
EK202310170030,165.00552352059412
EK202310182773,139.89334240452465
EK202310132214,144.3551355150306
EK202310004044,148.9927063894614
EK202310210481,134.6130575620893
EK202310233818,145.70663869703762
EK202310134772,137.65840361318166
EK202310190788,141.57750618582912
EK202310245891,158.48973080756502
EK202310152473,149.04566535190665
EK202310173468,143.30197989505976
EK202310134860,141.092791896455
EK202310219927,144.0006676692873
EK202310242547,140.4795581719835
EK202310190542,154.73730895505628
EK202310248304,149.35401442296765
EK202310234323,143.15544303569703
EK202310116774,151.8898289620696
EK202310162192,133.40185404502049
EK202310200226,131.3198225696954
EK202310223298,129.6854124977079
EK202310131109,147.6784091552713
EK202310170422,136.93971217906102
EK202310247958,131.39504572581242
EK202310150344,137.93481349019072
EK202310186547,146.60841971827324
EK202310159511,137.79806657272763
EK202310107832,114.84288743048215
EK202310157429,138.79811562185606
EK202310206031,136.6054505678468
EK202310153162,165.3945229294569
EK202310246453,137.7504780302736
EK202310169465,140.17894101498902
EK202310127917,149.57732738213946
EK202310230060,132.0978366183309
EK202310115986,131.68005533995407
EK202310231341,136.50116340895983
EK202310207431,142.84723761056753
EK202310115427,139.25746215022352
EK202310148216,160.31945522418053
EK202310236465,126.55803800165133
EK202310214889,141.58925698999445
EK202310183344,141.3014889445677
EK202310115563,138.91404134884363
EK202310204127,149.90633900540274
EK202310148558,165.8985517480118
EK202310239253,146.65675982025095
EK202310223421,150.6396049446795
EK202310164157,136.79091904222838
EK202310191038,140.78403864855096
EK202310206653,144.082026206713
EK202310189587,137.1955385445011
EK202320007832,158.40539531024407
EK202310107195,145.2042232934849
EK202310154834,157.3622101198731
EK202310225399,136.74707350761219
EK202310200244,128.57393636066047
EK202310181369,148.9978922251345
EK202310238327,141.73606826744148
EK202310119929,154.94433441892525
EK202310199445,165.30372728654567
EK202310167881,139.5936211859308
EK202310134304,136.1728567667025
EK202310206774,149.51511936967322
EK202310217924,147.34740175610816
EK202310114025,132.22447076156908
EK202310153648,149.29745862012695
EK202310168223,150.12817657313906
EK202310217182,166.47874883933244
EK202310228108,140.33572960573974
EK202310106503,136.602467885589
EK202310132704,136.61124867696415
EK202310146469,141.70814492447522
EK202310190547,142.39875425197798
EK202310131045,135.2022992680283
EK202310120149,146.35139639282536
EK202310188786,158.38601138810898
EK202310164309,165.4440203578725
EK202310141856,126.20067779886367
EK202310174571,161.9314874205831
EK202310191248,148.21948421972147
EK202310228497,132.91628139813093
EK202310248650,140.35563407330284
EK202310003518,139.60096931060946
EK202310184477,145.8976165543301
EK202310177306,132.1540927325042
EK202310124268,131.23994691668975
EK202310207962,150.29965040036922
EK202310187364,138.02275589629704
EK202310188630,169.55087508283648
EK202310183825,175.39663685891435
EK202310228647,131.4165975621012
EK202310242814,142.3381533983388
EK202310190403,137.8930132896063
EK202310152077,151.0489650153128
EK202310127706,133.8697632024164
EK202310142346,145.1699540331798
EK202310140834,149.41415801131566
EK202310124143,124.48238967907876
EK202310158418,163.26387477490675
EK202310104315,149.98665501431483
EK202310186057,125.95108632896267
EK202310175318,147.04022755979472
EK202310170196,127.55584542318077
EK202310222979,141.77839916360483
EK202310179579,122.69409122438395
EK202310131268,145.8504106693025
EK202310232636,124.88289272186444
EK202310240941,130.77155131458147
EK202310162473,132.0493952518238
EK202310214960,144.51673827068961
EK202310158148,153.8910803403444
EK202310240646,167.65529523504293
EK202310190660,147.8818760397047
EK202310137900,141.48804306564776
EK202310105369,130.72849575692254
EK202310182640,139.79931508466092
EK202310222831,143.62927262882909
EK202310158111,142.39874463835912
EK202310137268,148.5301580000093
EK202310172836,160.77092406854518
EK202310130602,128.22726932603487
EK202310116478,130.21907162556374
EK202310176354,142.22968911101896
EK202310136605,157.10180838976603
EK202310120400,146.84987597466983
EK202310138807,149.28769984975986
EK202310158128,157.63424844687623
EK202320007743,152.44684050432014
EK202310240290,155.52233245151385
EK202310176995,155.05532072584043
EK202310178489,152.36393144974002
EK202310125320,135.9600266352624
EK202310158248,155.8344479964443
EK202310115199,141.9488604124591
EK202310214342,144.17488568671408
EK202310164698,128.5609245095738
EK202310181281,151.29055472418625
EK202310105605,141.89973248483267
EK202310117153,135.930763050178
EK202310169108,159.06115871534496
EK202310135565,137.66534566215634
EK202310176476,133.47442275194834
EK202310245673,143.40866622005325
EK202310200545,139.31336419237192
EK202310147448,154.23744923362906
EK202310195084,126.52154254182689
EK202310228420,143.90266400808392
EK202310136789,136.19300467693088
EK202310141614,145.53845537552306
EK202310151545,166.48140892558422
EK202310183497,144.78355505009202
EK202320005693,162.45737416192856
EK202310160617,163.52219213987792
EK202310207236,137.26638524874713
EK202310123254,130.8013947268164
EK202310131721,133.85634561735003
EK202310129551,139.56986764631375
EK202310125982,130.1552614630608
EK202310129231,136.84821070503025
EK202310237005,119.24399426526526
EK202310138431,156.8373589005786
EK202310107167,138.87594684289746
EK202310180405,131.24170436824164
EK202310185138,128.09616847371998
EK202310207362,139.39715343873567
EK202310188914,155.6697106550829
EK202310157622,143.34092180545653
EK202310209933,142.1121806306667
EK202310191168,153.25323390878617
EK202310168227,121.98854675344947
EK202310211342,145.5132073677861
EK202310166980,146.00134488753852
EK202310206475,138.4672276844334
EK202310186567,135.99874685951835
EK202310227651,137.34210594110127
EK202310157161,147.85699056072554
EK202310171211,168.74315342362917
EK202310132575,131.6711124305349
EK202310135453,152.6812377675375
EK202310219005,158.58452014843124
EK202310186299,143.06608832427872
EK202310122783,156.38295968065603
EK202310112879,133.969004811438
EK202310236548,131.25745569959224
EK202310156862,169.0398475393339
EK202310158283,155.00639569160109
EK202310220175,137.4731365194661
EK202310205692,134.37028158799632
EK202310104703,136.18168795055172
EK202310201863,124.71924213002582
EK202310175191,122.28288749709012
EK202310143809,127.82711151839526
EK202310228164,146.18747266082715
EK202310227395,144.39020182309923
EK202310170797,148.40906594370705
EK202310147520,167.93034874152048
EK202310241613,143.75771617662303
EK202310135976,140.17845502329556
EK202310248616,136.90154747224258
EK202310246754,122.40391134763206
EK202310197862,145.73480280534713
EK202310177128,153.85295402259084
EK202310232113,130.47649788092184
EK202310141746,140.25724097581258
EK202310168387,154.31225854227156
EK202310245345,149.39009113776999
EK202310209506,127.1027815340197
EK202310180792,159.55813390269995
EK202310230504,142.78219423992806
EK202310207171,159.55175775617488
EK202310123678,137.8213760259609
EK202310116185,146.37023218101893
EK202310237515,138.00609109259878
EK202310168029,152.04460663677537
EK202310226787,152.72267525578638
EK202310171773,131.46739341991307
EK202310213797,147.0406076321986
EK202310210449,131.9238942436806
EK202310200138,147.36744452603844
EK202310124561,135.415929089895
EK202310104095,154.049037099751
EK202310173838,136.14522699065586
EK202310188790,148.3360624187086
EK202320006026,160.6750126621752
EK202310175964,143.81140490223515
EK202310246749,146.42405278087872
EK202310211166,128.53483202480956
EK202310130296,160.20168922142324
EK202310133656,138.56092614429772
EK202310162528,142.59726041150674
EK202310232172,110.70202619990786
EK202310126678,135.18509214269199
EK202310175006,134.7354101554372
EK202310195947,130.2249537790265
EK202310175965,152.2492986694379
EK202310194000,134.59275892074044
EK202310109642,138.47273484666925
EK202310234602,136.36069335960386
EK202310216505,143.04782406327425
EK202310182057,152.68592523614674
EK202310205348,154.3818734625679
EK202310231919,128.56637883635895
EK202310143248,137.65970156422287
EK202310170516,143.03425493700405
EK202310228644,130.0555581448157
EK202310162365,158.50717249340647
EK202310221959,132.1663326597149
EK202310135830,130.55101728849502
EK202310132773,125.97076383874754
EK202310116452,163.7265721926631
EK202310125827,141.34938228613126
EK202310153615,141.05154378795692
EK202310104234,140.6432741607438
EK202310171291,131.13242096256377
EK202310143530,142.02021015382996
EK202310199377,151.59716001393994
EK202310148675,126.8878905961079
EK202310136051,147.6748005414755
EK202310108210,141.45573488260314
EK202310199466,136.58253204428584
EK202310227747,154.61476252336655
EK202310247834,135.19218022698547
EK202310241529,140.42146773424514
EK202310112144,155.97086395921684
EK202310182993,153.7217164100654
EK202310189245,137.1916120996582
EK202310160406,142.13019973597181
EK202310200045,133.73295609652715
EK202310220419,147.92665504389373
EK202310139976,142.34276138531155
EK202310004037,117.06376472547734
EK202310151229,150.57336467912208
EK202310124255,112.19685193300732
EK202310112236,151.5000222606753
EK202310169836,123.10728844677256
EK202310206379,156.13517078978572
EK202310237044,130.88945368201826
EK202310156899,177.40552634438095
EK202310135286,143.9626534962504
EK202310233848,150.10455311063006
EK202310243867,129.5086335473527
EK202310193719,147.20349714005908
EK202310115856,127.39011709453592
EK202310152769,138.9215251662151
EK202310208931,139.70059463980743
EK202310166273,140.66184997538915
EK202310174146,155.78998721256255
EK202310216893,145.03995474595632
EK202310200816,159.29963298830893
EK202310117687,152.67693835878345
EK202310109308,122.23024413722185
EK202310130253,168.7800889004596
EK202310129353,152.31105164690638
EK202310232695,131.10468653811444
EK202310168934,141.48523479519662
EK202320006147,171.21492743479757
EK202310131865,175.76713861090423
EK202310154389,158.46024860436052
EK202310144452,134.80579346121152
EK202310109772,129.18189628682808
EK202310142187,167.55165107555777
EK202310220392,137.58063147880154
EK202310185327,130.68196240537193
EK202310147396,147.67715885069344
EK202310207907,116.05293717900645
EK202310137274,133.07746212200018
EK202310192264,136.97926899222395
EK202310217353,130.2682512508421
EK202310169024,148.3935994854528
EK202310168820,151.77303363335363
EK202310156728,126.17653696608718
EK202310172897,152.7042340904077
EK202310141606,140.79877657374564
EK202310209150,165.5779232866199
EK202310242727,132.4191959178268
EK202310172918,137.50640586230958
EK202310238608,147.23135517293744
EK202310118817,130.29563423011962
EK202310209232,138.03911381772343
EK202310246528,155.84599121590378
EK202310225110,155.72348190660628
EK202310196139,136.38645532039862
EK202310183805,114.06677071469478
EK202310109611,131.1327492953281
EK202310165156,131.61633165485094
EK202310169977,156.1804763413814
EK202320005840,173.20788241179318
EK202310164548,158.1765034711882
EK202310200636,150.0402537235925
EK202310175371,149.23039102856904
EK202310149850,154.73151885987812
EK202310192563,142.54375111956494
EK202310150786,137.55007060084546
EK202310232852,138.77445756771687
EK202310129104,146.22595564891452
EK202310222400,139.29283336212364
EK202310238847,138.21527815535455
EK202310215409,131.75409426767575
EK202310132626,144.5940679803207
EK202310209457,139.06640283120242
EK202310191648,160.35941219390446
EK202310211924,136.39793289438632
EK202310123972,161.77657717796666
EK202320006941,163.40404091085352
EK202310172894,141.33575198639014
EK202310201352,142.09282631370306
EK202310246908,130.89636805430175
EK202310159957,153.33071675176305
EK202310208067,142.71286118239274
EK202310132399,157.8903693429696
EK202310154363,139.7224413837546
EK202310190672,137.66029276129237
EK202310191938,145.00881656115547
EK202310190279,143.0627918823014
EK202310205127,160.84314607015966
EK202310202799,127.64952006683441
EK202310169811,156.88988078029172
EK202310131611,158.4846163617165
EK202310124021,140.194623661879
EK202310105652,141.86222423575617
EK202310133772,131.0658355637508
EK202310222132,131.57942374240403
EK202310187623,143.834759571708
EK202310138088,131.64238254536508
EK202310203335,142.66648200568392
EK202310139562,162.5174558883255
EK202310239042,146.19250628832845
EK202310231151,130.76823697498688
EK202310142022,154.4217950163051
EK202310227265,131.8323595547743
EK202310122491,161.40861596366892
EK202310246498,141.4303856649226
EK202310237745,136.51044468554818
EK202310230083,133.2824836395139
EK202310239818,141.48505860009752
EK202310109374,139.72627081931728
EK202310188938,143.11511401426878
EK202310239985,156.9405372080569
EK202310190536,151.35837110498733
EK202310108454,144.93967624444628
EK202310185187,143.40487009515422
EK202310214929,145.83862106400707
EK202310163742,157.3894501683254
EK202310133341,120.23415753226786
EK202310123932,138.68307384642128
EK202310224048,131.85668868076147
EK202310194734,136.4920823254141
EK202310233579,131.68104790852158
EK202310111120,142.76151530926694
EK202310202005,114.00546306602685
EK202310170430,139.35290885940753
EK202310215966,146.41346199621708
EK202310142957,156.00127953043636
EK202310238877,136.3697287125501
EK202310197380,162.39406042652342
EK202310242798,119.71004918559095
EK202310118054,147.13681229138234
EK202310171995,142.5894475976052
EK202310156378,128.02066455598708
EK202310209380,133.67065635836553
EK202320005988,169.99877697673534
EK202310132771,145.79102671126864
EK202310196985,164.12928374382093
EK202310209813,134.84201329639006
EK202310156025,152.52172340900017
EK202310119261,149.29073668634197
EK202310200800,157.96181776925192
EK202310113114,135.07641567298592
EK202310176337,173.4259924097387
EK202310116221,136.9591175998285
EK202310185787,142.337371560928
EK202310161101,162.07695439296347
EK202310109179,127.27603967863712
EK202310211864,129.6078616417739
EK202310233086,145.786192314385
EK202310203086,141.38166903722748
EK202310209153,133.33478113462687
EK202320006944,155.39669637756933
EK202310124624,153.91313936631605
EK202310160066,162.6984028499188
EK202310212610,155.32680453342365
EK202310176922,145.14645831997697
EK202310221476,157.57693625508804
EK202310178896,147.8253674323539
EK202310242101,139.69411712205908
EK202310208004,140.94607767342305
EK202310217499,125.28161234106146
EK202310133817,132.78922473943862
EK202310169528,129.1219913748845
EK202310239561,159.59117058115854
EK202310158179,142.6717058160501
EK202310145688,154.7978930575912
EK202310242791,141.24716618207313
EK202310152257,135.20849159961188
EK202310137070,136.0811480910391
EK202310146130,136.95890280480305
EK202310204201,151.67781506000392
EK202310155505,140.2879302107881
EK202310154019,133.47700928431536
EK202310233453,154.11266684990778
EK202310217804,147.70280315326028
EK202310172949,152.9583622790883
EK202310188635,157.68842984200433
EK202310117443,119.96687865146131
EK202310160841,126.74387536914018
EK202310125406,146.74356966507642
EK202310182154,141.76966428998566
EK202310118807,154.24690228620884
EK202310159569,170.64855323112937
EK202310185202,167.47968749656687
EK202310240184,139.2738547069153
EK202310180957,169.960230389024
EK202310208211,147.35710585058146
EK202310152382,147.09948202554446
EK202310174048,134.268376209927
EK202310150319,152.81258213979305
EK202310152702,150.77161322832228
EK202310170820,134.96849425990015
EK202320007378,151.17876329692575
EK202310131773,145.86974608081937
EK202310185301,161.2984239294187
EK202310175383,153.74367571979482
EK202310170884,130.50531506087185
EK202310178300,153.22028236218327
EK202310246617,160.20017113660984
EK202310238047,126.91169346857029
EK202310208163,152.2571000267315
EK202310124260,132.34126849999993
EK202310128456,133.48105880759528
EK202310212256,126.53856042913377
EK202310234312,141.57112441707486
EK202310104195,143.07874528281727
EK202310148897,172.1266993472512
EK202310158080,140.78170056191578
EK202310219877,146.86973587360154
EK202310165158,126.60368627410973
EK202310109254,149.61601997211574
EK202310185727,145.51817709818636
EK202310143277,156.7922755488339
EK202310194994,161.67315916197546
EK202310243012,164.41743958540204
EK202310134903,134.35233149773697
EK202310231333,139.40475484631185
EK202310156732,166.82444492347122
EK202310216366,144.148487608656
EK202310220643,143.39358131912988
EK202310165968,121.20912408726983
EK202310246411,139.92948208182602
EK202310155750,146.30627691931386
EK202310190049,148.2277825359344
EK202310004189,160.37368418978275
EK202310184691,161.5635760424246
EK202310111760,143.68016735367536
EK202310176428,132.93581443567453
EK202310152951,143.63061588594707
EK202310104263,150.5372530739843
EK202310103997,150.04003114124777
EK202310229279,142.42566694134288
EK202310157826,140.5524942105154
EK202310142511,137.7996799004578
EK202310232992,133.67939982980866
EK202320007132,168.26764767356656
EK202310180745,123.05474249340287
EK202310225853,147.72685252412262
EK202310198235,143.67189881635068
EK202310196329,153.87441475314742
EK202310223113,139.4125303985187
EK202310166045,153.6560252348601
EK202310174983,137.9122169536522
EK202310197554,162.4885570637265
EK202310215823,132.8230034410949
EK202310122372,160.44788940782277
EK202310157463,136.36224005258237
EK202310175294,146.29065789521115
EK202310004183,139.89114723774506
EK202310111002,134.30862641597238
EK202310132507,174.08059998049035
EK202310226239,122.85111307195741
EK202310160993,123.27306691928288
EK202310177494,142.99199949677214
EK202310247179,156.94097810733837
EK202310159413,163.92788956817395
EK202310205675,122.08230162036233
EK202310204805,142.88090905271173
EK202310104970,144.0954110336707
EK202310143326,160.19132614303345
EK202310104508,149.31407176827986
EK202310109138,135.11099206458175
EK202310155067,132.61744130610373
EK202310180368,170.97625027398607
EK202310174283,158.9124597838567
EK202310164563,152.03953674248513
EK202310248605,149.69115158559578
EK202310144814,148.85970719969677
EK202310151103,141.98194151481977
EK202310137749,127.37781151006358
EK202310244871,139.74291545674345
EK202310231958,143.9402182094729
EK202320006420,169.97944143971895
EK202310180132,119.74622587493627
EK202310208818,131.31218348019854
EK202310242680,135.37412508154813
EK202310124810,170.22763413891607
EK202310179535,145.6212683603927
EK202310180039,126.98986461926482
EK202310142068,159.86937847373048
EK202310241810,147.47628352696432
EK202310142213,150.50167202732473
EK202310205835,129.7400590413174
EK202310176395,129.80667636119185
EK202310108817,152.28876788168978
EK202310144432,135.5020182655212
EK202310164208,136.81152283711123
EK202310125282,131.6185171153645
EK202310110364,134.4537344675467
EK202310147767,139.97832792604592
EK202310175310,155.62457925377925
EK202310169612,104.8947730149213
EK202310177089,129.13716968219126
EK202310164613,140.1286623514233
EK202310214491,160.9781613463707
EK202310159145,173.00505207627796
EK202310148143,153.1941294664315
EK202310130196,168.0231395555902
EK202310140526,133.49856237530076
EK202310220135,138.82546900146932
EK202310116422,143.66637986073576
EK202310121781,127.50876960938088
EK202310108897,140.72724912188448
EK202310110908,150.6816469010649
EK202310219796,141.69779700320663
EK202310109152,155.71939097426807
EK202310217807,136.53674277810313
EK202310115494,123.2796768986374
EK202310221948,132.9762598291291
EK202320006012,164.53829286365607
EK202310119926,145.3643143536515
EK202310212680,126.96154602334812
EK202310004522,147.66584106764438
EK202310200665,158.0343341311649
EK202310159142,141.0647279744013
EK202310217394,142.19504448926645
EK202310247390,168.51027392550193
EK202310153429,122.37534010214522
EK202310133009,159.42442718248537
EK202310183153,161.08289569484396
EK202310223238,144.32456831253631
EK202310189167,160.24388892609818
EK202310167404,143.07033157937113
EK202310123436,143.82955895713064
EK202310201161,160.90281471040373
EK202310202874,139.06927334343573
EK202310205144,143.2534593501016
EK202310211825,136.5274700666097
EK202310119888,144.53907784312818
EK202310187594,150.50015580878778
EK202310127146,160.1061509272434
EK202310115361,148.39962787224073
EK202310122062,145.9054392839389
EK202310161120,172.41495721441703
EK202310119640,159.14788661672316
EK202310196025,163.91760395831025
EK202310239045,130.42949280451165
EK202310197374,157.68489455045867
EK202310201644,131.3753199191431
EK202310239463,131.78108443227683
EK202310234006,148.93431186907185
EK202310209744,133.94359136148864
EK202310138496,168.972740117509
EK202310159749,168.6715872478914
EK202310199933,138.4498210847997
EK202310121772,145.02464139407792
EK202310150984,140.79612355285553
EK202310245852,138.55742172390893
EK202310129919,146.08123290451076
EK202310203657,155.69066119519965
EK202320007279,162.31377928459102
EK202310213923,138.65156853419836
EK202310004091,130.84591353171268
EK202310142372,156.0441762262813
EK202320007651,144.90892147336956
EK202310188243,159.01403078456948
EK202310162087,145.60887610818105
EK202310124791,144.4365256674603
EK202310111667,136.5535653048691
EK202310105642,133.34454965586735
EK202310196224,157.38520373151508
EK202310159474,118.03206822087783
EK202310137962,131.34699190563836
EK202310194276,155.70843924094459
EK202310155765,138.85608818058782
EK202310222240,121.86674546219692
EK202310175830,155.2607241667937
EK202310115286,146.8605535210752
EK202310179252,144.76897701584963
EK202310216929,147.149106139825
EK202310158567,134.27801779671984
EK202310124273,141.73968381174717
EK202310162224,146.50123816805043
EK202310165570,184.64762568223892
EK202310151292,133.30470234610593
EK202310123293,130.81101847692207
EK202310151984,131.48568466177778
EK202310133891,150.08018814875794
EK202310108554,151.19400914461986
EK202310108056,156.06694241618433
EK202310208276,141.57691474567255
EK202310106720,130.6509653128155
EK202310164462,132.69815462105143
EK202310153370,153.5713470891274
EK202310156354,147.4625314938517
EK202310120895,147.85511443178797
EK202310204021,147.38890873199543
EK202310144453,165.93255967731616
EK202310187876,152.59926098901985
EK202310234386,143.69739678483742
EK202310223302,134.25316965019513
EK202310198885,138.10221948640432
EK202310133774,149.55242355101367
EK202310216355,147.8892126618267
EK202310170923,134.3692972124995
EK202310190308,147.4309308777852
EK202310116974,160.20765446532175
EK202310147600,152.3902377591158
EK202310134725,161.06885048316983
EK202310205939,123.90840202448896
EK202310166068,125.39225475241491
EK202310228965,144.47954175551632
EK202310106007,137.62959049119985
EK202310192113,159.15781085889188
EK202310168030,145.12460098987063
EK202310119751,142.18347021816797
EK202310196784,132.3902911406666
EK202310147073,146.84475876949077
EK202310215585,154.15507114336665
EK202310176737,144.03428909367668
EK202310191426,151.22186746207973
EK202310234686,136.87685957653088
EK202310173981,134.43635190258027
EK202310238285,154.09942504267264
EK202310004398,131.68130322236533
EK202310227760,142.44072559649126
EK202310228813,139.3813327724991
EK202310108999,152.9377718500776
EK202310170661,149.69336270416557
EK202310107069,125.63480577255856
EK202310107605,143.70612778595867
EK202310149427,173.03345111968443
EK202310235767,128.73703343876326
EK202310146513,147.07090013327485
EK202310134095,143.86898509230738
EK202310212824,145.2643181659712
EK202310187784,169.85609702203132
EK202310220588,147.01685020430955
EK202310171664,133.63169633947314
EK202310213580,129.39547734513812
EK202310117169,122.2376092264098
EK202310225689,137.83875486610475
EK202310228834,132.6220426696618
EK202310199085,149.90883498247535
EK202310115337,139.23221526773202
EK202310222451,139.1304617902485
EK202310120450,136.70067171961293
EK202310196902,153.33291082232066
EK202310213448,133.8371973388795
EK202310194551,145.02293479347887
EK202310210607,146.64808314531857
EK202310240625,137.82408040803122
EK202310232826,147.76332602201305
EK202310115580,142.2433703138449
EK202310230496,118.20350207534803
EK202310153896,142.6385207982944
EK202310167421,156.83643255745528
EK202310185386,139.9794028435547
EK202310226162,151.44371265681278
EK202320006296,153.99318849633923
EK202310122211,136.69314752995328
EK202310120410,132.77584444751014
EK202310135887,131.57641428719126
EK202310123262,145.1018865396952
EK202310116308,137.44323731210582
EK202310141964,134.56711073442526
EK202310114738,140.50703829720996
EK202320007799,148.4656491853948
EK202310135945,153.74498017586563
EK202310152049,139.20578470486203
EK202310159468,141.7053962378642
EK202310137922,138.4273164961331
EK202310137799,135.3826710787584
EK202310185003,158.6785953149638
EK202310183141,135.3833956244215
EK202310179706,132.37409322741976
EK202310226300,132.36224494310494
EK202310209408,143.22644806608727
EK202310224094,138.359010574313
EK202310155840,129.9505280505016
EK202310153392,148.50255192993367
EK202310119916,140.2814078181811
EK202310189485,131.13483033319397
EK202310153973,163.99248852194958
EK202310143859,139.90447468333213
EK202310209322,156.39364544720075
EK202310219928,144.2019774204082
EK202310177843,143.58413453779627
EK202310235521,151.6028874979554
EK202310227218,137.01563083666724
EK202310120634,134.25098229870736
EK202310237236,129.08900758771455
EK202310174275,164.20661102996232
EK202310207517,142.4832065189997
EK202310197066,136.25205607280054
EK202310235418,137.1280432848154
EK202310229043,138.43721425849012
EK202310232518,134.04346602340536
EK202310127726,142.50375572197413
EK202310216259,151.63080913600712
EK202310132033,143.06337031562398
EK202310204271,158.9422863187644
EK202310194461,144.58976978825004
EK202310202541,155.06419795062527
EK202310201397,153.84540206024576
EK202310169275,135.1845475071011
EK202310115278,134.57157311923334
EK202310157300,148.9895014489859
EK202310111329,147.34352892361014
EK202310132731,165.83215175168476
EK202310107770,153.6067457053899
EK202310131063,157.0834560327782
EK202310212722,146.2786673896716
EK202310172610,155.0445544673079
EK202310243791,127.05382020813983
EK202310219499,128.53032491356905
EK202310131588,143.73547258671468
EK202310217120,144.09369335254388
EK202310172169,156.64024858070673
EK202310133205,141.4813073918363
EK202310190824,158.69409348020878
EK202310119229,150.86632543883147
EK202310172059,149.41479552823145
EK202320006521,154.94791604694518
EK202310221989,153.8754755042787
EK202310178785,162.57852900396452
EK202310183830,134.3934376477391
EK202310168297,142.8101151457456
EK202310127675,132.35579087732776
EK202310172854,136.96741656851074
EK202310176515,148.2141006628924
EK202310154731,137.4903616755329
EK202310213784,150.28056789786783
EK202310150574,154.62095970644185
EK202310130454,141.41078807476129
EK202310131489,158.408194358122
EK202310174498,151.23168446997332
EK202310103853,144.3918484543788
EK202320007395,157.953806778058
EK202310182375,145.66119685475664
EK202310146376,161.4528332904841
EK202310236179,118.61434224211041
EK202310149241,146.55484205264582
EK202310135136,137.3024252837491
EK202310140867,142.83301093171698
EK202310223502,139.09284430920712
EK202310243943,148.1893137764495
EK202310174164,141.82390959198062
EK202310158044,156.01466582271357
EK202310148103,134.16380370372912
EK202310156336,167.11499700062217
EK202310190263,160.8002781233216
EK202310176162,157.67144271344432
EK202310129272,150.68571116164864
EK202310199173,136.52671112146038
EK202310150794,142.50993441582463
EK202310207717,150.24704783811313
EK202310109712,146.02226064210478
EK202310142567,158.35390968956455
EK202310117141,144.5346801794704
EK202310204093,126.617481399007
EK202310241706,154.58908636004068
EK202310183611,167.68877646068432
EK202310233211,153.84009082248838
EK202320005748,146.42665750211341
EK202310124159,134.49115061997338
EK202310138315,117.1881797673374
EK202310193796,153.90810727283187
EK202310218166,163.9436939730025
EK202310229779,156.1322212329297
EK202310131658,152.05455825302394
EK202310229978,122.25250122527936
EK202310171658,119.69549383318186
EK202310121521,147.12268742424047
EK202310190841,150.8661916749218
EK202310104228,145.52715904958657
EK202310113040,142.6970906424479
EK202310131735,145.57508404709003
EK202310170151,145.91521881899556
EK202310124366,123.23517565999029
EK202310149451,145.59563468340485
EK202310206552,131.83532046543607
EK202310129905,146.13556670490755
EK202310227850,140.24058947934603
EK202310235398,130.28793208625072
EK202310218108,123.92771803074451
EK202310157681,107.38277401602676
EK202310214538,151.9986952452545
EK202310201752,155.0458258860351
EK202310105353,145.82098955635425
EK202310106768,123.81283814795235
EK202310200116,165.24556789368063
EK202310127715,138.15734655192716
EK202310105124,144.05572440952892
EK202310198102,143.03286569623225
EK202310106141,142.11960048896816
EK202310165059,140.37581034101314
EK202310163969,153.53075273867117
EK202310163911,159.87665941873448
EK202310160055,149.48948345952272
EK202310126497,139.3337228893954
EK202310189545,154.37300347126634
EK202310187535,151.5915680132111
EK202310224997,136.30783457532328
EK202310147587,139.95579554081812
EK202310130969,140.53132470742273
EK202310157178,161.16001163917022
EK202310150244,140.92137478090225
EK202310114255,158.4163935797302
EK202310214855,153.48787258370723
EK202310158832,157.84968685240636
EK202310143631,90.63063069619383
EK202310206903,152.12739256324693
EK202310213965,160.28799173883365
EK202310140974,144.63938648697118
EK202310243752,145.8860314152481
EK202310230647,156.5674124653302
EK202310110490,135.25981306965852
EK202310168466,143.37323067246604
EK202310138755,156.93723377821289
EK202310169502,137.70622008779603
EK202310203430,171.38994573268005
EK202310163679,135.82789518092355
EK202310157628,133.49081095534297
EK202310224841,130.28538470526868
EK202310153096,163.663397542514
EK202310116043,135.69870617896424
EK202310201955,133.98212051965345
EK202310240755,133.24266117633226
EK202310215391,154.7834920638341
EK202310120508,134.02301388804503
EK202310166816,143.72719106567064
EK202310197615,170.82204626877945
EK202310149113,159.5955539194036
EK202310187571,131.6805217952672
EK202310234394,129.616259799034
EK202310204787,143.40755985065042
EK202310170562,157.21177613475945
EK202310158575,143.53017705296347
EK202310200164,149.4308876722085
EK202310167493,134.22306426697605
EK202310181034,150.96483296833654
EK202310167070,130.66587328993876
EK202310221166,116.61306337899067
EK202310157175,141.66316694312016
EK202310148464,142.57149155823416
EK202310143208,147.55849961822585
EK202310139027,122.89015917182624
EK202310224872,131.50852980428652
EK202310173761,142.32822278132997
EK202310234649,129.24969158903676
EK202310134946,160.91659961379784
EK202310132145,149.81699092472545
EK202310124351,136.72072580706347
EK202310240711,141.2256076540235
EK202310228181,137.54129243081442
EK202310152792,129.44310886306823
EK202310218480,155.72076518811588
EK202310233680,167.92831780607818
EK202310226082,145.9017759387099
EK202310166293,158.7800588522275
EK202310178413,165.37062130991546
EK202310192848,150.34416399710574
EK202310169316,136.28231273693416
EK202320006913,150.57674192488855
EK202310108324,129.49834549643228
EK202310209693,144.08942891077552
EK202310108004,160.74320884824337
EK202310198846,161.09566967005307
EK202310219677,134.9296889699959
EK202310164857,125.8851925876527
EK202310147656,152.72070749913314
EK202310145013,138.7833961132203
EK202310147368,150.09985871831879
EK202310170036,129.72360333251265
EK202310120376,140.3052974867251
EK202310150683,129.1185043679237
EK202310240238,153.15747924993195
EK202310217185,166.01263252773444
EK202310164586,147.44946448350493
EK202310198428,148.98643307068173
EK202310233407,139.67595002755723
EK202310163412,128.21596002898312
EK202310151118,141.2987097186823
EK202310206940,167.07093166918912
EK202310229350,119.16421879055088
EK202310118968,136.8526265493413
EK202320006106,167.96840973364968
EK202310201360,134.94017883299824
EK202310214617,153.89305684923255
EK202310230798,129.65864092507798
EK202310131993,124.81611556036776
EK202310165856,164.397971379277
EK202310208421,123.13788435148916
EK202310140732,138.32806110391542
EK202310134224,149.73391092721243
EK202310108759,148.23124325736165
EK202310115586,140.16622583967168
EK202310166328,134.19744653306662
EK202310104171,143.21774773615647
EK202310218466,135.4643126836833
EK202310186769,147.17175335965666
EK202310231774,131.21811253449602
EK202310130856,127.57347814500353
EK202310199243,166.59203161243718
EK202310178583,140.41174490866533
EK202310231077,138.7796441825011
EK202310232984,132.90383804816872
EK202310204584,142.0687701853863
EK202310210808,153.19952811999616
EK202310243853,132.7126979488503
EK202310114871,122.99148755149557
EK202310220680,137.28940656316175
EK202310225716,135.88389806955524
EK202310171582,144.1391012076362
EK202310153093,153.2114396782691
EK202310170911,142.57282051743394
EK202310165452,177.0218495682162
EK202310235729,122.36838287685613
EK202310175158,132.1866862997633
EK202310161650,159.68903190418388
EK202310179057,146.8139015049362
EK202310173343,150.77580153208535
EK202310188221,134.49657459870107
EK202310207572,148.57750945628848
EK202310126999,150.01896622154771
EK202310121103,151.48735852249126
EK202310186391,150.11272541567638
EK202310210239,140.48783885490542
EK202310195085,139.87120666560904
EK202310160300,126.70558865045248
EK202310199891,142.47356897905038
EK202310163707,125.66106295691065
EK202310196523,153.55561802833827
EK202310234859,139.40131302627756
EK202310231803,131.20005199844434
EK202310136798,122.57459183157741
EK202310244538,145.34770942819628
EK202310004017,137.0927102522343
EK202320006492,162.7390553728263
EK202310185950,134.7335810508028
EK202310130639,134.38007681610154
EK202320005689,148.45010115658684
EK202320006687,163.374327068042
EK202310167248,130.52267328049302
EK202310134731,141.7706869272655
EK202310179818,123.31956995550607
EK202310147913,148.4910174729113
EK202310153980,158.90468580011253
EK202310117979,135.9020100194821
EK202310149501,147.67913530268413
EK202310236960,144.75631170340304
EK202310181994,138.55080079686584
EK202310170364,133.3549207022666
EK202310173530,151.7414438337131
EK202310111439,124.34775732248991
EK202310222093,131.59010659299767
EK202310144055,138.0068481732937
EK202310214164,135.30748373271516
EK202310177168,158.5646285333933
EK202310233756,142.5649572359428
EK202310154451,149.97701485976302
EK202310193603,142.86881878338232
EK202310210012,126.8696905967719
EK202310109490,145.99077222573007
EK202310161365,158.63806370485386
EK202310153596,141.23156414854424
EK202310171021,164.53153650523114
EK202310135046,154.7653708838706
EK202310105468,124.17638445142944
EK202310180678,146.83150418169345
EK202310123763,140.33620846203993
EK202310137466,148.48443656665287
EK202310138581,170.87306160732484
EK202310221347,155.04113312242083
EK202310175567,135.77276314063067
EK202310136752,146.26718541928716
EK202310129734,162.49825911729152
EK202310120365,145.51132324775637
EK202310127797,141.02411677621438
EK202310183416,146.49337726265736
EK202310239153,162.49326727396868
EK202310222246,153.31791654907957
EK202310144082,141.8824562967209
EK202310226435,131.15478765609026
EK202310110236,152.21644685871942
EK202310172009,136.93666229686553
EK202310152432,159.03652996853404
EK202310219667,132.82800081605822
EK202310202548,163.49876649989693
EK202310179444,131.9537206231789
EK202310110933,141.88574414411627
EK202310112714,143.4395918055385
EK202310129776,165.0539751274022
EK202310184025,154.85871778157303
EK202310199495,143.37867682233585
EK202310120853,148.74506836791113
EK202310110965,143.46690894605933
EK202310125670,134.46911804550794
EK202310129995,161.24243844260056
EK202310228248,136.71230438178554
EK202310128534,133.50865272302826
EK202310183479,156.14466891003832
EK202310159882,145.0872434896659
EK202310224442,136.43934565111505
EK202310119875,155.19836759760972
EK202310165118,139.56037025740224
EK202310003461,125.51730616646793
EK202310127902,126.49957607327946
EK202310241227,147.08670965014988
EK202310177075,117.27760535337177
EK202310195321,152.6876051483182
EK202310109724,168.1659074786671
EK202310224884,126.73991706697629
EK202310246986,139.50280144885417
EK202310180027,151.9786596904293
EK202310143531,138.79157346341225
EK202310180604,130.1454019404446
EK202310241988,149.04547148761276
EK202310109076,139.8487971379482
EK202310117902,143.87500893756885
EK202310215898,139.32827860029855
EK202310134539,132.12622008637996
EK202310239440,127.48512440968253
EK202310230665,125.81851913392194
EK202310172063,151.3271688598261
EK202310126450,127.92503244161436
EK202310229116,141.98941715312625
EK202310178898,156.2646025185754
EK202310111721,146.40527758723806
EK202310170101,167.4143553694197
EK202310158581,142.3939022926964
EK202310157015,164.6278589049231
EK202310229038,141.94693676436955
EK202310222680,132.16764864446696
EK202310111285,144.9381227303792
EK202310222575,161.12063093323758
EK202310156621,174.33168241102018
EK202310199481,144.20853118748752
EK202310204046,152.97141779420548
EK202310219609,133.56703855726548
EK202310222642,127.76128269258149
EK202310199140,134.03888466750274
EK202310200730,147.16158807100834
EK202310139007,135.8443565234321
EK202310126900,134.3222844799887
EK202310228039,141.364128403988
EK202310177276,145.60288396168795
EK202310233570,122.09836859835292
EK202310237169,157.3325738793424
EK202310238023,158.01532254363204
EK202310127838,136.29174285461224
EK202310232618,137.80535186136416
EK202310114863,144.03783330997194
EK202310196485,140.46003407223944
EK202310128223,138.4702907598692
EK202310121663,142.42945771859206
EK202310111075,142.92000065365772
EK202310131404,132.4895360086601
EK202310104361,140.1339846324408
EK202310188771,139.27206942091522
EK202310166069,160.9081737309238
EK202310225476,111.09024171954437
EK202310118945,140.4323187016824
EK202310203625,141.51680018623222
EK202310245898,152.73503332298068
EK202310197749,135.44557037341437
EK202310185073,145.95344245070407
EK202310114565,133.08897496834578
EK202310151446,157.35541024319986
EK202310206021,138.47131155319715
EK202310179791,150.4306719810994
EK202310205394,132.40630629351722
EK202310166488,173.72681579307758
EK202310106840,129.1411110449763
EK202310115082,130.3681497033524
EK202310173564,133.48283612291775
EK202310205877,152.27285777579795
EK202310152051,149.48827970421328
EK202310144703,140.22249517880232
EK202310130259,160.24658187327208
EK202310177228,148.3089358446398
EK202310218957,132.58035978715293
EK202310142498,160.489681087517
EK202310119549,125.29101708743214
EK202310233725,130.07009731365198
EK202310233810,153.76665219438067
EK202310210342,138.22842886963133
EK202310142303,155.31813436050228
EK202310227362,134.39113981433485
EK202310212631,137.3574128280467
EK202310148066,150.8900253902048
EK202310115133,144.50409297407734
EK202310145502,120.55969651225871
EK202310151385,163.45595265735247
EK202310245859,124.91333228792169
EK202310222753,134.91288074509018
EK202310170556,155.17646127311681
EK202310186591,132.18440432980313
EK202310141795,159.86198179956878
EK202310129475,141.37010332427667
EK202310117335,134.08137404126109
EK202310219091,145.10007937461097
EK202310224742,116.38823925569952
EK202310153827,168.48011357667434
EK202310159244,142.76149061372726
EK202310218618,138.54911702942437
EK202310229622,134.55827666271077
EK202310212905,126.02490494401538
EK202310190075,139.73557402235937
EK202310190265,160.72161326141764
EK202310168559,130.93089850298065
EK202310215223,147.2867478989647
EK202310231305,133.16579428139949
EK202310220211,124.60077367773793
EK202310183222,135.47339544110594
EK202310141182,138.56065907031885
EK202310227695,141.66614963457056
EK202310233303,126.18542827425527
EK202310108658,140.0484112658503
EK202310157889,143.31792226382572
EK202310176473,147.6786462939672
EK202310235635,132.2643395032617
EK202310127390,153.08197282486788
EK202310137562,147.89284959904185
EK202310104205,154.47794313210068
EK202310174206,133.27554253322276
EK202310212816,159.548378833057
EK202310147436,141.1663901243687
EK202310180611,151.645204458827
EK202310210354,149.87419257964012
EK202310189663,128.78041227866578
EK202310119259,136.41746473620086
EK202310235125,138.03222142396285
EK202310246750,141.22186215172206
EK202310218896,147.7761805992082
EK202310203786,135.15915028212905
EK202310180913,138.41221237755354
EK202310124372,142.22238787018424
EK202310165379,141.90457414260686
EK202310180954,161.58949698069023
EK202310145852,145.23936389681984
EK202310236766,136.40614660756003
EK202310134276,154.8898774844792
EK202310121348,151.47534643549065
EK202310141601,146.42046264925165
EK202310128602,131.29273138986773
EK202310110423,132.8727469905266
EK202310145558,140.42425772193224
EK202310155126,150.97154794750833
EK202310148031,153.14244982494654
EK202310174648,144.04828416654084
EK202310107125,154.41635124721736
EK202310206336,173.57783075868582
EK202310244639,134.24848498695013
EK202310225703,111.52547283616985
EK202310246590,165.29569170492522
EK202310162037,137.30287419322153
EK202310214389,147.88673851648784
EK202310186078,144.73199685048814
EK202310237892,124.38590906382865
EK202310139019,151.08905178011094
EK202310144411,152.940242901837
EK202310121887,139.31385123386872
EK202310182472,131.7492313275261
EK202310110577,132.20101293285055
EK202310217458,151.3040196624629
EK202310206751,154.68152050606253
EK202310135834,152.13626325120063
EK202310129936,149.68760407359412
EK202310193629,139.69755934417825
EK202310109058,155.29695983381873
EK202310229608,144.15457221788878
EK202310201686,144.1196307572476
EK202310206823,138.34138059014958
EK202310109660,125.49687214247909
EK202310202418,156.76611533766828
EK202310140335,131.42298585031762
EK202310198168,140.05475539222715
EK202310117989,143.5307517374352
EK202310110082,134.65446715383894
EK202310227199,128.76394214095134
EK202310219307,155.58772741325365
EK202310236825,137.48802545204808
EK202310114629,136.29660200493728
EK202310180370,167.1750712518916
EK202310145206,163.52494190866756
EK202310108111,151.63821818913377
EK202310226175,140.53197892463652
EK202310227223,160.83123130570428
EK202310199795,144.85132657368504
EK202310228694,133.61642319731584
EK202310217385,136.79096321373768
EK202310104812,137.0004947162676
EK202310216111,145.04939958527157
EK202310176703,144.3414378042966
EK202310240602,136.57325282676112
EK202310103728,137.2436457548424
EK202310220868,128.03111625080226
EK202310114579,136.84323084346894
EK202310165033,141.1834483669404
EK202310150030,157.77319884346127
EK202310201296,153.50073074007017
EK202310105195,148.54686308634484
EK202310213553,127.8469548147111
EK202310162788,151.4635749161376
EK202310216325,137.87268063609503
EK202310144613,145.4077006899772
EK202310226580,135.229587957027
EK202310229109,133.31230474238404
EK202310124954,171.81518115895167
EK202310205954,142.96065276496998
EK202310179712,122.06784886039091
EK202310193847,149.67885385107584
EK202310175822,130.24142301304857
EK202310116359,122.43108430634446
EK202320006662,166.09510094906
EK202310111520,142.92742560978624
EK202310213288,141.45376551293117
EK202310191137,155.01005714245528
EK202310132404,147.62061051205436
EK202310201570,159.37969654376946
EK202310203322,135.77470147725873
EK202310143258,156.65251468585447
EK202310241669,144.8636094645301
EK202310190261,158.84278706545854
EK202310145096,128.44741412688435
EK202310231686,140.59809906502068
EK202310163789,143.55736540073815
EK202310196402,148.36873618474294
EK202310230132,142.62445617080186
EK202310155673,132.74381188735236
EK202310210437,138.89209534377827
EK202310107353,134.65742059873693
EK202310219475,138.1847732918448
EK202310232408,125.27884268565056
EK202310152774,134.52139342449462
EK202310200770,159.22036348729102
EK202310185372,152.5886331032563
EK202310119209,140.03832440983297
EK202310131238,147.33009909100255
EK202310162969,132.71811003328165
EK202310127182,142.92457212158848
EK202310245830,124.31451099592574
EK202310205893,138.2251999798342
EK202310104756,134.33479251869431
EK202310153892,145.20247300960034
EK202310244027,155.34367723610336
EK202310163145,151.19568010889736
EK202310165966,148.41138127697533
EK202310185338,160.28054919734996
EK202310004564,126.92703762974246
EK202310246545,116.65225761806786
EK202310243927,145.37695999831354
EK202310171098,144.1326172327423
EK202310226637,130.26583196150088
EK202310240501,139.6055358977846
EK202310213124,139.09540993149355
EK202310185369,150.26236301764715
EK202310184650,166.04281965313015
EK202310191710,129.51665953973765
EK202310186505,133.43215686995256
EK202310246315,156.03183856240443
EK202310128179,134.27277877431374
EK202310218717,128.08065880470213
EK202310140183,140.22343264139656
EK202310218416,136.19750360977105
EK202310104512,146.1934871536199
EK202310148024,141.23106809289516
EK202310211056,141.67685404672937
EK202310212788,142.3788932345441
EK202310151708,149.83867314730134
EK202310192193,144.39589310204622
EK202310147119,161.1418904338129
EK202310134171,158.79343110502623
EK202310120405,149.48280888082695
EK202310197432,119.21906886300965
EK202310116473,143.89901993730294
EK202310148941,135.39228236428778
EK202310225424,160.82092226760366
EK202310160249,165.71652998660593
EK202310177564,128.40339629366878
EK202310147712,140.55060530539367
EK202310130033,140.15687344417714
EK202310161738,145.32736335753313
EK202310225844,131.79445669679595
EK202310200581,168.80226961001222
EK202310155845,145.885042156748
EK202310121666,127.84670235059068
EK202310124396,144.22607041380172
EK202310234458,143.47838920232337
EK202310122157,131.5960525823232
EK202310122028,154.93042233564526
EK202310178168,133.62160284255938
EK202320006120,160.4629739351954
EK202310104089,147.27684616669168
EK202310130047,129.01273987371084
EK202310233902,134.38599909053903
EK202310145593,144.09807518182546
EK202310145435,136.17650109487528
EK202310121638,146.47342153457853
EK202310175711,137.2430466124083
EK202310178650,144.3384343138278
EK202310209932,127.32178898422667
EK202310150842,132.24042550829856
EK202310176075,117.09469322148826
EK202310225913,156.20592100008162
EK202310223616,136.51278378097723
EK202310177498,132.28624046773905
EK202310210293,137.7377607788408
EK202310243077,143.71682950766115
EK202310120981,128.66930191890972
EK202310161599,142.05542080195656
EK202310199852,146.82284972640176
EK202310152182,154.86333856047543
EK202310201657,159.34016553576654
EK202310108940,159.30674107562686
EK202310167429,148.1300200075484
EK202310245926,145.94768704824568
EK202310152784,145.29247220285322
EK202310124342,137.986796018613
EK202310161267,149.74320782746798
EK202310145118,130.13135328400313
EK202310124701,138.20477818839254
EK202310144618,141.29302115628025
EK202310233384,133.44039656009897
EK202310207039,146.4043660222541
EK202310190234,133.80845502267738
EK202310198686,140.21264635002066
EK202310120341,144.1877954079721
EK202310247847,150.14808524448443
EK202310003450,157.4935788780933
EK202310134573,148.858586869513
EK202310116321,123.88187287890182
EK202310202729,142.50575591360897
EK202310225102,164.4484576156986
EK202320007842,160.1605947333555
EK202310185093,142.99645472477968
EK202310147662,153.83785951841344
EK202310202843,140.62769139553362
EK202310233390,133.603356988822
EK202310136750,149.77774986178616
EK202310132231,132.47008238497116
EK202310229820,131.57804019042425
EK202310198900,122.60919712772517
EK202310112722,150.27453415853225
EK202310124481,136.16733515939458
EK202310168703,134.57532073648454
EK202310215506,149.48212312704055
EK202310227298,129.634336434092
EK202310162425,146.50024083885526
EK202310147420,132.64048555798533
EK202310230006,140.79409808793426
EK202310107551,163.5848619475378
EK202310245496,125.08258585282476
EK202310121500,145.3215202493219
EK202310137045,126.09566565269759
EK202310004368,134.85777579823463
EK202310124048,131.48212763473558
EK202310123230,148.75964478582983
EK202310003475,132.46433727940712
EK202310129436,140.60630313530226
EK202310202223,145.46069169134591
EK202310135682,139.38121598100818
EK202310113775,147.61688560689547
EK202310143850,142.60201602185197
EK202310199362,153.73712888712558
EK202310206686,141.96716415521848
EK202310134277,145.1262424458997
EK202310244824,133.2702314779088
EK202310127241,157.32374753372505
EK202310153015,140.81441882040286
EK202310183863,129.59064040611727
EK202310194062,137.85322694540523
EK202310137570,144.81990769028428
EK202310105406,155.47144567487314
EK202310211726,140.65331133496454
EK202310140163,158.959718578491
EK202310151370,140.25570786247104
EK202310183307,135.01414896884694
EK202310209242,134.28854105319968
EK202310201596,138.2024393934172
EK202310148319,146.049949051104
EK202310212091,136.056506800029
EK202310231030,144.1567071820358
EK202310111993,136.66176151625285
EK202310156211,154.42389742387456
EK202310104592,142.2930166478236
EK202310133538,151.6568574094774
EK202310143489,123.06598472593954
EK202310108608,143.15979871329034
EK202310209410,153.38438096037245
EK202310196298,169.48911659214593
EK202310200348,145.02831702685586
EK202310130825,126.87674001826977
EK202310211388,153.90986172179333
EK202310151265,123.5684199565363
EK202310161779,158.89806923099727
EK202310117949,148.5168333603067
EK202310204507,163.29160275643753
EK202310104001,131.98474651258962
EK202310217266,138.8775419855247
EK202310210738,142.0177664597746
EK202310179516,143.05750467237755
EK202310185260,152.35109759630842
EK202310117134,127.97943112819414
EK202310218620,130.98995889748045
EK202310118920,146.93893245425883
EK202310174953,166.14084692847717
EK202310235880,166.70573996189992
EK202310246765,136.91808449082555
EK202310151192,133.17449893654015
EK202310218327,136.27499316383762
EK202310184977,152.4437741678283
EK202310106156,131.26802571021224
EK202310174601,127.2692688482673
EK202310242933,127.26179340704056
EK202320006248,156.2149472332323
EK202310155266,150.08835585239711
EK202310118205,153.56652301921926
EK202320007868,155.3908584757955
EK202310122476,125.47930283865684
EK202310246704,131.6041898634635
EK202310154390,142.3482264414279
EK202310208154,145.3683372206982
EK202310130903,134.22586397016232
EK202310244992,144.69094649265568
EK202310141315,138.85770223218512
EK202310119220,133.94619327299947
EK202310245411,137.68888690720857
EK202310122328,146.72190870766158
EK202310145979,117.08552823321224
EK202310137109,137.4114921966717
EK202310107808,142.80044585788028
EK202310237598,136.88249414011807
EK202310150637,144.1918208734806
EK202310115093,138.85300999811352
EK202310121973,137.96949089176408
EK202310201313,134.66735292931904
EK202310171481,153.5927382860246
EK202310151406,170.88003822874822
EK202310201141,154.65941796214162
EK202310179223,128.9961258314122
EK202310195934,174.4438741157139
EK202310142396,148.82338451263396
EK202310161167,155.5589018330391
EK202310166581,153.1516247440335
EK202310247520,148.43568975226273
EK202310113867,144.20713230200053
EK202310124498,135.31024089612472
EK202310156133,142.07512387604058
EK202310199597,155.21238644498618
EK202310161135,159.2689754723109
EK202310215679,148.22684212998067
EK202310238774,135.12485862318772
EK202310196868,129.80498503786131
EK202310112295,153.6096455543961
EK202310235239,148.35991944815547
EK202310127731,146.92349835323665
EK202310230868,139.59515114469013
EK202310217903,151.45876306147605
EK202310172613,133.9730949769429
EK202310129229,149.93337862597906
EK202310190368,159.30133023913854
EK202310162297,132.31416523763326
EK202310222739,124.12235833831535
EK202310161749,125.5669587521977
EK202310155297,145.86331712283072
EK202310108502,149.84287455605576
EK202310130801,144.33079445354625
EK202310231593,126.22638253044755
EK202310125919,143.89763619921115
EK202310209411,136.30819805840014
EK202310179339,121.95934248251456
EK202310187200,152.5414917315062
EK202310146890,143.09003570933353
EK202310166979,138.38176169770287
EK202310237165,148.68766004815922
EK202310152579,148.72412529082158
EK202310003917,150.34779097492475
EK202310235269,173.48033062007235
EK202310108468,156.36799474134753
EK202310143968,147.12037273679715
EK202310160042,120.79287780158685
EK202310203662,149.33092410959588
EK202310151437,152.79343740355282
EK202310144465,144.73056692769393
EK202310190402,157.52208277097893
EK202310134264,126.79793245686213
EK202310234082,144.30575594753086
EK202310210958,127.75445778987981
EK202310139701,124.40299068674146
EK202310143670,171.34710793998477
EK202310144634,130.66745476789862
EK202310141663,153.07593895153767
EK202310137665,132.02312341745346
EK202310205722,122.59542382609419
EK202310151909,139.72421127142601
EK202310221195,132.59843457442048
EK202310137582,137.69753488754802
EK202310194278,120.35839569430183
EK202310128272,136.05714944994952
EK202310106468,162.68884138279049
EK202310144004,143.4673173379742
EK202310128173,154.44801355494087
EK202310111420,127.5956239928095
EK202310120296,124.62426410673416
EK202310200950,162.69076980401144
EK202310175501,141.80401577231095
EK202310120331,158.43243550277478
EK202310228878,176.46014052936522
EK202310182513,164.30662781668184
EK202310146179,130.41124472633146
EK202310122722,142.52809277608867
EK202310105824,148.12242267093188
EK202310153125,162.09009831856622
EK202310245447,143.93103026880402
EK202310119032,144.7691237808439
EK202310121833,134.25106662389643
EK202310241687,135.11175675064715
EK202310239324,140.75162385099563
EK202310164441,121.50305023652051
EK202310140020,166.093098706901
EK202310130010,153.88175447880542
EK202310121272,139.36734481643873
EK202310155947,139.61732274202498
EK202310235396,148.9860619484274
EK202310142223,151.17005946140605
EK202310112225,142.82966418703228
EK202310169440,155.7191664930858
EK202310136706,151.47005770263922
EK202310216973,132.04820495805055
EK202310226784,155.39103814795115
EK202310221041,132.36420284107157
EK202310231770,139.86213398238175
EK202310145329,154.94555267649747
EK202310134603,157.40992831152042
EK202310186803,154.1922801002859
EK202310004747,126.52038505644208
EK202310140470,141.82529341316666
EK202310195581,130.27208903227506
EK202310150690,143.73303613602212
EK202310107903,130.2509300596599
EK202310192146,127.71092178458144
EK202310148551,179.79974829926255
EK202310106261,129.0375518658663
EK202310146170,117.2806371601488
EK202310136162,143.64652155530794
EK202310113122,140.2457096180346
EK202310163718,131.73896629986422
EK202310183205,157.49077648245066
EK202310200858,166.17796959006722
EK202310196929,163.3123103612264
EK202310171438,173.21457398773413
EK202310174765,147.75086657632932
EK202310124046,140.2345083335532
EK202310152264,148.4913703088005
EK202310213792,155.3112233881788
EK202310165171,164.66124461742368
EK202310162758,141.0849479841705
EK202310143468,133.5165492768687
EK202310180043,107.73347682879813
EK202310147871,160.14058176042036
EK202310164549,142.18133576616827
EK202310201642,141.1959342237552
EK202310109113,132.70692183719845
EK202310174688,144.11695387053072
EK202310248259,147.76304979600152
EK202310185782,138.34279749710578
EK202310110936,140.29564641832064
EK202310117421,150.98691433170612
EK202310142478,115.95406426376587
EK202310141930,149.15304674671546
EK202310243981,123.35980022743355
EK202310172266,141.4608992605656
EK202310228140,136.93398104374873
EK202310176614,154.71894884903477
EK202310233607,162.5305601127483
EK202310106233,120.10351326102418
EK202310162621,172.99891087589856
EK202310190940,146.23889581308822
EK202310219344,160.05211872777613
EK202310154188,166.09516303806447
EK202310219915,135.98960022285948
EK202310166730,146.43373949665965
EK202310117725,132.13452684436936
EK202310166726,144.9532681772385
EK202310163657,156.64897465489904
EK202310228898,146.24191177038463
EK202310184184,140.13479539051036
EK202310125372,130.38717439286455
EK202310119495,129.5968452583443
EK202310117082,130.50533615377591
EK202310146291,145.709522085184
EK202310241466,135.97286904909035
EK202310150849,151.21704866575132
EK202310202757,156.58903294566983
EK202310182560,147.4171257655969
EK202310112973,118.31941308704262
EK202310213514,123.7512423251406
EK202310221393,151.8339474115105
EK202310158310,153.25717239712816
EK202310140347,131.2811462780239
EK202310175551,146.26580812527567
EK202310180868,137.4516213919091
EK202320006868,168.6828015989658
EK202310248257,149.10394170954655
EK202310180309,155.71584495220543
EK202310229558,134.0604671143285
EK202310115971,135.7001326196423
EK202310160935,141.39080781701836
EK202310157633,143.99753759040334
EK202310146143,138.49413061139958
EK202310186183,153.81567762356752
EK202310211422,138.4144646089248
EK202310161977,168.39430070332702
EK202320006500,174.38098027493444
EK202310150314,145.61109252221385
EK202310110846,149.8546696773248
EK202310203222,141.3921672117949
EK202310129532,129.44147555698098
EK202310129904,145.25611644047308
EK202310186467,156.48975289047448
EK202310147117,154.5863418160685
EK202310116424,145.7704808732405
EK202310149442,147.31172994409786
EK202310104505,152.38967123372208
EK202310121773,149.25548981049783
EK202310127109,145.2924654889773
EK202310201894,154.31470415520195
EK202310188361,146.23390396168355
EK202310193295,157.97911767916736
EK202310177870,134.2817257619614
EK202310113628,141.23475411426494
EK202310139300,141.6683710165052
EK202310142961,157.32069189760946
EK202310105639,137.27466260075653
EK202310200187,138.7979904122622
EK202310235386,142.7469097781972
EK202310201587,167.12737184689038
EK202310139029,131.64687663804392
EK202310170332,149.57002424811122
EK202310104539,147.36860297873383
EK202310221009,155.41583793025345
EK202310111917,140.66076966372052
EK202310155020,143.23374424137089
EK202310209995,146.4453122731538
EK202310201277,149.0639709105273
EK202310142737,157.5109026889569
EK202310226601,140.992713095532
EK202310248195,140.08866472002728
EK202310181017,153.77019131210912
EK202310141427,146.81583191741683
EK202310231407,139.05081086950048
EK202310137086,139.84175406310257
EK202310125507,136.3830380318961
EK202310122987,116.08312199377089
EK202310200912,127.53089845728408
EK202310104251,130.0791020775068
EK202310195674,159.19048393592868
EK202310223438,147.00010910721863
EK202310153194,173.6102247807307
EK202310213990,147.14181485400354
EK202310162781,133.21779275618943
EK202310187211,157.4593936116893
EK202310176227,146.04277856865568
EK202310234676,125.72944275997611
EK202310125148,141.19600824650252
EK202310177679,144.1232371059865
EK202310120787,140.389980728659
EK202310145311,144.35037040860425
EK202310122627,147.92432506576725
EK202310201377,155.2096323954954
EK202310212640,147.4146776552975
EK202310123690,122.63513428765529
EK202310111428,144.587378526901
EK202310231233,136.31408017066795
EK202310205587,152.78558968234486
EK202310126571,139.71931495503623
EK202310145090,146.8706100022662
EK202320006877,157.23895492852643
EK202310172065,128.88464448100913
EK202310198983,131.15089894638933
EK202310169546,116.95927204212734
EK202310111317,129.15013989216135
EK202310119424,138.60794566183583
EK202310135345,164.51900345138955
EK202310118372,131.41837580276032
EK202310170295,147.45267193536364
EK202310190557,136.95520334001748
EK202310200195,130.8010434296959
EK202310131868,171.01455134318456
EK202310158562,146.46110354048827
EK202310150891,132.94761062746466
EK202310151386,159.73758796056046
EK202310243101,141.01768186966225
EK202310146970,144.06172003051833
EK202310194638,155.3480988305022
EK202310142085,118.34003711254815
EK202310155341,144.6297249598405
EK202310226663,134.2026614365078
EK202310183726,164.0203039389379
EK202310189308,157.72059098351139
EK202310198713,181.54806280410327
EK202310202117,155.63904211042342
EK202310163684,125.29412345709855
EK202310111102,139.41140702152967
EK202310127044,121.94420535839294
EK202310118453,143.36399574019183
EK202310128214,136.85070465371192
EK202310135042,175.92675269083952
EK202310126915,139.5715163970206
EK202310147166,155.11510250346345
EK202310233052,132.60676749307544
EK202310141703,126.56324777895102
EK202310164168,146.13176529008004
EK202310156751,154.09149016960367
EK202310146541,140.3440777071497
EK202310184817,173.71689556513417
EK202310195187,156.10988115578823
EK202310168677,140.7726355927253
EK202310188486,140.9543210159679
EK202310224018,165.6162814559642
EK202310172986,141.24464414024374
EK202310161060,165.6492957352851
EK202310178666,136.28721464154793
EK202310166665,136.8178338534574
EK202310141091,159.82832749458106
EK202310191127,135.5820621665819
EK202310189382,139.85109495591905
EK202310172890,148.43998263585982
EK202310171361,144.22884326559716
EK202310186346,139.4961409265619
EK202310189932,137.69330298766684
EK202310189293,166.4028568685151
EK202310171610,140.61499327331984
EK202310239231,137.94056623971545
EK202310201004,130.5007383292839
EK202310178301,161.07715087627193
EK202310246066,129.51145324029866
EK202310243993,158.40886896748353
EK202310240850,141.73084543025146
EK202310115127,143.53013541214446
EK202310232199,117.12883784883788
EK202310217063,142.13900280143457
EK202310115674,127.21374084408976
EK202310110226,134.49562583026315
EK202310181037,165.2585781651023
EK202310004136,155.98151125262348
EK202310159843,160.51879706650507
EK202310126952,128.3612982293103
EK202310230766,136.18213139417486
EK202310110797,130.3279235199932
EK202310231475,130.94684456686787
EK202310135719,149.09653473942666
EK202310145051,130.1832709346684
EK202310113543,144.80003661875773
EK202310159237,142.63246247944645
EK202310238856,132.4535549955743
EK202310121123,136.8261232374278
EK202310192625,151.64229403305848
EK202310170391,136.15575073318752
EK202310141783,143.04676199081655
EK202310117317,130.69345706436613
EK202310159443,111.42057328918301
EK202310224692,157.87352410694706
EK202310129133,145.66643098781122
EK202310118922,158.20238223856487
EK202310187333,141.09069603388107
EK202310149791,140.77297528400547
EK202310231752,142.0594910502103
EK202310130461,135.41458890750457
EK202310151790,135.9688995555469
EK202310156693,144.1387228826584
EK202310138274,172.5617458821197
EK202310217407,149.41239739461017
EK202310115388,133.03300217771195
EK202310145689,151.14249196590174
EK202310104824,133.888147952927
EK202310247570,153.39939891547246
EK202310197035,127.08098728401518
EK202310230114,136.4166538583494
EK202310105854,145.15503356076997
EK202310187457,141.54128943190508
EK202310192506,135.75669236090846
EK202310140455,140.1197465761245
EK202310226538,132.98466590550788
EK202310175408,141.17374323288828
EK202310132765,135.58290388283035
EK202310193721,147.35649116596292
EK202310151285,162.49222157807623
EK202310178760,164.75199007197403
EK202310149663,142.45995036426265
EK202310219711,129.870270033844
EK202310217272,160.57311741637065
EK202310238355,140.4335310414922
EK202310188659,148.82914645496686
EK202310205449,127.42949347168289
EK202310233265,160.4938744161226
EK202310109651,140.4790036635983
EK202310226933,128.0603526957997
EK202310159603,121.20744646283663
EK202310105868,148.0248625216374
EK202310171812,142.9018842651396
EK202310176259,156.88207432602135
EK202310122912,171.88658775349256
EK202310184013,165.3479289211237
EK202310179868,140.1445988867297
EK202310176252,157.4645897281135
EK202310239466,144.34882789820097
EK202310228949,128.02659097394232
EK202310169903,157.2364503232138
EK202310209528,145.7258946289002
EK202310213123,140.6774866251934
EK202310173452,127.00990919048319
EK202310230252,145.35491458246787
EK202310106835,115.23841122033075
EK202320007700,152.89382721353496
EK202310198359,125.57085458135523
EK202310180758,151.31107319517506
EK202310227440,124.98630520648867
EK202310239839,141.54998391331233
EK202310145401,133.09713552888357
EK202310131446,147.3440480466526
EK202310121079,134.7815362717891
EK202310159312,165.9534331842686
EK202310167080,146.56587806640624
EK202310110131,135.20576820386992
EK202310173862,145.4013603807951
EK202310184021,159.4815287144272
EK202310223793,148.71447574248776
EK202310190740,154.42647379664882
EK202310165164,151.18416369283196
EK202310136762,138.34901197035197
EK202310187434,144.86713565199946
EK202310212919,145.65559974329352
EK202310147933,145.39052328516726
EK202310217428,132.2353313487279
EK202310163195,135.60175241905966
EK202310144020,142.2394275194909
EK202310226546,137.6884716166754
EK202310172034,135.41811687024696
EK202310113666,145.07690181696216
EK202310189588,136.51445136319037
EK202310107725,142.02417405560524
EK202310195274,146.02736835942665
EK202310180008,135.73335016218803
EK202310164031,124.62844919032051
EK202310229645,138.66042425293205
EK202310125934,138.98011036521777
EK202310218196,147.68603526286887
EK202310119725,147.5557486837761
EK202310133573,140.92875053787517
EK202310219254,162.82929663980912
EK202310105775,141.68936648725386
EK202310163730,150.93085552151808
EK202310119408,158.09769696614114
EK202310134331,141.96564787875525
EK202310138761,154.9127234371759
EK202310126020,137.10367110116897
EK202310128964,140.6556166539911
EK202310225868,150.8469478386452
EK202310217967,115.84150624701329
EK202310222323,158.3028817314174
EK202310206855,139.60996102339465
EK202310152085,166.2616739080326
EK202310004023,151.72056946621794
EK202310211193,161.03518467778687
EK202310189925,141.0258016810409
EK202310152235,150.46486439319295
EK202310189056,152.14435463111624
EK202310242595,134.8366090094346
EK202310140195,146.21810663790436
EK202310181500,149.8042057219189
EK202310171216,139.6771843408084
EK202310209110,142.3777720008917
EK202310246479,132.39170607735127
EK202310194938,149.28996352306706
EK202310224895,139.84089075542724
EK202310195509,138.4017534984813
EK202310173849,112.42202828904377
EK202310116837,156.58628145773517
EK202310105574,141.2584823422742
EK202310196041,156.56971342436646
EK202310122385,141.24173495642714
EK202310193454,145.9746892236717
EK202310124125,145.54457597613543
EK202310180862,125.7014078895336
EK202310234723,143.5684765678281
EK202310126036,135.736518396868
EK202310171137,157.95590006506862
EK202310233393,132.08119596546223
EK202310132926,135.62990971798897
EK202310160365,132.91274763649307
EK202310211274,145.32787813124054
EK202310225058,157.33971498808583
EK202310194840,148.62522062947363
EK202310216072,130.26498853150667
EK202310224888,164.90332728770096
EK202310003930,136.1243646370901
EK202310187789,166.32741826085973
EK202310237317,121.83035645624703
EK202310188643,147.23759367932178
EK202310163618,169.00141921595585
EK202310216984,146.75443586605599
EK202310243216,147.86668423206586
EK202310111010,129.03033133468486
EK202310140852,132.24948079522468
EK202310114085,143.1499338541502
EK202310123385,138.2826915019031
EK202310222159,123.85898735095944
EK202310203038,154.9710258443579
EK202320005703,166.4467244849565
EK202320006527,151.4385406063744
EK202310234277,143.05976978799595
EK202310135781,136.501062324939
EK202310157465,142.9686031249383
EK202310178744,149.85799316403413
EK202310238253,147.21366028145783
EK202310122583,136.90613433385616
EK202310214372,135.5056741433458
EK202310174457,146.7762220658977
EK202310167149,141.31987315108233
EK202310228958,137.9789040901293
EK202310157246,150.48674851355833
EK202310148323,150.94542235275983
EK202310174823,164.78235144560915
EK202310165142,145.0523023787931
EK202310207746,138.04436349265904
EK202310245090,133.56194121797571
EK202310181612,146.2825314205322
EK202310217652,126.6632501002837
EK202310161957,139.88079138383154
EK202310116818,143.46488167686206
EK202310180631,148.32610717401704
EK202310158422,158.48590125149448
EK202310195969,159.06173850884267
EK202310226142,144.67758597395226
EK202310199652,166.83849180488014
EK202310150930,148.58800768658332
EK202310148331,144.3200844092996
EK202310189171,150.66364257219593
EK202310194950,148.96294607687648
EK202310242729,143.0166287011229
EK202310221050,131.0530449679281
EK202310105169,145.61599580616007
EK202310231810,131.7532071502868
EK202310201600,158.6573269922746
EK202310173892,144.4833021528698
EK202310103909,156.3351545774008
EK202310207543,140.70660265079218
EK202310217532,132.51245095034295
EK202310131408,125.15705558533162
EK202310216303,144.78496640448682
EK202310207214,141.49585405242118
EK202310237069,150.05691622808763
EK202310130210,153.84497542336118
EK202310148179,158.87410978990215
EK202310230098,123.81908181385978
EK202310106540,130.6667891884358
EK202310247875,129.60772171750472
EK202310131197,163.52940752204032
EK202310213017,146.42240272003514
EK202310226797,144.81008789952318
EK202310124853,133.69423794892649
EK202310219648,128.56451084896582
EK202310242013,148.26201934592848
EK202310190443,131.0620894239945
EK202310142718,136.72223250923432
EK202310173178,142.9369118517005
EK202310125534,146.30205419054514
EK202310122118,138.28914333070443
EK202310151782,146.05256277701068
EK202310142165,135.4565404744622
EK202310120956,151.47476478680164
EK202310158163,155.3277498845091
EK202310110021,128.5771327274365
EK202310196057,163.30991634791312
EK202310199008,148.40530912977965
EK202310003987,155.9322027321376
EK202310240352,149.2706580610854
EK202310165694,138.49612400130738
EK202310232204,141.18349963637507
EK202310125243,137.14690893410787
EK202310171212,149.1062690653852
EK202310165904,118.72738808466286
EK202310156703,132.8219770860888
EK202310161254,148.99853519026297
EK202310141589,134.49860074990426
EK202310139870,152.15854622719044
EK202310003550,155.63857863020414
EK202310004721,143.98114880693288
EK202310237716,137.3627662052968
EK202310162213,141.94734894930556
EK202310231470,143.28829117606202
EK202310165710,159.596856654886
EK202310219597,116.4644905788486
EK202310177018,146.87728095565546
EK202310113173,129.51813526420383
EK202310161177,147.30958801053524
EK202310105482,127.8605025694438
EK202310178942,149.98225025372793
EK202310105694,148.19459555602077
EK202310120998,155.31723857210991
EK202310216864,162.05273388203963
EK202310198211,153.2445643845886
EK202310118620,160.4292441610936
EK202310221238,122.316494421589
EK202310161217,156.1179344256584
EK202310218766,128.9350596472778
EK202310128213,134.2110848254799
EK202310137523,171.5888366721149
EK202310210262,123.00641440323943
EK202310155407,133.99966343261096
EK202310156355,159.17943593556325
EK202310171504,150.34934407795035
EK202310205541,143.34746699174698
EK202310165351,142.4483713843116
EK202310247442,147.5734538889284
EK202310131239,129.73825951243992
EK202310169672,128.30130282106595
EK202310118977,144.02392700023708
EK202310235793,143.77635626460315
EK202310200392,150.4006652300601
EK202310164965,137.52928773913803
EK202310171249,146.38664607625418
EK202310106318,128.12644153781963
EK202310237266,133.66700960214507
EK202310147471,136.39225660599973
EK202310194031,135.20854240900005
EK202310192307,147.82301707020036
EK202310181117,110.64295414176796
EK202310116526,155.4300901199042
EK202310194824,148.34594764079205
EK202310162842,154.0162180937152
EK202310181349,121.39571975873267
EK202310164261,156.17641837611382
EK202310131101,148.22278373041328
EK202310151625,135.0453355293194
EK202310141286,152.8692718099129
EK202310241249,148.87974060143782
EK202310212872,128.60087769522178
EK202310226815,135.98479117572964
EK202310141152,148.43780372216068
EK202310235794,135.90815705308765
EK202310229993,140.9470381052584
EK202310147668,154.5809976952108
EK202310164475,135.96638329033337
EK202310110039,135.87434572872664
EK202310187421,143.2584160191942
EK202310215044,156.89873228942983
EK202310105965,141.37095601777682
EK202310120150,144.28369125904538
EK202310201212,154.54806265413043
EK202310127536,138.33145534973923
EK202310165403,141.03172049438774
EK202310135385,147.60763275932024
EK202310159428,158.9743615662311
EK202310214834,154.53767790340228
EK202310130931,141.6415070345743
EK202310206054,166.89314893137094
EK202310112744,139.44363791718783
EK202310242341,153.93764310829175
EK202310159100,151.56546659425388
EK202310186817,118.0309418656654
EK202310187749,139.26908204601932
EK202310246213,149.49854241576347
EK202310202813,146.2283487005601
EK202310119983,127.36024447511085
EK202310241219,153.929828838651
EK202310195435,167.7636708327046
EK202310199454,156.45333841164987
EK202310194920,157.76177754846393
EK202310151167,124.46500438229677
EK202310204930,150.39271082281627
EK202310210621,148.5790875962738
EK202310234981,138.11318521014474
EK202310218747,152.36841033471984
EK202310125674,128.65677310620995
EK202310004025,155.12520898557813
EK202310131481,154.53162532722516
EK202310162994,139.2168365921317
EK202310232677,127.31505180329675
EK202310004278,146.7677178141113
EK202310108810,153.19069523504288
EK202310225683,141.29733203635163
EK202310115846,140.62541544709552
EK202310003668,159.518968007896
EK202310153044,145.40882454620686
EK202310206782,162.2595888302796
EK202310198360,138.59338122141793
EK202310103708,138.3100742115449
EK202310138116,132.79913805145927
EK202310160576,135.52389077328294
EK202310183081,139.31841969272756
EK202310105137,139.40732286031283
EK202310170115,143.2178447094333
EK202310116604,159.78733322833278
EK202310236944,148.85116975090043
EK202310175444,155.9346133125458
EK202310150908,154.98337772977837
EK202310204946,129.15561643359933
EK202310139272,140.58008115010017
EK202310173841,152.65398156059493
EK202310241566,141.29765283907292
EK202310140944,162.14438380946964
EK202310166702,138.73327163286498
EK202310172479,142.64627717860097
EK202310209418,134.04999926352554
EK202310165364,158.77434111607937
EK202310170685,152.29872871016627
EK202310137383,138.59900484571506
EK202310208374,125.77151518523867
EK202310124992,144.69971671875453
EK202310227242,151.58723937306723
EK202310200684,146.08573893454997
EK202310137981,144.6277388231687
EK202310183855,152.567285323338
EK202310120432,143.69042187221027
EK202310128607,148.15908389182363
EK202310146775,136.60014395372212
EK202310175473,150.2534776750359
EK202310194578,161.29805358195932
EK202310199456,138.93916430537934
EK202310114576,145.91343773663345
EK202310232002,149.29006440812825
EK202310133113,167.6338686695583
EK202310177757,158.37194397145646
EK202310106035,137.67312813432895
EK202310161565,159.80647606081916
EK202310110506,136.8294029378521
EK202310206193,141.31982224689662
EK202310134593,173.8469479874741
EK202310157521,143.69419303747407
EK202310142924,152.0847082158694
EK202310237263,149.97432542062293
EK202310170297,168.14108163668752
EK202310106326,144.00549845420844
EK202310128380,132.10514863385126
EK202310222238,134.60452179143886
EK202310194876,151.10940588007975
EK202310228783,154.19743922478048
EK202310186905,164.08012892361222
EK202310116223,144.30527753041602
EK202310124674,135.10650973746633
EK202310164997,141.8290069589548
EK202310164834,139.9629239110625
EK202310207829,130.91126386198664
EK202310156532,178.47360542508696
EK202310129196,130.40029492708027
EK202310119383,171.86257841563196
EK202310246942,139.64059222049664
EK202310108008,144.94035273483556
EK202310209225,148.18361506963703
EK202310191622,171.09267192712068
EK202310207087,151.98032603797867
EK202310152145,151.8735749531824
EK202310130483,150.22037459321982
EK202310218772,140.43108554323044
EK202310202740,160.590832588088
EK202310189738,135.5692115589409
EK202310150713,158.33285656154854
EK202310235780,135.1452161382235
EK202310245036,144.1879793182572
EK202310003439,115.42200952230921
EK202310231070,127.06052026464177
EK202320006731,166.43543084278951
EK202310244442,160.350087782955
EK202310132886,126.16685895828577
EK202310147295,161.81887064230128
EK202310133587,163.2313944454404
EK202310186397,146.08228309461188
EK202310123728,149.7783731763777
EK202310232420,144.19394517597493
EK202310233200,133.68763287778734
EK202310187145,144.8942597219875
EK202310238519,116.53949101661294
EK202310122640,156.111863365299
EK202310114892,145.00186888338007
EK202310172340,139.5943040798271
EK202310109402,151.52019538877153
EK202310229865,129.48165267970202
EK202310202666,156.97202931385695
EK202310106916,147.39778026734425
EK202320005781,171.1683359733392
EK202310127666,141.71818520580447
EK202310224319,129.90076968303234
EK202310164602,150.69772493927195
EK202310118941,149.32565333746695
EK202310234012,130.94206744905543
EK202310199233,128.05006355244691
EK202310214877,149.82921727897943
EK202310179245,145.04724684188523
EK202310160250,151.83707483824992
EK202310219316,129.34593001072676
EK202310175330,141.0748564184406
EK202310156975,158.11112083290016
EK202310115055,137.12271762676306
EK202310112754,134.41289270544308
EK202310175770,152.0878319258461
EK202310218114,132.66399744763785
EK202310135889,136.46993572387913
EK202310245028,137.12808380073108
EK202310104852,152.65350095154383
EK202310216044,150.70268507292516
EK202310230940,126.56587815145882
EK202310198398,154.35397005354744
EK202310152619,174.81772928771943
EK202310168477,156.56037528618083
EK202310236502,135.50611281132763
EK202310112037,145.35395383488387
EK202310159871,139.83611114047383
EK202310213645,128.4155056145592
EK202310120040,145.66839672311016
EK202310183203,145.8574324800712
EK202310109200,138.4701363499175
EK202310132933,137.74278448178822
EK202310137560,135.40026147557998
EK202310177041,143.3492031660892
EK202310137910,145.27565910032953
EK202310104847,124.54520806880555
EK202310200423,133.62266052276715
EK202310187271,141.29480515064677
EK202310213803,153.8256659872575
EK202310246954,138.3131695293879
EK202310118188,130.59769758520991
EK202310134413,169.14555518112002
EK202310232546,144.52722837107655
EK202310158497,162.5065674273327
EK202320007533,154.41808397582497
EK202310174045,157.59692841085172
EK202310232493,142.36599934152434
EK202310121025,152.70200356345805
EK202310203256,154.77460330635427
EK202310142445,165.00390977953623
EK202310184247,153.9776934194693
EK202310192611,135.68392909788946
EK202310119937,155.7210929944007
EK202310231831,149.74316979223994
EK202310208214,145.92558184321402
EK202310237790,122.77588429446688
EK202310187705,133.93242850225806
EK202310209139,146.1442077720357
EK202310170634,141.97541254358742
EK202310146481,141.09899837906661
EK202310198380,153.07378397892563
EK202310226702,132.3384357654631
EK202310222936,137.62800231846418
EK202310197081,125.77115493173056
EK202310116985,134.57020293638948
EK202310223669,130.08329806981808
EK202310204735,140.26142505180658
EK202310184616,142.49622210719062
EK202310148138,148.63108778021316
EK202310134199,152.8191670504823
EK202310149246,132.14942161086918
EK202310237457,144.83551005087108
EK202310160240,158.00753686493812
EK202310177402,162.16006223355885
EK202310231985,127.45148215709003
EK202310171409,139.8455152644521
EK202310176316,151.1003048826752
EK202310164869,143.0009567852381
EK202310134160,129.40661205602768
EK202310213361,137.97495821553542
EK202310204421,139.59332486100658
EK202310209884,145.28658598309994
EK202310136308,150.63328326636673
EK202310242777,129.41799174446749
EK202310193657,138.72923322039122
EK202310188052,161.47423580700692
EK202310147057,132.49357366327695
EK202310153768,139.4452262537247
EK202310144579,139.42922034697938
EK202310198362,147.11688492341526
EK202310105880,177.85981044367324
EK202310171799,146.15167168193352
EK202310120109,139.6504463201098
EK202310216065,139.07800256424588
EK202310170495,150.16858347239625
EK202310125667,164.62410345643067
EK202310105906,138.06357537883946
EK202310003424,155.49023806215325
EK202310195264,132.17661518094417
EK202310130646,127.4336922521036
EK202310115346,146.7965293022645
EK202310106003,128.69183327436124
EK202310193189,163.1539461865812
EK202310120005,137.18242734006182
EK202310225659,144.67794195369922
EK202310187329,162.27635905331616
EK202310234854,143.0169536307559
EK202310245195,144.67968049742962
EK202310245177,125.55002923902681
EK202310229481,140.23528735560953
EK202310218683,139.26838892935254
EK202310232957,140.26238567732676
EK202310244525,133.21065867376782
EK202310238364,135.43352630394713
EK202310233731,131.1355164052054
EK202310114718,144.38818053504318
EK202310152186,177.41896769034443
EK202310217521,140.33399262561588
EK202310183796,158.3359820054851
EK202310218461,123.94921248655994
EK202310113523,138.21892161961168
EK202310149413,167.96616863245362
EK202310115324,147.46011902853056
EK202310104367,153.55898721456953
EK202310124772,131.11708392208405
EK202310195448,134.7939109840819
EK202310211731,123.61353548001676
EK202310162193,135.71700430859485
EK202310187308,148.2251364597856
EK202310129859,149.69067404502266
EK202310170962,156.61902340603038
EK202310235749,131.29167316378383
EK202320007870,169.18080522323777
EK202310154838,164.94768238750981
EK202310206242,149.97414834185435
EK202310209717,141.72072068169328
EK202310247573,152.0193371393127
EK202310113989,128.478239351451
EK202310152196,151.47838453378426
EK202310183083,139.92680636619573
EK202310234475,140.95275922459308
EK202310234459,134.3398414702517
EK202310106650,174.0652061284195
EK202310117634,135.66288283347623
EK202310128279,138.24837697007933
EK202310158721,146.84260987037487
EK202310234607,144.71677249806197
EK202310149804,146.67849557730352
EK202310242352,134.5728679657795
EK202310126148,150.7934852928466
EK202310165882,125.0217942535252
EK202310137378,154.2320763789932
EK202310112801,145.99481229499324
EK202310119995,126.42820849126798
EK202310123123,140.03975025933997
EK202310190387,151.01559938215698
EK202310226519,137.47867097054615
EK202310129375,129.10988201124405
EK202310245192,138.54754387956817
EK202310215168,142.54708231127873
EK202310137434,144.08691391038968
EK202310194720,143.59864498656572
EK202310201666,168.3450290181322
EK202310193830,160.07122393094085
EK202310178910,148.52384651693433
EK202310110446,130.85368560565672
EK202310166237,120.06359489819224
EK202310180109,160.73652350608697
EK202310146375,151.50435844421725
EK202310227332,127.94516902165283
EK202310241765,150.62080598503633
EK202310229368,112.88901710942797
EK202310135373,145.5388375389881
EK202310169663,156.97880995064455
EK202310236365,123.26664868644794
EK202310182601,125.9661437371877
EK202310144591,132.31068342445525
EK202310203065,148.76108384070935
EK202310185758,131.97939574031525
EK202310105204,147.343570640818
EK202310150175,137.8705691102111
EK202310172599,130.71564462266252
EK202310145266,156.01991376008962
EK202310004647,154.94136080304708
EK202310242466,153.0005527649203
EK202310167834,140.78100317343532
EK202310225932,119.07106281497616
EK202310132329,126.90489231691745
EK202310123888,151.47781566019574
EK202310208707,163.22042532102103
EK202310201294,152.69805011747295
EK202310233641,142.12133602407644
EK202310140113,145.04529872266377
EK202310218544,150.58220460733182
EK202310219472,139.12861266023046
EK202310143848,148.52449223526173
EK202310134434,136.95397650983077
EK202310236630,134.37916880804428
EK202310198379,131.99598330514232
EK202310222797,140.218836576025
EK202310248842,141.9096910529008
EK202310132974,134.63431525162278
EK202310235130,142.269282298758
EK202310238228,147.28724647682142
EK202310226782,150.20148574961058
EK202310210339,134.1004581485705
EK202310189790,139.23842657969354
EK202310187315,151.9326573417912
EK202310171801,126.9552711630729
EK202310123573,143.65400552799235
EK202310172773,139.03728076832704
EK202310139716,150.37154256166352
EK202310110431,137.87065589908696
EK202310189055,136.46471051887494
EK202310124983,140.00749932887769
EK202310190155,137.89073398747766
EK202310238929,154.14369401789006
EK202310180436,136.57715946915215
EK202310230021,148.3584682637198
EK202310181912,149.62538879249163
EK202310178377,153.22491816987778
EK202310145374,119.19803916040267
EK202310126596,126.60745778049298
EK202310225731,136.49971402915756
EK202310138678,153.06674656687184
EK202310172372,137.64650973937802
EK202310116119,134.18952553164175
EK202310167609,155.84300601897695
EK202310244078,149.7159187490505
EK202310217427,129.4127866294043
EK202310182904,135.74370766439685
EK202310208329,161.0288381807558
EK202310189009,153.2841756983578
EK202310114945,138.05008227265793
EK202310139882,142.43741484011872
EK202310206869,152.8399076955306
EK202310192874,148.62563041501218
EK202310216134,143.5014176601211
EK202310203212,132.38458600844547
EK202310156888,149.5327026700085
EK202310182240,141.1561637553044
EK202310141092,170.8217808401816
EK202310124359,133.36660648885893
EK202310152947,144.42424120610875
EK202310114595,132.8236695463235
EK202310146656,126.42583777901436
EK202310223051,130.78986963699052
EK202310134381,129.15592204159273
EK202310208234,142.7644156758897
EK202310169332,168.27796350348376
EK202310103907,155.2561988113511
EK202310143678,154.6475666547567
EK202310114762,126.59750950705467
EK202310120679,149.64367797199031
EK202310153376,156.08510011907813
EK202310207113,145.06002584803971
EK202310229661,114.25734572317236
EK202310219333,155.16588504519444
EK202310131040,143.35802452939618
EK202310120192,129.4992654817918
EK202310114032,140.3326095422492
EK202310178367,158.06010134996214
EK202310195835,157.34414563742354
EK202310154385,132.19919398538286
EK202310215393,156.9255726658008
EK202310107773,140.57654679896
EK202310164250,149.63607468371356
EK202310158284,156.6525667535216
EK202310181120,147.58702308343157
EK202320007585,142.0529675346617
EK202310182248,159.25349531355755
EK202310178445,155.8809623604888
EK202310151607,154.02339502484602
EK202310114270,123.91581867189824
EK202310237697,128.2541341103914
EK202310141166,137.6880026188077
EK202310153773,144.4321041297591
EK202310129425,151.6245188561558
EK202310114483,146.54360624138167
EK202310235872,130.22664384658782
EK202310140448,137.08451975677352
EK202310140940,162.2322971762579
EK202310173832,131.3661860691634
EK202310131844,155.19918817736675
EK202310236956,127.76780475400923
EK202310166354,147.74784731359057
EK202310122182,147.29059987137347
EK202310212213,148.06477796666402
EK202310165400,160.2236668959342
EK202310148714,139.5956831894526
EK202310126880,142.64880619236186
EK202310191702,147.1688307552145
EK202310161903,140.23963131329324
EK202310223034,127.35928625347839
EK202310188051,167.93071753441063
EK202310205595,154.30369481126993
EK202310171306,142.54177058135218
EK202310246135,140.61613202648692
EK202310210097,162.47627368937844
EK202310191192,146.26175769790484
EK202310216619,147.71399664275097
EK202310153794,160.55349522245473
EK202310122914,168.8135024068105
EK202310122058,144.40887360560896
EK202310138004,131.10389390246067
EK202310221367,165.68641829922427
EK202310158770,136.92379592613497
EK202310145695,152.98096638213377
EK202310125582,122.86997315008058
EK202310136243,136.31973131496147
EK202310194117,128.5703292279595
EK202310107078,137.86085549972915
EK202310190139,150.712944637177
EK202310156770,160.96525144674445
EK202310178929,151.12304068256765
EK202310164953,149.65774311130846
EK202310118034,131.92761517570725
EK202310227978,137.45039398427286
EK202310144597,138.7682396284338
EK202310176112,159.2149500235072
EK202310162357,139.93820314586793
EK202310176897,149.17944791235033
EK202310134145,143.75931288585616
EK202310129907,138.42620943319167
EK202310229306,150.99893855891136
EK202310198497,136.33639497855432
EK202310163561,138.8249711450287
EK202310221369,151.8402616246792
EK202310176645,139.32436153581526
EK202310157146,161.70020951019842
EK202310120273,155.19829570470472
EK202310192592,139.6402250816134
EK202310169221,154.7254361140814
EK202310191453,141.54984049667988
EK202310131848,139.11255287709304
EK202310127626,153.43852786189922
EK202310213244,144.02829131516296
EK202310137030,134.56979599399767
EK202310146412,131.750885029434
EK202310173918,161.23666096191857
EK202310161898,169.44269199023014
EK202310106892,151.75889570071385
EK202310110349,141.9743344694055
EK202310209540,136.17783512676087
EK202310191336,140.12611111437445
EK202310114498,132.53907550815663
EK202310181006,169.5726095083644
EK202310212668,133.36898798531635
EK202310158230,147.56133722097215
EK202310004318,122.97064772215994
EK202310247144,146.58567087382835
EK202310107710,151.06084867295644
EK202310228147,135.71167545074312
EK202310143106,151.5713429342863
EK202310167345,135.95430739728616
EK202310208077,129.80085203487135
EK202320006983,153.54214643636053
EK202310243790,132.9786761868903
EK202310126443,137.4019570456766
EK202310245699,128.27994737387579
EK202310194114,144.76602193486167
EK202310195998,158.8122484107269
EK202310198935,143.59339612816308
EK202310164465,148.6730129718297
EK202310181559,136.541537013665
EK202310194595,164.82027271616136
EK202310158381,148.25798282368785
EK202310155757,134.36127968834532
EK202310180220,159.90323603404659
EK202310179540,144.81532450340003
EK202310161312,139.10870874920928
EK202310185555,144.67214713414737
EK202310186696,139.76805020715165
EK202310161004,135.63469389736616
EK202310124318,133.2916658819833
EK202310162537,165.1381398074801
EK202310246753,129.3700371587376
EK202310225958,117.79467489430868
EK202310186853,150.5741501374855
EK202310171921,160.06629916958914
EK202310114970,127.79765162647384
EK202310215111,155.6193916394796
EK202310211062,145.9479972382513
EK202310189772,165.2275160413705
EK202310136766,151.18145659169153
EK202310126300,142.72788722832823
EK202310221810,148.07006662842414
EK202310204369,142.67796654357105
EK202310169470,159.4966342589941
EK202310189339,152.6370622480663
EK202310190063,153.2670750118386
EK202310220996,107.72959328088508
EK202310164885,134.73779784252707
EK202310191557,154.45595606182965
EK202310210576,129.70818998016662
EK202320006385,157.7031963531576
EK202310192386,151.29648440746809
EK202310129301,142.12351510217053
EK202310212266,134.62376582251034
EK202310248678,131.75429374900767
EK202310121007,148.07654412193077
EK202310158409,149.8161820472586
EK202310230262,168.45829837136316
EK202310105099,147.55872126799687
EK202310225197,131.96871824201085
EK202310141113,144.33407473408448
EK202310112350,122.87427240642636
EK202310220805,131.17545876848436
EK202310220038,134.68895521422616
EK202310153113,165.2038102728175
EK202320006647,164.62172923178377
EK202310145953,153.67280576356177
EK202310209351,135.9291594889766
EK202310202126,140.50785744031919
EK202310191102,144.5137437553373
EK202310127097,159.38905228905566
EK202310126540,126.04032566639037
EK202310202419,147.43242731287805
EK202310116857,128.3830609761932
EK202320006346,164.22683206679847
EK202310216539,159.42045883575787
EK202310224958,138.06921037951832
EK202310222877,144.9586302141757
EK202310104924,158.18956553977154
EK202310230930,132.71445828507805
EK202310176678,155.22003580076793
EK202310144934,138.7451149835143
EK202310148649,140.19627778804175
EK202310168500,162.09430356141945
EK202310150427,128.59668965934975
EK202310205648,141.84991642957928
EK202310159787,133.39883013836828
EK202310131529,148.84529818918034
EK202310173679,135.30825200396083
EK202310216340,128.83325523168156
EK202310113807,146.78291891486737
EK202310189797,139.09982969921083
EK202310172848,131.12489150783267
EK202320007206,146.7948586173616
EK202310183124,137.60408099598712
EK202310202871,143.9009440439098
EK202310195901,135.9445477977746
EK202310108242,138.52015607431522
EK202310209662,132.67250537951702
EK202310186506,148.9858494795655
EK202310241427,133.88329335638247
EK202310104646,155.9907782103944
EK202310110500,149.7104844388096
EK202310140229,117.45697772574769
EK202310197951,133.05942613187983
EK202310204251,121.31124979084449
EK202310218413,139.20863276074095
EK202310111117,152.72485061658492
EK202310153521,151.35658331886384
EK202310163012,158.29207668512083
EK202310238189,156.34657773338574
EK202310139597,148.66754635604647
EK202310239588,138.35176807839463
EK202310197135,142.67994116531096
EK202310105473,148.21703760275534
EK202310142438,155.62092492256076
EK202310238026,146.99804506999843
EK202310194838,157.3411046804578
EK202310218361,138.07720064207848
EK202310192741,148.91751638041495
EK202310193265,150.8608476963183
EK202310216986,134.8455545809614
EK202310230537,148.65407189245005
EK202310119794,140.52704445503736
EK202310170043,133.52002674806477
EK202310108833,144.6495100663767
EK202310161240,148.6413435370574
EK202310234010,144.57684877245154
EK202310109182,133.41333982151733
EK202310230972,129.26773846338233
EK202310149335,154.58984257250384
EK202310107970,153.8071370970357
EK202310149458,147.79796123244918
EK202310144815,132.38386643366118
EK202310155738,151.71631915592027
EK202310204043,140.76851695043175
EK202310150762,136.51393633505904
EK202310177738,140.43178208194712
EK202310156587,141.37108140043225
EK202310157016,147.73151505693377
EK202310206235,136.93672969761397
EK202310220646,135.7505250990484
EK202310173733,154.27722105244754
EK202310245161,145.94536178548807
EK202310246615,150.4381350165998
EK202310107283,160.14557487945766
EK202310172948,131.48604886413673
EK202310223104,140.59187742639907
EK202310137920,135.6841097730925
EK202310237485,143.08521579360283
EK202310185339,136.42699742339832
EK202310150373,144.3493074170466
EK202310181031,136.0282707346932
EK202310246036,141.87141499125687
EK202310211321,132.97073068853658
EK202310166021,145.99786295821752
EK202310104995,139.30077967578512
EK202310154804,140.0041770375695
EK202310207957,128.4708169710081
EK202310115976,137.1290080295622
EK202310146527,154.44450667120915
EK202310241764,151.77355926181252
EK202310242749,150.59442533890063
EK202310174079,136.80444443071104
EK202310246052,128.89128101935967
EK202310224322,130.04586259214
EK202310136529,137.46261367053847
EK202320005962,172.5834828802545
EK202310220450,147.79421596385356
EK202310212212,144.58461756717378
EK202310153182,159.22805147458428
EK202310105480,132.83174005270683
EK202310125339,133.130593596412
EK202310237988,158.3999683137983
EK202310159218,140.24485036230874
EK202310178861,140.25543588882852
EK202310146447,132.6208906279002
EK202310242533,125.93223251205958
EK202310239148,148.96256599947404
EK202310206069,161.51909638856097
EK202310209438,145.66959395688897
EK202310203458,147.01405512855743
EK202310139769,138.93390398282324
EK202310192295,155.58204638155013
EK202310213849,154.55902973326295
EK202310117386,141.79638414457966
EK202310148126,140.76991450731052
EK202310141622,150.35850803077284
EK202310203974,155.64796387492152
EK202310124862,142.50704092532837
EK202310238082,139.99202482664077
EK202310131352,137.70378548350635
EK202310123750,155.78266595401885
EK202310165127,131.82882825621945
EK202310166390,162.92360022774884
EK202310245131,141.07816897553084
EK202310191228,151.29456780471799
EK202310218338,133.50295377541784
EK202310229880,133.04091962379982
EK202310139618,152.91307746377166
EK202310166418,106.53631370557156
EK202310114847,142.1748792809191
EK202310129128,130.83720759259958
EK202310129085,137.52649433007934
EK202310208641,156.65673297299332
EK202310241385,152.36661027504562
EK202310231427,139.4427525474224
EK202310183819,141.62514374879515
EK202310103894,146.03740339929197
EK202310115562,140.24067978781002
EK202310153110,158.17308756629504
EK202310107637,137.37206444824415
EK202310003429,139.05780823441657
EK202310141699,144.5996048781652
EK202310200793,134.3815101409369
EK202310107984,168.1828275218792
EK202310113752,135.97704132405232
EK202310136157,133.30909237424396
EK202310207954,142.54989482970885
EK202310135579,148.23150868202467
EK202310166104,140.59455581448552
EK202310127366,153.31449866906985
EK202310121696,144.08405536194266
EK202310138993,138.98419435385475
EK202310207033,146.34020832523467
EK202310122660,140.44425769668558
EK202310132081,153.1752352257225
EK202310198420,139.1810473509622
EK202310144336,150.81944253991293
EK202310238656,157.4778103414307
EK202310230161,138.90405577151432
EK202310202206,147.55842658037008
EK202310213571,131.8639597849566
EK202310203092,156.13593174075834
EK202310194418,165.29950394025352
EK202310128430,156.33547066928548
EK202310225153,149.96571240942365
EK202310160344,130.81086391447826
EK202310130554,118.81127197968802
EK202310165569,178.7492273901336
EK202310199349,143.18753015401225
EK202310129160,168.69388870411922
EK202310169725,162.0159570556303
EK202310160348,151.7515697822005
EK202310126901,117.3763808501364
EK202310199923,146.63746626471283
EK202310214691,131.58695434842235
EK202310202989,160.1792213128843
EK202310117244,141.10200659726394
EK202310162223,136.97187744961653
EK202310178451,171.90949087096155
EK202310233563,135.1946448737413
EK202310109378,161.52250772396192
EK202310177478,146.85554001350056
EK202310109053,132.05358207903433
EK202310125187,144.47298930852685
EK202320005814,156.27388054334895
EK202310211630,138.42744628082957
EK202310156552,162.4581391134222
EK202310148023,156.37452720186903
EK202310166593,141.62109034732927
EK202310215548,143.49019153972583
EK202310111952,146.7689950622765
EK202310187710,138.41424591217384
EK202310157541,150.29745371476122
EK202310171275,152.98324057616304
EK202310113025,128.95202083045592
EK202310197258,152.5373192612005
EK202310112846,140.33804203922668
EK202310127206,137.3957299098215
EK202310115243,132.32300049876847
EK202310124158,135.30716547382767
EK202310145344,150.76751205650248
EK202310115574,137.693458385473
EK202310157721,153.88638255946242
EK202310122313,133.2603820965489
EK202310139139,160.31002389445445
EK202310225769,137.0813620241353
EK202310238365,116.2716404263225
EK202310237637,135.79252184644614
EK202310109616,150.2822148734234
EK202310133259,134.95176458455077
EK202310228157,150.57443833954832
EK202310198466,148.1005884636753
EK202310106809,142.45148505509357
EK202310165950,154.76195203253081
EK202310128641,149.82916379798485
EK202310148916,139.83921482003245
EK202310114147,142.10121758453795
EK202310232304,134.149599694209
EK202310188415,131.2409355851476
EK202310232540,143.2065172360228
EK202310207576,151.72805826028036
EK202310231963,140.13114342723694
EK202310229805,139.9422431289262
EK202310161625,147.0650536083391
EK202310223364,134.15368948546717
EK202310145207,168.6119704740052
EK202310154942,147.3991702253731
EK202310177414,161.13445846768803
EK202310151135,159.06056700514395
EK202320005867,151.58489970018917
EK202310199483,150.32727719786914
EK202310193069,138.40778252515486
EK202310231001,123.18674099776916
EK202310153397,129.78164222911658
EK202320006411,150.05700535745802
EK202310178129,131.89611340459595
EK202310158178,143.04932309493253
EK202320006728,161.20094350193676
EK202310168603,147.114133591996
EK202310188957,146.16289697596417
EK202310134962,159.0787412999544
EK202320006232,166.344371014701
EK202310216197,144.23979484974674
EK202310205473,129.48180292427
EK202310177138,138.21267567122942
EK202310003578,147.06719793632843
EK202310125915,142.32057818461809
EK202310163847,149.38908210947534
EK202310175723,138.4885508470363
EK202310167304,138.8296950486822
EK202310231580,125.06452760511866
EK202310224672,119.37755068327583
EK202310231849,169.11855362019907
EK202310118283,143.0158574185913
EK202310108021,135.57289733693017
EK202310244191,153.39798340763483
EK202310176446,152.49391985209334
EK202310153144,166.22243683658866
EK202310192762,155.2001455507597
EK202310155944,137.66569305566765
EK202310122042,138.10064501804158
EK202310139279,139.36623996080363
EK202310124333,132.88153796758934
EK202310222309,135.8012462662296
EK202310237489,136.02649095776906
EK202310225285,141.80238082837886
EK202310205925,146.08651903668965
EK202310146849,135.4417154644314
EK202310155584,142.66724685062047
EK202310127840,147.3138903989379
EK202310159012,130.017989651185
EK202310171367,146.62109342425302
EK202310179659,143.66080492203696
EK202310147533,147.5221291751222
EK202310134101,129.8433393363265
EK202310167244,142.75867142383575
EK202310134522,147.84471062289512
EK202310188890,155.52999628280494
EK202310152081,168.01658840625697
EK202310168749,159.1120679478067
EK202310185345,142.57456898415114
EK202310212863,146.04735134722347
EK202310104615,131.19016584353585
EK202310188714,140.4849548982098
EK202310148084,142.61864192910255
EK202310211875,147.76882576700626
EK202310134441,156.57656071116605
EK202310187368,148.37104783495093
EK202310142139,135.19627934546645
EK202310216736,156.69710094754882
EK202310148523,135.27965091974275
EK202310177638,143.0897393421374
EK202310191439,147.87328579019143
EK202310184957,165.37305214204525
EK202310229730,135.61725989651723
EK202310171653,146.22488143163565
EK202310119614,134.33584492830238
EK202310193277,144.66921497568615
EK202310221106,141.63117741751776
EK202310196517,148.8128099918367
EK202310186815,145.22171907080596
EK202310118791,145.28294453785864
EK202310236202,141.82660117592002
EK202310121642,139.1096980563677
EK202310228637,136.37660566063596
EK202310171042,154.55865757125343
EK202310218012,137.1492385385776
EK202310238955,139.204566746342
EK202310169993,157.8579819840351
EK202310227859,138.38443728105798
EK202310175628,140.10188801827206
EK202310225536,125.93656962395193
EK202310194964,160.15333301170486
EK202310170946,123.89395143396715
EK202310201972,131.77425777646147
EK202310204049,144.45872890744167
EK202310238497,147.13839004597384
EK202310231256,135.63979540048217
EK202310231579,135.19126195152444
EK202310174311,136.76271727353574
EK202310192651,139.23255816326312
EK202310114496,146.70918901509057
EK202310230770,120.01763726671498
EK202310242388,148.1342943192682
EK202310114424,137.39823934142717
EK202310166798,150.43571568248166
EK202310246359,130.2200513080622
EK202310165038,135.0400779660686
EK202310197955,137.00512524837274
EK202310121307,168.05205274193344
EK202310151932,147.97078524174412
EK202310242488,136.49984235513313
EK202310105346,157.27806187039374
EK202310133118,143.33455415787182
EK202310125218,133.04197300601564
EK202310104440,137.74694491101462
EK202310238581,163.52635865051633
EK202310128830,134.23107461221971
EK202310111289,128.86565429396097
EK202310218154,141.76274464749378
EK202310184481,151.69176823521713
EK202310151857,147.73738873407885
EK202310107393,146.36990651015967
EK202310150289,145.2205442339196
EK202310113235,146.066611463257
EK202310154628,160.94652363788745
EK202310183234,148.40674198379025
EK202310193060,142.17392109153494
EK202310142940,138.62922597084605
EK202310177291,153.17496712720916
EK202310214941,152.71129981250056
EK202310123810,155.19957815771878
EK202310234861,132.50435258327585
EK202310166088,156.98032776530573
EK202310175230,125.37542586609892
EK202310173351,149.79356406801148
EK202310246599,144.7513230674146
EK202310121468,132.0046915435663
EK202310115870,127.53399126673395
EK202310122689,139.84875036804092
EK202310104457,139.17237834228197
EK202310239958,148.88394955761964
EK202310108834,132.97727453698764
EK202310242150,149.14829139967495
EK202310127460,146.5445742358625
EK202310150161,132.65793956271267
EK202310220593,143.78301381042317
EK202310208892,152.6195890019738
EK202310116640,149.1265436915123
EK202310228102,130.44289084587035
EK202310178599,136.25266438060322
EK202310211615,138.1617406772983
EK202310208762,145.641701936179
EK202310118517,145.37516040292698
EK202310187114,138.2576059722935
EK202310119172,145.91235793908768
EK202310131645,161.74435757652782
EK202310106254,138.3791744089482
EK202310132336,124.34515569386916
EK202310226404,148.92902529684625
EK202310196510,137.52872721033887
EK202310116508,140.06576616731024
EK202310188534,146.40419835807845
EK202310177793,127.21712807751905
EK202310206591,140.01682802717662
EK202310192097,141.79537106370688
EK202310119525,143.01718958434668
EK202310168918,147.65368273398454
EK202310004052,151.70328435212824
EK202310155004,124.62529638248265
EK202310113224,134.7578803587015
EK202310168827,147.77635275582716
EK202310151452,139.15702981160263
EK202310233171,148.28349429732006
EK202310189316,122.70303031910657
EK202310165015,128.04852318459203
EK202310191520,127.13121956300935
EK202310154021,136.84122455417102
EK202310142035,137.7664302921285
EK202310136677,142.12636165852444
EK202310193692,151.11696185136842
EK202310217638,109.86031030117712
EK202310152626,154.77515810263858
EK202310130527,144.74892382316656
EK202310219621,122.27400536050432
EK202310117231,136.36594153398218
EK202310184541,167.70434188748456
EK202310123337,142.14434234172106
EK202310004825,154.6321653325077
EK202310004105,130.80518903353138
EK202310222141,138.53329886505887
EK202310223687,119.68096445144744
EK202310004753,125.03225597804783
EK202310138231,134.43568295415
EK202310230297,171.78019985745598
EK202310123109,137.35603806729875
EK202310118394,140.12622330709868
EK202310236285,139.39831888059717
EK202310142984,143.1108619585228
EK202310228922,135.69450088520944
EK202310180656,162.8633045856934
EK202310198343,136.78202310276055
EK202310213613,132.93466324319317
EK202310143759,141.0612756405078
EK202310243098,139.47201464057292
EK202310140826,151.7811794190048
EK202310219432,128.8826149991302
EK202310235984,137.9052879713564
EK202310112132,148.90827487673494
EK202310207139,175.68325617402456
EK202310123515,129.10451442112404
EK202310147539,135.87515723989287
EK202310201614,145.4862800096312
EK202310242651,133.30990443671078
EK202310116831,137.93024441287747
EK202310142528,157.56978548926554
EK202310158275,123.49465626153412
EK202310119240,138.3841558278798
EK202310189798,141.6030083529213
EK202310140182,136.63796812706923
EK202310104020,126.7476190792803
EK202310144562,163.80585862972077
EK202310211897,139.2667505997606
EK202310209649,140.65911820697949
EK202310224584,140.7992684277668
EK202310149915,170.24769523255813
EK202310205659,140.86862684793215
EK202310150345,144.60085730378884
EK202310228952,136.1704262110289
EK202310126648,136.01173220188295
EK202310243579,130.87004411667377
EK202310164006,139.69785904642382
EK202310108668,142.7677354884081
EK202310137775,140.4770745421454
EK202310233150,136.02143731674056
EK202310152386,148.23562533766196
EK202310166882,132.403119361216
EK202310231895,138.00483074071084
EK202310170539,144.7890259692396
EK202310115226,134.67128174310787
EK202310214376,155.1210206435126
EK202310137712,128.295326597162
EK202310186209,137.33827773236692
EK202310205015,140.9593526653571
EK202310106040,122.83778390376705
EK202310170557,152.9498758598714
EK202310201318,149.80836372004407
EK202310230025,133.5980330634006
EK202310112264,147.6922606495355
EK202310187559,158.73860165956813
EK202310126729,144.22527894223842
EK202310208910,140.24355422766098
EK202310131942,129.49294549367033
EK202310154020,142.95399994405605
EK202310245865,144.40050542179634
EK202310192165,153.46531770657225
EK202310172699,134.6777641979146
EK202310157236,154.46267950209102
EK202310131791,153.9085646760615
EK202310200367,149.810189227679
EK202310152638,151.6844384238388
EK202310229854,138.90893976246437
EK202310176423,145.54589351048375
EK202310229737,130.74273931996484
EK202310203806,127.9158493844208
EK202310115409,129.25531155562803
EK202310118234,138.65317371047982
EK202310140636,173.8867772387445
EK202310240942,130.95416222340214
EK202310197687,151.27374969389314
EK202310124485,136.55458053911963
EK202310144257,155.4521462867422
EK202310218871,140.67066089400217
EK202310210772,132.41238562577357
EK202310195971,162.72379312013916
EK202310135577,139.54676566512813
EK202310203323,146.97052124485867
EK202310128855,116.86688156577777
EK202310209533,143.7579744965618
EK202310174860,153.773770481767
EK202310132988,135.94332069179438
EK202310210555,132.77769577605596
EK202310229724,143.28300948344403
EK202310159406,155.4737660512911
EK202310206212,134.52016544072237
EK202310105258,140.5077653052118
EK202310197230,161.50221108615716
EK202310146776,132.39745574621784
EK202310171620,119.15755480819838
EK202310241357,137.89124485304833
EK202310138908,140.6750180797949
EK202310144141,164.60903960926368
EK202310183530,153.64773031235507
EK202310241996,137.00704790744567
EK202310143198,142.0991663913612
EK202310240754,138.69976902734376
EK202310120793,151.7431663274593
EK202310152995,156.10732095832577
EK202310168076,140.11752583443814
EK202310194434,159.8045552167728
EK202310231667,142.24625959163077
EK202310117230,144.54972405883075
EK202310188291,140.28389652614675
EK202310149424,160.20883467324558
EK202310128832,142.49602919585774
EK202310196168,173.0005155924537
EK202310197883,155.47516017655383
EK202310138276,164.33969546277615
EK202310170757,123.23643047162201
EK202310191340,141.18912043661726
EK202310145811,141.6235505828297
EK202310227194,139.93885489305114
EK202310111485,137.02890686303462
EK202310157083,162.49265747794152
EK202310171852,145.72701869225426
EK202310207366,127.85499867506107
EK202310145654,145.56984729742052
EK202310108850,144.98484116251285
EK202310231758,141.28803308520497
EK202310144301,145.80749011995232
EK202310201304,134.85289082425533
EK202310178159,125.75644764977285
EK202310239482,152.24538525770976
EK202310144262,146.00354176794633
EK202310143929,128.15175329321826
EK202310235952,127.03715174396889
EK202310183241,147.3913976920138
EK202310189101,162.6424015081966
EK202310171584,126.5715424128459
EK202310131328,133.97181878484358
EK202310226641,131.91571153214073
EK202310166552,140.15766688494531
EK202310196910,149.18226199861533
EK202310166692,132.07581408217536
EK202310184651,170.18194050590856
EK202310194347,134.46019797326636
EK202310208716,136.8241430061028
EK202310187760,145.3860240488707
EK202310243524,153.81760568495247
EK202310155787,141.16857573065474
EK202310114204,157.3470521182215
EK202310160396,154.3421268365746
EK202310172512,168.2664015285037
EK202310157332,142.37448657315215
EK202310209704,131.05437136249898
EK202310154943,147.1843456939735
EK202310189036,149.3518699413565
EK202310133173,133.0743498514756
EK202310130199,175.33799317753449
EK202310182622,148.62995275664815
EK202310167778,157.4531585187339
EK202310163301,135.01912533184927
EK202310184220,126.16093448605127
EK202310172679,147.00953778680875
EK202310171532,141.75376916874285
EK202310200942,143.68168026308203
EK202310141847,159.4850626050974
EK202310122343,142.51829609782416
EK202310174760,149.86159771501545
EK202310225953,138.8524053506111
EK202310159867,144.13162215927954
EK202310174529,150.76457503303703
EK202310239197,132.2382399172615
EK202310142275,144.63913673827022
EK202310235069,131.3791330424876
EK202310173910,148.19739533494703
EK202310155908,158.57780103823526
EK202310221001,134.19994906039423
EK202310113086,129.02693269019434
EK202310200755,158.08695458232222
EK202310152545,161.52362260161476
EK202310185434,153.38183826935403
EK202310110043,129.853658867126
EK202310116474,144.92806298048018
EK202310203902,144.58546725286314
EK202310157771,156.5467453577242
EK202310209652,148.4063772148474
EK202310115313,131.94384007067558
EK202310149967,140.77513885378318
EK202310226488,138.54669142798483
EK202310004820,136.30334999305265
EK202310240136,149.1987338681282
EK202310201496,151.0171512866518
EK202310224644,142.6933584460781
EK202310168634,140.9526379694306
EK202310120438,133.3290965152912
EK202310104992,125.16606618373217
EK202310152772,141.56296465177533
EK202310189045,139.65217429376577
EK202310180854,142.64120657666473
EK202310162939,157.2817506703072
EK202310202787,147.36912539433845
EK202310132425,117.15699599910528
EK202310106638,142.12006613174216
EK202310130488,151.04783801560032
EK202310216320,148.45906962488013
EK202310174034,158.72141552490876
EK202310167069,152.7854332149181
EK202310119791,137.61473196080775
EK202310191561,150.6866549452179
EK202310141924,146.99822699743405
EK202310155116,149.04328627478316
EK202310194530,150.91966902729962
EK202310148342,148.36219984916792
EK202310115218,129.8356452704309
EK202310208496,132.78683047158145
EK202310242665,144.75653536774936
EK202310247657,139.93273317439892
EK202310228469,133.6056958591156
EK202310233886,148.81256809374537
EK202310169400,159.3684940722325
EK202310161344,166.9627364287235
EK202310236712,129.45460856151664
EK202310118866,144.20934276978255
EK202310221584,149.91382992215463
EK202310107825,150.03252724780845
EK202310110196,152.9036689284015
EK202310159979,136.70778305628346
EK202310195875,143.44929448513614
EK202310163166,147.79743398198974
EK202310206462,131.4210299852045
EK202310109481,128.32408548530202
EK202310245477,125.66141184671342
EK202310129738,168.60228099659565
EK202320005730,167.5011362584322
EK202310104244,167.66911296476502
EK202310227658,121.40292857533423
EK202310227290,164.14010434381814
EK202310201250,148.79532199011499
EK202310170654,148.1218027664189
EK202310225211,151.9833171473926
EK202310181404,137.91807876651214
EK202310175856,143.85549205808172
EK202310167250,144.8596967771395
EK202310225198,128.65261080163708
EK202310247108,146.64457925118856
EK202310228244,142.03844595279824
EK202310206266,141.76396564960353
EK202310215876,121.49756554401336
EK202310130596,137.62404896281282
EK202310224249,126.81579583433395
EK202310154491,138.0033171920838
EK202310233669,142.33814572434966
EK202310111293,153.56750938244502
EK202310120077,127.02764153567155
EK202310190354,151.1673485517831
EK202310180848,142.73487262338057
EK202310206991,138.10541469756106
EK202310127954,132.41031407521336
EK202310125079,136.70854387789527
EK202310211424,145.7142155680092
EK202310134279,130.37210076765695
EK202310206851,135.90297087013056
EK202310164397,158.2682414480278
EK202310235148,148.81874191827904
EK202310190060,174.06321635195903
EK202310240587,132.9355739347576
EK202310234152,119.6586103971139
EK202310161209,172.82721947802344
EK202310187254,146.7413027801799
EK202310219785,148.040619881785
EK202310160063,148.2757902210623
EK202310225782,162.39479207102852
EK202310166126,141.38690178717673
EK202310104397,141.89750497133912
EK202310195068,137.05651348990904
EK202310148964,143.95953448785767
EK202310105544,136.2377247756515
EK202310190157,142.06702595535185
EK202310177029,142.41678809580458
EK202310134822,165.87139423236732
EK202310188505,146.33123988440022
EK202310131430,149.89374615537594
EK202310197663,146.46744366906125
EK202310150719,158.34864678272325
EK202310004834,145.05852103180123
EK202310200921,134.1867258006138
EK202320005684,161.66173446648668
EK202310179009,133.80365768600313
EK202310248177,149.80279385700206
EK202310132766,137.2660016187707
EK202310237026,140.37986085476473
EK202310193021,134.9161945341611
EK202310190757,148.8681022659968
EK202310173200,128.37404277132754
EK202310219771,141.3289681785563
EK202310109597,147.37382114282275
EK202310206771,156.92554606457966
EK202310127671,146.10212228337795
EK202310167676,131.01723974918613
EK202310232944,131.4358116589888
EK202310168061,149.02670380120102
EK202310105714,139.4014318340662
EK202310147632,161.8714620394716
EK202310244606,148.5511814143111
EK202310118560,152.1275598723072
EK202310194271,139.86252870822898
EK202310142720,168.102889822037
EK202310166900,165.47977833541822
EK202310164794,159.62952009253632
EK202310115042,148.97317977810116
EK202310174373,134.19345723134896
EK202310214507,162.14776741115787
EK202310223225,145.75819800580499
EK202310107151,132.34995591228295
EK202310189175,160.37017140377546
EK202310161808,124.03855686351108
EK202310121994,132.3050002635312
EK202310219449,124.38748627479418
EK202310136206,137.5809010252597
EK202310111739,143.8892175121492
EK202310229388,143.3352504401112
EK202310224978,140.94695016446676
EK202310149730,126.63012059192297
EK202310163504,130.78093452045005
EK202310156148,135.03301228526698
EK202310150249,131.71006466059282
EK202310224329,139.10022428001704
EK202310147011,142.52261747730978
EK202310192326,137.7997761906967
EK202310245006,143.04250263151908
EK202310224053,137.21991393650444
EK202310228581,136.08552458297143
EK202310113047,142.19289803544032
EK202310149808,147.99407276692602
EK202310175027,123.11520610522467
EK202310234758,128.95905088642243
EK202310175412,143.84773938247102
EK202310132176,158.2859604264317
EK202310205739,153.45970268962543
EK202310153994,133.0891272211184
EK202310200714,149.09399819911482
EK202310247869,144.8021432056711
EK202310186589,135.2100876974545
EK202310145135,152.99410073965436
EK202310193164,161.88423064414084
EK202310222960,138.98861591812596
EK202310116552,140.15797852947577
EK202310123971,168.0871837946352
EK202310113406,159.78332722348196
EK202310234777,142.62574635613535
EK202310109531,128.5625909053273
EK202310186502,139.70559556413912
EK202310190436,133.1356229960452
EK202310198804,172.03558737384756
EK202310188371,149.70864504912512
EK202310189870,161.86596766222462
EK202310179411,143.50163587135478
EK202310233363,130.84121899183927
EK202310104971,134.20679782371676
EK202310191357,134.86501706116712
EK202310172762,149.9553817636553
EK202310199936,141.49111562246733
EK202310153452,132.3700648450259
EK202310160325,147.3096908081128
EK202310240026,123.39822841194008
EK202310134117,124.08114926990515
EK202310214971,133.18147711481495
EK202310210492,136.4590502328587
EK202310200943,147.39543386499878
EK202310233114,145.2030280303868
EK202310209755,139.41325861257883
EK202310114040,142.99472958827275
EK202310231262,131.30000906882404
EK202310196982,145.01437782568772
EK202310168935,145.3254385371744
EK202310209663,133.73453921596055
EK202310171963,170.2360252107273
EK202310128429,141.2721853517281
EK202310243988,138.33904543592257
EK202310131432,131.30745779839518
EK202310170157,159.56029955631777
EK202310135062,164.7202759830396
EK202310180073,159.22839296242626
EK202310154392,163.22959328693545
EK202310211600,138.36040346474965
EK202310221370,153.29501390114942
EK202310135902,144.28570362190564
EK202310248071,139.56557148719313
EK202310140056,145.93623457088276
EK202310113087,146.50003244166328
EK202310140280,151.46207065671877
EK202310231029,138.71216881884263
EK202310003876,128.41242233445797
EK202310110872,153.98055673758103
EK202310110803,140.47273177418393
EK202310234005,136.5080091415754
EK202310195582,139.77161469849995
EK202310216699,119.24930232446219
EK202310161870,146.44386574406616
EK202310207634,147.0502931355808
EK202310154729,136.1256034123466
EK202310119219,142.95347322968877
EK202310216260,136.1053675312237
EK202310241741,149.49520415825396
EK202310127099,120.14519401179737
EK202310142543,158.5624179010149
EK202310159437,140.56801751659563
EK202310139226,138.37437933105454
EK202310145866,125.6238812722207
EK202310240067,158.86075712526866
EK202310242685,130.96731774953784
EK202310158289,143.21230505970755
EK202310145943,153.56993362101178
EK202310196762,158.78571586395543
EK202310141743,174.79059147381076
EK202310222881,141.6592196089014
EK202310170624,126.5758889790775
EK202310139072,152.12258479017078
EK202310168507,143.6504971111642
EK202310141768,158.5466797069501
EK202310111130,130.78436280449898
EK202310217027,149.87874466607056
EK202310224945,155.30959492456884
EK202310188108,151.59504312096567
EK202310200577,164.18477092517276
EK202310152955,145.3010630750271
EK202310184966,157.85296093730577
EK202310133181,131.03955247800053
EK202310209985,129.7721939720724
EK202310195572,139.48134565883134
EK202310199966,127.96062678315818
EK202310109052,141.34270835128785
EK202310173422,147.19751780471267
EK202310216493,146.59261749452736
EK202310234480,137.0370368712999
EK202310239882,150.56136693852014
EK202310151506,170.35929100900825
EK202310231481,122.4353573674363
EK202310173660,119.68031569883304
EK202310124885,131.09671945494094
EK202310226112,137.44615349664352
EK202310169770,165.76712447231404
EK202310112146,150.66864347115828
EK202310126447,130.65594150075532
EK202310197865,157.06163215181397
EK202310144993,132.04590643949913
EK202320007830,134.2658409810082
EK202310134803,151.67816692159087
EK202310247257,146.00384711480876
EK202310189213,165.7980586555278
EK202310163523,136.2362177392656
EK202310177884,139.83072634108478
EK202310168374,136.06248862890084
EK202310181460,142.07639213225923
EK202310164324,141.1268075598521
EK202320006373,148.98264633982802
EK202310240516,152.93687254093146
EK202310106433,153.54001363285118
EK202310104794,122.16024420089448
EK202310179826,145.73521932865873
EK202310220482,130.6026445919106
EK202310144501,181.7666796228385
EK202310236116,149.99360047658007
EK202310143566,135.10500356926894
EK202310244286,150.4572735548263
EK202310117364,140.0602028495832
EK202310182812,141.30626231423787
EK202310165290,142.20697157552672
EK202310175655,141.34607056021048
EK202310191765,139.76599039050836
EK202310175575,137.38706671956345
EK202310190556,123.40091500628859
EK202310109849,119.99634745103256
EK202310125361,143.91445900068754
EK202310117657,125.11187985911785
EK202310166741,146.2694088351674
EK202310152997,144.47975366591916
EK202310197388,145.99575432771212
EK202310131984,144.2469606245375
EK202310219422,115.66548219607914
EK202310121522,134.8516930458968
EK202310175245,145.2897347223932
EK202310195205,153.82586327640513
EK202310108650,135.10610768191313
EK202310181782,136.4535588922935
EK202310115038,151.03170522389112
EK202310158797,123.20716876347882
EK202310170666,152.0544403470511
EK202310168966,128.1876271321973
EK202310214825,175.60139625586513
EK202310120494,135.0832285525984
EK202310220603,141.39718438407513
EK202310225685,133.44899385986244
EK202310223164,132.75872334623716
EK202310162099,142.0050239515481
EK202310181378,160.7516948607873
EK202310206274,155.3610944660842
EK202310245110,125.20526027044993
EK202310149953,153.52484873102384
EK202310200512,140.80291408150183
EK202310195166,126.43090895007552
EK202310181696,146.50184919774878
EK202310246293,141.88251002771537
EK202310112958,140.75591871099175
EK202310144239,140.50240788290586
EK202310112531,126.55401040108582
EK202310215394,154.53735245271983
EK202310214916,147.81251546555188
EK202310135655,147.77137485758624
EK202310234936,126.47502739212656
EK202310216594,142.23921669001473
EK202310221025,132.34493297876026
EK202310111609,141.09606213366092
EK202310213129,150.953570113639
EK202310117137,141.95661821054418
EK202310239490,137.4382123123364
EK202310157671,139.06525175809438
EK202310188165,132.66420792288454
EK202310134859,125.14341531482933
EK202310183908,157.37559200456334
EK202310147406,149.0870010181391
EK202310175129,118.98825290761289
EK202310164780,156.50553098549113
EK202310227743,125.96708089443497
EK202310120706,155.07719004922615
EK202310118366,139.5349864331758
EK202310106692,150.3091323481194
EK202310190791,147.7941158768985
EK202310208607,156.2952239624426
EK202310170692,159.6433598724405
EK202310225887,141.40836689209894
EK202310182352,136.71493128254053
EK202310185880,138.15532919030213
EK202310178297,163.2230716404729
EK202310195149,146.89675322379054
EK202310231610,139.50909662638702
EK202310137276,127.56245706284764
EK202310184484,151.24077040463465
EK202310121199,135.222629208657
EK202310125536,144.81115138372664
EK202310213706,145.15782746850041
EK202310135204,151.5699625096159
EK202310247699,138.77013572078152
EK202310217787,135.75555665039505
EK202310182191,152.2905619325535
EK202310198529,164.99402394168817
EK202310220299,136.12479630733432
EK202310188677,128.58493536194507
EK202310232253,122.93294586729156
EK202310164691,148.67021270112676
EK202310103832,133.3606866433353
EK202310149722,145.6000100423719
EK202310198859,144.21829070988704
EK202310234749,138.13060111904218
EK202310104566,150.26207063284562
EK202310211383,147.8996864309382
EK202310170287,128.91277633957867
EK202310150824,151.36782517465832
EK202310171304,134.26484345316197
EK202310193205,161.53624683989594
EK202320006114,163.07148068551157
EK202310135524,140.49707800318237
EK202310192025,132.18244840707573
EK202310170020,151.934958300834
EK202310198095,158.14432323980236
EK202310105801,146.80860892394233
EK202310177479,138.33251467542178
EK202310108455,156.72109468346758
EK202310165998,121.74024385846737
EK202310122714,144.97639139975078
EK202310164202,145.16499602607976
EK202310226026,143.3409751723061
EK202310223682,149.7201849834021
EK202310116148,133.26734632277876
EK202310210129,158.00832622555114
EK202310242087,149.78299227263253
EK202310116328,141.75508407773358
EK202310217261,147.26517110172077
EK202310106484,142.84336362534705
EK202310157473,129.98250075805876
EK202310198511,141.11591545649534
EK202310217751,134.62884796132997
EK202310168432,156.86517609191796
EK202310151251,142.79116998304494
EK202310120767,140.95103095745404
EK202310127801,157.82484114998024
EK202310118354,132.53344157620324
EK202310209195,152.1161428145158
EK202310172035,130.20717431928225
EK202310114626,144.83078600844036
EK202310144629,145.0852126551015
EK202310185061,153.53586532846563
EK202310174592,129.13278752110122
EK202310164708,175.58952057970697
EK202310149304,153.06352026909227
EK202310170289,150.88597946306493
EK202310213861,157.8112729714635
EK202310126098,132.78468219581163
EK202310133915,140.20514720494901
EK202310148594,121.50435909206506
EK202310116687,142.3765077965495
EK202310171866,146.63328860385903
EK202310147735,139.27916579466816
EK202310105679,170.86210931859344
EK202310248635,127.01752668807354
EK202310139369,146.88774151312307
EK202310105974,154.7870335609868
EK202310104978,141.80605711458796
EK202310174467,133.09685224676014
EK202310124199,136.40127656084314
EK202310135676,136.521805502706
EK202310146763,124.34764736894414
EK202310205937,126.67988508183214
EK202310135445,168.00862357279675
EK202310109193,145.31585547309564
EK202310161169,149.48081284271538
EK202310204092,156.33873881559717
EK202310202680,137.60496688592636
EK202310172794,145.41299511879816
EK202310217791,133.8419033770951
EK202310158468,159.75749370616364
EK202310149937,143.01356385813955
EK202310166789,130.04998515530468
EK202310159167,138.8621860893932
EK202310125029,143.1066784976739
EK202310203531,145.82555356416137
EK202310181665,119.34541556009552
EK202310142148,144.6496077780739
EK202310166843,148.2860479756365
EK202310161022,129.89173925618312
EK202310118997,139.28928520285106
EK202310239449,138.9255851124978
EK202310210440,147.74866258771985
EK202310205614,139.48298380764064
EK202310179227,135.27588425143074
EK202310143023,129.89293385081208
EK202310178605,143.40502060199447
EK202310151926,151.46570984186678
EK202310205156,162.77102465411818
EK202310227477,159.33133407397386
EK202310118582,145.80467267129143
EK202310145669,156.9556465134963
EK202310181578,162.16525124796655
EK202310193806,156.69287433911893
EK202310233863,143.83161862338233
EK202310111982,133.85028194621125
EK202310228092,148.57955662376781
EK202310117791,119.98993429394896
EK202310174095,154.3189143942661
EK202310199167,129.73025768388464
EK202310147864,144.56607136976842
EK202310136545,141.6537648997566
EK202310004781,116.0703202822236
EK202310110648,126.38452996455999
EK202310187608,139.2265830805528
EK202310212121,128.8000331122236
EK202310200654,137.1370664221495
EK202310110670,120.9828595874384
EK202310148332,147.20534598299113
EK202310198602,131.26517254525592
EK202310162570,147.50756328414056
EK202310105840,145.67709540941894
EK202310216931,150.47951128182223
EK202310152841,171.81447700521875
EK202310107705,152.17789969620344
EK202310178316,149.31078038953353
EK202310147750,119.50961067601985
EK202310110434,137.20455689149347
EK202310219134,124.43262986794143
EK202310207502,144.86837021783833
EK202310137524,150.80942284220862
EK202310237806,125.92883142979292
EK202310248546,134.6702445820959
EK202310246510,154.57222705232195
EK202310215312,149.5208038039233
EK202310135935,128.87204284318548
EK202310246337,130.98532862995745
EK202310133292,135.9221647936281
EK202310208105,138.41380534862992
EK202310221927,148.49900218016217
EK202310185220,147.5364989288809
EK202310195012,147.6113343887046
EK202310220382,133.23326407055043
EK202310228071,131.33853408330202
EK202310139303,156.1427947435422
EK202310146446,141.00339732991534
EK202310113629,137.99292432408765
EK202310121125,137.93745877031392
EK202310179172,150.10439389491566
EK202310135030,172.40113832817394
EK202310154871,141.7127444459562
EK202310104446,138.8007338536533
EK202310112990,139.6929032674479
EK202310189753,140.51804274153
EK202310239147,141.12104079409576
EK202310170148,162.63567508467796
EK202310227849,157.2783560670697
EK202310206204,141.66769587060713
EK202310160122,132.44019862850578
EK202310131964,133.23089396150797
EK202310111949,136.25518255022854
EK202310122396,121.8708310111667
EK202310187780,140.47121492678514
EK202310205438,135.2529212378042
EK202310153038,178.18824341883814
EK202310152163,160.59696220620486
EK202310192310,132.17340603554604
EK202310174795,158.15801633715424
EK202310193009,142.5987686557276
EK202310150434,150.85486052286032
EK202310118338,125.90426217729907
EK202310197441,155.02651311068956
EK202310142091,163.47893418368534
EK202310117239,133.77818001241877
EK202310179745,149.36773830886128
EK202310219687,129.18411494263796
EK202310176027,152.63780160379483
EK202310104893,128.9907894211198
EK202310227192,148.15920740432145
EK202310146856,148.18775968466596
EK202310107173,130.13687323143822
EK202310211813,128.29656276115742
EK202310188253,144.24381958878445
EK202310233335,129.31062580552108
EK202310217329,150.237523952928
EK202310155219,153.9674546831943
EK202310157321,157.89682024267574
EK202310153713,149.71499274064556
EK202310120830,159.67257904531948
EK202310229321,147.45379953595662
EK202310130365,148.99587721419658
EK202310202308,156.84937324493993
EK202310203388,164.99146599646832
EK202310185835,139.3413900926069
EK202310188805,171.65824205551388
EK202310159594,156.85487765044866
EK202310147573,132.93889955573246
EK202310190109,152.15989108330817
EK202310180140,144.49039934915268
EK202310149775,145.839782159736
EK202310238274,153.7374866116009
EK202310242923,131.69921742867845
EK202310107321,114.85099584828743
EK202310204141,122.19122071464695
EK202310219133,143.07801485659803
EK202310139067,170.1684847662009
EK202310140520,140.38797502689198
EK202310248527,139.79499570847995
EK202310003682,133.8401940411989
EK202310162432,151.85910690746613
EK202310179950,171.65766590287137
EK202310240868,147.98781486433407
EK202310116267,153.57784239577785
EK202310221765,129.73877337361594
EK202310173563,119.20286283823992
EK202310143455,126.51486116398098
EK202310207343,138.11877063894102
EK202310217689,125.61784247830238
EK202310146102,131.30131897792904
EK202310168973,129.87595133387146
EK202310222519,118.06697392443772
EK202310129680,140.47432558349666
EK202310178200,144.98954321817052
EK202310170870,141.11953872501758
EK202310126872,159.4397734524353
EK202310148891,169.05680806935254
EK202310173852,152.00964256707968
EK202310125523,129.26638300707407
EK202310159491,153.43195079773395
EK202310157366,132.22533183608414
EK202310178992,135.6536958401663
EK202310143866,140.0547526558734
EK202310152326,137.66603350100226
EK202310202864,157.81602102987395
EK202310218888,143.55232895088423
EK202310209358,126.32101499214875
EK202310227775,144.7360134007721
EK202310186270,150.41130757829922
EK202310203414,151.57586383908017
EK202310225866,149.68114676760217
EK202310234055,139.31044579237266
EK202310129825,161.86567855253048
EK202310209772,147.06601869872412
EK202310182146,155.3300597809245
EK202310180456,152.48952219344773
EK202310182353,152.16570053307348
EK202310199926,126.861597118041
EK202310226078,132.58260187304788
EK202310212125,138.18183527831428
EK202310149668,148.5239219150749
EK202310234903,132.41593764248816
EK202310205875,131.25722039776326
EK202310157799,149.738516310744
EK202310211749,131.24744801700945
EK202310224314,152.93396545997655
EK202310124274,131.63016642609642
EK202310127800,159.39834909783596
EK202310238415,135.52154508161775
EK202310229891,149.58488820358852
EK202310145946,139.71407219113496
EK202310181109,147.11371169259553
EK202310147129,156.39447711011513
EK202310178177,156.89241283747913
EK202310113395,144.4693295058507
EK202310217919,151.50837327606982
EK202310154751,144.85684675873776
EK202310130965,154.92145038202514
EK202310190874,141.43048478447847
EK202310195521,149.19273420966493
EK202310201613,147.62604329240554
EK202310214697,155.91609716797953
EK202310191560,152.73116220307475
EK202310121406,143.92522179580558
EK202310114089,137.94411683240725
EK202310159340,129.0715151821994
EK202310113700,137.3224676457566
EK202310126654,125.73908177679729
EK202310144476,147.45526792164412
EK202310131321,130.93002991171522
EK202310187814,134.96990880493675
EK202310220881,125.50206716200367
EK202310189638,167.2339648809404
EK202310178407,154.79075243386686
EK202310180651,160.60262367416053
EK202310239749,125.73886316467382
EK202310171046,125.22708976309177
EK202310164907,132.2029616904885
EK202310147112,161.99851979308207
EK202310181779,145.44534580462917
EK202310177716,154.45541268321142
EK202310211440,140.56222295451948
EK202310205701,152.24351968581036
EK202310116151,116.23941131431289
EK202310183859,169.0338999068946
EK202310135998,154.5650568415092
EK202310201975,132.54187426485274
EK202310170925,124.90972183446705
EK202310104593,136.56591649362346
EK202310110432,132.2376215119951
EK202310129862,138.47119849661684
EK202310189525,152.7668036198644
EK202310111229,144.14569407623543
EK202310188865,143.2021477690986
EK202310146283,138.83680835047204
EK202310178823,164.40600677480552
EK202310147049,136.2969456544148
EK202310221900,141.65110317592428
EK202310182664,161.36497943511768
EK202310115895,122.39032848953006
EK202310137882,131.40997546582838
EK202310142987,156.3422606802189
EK202310230693,140.41876397408447
EK202310105910,127.01214210226888
EK202310176888,136.4741529453337
EK202310179407,145.61612822802692
EK202310113511,138.57014420092662
EK202310226410,143.53324567270082
EK202310194828,150.07152419537715
EK202310209526,160.4641269259171
EK202310232266,126.25442209549755
EK202310190901,152.23824053049748
EK202310120320,145.81701993361182
EK202310109391,143.3759877163364
EK202310126276,140.1922062965092
EK202310223714,129.56160625650045
EK202310211517,157.3444381219867
EK202310110636,132.16489901306204
EK202310235623,119.53407863600214
EK202310186004,149.35954000660087
EK202310004261,138.14067295322525
EK202310193375,154.1703017322019
EK202310218449,120.59171084005415
EK202310179058,148.48692222923083
EK202310133795,127.31996102847762
EK202310164408,137.4204141440862
EK202310159492,153.8166381403051
EK202310214283,143.73961035394797
EK202310133551,155.349940292002
EK202310190061,153.2055391286617
EK202320007557,156.24873817450643
EK202310114241,134.2658521795113
EK202310203894,151.25996458310766
EK202310186487,141.29237186099445
EK202310004631,140.73151897118012
EK202310172845,138.30065907016564
EK202310124858,130.40162270740282
EK202320006937,149.06014215290267
EK202310164626,148.5840941186317
EK202310109948,149.01495651484552
EK202310112053,141.7303512467576
EK202310184712,134.28457273332825
EK202310122821,156.8768149699698
EK202310179754,148.87120380759316
EK202310230071,147.9470512511193
EK202310169385,153.27286250006864
EK202310205297,133.51399524906995
EK202310176789,144.57942704706187
EK202310234641,129.50987782490364
EK202310216672,149.83112180856958
EK202310218187,153.6486570697374
EK202310163653,129.84849065571845
EK202310173938,152.404283845908
EK202310144779,134.88445182824134
EK202310105452,129.07705999770755
EK202310203289,136.24437047081233
EK202310244916,147.7445606306823
EK202310212913,150.53203551909175
EK202310195593,146.4638812512069
EK202310109392,149.6287817171626
EK202310239794,152.92823588819059
EK202310156466,142.49507505363948
EK202310234091,138.2877969089351
EK202310202246,156.33590582482347
EK202310208070,125.40524947805073
EK202310199529,144.84031534641613
EK202310191597,138.1799056249248
EK202310232873,148.71972766795022
EK202310245305,152.268209539423
EK202310196018,157.69770688795484
EK202310205608,144.70992626301074
EK202310211776,144.29921116713606
EK202310219819,129.5799867846173
EK202310152910,171.07999925737627
EK202310244549,146.80368966626006
EK202310123421,160.74035588495963
EK202310205600,152.92284972778958
EK202310219535,134.54155838200404
EK202310247105,151.7720594529325
EK202310223625,151.28737883716983
EK202310135177,155.60137253164612
EK202310167858,152.43741495025057
EK202310193232,126.55778783281964
EK202310144624,128.13033640700004
EK202310132627,144.0298329604557
EK202310213967,165.7951412291409
EK202310236061,134.7678035790222
EK202310177659,169.1886449661824
EK202310145236,161.78410850253223
EK202310118399,122.86016456081296
EK202310215365,145.2621726466451
EK202320006049,144.06591904291233
EK202310185900,137.39468318039698
EK202310133957,158.00419899971251
EK202310234170,120.73927537919954
EK202310126261,135.037120852056
EK202310118103,167.28805194746826
EK202310118678,150.4455002423812
EK202310113678,142.2950712319058
EK202310111849,147.9350669313121
EK202310218593,134.6136443597896
EK202310145457,119.98044399799709
EK202310174907,160.72734684544665
EK202310004460,140.2497052059748
EK202310194109,146.6339846318866
EK202310108378,121.9415852548588
EK202310200664,145.26871335992806
EK202310167993,126.90810091895219
EK202310157089,168.70401825606118
EK202310210287,147.94871104862708
EK202310148250,143.96381637177242
EK202310207303,151.87923143407951
EK202310206507,151.3635560201134
EK202310243704,150.24081442711162
EK202310179019,128.7466364125648
EK202310243866,161.3732893205959
EK202310137648,140.6706150647035
EK202310173887,141.77350714403383
EK202310235491,163.17734174802524
EK202310212645,130.38753674837733
EK202310190281,151.26664052277027
EK202310220934,136.11907510887337
EK202310230719,135.60260430839617
EK202310201074,132.01699625270115
EK202310178051,143.08414343184168
EK202310181204,135.02586906129633
EK202310135829,141.81344437873952
EK202310170445,139.70628679374917
EK202310238141,137.08492120243244
EK202310135822,143.11030098914122
EK202310227546,141.62452532434386
EK202310140976,138.32158611619948
EK202310246668,151.7829892288308
EK202310105632,135.56453832194214
EK202310109270,143.504115767225
EK202310131782,139.92020165167483
EK202310233567,152.51623540133943
EK202310161598,146.4424530369449
EK202310110724,143.01888686093642
EK202310229148,154.88490336342375
EK202310159146,153.38173180391465
EK202310195696,151.09210289493262
EK202310117218,137.90396687017187
EK202310205895,150.3967515389549
EK202310194401,138.80739974995635
EK202310126710,155.27544139875195
EK202310152278,157.86569260396772
EK202310190916,152.75294322476273
EK202310110549,125.75241909783804
EK202310177514,143.3138810270762
EK202310175686,153.62659964116614
EK202310223432,141.9560424097511
EK202310244466,148.33592580565974
EK202310134231,142.88079897265922
EK202310236274,139.8645660703296
EK202310195863,155.3205211508248
EK202310241144,153.30387065393256
EK202310202269,150.27009798157945
EK202310231316,143.22633105312045
EK202310211605,142.62284980767316
EK202310200954,157.716491856916
EK202310224489,135.1098130959283
EK202310165476,138.43425365403274
EK202310204173,135.11815397803684
EK202310178369,134.84245810052877
EK202310170774,128.43891785843363
EK202310205764,143.18901944249492
EK202310236659,145.95025129935448
EK202310170743,129.54362117653315
EK202310136793,142.0813797231889
EK202310187675,150.32945773500788
EK202310156962,137.24855233568863
EK202310216942,163.3840818594171
EK202310168321,137.9813440396666
EK202310243793,134.7856870422447
EK202310235437,139.94261131423679
EK202310118510,156.3854574439618
EK202310139337,160.8023395515849
EK202310120961,129.7193088980291
EK202310214076,150.77610781559986
EK202310241228,143.398522607169
EK202310212101,143.37710567720077
EK202310199696,167.29820456543624
EK202310163542,142.6832838674522
EK202310232836,138.3053731574763
EK202310189334,147.9298723883083
EK202310239101,138.1284705493019
EK202310156523,148.42108298202726
EK202310201002,148.6094886855216
EK202310003364,135.59393477702898
EK202310179389,139.30306392147529
EK202310163130,125.58255210512326
EK202310232481,118.040373212807
EK202310186459,142.9460804393522
EK202310164481,130.20023964207996
EK202310169941,155.7153237468879
EK202310131128,145.06093312320647
EK202310228174,130.1713829616701
EK202310173249,146.9180274643886
EK202310202077,148.7004593122522
EK202310225477,150.00316593388033
EK202310247572,135.98371808318905
EK202310181799,147.19410766392943
EK202310119740,141.16411322392022
EK202310131395,137.61749384657375
EK202310224529,126.31814107681592
EK202310156156,147.6503272814416
EK202310200552,165.84728266603534
EK202310169146,142.9104587133934
EK202310143038,142.75660985686102
EK202310170406,126.19350367725966
EK202310200533,164.8478663421796
EK202310119387,140.29451594355174
EK202310202355,128.0279937741971
EK202310225013,132.21488925977064
EK202310214250,156.49906787153603
EK202310210556,143.33876465768137
EK202310201139,157.04394647121882
EK202310130429,149.67234187354478
EK202310224863,160.2081717232236
EK202310153482,118.8625859296278
EK202310241062,144.2688627082522
EK202310164485,132.77460404480166
EK202310245636,138.7438903930127
EK202310157534,131.47343529603478
EK202310229118,131.0290069804908
EK202310171426,132.00516609525792
EK202310210127,140.81852547107087
EK202310111733,147.34308877460822
EK202310141203,129.188216585676
EK202310232387,144.42582877232866
EK202310188639,131.920806005302
EK202310190835,154.67326708257124
EK202310201801,147.08716684604812
EK202310175974,157.53826075764778
EK202310187326,134.8019224458513
EK202310212155,129.84184384387623
EK202310151022,146.97272993815255
EK202310211125,144.86683819725297
EK202310219268,130.82938261537052
EK202310110245,122.2823293869375
EK202310238069,131.21835053549503
EK202310199559,146.4825385943023
EK202310167739,132.2362758078561
EK202310142979,133.80769559479165
EK202310191202,140.20472957602743
EK202310144654,163.6488160735259
EK202310224039,137.7470855052087
EK202310150921,127.81830466707453
EK202320006004,161.95935283206043
EK202310108116,139.69041941826242
EK202310226608,141.4581514851946
EK202310237947,137.57317234241432
EK202310245724,150.22239306227337
EK202310216589,131.03584621335366
EK202310242883,141.0688893745483
EK202310192702,130.5354921916197
EK202310168445,132.79619898830578
EK202310205542,146.6924193224476
EK202310150929,148.37553121620596
EK202310173039,127.11045650077949
EK202310139742,147.57716470223102
EK202310138564,141.3503404508095
EK202310145764,141.54819874553414
EK202310148134,152.21639629859348
EK202310180451,136.404900633688
EK202310149802,148.5262867576604
EK202310247608,163.3771699502107
EK202310130999,139.86815410342322
EK202310141610,141.88986389975761
EK202310224015,150.35917831446943
EK202310229698,146.17597418665633
EK202310197753,150.26669152683382
EK202310152255,151.75061733458674
EK202310133838,168.39616833747755
EK202310192249,175.032432963177
EK202310195834,171.05506441031497
EK202310186510,140.04038158400175
EK202310177054,143.49948994381396
EK202310107524,159.41867340980838
EK202310128174,153.57256945502715
EK202310187413,150.58747403954365
EK202310234580,131.88877650400542
EK202310104409,153.86016213037826
EK202310125276,133.2466029242276
EK202310113893,147.16299818925998
EK202310179353,139.1611056310891
EK202310240438,151.48786207787185
EK202310229420,151.43864944597095
EK202310116112,117.64873339093869
EK202310117942,136.29649883322912
EK202310163339,126.78095396014443
EK202310166509,128.56362507400837
EK202310185556,130.078560917617
EK202310227524,148.97399845011222
EK202310109010,168.29957752349554
EK202310183425,116.17509705942068
EK202310191714,172.77483295919393
EK202310155039,139.5269443793593
EK202310169140,165.6391639248882
EK202310177573,144.24472009895615
EK202310170318,139.46127513161625
EK202310207697,142.86847151742128
EK202310199740,151.9300207223322
EK202310149864,147.21061326134432
EK202310150264,148.2319755113416
EK202310189933,132.22194498153087
EK202310218127,140.98323188197446
EK202310108083,143.98886621773363
EK202310154872,155.86667327787208
EK202310160785,144.99796049450518
EK202310206282,149.06304475883184
EK202310124253,131.69493343762431
EK202310196633,136.5446108118896
EK202310105966,136.00615286207247
EK202310141033,166.69343361579686
EK202310197213,134.75432663341368
EK202310206024,138.17574596111245
EK202310113110,126.30054210944598
EK202310114366,132.09713987938247
EK202310133810,148.00382009153537
EK202310135192,147.57622635905213
EK202310233334,127.07946046734394
EK202310148079,145.0142628646069
EK202310109276,142.5124287286003
EK202310124568,142.85643895955303
EK202310162273,134.36544065119898
EK202310126242,131.2917220813714
EK202310106288,141.60736187272462
EK202310190761,154.71349572264742
EK202310003653,138.96165394213625
EK202310111116,134.68222605087124
EK202310193002,151.28997027921565
EK202310107463,134.63151227272027
EK202310237608,146.56290577511737
EK202310213418,115.25194411918751
EK202310204153,141.90827455912455
EK202310104707,146.44365609576766
EK202310238820,138.84729886064133
EK202310141697,148.2399225761299
EK202310178269,161.36824396383187
EK202310229367,135.41364617581323
EK202310172017,175.42465954218866
EK202310223139,136.42745970115521
EK202310125096,134.11873211896096
EK202310143070,153.22102580178057
EK202310234470,129.2741798302992
EK202310131911,131.97605423381407
EK202310176053,155.65622122880728
EK202310158201,144.9663284035658
EK202310113896,145.40661108052518
EK202310217246,131.24249522237326
EK202310202878,150.85720491787336
EK202310179418,166.81289878384345
EK202310106198,121.99461706268373
EK202310130287,157.76657121021498
EK202310203618,130.8143757428839
EK202310144069,133.53505507330306
EK202310225997,173.20159564674222
EK202310137087,140.33758003329518
EK202310114093,155.90050751485535
EK202310125025,130.15814377995244
EK202310169960,147.21716049118336
EK202310211027,146.40618577316485
EK202310156374,153.4049872464827
EK202310184239,138.1858316627343
EK202310193887,151.47840321281765
EK202310169120,136.7658148927283
EK202310214116,175.78447764346652
EK202310004097,131.79844046986665
EK202310156682,136.92842299165244
EK202310154604,155.0131362447453
EK202310218245,141.85063657836577
EK202310224853,119.12142577244917
EK202310164480,138.46780241434158
EK202310130017,145.33697821439998
EK202310142314,138.48432192508025
EK202310104271,161.85403634602366
EK202310245758,138.31564605096267
EK202310229784,139.83113120380244
EK202310110502,151.06194514603587
EK202310121032,164.81952637424672
EK202310233632,153.9746072096218
EK202310126266,132.65962612081614
EK202310109825,128.49074890634097
EK202320007054,145.69770899758225
EK202310166953,143.2416837643043
EK202310227160,149.65111958620258
EK202310215524,154.01696093076774
EK202310221415,159.4853800663842
EK202310224669,129.03103557562645
EK202310182834,158.9160734067707
EK202310155348,138.01672242078598
EK202310186571,158.5741227255277
EK202310130542,136.78077151788594
EK202310108675,135.16846378333832
EK202310147107,150.64044010324324
EK202310175270,135.41518685202416
EK202310223760,134.70429461053843
EK202310124746,112.77467051753688
EK202310170040,164.47149293232096
EK202310004065,124.93156574741643
EK202310221363,133.63065385005092
EK202310209500,141.72987296667335
EK202310178304,156.78307256430904
EK202310133005,154.23481857942284
EK202310120850,145.78838191183885
EK202310213264,143.8882266534144
EK202310149096,151.99221227642263
EK202310177683,134.65757613716536
EK202310242597,130.29510708219817
EK202310177919,152.77216644026822
EK202310134733,144.33195502284576
EK202310181823,145.58382231158632
EK202310136672,146.0563608606824
EK202310151585,147.33174669181366
EK202310117995,128.1604025850351
EK202320007252,161.67293785036662
EK202310231786,129.45122323404098
EK202310241673,136.33974987493224
EK202310161732,169.7721172547483
EK202310161656,169.2910698930296
EK202310212063,117.46919222799559
EK202310217895,154.88550554110384
EK202310138774,138.28809397886707
EK202310126590,144.26031714056853
EK202310123141,134.80119761625508
EK202310224982,129.4215446157853
EK202310206262,151.0555434951361
EK202310139370,140.91618258602335
EK202310224820,139.87860915618856
EK202310130273,161.37797762077489
EK202310133523,145.00142208546833
EK202310239621,145.47712232661823
EK202310190678,152.45935533169143
EK202310125061,133.68537955047196
EK202310234940,138.49762521475242
EK202310178076,134.49318898962903
EK202310153610,150.72970201171105
EK202310179234,163.7343072155415
EK202310159634,138.66110219268103
EK202310186548,140.61897554472597
EK202310135839,167.494949407322
EK202310136969,146.89540199046266
EK202310145737,156.45687169608573
EK202310164062,142.40853657379685
EK202310237524,132.3882359330266
EK202310225600,136.36159101654184
EK202310130766,151.8816068548597
EK202310198060,123.25308291046588
EK202310202900,154.657788899002
EK202310180295,141.9421321820527
EK202310161819,145.2190530561528
EK202310182490,142.75770946515215
EK202310151915,143.5460756723165
EK202310114135,153.96311799602222
EK202310155620,124.09716407821631
EK202310156539,161.0045471963596
EK202310164137,158.45340603499088
EK202310172602,151.26684772168386
EK202310161051,159.95153681893726
EK202310225217,168.3173817928812
EK202310220749,125.52779206704179
EK202310135024,164.80465141508455
EK202310236167,133.98478644944774
EK202310106428,129.16602274423096
EK202310191224,141.40126015352106
EK202310126171,140.29528162379572
EK202310152423,149.86147607384459
EK202310168273,148.66244164787688
EK202310129168,149.8768224577554
EK202310176927,152.26895523947252
EK202310172428,159.79360116626307
EK202310181185,151.33997196934556
EK202310004161,142.208471567849
EK202310221234,131.4390105919907
EK202310161711,159.70709282993107
EK202310240221,150.42572387413134
EK202310222828,138.39721999338983
EK202310210279,133.71347053586007
EK202310170097,142.90609066255018
EK202310188723,169.41876327868894
EK202310166478,163.98857702980314
EK202310221027,154.45932311487084
EK202310114979,143.8845453688288
EK202310242042,133.95120735293028
EK202310140021,126.90716705013071
EK202310130000,157.96351035873542
EK202310186640,141.55568043176385
EK202310004760,127.27673020639708
EK202310122844,149.63768403301012
EK202310153842,142.84332753069359
EK202310177802,132.77880796765476
EK202310004581,132.42860453237705
EK202310246710,142.58116479219532
EK202310113952,148.7754590355067
EK202310151035,137.45747963026284
EK202310216428,122.11265104774479
EK202310144070,165.26476012771022
EK202310169605,127.93885177943947
EK202310159620,132.96137470465743
EK202310105550,135.70795959083546
EK202310240970,131.09247147536894
EK202310182151,134.94408461715284
EK202310231587,145.51201782576305
EK202310118075,131.65889380476438
EK202310133019,143.17373927578166
EK202310206992,145.55960622109762
EK202310220008,126.04984245995655
EK202310234156,118.01372786448344
EK202310162641,162.0114167725722
EK202310142907,129.15546375906104
EK202310154115,130.8187079857821
EK202310130815,132.44099630687873
EK202310150846,126.61738718037361
EK202320007669,158.63245410452998
EK202310227486,147.27822762917717
EK202320007572,157.1600212673612
EK202310137639,126.28972458169444
EK202310103836,138.70886171346675
EK202310202037,164.30673376272972
EK202310223420,140.36111219947074
EK202310185672,138.70991525049618
EK202310229956,149.24924631139024
EK202310183246,144.45292265288347
EK202310138498,144.6138943748796
EK202310191631,146.27180044815927
EK202310197089,144.34017034274598
EK202310133822,107.77273728675766
EK202310245494,150.37026623053384
EK202310207684,135.07184953655718
EK202310170631,138.72635530272694
EK202310230054,127.35765096464172
EK202310229119,152.01147118290407
EK202310162261,148.1001035628584
EK202310134206,155.18321170471876
EK202310126114,131.7496678216517
EK202310202130,149.47801348504896
EK202310201610,144.62660593376975
EK202310140475,139.59759131732562
EK202310134356,148.0489055395734
EK202320007186,168.2265325796824
EK202310120790,136.79680573351214
EK202310245157,149.11701411323014
EK202310208016,142.70822768603668
EK202310174476,133.54007998485966
EK202310188403,150.84966919891352
EK202310142082,148.41766896260253
EK202310126792,128.37379554055912
EK202310182973,137.40309071160002
EK202310236318,133.48325666698045
EK202310191185,146.1118212907546
EK202310135600,143.18590952556633
EK202310212912,152.7769740014343
EK202310109044,152.51164183803988
EK202310220665,150.53984809543658
EK202310209857,143.19722133224317
EK202310136210,147.77869993910835
EK202310241948,155.07035615547107
EK202310147383,138.03112031531802
EK202310119158,138.03125647469972
EK202310225656,133.38929128538857
EK202310115771,147.97302817400964
EK202310115861,135.8406743247306
EK202310156104,144.03910231516699
EK202310168339,122.66791610108926
EK202310186770,141.43643405213436
EK202310227679,146.16498596346025
EK202310198604,143.96472138030774
EK202310126896,162.67610318838615
EK202310119992,134.1109623138706
EK202310194849,130.87391584274744
EK202310224912,141.55237082769398
EK202310163124,131.29963367567368
EK202310181144,160.86215864301556
EK202310147897,138.90250499029202
EK202310177921,152.45216327396918
EK202310199607,152.39348242259538
EK202310172680,128.75992107863462
EK202310129543,146.4374078847801
EK202310161704,152.95864176267608
EK202310193784,135.17155745266524
EK202310243291,147.693215647525
EK202310208991,144.75072424759816
EK202310140086,137.54437536440352
EK202310136481,131.91487662176317
EK202310178220,144.834695348247
EK202310210109,159.86293660042216
EK202310128687,149.99577073095057
EK202310213632,143.79084270805996
EK202310215453,161.97802028097007
EK202310235764,134.36175408163862
EK202310216758,163.36319512982388
EK202310163056,154.404657569722
EK202310125899,144.6251439023224
EK202310180181,147.68791736000526
EK202310224630,142.67165381450303
EK202310118929,154.99258276845433
EK202310178808,155.58949929502108
EK202310234570,133.528204979442
EK202310127428,145.24755177893036
EK202310213472,132.424101753811
EK202310192759,132.48529347736618
EK202310210638,140.14101512551
EK202310104955,131.1013176825248
EK202310124793,121.06582784958036
EK202310154265,139.5556373453895
EK202310136853,134.6715572632901
EK202310160020,133.71137115208094
EK202310129715,164.8348881075334
EK202310208844,162.85281344056057
EK202310165769,152.86150329669078
EK202310119276,159.4648481358623
EK202310155853,125.60333672727768
EK202310148019,136.41153733510856
EK202310158588,150.91073829280288
EK202320005915,160.66217946978955
EK202310139760,140.61476795744906
EK202310235740,140.75745911079733
EK202310163003,158.34503825918287
EK202310166151,136.8602973571931
EK202310205151,132.73373465642808
EK202310163809,129.74018688510014
EK202310195046,139.23982720339546
EK202310190606,133.91048077232006
EK202310201185,161.38814041303468
EK202310244204,127.03048755686011
EK202310221873,131.86295442972042
EK202310213079,134.46486945359425
EK202310167878,136.66982989560228
EK202310108748,147.15600461250796
EK202310231105,130.17864981500804
EK202310162450,132.57949684593734
EK202310106681,133.34490500267458
EK202310175585,144.40770848834575
EK202310216131,118.44819206274911
EK202310247112,136.89834258510248
EK202310133778,139.56151620929927
EK202310226737,154.82296243664058
EK202310149352,161.8165480890994
EK202310125918,143.1438120723358
EK202310163682,134.24616859733706
EK202310189571,162.59680795566013
EK202310128706,138.59811172578338
EK202310227554,142.25876219541516
EK202310149106,149.22598301105813
EK202310200290,141.63177874825692
EK202310192844,151.6037749567537
EK202310229985,124.28061511499826
EK202310196907,145.3670262348536
EK202310148131,148.40430001218934
EK202310223289,137.88115115696277
EK202310169529,127.76140227077006
EK202310169806,157.90643515808748
EK202310212585,140.5053650367275
EK202310196857,156.6884230691757
EK202310190419,142.7089641422997
EK202310219008,134.81734965489903
EK202310142486,139.8997723804534
EK202310192709,165.64830060204622
EK202310182822,131.5872167326084
EK202310136899,142.66148921407844
EK202310115463,143.96357862691195
EK202310146582,147.75299239112059
EK202310132422,142.14389136807566
EK202310112592,145.16591365709607
EK202310226203,148.49280803009617
EK202310121586,148.53369549726474
EK202310181107,155.33105006773005
EK202310213474,132.88399032548344
EK202310138830,156.72767678578876
EK202310168849,120.70247854015933
EK202310229317,134.0670179223771
EK202310204390,119.89951054292254
EK202310192992,145.80592126792365
EK202310152280,147.23869988259187
EK202310155151,155.11632486941332
EK202310174087,133.29694400473673
EK202310212165,129.47924988218148
EK202310152752,148.8498414603042
EK202310168592,135.86509574583775
EK202310191895,142.34608680711025
EK202310200059,124.26156358882334
EK202310243745,127.40758765567773
EK202310158852,152.09359075896452
EK202310157579,150.6403484373519
EK202310225059,137.64342237378082
EK202310183337,139.77023981153977
EK202310198264,130.22286532014886
EK202310114412,137.676234241254
EK202310227155,141.05227735774693
EK202310234975,150.51615730679094
EK202310197349,138.80122446062904
EK202310208018,147.50968035341782
EK202310200505,134.36692488182504
EK202310115897,130.00488443022752
EK202310202707,149.75514269314974
EK202310207442,146.1380075417581
EK202310185479,161.52784722059383
EK202310237037,164.77132314430477
EK202310136200,142.76038778306594
EK202310154113,144.18955209140483
EK202310114492,134.1013891170442
EK202310176297,158.42060409072167
EK202310107640,116.8734520242803
EK202310209670,135.67445721566904
EK202310105256,163.62667451139393
EK202310108117,154.70657265334805
EK202310214550,130.25584105826633
EK202310175559,141.59426939467275
EK202310148239,133.5466199346786
EK202310181548,130.5371434898673
EK202310216342,152.79627870906504
EK202310160035,130.98469561825894
EK202310168843,149.32240783882244
EK202310131732,154.34760910579777
EK202310209477,159.24899145533482
EK202310237971,157.32563620057203
EK202310129891,174.877318579667
EK202310171726,149.65103698828844
EK202310229665,136.5893162334652
EK202310204967,138.55507990634518
EK202310174899,124.78986218908496
EK202310116238,150.4864602331022
EK202310114560,138.06189970231085
EK202310238506,135.5505230114086
EK202310234905,126.51625824515989
EK202310229020,139.82493345246854
EK202320006240,165.37785133428363
EK202310142292,150.56136069787186
EK202310150080,165.6982271671543
EK202310159478,136.5424000133635
EK202310158699,151.98138947586682
EK202310245027,153.51877733628908
EK202310152722,127.16230133778214
EK202310233081,134.00605164565934
EK202310246556,141.2688606386463
EK202310105650,130.51944708929537
EK202310190838,140.88967307634846
EK202310218394,140.68662931849298
EK202310118154,132.90342685152257
EK202310131520,156.53603152113843
EK202310139487,136.4997169097129
EK202310146562,132.15328438673427
EK202310205269,163.67725700890165
EK202310139486,152.35419947213518
EK202310106738,147.61737291619457
EK202310196849,123.60150111864982
EK202310181949,157.2905123839266
EK202310201469,142.3887554364258
EK202310163916,139.11014324697467
EK202310221312,165.54338864931262
EK202310138582,158.0746861032323
EK202310135507,160.72065744399814
EK202310179372,136.80207849184268
EK202310004219,138.22951130221676
EK202310158089,132.41735892338673
EK202310150765,141.39659632188256
EK202310191391,136.8802150666214
EK202310112611,142.07711154899192
EK202310107389,146.56339447628483
EK202310233851,137.9136934850196
EK202310151219,137.06223336342106
EK202310232601,139.22890866662652
EK202310202073,145.78799857326067
EK202310225289,135.19638597644374
EK202310166576,131.30170863162616
EK202310224067,135.39318942548203
EK202310136837,141.15114321832456
EK202310177674,139.73365881906702
EK202310246493,148.39405940345335
EK202310183092,147.92621970558397
EK202310109401,147.72464569399017
EK202310145629,138.39141397755432
EK202310130973,127.16495751195612
EK202310208348,137.60599745789992
EK202310184342,136.8143770545742
EK202320007150,144.41337681324384
EK202310237789,128.74805896952782
EK202310114883,131.593210417968
EK202310205366,146.33333320881684
EK202310124191,126.67649135115714
EK202310155262,144.67826052543978
EK202310220998,144.87142864466992
EK202310220544,114.37359803455556
EK202310143757,133.9857273053967
EK202310106423,143.1030795941681
EK202310221380,127.55952490072637
EK202310126488,136.69596803345996
EK202310161364,136.31151325278054
EK202310239501,139.10661893975825
EK202310164868,153.4102489668586
EK202310203126,146.7688087473745
EK202310137546,141.76698722585925
EK202310121376,135.40795245175923
EK202310105109,137.82959754698854
EK202310205221,156.27415707309584
EK202310188382,173.30042045734743
EK202310241423,156.24488120170838
EK202310167391,130.39631604781076
EK202310228119,152.40947797145768
EK202310207564,148.02382943117084
EK202310141877,136.80928364768684
EK202310244134,134.4116904591864
EK202310148484,152.27656552378448
EK202310213947,130.52907506783225
EK202310189815,133.7729588706916
EK202310196971,160.40322491075952
EK202310170035,142.23868932616637
EK202310118616,152.31049114362457
EK202310202991,164.7510378514022
EK202310193605,145.58489526096025
EK202310142332,170.22928645840528
EK202310107201,135.28223565247782
EK202310196602,146.82410107720884
EK202310112787,155.97275550766207
EK202310237416,120.02253522570604
EK202310234910,136.25987121229997
EK202310190727,136.50141020378564
EK202310114532,157.31638011468922
EK202310202380,124.79856908145021
EK202310196667,125.10808190629595
EK202310118771,141.45236840132515
EK202310112695,147.8341301892349
EK202310196403,135.69365528463064
EK202310214197,147.2841483427272
EK202310204797,142.47541005823348
EK202310107958,151.1861341554314
EK202310130013,145.68788116725582
EK202310135758,124.60066775038226
EK202310193054,132.441526255291
EK202310148141,117.77753350129595
EK202310166034,161.58196676051847
EK202310158033,160.4826683348506
EK202310150288,151.5075284484538
EK202310113821,139.166313925407
EK202310179440,158.3898812577271
EK202310217819,139.7004544929306
EK202310162109,166.1891180767766
EK202310200554,165.71850618034384
EK202310115242,139.0262820396922
EK202310154839,153.32132085283217
EK202310208688,144.1680183475184
EK202310191490,126.51690861202162
EK202310137318,131.54504990652003
EK202310142738,168.35509272425566
EK202310180609,132.82914321667087
EK202310158752,142.3333570453954
EK202310181525,148.7615663501196
EK202310236876,132.34923844698542
EK202310151933,142.01601675996835
EK202310203259,165.7298011259825
EK202310158609,152.25056131337976
EK202310142468,145.15431915103153
EK202310178475,140.97871505411496
EK202310113000,149.93963073040663
EK202310112010,144.65785323510735
EK202310141067,145.5098369069787
EK202310228986,131.24283966120137
EK202310123898,139.91460599043367
EK202310247624,140.3790027164745
EK202310110313,143.71937014691042
EK202310148786,147.82726617232186
EK202310200971,132.47297778373317
EK202310202596,155.25882731221725
EK202310196164,148.18495324556056
EK202310106209,131.25689197836184
EK202310177374,155.3032481264306
EK202310179062,152.08290655484376
EK202310222889,129.97629610598733
EK202310144590,130.48767151544155
EK202310136010,142.38548406618062
EK202310157710,152.56582565867387
EK202310168920,135.1623387305944
EK202310194908,153.44975192634143
EK202310245967,123.17375601983343
EK202310210453,141.04119282731975
EK202310223279,133.65808172880932
EK202310146923,127.508270565426
EK202310231717,130.28641477319633
EK202310133833,137.2292592474543
EK202310108447,120.92756730946094
EK202310156614,164.2913293341215
EK202310124987,147.65097496933186
EK202310215881,118.47997889743034
EK202310161152,165.20981814221523
EK202310224348,134.25222738500287
EK202310242122,154.54611735303862
EK202310173831,150.93322951084676
EK202310122353,141.37933307549994
EK202310238723,151.37209266339062
EK202310232778,154.7514626374802
EK202310198262,140.16634270528382
EK202310206795,140.7428335883763
EK202310105061,136.56798620536364
EK202310147550,151.1786620620124
EK202310169793,150.88357036490845
EK202310174721,129.73021158844028
EK202310197557,163.38419144257188
EK202320007058,165.62043129090182
EK202310201254,130.9987595706285
EK202310243393,138.5138910411283
EK202310225384,143.39421862059177
EK202310004551,141.7198689934083
EK202310187388,139.58208550721875
EK202310221213,138.21890610518733
EK202310206186,127.37555150769728
EK202310118966,145.95809015980237
EK202310126228,137.16963698486356
EK202310143806,149.87703723190018
EK202310134776,122.68438497158249
EK202310222461,130.65671872107012
EK202310125996,137.30058689427102
EK202310219494,123.22048940102869
EK202310110685,108.66323742240496
EK202310222225,131.2162660549207
EK202310191983,176.1488274069209
EK202310144685,154.97303341056423
EK202310179138,135.77975092069613
EK202310179457,139.02368490742677
EK202310217372,166.37862797823493
EK202310158103,171.08941377828256
EK202310167022,150.55598156340844
EK202310148101,137.18511261857213
EK202310174010,141.73650928293253
EK202310247906,169.51099777238596
EK202310146964,142.04496100180276
EK202310195616,142.3435430311142
EK202310187966,150.19104668640242
EK202310172204,133.46731052329383
EK202310201348,149.88347696204238
EK202310125866,133.01064064558392
EK202310107865,145.37650892756514
EK202310116596,152.30401843866514
EK202310247975,160.00230321167544
EK202310118528,135.6812906556842
EK202310148683,152.7355036065215
EK202310158367,160.61595083837614
EK202310126019,127.36612365831371
EK202310163868,128.69883770962326
EK202310125121,141.19275608881046
EK202310152576,147.6416217141918
EK202310170352,116.09200394601349
EK202310233529,143.16867656782935
EK202310186906,146.0074200722254
EK202310144083,166.9847040437894
EK202310184975,148.03593807101188
EK202310178056,141.42450373678201
EK202310188978,144.2835249828257
EK202310217567,133.40788739754538
EK202310184281,169.6234060503148
EK202310140673,147.37791556148827
EK202310228899,134.9549804294934
EK202310196162,121.26799768536588
EK202310135089,171.40347892400453
EK202310115752,132.60285606155782
EK202310214385,155.14775321051388
EK202310232516,132.66778056987968
EK202310220873,144.64865272589086
EK202310172989,149.1982596251043
EK202310240149,137.95221538376708
EK202310212616,138.05466564118322
EK202310187474,144.4812088308544
EK202310156838,156.19431862199906
EK202310183007,153.35671166145548
EK202310227341,170.18892673804316
EK202310110343,157.66050512803062
EK202310198412,158.0516585770029
EK202310150894,137.77127864027807
EK202310181422,146.92759647389715
EK202310198432,139.30193249284866
EK202310187779,146.63232768959358
EK202310159706,156.458926794153
EK202310127815,140.765924720418
EK202310242438,142.38313293597793
EK202310145323,151.649721177761
EK202310130401,155.8725521436215
EK202310116797,132.49116814870447
EK202310123002,141.36001784755186
EK202310152154,152.5071813429331
EK202310117372,149.47287390524815
EK202310116670,132.55239179297254
EK202310237203,133.2315664213811
EK202310162551,146.03741348205875
EK202310113370,132.6326327023859
EK202310228900,131.61800890293514
EK202310175209,152.4906635008086
EK202310236343,146.15863210299693
EK202310236383,134.05291208967148
EK202310131357,135.20989036984594
EK202310159166,137.1519408830076
EK202310170247,157.11649926370296
EK202310222379,145.97466361852517
EK202310154909,146.9174946264368
EK202310146442,145.12624738802458
EK202310003774,142.2409142114139
EK202310112911,142.47423834891217
EK202310227351,146.58252300610008
EK202310209062,144.15463070778978
EK202310238802,132.6496216773594
EK202310210919,141.02892692811608
EK202310232835,129.62359370717715
EK202310117128,136.4291817725399
EK202310219225,143.27722019581134
EK202310174933,161.7731409931332
EK202310204676,168.4084117614523
EK202310107148,152.0559355538998
EK202310181371,166.02379288955538
EK202310146220,152.7043253069313
EK202310224369,135.83967483976124
EK202310114927,138.407897636309
EK202310177552,126.4303227156997
EK202310221588,155.53957123191913
EK202310107465,137.37298738914825
EK202310135932,135.1495641871591
EK202310110876,144.10958090782
EK202310237021,134.2889450174098
EK202310109014,124.1640048095069
EK202310140401,137.24923751152517
EK202310137294,126.1225845724554
EK202310163064,163.53519935388812
EK202310147482,161.6092986716064
EK202310127284,151.83334252732868
EK202310201694,159.99027997224877
EK202310198350,141.7251120205784
EK202310208750,139.93578069080544
EK202310004741,134.12752443630035
EK202310164975,130.05635613267017
EK202310219480,127.72563701683248
EK202310213044,142.5815920023856
EK202310225710,135.5718767840158
EK202310174791,151.00332734938644
EK202310110800,124.86675260483798
EK202310208627,156.07104122792228
EK202310191043,146.83161751497082
EK202310154022,129.8919647817916
EK202310224070,126.26054468495452
EK202310119217,131.04973969762813
EK202310166221,136.2050504949474
EK202310135615,128.94391535139235
EK202310184260,136.5730216800716
EK202310123132,155.73546330482972
EK202310234461,137.83312988485434
EK202310167872,150.98637216749654
EK202310174913,159.14786119225664
EK202310199190,131.22127150916438
EK202310207044,141.68306990595286
EK202310121394,136.60369354237355
EK202310191133,154.1832186538607
EK202310222955,132.69898615506517
EK202310193537,126.87125368126114
EK202310131922,134.08360956481798
EK202310241321,151.515274810262
EK202310223125,146.11347584941046
EK202310177034,147.28862794313207
EK202310189208,155.30353686131573
EK202320006578,169.2037497944885
EK202310204325,145.2608745082671
EK202310104387,151.17500289062596
EK202310188941,162.99051826408595
EK202310163981,139.06756381041862
EK202310222266,135.6073273614157
EK202310108713,150.05249374750247
EK202310201346,149.88756467550422
EK202310218638,136.63622113679818
EK202310161345,142.07057951607115
EK202310241526,132.22595598671197
EK202310199356,124.8318320413585
EK202310134515,128.77297697438843
EK202310004519,119.19187532264394
EK202310135276,171.91460150814927
EK202310219279,125.26167803712687
EK202310136740,139.39235275133672
EK202310200952,163.03514023085486
EK202310110068,126.56375579525483
EK202310157132,160.9247651283145
EK202310149621,145.50809288526358
EK202310138788,157.8108546897385
EK202310224324,141.47010120912137
EK202310239811,148.68824864099108
EK202310201046,136.34113756166494
EK202310165503,141.28792218425147
EK202310238259,163.7887938414194
EK202310165302,140.56539881310187
EK202310191144,143.33762664489885
EK202310185640,148.17540916485578
EK202310120926,131.6861523683624
EK202310197879,139.32821607423062
EK202310196320,157.71863402608287
EK202310220563,140.2175355805727
EK202310221699,151.50040949294495
EK202310229519,143.1045834408205
EK202310108573,169.73348600641728
EK202310184582,146.2610240931882
EK202310211294,142.93446520716586
EK202310195625,145.222780777126
EK202310139587,162.13207813561317
EK202310118764,131.30965101733753
EK202310110542,145.56167630282022
EK202310173704,156.87848047836124
EK202310136262,135.60735808879969
EK202310237271,140.082206580555
EK202310205898,146.64008447869264
EK202310245831,129.70292685809562
EK202310193909,141.99996037972073
EK202310204263,143.82128181332533
EK202310105876,138.69125214216288
EK202310192947,141.01190460359433
EK202310183403,153.11992844357147
EK202310133788,143.70815732242866
EK202310222018,140.49203349281785
EK202310129042,147.77058203241455
EK202310227808,129.45698880034422
EK202310218437,162.17474037189461
EK202310237736,133.174950175422
EK202310141333,148.39763491131708
EK202310156395,138.86189019914173
EK202310004469,143.15031058685418
EK202310114436,137.54745565138393
EK202310118411,131.92795963078225
EK202310163568,140.1106822573573
EK202310183481,152.41898173335795
EK202310124719,156.47339783244806
EK202320006725,154.18912995843672
EK202310166370,156.62782830476107
EK202310133824,143.51932184358114
EK202310210325,141.25153264409124
EK202310144287,142.434331108583
EK202310130686,150.68093832596782
EK202310177102,138.61334633106512
EK202310168931,131.17426817874937
EK202310235183,126.64305625155755
EK202310228458,168.64238343467449
EK202310207703,155.5421122881474
EK202310203188,165.61887126750105
EK202310111430,136.4184114920466
EK202310244894,145.88476996427357
EK202310113983,151.29083073533613
EK202310202824,164.77151715264762
EK202310138446,113.38483257589468
EK202310176444,139.47622409057965
EK202310126844,147.3826160773476
EK202310226840,133.40417113988138
EK202310109459,141.9808030716237
EK202310118743,153.74782403908148
EK202310129553,137.49431448800723
EK202310199845,160.75125385295624
EK202310228563,137.314028718458
EK202310218219,143.6512760411168
EK202310197921,148.17814988329957
EK202310233068,139.2654654227631
EK202310159242,151.51346017149933
EK202310198622,146.4362528073296
EK202310203352,136.98370994705252
EK202310164418,139.1763581782649
EK202310119871,147.72608153656955
EK202310207409,150.97064490278254
EK202310109177,156.30028071134055
EK202310165988,150.23538477524565
EK202310199785,142.39402791388454
EK202310196659,166.26100692960193
EK202310169272,136.43719661790288
EK202310197425,121.90575553656433
EK202310175738,142.24178007271627
EK202310135941,140.32431471099335
EK202310139904,136.10673154503974
EK202310194855,131.8537830951569
EK202310221332,133.5538002750248
EK202310126755,137.0276070571334
EK202310220018,147.34604946994952
EK202310134041,126.60286988043075
EK202310210951,150.38178576029873
EK202310122540,136.86786189834032
EK202310205978,131.05332670105443
EK202310159579,139.55143666200624
EK202310118408,141.05678153339693
EK202310115221,134.18587915866866
EK202310120155,155.89239870691523
EK202310163240,146.30906986287349
EK202310147464,145.59938635838725
EK202310248306,137.6482271417821
EK202310152592,132.98371849188422
EK202310192478,137.7614656734221
EK202310126785,130.04934930991905
EK202310110706,145.77077492926486
EK202310182765,152.07411998739533
EK202310248138,136.54490324754263
EK202310186154,126.95402077005866
EK202310181675,174.9095522241189
EK202310217987,147.36677966438214
EK202310179130,140.59091376180533
EK202310135992,146.38062632725837
EK202310221623,144.45315943773372
EK202310113128,150.69644804108964
EK202310210010,127.38380188149209
EK202310163945,161.4061227049565
EK202310239487,131.05390052943287
EK202310238588,137.8367965470733
EK202310146898,142.30031852063448
EK202310147158,151.76359130356798
EK202310187097,133.27636578152615
EK202310195731,141.66076299535945
EK202310105999,135.760865084301
EK202310200746,154.20789574663485
EK202310129579,136.39224783222247
EK202310197982,167.8393042329076
EK202310183465,141.30462208844213
EK202310105248,136.0968973346661
EK202310142138,131.29217273588887
EK202310171408,153.34241935481978
EK202310131832,144.7921666858031
EK202310211971,130.84281944086257
EK202310240690,141.7548951562425
EK202310003608,113.21895172891466
EK202310145836,143.46391401390815
EK202310171399,144.27532545054362
EK202310137705,145.25382601961843
EK202310136000,150.46604327545265
EK202310133882,131.19317072022426
EK202310141636,160.19304354676814
EK202310147290,137.7378431584676
EK202310241487,143.73407919557948
EK202310137723,134.50552279437977
EK202310140855,138.4998429132824
EK202310177098,149.19409916414938
EK202320006676,168.1514731183836
EK202310112514,144.92555020034035
EK202310141677,146.38258423144075
EK202310175682,154.45976172487818
EK202310236633,130.7958516809077
EK202310196176,130.150541826345
EK202310156999,141.05653410711218
EK202310213305,140.5658423128777
EK202310200333,159.55937426831943
EK202310196550,137.106701772273
EK202310226257,143.29053383860506
EK202310210514,138.9545384090282
EK202310185954,128.59546997767973
EK202310239737,147.8293995398472
EK202310231636,132.98506572514677
EK202310167744,146.07960400546898
EK202310227786,133.99749204898484
EK202310234832,146.39148552541005
EK202310126608,135.02551927831058
EK202310231942,136.06854427949335
EK202310107679,151.41929899850714
EK202310154939,146.32925487667018
EK202310191434,127.8637786568633
EK202310143462,130.68360492071676
EK202310228890,135.61506777568763
EK202310181791,130.02408745326315
EK202310147122,149.44375843334186
EK202310114485,131.58294632643415
EK202310104634,152.6413161465724
EK202310183103,140.5537786596877
EK202310003449,137.25989918638584
EK202310220154,118.56517410539873
EK202310215919,126.93226347669196
EK202310183173,120.93969025990815
EK202310136581,146.3094195565021
EK202310135891,154.33843636479344
EK202310234960,133.0720356176806
EK202310213672,134.55382765347727
EK202310160012,143.26034155596082
EK202310112248,137.2364654036548
EK202310136825,151.97164797992255
EK202310243733,132.11752540242605
EK202310235540,138.1782393473473
EK202310241172,127.71813537159608
EK202310189939,137.58801482734174
EK202310115473,131.7789712803988
EK202310188980,167.6861588145974
EK202310248520,147.9132844997552
EK202320006015,156.9555990952395
EK202310156531,139.06803723324134
EK202310146465,135.19108949005852
EK202310104718,138.32058418190456
EK202310208272,146.72479946738707
EK202310170862,135.72619397835166
EK202310235381,138.63976534331445
EK202310171376,140.53735854841662
EK202310167650,152.5892541831429
EK202310160990,157.18211563203866
EK202310195882,133.43994597186287
EK202310190552,143.90912923963992
EK202310120695,135.8375283835791
EK202310177689,136.9321238849109
EK202310116634,139.8795406849204
EK202310110519,128.75431362007964
EK202310125017,154.8636213034276
EK202310182959,118.20414790942868
EK202310181811,154.15695303789158
EK202310214725,157.46710499438208
EK202310212263,146.0633064289388
EK202310122692,164.29792346668415
EK202310215131,144.4841225611696
EK202310202575,142.36758887836066
EK202310167856,140.6330746324036
EK202310196698,147.0411018681591
EK202310226483,143.60304373424106
EK202310162014,155.55635925047488
EK202310125942,150.7108858130461
EK202310106367,134.08507671407835
EK202310229140,139.4437454435113
EK202310207884,148.69718945425365
EK202310152869,164.53449290688314
EK202310178619,141.96610919207222
EK202310211976,142.54407924058103
EK202310229203,129.70594763318954
EK202310192119,171.6970872436456
EK202310202715,148.13915078706353
EK202320007183,172.9613423470042
EK202310218337,132.4508593020529
EK202310146967,136.82179185741916
EK202310184808,162.6100245833528
EK202310190764,139.25736267240575
EK202310156823,142.14934051134767
EK202310199791,145.57744683653405
EK202310128548,141.64060222837153
EK202310156699,135.6181153308985
EK202310191011,156.3409640040862
EK202310192556,138.9727996657912
EK202310201947,140.323108180808
EK202310180835,134.82021045100413
EK202310218514,126.59451361512812
EK202310235403,138.5191556996112
EK202310222338,146.48463380000672
EK202310129625,126.7226161189052
EK202320005601,151.40436388849204
EK202310167199,144.93386833602347
EK202310216271,161.6198741028901
EK202310186219,160.34720923138985
EK202310200112,150.17227172867175
EK202310240709,134.7868551592036
EK202310140388,148.73672082636287
EK202310167460,141.55624990451983
EK202310207710,157.84698582967917
EK202310136954,133.04168989757042
EK202310238009,162.0607245180562
EK202310241135,141.08994180555808
EK202310118669,135.25200536928998
EK202310177676,134.4430689854064
EK202310110622,146.39564001069235
EK202310106125,155.26319879050476
EK202310137730,137.2506620419637
EK202310169952,147.245764005191
EK202310201586,144.01440971551818
EK202310199082,153.30493700404043
EK202310110230,116.20645743315754
EK202310169093,169.2868442733849
EK202310151384,158.86590583014913
EK202310118353,123.70292585098599
EK202310217860,136.66375235699348
EK202310155832,143.154094253315
EK202310192043,142.6087154827076
EK202310227031,132.30629930832603
EK202310181504,147.61618741832126
EK202310123944,142.7590505330053
EK202310155457,134.19030076837214
EK202310121127,162.5812107650422
EK202310004367,156.42999757520832
EK202310113745,141.27141567206473
EK202310121643,142.70159120278836
EK202310126640,138.0138970940762
EK202310203242,153.1557273857713
EK202310144892,137.4420624554701
EK202310108440,143.10924526260072
EK202310169807,152.13708031087003
EK202310247122,134.8924531454857
EK202310129519,148.83239962999096
EK202310235954,144.17116364868926
EK202310122880,144.63718185308275
EK202310231944,132.33180168054534
EK202310244881,143.55180982581018
EK202310124312,141.59900410095247
EK202310193201,160.59019988624348
EK202310229571,115.73130409439105
EK202310157769,139.65568680030933
EK202310109164,125.29742074131397
EK202310188000,149.4564959306325
EK202310109289,121.87076057224282
EK202310157844,142.27208930928524
EK202310237961,165.12210079923236
EK202310138503,164.8428374456732
EK202310155205,129.21158427544782
EK202310199658,163.79311251481494
EK202310168116,151.595412236881
EK202310236349,136.969950607543
EK202310003984,153.69212395981882
EK202310227800,151.3574926276931
EK202310238162,140.47117607639947
EK202310207863,139.89104930793476
EK202310104629,132.206453802872
EK202310199877,150.84676011276352
EK202310242313,145.1271097888259
EK202310180497,155.90694402701843
EK202310205863,150.0634582442556
EK202310198959,152.11812711861555
EK202310150579,148.01543284999556
EK202310142769,165.1385312240328
EK202310198383,153.82792234715615
EK202310114099,131.97454908771454
EK202310189094,164.52781538263315
EK202310128005,135.90468390737618
EK202310210639,140.431829168934
EK202310247606,169.047939680347
EK202310161724,119.86978796115025
EK202310141881,132.41045530654222
EK202310131694,138.24063647326014
EK202310204730,148.29794910003207
EK202310171972,124.98129543316918
EK202310208602,144.38326661298723
EK202310154432,130.85909426423976
EK202310122263,124.0343923385828
EK202310192830,152.46789903328659
EK202310211505,156.89171941234173
EK202310247017,153.72143685629868
EK202310106742,134.15695861827575
EK202310160358,138.63469513142869
EK202310241263,156.61709449335066
EK202310109888,147.86751770246227
EK202310119208,125.10057712237116
EK202310138383,116.49269193990412
EK202310195693,151.49156900163612
EK202310150042,157.74774333707444
EK202310233867,163.10484478421753
EK202310151155,132.75690897324262
EK202310152450,140.95419586050528
EK202310216227,143.9306032348776
EK202310119674,149.39665968773875
EK202310151394,163.44869132907115
EK202310198198,137.3039737416327
EK202310231585,129.9433105572269
EK202310220310,167.67285940853833
EK202310133553,132.86923408292532
EK202310119758,135.68775439160788
EK202310154895,172.63193230924676
EK202310166029,146.260795080506
EK202310209935,142.6018811397904
EK202310106150,149.95631359098758
EK202310220446,140.09838266929216
EK202310138946,148.19783523068278
EK202310136698,139.40422012545662
EK202310237887,132.92501625257165
EK202310133476,153.4843557369437
EK202310219601,131.08097997354025
EK202310171218,144.99335655646257
EK202310235182,130.78246538668162
EK202310132648,119.81621574726752
EK202310244452,122.78171480016056
EK202310138113,137.90021802002093
EK202310187317,134.49232483164621
EK202310179142,143.15516614656408
EK202310165891,140.0740169530954
EK202310177495,140.76926270010577
EK202310150032,172.1204519771885
EK202310133680,131.47391574581715
EK202310133975,160.80208342366802
EK202310203779,123.85515960909538
EK202320007546,145.56151700969167
EK202310191528,137.35899409878283
EK202310129147,152.50762102647857
EK202310181778,140.82861329170575
EK202310230476,162.08838685934148
EK202310110448,124.68275132809987
EK202310107980,147.81249186411782
EK202310150018,153.87385624337495
EK202310222076,128.90902684702243
EK202310178437,151.34410673835734
EK202310206209,125.27104542604008
EK202310211038,148.6119015815415
EK202310130172,178.52687289667978
EK202310166466,163.1614369386126
EK202310183473,137.19732218771415
EK202310196150,157.5325946408451
EK202310157693,125.79179320803186
EK202310104605,136.91608211914436
EK202310235306,154.91169239096726
EK202310107563,140.0852493930343
EK202310163320,119.6470456373211
EK202310136756,140.44739620332092
EK202310211564,128.1654395402668
EK202310232534,130.77221927725955
EK202310132550,130.27725882452958
EK202310160312,158.07227695895233
EK202310234805,137.40123609738194
EK202310185938,128.32370361896068
EK202310144699,163.4487851086557
EK202310191954,160.85515777688673
EK202310146126,137.00664551097964
EK202320006284,156.85941684445214
EK202310185460,153.6190324022931
EK202310191567,157.2991790913173
EK202310222307,143.3667812778391
EK202310105032,146.4512354395694
EK202310230256,127.63612138273008
EK202310220456,147.6730663987254
EK202310125059,141.3370896654724
EK202320006649,170.6278335811498
EK202310170919,149.1921616408062
EK202310244926,142.873049424706
EK202310123389,127.84450196599691
EK202310122848,138.1938868678152
EK202310211774,129.79592661976665
EK202310197231,120.72600172709522
EK202310138568,133.82935039892638
EK202310198554,137.77635230495144
EK202310121478,139.65538144717596
EK202310236719,139.01683318361054
EK202310168801,158.50572200965428
EK202310224443,145.76550223726548
EK202310206512,138.69201386146955
EK202310220836,158.8369835378166
EK202310247269,141.01025699900686
EK202310131994,120.57266596749226
EK202310134008,124.12710165432416
EK202310157322,143.61587740423744
EK202310143414,162.66005960189705
EK202310173429,145.34554190911794
EK202310217512,132.6796324111131
EK202310166684,150.16007072649703
EK202310203358,141.23361086697983
EK202310135525,151.10587641317417
EK202310190632,154.88937015690323
EK202310109605,158.11814411684708
EK202310209788,131.82274337560608
EK202310184706,142.36684120618906
EK202320006994,161.11039610419215
EK202310184357,137.5728361664171
EK202320007190,138.79333732964537
EK202310105990,144.43090498224
EK202310168348,132.55135491819115
EK202310138422,138.678261943322
EK202310136152,149.32786167453446
EK202310126424,131.14511753723542
EK202310147111,163.65384904657023
EK202310231544,116.90534379570263
EK202310149122,143.96407483527167
EK202310212352,137.18734944305157
EK202310178385,148.6870919865018
EK202310224803,165.8238408589386
EK202310004063,147.64435579212687
EK202310206156,151.1388088917624
EK202310157699,126.34388762270727
EK202310154414,156.7572055430329
EK202310149221,124.55118030019794
EK202310171384,150.91671707630866
EK202310153408,142.19303666102095
EK202310109654,141.40660823927846
EK202310158683,133.11187050534556
EK202310206976,138.5963297260489
EK202310186788,137.30247435482775
EK202310187515,157.65608417840977
EK202310153792,159.24667522788442
EK202310144321,143.69614729701905
EK202310222822,137.49577344733294
EK202310152281,164.4053869772491
EK202310003851,167.7830852128405
EK202310205656,157.91339456337477
EK202310239556,136.175112778325
EK202310145427,151.81447191017426
EK202310107329,121.08697970337874
EK202310135305,159.20577617942607
EK202310225618,145.766265241408
EK202310212945,133.84831782739548
EK202310244567,157.21722966712366
EK202310188392,132.16125256427233
EK202310188450,149.6900863175014
EK202310119188,142.06169707597314
EK202310156387,134.109434805652
EK202310154237,135.26520158034435
EK202310232890,146.6483581017041
EK202310219207,114.77113168086963
EK202310247057,144.8526675897141
EK202310229305,144.26298722606668
EK202310128710,127.8848585136818
EK202310179533,140.62171008836987
EK202310115467,122.12563517973429
EK202310237723,135.3464663939496
EK202310197376,161.53933225681843
EK202310135350,152.32783340640444
EK202310135038,179.56469256428835
EK202310190843,151.12355911410052
EK202310148220,154.06003602092517
EK202310193335,156.59284002552332
EK202310201565,146.01005242943455
EK202310108505,146.7236744860625
EK202310236715,146.95616869392936
EK202310149792,145.20890776409627
EK202310193733,151.89562769194978
EK202310248391,138.69564700308834
EK202310134202,156.52578996695314
EK202310174938,162.1419949834314
EK202310104253,138.03110847878366
EK202310178227,153.19559982549313
EK202310200622,143.0239979957323
EK202310162938,139.23583779517702
EK202310136715,131.94436016150846
EK202310219551,135.3576151956343
EK202310213720,153.58403862723685
EK202310197334,163.79544669874028
EK202310162409,148.1901617697567
EK202310176758,128.67209872834647
EK202310106155,146.0493321861427
EK202310178600,157.40260754185718
EK202310181111,122.95676760206518
EK202310237737,117.75046312891064
EK202310135634,137.0196174813851
EK202310222019,144.21453938407214
EK202310211690,132.24341697017115
EK202310223930,144.56563364063354
EK202310159564,143.15502031145434
EK202310123361,147.62737278194018
EK202310154711,157.30672319515622
EK202310196284,168.48245253618984
EK202310142525,149.40195835447784
EK202310185635,153.23097344749448
EK202310163743,134.94225628302559
EK202310176119,158.15546703164793
EK202310243732,140.44511436860682
EK202310153106,162.90979392021106
EK202310105266,148.768960481078
EK202310192211,136.7840639225002
EK202310109959,122.55421738388594
EK202310124347,138.07366926010533
EK202310215657,132.21888860861844
EK202310181609,143.01211021593295
EK202310166089,148.01731002310112
EK202310180562,145.03312162001413
EK202310220766,139.675978278574
EK202310208527,134.3574598298925
EK202310197946,132.9933053818038
EK202310165805,122.53787601997189
EK202310184781,144.86464936125495
EK202310212044,160.71402492420145
EK202310182865,135.43669382252605
EK202310187564,149.43731636111485
EK202310187093,154.3856831560948
EK202310243295,143.0707855185378
EK202310156858,152.26282210437728
EK202310123996,160.73449727886654
EK202310120097,136.66088398717955
EK202310135094,169.60216964089682
EK202310189874,130.54270724731168
EK202310210390,141.66452600831684
EK202310108372,147.15082921673883
EK202310217559,150.6915188546337
EK202310136995,148.3259809797413
EK202310119918,143.75267264019652
EK202310108102,127.67518642233259
EK202310205335,151.36828669548717
EK202310192571,139.50650844230535
EK202310122214,153.4471238169089
EK202310111079,142.76035446281364
EK202310143134,144.5351892948052
EK202310244019,141.94989654902622
EK202310238237,131.4309803657213
EK202310136960,138.68208970460125
EK202310140905,142.1362385583318
EK202310207571,141.91170941208244
EK202310185887,153.3676361386348
EK202310179874,149.76426046860962
EK202310228155,135.97273448889015
EK202320006551,161.6567411754994
EK202310198810,174.4594945140218
EK202310197956,143.016675325368
EK202310109446,170.00781414878543
EK202310145921,151.12028633012866
EK202310127078,144.79718565512886
EK202310106661,129.4362593666046
EK202310107868,150.11389526148776
EK202310137756,124.16411226115537
EK202310112214,142.90169602794606
EK202310223082,147.02615321572213
EK202310180270,149.42823098421584
EK202310164239,149.1539741725143
EK202310126360,136.21705784490356
EK202320007775,157.3361175843325
EK202310212210,132.5585901746713
EK202310154670,149.91634743480938
EK202310225780,139.73883991073188
EK202310159250,147.9875201492423
EK202310189634,154.86654036313425
EK202310140814,143.4594325482492
EK202310127508,171.90600378145123
EK202310218677,139.53325379589995
EK202310128068,142.98714088202513
EK202310113414,137.03505798819083
EK202310127227,147.05011063970537
EK202310119514,145.87008326102114
EK202310228944,112.61554663691616
EK202310109272,145.40223857055625
EK202310181673,160.65594088168774
EK202310213638,127.72975549638417
EK202310244798,147.40726231818957
EK202310204831,134.36805850224218
EK202310208541,132.75626718337168
EK202310226684,140.70263979922558
EK202310106021,135.92178106313406
EK202310186790,152.6854842554288
EK202310134623,133.384097591195
EK202310004353,144.56375038377055
EK202310120823,123.7906759424728
EK202310193351,135.7526453985517
EK202310129759,145.903135775291
EK202310211069,149.1571887118019
EK202310145710,133.68912481194232
EK202310129442,152.40882801087844
EK202310157511,121.72131408052223
EK202310210155,137.05720294206284
EK202310240481,122.44383014855676
EK202310182044,159.77847882093656
EK202310180996,152.18876004569043
EK202310130678,141.56117758294923
EK202310003775,121.77888545389337
EK202310155552,142.21045488613427
EK202310111202,148.82030156381552
EK202310108361,131.43204118179133
EK202310224126,144.4604864405429
EK202310115508,122.4677083701126
EK202310225464,129.59993559248744
EK202310198925,127.5220284924267
EK202310143314,159.1104563995526
EK202310231386,138.83295034868058
EK202310120970,120.8036478259649
EK202310179304,135.49413372187607
EK202310222188,138.24337820867476
EK202310173726,149.04874647085498
EK202310151318,141.63538043889608
EK202310139619,136.63568013034234
EK202310175938,170.22166820788289
EK202310178847,146.7793119994612
EK202310191627,150.45262352856244
EK202310180100,139.83715204801334
EK202310237846,145.60344137492976
EK202310136435,149.93913988550085
EK202310104391,124.36748435114706
EK202310182074,136.96430281016592
EK202310197546,167.164549024536
EK202310237183,149.10628741336
EK202310113688,142.38370287924093
EK202310168496,136.6093169121364
EK202310140650,146.71509855019232
EK202310202579,152.82553408113392
EK202310173337,139.12541263156035
EK202310148159,138.73674411245852
EK202310177447,147.76733440164128
EK202310172439,167.8224309918466
EK202310193776,146.23205776894656
EK202310126160,126.65811369775746
EK202310129091,149.05125945939423
EK202310180011,127.82904749586173
EK202310219524,167.70535405852272
EK202310188997,130.90150293186508
EK202310183044,147.13988561924
EK202310192813,152.8109452449445
EK202310148696,156.39779284508168
EK202310197244,162.58972976378726
EK202310243949,129.60735916257582
EK202310223004,161.45409131898955
EK202310159964,144.0169694776704
EK202310226266,143.19809081697375
EK202310227381,145.28454910170714
EK202310143706,153.84317241861586
EK202310156505,141.41022605890123
EK202310146977,148.94908235233993
EK202310207164,162.75689085379332
EK202310115033,146.3352317852896
EK202310197774,163.22753521589362
EK202310183602,157.29526234809205
EK202310163574,129.7248365300036
EK202310139474,143.7235354377408
EK202310139787,137.18843122920435
EK202310151771,147.9709662473196
EK202310141474,147.2298096364656
EK202310201682,143.6866335889649
EK202310235051,145.87517040084361
EK202310197036,140.42141057941492
EK202310208162,122.4733764126673
EK202310192736,145.5578052558455
EK202310239207,135.64196205622844
EK202310213359,125.36912877846967
EK202310165987,131.27754643048016
EK202310144351,138.38707983126477
EK202310192377,163.27383735873332
EK202310178661,148.02590958351468
EK202310133799,136.87256214424636
EK202310167137,141.21647016323996
EK202310196182,165.38866168484515
EK202310239217,127.66888124440413
EK202310163146,148.4897232850588
EK202310139455,147.34293978808682
EK202310164544,132.55297046668758
EK202310105037,156.79732688677808
EK202310168936,156.45953733450395
EK202310182321,136.43478334979898
EK202310223204,135.89959200143332
EK202310124648,145.04307947496665
EK202310133402,118.73825319785459
EK202310189249,133.54217669919547
EK202310211896,126.11594519361071
EK202310153695,141.12707922825743
EK202310197047,143.8426821813219
EK202310115358,138.35179065211037
EK202310178231,146.90715664273424
EK202310140750,167.74637546789626
EK202310196690,134.78753067166562
EK202310180158,124.25396720212564
EK202310118819,150.74272343469866
EK202310129172,133.82201536661242
EK202310160427,159.15887076720082
EK202310217514,143.81182122280165
EK202310228544,135.18991075768048
EK202310129411,152.81640333479947
EK202310120076,133.59460149352978
EK202310147682,149.44101033539965
EK202310119579,148.91198597218985
EK202310231294,133.3102271883279
EK202310205896,132.05359825664183
EK202310168792,164.44310050085053
EK202310194600,137.1634341634517
EK202310231773,127.47746596706372
EK202310197094,136.95408953409148
EK202310159125,147.28756822101272
EK202310145220,141.20548888845428
EK202310109432,142.48687552339922
EK202310154128,127.92516680157348
EK202310226955,144.40788384525064
EK202310232457,122.52555472656543
EK202310196244,145.580490877638
EK202310246079,145.63068540796888
EK202310168088,132.80322520321454
EK202310128614,134.16182010005232
EK202310156766,159.32418428141332
EK202310208139,141.00591725323451
EK202310167951,144.1885055688208
EK202310140914,147.50353139728566
EK202310123858,136.36337744777174
EK202310246678,162.79508462303912
EK202310231310,146.26798604988537
EK202310145596,154.41119973306968
EK202310227515,153.17169233361471
EK202310124946,139.27353773941036
EK202310146823,122.87639884676993
EK202310135586,153.15749879389966
EK202310201307,136.2359522401757
EK202310182403,159.09625793729754
EK202310215443,134.66252021336638
EK202310126298,134.9661266532803
EK202310189734,139.0849888229808
EK202310150496,145.6583607212471
EK202310201647,130.11812781199797
EK202310236856,138.10145152817
EK202310141840,151.44071560784178
EK202310129012,147.82782406384177
EK202310191859,136.670531565956
EK202310128135,127.35187358964899
EK202310140784,152.87397337122886
EK202310106371,139.16025330229593
EK202310189118,136.1118536949916
EK202310185786,135.86271565484432
EK202310177437,147.10970811980582
EK202310183495,143.15341010155058
EK202310183166,151.05479889206097
EK202310121858,128.45892177291964
EK202310128877,136.13431294655598
EK202310155995,151.6708425864253
EK202310158905,138.8593771346676
EK202310197700,144.733781579531
EK202310135362,140.8162639675887
EK202310238208,154.40498266169396
EK202310225984,147.34684904371858
EK202310196965,162.4112788036743
EK202310244512,158.2241217204641
EK202310113816,142.4055208010243
EK202310141423,142.83831077444373
EK202310226411,135.1333969450497
EK202310217081,139.73403015688277
EK202310161000,133.0053916311647
EK202310141027,165.61399661970714
EK202310231746,138.86514434906175
EK202310209069,137.05304042351634
EK202310142345,166.0259246581301
EK202310117104,136.75136546235845
EK202310108603,141.0340493758323
EK202310196141,147.71305744133298
EK202310192522,152.50704871878676
EK202310144266,142.8586279363239
EK202310203451,157.9625477621273
EK202310161877,157.11836703303436
EK202310155543,144.68975582511695
EK202310123638,161.75595127532608
EK202310145309,137.88536757986017
EK202310138293,143.51890661237005
EK202310227474,134.29208140823593
EK202310227560,137.84829577197254
EK202310152889,174.56745439390053
EK202310107200,139.88028356723987
EK202310205243,125.94365677779902
EK202310203128,151.67115940198073
EK202310176303,165.14314480512283
EK202310236159,133.19572053271148
EK202310146226,151.67847659045975
EK202310114477,134.7208579599026
EK202310193701,159.0513495675288
EK202310132862,122.72610676351391
EK202310146635,129.87688127776354
EK202310118476,159.27161805364275
EK202310207776,139.48360101394255
EK202310165877,119.65663560468647
EK202320006410,155.9503419678922
EK202310111513,152.97033024359405
EK202310143909,138.40027275205486
EK202310132541,132.70193037879469
EK202310209469,151.60602137600674
EK202310103777,146.91000111811948
EK202310138311,150.3804084710677
EK202310155715,150.58354800069398
EK202310161111,160.91496115341505
EK202310231380,123.20998119865268
EK202310129520,134.41050083619183
EK202310234907,141.67990539025476
EK202310107216,125.46355080325232
EK202310106843,138.5256207440158
EK202310204308,137.65873688685673
EK202310214592,167.33725749221685
EK202310116839,148.72387296201342
EK202310180647,131.8031753334528
EK202310142824,132.4734473569042
EK202310196639,138.93904066533162
EK202310231947,134.46626097348292
EK202310135996,157.08560483429207
EK202310225970,130.10886684275917
EK202310232921,139.89327610192893
EK202310229671,143.88760586378794
EK202310143117,122.76128633095152
EK202310235001,123.17385618479534
EK202310223296,136.46818438816214
EK202310166180,148.08300436106273
EK202310144778,131.62485019092915
EK202310140206,157.28454554657577
EK202310146221,125.16764010397421
EK202310191931,149.0970394281862
EK202310139195,135.44757499906555
EK202310110326,141.72344481208944
EK202310198683,146.02125278240274
EK202310108642,140.39665261014258
EK202310147919,151.63605284718528
EK202310120403,131.6758467487365
EK202310148663,144.81927475049795
EK202310194369,143.4582813818507
EK202310188744,149.2915393829766
EK202310197143,147.5834551902133
EK202310188007,161.79179813159456
EK202310230690,129.85532449262368
EK202310109322,140.33652804303006
EK202310122503,136.3334984122755
EK202310208466,138.62135476629845
EK202310169759,141.1802392610603
EK202310004770,134.29592106616914
EK202310197055,145.53269819636586
EK202310190099,142.26867896863723
EK202310238226,143.40754751559112
EK202310166147,146.69133791917872
EK202320006000,167.735676493815
EK202310214036,148.97910716216927
EK202310004510,133.9514999159427
EK202310144131,131.2970293275911
EK202310182006,166.59351479396165
EK202310115418,133.89669428685082
EK202310203399,156.38363710044752
EK202310219700,149.3975574647016
EK202310141585,150.64615660460828
EK202310236911,146.28802790696494
EK202310153553,136.17072676687422
EK202310152777,157.0501243273723
EK202310216006,144.727366015531
EK202310159334,153.60014902014424
EK202310200189,139.4321570303999
EK202310176376,150.22163278991547
EK202310177091,150.30930270202987
EK202310135092,177.68798656705766
EK202310152730,149.13922889492218
EK202310194718,135.19829770315525
EK202310174761,163.37407167023704
EK202310187516,156.2052032000721
EK202310225948,154.70908251107804
EK202310159500,157.43392210752896
EK202320005628,151.20041452687838
EK202310150262,164.6434864213214
EK202310197555,161.14714137860682
EK202310224652,143.05003549253792
EK202310239239,126.27655007770932
EK202310222699,138.22530264187034
EK202310115560,149.65570299581714
EK202310179277,141.72802471218105
EK202310202696,156.52266774018304
EK202310154234,132.65238819299543
EK202310113254,129.40699413555424
EK202310139630,143.29822718350073
EK202310202764,158.1952742152468
EK202310121640,137.69379164431595
EK202310142534,141.00409181506888
EK202310239215,138.36433169965227
EK202310244715,137.32454781525732
EK202310185779,131.94268378481158
EK202310221201,138.8809511078067
EK202310206833,147.80730686814712
EK202310171904,152.6817034981261
EK202310178044,151.60909452098696
EK202310168114,163.7303982451986
EK202310138587,139.21190276179894
EK202310173356,141.81315754347764
EK202310197110,158.719972017579
EK202310242357,138.5550118246181
EK202310208746,126.73416732541874
EK202310217847,130.69192331804243
EK202310199265,122.22493258275706
EK202310182895,135.17565695458268
EK202310107553,147.15949218768398
EK202310107608,144.60255159376018
EK202320005608,155.76808887876663
EK202310199563,138.89251797965278
EK202310141002,134.14852158922113
EK202310187238,148.23400916503817
EK202310187741,146.8717594118341
EK202310189994,145.96173214653723
EK202310147256,134.73120587761818
EK202310118527,144.50024492123592
EK202310229103,142.1067844686767
EK202310135696,119.31878764392525
EK202310165074,141.20078130618387
EK202310205649,139.61521801377683
EK202310174231,139.99704204609247
EK202310181105,145.45818389440606
EK202310173608,153.49616527626097
EK202310147350,139.40469602052633
EK202310145408,119.98197254887882
EK202310163214,134.10022951604407
EK202310141179,149.6099245687288
EK202310235877,135.64534085831323
EK202310168519,149.12764629900056
EK202310111852,147.03280807547725
EK202310120721,133.1409537869051
EK202310239396,138.38839661002316
EK202310125811,149.95519574245003
EK202310122414,157.86564962203786
EK202310109063,149.855259909478
EK202310136944,137.66831618473333
EK202310112504,141.0899575136519
EK202310187424,146.0738354725327
EK202310107467,128.1026689918721
EK202310170488,138.35808875617911
EK202310221856,124.17584720829672
EK202310146245,142.23921734376137
EK202310211446,142.4184226583864
EK202310234464,132.00488766308635
EK202310216823,135.16031140973564
EK202310158691,138.57183208356128
EK202310130435,130.47860276018176
EK202310173064,145.85775419459327
EK202310159177,147.60950989941642
EK202310164312,130.02335620760334
EK202310190628,151.88638403631606
EK202310108846,137.15537260991246
EK202310180445,162.32662782952002
EK202310131205,157.02606293453536
EK202310164126,134.89444257536553
EK202310107936,148.45709364993365
EK202310243521,147.54668897726958
EK202310208141,131.82925529237838
EK202310190781,134.53153774631784
EK202310172000,136.31473661164767
EK202310190053,145.3354714803814
EK202310233066,125.45663379877304
EK202310131018,126.1750745793462
EK202310149945,142.19383736293088
EK202310205501,123.81568580065483
EK202310248483,133.69293675939943
EK202310129538,133.9928367483181
EK202310167469,151.0897164821372
EK202310106330,141.05176284608729
EK202310225391,151.08654745674804
EK202310125703,143.99706940444923
EK202310208418,138.05461485631255
EK202310147781,135.81430024815694
EK202310164598,146.09189673116649
EK202310214120,160.88548282082797
EK202310118444,138.17972580540655
EK202310145109,136.67179844783635
EK202310150661,158.0599254854992
EK202310134650,134.6828908991519
EK202310170695,164.81256153440034
EK202310171347,150.81367651814097
EK202310118507,132.07583486961136
EK202310135088,175.3719955150117
EK202310169570,149.99765553628714
EK202310198285,155.63664162515317
EK202310244339,149.91253120907547
EK202310218458,147.9961327276158
EK202310167361,144.25357678421065
EK202320006358,154.1478829543135
EK202310155685,143.73461598707257
EK202310193521,152.57249495243565
EK202310178456,143.17736601722837
EK202310120435,136.2286897201877
EK202310229594,128.37540157084487
EK202310204793,137.5437160566873
EK202310128806,137.490700463327
EK202310145561,143.3827791184584
EK202310218298,132.75419544276926
EK202310185508,141.35949200062112
EK202310169152,162.56960330359396
EK202310119338,125.72364186061895
EK202310172073,161.72987630073916
EK202310164403,166.41702928447376
EK202310228535,133.74236133782273
EK202310233245,127.94239659310891
EK202310247155,138.95586787064195
EK202310184707,157.34548471476668
EK202310244628,136.87685435848184
EK202310184991,137.12064710804162
EK202310200030,139.85000234649166
EK202310131926,136.17605525373526
EK202310183294,169.65833224125703
EK202310156979,151.47353344050768
EK202310196008,151.76502102975365
EK202310124917,149.6202458679522
EK202310182478,139.1363922436217
EK202310206853,158.26254591036695
EK202310131555,140.91103415839513
EK202310134282,152.5721011758299
EK202310120141,155.81602164260505
EK202310246441,147.11160646143472
EK202310195921,137.79485786816073
EK202310214428,136.68971507410194
EK202310124519,148.89023597005672
EK202310153352,145.5639630665465
EK202310155554,140.48348638320513
EK202310193684,129.8385550448265
EK202310225319,131.55287901286258
EK202310148621,132.82748448279895
EK202310237907,147.38713941536184
EK202310202805,136.5905072451395
EK202310161990,170.41663413193604
EK202310200477,133.8626371246988
EK202310114915,141.7747796977763
EK202310242909,144.92625618923856
EK202310142330,133.61776884837573
EK202310221377,140.48856450733447
EK202310137957,136.62362366117017
EK202310151180,151.15539494180706
EK202310182686,112.60886858353764
EK202310244166,137.4888114535629
EK202310242349,141.19426012605223
EK202310121472,127.62015275136508
EK202310192151,148.0972231624292
EK202310112554,126.98220832458527
EK202310225810,137.15418739873692
EK202310235008,133.532774146615
EK202310217946,152.21719325523298
EK202310197822,158.83894201873173
EK202310003944,153.31657364273494
EK202310135754,128.13595861073512
EK202310235898,127.92302126052054
EK202310171140,145.05371178390885
EK202310145149,165.90341683857275
EK202310202195,143.80832007550586
EK202310220091,147.80531438695644
EK202310232376,138.20498768776807
EK202310189509,142.91168672656175
EK202310113709,144.3459588793543
EK202310119993,131.75047041102292
EK202310223647,149.50974410064921
EK202310227478,140.33238680593306
EK202310174661,129.71308342968604
EK202310165728,164.77791464694243
EK202310182436,172.90108519054763
EK202310181591,123.9921733419945
EK202310233458,142.64052090413222
EK202310138708,143.16795087586792
EK202310107419,133.80580374848662
EK202310242771,131.25844775252648
EK202310110825,121.96359691193166
EK202310148516,147.05474784408872
EK202310169259,146.91904589491867
EK202310139428,146.55979919174692
EK202320005946,157.72169320491437
EK202310212395,138.77408263418056
EK202310211186,139.9659483958947
EK202310124150,133.16327943664393
EK202310172970,142.29690366733985
EK202310212383,143.98923626222333
EK202310152532,116.81849677888997
EK202310174856,131.56573831157678
EK202310150761,139.08269260024525
EK202310192707,149.02000084004914
EK202320006514,166.17595490510843
EK202310230857,136.63856739298376
EK202310209642,152.9647265386206
EK202310244831,151.420354099912
EK202310004958,139.68123350630563
EK202310222994,153.38345146072973
EK202310122972,144.56077492868627
EK202310240517,160.15323346481313
EK202310154489,146.8048620083952
EK202310149568,161.50244487733045
EK202310173750,140.19425829032764
EK202310127136,149.7837454413119
EK202310162460,141.5831421333075
EK202310237884,150.29726689008285
EK202310128591,139.63801279056048
EK202310167782,155.51260616945527
EK202310173162,144.78169505512417
EK202310176040,175.61745489796795
EK202310180187,122.61696089852926
EK202310205385,152.66101244599173
EK202310189417,142.30027989998842
EK202310110265,132.01091239711795
EK202310175081,159.57873820253528
EK202310241247,152.31580026531915
EK202310210940,135.97084741039666
EK202310239869,137.0351228351622
EK202310208022,128.38394231686965
EK202310186683,127.29864300017502
EK202310244974,151.73556928435244
EK202310196503,144.86424455860683
EK202310147774,147.8470148077811
EK202310194263,148.87673833037184
EK202310188228,142.05392808329904
EK202310164624,138.93922577555833
EK202310153042,152.51307117758796
EK202310157883,148.3043659608434
EK202310110532,133.3236301389348
EK202310166599,145.6095556773894
EK202310153767,160.0804347995817
EK202310126138,126.23954805095741
EK202310121044,153.39239126023386
EK202310133142,147.8085333825089
EK202310128385,120.13754139738896
EK202310175042,122.02012783538001
EK202310189448,153.37897829487028
EK202310190050,153.93017035646264
EK202310172092,148.15952766997168
EK202310207334,134.94962180082405
EK202310182559,136.71574104867736
EK202310137090,151.83043651984204
EK202310190532,126.50138561270596
EK202310236425,131.82344252861543
EK202310203185,129.75324290208516
EK202310168314,133.6746116297589
EK202310151263,171.8770823538445
EK202310108095,151.78956984649625
EK202310232838,146.92593067685652
EK202310135295,164.4997219272017
EK202310163910,141.21610476615683
EK202310194553,143.4685741203798
EK202310174190,137.37065300420397
EK202310231328,135.85367258941324
EK202310147991,147.07556752680193
EK202310161571,164.63954987739376
EK202310240598,134.55169962773996
EK202310236106,135.64162887368758
EK202310109500,139.9849885994797
EK202320005589,165.4514834092251
EK202310143413,149.94074915365184
EK202310153498,153.13093596868154
EK202310181818,150.0848574966481
EK202310137951,135.77720994888355
EK202310158889,150.57905950984474
EK202310147118,144.17390369639733
EK202310153978,169.5860861847372
EK202310107126,142.17600165239983
EK202310145858,136.08232556258204
EK202310220104,143.25998464734494
EK202310112400,129.53410306795226
EK202310236894,152.99568316948333
EK202310217550,125.97287433127111
EK202310236693,134.70211501777885
EK202310217785,129.46469873214514
EK202310235143,147.67123726149867
EK202310182831,142.98688984742464
EK202310117677,153.71224897510763
EK202310207224,156.79438805655028
EK202310217694,145.9189309126007
EK202310144000,154.0011445114053
EK202310165837,158.9323727528343
EK202310211421,146.4062816811109
EK202310004270,145.32700999189152
EK202310189309,149.9137712138658
EK202310127417,147.6163617848821
EK202310197347,165.75155284385121
EK202310209401,167.75746476104024
EK202310180542,128.39601274360322
EK202310162786,137.66169797695412
EK202310223059,141.1806644464969
EK202310147692,138.9260209468133
EK202310244440,152.85950144398652
EK202310180779,143.91029843251846
EK202310189325,124.20565898555915
EK202310110924,137.54388340867695
EK202310157687,129.00823500348184
EK202310154799,151.5627022889125
EK202310169628,127.72781560719505
EK202310169107,153.56457168525307
EK202310105506,141.73169399560186
EK202310154969,137.3302249270826
EK202310122511,124.51100702690177
EK202310156453,157.4665806723023
EK202310246928,105.68558232049173
EK202310203362,159.4433474529893
EK202310138843,146.79094691246993
EK202310157857,150.5487050778736
EK202310236705,133.89148402554528
EK202310236064,126.13367890057474
EK202310190655,142.84117994154727
EK202310232773,169.162486440855
EK202310209352,128.17120787178908
EK202310196574,135.82630861552022
EK202310153431,126.62796641884259
EK202310213738,146.76482582677
EK202310159195,160.19685209862413
EK202310192497,124.81693268650702
EK202310179803,130.24991379293778
EK202310122219,142.68692484132055
EK202310121778,156.82918408582108
EK202310240799,140.19515117357494
EK202310186388,144.74425703742895
EK202310227442,142.56050857530806
EK202310236831,140.28844490883972
EK202310146534,146.57001039597975
EK202310108548,137.05952772765642
EK202310127039,128.33933107951617
EK202310239867,145.34707905351152
EK202310140091,159.04281373031873
EK202320007345,152.20842076350314
EK202310181587,129.96107481085278
EK202310183586,164.40387951272072
EK202310161537,160.47359681558467
EK202310221929,148.45734942281243
EK202310115533,131.66115491016043
EK202310245422,128.01530311851977
EK202310134303,137.34637604659693
EK202310206878,139.47333913866487
EK202310143077,139.80799580218942
EK202310187766,135.57213275295115
EK202310233861,160.69010092303031
EK202310145715,137.52849206832758
EK202310186238,134.87056975215728
EK202310168663,129.92892177728856
EK202310230983,125.91577079755726
EK202310139816,145.06587880502192
EK202310206473,132.55598776052895
EK202310153829,142.47667455441035
EK202310182371,159.49971206654683
EK202310173647,143.86038075583465
EK202310114150,138.01890916470083
EK202310242508,142.99399453138585
EK202310203427,163.081666370478
EK202310132984,120.84737062626459
EK202310117793,124.1769625061296
EK202310138841,136.8250648624905
EK202310139058,148.89581656850234
EK202310164995,131.39993188949128
EK202310202198,153.61604296309406
EK202310160037,132.88784790945317
EK202310138091,144.99692682840046
EK202310183753,147.43959765684662
EK202310211184,127.16985322416755
EK202310187233,138.30170974268532
EK202310225971,121.82050858206475
EK202310155927,135.63153461918088
EK202310123628,138.43579302985015
EK202310183593,173.77205784960506
EK202310196797,135.5279341858265
EK202310129620,139.02959176828497
EK202310157287,142.94188471855617
EK202310181152,130.86246843046612
EK202310203161,167.38717238392752
EK202310247889,131.72610502196255
EK202310205874,135.0004977169906
EK202310175828,153.71129241465567
EK202310141292,146.2100679905725
EK202310127480,138.2491425050278
EK202310112716,147.1810032297896
EK202310200229,143.34273554342155
EK202310112035,139.10681841446774
EK202310204257,128.37759474772156
EK202310145471,141.23113758444586
EK202310210409,143.51371022441296
EK202310166832,136.59738844552209
EK202310248711,137.89892031630043
EK202310177732,134.33588196556138
EK202310160771,136.01171358091364
EK202310136073,132.75113316371133
EK202310182269,144.11818468655335
EK202310240985,147.80542051692726
EK202310106392,134.7939846517914
EK202310208908,123.29271991110053
EK202310113165,139.5209660542845
EK202310152602,123.89334366895044
EK202310210636,140.58973110679835
EK202310140721,136.89935711048213
EK202310148290,142.6839729122248
EK202310199880,151.94706959768988
EK202310227144,139.7898963245652
EK202310147589,130.91521179827362
EK202310004177,154.2007677104809
EK202310138763,153.23727775047843
EK202310172464,163.353472767105
EK202310105200,145.51411694205134
EK202310184573,143.67236657221645
EK202310208816,114.66841628398048
EK202310109118,145.3870412303354
EK202310200139,140.12363686470053
EK202310133070,133.514946323739
EK202310122855,157.4818308911009
EK202310233834,139.3862006401371
EK202310209821,146.47902895557107
EK202310124502,138.97518172953662
EK202310187088,153.52985486200544
EK202310133122,159.66267305236954
EK202310004846,143.38751106504253
EK202310147252,128.39714057955717
EK202310175414,118.84317322468269
EK202310181170,132.79116122024465
EK202310004408,136.166821872067
EK202310125748,156.56195459924075
EK202310131440,139.5084254965402
EK202310192559,144.24339113456722
EK202310192910,163.9853084078651
EK202310180784,157.78786046664894
EK202310236540,141.43398000477083
EK202310175339,142.26239410268923
EK202310160527,170.158422839492
EK202310236221,136.47759791778546
EK202310238864,161.0883878425438
EK202310166680,145.18381877594965
EK202310117287,138.35562141071512
EK202310192797,149.03288992384915
EK202310200327,145.29424924211148
EK202310176045,158.34873681583113
EK202310148346,146.21569475642636
EK202310142274,145.19320457534775
EK202310122242,147.80935331669758
EK202310126568,129.18470944211063
EK202310204418,145.55002132578755
EK202310156236,156.21474960950334
EK202310189484,131.35106586380314
EK202310137543,143.96275134457085
EK202320007300,147.877145322931
EK202310198932,141.28648016507915
EK202310108514,139.4488962052912
EK202310219932,143.93246451899083
EK202310132147,154.13459228946647
EK202310227649,166.10809028272084
EK202310224668,138.0362920862471
EK202310156447,147.11824034196397
EK202310210496,139.74227783859203
EK202310152297,146.83015167565995
EK202310187324,141.7753514627912
EK202310247309,121.48311167450314
EK202310190789,145.16564064154704
EK202310199601,142.23462067939863
EK202310239017,138.65749837769908
EK202310106841,126.93246192745018
EK202310182928,129.20068527785426
EK202310204568,149.83377701163045
EK202310243353,151.92607497498236
EK202310123522,135.43680186628524
EK202310162526,148.36506828661086
EK202310214114,164.54795425225228
EK202310197207,163.5284532298454
EK202310232110,132.09172767936946
EK202310179397,168.40094680206536
EK202310155653,131.33232168644997
EK202310004343,123.56634842973388
EK202310192586,154.61683078495042
EK202310186352,143.1701448749057
EK202310124214,144.66443698066374
EK202310228925,120.67381124396124
EK202310112746,153.5462485422761
EK202310158948,159.07442255459122
EK202310210700,128.74608787210946
EK202310164939,146.00475618758858
EK202310183358,173.7606556602605
EK202310144690,141.8908454272871
EK202310206169,153.03035335054457
EK202310107548,150.81320794297633
EK202310213425,145.41995210711735
EK202310127466,128.0789448971556
EK202310215414,176.29561358092408
EK202310113096,116.65399010221029
EK202310177778,142.67769371378685
EK202310225362,138.2268616698179
EK202310164338,157.4737569529526
EK202310247571,168.40588204867242
EK202310126985,121.84227237874977
EK202310226690,152.47136950147933
EK202310122754,136.18141887094345
EK202310114324,140.87687198161382
EK202310162544,168.8924894083112
EK202310185834,138.3922960488514
EK202310147784,135.68218601174084
EK202310122287,146.2720232926276
EK202310169104,160.61538645738182
EK202310212851,166.69399933595597
EK202310004912,160.71933835244525
EK202310122676,148.66204045488308
EK202310241678,149.5245652286399
EK202310235919,142.1890366774822
EK202310200266,151.45923641206932
EK202310229111,136.2859701097204
EK202310143535,153.97188055167155
EK202310132424,130.8121727470239
EK202310150394,147.4177881354074
EK202310121122,151.16028138528964
